# number of rays:      11
# iteration   EID   ray    X              A              Y              B              T              D
         0     0      0  0.0000000E+00  0.0000000E+00  0.0000000E+00  0.0000000E+00  0.0000000E+00  0.0000000E+00
         0     0      1  0.0000000E+00  0.0000000E+00  0.0000000E+00  0.0000000E+00  0.0000000E+00  0.0000000E+00
         0     0      2  0.1000000E-02  0.0000000E+00  0.0000000E+00  0.0000000E+00  0.0000000E+00  0.0000000E+00
         0     0      3  0.1500000E-02  0.0000000E+00  0.0000000E+00  0.0000000E+00  0.0000000E+00  0.0000000E+00
         0     0      4  0.2000000E-02  0.0000000E+00  0.0000000E+00  0.0000000E+00  0.0000000E+00  0.0000000E+00
         0     0      5  0.2500000E-02  0.0000000E+00  0.0000000E+00  0.0000000E+00  0.0000000E+00  0.0000000E+00
         0     0      6  0.3000000E-02  0.0000000E+00  0.0000000E+00  0.0000000E+00  0.0000000E+00  0.0000000E+00
         0     0      7  0.3500000E-02  0.0000000E+00  0.0000000E+00  0.0000000E+00  0.0000000E+00  0.0000000E+00
         0     0      8  0.4000000E-02  0.0000000E+00  0.0000000E+00  0.0000000E+00  0.0000000E+00  0.0000000E+00
         0     0      9  0.4500000E-02  0.0000000E+00  0.0000000E+00  0.0000000E+00  0.0000000E+00  0.0000000E+00
         0     0     10  0.0000000E+00  0.0000000E+00  0.0000000E+00  0.0000000E+00  0.0000000E+00  0.1000000E-02

         1     1      0  0.0000000E+00  0.0000000E+00  0.0000000E+00  0.0000000E+00  0.0000000E+00  0.0000000E+00
         1     1      1  0.0000000E+00  0.0000000E+00  0.0000000E+00  0.0000000E+00  0.0000000E+00  0.0000000E+00
         1     1      2  0.9764423E-03 -0.9385904E-04  0.0000000E+00  0.0000000E+00 -0.1700487E-07  0.0000000E+00
         1     1      3  0.1464663E-02 -0.1407886E-03  0.0000000E+00  0.0000000E+00 -0.3826096E-07  0.0000000E+00
         1     1      4  0.1952885E-02 -0.1877181E-03  0.0000000E+00  0.0000000E+00 -0.6801948E-07  0.0000000E+00
         1     1      5  0.2441106E-02 -0.2346477E-03  0.0000000E+00  0.0000000E+00 -0.1062804E-06  0.0000000E+00
         1     1      6  0.2929327E-02 -0.2815772E-03  0.0000000E+00  0.0000000E+00 -0.1530438E-06  0.0000000E+00
         1     1      7  0.3417548E-02 -0.3285068E-03  0.0000000E+00  0.0000000E+00 -0.2083097E-06  0.0000000E+00
         1     1      8  0.3905769E-02 -0.3754365E-03  0.0000000E+00  0.0000000E+00 -0.2720779E-06  0.0000000E+00
         1     1      9  0.4393990E-02 -0.4223661E-03  0.0000000E+00  0.0000000E+00 -0.3443486E-06  0.0000000E+00
         1     1     10  0.0000000E+00  0.0000000E+00  0.0000000E+00  0.0000000E+00  0.9884948E-04  0.1000000E-02

         1     2      0  0.0000000E+00  0.0000000E+00  0.0000000E+00  0.0000000E+00  0.0000000E+00  0.0000000E+00
         1     2      1  0.0000000E+00  0.0000000E+00  0.0000000E+00  0.0000000E+00  0.0000000E+00  0.0000000E+00
         1     2      2  0.9529775E-03 -0.9385904E-04  0.0000000E+00  0.0000000E+00 -0.1761623E-07  0.0000000E+00
         1     2      3  0.1429466E-02 -0.1407886E-03  0.0000000E+00  0.0000000E+00 -0.3963652E-07  0.0000000E+00
         1     2      4  0.1905955E-02 -0.1877181E-03  0.0000000E+00  0.0000000E+00 -0.7046492E-07  0.0000000E+00
         1     2      5  0.2382444E-02 -0.2346477E-03  0.0000000E+00  0.0000000E+00 -0.1101014E-06  0.0000000E+00
         1     2      6  0.2858933E-02 -0.2815772E-03  0.0000000E+00  0.0000000E+00 -0.1585461E-06  0.0000000E+00
         1     2      7  0.3335421E-02 -0.3285068E-03  0.0000000E+00  0.0000000E+00 -0.2157988E-06  0.0000000E+00
         1     2      8  0.3811910E-02 -0.3754365E-03  0.0000000E+00  0.0000000E+00 -0.2818597E-06  0.0000000E+00
         1     2      9  0.4288399E-02 -0.4223661E-03  0.0000000E+00  0.0000000E+00 -0.3567287E-06  0.0000000E+00
         1     2     10  0.0000000E+00  0.0000000E+00  0.0000000E+00  0.0000000E+00  0.1482742E-03  0.1000000E-02

         1     3      0  0.0000000E+00  0.0000000E+00  0.0000000E+00  0.0000000E+00  0.0000000E+00  0.0000000E+00
         1     3      1  0.0000000E+00  0.0000000E+00  0.0000000E+00  0.0000000E+00  0.0000000E+00  0.0000000E+00
         1     3      2  0.9388987E-03 -0.9385904E-04  0.0000000E+00  0.0000000E+00 -0.1798305E-07  0.0000000E+00
         1     3      3  0.1408348E-02 -0.1407886E-03  0.0000000E+00  0.0000000E+00 -0.4046186E-07  0.0000000E+00
         1     3      4  0.1877797E-02 -0.1877181E-03  0.0000000E+00  0.0000000E+00 -0.7193219E-07  0.0000000E+00
         1     3      5  0.2347247E-02 -0.2346477E-03  0.0000000E+00  0.0000000E+00 -0.1123940E-06  0.0000000E+00
         1     3      6  0.2816696E-02 -0.2815772E-03  0.0000000E+00  0.0000000E+00 -0.1618474E-06  0.0000000E+00
         1     3      7  0.3286145E-02 -0.3285068E-03  0.0000000E+00  0.0000000E+00 -0.2202923E-06  0.0000000E+00
         1     3      8  0.3755594E-02 -0.3754365E-03  0.0000000E+00  0.0000000E+00 -0.2877288E-06  0.0000000E+00
         1     3      9  0.4225044E-02 -0.4223661E-03  0.0000000E+00  0.0000000E+00 -0.3641567E-06  0.0000000E+00
         1     3     10  0.0000000E+00  0.0000000E+00  0.0000000E+00  0.0000000E+00  0.1779291E-03  0.1000000E-02

         1     4      0  0.0000000E+00  0.0000000E+00  0.0000000E+00  0.0000000E+00  0.0000000E+00  0.0000000E+00
         1     4      1  0.0000000E+00  0.0000000E+00  0.0000000E+00  0.0000000E+00  0.0000000E+00  0.0000000E+00
         1     4      2  0.9154339E-03 -0.9385904E-04  0.0000000E+00  0.0000000E+00 -0.1859441E-07  0.0000000E+00
         1     4      3  0.1373151E-02 -0.1407886E-03  0.0000000E+00  0.0000000E+00 -0.4183742E-07  0.0000000E+00
         1     4      4  0.1830868E-02 -0.1877181E-03  0.0000000E+00  0.0000000E+00 -0.7437763E-07  0.0000000E+00
         1     4      5  0.2288585E-02 -0.2346477E-03  0.0000000E+00  0.0000000E+00 -0.1162150E-06  0.0000000E+00
         1     4      6  0.2746302E-02 -0.2815772E-03  0.0000000E+00  0.0000000E+00 -0.1673497E-06  0.0000000E+00
         1     4      7  0.3204018E-02 -0.3285068E-03  0.0000000E+00  0.0000000E+00 -0.2277815E-06  0.0000000E+00
         1     4      8  0.3661735E-02 -0.3754365E-03  0.0000000E+00  0.0000000E+00 -0.2975106E-06  0.0000000E+00
         1     4      9  0.4119452E-02 -0.4223661E-03  0.0000000E+00  0.0000000E+00 -0.3765368E-06  0.0000000E+00
         1     4     10  0.0000000E+00  0.0000000E+00  0.0000000E+00  0.0000000E+00  0.2273538E-03  0.1000000E-02

         1     5      0  0.0000000E+00  0.0000000E+00  0.0000000E+00  0.0000000E+00  0.0000000E+00  0.0000000E+00
         1     5      1  0.0000000E+00  0.0000000E+00  0.0000000E+00  0.0000000E+00  0.0000000E+00  0.0000000E+00
         1     5      2  0.4757044E-03 -0.9385904E-04  0.0000000E+00  0.0000000E+00 -0.3005129E-07  0.0000000E+00
         1     5      3  0.7135565E-03 -0.1407886E-03  0.0000000E+00  0.0000000E+00 -0.6761542E-07  0.0000000E+00
         1     5      4  0.9514085E-03 -0.1877181E-03  0.0000000E+00  0.0000000E+00 -0.1202052E-06  0.0000000E+00
         1     5      5  0.1189260E-02 -0.2346477E-03  0.0000000E+00  0.0000000E+00 -0.1878206E-06  0.0000000E+00
         1     5      6  0.1427112E-02 -0.2815772E-03  0.0000000E+00  0.0000000E+00 -0.2704618E-06  0.0000000E+00
         1     5      7  0.1664964E-02 -0.3285068E-03  0.0000000E+00  0.0000000E+00 -0.3681286E-06  0.0000000E+00
         1     5      8  0.1902815E-02 -0.3754365E-03  0.0000000E+00  0.0000000E+00 -0.4808211E-06  0.0000000E+00
         1     5      9  0.2140666E-02 -0.4223661E-03  0.0000000E+00  0.0000000E+00 -0.6085393E-06  0.0000000E+00
         1     5     10  0.0000000E+00  0.0000000E+00  0.0000000E+00  0.0000000E+00  0.1153573E-02  0.1000000E-02

         1     6      0  0.0000000E+00  0.0000000E+00  0.0000000E+00  0.0000000E+00  0.0000000E+00  0.0000000E+00
         1     6      1  0.0000000E+00  0.0000000E+00  0.0000000E+00  0.0000000E+00  0.0000000E+00  0.0000000E+00
         1     6      2  0.4522396E-03 -0.9385904E-04  0.0000000E+00  0.0000000E+00 -0.3066265E-07  0.0000000E+00
         1     6      3  0.6783593E-03 -0.1407886E-03  0.0000000E+00  0.0000000E+00 -0.6899098E-07  0.0000000E+00
         1     6      4  0.9044790E-03 -0.1877181E-03  0.0000000E+00  0.0000000E+00 -0.1226506E-06  0.0000000E+00
         1     6      5  0.1130598E-02 -0.2346477E-03  0.0000000E+00  0.0000000E+00 -0.1916416E-06  0.0000000E+00
         1     6      6  0.1356718E-02 -0.2815772E-03  0.0000000E+00  0.0000000E+00 -0.2759640E-06  0.0000000E+00
         1     6      7  0.1582837E-02 -0.3285068E-03  0.0000000E+00  0.0000000E+00 -0.3756177E-06  0.0000000E+00
         1     6      8  0.1808956E-02 -0.3754365E-03  0.0000000E+00  0.0000000E+00 -0.4906029E-06  0.0000000E+00
         1     6      9  0.2035075E-02 -0.4223661E-03  0.0000000E+00  0.0000000E+00 -0.6209194E-06  0.0000000E+00
         1     6     10  0.0000000E+00  0.0000000E+00  0.0000000E+00  0.0000000E+00  0.1202998E-02  0.1000000E-02

         1     7      0  0.0000000E+00  0.0000000E+00  0.0000000E+00  0.0000000E+00  0.0000000E+00  0.0000000E+00
         1     7      1  0.0000000E+00  0.0000000E+00  0.0000000E+00  0.0000000E+00  0.0000000E+00  0.0000000E+00
         1     7      2  0.4381607E-03 -0.9385904E-04  0.0000000E+00  0.0000000E+00 -0.3102947E-07  0.0000000E+00
         1     7      3  0.6572410E-03 -0.1407886E-03  0.0000000E+00  0.0000000E+00 -0.6981631E-07  0.0000000E+00
         1     7      4  0.8763212E-03 -0.1877181E-03  0.0000000E+00  0.0000000E+00 -0.1241179E-06  0.0000000E+00
         1     7      5  0.1095401E-02 -0.2346477E-03  0.0000000E+00  0.0000000E+00 -0.1939342E-06  0.0000000E+00
         1     7      6  0.1314481E-02 -0.2815772E-03  0.0000000E+00  0.0000000E+00 -0.2792654E-06  0.0000000E+00
         1     7      7  0.1533561E-02 -0.3285068E-03  0.0000000E+00  0.0000000E+00 -0.3801113E-06  0.0000000E+00
         1     7      8  0.1752641E-02 -0.3754365E-03  0.0000000E+00  0.0000000E+00 -0.4964719E-06  0.0000000E+00
         1     7      9  0.1971720E-02 -0.4223661E-03  0.0000000E+00  0.0000000E+00 -0.6283474E-06  0.0000000E+00
         1     7     10  0.0000000E+00  0.0000000E+00  0.0000000E+00  0.0000000E+00  0.1232653E-02  0.1000000E-02

         1     8      0  0.0000000E+00  0.0000000E+00  0.0000000E+00  0.0000000E+00  0.0000000E+00  0.0000000E+00
         1     8      1  0.0000000E+00  0.0000000E+00  0.0000000E+00  0.0000000E+00  0.0000000E+00  0.0000000E+00
         1     8      2  0.4146960E-03 -0.9385904E-04  0.0000000E+00  0.0000000E+00 -0.3164083E-07  0.0000000E+00
         1     8      3  0.6220439E-03 -0.1407886E-03  0.0000000E+00  0.0000000E+00 -0.7119187E-07  0.0000000E+00
         1     8      4  0.8293917E-03 -0.1877181E-03  0.0000000E+00  0.0000000E+00 -0.1265633E-06  0.0000000E+00
         1     8      5  0.1036739E-02 -0.2346477E-03  0.0000000E+00  0.0000000E+00 -0.1977553E-06  0.0000000E+00
         1     8      6  0.1244087E-02 -0.2815772E-03  0.0000000E+00  0.0000000E+00 -0.2847676E-06  0.0000000E+00
         1     8      7  0.1451434E-02 -0.3285068E-03  0.0000000E+00  0.0000000E+00 -0.3876004E-06  0.0000000E+00
         1     8      8  0.1658782E-02 -0.3754365E-03  0.0000000E+00  0.0000000E+00 -0.5062537E-06  0.0000000E+00
         1     8      9  0.1866128E-02 -0.4223661E-03  0.0000000E+00  0.0000000E+00 -0.6407275E-06  0.0000000E+00
         1     8     10  0.0000000E+00  0.0000000E+00  0.0000000E+00  0.0000000E+00  0.1282078E-02  0.1000000E-02

         1     9      0  0.0000000E+00  0.0000000E+00  0.0000000E+00  0.0000000E+00  0.0000000E+00  0.0000000E+00
         1     9      1  0.0000000E+00  0.0000000E+00  0.0000000E+00  0.0000000E+00  0.0000000E+00  0.0000000E+00
         1     9      2  0.3762586E-03 -0.6043327E-04  0.0000000E+00  0.0000000E+00 -0.3012479E-07  0.0000000E+00
         1     9      3  0.5643879E-03 -0.9064992E-04  0.0000000E+00  0.0000000E+00 -0.6778079E-07  0.0000000E+00
         1     9      4  0.7525170E-03 -0.1208666E-03  0.0000000E+00  0.0000000E+00 -0.1204992E-06  0.0000000E+00
         1     9      5  0.9406460E-03 -0.1510833E-03  0.0000000E+00  0.0000000E+00 -0.1882800E-06  0.0000000E+00
         1     9      6  0.1128775E-02 -0.1813000E-03  0.0000000E+00  0.0000000E+00 -0.2711233E-06  0.0000000E+00
         1     9      7  0.1316904E-02 -0.2115168E-03  0.0000000E+00  0.0000000E+00 -0.3690290E-06  0.0000000E+00
         1     9      8  0.1505032E-02 -0.2417336E-03  0.0000000E+00  0.0000000E+00 -0.4819972E-06  0.0000000E+00
         1     9      9  0.1693160E-02 -0.2719505E-03  0.0000000E+00  0.0000000E+00 -0.6100280E-06  0.0000000E+00
         1     9     10  0.0000000E+00  0.0000000E+00  0.0000000E+00  0.0000000E+00  0.1380927E-02  0.1000000E-02

         1    10      0  0.0000000E+00  0.0000000E+00  0.0000000E+00  0.0000000E+00  0.0000000E+00  0.0000000E+00
         1    10      1  0.0000000E+00  0.0000000E+00  0.0000000E+00  0.0000000E+00  0.0000000E+00  0.0000000E+00
         1    10      2  0.3528162E-03 -0.3362455E-04  0.0000000E+00  0.0000000E+00 -0.2870144E-07  0.0000000E+00
         1    10      3  0.5292242E-03 -0.5043685E-04  0.0000000E+00  0.0000000E+00 -0.6457825E-07  0.0000000E+00
         1    10      4  0.7056321E-03 -0.6724918E-04  0.0000000E+00  0.0000000E+00 -0.1148058E-06  0.0000000E+00
         1    10      5  0.8820399E-03 -0.8406155E-04  0.0000000E+00  0.0000000E+00 -0.1793841E-06  0.0000000E+00
         1    10      6  0.1058447E-02 -0.1008740E-03  0.0000000E+00  0.0000000E+00 -0.2583132E-06  0.0000000E+00
         1    10      7  0.1234855E-02 -0.1176864E-03  0.0000000E+00  0.0000000E+00 -0.3515930E-06  0.0000000E+00
         1    10      8  0.1411262E-02 -0.1344990E-03  0.0000000E+00  0.0000000E+00 -0.4592237E-06  0.0000000E+00
         1    10      9  0.1587669E-02 -0.1513116E-03  0.0000000E+00  0.0000000E+00 -0.5812053E-06  0.0000000E+00
         1    10     10  0.0000000E+00  0.0000000E+00  0.0000000E+00  0.0000000E+00  0.1479777E-02  0.1000000E-02

         1    11      0  0.0000000E+00  0.0000000E+00  0.0000000E+00  0.0000000E+00  0.0000000E+00  0.0000000E+00
         1    11      1  0.0000000E+00  0.0000000E+00  0.0000000E+00  0.0000000E+00  0.0000000E+00  0.0000000E+00
         1    11      2  0.3444101E-03 -0.3362455E-04  0.0000000E+00  0.0000000E+00 -0.2877990E-07  0.0000000E+00
         1    11      3  0.5166150E-03 -0.5043685E-04  0.0000000E+00  0.0000000E+00 -0.6475479E-07  0.0000000E+00
         1    11      4  0.6888198E-03 -0.6724918E-04  0.0000000E+00  0.0000000E+00 -0.1151196E-06  0.0000000E+00
         1    11      5  0.8610245E-03 -0.8406155E-04  0.0000000E+00  0.0000000E+00 -0.1798745E-06  0.0000000E+00
         1    11      6  0.1033229E-02 -0.1008740E-03  0.0000000E+00  0.0000000E+00 -0.2590193E-06  0.0000000E+00
         1    11      7  0.1205433E-02 -0.1176864E-03  0.0000000E+00  0.0000000E+00 -0.3525542E-06  0.0000000E+00
         1    11      8  0.1377637E-02 -0.1344990E-03  0.0000000E+00  0.0000000E+00 -0.4604791E-06  0.0000000E+00
         1    11      9  0.1549841E-02 -0.1513116E-03  0.0000000E+00  0.0000000E+00 -0.5827942E-06  0.0000000E+00
         1    11     10  0.0000000E+00  0.0000000E+00  0.0000000E+00  0.0000000E+00  0.1529201E-02  0.1000000E-02

         1    12      0  0.0000000E+00  0.0000000E+00  0.0000000E+00  0.0000000E+00  0.0000000E+00  0.0000000E+00
         1    12      1  0.0000000E+00  0.0000000E+00  0.0000000E+00  0.0000000E+00  0.0000000E+00  0.0000000E+00
         1    12      2  0.3393664E-03 -0.3362455E-04  0.0000000E+00  0.0000000E+00 -0.2882698E-07  0.0000000E+00
         1    12      3  0.5090495E-03 -0.5043685E-04  0.0000000E+00  0.0000000E+00 -0.6486071E-07  0.0000000E+00
         1    12      4  0.6787324E-03 -0.6724918E-04  0.0000000E+00  0.0000000E+00 -0.1153079E-06  0.0000000E+00
         1    12      5  0.8484152E-03 -0.8406155E-04  0.0000000E+00  0.0000000E+00 -0.1801687E-06  0.0000000E+00
         1    12      6  0.1018098E-02 -0.1008740E-03  0.0000000E+00  0.0000000E+00 -0.2594430E-06  0.0000000E+00
         1    12      7  0.1187780E-02 -0.1176864E-03  0.0000000E+00  0.0000000E+00 -0.3531309E-06  0.0000000E+00
         1    12      8  0.1357462E-02 -0.1344990E-03  0.0000000E+00  0.0000000E+00 -0.4612324E-06  0.0000000E+00
         1    12      9  0.1527144E-02 -0.1513116E-03  0.0000000E+00  0.0000000E+00 -0.5837475E-06  0.0000000E+00
         1    12     10  0.0000000E+00  0.0000000E+00  0.0000000E+00  0.0000000E+00  0.1558856E-02  0.1000000E-02

         1    13      0  0.0000000E+00  0.0000000E+00  0.0000000E+00  0.0000000E+00  0.0000000E+00  0.0000000E+00
         1    13      1  0.0000000E+00  0.0000000E+00  0.0000000E+00  0.0000000E+00  0.0000000E+00  0.0000000E+00
         1    13      2  0.3309602E-03 -0.3362455E-04  0.0000000E+00  0.0000000E+00 -0.2890544E-07  0.0000000E+00
         1    13      3  0.4964403E-03 -0.5043685E-04  0.0000000E+00  0.0000000E+00 -0.6503725E-07  0.0000000E+00
         1    13      4  0.6619201E-03 -0.6724918E-04  0.0000000E+00  0.0000000E+00 -0.1156218E-06  0.0000000E+00
         1    13      5  0.8273999E-03 -0.8406155E-04  0.0000000E+00  0.0000000E+00 -0.1806591E-06  0.0000000E+00
         1    13      6  0.9928794E-03 -0.1008740E-03  0.0000000E+00  0.0000000E+00 -0.2601492E-06  0.0000000E+00
         1    13      7  0.1158359E-02 -0.1176864E-03  0.0000000E+00  0.0000000E+00 -0.3540921E-06  0.0000000E+00
         1    13      8  0.1323838E-02 -0.1344990E-03  0.0000000E+00  0.0000000E+00 -0.4624878E-06  0.0000000E+00
         1    13      9  0.1489316E-02 -0.1513116E-03  0.0000000E+00  0.0000000E+00 -0.5853364E-06  0.0000000E+00
         1    13     10  0.0000000E+00  0.0000000E+00  0.0000000E+00  0.0000000E+00  0.1608281E-02  0.1000000E-02

         1    14      0  0.0000000E+00  0.0000000E+00  0.0000000E+00  0.0000000E+00  0.0000000E+00  0.0000000E+00
         1    14      1  0.0000000E+00  0.0000000E+00  0.0000000E+00  0.0000000E+00  0.0000000E+00  0.0000000E+00
         1    14      2  0.1698255E-03 -0.3501334E-04  0.0000000E+00  0.0000000E+00 -0.2877439E-04  0.0000000E+00
         1    14      3  0.2547362E-03 -0.5252014E-04  0.0000000E+00  0.0000000E+00 -0.4318441E-04  0.0000000E+00
         1    14      4  0.3396454E-03 -0.7002705E-04  0.0000000E+00  0.0000000E+00 -0.5760963E-04  0.0000000E+00
         1    14      5  0.4245529E-03 -0.8753406E-04  0.0000000E+00  0.0000000E+00 -0.7205004E-04  0.0000000E+00
         1    14      6  0.5094588E-03 -0.1050412E-03  0.0000000E+00  0.0000000E+00 -0.8650565E-04  0.0000000E+00
         1    14      7  0.5943629E-03 -0.1225484E-03  0.0000000E+00  0.0000000E+00 -0.1009764E-03  0.0000000E+00
         1    14      8  0.6792651E-03 -0.1400558E-03  0.0000000E+00  0.0000000E+00 -0.1154624E-03  0.0000000E+00
         1    14      9  0.7641654E-03 -0.1575634E-03  0.0000000E+00  0.0000000E+00 -0.1299635E-03  0.0000000E+00
         1    14     10  0.2674838E-03  0.1140030E-03  0.0000000E+00  0.0000000E+00  0.2524282E-02  0.1000000E-02

         1    15      0  0.0000000E+00  0.0000000E+00  0.0000000E+00  0.0000000E+00  0.0000000E+00  0.0000000E+00
         1    15      1  0.0000000E+00  0.0000000E+00  0.0000000E+00  0.0000000E+00  0.0000000E+00  0.0000000E+00
         1    15      2  0.1610722E-03 -0.3501334E-04  0.0000000E+00  0.0000000E+00 -0.2877448E-04  0.0000000E+00
         1    15      3  0.2416062E-03 -0.5252014E-04  0.0000000E+00  0.0000000E+00 -0.4318460E-04  0.0000000E+00
         1    15      4  0.3221386E-03 -0.7002705E-04  0.0000000E+00  0.0000000E+00 -0.5760997E-04  0.0000000E+00
         1    15      5  0.4026694E-03 -0.8753406E-04  0.0000000E+00  0.0000000E+00 -0.7205057E-04  0.0000000E+00
         1    15      6  0.4831985E-03 -0.1050412E-03  0.0000000E+00  0.0000000E+00 -0.8650641E-04  0.0000000E+00
         1    15      7  0.5637258E-03 -0.1225484E-03  0.0000000E+00  0.0000000E+00 -0.1009775E-03  0.0000000E+00
         1    15      8  0.6442512E-03 -0.1400558E-03  0.0000000E+00  0.0000000E+00 -0.1154638E-03  0.0000000E+00
         1    15      9  0.7247746E-03 -0.1575634E-03  0.0000000E+00  0.0000000E+00 -0.1299652E-03  0.0000000E+00
         1    15     10  0.2959688E-03  0.1140030E-03  0.0000000E+00  0.0000000E+00  0.2573706E-02  0.1000000E-02

         1    16      0  0.0000000E+00  0.0000000E+00  0.0000000E+00  0.0000000E+00  0.0000000E+00  0.0000000E+00
         1    16      1  0.0000000E+00  0.0000000E+00  0.0000000E+00  0.0000000E+00  0.0000000E+00  0.0000000E+00
         1    16      2  0.1558202E-03 -0.3501334E-04  0.0000000E+00  0.0000000E+00 -0.2877453E-04  0.0000000E+00
         1    16      3  0.2337281E-03 -0.5252014E-04  0.0000000E+00  0.0000000E+00 -0.4318471E-04  0.0000000E+00
         1    16      4  0.3116345E-03 -0.7002705E-04  0.0000000E+00  0.0000000E+00 -0.5761017E-04  0.0000000E+00
         1    16      5  0.3895393E-03 -0.8753406E-04  0.0000000E+00  0.0000000E+00 -0.7205089E-04  0.0000000E+00
         1    16      6  0.4674423E-03 -0.1050412E-03  0.0000000E+00  0.0000000E+00 -0.8650687E-04  0.0000000E+00
         1    16      7  0.5453435E-03 -0.1225484E-03  0.0000000E+00  0.0000000E+00 -0.1009781E-03  0.0000000E+00
         1    16      8  0.6232428E-03 -0.1400558E-03  0.0000000E+00  0.0000000E+00 -0.1154646E-03  0.0000000E+00
         1    16      9  0.7011401E-03 -0.1575634E-03  0.0000000E+00  0.0000000E+00 -0.1299663E-03  0.0000000E+00
         1    16     10  0.3130597E-03  0.1140030E-03  0.0000000E+00  0.0000000E+00  0.2603360E-02  0.1000000E-02

         1    17      0  0.0000000E+00  0.0000000E+00  0.0000000E+00  0.0000000E+00  0.0000000E+00  0.0000000E+00
         1    17      1  0.0000000E+00  0.0000000E+00  0.0000000E+00  0.0000000E+00  0.0000000E+00  0.0000000E+00
         1    17      2  0.1470669E-03 -0.3501334E-04  0.0000000E+00  0.0000000E+00 -0.2877461E-04  0.0000000E+00
         1    17      3  0.2205981E-03 -0.5252014E-04  0.0000000E+00  0.0000000E+00 -0.4318491E-04  0.0000000E+00
         1    17      4  0.2941278E-03 -0.7002705E-04  0.0000000E+00  0.0000000E+00 -0.5761051E-04  0.0000000E+00
         1    17      5  0.3676558E-03 -0.8753406E-04  0.0000000E+00  0.0000000E+00 -0.7205143E-04  0.0000000E+00
         1    17      6  0.4411820E-03 -0.1050412E-03  0.0000000E+00  0.0000000E+00 -0.8650764E-04  0.0000000E+00
         1    17      7  0.5147064E-03 -0.1225484E-03  0.0000000E+00  0.0000000E+00 -0.1009791E-03  0.0000000E+00
         1    17      8  0.5882288E-03 -0.1400558E-03  0.0000000E+00  0.0000000E+00 -0.1154659E-03  0.0000000E+00
         1    17      9  0.6617492E-03 -0.1575634E-03  0.0000000E+00  0.0000000E+00 -0.1299680E-03  0.0000000E+00
         1    17     10  0.3415447E-03  0.1140030E-03  0.0000000E+00  0.0000000E+00  0.2652784E-02  0.1000000E-02

         1    18      0  0.0000000E+00  0.0000000E+00  0.0000000E+00  0.0000000E+00  0.0000000E+00  0.0000000E+00
         1    18      1  0.0000000E+00  0.0000000E+00  0.0000000E+00  0.0000000E+00  0.0000000E+00  0.0000000E+00
         1    18      2  0.1267131E-03 -0.4612698E-04  0.0000000E+00  0.0000000E+00 -0.2877512E-04  0.0000000E+00
         1    18      3  0.1900675E-03 -0.6919042E-04  0.0000000E+00  0.0000000E+00 -0.4318604E-04  0.0000000E+00
         1    18      4  0.2534202E-03 -0.9225383E-04  0.0000000E+00  0.0000000E+00 -0.5761253E-04  0.0000000E+00
         1    18      5  0.3167713E-03 -0.1153172E-03  0.0000000E+00  0.0000000E+00 -0.7205458E-04  0.0000000E+00
         1    18      6  0.3801206E-03 -0.1383806E-03  0.0000000E+00  0.0000000E+00 -0.8651217E-04  0.0000000E+00
         1    18      7  0.4434680E-03 -0.1614439E-03  0.0000000E+00  0.0000000E+00 -0.1009853E-03  0.0000000E+00
         1    18      8  0.5068134E-03 -0.1845072E-03  0.0000000E+00  0.0000000E+00 -0.1154740E-03  0.0000000E+00
         1    18      9  0.5701567E-03 -0.2075705E-03  0.0000000E+00  0.0000000E+00 -0.1299782E-03  0.0000000E+00
         1    18     10  0.3912522E-03  0.8426706E-04  0.0000000E+00  0.0000000E+00  0.2751630E-02  0.1000000E-02

         1    19      0  0.0000000E+00  0.0000000E+00  0.0000000E+00  0.0000000E+00  0.0000000E+00  0.0000000E+00
         1    19      1  0.0000000E+00  0.0000000E+00  0.0000000E+00  0.0000000E+00  0.0000000E+00  0.0000000E+00
         1    19      2  0.1012503E-03 -0.5538077E-04  0.0000000E+00  0.0000000E+00 -0.2877567E-04  0.0000000E+00
         1    19      3  0.1518733E-03 -0.8307093E-04  0.0000000E+00  0.0000000E+00 -0.4318728E-04  0.0000000E+00
         1    19      4  0.2024947E-03 -0.1107609E-03  0.0000000E+00  0.0000000E+00 -0.5761473E-04  0.0000000E+00
         1    19      5  0.2531145E-03 -0.1384508E-03  0.0000000E+00  0.0000000E+00 -0.7205801E-04  0.0000000E+00
         1    19      6  0.3037326E-03 -0.1661404E-03  0.0000000E+00  0.0000000E+00 -0.8651713E-04  0.0000000E+00
         1    19      7  0.3543488E-03 -0.1938299E-03  0.0000000E+00  0.0000000E+00 -0.1009921E-03  0.0000000E+00
         1    19      8  0.4049632E-03 -0.2215193E-03  0.0000000E+00  0.0000000E+00 -0.1154828E-03  0.0000000E+00
         1    19      9  0.4555754E-03 -0.2492084E-03  0.0000000E+00  0.0000000E+00 -0.1299893E-03  0.0000000E+00
         1    19     10  0.4251988E-03  0.5113651E-04  0.0000000E+00  0.0000000E+00  0.2850477E-02  0.1000000E-02

         1    20      0  0.0000000E+00  0.0000000E+00  0.0000000E+00  0.0000000E+00  0.0000000E+00  0.0000000E+00
         1    20      1  0.0000000E+00  0.0000000E+00  0.0000000E+00  0.0000000E+00  0.0000000E+00  0.0000000E+00
         1    20      2  0.8740509E-04 -0.5538077E-04  0.0000000E+00  0.0000000E+00 -0.2877588E-04  0.0000000E+00
         1    20      3  0.1311055E-03 -0.8307093E-04  0.0000000E+00  0.0000000E+00 -0.4318776E-04  0.0000000E+00
         1    20      4  0.1748045E-03 -0.1107609E-03  0.0000000E+00  0.0000000E+00 -0.5761558E-04  0.0000000E+00
         1    20      5  0.2185018E-03 -0.1384508E-03  0.0000000E+00  0.0000000E+00 -0.7205934E-04  0.0000000E+00
         1    20      6  0.2621975E-03 -0.1661404E-03  0.0000000E+00  0.0000000E+00 -0.8651904E-04  0.0000000E+00
         1    20      7  0.3058914E-03 -0.1938299E-03  0.0000000E+00  0.0000000E+00 -0.1009947E-03  0.0000000E+00
         1    20      8  0.3495833E-03 -0.2215193E-03  0.0000000E+00  0.0000000E+00 -0.1154862E-03  0.0000000E+00
         1    20      9  0.3932733E-03 -0.2492084E-03  0.0000000E+00  0.0000000E+00 -0.1299937E-03  0.0000000E+00
         1    20     10  0.4379758E-03  0.5113651E-04  0.0000000E+00  0.0000000E+00  0.2899901E-02  0.1000000E-02

         1    21      0  0.0000000E+00  0.0000000E+00  0.0000000E+00  0.0000000E+00  0.0000000E+00  0.0000000E+00
         1    21      1  0.0000000E+00  0.0000000E+00  0.0000000E+00  0.0000000E+00  0.0000000E+00  0.0000000E+00
         1    21      2  0.7909797E-04 -0.5538077E-04  0.0000000E+00  0.0000000E+00 -0.2877601E-04  0.0000000E+00
         1    21      3  0.1186449E-03 -0.8307093E-04  0.0000000E+00  0.0000000E+00 -0.4318804E-04  0.0000000E+00
         1    21      4  0.1581904E-03 -0.1107609E-03  0.0000000E+00  0.0000000E+00 -0.5761609E-04  0.0000000E+00
         1    21      5  0.1977342E-03 -0.1384508E-03  0.0000000E+00  0.0000000E+00 -0.7206014E-04  0.0000000E+00
         1    21      6  0.2372764E-03 -0.1661404E-03  0.0000000E+00  0.0000000E+00 -0.8652019E-04  0.0000000E+00
         1    21      7  0.2768169E-03 -0.1938299E-03  0.0000000E+00  0.0000000E+00 -0.1009962E-03  0.0000000E+00
         1    21      8  0.3163555E-03 -0.2215193E-03  0.0000000E+00  0.0000000E+00 -0.1154882E-03  0.0000000E+00
         1    21      9  0.3558921E-03 -0.2492084E-03  0.0000000E+00  0.0000000E+00 -0.1299962E-03  0.0000000E+00
         1    21     10  0.4456420E-03  0.5113651E-04  0.0000000E+00  0.0000000E+00  0.2929556E-02  0.1000000E-02

         1    22      0  0.0000000E+00  0.0000000E+00  0.0000000E+00  0.0000000E+00  0.0000000E+00  0.0000000E+00
         1    22      1  0.0000000E+00  0.0000000E+00  0.0000000E+00  0.0000000E+00  0.0000000E+00  0.0000000E+00
         1    22      2  0.6525278E-04 -0.5538077E-04  0.0000000E+00  0.0000000E+00 -0.2877622E-04  0.0000000E+00
         1    22      3  0.9787718E-04 -0.8307093E-04  0.0000000E+00  0.0000000E+00 -0.4318852E-04  0.0000000E+00
         1    22      4  0.1305001E-03 -0.1107609E-03  0.0000000E+00  0.0000000E+00 -0.5761694E-04  0.0000000E+00
         1    22      5  0.1631215E-03 -0.1384508E-03  0.0000000E+00  0.0000000E+00 -0.7206147E-04  0.0000000E+00
         1    22      6  0.1957413E-03 -0.1661404E-03  0.0000000E+00  0.0000000E+00 -0.8652211E-04  0.0000000E+00
         1    22      7  0.2283594E-03 -0.1938299E-03  0.0000000E+00  0.0000000E+00 -0.1009988E-03  0.0000000E+00
         1    22      8  0.2609756E-03 -0.2215193E-03  0.0000000E+00  0.0000000E+00 -0.1154917E-03  0.0000000E+00
         1    22      9  0.2935900E-03 -0.2492084E-03  0.0000000E+00  0.0000000E+00 -0.1300005E-03  0.0000000E+00
         1    22     10  0.4584191E-03  0.5113651E-04  0.0000000E+00  0.0000000E+00  0.2978980E-02  0.1000000E-02

         1    23      0  0.0000000E+00  0.0000000E+00  0.0000000E+00  0.0000000E+00  0.0000000E+00  0.0000000E+00
         1    23      1  0.0000000E+00  0.0000000E+00  0.0000000E+00  0.0000000E+00  0.0000000E+00  0.0000000E+00
         1    23      2 -0.1939305E-03 -0.5502434E-04  0.0000000E+00  0.0000000E+00 -0.2139444E-04  0.0000000E+00
         1    23      3 -0.2908967E-03 -0.8253656E-04  0.0000000E+00  0.0000000E+00 -0.3211868E-04  0.0000000E+00
         1    23      4 -0.3878635E-03 -0.1100488E-03  0.0000000E+00  0.0000000E+00 -0.4286090E-04  0.0000000E+00
         1    23      5 -0.4848312E-03 -0.1375611E-03  0.0000000E+00  0.0000000E+00 -0.5362109E-04  0.0000000E+00
         1    23      6 -0.5817997E-03 -0.1650734E-03  0.0000000E+00  0.0000000E+00 -0.6439924E-04  0.0000000E+00
         1    23      7 -0.6787690E-03 -0.1925857E-03  0.0000000E+00  0.0000000E+00 -0.7519533E-04  0.0000000E+00
         1    23      8 -0.7757393E-03 -0.2200980E-03  0.0000000E+00  0.0000000E+00 -0.8600934E-04  0.0000000E+00
         1    23      9 -0.8727106E-03 -0.2476103E-03  0.0000000E+00  0.0000000E+00 -0.9684126E-04  0.0000000E+00
         1    23     10  0.9584066E-03  0.1619543E-03  0.0000000E+00  0.0000000E+00  0.3829058E-02  0.1000000E-02

         1    24      0  0.0000000E+00  0.0000000E+00  0.0000000E+00  0.0000000E+00  0.0000000E+00  0.0000000E+00
         1    24      1  0.0000000E+00  0.0000000E+00  0.0000000E+00  0.0000000E+00  0.0000000E+00  0.0000000E+00
         1    24      2 -0.2076866E-03 -0.5502434E-04  0.0000000E+00  0.0000000E+00 -0.2139465E-04  0.0000000E+00
         1    24      3 -0.3115308E-03 -0.8253656E-04  0.0000000E+00  0.0000000E+00 -0.3211915E-04  0.0000000E+00
         1    24      4 -0.4153758E-03 -0.1100488E-03  0.0000000E+00  0.0000000E+00 -0.4286174E-04  0.0000000E+00
         1    24      5 -0.5192215E-03 -0.1375611E-03  0.0000000E+00  0.0000000E+00 -0.5362241E-04  0.0000000E+00
         1    24      6 -0.6230680E-03 -0.1650734E-03  0.0000000E+00  0.0000000E+00 -0.6440113E-04  0.0000000E+00
         1    24      7 -0.7269154E-03 -0.1925857E-03  0.0000000E+00  0.0000000E+00 -0.7519790E-04  0.0000000E+00
         1    24      8 -0.8307638E-03 -0.2200980E-03  0.0000000E+00  0.0000000E+00 -0.8601270E-04  0.0000000E+00
         1    24      9 -0.9346132E-03 -0.2476103E-03  0.0000000E+00  0.0000000E+00 -0.9684551E-04  0.0000000E+00
         1    24     10  0.9988727E-03  0.1619543E-03  0.0000000E+00  0.0000000E+00  0.3878481E-02  0.1000000E-02

         1    25      0  0.0000000E+00  0.0000000E+00  0.0000000E+00  0.0000000E+00  0.0000000E+00  0.0000000E+00
         1    25      1  0.0000000E+00  0.0000000E+00  0.0000000E+00  0.0000000E+00  0.0000000E+00  0.0000000E+00
         1    25      2 -0.2159402E-03 -0.5502434E-04  0.0000000E+00  0.0000000E+00 -0.2139478E-04  0.0000000E+00
         1    25      3 -0.3239113E-03 -0.8253656E-04  0.0000000E+00  0.0000000E+00 -0.3211943E-04  0.0000000E+00
         1    25      4 -0.4318831E-03 -0.1100488E-03  0.0000000E+00  0.0000000E+00 -0.4286224E-04  0.0000000E+00
         1    25      5 -0.5398556E-03 -0.1375611E-03  0.0000000E+00  0.0000000E+00 -0.5362319E-04  0.0000000E+00
         1    25      6 -0.6478290E-03 -0.1650734E-03  0.0000000E+00  0.0000000E+00 -0.6440227E-04  0.0000000E+00
         1    25      7 -0.7558033E-03 -0.1925857E-03  0.0000000E+00  0.0000000E+00 -0.7519945E-04  0.0000000E+00
         1    25      8 -0.8637785E-03 -0.2200980E-03  0.0000000E+00  0.0000000E+00 -0.8601472E-04  0.0000000E+00
         1    25      9 -0.9717548E-03 -0.2476103E-03  0.0000000E+00  0.0000000E+00 -0.9684807E-04  0.0000000E+00
         1    25     10  0.1023152E-02  0.1619543E-03  0.0000000E+00  0.0000000E+00  0.3908135E-02  0.1000000E-02

         1    26      0  0.0000000E+00  0.0000000E+00  0.0000000E+00  0.0000000E+00  0.0000000E+00  0.0000000E+00
         1    26      1  0.0000000E+00  0.0000000E+00  0.0000000E+00  0.0000000E+00  0.0000000E+00  0.0000000E+00
         1    26      2 -0.2296963E-03 -0.5502434E-04  0.0000000E+00  0.0000000E+00 -0.2139499E-04  0.0000000E+00
         1    26      3 -0.3445454E-03 -0.8253656E-04  0.0000000E+00  0.0000000E+00 -0.3211991E-04  0.0000000E+00
         1    26      4 -0.4593953E-03 -0.1100488E-03  0.0000000E+00  0.0000000E+00 -0.4286309E-04  0.0000000E+00
         1    26      5 -0.5742459E-03 -0.1375611E-03  0.0000000E+00  0.0000000E+00 -0.5362451E-04  0.0000000E+00
         1    26      6 -0.6890974E-03 -0.1650734E-03  0.0000000E+00  0.0000000E+00 -0.6440416E-04  0.0000000E+00
         1    26      7 -0.8039497E-03 -0.1925857E-03  0.0000000E+00  0.0000000E+00 -0.7520202E-04  0.0000000E+00
         1    26      8 -0.9188030E-03 -0.2200980E-03  0.0000000E+00  0.0000000E+00 -0.8601808E-04  0.0000000E+00
         1    26      9 -0.1033657E-02 -0.2476103E-03  0.0000000E+00  0.0000000E+00 -0.9685232E-04  0.0000000E+00
         1    26     10  0.1063618E-02  0.1619543E-03  0.0000000E+00  0.0000000E+00  0.3957558E-02  0.1000000E-02

         1    27      0  0.0000000E+00  0.0000000E+00  0.0000000E+00  0.0000000E+00  0.0000000E+00  0.0000000E+00
         1    27      1  0.0000000E+00  0.0000000E+00  0.0000000E+00  0.0000000E+00  0.0000000E+00  0.0000000E+00
         1    27      2 -0.2616270E-03 -0.7309072E-04  0.0000000E+00  0.0000000E+00 -0.2139477E-04  0.0000000E+00
         1    27      3 -0.3924415E-03 -0.1096362E-03  0.0000000E+00  0.0000000E+00 -0.3211941E-04  0.0000000E+00
         1    27      4 -0.5232568E-03 -0.1461818E-03  0.0000000E+00  0.0000000E+00 -0.4286221E-04  0.0000000E+00
         1    27      5 -0.6540728E-03 -0.1827274E-03  0.0000000E+00  0.0000000E+00 -0.5362313E-04  0.0000000E+00
         1    27      6 -0.7848898E-03 -0.2192732E-03  0.0000000E+00  0.0000000E+00 -0.6440218E-04  0.0000000E+00
         1    27      7 -0.9157076E-03 -0.2558190E-03  0.0000000E+00  0.0000000E+00 -0.7519933E-04  0.0000000E+00
         1    27      8 -0.1046526E-02 -0.2923649E-03  0.0000000E+00  0.0000000E+00 -0.8601456E-04  0.0000000E+00
         1    27      9 -0.1177346E-02 -0.3289108E-03  0.0000000E+00  0.0000000E+00 -0.9684787E-04  0.0000000E+00
         1    27     10  0.1164706E-02  0.2438627E-03  0.0000000E+00  0.0000000E+00  0.4056418E-02  0.1000000E-02

         1    28      0  0.0000000E+00  0.0000000E+00  0.0000000E+00  0.0000000E+00  0.0000000E+00  0.0000000E+00
         1    28      1  0.0000000E+00  0.0000000E+00  0.0000000E+00  0.0000000E+00  0.0000000E+00  0.0000000E+00
         1    28      2 -0.3032372E-03 -0.9386127E-04  0.0000000E+00  0.0000000E+00 -0.2139469E-04  0.0000000E+00
         1    28      3 -0.4548569E-03 -0.1407921E-03  0.0000000E+00  0.0000000E+00 -0.3211924E-04  0.0000000E+00
         1    28      4 -0.6064774E-03 -0.1877231E-03  0.0000000E+00  0.0000000E+00 -0.4286189E-04  0.0000000E+00
         1    28      5 -0.7580987E-03 -0.2346542E-03  0.0000000E+00  0.0000000E+00 -0.5362265E-04  0.0000000E+00
         1    28      6 -0.9097210E-03 -0.2815855E-03  0.0000000E+00  0.0000000E+00 -0.6440148E-04  0.0000000E+00
         1    28      7 -0.1061344E-02 -0.3285169E-03  0.0000000E+00  0.0000000E+00 -0.7519838E-04  0.0000000E+00
         1    28      8 -0.1212968E-02 -0.3754485E-03  0.0000000E+00  0.0000000E+00 -0.8601332E-04  0.0000000E+00
         1    28      9 -0.1364594E-02 -0.4223802E-03  0.0000000E+00  0.0000000E+00 -0.9684629E-04  0.0000000E+00
         1    28     10  0.1308846E-02  0.3347853E-03  0.0000000E+00  0.0000000E+00  0.4155276E-02  0.1000000E-02

         1    29      0  0.0000000E+00  0.0000000E+00  0.0000000E+00  0.0000000E+00  0.0000000E+00  0.0000000E+00
         1    29      1  0.0000000E+00  0.0000000E+00  0.0000000E+00  0.0000000E+00  0.0000000E+00  0.0000000E+00
         1    29      2 -0.3267025E-03 -0.9386127E-04  0.0000000E+00  0.0000000E+00 -0.2139530E-04  0.0000000E+00
         1    29      3 -0.4900549E-03 -0.1407921E-03  0.0000000E+00  0.0000000E+00 -0.3212061E-04  0.0000000E+00
         1    29      4 -0.6534081E-03 -0.1877231E-03  0.0000000E+00  0.0000000E+00 -0.4286434E-04  0.0000000E+00
         1    29      5 -0.8167623E-03 -0.2346542E-03  0.0000000E+00  0.0000000E+00 -0.5362647E-04  0.0000000E+00
         1    29      6 -0.9801174E-03 -0.2815855E-03  0.0000000E+00  0.0000000E+00 -0.6440698E-04  0.0000000E+00
         1    29      7 -0.1143473E-02 -0.3285169E-03  0.0000000E+00  0.0000000E+00 -0.7520587E-04  0.0000000E+00
         1    29      8 -0.1306831E-02 -0.3754485E-03  0.0000000E+00  0.0000000E+00 -0.8602310E-04  0.0000000E+00
         1    29      9 -0.1470189E-02 -0.4223802E-03  0.0000000E+00  0.0000000E+00 -0.9685867E-04  0.0000000E+00
         1    29     10  0.1392495E-02  0.3347853E-03  0.0000000E+00  0.0000000E+00  0.4204692E-02  0.1000000E-02

         1    30      0  0.0000000E+00  0.0000000E+00  0.0000000E+00  0.0000000E+00  0.0000000E+00  0.0000000E+00
         1    30      1  0.0000000E+00  0.0000000E+00  0.0000000E+00  0.0000000E+00  0.0000000E+00  0.0000000E+00
         1    30      2 -0.3407817E-03 -0.9386127E-04  0.0000000E+00  0.0000000E+00 -0.2139567E-04  0.0000000E+00
         1    30      3 -0.5111737E-03 -0.1407921E-03  0.0000000E+00  0.0000000E+00 -0.3212144E-04  0.0000000E+00
         1    30      4 -0.6815666E-03 -0.1877231E-03  0.0000000E+00  0.0000000E+00 -0.4286581E-04  0.0000000E+00
         1    30      5 -0.8519604E-03 -0.2346542E-03  0.0000000E+00  0.0000000E+00 -0.5362876E-04  0.0000000E+00
         1    30      6 -0.1022355E-02 -0.2815855E-03  0.0000000E+00  0.0000000E+00 -0.6441028E-04  0.0000000E+00
         1    30      7 -0.1192751E-02 -0.3285169E-03  0.0000000E+00  0.0000000E+00 -0.7521036E-04  0.0000000E+00
         1    30      8 -0.1363148E-02 -0.3754485E-03  0.0000000E+00  0.0000000E+00 -0.8602897E-04  0.0000000E+00
         1    30      9 -0.1533546E-02 -0.4223802E-03  0.0000000E+00  0.0000000E+00 -0.9686610E-04  0.0000000E+00
         1    30     10  0.1442685E-02  0.3347853E-03  0.0000000E+00  0.0000000E+00  0.4234343E-02  0.1000000E-02

         1    31      0  0.0000000E+00  0.0000000E+00  0.0000000E+00  0.0000000E+00  0.0000000E+00  0.0000000E+00
         1    31      1  0.0000000E+00  0.0000000E+00  0.0000000E+00  0.0000000E+00  0.0000000E+00  0.0000000E+00
         1    31      2 -0.3642470E-03 -0.9386127E-04  0.0000000E+00  0.0000000E+00 -0.2139628E-04  0.0000000E+00
         1    31      3 -0.5463717E-03 -0.1407921E-03  0.0000000E+00  0.0000000E+00 -0.3212281E-04  0.0000000E+00
         1    31      4 -0.7284974E-03 -0.1877231E-03  0.0000000E+00  0.0000000E+00 -0.4286825E-04  0.0000000E+00
         1    31      5 -0.9106240E-03 -0.2346542E-03  0.0000000E+00  0.0000000E+00 -0.5363258E-04  0.0000000E+00
         1    31      6 -0.1092752E-02 -0.2815855E-03  0.0000000E+00  0.0000000E+00 -0.6441579E-04  0.0000000E+00
         1    31      7 -0.1274880E-02 -0.3285169E-03  0.0000000E+00  0.0000000E+00 -0.7521785E-04  0.0000000E+00
         1    31      8 -0.1457010E-02 -0.3754485E-03  0.0000000E+00  0.0000000E+00 -0.8603875E-04  0.0000000E+00
         1    31      9 -0.1639141E-02 -0.4223802E-03  0.0000000E+00  0.0000000E+00 -0.9687848E-04  0.0000000E+00
         1    31     10  0.1526335E-02  0.3347853E-03  0.0000000E+00  0.0000000E+00  0.4283760E-02  0.1000000E-02

         1    32      0  0.0000000E+00  0.0000000E+00  0.0000000E+00  0.0000000E+00  0.0000000E+00  0.0000000E+00
         1    32      1  0.0000000E+00  0.0000000E+00  0.0000000E+00  0.0000000E+00  0.0000000E+00  0.0000000E+00
         1    32      2 -0.7973670E-03 -0.9064130E-04  0.0000000E+00  0.0000000E+00  0.4526541E-04  0.0000000E+00
         1    32      3 -0.1196044E-02 -0.1359630E-03  0.0000000E+00  0.0000000E+00  0.6786050E-04  0.0000000E+00
         1    32      4 -0.1594718E-02 -0.1812854E-03  0.0000000E+00  0.0000000E+00  0.9043056E-04  0.0000000E+00
         1    32      5 -0.1993388E-02 -0.2266084E-03  0.0000000E+00  0.0000000E+00  0.1129756E-03  0.0000000E+00
         1    32      6 -0.2392054E-02 -0.2719322E-03  0.0000000E+00  0.0000000E+00  0.1354956E-03  0.0000000E+00
         1    32      7 -0.2790716E-02 -0.3172567E-03  0.0000000E+00  0.0000000E+00  0.1579907E-03  0.0000000E+00
         1    32      8 -0.3189375E-02 -0.3625818E-03  0.0000000E+00  0.0000000E+00  0.1804609E-03  0.0000000E+00
         1    32      9 -0.3588030E-02 -0.4079077E-03  0.0000000E+00  0.0000000E+00  0.2029061E-03  0.0000000E+00
         1    32     10  0.3335141E-02  0.4360421E-03  0.0000000E+00  0.0000000E+00  0.4936105E-02  0.1000000E-02

         1    33      0  0.0000000E+00  0.0000000E+00  0.0000000E+00  0.0000000E+00  0.0000000E+00  0.0000000E+00
         1    33      1  0.0000000E+00  0.0000000E+00  0.0000000E+00  0.0000000E+00  0.0000000E+00  0.0000000E+00
         1    33      2 -0.8200273E-03 -0.9064130E-04  0.0000000E+00  0.0000000E+00  0.4526484E-04  0.0000000E+00
         1    33      3 -0.1230035E-02 -0.1359630E-03  0.0000000E+00  0.0000000E+00  0.6785922E-04  0.0000000E+00
         1    33      4 -0.1640039E-02 -0.1812854E-03  0.0000000E+00  0.0000000E+00  0.9042828E-04  0.0000000E+00
         1    33      5 -0.2050040E-02 -0.2266084E-03  0.0000000E+00  0.0000000E+00  0.1129720E-03  0.0000000E+00
         1    33      6 -0.2460037E-02 -0.2719322E-03  0.0000000E+00  0.0000000E+00  0.1354905E-03  0.0000000E+00
         1    33      7 -0.2870030E-02 -0.3172567E-03  0.0000000E+00  0.0000000E+00  0.1579837E-03  0.0000000E+00
         1    33      8 -0.3280020E-02 -0.3625818E-03  0.0000000E+00  0.0000000E+00  0.1804517E-03  0.0000000E+00
         1    33      9 -0.3690007E-02 -0.4079077E-03  0.0000000E+00  0.0000000E+00  0.2028945E-03  0.0000000E+00
         1    33     10  0.3444091E-02  0.4360421E-03  0.0000000E+00  0.0000000E+00  0.4985516E-02  0.1000000E-02

         1    34      0  0.0000000E+00  0.0000000E+00  0.0000000E+00  0.0000000E+00  0.0000000E+00  0.0000000E+00
         1    34      1  0.0000000E+00  0.0000000E+00  0.0000000E+00  0.0000000E+00  0.0000000E+00  0.0000000E+00
         1    34      2 -0.8336244E-03 -0.9065378E-04  0.0000000E+00  0.0000000E+00  0.4526449E-04  0.0000000E+00
         1    34      3 -0.1250432E-02 -0.1359911E-03  0.0000000E+00  0.0000000E+00  0.6785845E-04  0.0000000E+00
         1    34      4 -0.1667236E-02 -0.1813353E-03  0.0000000E+00  0.0000000E+00  0.9042691E-04  0.0000000E+00
         1    34      5 -0.2084037E-02 -0.2266864E-03  0.0000000E+00  0.0000000E+00  0.1129699E-03  0.0000000E+00
         1    34      6 -0.2500835E-02 -0.2720445E-03  0.0000000E+00  0.0000000E+00  0.1354874E-03  0.0000000E+00
         1    34      7 -0.2917630E-02 -0.3174096E-03  0.0000000E+00  0.0000000E+00  0.1579795E-03  0.0000000E+00
         1    34      8 -0.3334423E-02 -0.3627815E-03  0.0000000E+00  0.0000000E+00  0.1804463E-03  0.0000000E+00
         1    34      9 -0.3751212E-02 -0.4081604E-03  0.0000000E+00  0.0000000E+00  0.2028876E-03  0.0000000E+00
         1    34     10  0.3509444E-02  0.4358214E-03  0.0000000E+00  0.0000000E+00  0.5015163E-02  0.1000000E-02

         1    35      0  0.0000000E+00  0.0000000E+00  0.0000000E+00  0.0000000E+00  0.0000000E+00  0.0000000E+00
         1    35      1  0.0000000E+00  0.0000000E+00  0.0000000E+00  0.0000000E+00  0.0000000E+00  0.0000000E+00
         1    35      2 -0.8562879E-03 -0.9065378E-04  0.0000000E+00  0.0000000E+00  0.4526392E-04  0.0000000E+00
         1    35      3 -0.1284430E-02 -0.1359911E-03  0.0000000E+00  0.0000000E+00  0.6785717E-04  0.0000000E+00
         1    35      4 -0.1712570E-02 -0.1813353E-03  0.0000000E+00  0.0000000E+00  0.9042463E-04  0.0000000E+00
         1    35      5 -0.2140709E-02 -0.2266864E-03  0.0000000E+00  0.0000000E+00  0.1129663E-03  0.0000000E+00
         1    35      6 -0.2568846E-02 -0.2720445E-03  0.0000000E+00  0.0000000E+00  0.1354823E-03  0.0000000E+00
         1    35      7 -0.2996983E-02 -0.3174096E-03  0.0000000E+00  0.0000000E+00  0.1579726E-03  0.0000000E+00
         1    35      8 -0.3425118E-02 -0.3627815E-03  0.0000000E+00  0.0000000E+00  0.1804371E-03  0.0000000E+00
         1    35      9 -0.3853252E-02 -0.4081604E-03  0.0000000E+00  0.0000000E+00  0.2028760E-03  0.0000000E+00
         1    35     10  0.3618339E-02  0.4358214E-03  0.0000000E+00  0.0000000E+00  0.5064575E-02  0.1000000E-02

         1    36      0  0.0000000E+00  0.0000000E+00  0.0000000E+00  0.0000000E+00  0.0000000E+00  0.0000000E+00
         1    36      1  0.0000000E+00  0.0000000E+00  0.0000000E+00  0.0000000E+00  0.0000000E+00  0.0000000E+00
         1    36      2 -0.8840469E-03 -0.2000783E-04  0.0000000E+00  0.0000000E+00  0.4525245E-04  0.0000000E+00
         1    36      3 -0.1326073E-02 -0.3002211E-04  0.0000000E+00  0.0000000E+00  0.6783134E-04  0.0000000E+00
         1    36      4 -0.1768102E-02 -0.4004328E-04  0.0000000E+00  0.0000000E+00  0.9037871E-04  0.0000000E+00
         1    36      5 -0.2210132E-02 -0.5007136E-04  0.0000000E+00  0.0000000E+00  0.1128946E-03  0.0000000E+00
         1    36      6 -0.2652165E-02 -0.6010632E-04  0.0000000E+00  0.0000000E+00  0.1353790E-03  0.0000000E+00
         1    36      7 -0.3094200E-02 -0.7014816E-04  0.0000000E+00  0.0000000E+00  0.1578319E-03  0.0000000E+00
         1    36      8 -0.3536238E-02 -0.8019688E-04  0.0000000E+00  0.0000000E+00  0.1802535E-03  0.0000000E+00
         1    36      9 -0.3978277E-02 -0.9025246E-04  0.0000000E+00  0.0000000E+00  0.2026436E-03  0.0000000E+00
         1    36     10  0.3761785E-02  0.1363451E-03  0.0000000E+00  0.0000000E+00  0.5163214E-02  0.1000000E-02

         1    37      0  0.0000000E+00  0.0000000E+00  0.0000000E+00  0.0000000E+00  0.0000000E+00  0.0000000E+00
         1    37      1  0.0000000E+00  0.0000000E+00  0.0000000E+00  0.0000000E+00  0.0000000E+00  0.0000000E+00
         1    37      2 -0.8761611E-03  0.5144484E-04  0.0000000E+00  0.0000000E+00  0.4524111E-04  0.0000000E+00
         1    37      3 -0.1314250E-02  0.7715735E-04  0.0000000E+00  0.0000000E+00  0.6780583E-04  0.0000000E+00
         1    37      4 -0.1752344E-02  0.1028633E-03  0.0000000E+00  0.0000000E+00  0.9033336E-04  0.0000000E+00
         1    37      5 -0.2190443E-02  0.1285626E-03  0.0000000E+00  0.0000000E+00  0.1128237E-03  0.0000000E+00
         1    37      6 -0.2628548E-02  0.1542554E-03  0.0000000E+00  0.0000000E+00  0.1352769E-03  0.0000000E+00
         1    37      7 -0.3066659E-02  0.1799416E-03  0.0000000E+00  0.0000000E+00  0.1576930E-03  0.0000000E+00
         1    37      8 -0.3504775E-02  0.2056213E-03  0.0000000E+00  0.0000000E+00  0.1800720E-03  0.0000000E+00
         1    37      9 -0.3942897E-02  0.2312945E-03  0.0000000E+00  0.0000000E+00  0.2024140E-03  0.0000000E+00
         1    37     10  0.3753693E-02 -0.1686236E-03  0.0000000E+00  0.0000000E+00  0.5261858E-02  0.1000000E-02

         1    38      0  0.0000000E+00  0.0000000E+00  0.0000000E+00  0.0000000E+00  0.0000000E+00  0.0000000E+00
         1    38      1  0.0000000E+00  0.0000000E+00  0.0000000E+00  0.0000000E+00  0.0000000E+00  0.0000000E+00
         1    38      2 -0.8632998E-03  0.5144484E-04  0.0000000E+00  0.0000000E+00  0.4524092E-04  0.0000000E+00
         1    38      3 -0.1294960E-02  0.7715735E-04  0.0000000E+00  0.0000000E+00  0.6780542E-04  0.0000000E+00
         1    38      4 -0.1726628E-02  0.1028633E-03  0.0000000E+00  0.0000000E+00  0.9033263E-04  0.0000000E+00
         1    38      5 -0.2158302E-02  0.1285626E-03  0.0000000E+00  0.0000000E+00  0.1128226E-03  0.0000000E+00
         1    38      6 -0.2589984E-02  0.1542554E-03  0.0000000E+00  0.0000000E+00  0.1352753E-03  0.0000000E+00
         1    38      7 -0.3021673E-02  0.1799416E-03  0.0000000E+00  0.0000000E+00  0.1576908E-03  0.0000000E+00
         1    38      8 -0.3453370E-02  0.2056213E-03  0.0000000E+00  0.0000000E+00  0.1800691E-03  0.0000000E+00
         1    38      9 -0.3885074E-02  0.2312945E-03  0.0000000E+00  0.0000000E+00  0.2024103E-03  0.0000000E+00
         1    38     10  0.3711560E-02 -0.1686236E-03  0.0000000E+00  0.0000000E+00  0.5311281E-02  0.1000000E-02

         1    39      0  0.0000000E+00  0.0000000E+00  0.0000000E+00  0.0000000E+00  0.0000000E+00  0.0000000E+00
         1    39      1  0.0000000E+00  0.0000000E+00  0.0000000E+00  0.0000000E+00  0.0000000E+00  0.0000000E+00
         1    39      2 -0.8555831E-03  0.5144484E-04  0.0000000E+00  0.0000000E+00  0.4524081E-04  0.0000000E+00
         1    39      3 -0.1283387E-02  0.7715735E-04  0.0000000E+00  0.0000000E+00  0.6780517E-04  0.0000000E+00
         1    39      4 -0.1711198E-02  0.1028633E-03  0.0000000E+00  0.0000000E+00  0.9033219E-04  0.0000000E+00
         1    39      5 -0.2139018E-02  0.1285626E-03  0.0000000E+00  0.0000000E+00  0.1128219E-03  0.0000000E+00
         1    39      6 -0.2566846E-02  0.1542554E-03  0.0000000E+00  0.0000000E+00  0.1352743E-03  0.0000000E+00
         1    39      7 -0.2994682E-02  0.1799416E-03  0.0000000E+00  0.0000000E+00  0.1576895E-03  0.0000000E+00
         1    39      8 -0.3422527E-02  0.2056213E-03  0.0000000E+00  0.0000000E+00  0.1800674E-03  0.0000000E+00
         1    39      9 -0.3850380E-02  0.2312945E-03  0.0000000E+00  0.0000000E+00  0.2024080E-03  0.0000000E+00
         1    39     10  0.3686281E-02 -0.1686236E-03  0.0000000E+00  0.0000000E+00  0.5340935E-02  0.1000000E-02

         1    40      0  0.0000000E+00  0.0000000E+00  0.0000000E+00  0.0000000E+00  0.0000000E+00  0.0000000E+00
         1    40      1  0.0000000E+00  0.0000000E+00  0.0000000E+00  0.0000000E+00  0.0000000E+00  0.0000000E+00
         1    40      2 -0.8427219E-03  0.5144484E-04  0.0000000E+00  0.0000000E+00  0.4524063E-04  0.0000000E+00
         1    40      3 -0.1264097E-02  0.7715735E-04  0.0000000E+00  0.0000000E+00  0.6780476E-04  0.0000000E+00
         1    40      4 -0.1685483E-02  0.1028633E-03  0.0000000E+00  0.0000000E+00  0.9033145E-04  0.0000000E+00
         1    40      5 -0.2106877E-02  0.1285626E-03  0.0000000E+00  0.0000000E+00  0.1128207E-03  0.0000000E+00
         1    40      6 -0.2528282E-02  0.1542554E-03  0.0000000E+00  0.0000000E+00  0.1352727E-03  0.0000000E+00
         1    40      7 -0.2949697E-02  0.1799416E-03  0.0000000E+00  0.0000000E+00  0.1576872E-03  0.0000000E+00
         1    40      8 -0.3371121E-02  0.2056213E-03  0.0000000E+00  0.0000000E+00  0.1800644E-03  0.0000000E+00
         1    40      9 -0.3792556E-02  0.2312945E-03  0.0000000E+00  0.0000000E+00  0.2024043E-03  0.0000000E+00
         1    40     10  0.3644148E-02 -0.1686236E-03  0.0000000E+00  0.0000000E+00  0.5390357E-02  0.1000000E-02

         1    41      0  0.0000000E+00  0.0000000E+00  0.0000000E+00  0.0000000E+00  0.0000000E+00  0.0000000E+00
         1    41      1  0.0000000E+00  0.0000000E+00  0.0000000E+00  0.0000000E+00  0.0000000E+00  0.0000000E+00
         1    41      2 -0.5918527E-03  0.5542242E-04  0.0000000E+00  0.0000000E+00  0.1275765E-03  0.0000000E+00
         1    41      3 -0.8878475E-03  0.8312366E-04  0.0000000E+00  0.0000000E+00  0.1913096E-03  0.0000000E+00
         1    41      4 -0.1183888E-02  0.1108183E-03  0.0000000E+00  0.0000000E+00  0.2550059E-03  0.0000000E+00
         1    41      5 -0.1479974E-02  0.1385063E-03  0.0000000E+00  0.0000000E+00  0.3186656E-03  0.0000000E+00
         1    41      6 -0.1776105E-02  0.1661877E-03  0.0000000E+00  0.0000000E+00  0.3822885E-03  0.0000000E+00
         1    41      7 -0.2072282E-02  0.1938625E-03  0.0000000E+00  0.0000000E+00  0.4458748E-03  0.0000000E+00
         1    41      8 -0.2368505E-02  0.2215307E-03  0.0000000E+00  0.0000000E+00  0.5094245E-03  0.0000000E+00
         1    41      9 -0.2664773E-02  0.2491924E-03  0.0000000E+00  0.0000000E+00  0.5729375E-03  0.0000000E+00
         1    41     10  0.3078291E-02 -0.7250592E-04  0.0000000E+00  0.0000000E+00  0.5936143E-02  0.1000000E-02

         1    42      0  0.0000000E+00  0.0000000E+00  0.0000000E+00  0.0000000E+00  0.0000000E+00  0.0000000E+00
         1    42      1  0.0000000E+00  0.0000000E+00  0.0000000E+00  0.0000000E+00  0.0000000E+00  0.0000000E+00
         1    42      2 -0.5779971E-03  0.5542242E-04  0.0000000E+00  0.0000000E+00  0.1275763E-03  0.0000000E+00
         1    42      3 -0.8670666E-03  0.8312366E-04  0.0000000E+00  0.0000000E+00  0.1913091E-03  0.0000000E+00
         1    42      4 -0.1156183E-02  0.1108183E-03  0.0000000E+00  0.0000000E+00  0.2550051E-03  0.0000000E+00
         1    42      5 -0.1445347E-02  0.1385063E-03  0.0000000E+00  0.0000000E+00  0.3186642E-03  0.0000000E+00
         1    42      6 -0.1734558E-02  0.1661877E-03  0.0000000E+00  0.0000000E+00  0.3822866E-03  0.0000000E+00
         1    42      7 -0.2023817E-02  0.1938625E-03  0.0000000E+00  0.0000000E+00  0.4458722E-03  0.0000000E+00
         1    42      8 -0.2313122E-02  0.2215307E-03  0.0000000E+00  0.0000000E+00  0.5094211E-03  0.0000000E+00
         1    42      9 -0.2602475E-02  0.2491924E-03  0.0000000E+00  0.0000000E+00  0.5729332E-03  0.0000000E+00
         1    42     10  0.3060175E-02 -0.7250592E-04  0.0000000E+00  0.0000000E+00  0.5985567E-02  0.1000000E-02

         1    43      0  0.0000000E+00  0.0000000E+00  0.0000000E+00  0.0000000E+00  0.0000000E+00  0.0000000E+00
         1    43      1  0.0000000E+00  0.0000000E+00  0.0000000E+00  0.0000000E+00  0.0000000E+00  0.0000000E+00
         1    43      2 -0.5696819E-03  0.5544691E-04  0.0000000E+00  0.0000000E+00  0.1275762E-03  0.0000000E+00
         1    43      3 -0.8545939E-03  0.8317878E-04  0.0000000E+00  0.0000000E+00  0.1913088E-03  0.0000000E+00
         1    43      4 -0.1139553E-02  0.1109163E-03  0.0000000E+00  0.0000000E+00  0.2550046E-03  0.0000000E+00
         1    43      5 -0.1424560E-02  0.1386594E-03  0.0000000E+00  0.0000000E+00  0.3186634E-03  0.0000000E+00
         1    43      6 -0.1709614E-02  0.1664083E-03  0.0000000E+00  0.0000000E+00  0.3822854E-03  0.0000000E+00
         1    43      7 -0.1994715E-02  0.1941628E-03  0.0000000E+00  0.0000000E+00  0.4458706E-03  0.0000000E+00
         1    43      8 -0.2279863E-02  0.2219230E-03  0.0000000E+00  0.0000000E+00  0.5094190E-03  0.0000000E+00
         1    43      9 -0.2565058E-02  0.2496890E-03  0.0000000E+00  0.0000000E+00  0.5729306E-03  0.0000000E+00
         1    43     10  0.3049357E-02 -0.7181183E-04  0.0000000E+00  0.0000000E+00  0.6015222E-02  0.1000000E-02

         1    44      0  0.0000000E+00  0.0000000E+00  0.0000000E+00  0.0000000E+00  0.0000000E+00  0.0000000E+00
         1    44      1  0.0000000E+00  0.0000000E+00  0.0000000E+00  0.0000000E+00  0.0000000E+00  0.0000000E+00
         1    44      2 -0.5558202E-03  0.5544691E-04  0.0000000E+00  0.0000000E+00  0.1275759E-03  0.0000000E+00
         1    44      3 -0.8337992E-03  0.8317878E-04  0.0000000E+00  0.0000000E+00  0.1913083E-03  0.0000000E+00
         1    44      4 -0.1111824E-02  0.1109163E-03  0.0000000E+00  0.0000000E+00  0.2550037E-03  0.0000000E+00
         1    44      5 -0.1389895E-02  0.1386594E-03  0.0000000E+00  0.0000000E+00  0.3186621E-03  0.0000000E+00
         1    44      6 -0.1668011E-02  0.1664083E-03  0.0000000E+00  0.0000000E+00  0.3822835E-03  0.0000000E+00
         1    44      7 -0.1946174E-02  0.1941628E-03  0.0000000E+00  0.0000000E+00  0.4458680E-03  0.0000000E+00
         1    44      8 -0.2224382E-02  0.2219230E-03  0.0000000E+00  0.0000000E+00  0.5094156E-03  0.0000000E+00
         1    44      9 -0.2502636E-02  0.2496890E-03  0.0000000E+00  0.0000000E+00  0.5729263E-03  0.0000000E+00
         1    44     10  0.3031414E-02 -0.7181183E-04  0.0000000E+00  0.0000000E+00  0.6064646E-02  0.1000000E-02

         1    45      0  0.0000000E+00  0.0000000E+00  0.0000000E+00  0.0000000E+00  0.0000000E+00  0.0000000E+00
         1    45      1  0.0000000E+00  0.0000000E+00  0.0000000E+00  0.0000000E+00  0.0000000E+00  0.0000000E+00
         1    45      2 -0.5382079E-03  0.1521854E-04  0.0000000E+00  0.0000000E+00  0.1275797E-03  0.0000000E+00
         1    45      3 -0.8073778E-03  0.2283127E-04  0.0000000E+00  0.0000000E+00  0.1913167E-03  0.0000000E+00
         1    45      4 -0.1076592E-02  0.3044633E-04  0.0000000E+00  0.0000000E+00  0.2550186E-03  0.0000000E+00
         1    45      5 -0.1345849E-02  0.3806375E-04  0.0000000E+00  0.0000000E+00  0.3186854E-03  0.0000000E+00
         1    45      6 -0.1615151E-02  0.4568354E-04  0.0000000E+00  0.0000000E+00  0.3823170E-03  0.0000000E+00
         1    45      7 -0.1884496E-02  0.5330574E-04  0.0000000E+00  0.0000000E+00  0.4459136E-03  0.0000000E+00
         1    45      8 -0.2153885E-02  0.6093035E-04  0.0000000E+00  0.0000000E+00  0.5094751E-03  0.0000000E+00
         1    45      9 -0.2423318E-02  0.6855742E-04  0.0000000E+00  0.0000000E+00  0.5730017E-03  0.0000000E+00
         1    45     10  0.3051333E-02  0.1517770E-03  0.0000000E+00  0.0000000E+00  0.6163616E-02  0.1000000E-02

         1    46      0  0.0000000E+00  0.0000000E+00  0.0000000E+00  0.0000000E+00  0.0000000E+00  0.0000000E+00
         1    46      1  0.0000000E+00  0.0000000E+00  0.0000000E+00  0.0000000E+00  0.0000000E+00  0.0000000E+00
         1    46      2 -0.5405079E-03 -0.2444678E-04  0.0000000E+00  0.0000000E+00  0.1275834E-03  0.0000000E+00
         1    46      3 -0.8108273E-03 -0.3667155E-04  0.0000000E+00  0.0000000E+00  0.1913252E-03  0.0000000E+00
         1    46      4 -0.1081190E-02 -0.4889719E-04  0.0000000E+00  0.0000000E+00  0.2550337E-03  0.0000000E+00
         1    46      5 -0.1351597E-02 -0.6112369E-04  0.0000000E+00  0.0000000E+00  0.3187090E-03  0.0000000E+00
         1    46      6 -0.1622047E-02 -0.7335102E-04  0.0000000E+00  0.0000000E+00  0.3823511E-03  0.0000000E+00
         1    46      7 -0.1892540E-02 -0.8557916E-04  0.0000000E+00  0.0000000E+00  0.4459599E-03  0.0000000E+00
         1    46      8 -0.2163076E-02 -0.9780807E-04  0.0000000E+00  0.0000000E+00  0.5095357E-03  0.0000000E+00
         1    46      9 -0.2433656E-02 -0.1100377E-03  0.0000000E+00  0.0000000E+00  0.5730783E-03  0.0000000E+00
         1    46     10  0.3184040E-02  0.3809760E-03  0.0000000E+00  0.0000000E+00  0.6262582E-02  0.1000000E-02

         1    47      0  0.0000000E+00  0.0000000E+00  0.0000000E+00  0.0000000E+00  0.0000000E+00  0.0000000E+00
         1    47      1  0.0000000E+00  0.0000000E+00  0.0000000E+00  0.0000000E+00  0.0000000E+00  0.0000000E+00
         1    47      2 -0.5466196E-03 -0.2444678E-04  0.0000000E+00  0.0000000E+00  0.1275834E-03  0.0000000E+00
         1    47      3 -0.8199952E-03 -0.3667155E-04  0.0000000E+00  0.0000000E+00  0.1913251E-03  0.0000000E+00
         1    47      4 -0.1093415E-02 -0.4889719E-04  0.0000000E+00  0.0000000E+00  0.2550336E-03  0.0000000E+00
         1    47      5 -0.1366878E-02 -0.6112369E-04  0.0000000E+00  0.0000000E+00  0.3187087E-03  0.0000000E+00
         1    47      6 -0.1640384E-02 -0.7335102E-04  0.0000000E+00  0.0000000E+00  0.3823507E-03  0.0000000E+00
         1    47      7 -0.1913935E-02 -0.8557916E-04  0.0000000E+00  0.0000000E+00  0.4459594E-03  0.0000000E+00
         1    47      8 -0.2187528E-02 -0.9780807E-04  0.0000000E+00  0.0000000E+00  0.5095350E-03  0.0000000E+00
         1    47      9 -0.2461166E-02 -0.1100377E-03  0.0000000E+00  0.0000000E+00  0.5730775E-03  0.0000000E+00
         1    47     10  0.3279231E-02  0.3809760E-03  0.0000000E+00  0.0000000E+00  0.6311996E-02  0.1000000E-02

         1    48      0  0.0000000E+00  0.0000000E+00  0.0000000E+00  0.0000000E+00  0.0000000E+00  0.0000000E+00
         1    48      1  0.0000000E+00  0.0000000E+00  0.0000000E+00  0.0000000E+00  0.0000000E+00  0.0000000E+00
         1    48      2 -0.5502866E-03 -0.2444678E-04  0.0000000E+00  0.0000000E+00  0.1275834E-03  0.0000000E+00
         1    48      3 -0.8254959E-03 -0.3667155E-04  0.0000000E+00  0.0000000E+00  0.1913251E-03  0.0000000E+00
         1    48      4 -0.1100749E-02 -0.4889719E-04  0.0000000E+00  0.0000000E+00  0.2550335E-03  0.0000000E+00
         1    48      5 -0.1376046E-02 -0.6112369E-04  0.0000000E+00  0.0000000E+00  0.3187086E-03  0.0000000E+00
         1    48      6 -0.1651387E-02 -0.7335102E-04  0.0000000E+00  0.0000000E+00  0.3823505E-03  0.0000000E+00
         1    48      7 -0.1926771E-02 -0.8557916E-04  0.0000000E+00  0.0000000E+00  0.4459591E-03  0.0000000E+00
         1    48      8 -0.2202200E-02 -0.9780807E-04  0.0000000E+00  0.0000000E+00  0.5095346E-03  0.0000000E+00
         1    48      9 -0.2477671E-02 -0.1100377E-03  0.0000000E+00  0.0000000E+00  0.5730769E-03  0.0000000E+00
         1    48     10  0.3336346E-02  0.3809760E-03  0.0000000E+00  0.0000000E+00  0.6341645E-02  0.1000000E-02

         1    49      0  0.0000000E+00  0.0000000E+00  0.0000000E+00  0.0000000E+00  0.0000000E+00  0.0000000E+00
         1    49      1  0.0000000E+00  0.0000000E+00  0.0000000E+00  0.0000000E+00  0.0000000E+00  0.0000000E+00
         1    49      2 -0.5563983E-03 -0.2444678E-04  0.0000000E+00  0.0000000E+00  0.1275833E-03  0.0000000E+00
         1    49      3 -0.8346638E-03 -0.3667155E-04  0.0000000E+00  0.0000000E+00  0.1913250E-03  0.0000000E+00
         1    49      4 -0.1112973E-02 -0.4889719E-04  0.0000000E+00  0.0000000E+00  0.2550333E-03  0.0000000E+00
         1    49      5 -0.1391327E-02 -0.6112369E-04  0.0000000E+00  0.0000000E+00  0.3187083E-03  0.0000000E+00
         1    49      6 -0.1669725E-02 -0.7335102E-04  0.0000000E+00  0.0000000E+00  0.3823501E-03  0.0000000E+00
         1    49      7 -0.1948166E-02 -0.8557916E-04  0.0000000E+00  0.0000000E+00  0.4459586E-03  0.0000000E+00
         1    49      8 -0.2226652E-02 -0.9780807E-04  0.0000000E+00  0.0000000E+00  0.5095340E-03  0.0000000E+00
         1    49      9 -0.2505181E-02 -0.1100377E-03  0.0000000E+00  0.0000000E+00  0.5730761E-03  0.0000000E+00
         1    49     10  0.3431537E-02  0.3809760E-03  0.0000000E+00  0.0000000E+00  0.6391060E-02  0.1000000E-02

         1    50      0  0.0000000E+00  0.0000000E+00  0.0000000E+00  0.0000000E+00  0.0000000E+00  0.0000000E+00
         1    50      1  0.0000000E+00  0.0000000E+00  0.0000000E+00  0.0000000E+00  0.0000000E+00  0.0000000E+00
         1    50      2 -0.6632369E-03 -0.2106491E-04  0.0000000E+00  0.0000000E+00  0.1975856E-03  0.0000000E+00
         1    50      3 -0.9949248E-03 -0.3159843E-04  0.0000000E+00  0.0000000E+00  0.2963350E-03  0.0000000E+00
         1    50      4 -0.1326659E-02 -0.4213261E-04  0.0000000E+00  0.0000000E+00  0.3950555E-03  0.0000000E+00
         1    50      5 -0.1658438E-02 -0.5266745E-04  0.0000000E+00  0.0000000E+00  0.4937470E-03  0.0000000E+00
         1    50      6 -0.1990264E-02 -0.6320290E-04  0.0000000E+00  0.0000000E+00  0.5924096E-03  0.0000000E+00
         1    50      7 -0.2322134E-02 -0.7373895E-04  0.0000000E+00  0.0000000E+00  0.6910434E-03  0.0000000E+00
         1    50      8 -0.2654051E-02 -0.8427557E-04  0.0000000E+00  0.0000000E+00  0.7896482E-03  0.0000000E+00
         1    50      9 -0.2986012E-02 -0.9481274E-04  0.0000000E+00  0.0000000E+00  0.8882242E-03  0.0000000E+00
         1    50     10  0.5431312E-02  0.4711423E-03  0.0000000E+00  0.0000000E+00  0.6813861E-02  0.1000000E-02

         1    51      0  0.0000000E+00  0.0000000E+00  0.0000000E+00  0.0000000E+00  0.0000000E+00  0.0000000E+00
         1    51      1  0.0000000E+00  0.0000000E+00  0.0000000E+00  0.0000000E+00  0.0000000E+00  0.0000000E+00
         1    51      2 -0.6685031E-03 -0.2106491E-04  0.0000000E+00  0.0000000E+00  0.1975856E-03  0.0000000E+00
         1    51      3 -0.1002824E-02 -0.3159843E-04  0.0000000E+00  0.0000000E+00  0.2963350E-03  0.0000000E+00
         1    51      4 -0.1337192E-02 -0.4213261E-04  0.0000000E+00  0.0000000E+00  0.3950554E-03  0.0000000E+00
         1    51      5 -0.1671605E-02 -0.5266745E-04  0.0000000E+00  0.0000000E+00  0.4937468E-03  0.0000000E+00
         1    51      6 -0.2006064E-02 -0.6320290E-04  0.0000000E+00  0.0000000E+00  0.5924094E-03  0.0000000E+00
         1    51      7 -0.2340569E-02 -0.7373895E-04  0.0000000E+00  0.0000000E+00  0.6910430E-03  0.0000000E+00
         1    51      8 -0.2675119E-02 -0.8427557E-04  0.0000000E+00  0.0000000E+00  0.7896477E-03  0.0000000E+00
         1    51      9 -0.3009715E-02 -0.9481274E-04  0.0000000E+00  0.0000000E+00  0.8882236E-03  0.0000000E+00
         1    51     10  0.5549032E-02  0.4711423E-03  0.0000000E+00  0.0000000E+00  0.6863271E-02  0.1000000E-02

         1    52      0  0.0000000E+00  0.0000000E+00  0.0000000E+00  0.0000000E+00  0.0000000E+00  0.0000000E+00
         1    52      1  0.0000000E+00  0.0000000E+00  0.0000000E+00  0.0000000E+00  0.0000000E+00  0.0000000E+00
         1    52      2 -0.6716655E-03 -0.2109955E-04  0.0000000E+00  0.0000000E+00  0.1975856E-03  0.0000000E+00
         1    52      3 -0.1007570E-02 -0.3167637E-04  0.0000000E+00  0.0000000E+00  0.2963349E-03  0.0000000E+00
         1    52      4 -0.1343522E-02 -0.4227120E-04  0.0000000E+00  0.0000000E+00  0.3950553E-03  0.0000000E+00
         1    52      5 -0.1679522E-02 -0.5288402E-04  0.0000000E+00  0.0000000E+00  0.4937467E-03  0.0000000E+00
         1    52      6 -0.2015568E-02 -0.6351482E-04  0.0000000E+00  0.0000000E+00  0.5924092E-03  0.0000000E+00
         1    52      7 -0.2351662E-02 -0.7416356E-04  0.0000000E+00  0.0000000E+00  0.6910428E-03  0.0000000E+00
         1    52      8 -0.2687802E-02 -0.8483024E-04  0.0000000E+00  0.0000000E+00  0.7896475E-03  0.0000000E+00
         1    52      9 -0.3023989E-02 -0.9551484E-04  0.0000000E+00  0.0000000E+00  0.8882232E-03  0.0000000E+00
         1    52     10  0.5619485E-02  0.4687367E-03  0.0000000E+00  0.0000000E+00  0.6892916E-02  0.1000000E-02

         1    53      0  0.0000000E+00  0.0000000E+00  0.0000000E+00  0.0000000E+00  0.0000000E+00  0.0000000E+00
         1    53      1  0.0000000E+00  0.0000000E+00  0.0000000E+00  0.0000000E+00  0.0000000E+00  0.0000000E+00
         1    53      2 -0.6769404E-03 -0.2109955E-04  0.0000000E+00  0.0000000E+00  0.1975856E-03  0.0000000E+00
         1    53      3 -0.1015489E-02 -0.3167637E-04  0.0000000E+00  0.0000000E+00  0.2963348E-03  0.0000000E+00
         1    53      4 -0.1354090E-02 -0.4227120E-04  0.0000000E+00  0.0000000E+00  0.3950552E-03  0.0000000E+00
         1    53      5 -0.1692743E-02 -0.5288402E-04  0.0000000E+00  0.0000000E+00  0.4937465E-03  0.0000000E+00
         1    53      6 -0.2031447E-02 -0.6351482E-04  0.0000000E+00  0.0000000E+00  0.5924089E-03  0.0000000E+00
         1    53      7 -0.2370203E-02 -0.7416356E-04  0.0000000E+00  0.0000000E+00  0.6910424E-03  0.0000000E+00
         1    53      8 -0.2709010E-02 -0.8483024E-04  0.0000000E+00  0.0000000E+00  0.7896470E-03  0.0000000E+00
         1    53      9 -0.3047868E-02 -0.9551484E-04  0.0000000E+00  0.0000000E+00  0.8882226E-03  0.0000000E+00
         1    53     10  0.5736604E-02  0.4687367E-03  0.0000000E+00  0.0000000E+00  0.6942326E-02  0.1000000E-02

         1    54      0  0.0000000E+00  0.0000000E+00  0.0000000E+00  0.0000000E+00  0.0000000E+00  0.0000000E+00
         1    54      1  0.0000000E+00  0.0000000E+00  0.0000000E+00  0.0000000E+00  0.0000000E+00  0.0000000E+00
         1    54      2 -0.6737720E-03  0.3373034E-04  0.0000000E+00  0.0000000E+00  0.1975789E-03  0.0000000E+00
         1    54      3 -0.1010748E-02  0.5057531E-04  0.0000000E+00  0.0000000E+00  0.2963199E-03  0.0000000E+00
         1    54      4 -0.1347785E-02  0.6740684E-04  0.0000000E+00  0.0000000E+00  0.3950285E-03  0.0000000E+00
         1    54      5 -0.1684881E-02  0.8422491E-04  0.0000000E+00  0.0000000E+00  0.4937049E-03  0.0000000E+00
         1    54      6 -0.2022036E-02  0.1010295E-03  0.0000000E+00  0.0000000E+00  0.5923489E-03  0.0000000E+00
         1    54      7 -0.2359252E-02  0.1178207E-03  0.0000000E+00  0.0000000E+00  0.6909607E-03  0.0000000E+00
         1    54      8 -0.2696526E-02  0.1345984E-03  0.0000000E+00  0.0000000E+00  0.7895403E-03  0.0000000E+00
         1    54      9 -0.3033859E-02  0.1513627E-03  0.0000000E+00  0.0000000E+00  0.8880876E-03  0.0000000E+00
         1    54     10  0.5853722E-02 -0.1584917E-05  0.0000000E+00  0.0000000E+00  0.7040678E-02  0.1000000E-02

         1    55      0  0.0000000E+00  0.0000000E+00  0.0000000E+00  0.0000000E+00  0.0000000E+00  0.0000000E+00
         1    55      1  0.0000000E+00  0.0000000E+00  0.0000000E+00  0.0000000E+00  0.0000000E+00  0.0000000E+00
         1    55      2 -0.6434370E-03  0.8720021E-04  0.0000000E+00  0.0000000E+00  0.1975721E-03  0.0000000E+00
         1    55      3 -0.9652541E-03  0.1307878E-03  0.0000000E+00  0.0000000E+00  0.2963045E-03  0.0000000E+00
         1    55      4 -0.1287137E-02  0.1743670E-03  0.0000000E+00  0.0000000E+00  0.3950011E-03  0.0000000E+00
         1    55      5 -0.1609084E-02  0.2179379E-03  0.0000000E+00  0.0000000E+00  0.4936621E-03  0.0000000E+00
         1    55      6 -0.1931097E-02  0.2615003E-03  0.0000000E+00  0.0000000E+00  0.5922873E-03  0.0000000E+00
         1    55      7 -0.2253175E-02  0.3050544E-03  0.0000000E+00  0.0000000E+00  0.6908769E-03  0.0000000E+00
         1    55      8 -0.2575317E-02  0.3486001E-03  0.0000000E+00  0.0000000E+00  0.7894307E-03  0.0000000E+00
         1    55      9 -0.2897524E-02  0.3921373E-03  0.0000000E+00  0.0000000E+00  0.8879489E-03  0.0000000E+00
         1    55     10  0.5735031E-02 -0.4718427E-03  0.0000000E+00  0.0000000E+00  0.7139031E-02  0.1000000E-02

         1    56      0  0.0000000E+00  0.0000000E+00  0.0000000E+00  0.0000000E+00  0.0000000E+00  0.0000000E+00
         1    56      1  0.0000000E+00  0.0000000E+00  0.0000000E+00  0.0000000E+00  0.0000000E+00  0.0000000E+00
         1    56      2 -0.6216369E-03  0.8720021E-04  0.0000000E+00  0.0000000E+00  0.1975715E-03  0.0000000E+00
         1    56      3 -0.9325571E-03  0.1307878E-03  0.0000000E+00  0.0000000E+00  0.2963033E-03  0.0000000E+00
         1    56      4 -0.1243545E-02  0.1743670E-03  0.0000000E+00  0.0000000E+00  0.3949990E-03  0.0000000E+00
         1    56      5 -0.1554600E-02  0.2179379E-03  0.0000000E+00  0.0000000E+00  0.4936588E-03  0.0000000E+00
         1    56      6 -0.1865722E-02  0.2615003E-03  0.0000000E+00  0.0000000E+00  0.5922826E-03  0.0000000E+00
         1    56      7 -0.2176911E-02  0.3050544E-03  0.0000000E+00  0.0000000E+00  0.6908704E-03  0.0000000E+00
         1    56      8 -0.2488167E-02  0.3486001E-03  0.0000000E+00  0.0000000E+00  0.7894223E-03  0.0000000E+00
         1    56      9 -0.2799489E-02  0.3921373E-03  0.0000000E+00  0.0000000E+00  0.8879382E-03  0.0000000E+00
         1    56     10  0.5617136E-02 -0.4718427E-03  0.0000000E+00  0.0000000E+00  0.7188440E-02  0.1000000E-02

         1    57      0  0.0000000E+00  0.0000000E+00  0.0000000E+00  0.0000000E+00  0.0000000E+00  0.0000000E+00
         1    57      1  0.0000000E+00  0.0000000E+00  0.0000000E+00  0.0000000E+00  0.0000000E+00  0.0000000E+00
         1    57      2 -0.6085569E-03  0.8720021E-04  0.0000000E+00  0.0000000E+00  0.1975712E-03  0.0000000E+00
         1    57      3 -0.9129390E-03  0.1307878E-03  0.0000000E+00  0.0000000E+00  0.2963026E-03  0.0000000E+00
         1    57      4 -0.1217390E-02  0.1743670E-03  0.0000000E+00  0.0000000E+00  0.3949978E-03  0.0000000E+00
         1    57      5 -0.1521909E-02  0.2179379E-03  0.0000000E+00  0.0000000E+00  0.4936568E-03  0.0000000E+00
         1    57      6 -0.1826497E-02  0.2615003E-03  0.0000000E+00  0.0000000E+00  0.5922797E-03  0.0000000E+00
         1    57      7 -0.2131153E-02  0.3050544E-03  0.0000000E+00  0.0000000E+00  0.6908665E-03  0.0000000E+00
         1    57      8 -0.2435877E-02  0.3486001E-03  0.0000000E+00  0.0000000E+00  0.7894172E-03  0.0000000E+00
         1    57      9 -0.2740669E-02  0.3921373E-03  0.0000000E+00  0.0000000E+00  0.8879318E-03  0.0000000E+00
         1    57     10  0.5546398E-02 -0.4718427E-03  0.0000000E+00  0.0000000E+00  0.7218086E-02  0.1000000E-02

         1    58      0  0.0000000E+00  0.0000000E+00  0.0000000E+00  0.0000000E+00  0.0000000E+00  0.0000000E+00
         1    58      1  0.0000000E+00  0.0000000E+00  0.0000000E+00  0.0000000E+00  0.0000000E+00  0.0000000E+00
         1    58      2 -0.5867569E-03  0.8720021E-04  0.0000000E+00  0.0000000E+00  0.1975707E-03  0.0000000E+00
         1    58      3 -0.8802420E-03  0.1307878E-03  0.0000000E+00  0.0000000E+00  0.2963014E-03  0.0000000E+00
         1    58      4 -0.1173798E-02  0.1743670E-03  0.0000000E+00  0.0000000E+00  0.3949956E-03  0.0000000E+00
         1    58      5 -0.1467425E-02  0.2179379E-03  0.0000000E+00  0.0000000E+00  0.4936535E-03  0.0000000E+00
         1    58      6 -0.1761122E-02  0.2615003E-03  0.0000000E+00  0.0000000E+00  0.5922750E-03  0.0000000E+00
         1    58      7 -0.2054889E-02  0.3050544E-03  0.0000000E+00  0.0000000E+00  0.6908601E-03  0.0000000E+00
         1    58      8 -0.2348727E-02  0.3486001E-03  0.0000000E+00  0.0000000E+00  0.7894088E-03  0.0000000E+00
         1    58      9 -0.2642635E-02  0.3921373E-03  0.0000000E+00  0.0000000E+00  0.8879211E-03  0.0000000E+00
         1    58     10  0.5428503E-02 -0.4718427E-03  0.0000000E+00  0.0000000E+00  0.7267495E-02  0.1000000E-02

         1    59      0  0.0000000E+00  0.0000000E+00  0.0000000E+00  0.0000000E+00  0.0000000E+00  0.0000000E+00
         1    59      1  0.0000000E+00  0.0000000E+00  0.0000000E+00  0.0000000E+00  0.0000000E+00  0.0000000E+00
         1    59      2 -0.1724078E-03  0.8930432E-04  0.0000000E+00  0.0000000E+00  0.2411342E-03  0.0000000E+00
         1    59      3 -0.2587835E-03  0.1339440E-03  0.0000000E+00  0.0000000E+00  0.3616548E-03  0.0000000E+00
         1    59      4 -0.3452734E-03  0.1785753E-03  0.0000000E+00  0.0000000E+00  0.4821444E-03  0.0000000E+00
         1    59      5 -0.4318776E-03  0.2231983E-03  0.0000000E+00  0.0000000E+00  0.6026028E-03  0.0000000E+00
         1    59      6 -0.5185958E-03  0.2678129E-03  0.0000000E+00  0.0000000E+00  0.7230303E-03  0.0000000E+00
         1    59      7 -0.6054279E-03  0.3124192E-03  0.0000000E+00  0.0000000E+00  0.8434267E-03  0.0000000E+00
         1    59      8 -0.6923738E-03  0.3570170E-03  0.0000000E+00  0.0000000E+00  0.9637920E-03  0.0000000E+00
         1    59      9 -0.7794333E-03  0.4016064E-03  0.0000000E+00  0.0000000E+00  0.1084126E-02  0.0000000E+00
         1    59     10  0.3425499E-02 -0.3816519E-03  0.0000000E+00  0.0000000E+00  0.7690803E-02  0.1000000E-02

         1    60      0  0.0000000E+00  0.0000000E+00  0.0000000E+00  0.0000000E+00  0.0000000E+00  0.0000000E+00
         1    60      1  0.0000000E+00  0.0000000E+00  0.0000000E+00  0.0000000E+00  0.0000000E+00  0.0000000E+00
         1    60      2 -0.1500817E-03  0.8930432E-04  0.0000000E+00  0.0000000E+00  0.2411337E-03  0.0000000E+00
         1    60      3 -0.2252975E-03  0.1339440E-03  0.0000000E+00  0.0000000E+00  0.3616536E-03  0.0000000E+00
         1    60      4 -0.3006296E-03  0.1785753E-03  0.0000000E+00  0.0000000E+00  0.4821421E-03  0.0000000E+00
         1    60      5 -0.3760780E-03  0.2231983E-03  0.0000000E+00  0.0000000E+00  0.6025994E-03  0.0000000E+00
         1    60      6 -0.4516425E-03  0.2678129E-03  0.0000000E+00  0.0000000E+00  0.7230253E-03  0.0000000E+00
         1    60      7 -0.5273231E-03  0.3124192E-03  0.0000000E+00  0.0000000E+00  0.8434199E-03  0.0000000E+00
         1    60      8 -0.6031195E-03  0.3570170E-03  0.0000000E+00  0.0000000E+00  0.9637832E-03  0.0000000E+00
         1    60      9 -0.6790317E-03  0.4016064E-03  0.0000000E+00  0.0000000E+00  0.1084115E-02  0.0000000E+00
         1    60     10  0.3330139E-02 -0.3816519E-03  0.0000000E+00  0.0000000E+00  0.7740218E-02  0.1000000E-02

         1    61      0  0.0000000E+00  0.0000000E+00  0.0000000E+00  0.0000000E+00  0.0000000E+00  0.0000000E+00
         1    61      1  0.0000000E+00  0.0000000E+00  0.0000000E+00  0.0000000E+00  0.0000000E+00  0.0000000E+00
         1    61      2 -0.1366860E-03  0.8930585E-04  0.0000000E+00  0.0000000E+00  0.2411334E-03  0.0000000E+00
         1    61      3 -0.2052056E-03  0.1339475E-03  0.0000000E+00  0.0000000E+00  0.3616528E-03  0.0000000E+00
         1    61      4 -0.2738428E-03  0.1785815E-03  0.0000000E+00  0.0000000E+00  0.4821408E-03  0.0000000E+00
         1    61      5 -0.3425975E-03  0.2232079E-03  0.0000000E+00  0.0000000E+00  0.6025973E-03  0.0000000E+00
         1    61      6 -0.4114695E-03  0.2678268E-03  0.0000000E+00  0.0000000E+00  0.7230223E-03  0.0000000E+00
         1    61      7 -0.4804588E-03  0.3124381E-03  0.0000000E+00  0.0000000E+00  0.8434158E-03  0.0000000E+00
         1    61      8 -0.5495650E-03  0.3570417E-03  0.0000000E+00  0.0000000E+00  0.9637779E-03  0.0000000E+00
         1    61      9 -0.6187883E-03  0.4016378E-03  0.0000000E+00  0.0000000E+00  0.1084108E-02  0.0000000E+00
         1    61     10  0.3272984E-02 -0.3808411E-03  0.0000000E+00  0.0000000E+00  0.7769867E-02  0.1000000E-02

         1    62      0  0.0000000E+00  0.0000000E+00  0.0000000E+00  0.0000000E+00  0.0000000E+00  0.0000000E+00
         1    62      1  0.0000000E+00  0.0000000E+00  0.0000000E+00  0.0000000E+00  0.0000000E+00  0.0000000E+00
         1    62      2 -0.1143595E-03  0.8930585E-04  0.0000000E+00  0.0000000E+00  0.2411328E-03  0.0000000E+00
         1    62      3 -0.1717187E-03  0.1339475E-03  0.0000000E+00  0.0000000E+00  0.3616516E-03  0.0000000E+00
         1    62      4 -0.2291975E-03  0.1785815E-03  0.0000000E+00  0.0000000E+00  0.4821386E-03  0.0000000E+00
         1    62      5 -0.2867955E-03  0.2232079E-03  0.0000000E+00  0.0000000E+00  0.6025939E-03  0.0000000E+00
         1    62      6 -0.3445128E-03  0.2678268E-03  0.0000000E+00  0.0000000E+00  0.7230173E-03  0.0000000E+00
         1    62      7 -0.4023492E-03  0.3124381E-03  0.0000000E+00  0.0000000E+00  0.8434091E-03  0.0000000E+00
         1    62      8 -0.4603046E-03  0.3570417E-03  0.0000000E+00  0.0000000E+00  0.9637690E-03  0.0000000E+00
         1    62      9 -0.5183788E-03  0.4016378E-03  0.0000000E+00  0.0000000E+00  0.1084097E-02  0.0000000E+00
         1    62     10  0.3177826E-02 -0.3808411E-03  0.0000000E+00  0.0000000E+00  0.7819281E-02  0.1000000E-02

         1    63      0  0.0000000E+00  0.0000000E+00  0.0000000E+00  0.0000000E+00  0.0000000E+00  0.0000000E+00
         1    63      1  0.0000000E+00  0.0000000E+00  0.0000000E+00  0.0000000E+00  0.0000000E+00  0.0000000E+00
         1    63      2 -0.7154708E-04  0.8246991E-04  0.0000000E+00  0.0000000E+00  0.2411319E-03  0.0000000E+00
         1    63      3 -0.1075091E-03  0.1236800E-03  0.0000000E+00  0.0000000E+00  0.3616495E-03  0.0000000E+00
         1    63      4 -0.1435966E-03  0.1648735E-03  0.0000000E+00  0.0000000E+00  0.4821350E-03  0.0000000E+00
         1    63      5 -0.1798096E-03  0.2060505E-03  0.0000000E+00  0.0000000E+00  0.6025882E-03  0.0000000E+00
         1    63      6 -0.2161477E-03  0.2472108E-03  0.0000000E+00  0.0000000E+00  0.7230092E-03  0.0000000E+00
         1    63      7 -0.2526110E-03  0.2883546E-03  0.0000000E+00  0.0000000E+00  0.8433980E-03  0.0000000E+00
         1    63      8 -0.2891993E-03  0.3294818E-03  0.0000000E+00  0.0000000E+00  0.9637546E-03  0.0000000E+00
         1    63      9 -0.3259125E-03  0.3705924E-03  0.0000000E+00  0.0000000E+00  0.1084079E-02  0.0000000E+00
         1    63     10  0.3045072E-02 -0.1521006E-03  0.0000000E+00  0.0000000E+00  0.7918247E-02  0.1000000E-02

         1    64      0  0.0000000E+00  0.0000000E+00  0.0000000E+00  0.0000000E+00  0.0000000E+00  0.0000000E+00
         1    64      1  0.0000000E+00  0.0000000E+00  0.0000000E+00  0.0000000E+00  0.0000000E+00  0.0000000E+00
         1    64      2 -0.3138170E-04  0.7868513E-04  0.0000000E+00  0.0000000E+00  0.2411310E-03  0.0000000E+00
         1    64      3 -0.4727704E-04  0.1179884E-03  0.0000000E+00  0.0000000E+00  0.3616476E-03  0.0000000E+00
         1    64      4 -0.6330854E-04  0.1572654E-03  0.0000000E+00  0.0000000E+00  0.4821316E-03  0.0000000E+00
         1    64      5 -0.7947607E-04  0.1965163E-03  0.0000000E+00  0.0000000E+00  0.6025829E-03  0.0000000E+00
         1    64      6 -0.9577951E-04  0.2357410E-03  0.0000000E+00  0.0000000E+00  0.7230015E-03  0.0000000E+00
         1    64      7 -0.1122187E-03  0.2749395E-03  0.0000000E+00  0.0000000E+00  0.8433875E-03  0.0000000E+00
         1    64      8 -0.1287936E-03  0.3141118E-03  0.0000000E+00  0.0000000E+00  0.9637409E-03  0.0000000E+00
         1    64      9 -0.1455040E-03  0.3532580E-03  0.0000000E+00  0.0000000E+00  0.1084062E-02  0.0000000E+00
         1    64     10  0.3024875E-02  0.7101772E-04  0.0000000E+00  0.0000000E+00  0.8017216E-02  0.1000000E-02

         1    65      0  0.0000000E+00  0.0000000E+00  0.0000000E+00  0.0000000E+00  0.0000000E+00  0.0000000E+00
         1    65      1  0.0000000E+00  0.0000000E+00  0.0000000E+00  0.0000000E+00  0.0000000E+00  0.0000000E+00
         1    65      2 -0.1171042E-04  0.7868513E-04  0.0000000E+00  0.0000000E+00  0.2411306E-03  0.0000000E+00
         1    65      3 -0.1777994E-04  0.1179884E-03  0.0000000E+00  0.0000000E+00  0.3616466E-03  0.0000000E+00
         1    65      4 -0.2399218E-04  0.1572654E-03  0.0000000E+00  0.0000000E+00  0.4821298E-03  0.0000000E+00
         1    65      5 -0.3034700E-04  0.1965163E-03  0.0000000E+00  0.0000000E+00  0.6025802E-03  0.0000000E+00
         1    65      6 -0.3684427E-04  0.2357410E-03  0.0000000E+00  0.0000000E+00  0.7229977E-03  0.0000000E+00
         1    65      7 -0.4348386E-04  0.2749395E-03  0.0000000E+00  0.0000000E+00  0.8433823E-03  0.0000000E+00
         1    65      8 -0.5026565E-04  0.3141118E-03  0.0000000E+00  0.0000000E+00  0.9637341E-03  0.0000000E+00
         1    65      9 -0.5718950E-04  0.3532580E-03  0.0000000E+00  0.0000000E+00  0.1084053E-02  0.0000000E+00
         1    65     10  0.3042619E-02  0.7101772E-04  0.0000000E+00  0.0000000E+00  0.8066640E-02  0.1000000E-02

         1    66      0  0.0000000E+00  0.0000000E+00  0.0000000E+00  0.0000000E+00  0.0000000E+00  0.0000000E+00
         1    66      1  0.0000000E+00  0.0000000E+00  0.0000000E+00  0.0000000E+00  0.0000000E+00  0.0000000E+00
         1    66      2  0.9235254E-07  0.7868513E-04  0.0000000E+00  0.0000000E+00  0.2411304E-03  0.0000000E+00
         1    66      3 -0.8168708E-07  0.1179884E-03  0.0000000E+00  0.0000000E+00  0.3616461E-03  0.0000000E+00
         1    66      4 -0.4023652E-06  0.1572654E-03  0.0000000E+00  0.0000000E+00  0.4821288E-03  0.0000000E+00
         1    66      5 -0.8695525E-06  0.1965163E-03  0.0000000E+00  0.0000000E+00  0.6025786E-03  0.0000000E+00
         1    66      6 -0.1483119E-05  0.2357410E-03  0.0000000E+00  0.0000000E+00  0.7229954E-03  0.0000000E+00
         1    66      7 -0.2242935E-05  0.2749395E-03  0.0000000E+00  0.0000000E+00  0.8433792E-03  0.0000000E+00
         1    66      8 -0.3148870E-05  0.3141118E-03  0.0000000E+00  0.0000000E+00  0.9637300E-03  0.0000000E+00
         1    66      9 -0.4200793E-05  0.3532580E-03  0.0000000E+00  0.0000000E+00  0.1084048E-02  0.0000000E+00
         1    66     10  0.3053266E-02  0.7101772E-04  0.0000000E+00  0.0000000E+00  0.8096295E-02  0.1000000E-02

         1    67      0  0.0000000E+00  0.0000000E+00  0.0000000E+00  0.0000000E+00  0.0000000E+00  0.0000000E+00
         1    67      1  0.0000000E+00  0.0000000E+00  0.0000000E+00  0.0000000E+00  0.0000000E+00  0.0000000E+00
         1    67      2  0.1976363E-04  0.7868513E-04  0.0000000E+00  0.0000000E+00  0.2411299E-03  0.0000000E+00
         1    67      3  0.2941541E-04  0.1179884E-03  0.0000000E+00  0.0000000E+00  0.3616451E-03  0.0000000E+00
         1    67      4  0.3891399E-04  0.1572654E-03  0.0000000E+00  0.0000000E+00  0.4821271E-03  0.0000000E+00
         1    67      5  0.4825952E-04  0.1965163E-03  0.0000000E+00  0.0000000E+00  0.6025759E-03  0.0000000E+00
         1    67      6  0.5745213E-04  0.2357410E-03  0.0000000E+00  0.0000000E+00  0.7229915E-03  0.0000000E+00
         1    67      7  0.6649194E-04  0.2749395E-03  0.0000000E+00  0.0000000E+00  0.8433739E-03  0.0000000E+00
         1    67      8  0.7537910E-04  0.3141118E-03  0.0000000E+00  0.0000000E+00  0.9637231E-03  0.0000000E+00
         1    67      9  0.8411372E-04  0.3532580E-03  0.0000000E+00  0.0000000E+00  0.1084039E-02  0.0000000E+00
         1    67     10  0.3071011E-02  0.7101772E-04  0.0000000E+00  0.0000000E+00  0.8145719E-02  0.1000000E-02

         1    68      0  0.0000000E+00  0.0000000E+00  0.0000000E+00  0.0000000E+00  0.0000000E+00  0.0000000E+00
         1    68      1  0.0000000E+00  0.0000000E+00  0.0000000E+00  0.0000000E+00  0.0000000E+00  0.0000000E+00
         1    68      2  0.3865591E-03  0.7755765E-04  0.0000000E+00  0.0000000E+00  0.2178000E-03  0.0000000E+00
         1    68      3  0.5794299E-03  0.1162984E-03  0.0000000E+00  0.0000000E+00  0.3266808E-03  0.0000000E+00
         1    68      4  0.7720283E-03  0.1550137E-03  0.0000000E+00  0.0000000E+00  0.4355489E-03  0.0000000E+00
         1    68      5  0.9643546E-03  0.1937036E-03  0.0000000E+00  0.0000000E+00  0.5444042E-03  0.0000000E+00
         1    68      6  0.1156409E-02  0.2323681E-03  0.0000000E+00  0.0000000E+00  0.6532467E-03  0.0000000E+00
         1    68      7  0.1348191E-02  0.2710073E-03  0.0000000E+00  0.0000000E+00  0.7620763E-03  0.0000000E+00
         1    68      8  0.1539702E-02  0.3096211E-03  0.0000000E+00  0.0000000E+00  0.8708932E-03  0.0000000E+00
         1    68      9  0.1730941E-02  0.3482095E-03  0.0000000E+00  0.0000000E+00  0.9796972E-03  0.0000000E+00
         1    68     10  0.3630022E-02  0.1671948E-03  0.0000000E+00  0.0000000E+00  0.8692733E-02  0.1000000E-02

         1    69      0  0.0000000E+00  0.0000000E+00  0.0000000E+00  0.0000000E+00  0.0000000E+00  0.0000000E+00
         1    69      1  0.0000000E+00  0.0000000E+00  0.0000000E+00  0.0000000E+00  0.0000000E+00  0.0000000E+00
         1    69      2  0.4059486E-03  0.7755765E-04  0.0000000E+00  0.0000000E+00  0.2177996E-03  0.0000000E+00
         1    69      3  0.6085045E-03  0.1162984E-03  0.0000000E+00  0.0000000E+00  0.3266799E-03  0.0000000E+00
         1    69      4  0.8107817E-03  0.1550137E-03  0.0000000E+00  0.0000000E+00  0.4355472E-03  0.0000000E+00
         1    69      5  0.1012780E-02  0.1937036E-03  0.0000000E+00  0.0000000E+00  0.5444016E-03  0.0000000E+00
         1    69      6  0.1214501E-02  0.2323681E-03  0.0000000E+00  0.0000000E+00  0.6532429E-03  0.0000000E+00
         1    69      7  0.1415943E-02  0.2710073E-03  0.0000000E+00  0.0000000E+00  0.7620712E-03  0.0000000E+00
         1    69      8  0.1617107E-02  0.3096211E-03  0.0000000E+00  0.0000000E+00  0.8708865E-03  0.0000000E+00
         1    69      9  0.1817994E-02  0.3482095E-03  0.0000000E+00  0.0000000E+00  0.9796888E-03  0.0000000E+00
         1    69     10  0.3671798E-02  0.1671948E-03  0.0000000E+00  0.0000000E+00  0.8742156E-02  0.1000000E-02

         1    70      0  0.0000000E+00  0.0000000E+00  0.0000000E+00  0.0000000E+00  0.0000000E+00  0.0000000E+00
         1    70      1  0.0000000E+00  0.0000000E+00  0.0000000E+00  0.0000000E+00  0.0000000E+00  0.0000000E+00
         1    70      2  0.4175820E-03  0.7755456E-04  0.0000000E+00  0.0000000E+00  0.2177993E-03  0.0000000E+00
         1    70      3  0.6259487E-03  0.1162914E-03  0.0000000E+00  0.0000000E+00  0.3266793E-03  0.0000000E+00
         1    70      4  0.8340329E-03  0.1550013E-03  0.0000000E+00  0.0000000E+00  0.4355462E-03  0.0000000E+00
         1    70      5  0.1041835E-02  0.1936843E-03  0.0000000E+00  0.0000000E+00  0.5444000E-03  0.0000000E+00
         1    70      6  0.1249354E-02  0.2323404E-03  0.0000000E+00  0.0000000E+00  0.6532407E-03  0.0000000E+00
         1    70      7  0.1456591E-02  0.2709696E-03  0.0000000E+00  0.0000000E+00  0.7620682E-03  0.0000000E+00
         1    70      8  0.1663547E-02  0.3095719E-03  0.0000000E+00  0.0000000E+00  0.8708825E-03  0.0000000E+00
         1    70      9  0.1870220E-02  0.3481474E-03  0.0000000E+00  0.0000000E+00  0.9796837E-03  0.0000000E+00
         1    70     10  0.3696844E-02  0.1669470E-03  0.0000000E+00  0.0000000E+00  0.8771809E-02  0.1000000E-02

         1    71      0  0.0000000E+00  0.0000000E+00  0.0000000E+00  0.0000000E+00  0.0000000E+00  0.0000000E+00
         1    71      1  0.0000000E+00  0.0000000E+00  0.0000000E+00  0.0000000E+00  0.0000000E+00  0.0000000E+00
         1    71      2  0.4369706E-03  0.7755456E-04  0.0000000E+00  0.0000000E+00  0.2177989E-03  0.0000000E+00
         1    71      3  0.6550216E-03  0.1162914E-03  0.0000000E+00  0.0000000E+00  0.3266784E-03  0.0000000E+00
         1    71      4  0.8727832E-03  0.1550013E-03  0.0000000E+00  0.0000000E+00  0.4355446E-03  0.0000000E+00
         1    71      5  0.1090256E-02  0.1936843E-03  0.0000000E+00  0.0000000E+00  0.5443974E-03  0.0000000E+00
         1    71      6  0.1307439E-02  0.2323404E-03  0.0000000E+00  0.0000000E+00  0.6532369E-03  0.0000000E+00
         1    71      7  0.1524334E-02  0.2709696E-03  0.0000000E+00  0.0000000E+00  0.7620631E-03  0.0000000E+00
         1    71      8  0.1740940E-02  0.3095719E-03  0.0000000E+00  0.0000000E+00  0.8708759E-03  0.0000000E+00
         1    71      9  0.1957257E-02  0.3481474E-03  0.0000000E+00  0.0000000E+00  0.9796753E-03  0.0000000E+00
         1    71     10  0.3738558E-02  0.1669470E-03  0.0000000E+00  0.0000000E+00  0.8821232E-02  0.1000000E-02

         1    72      0  0.0000000E+00  0.0000000E+00  0.0000000E+00  0.0000000E+00  0.0000000E+00  0.0000000E+00
         1    72      1  0.0000000E+00  0.0000000E+00  0.0000000E+00  0.0000000E+00  0.0000000E+00  0.0000000E+00
         1    72      2  0.4666776E-03  0.4087249E-04  0.0000000E+00  0.0000000E+00  0.2177954E-03  0.0000000E+00
         1    72      3  0.6995707E-03  0.6130402E-04  0.0000000E+00  0.0000000E+00  0.3266706E-03  0.0000000E+00
         1    72      4  0.9321670E-03  0.8173242E-04  0.0000000E+00  0.0000000E+00  0.4355307E-03  0.0000000E+00
         1    72      5  0.1164467E-02  0.1021577E-03  0.0000000E+00  0.0000000E+00  0.5443758E-03  0.0000000E+00
         1    72      6  0.1396470E-02  0.1225798E-03  0.0000000E+00  0.0000000E+00  0.6532058E-03  0.0000000E+00
         1    72      7  0.1628176E-02  0.1429988E-03  0.0000000E+00  0.0000000E+00  0.7620208E-03  0.0000000E+00
         1    72      8  0.1859587E-02  0.1634146E-03  0.0000000E+00  0.0000000E+00  0.8708207E-03  0.0000000E+00
         1    72      9  0.2090701E-02  0.1838273E-03  0.0000000E+00  0.0000000E+00  0.9796056E-03  0.0000000E+00
         1    72     10  0.3746123E-02 -0.1367721E-03  0.0000000E+00  0.0000000E+00  0.8919878E-02  0.1000000E-02

         1    73      0  0.0000000E+00  0.0000000E+00  0.0000000E+00  0.0000000E+00  0.0000000E+00  0.0000000E+00
         1    73      1  0.0000000E+00  0.0000000E+00  0.0000000E+00  0.0000000E+00  0.0000000E+00  0.0000000E+00
         1    73      2  0.4775681E-03  0.2542429E-05  0.0000000E+00  0.0000000E+00  0.2177921E-03  0.0000000E+00
         1    73      3  0.7159131E-03  0.3844847E-05  0.0000000E+00  0.0000000E+00  0.3266631E-03  0.0000000E+00
         1    73      4  0.9539656E-03  0.5168050E-05  0.0000000E+00  0.0000000E+00  0.4355175E-03  0.0000000E+00
         1    73      5  0.1191726E-02  0.6512023E-05  0.0000000E+00  0.0000000E+00  0.5443551E-03  0.0000000E+00
         1    73      6  0.1429194E-02  0.7876751E-05  0.0000000E+00  0.0000000E+00  0.6531761E-03  0.0000000E+00
         1    73      7  0.1666370E-02  0.9262221E-05  0.0000000E+00  0.0000000E+00  0.7619804E-03  0.0000000E+00
         1    73      8  0.1903255E-02  0.1066842E-04  0.0000000E+00  0.0000000E+00  0.8707680E-03  0.0000000E+00
         1    73      9  0.2139848E-02  0.1209533E-04  0.0000000E+00  0.0000000E+00  0.9795390E-03  0.0000000E+00
         1    73     10  0.3602781E-02 -0.4349815E-03  0.0000000E+00  0.0000000E+00  0.9018519E-02  0.1000000E-02

         1    74      0  0.0000000E+00  0.0000000E+00  0.0000000E+00  0.0000000E+00  0.0000000E+00  0.0000000E+00
         1    74      1  0.0000000E+00  0.0000000E+00  0.0000000E+00  0.0000000E+00  0.0000000E+00  0.0000000E+00
         1    74      2  0.4782037E-03  0.2542429E-05  0.0000000E+00  0.0000000E+00  0.2177921E-03  0.0000000E+00
         1    74      3  0.7168743E-03  0.3844847E-05  0.0000000E+00  0.0000000E+00  0.3266631E-03  0.0000000E+00
         1    74      4  0.9552576E-03  0.5168050E-05  0.0000000E+00  0.0000000E+00  0.4355175E-03  0.0000000E+00
         1    74      5  0.1193354E-02  0.6512023E-05  0.0000000E+00  0.0000000E+00  0.5443551E-03  0.0000000E+00
         1    74      6  0.1431163E-02  0.7876751E-05  0.0000000E+00  0.0000000E+00  0.6531761E-03  0.0000000E+00
         1    74      7  0.1668686E-02  0.9262221E-05  0.0000000E+00  0.0000000E+00  0.7619804E-03  0.0000000E+00
         1    74      8  0.1905922E-02  0.1066842E-04  0.0000000E+00  0.0000000E+00  0.8707680E-03  0.0000000E+00
         1    74      9  0.2142871E-02  0.1209533E-04  0.0000000E+00  0.0000000E+00  0.9795390E-03  0.0000000E+00
         1    74     10  0.3494095E-02 -0.4349815E-03  0.0000000E+00  0.0000000E+00  0.9067931E-02  0.1000000E-02

         1    75      0  0.0000000E+00  0.0000000E+00  0.0000000E+00  0.0000000E+00  0.0000000E+00  0.0000000E+00
         1    75      1  0.0000000E+00  0.0000000E+00  0.0000000E+00  0.0000000E+00  0.0000000E+00  0.0000000E+00
         1    75      2  0.4785850E-03  0.2542429E-05  0.0000000E+00  0.0000000E+00  0.2177921E-03  0.0000000E+00
         1    75      3  0.7174510E-03  0.3844847E-05  0.0000000E+00  0.0000000E+00  0.3266631E-03  0.0000000E+00
         1    75      4  0.9560329E-03  0.5168050E-05  0.0000000E+00  0.0000000E+00  0.4355175E-03  0.0000000E+00
         1    75      5  0.1194331E-02  0.6512023E-05  0.0000000E+00  0.0000000E+00  0.5443551E-03  0.0000000E+00
         1    75      6  0.1432345E-02  0.7876751E-05  0.0000000E+00  0.0000000E+00  0.6531761E-03  0.0000000E+00
         1    75      7  0.1670075E-02  0.9262221E-05  0.0000000E+00  0.0000000E+00  0.7619804E-03  0.0000000E+00
         1    75      8  0.1907522E-02  0.1066842E-04  0.0000000E+00  0.0000000E+00  0.8707680E-03  0.0000000E+00
         1    75      9  0.2144686E-02  0.1209533E-04  0.0000000E+00  0.0000000E+00  0.9795390E-03  0.0000000E+00
         1    75     10  0.3428884E-02 -0.4349815E-03  0.0000000E+00  0.0000000E+00  0.9097578E-02  0.1000000E-02

         1    76      0  0.0000000E+00  0.0000000E+00  0.0000000E+00  0.0000000E+00  0.0000000E+00  0.0000000E+00
         1    76      1  0.0000000E+00  0.0000000E+00  0.0000000E+00  0.0000000E+00  0.0000000E+00  0.0000000E+00
         1    76      2  0.4792206E-03  0.2542429E-05  0.0000000E+00  0.0000000E+00  0.2177921E-03  0.0000000E+00
         1    76      3  0.7184122E-03  0.3844847E-05  0.0000000E+00  0.0000000E+00  0.3266631E-03  0.0000000E+00
         1    76      4  0.9573249E-03  0.5168050E-05  0.0000000E+00  0.0000000E+00  0.4355175E-03  0.0000000E+00
         1    76      5  0.1195959E-02  0.6512023E-05  0.0000000E+00  0.0000000E+00  0.5443551E-03  0.0000000E+00
         1    76      6  0.1434314E-02  0.7876751E-05  0.0000000E+00  0.0000000E+00  0.6531761E-03  0.0000000E+00
         1    76      7  0.1672391E-02  0.9262221E-05  0.0000000E+00  0.0000000E+00  0.7619804E-03  0.0000000E+00
         1    76      8  0.1910189E-02  0.1066842E-04  0.0000000E+00  0.0000000E+00  0.8707680E-03  0.0000000E+00
         1    76      9  0.2147710E-02  0.1209533E-04  0.0000000E+00  0.0000000E+00  0.9795390E-03  0.0000000E+00
         1    76     10  0.3320199E-02 -0.4349815E-03  0.0000000E+00  0.0000000E+00  0.9146989E-02  0.1000000E-02

         1    77      0  0.0000000E+00  0.0000000E+00  0.0000000E+00  0.0000000E+00  0.0000000E+00  0.0000000E+00
         1    77      1  0.0000000E+00  0.0000000E+00  0.0000000E+00  0.0000000E+00  0.0000000E+00  0.0000000E+00
         1    77      2  0.4848819E-03 -0.1309605E-06  0.0000000E+00  0.0000000E+00  0.1624546E-03  0.0000000E+00
         1    77      3  0.7270552E-03 -0.1633405E-06  0.0000000E+00  0.0000000E+00  0.2436958E-03  0.0000000E+00
         1    77      4  0.9690501E-03 -0.1736736E-06  0.0000000E+00  0.0000000E+00  0.3249463E-03  0.0000000E+00
         1    77      5  0.1210867E-02 -0.1619746E-06  0.0000000E+00  0.0000000E+00  0.4062061E-03  0.0000000E+00
         1    77      6  0.1452506E-02 -0.1282585E-06  0.0000000E+00  0.0000000E+00  0.4874751E-03  0.0000000E+00
         1    77      7  0.1693966E-02 -0.7254029E-07  0.0000000E+00  0.0000000E+00  0.5687534E-03  0.0000000E+00
         1    77      8  0.1935249E-02  0.5164978E-08  0.0000000E+00  0.0000000E+00  0.6500409E-03  0.0000000E+00
         1    77      9  0.2176354E-02  0.1048421E-06  0.0000000E+00  0.0000000E+00  0.7313376E-03  0.0000000E+00
         1    77     10  0.1516534E-02 -0.3336560E-03  0.0000000E+00  0.0000000E+00  0.9800754E-02  0.1000000E-02

         1    78      0  0.0000000E+00  0.0000000E+00  0.0000000E+00  0.0000000E+00  0.0000000E+00  0.0000000E+00
         1    78      1  0.0000000E+00  0.0000000E+00  0.0000000E+00  0.0000000E+00  0.0000000E+00  0.0000000E+00
         1    78      2  0.4848492E-03 -0.1309605E-06  0.0000000E+00  0.0000000E+00  0.1624546E-03  0.0000000E+00
         1    78      3  0.7270143E-03 -0.1633405E-06  0.0000000E+00  0.0000000E+00  0.2436958E-03  0.0000000E+00
         1    78      4  0.9690067E-03 -0.1736736E-06  0.0000000E+00  0.0000000E+00  0.3249463E-03  0.0000000E+00
         1    78      5  0.1210826E-02 -0.1619746E-06  0.0000000E+00  0.0000000E+00  0.4062061E-03  0.0000000E+00
         1    78      6  0.1452473E-02 -0.1282585E-06  0.0000000E+00  0.0000000E+00  0.4874751E-03  0.0000000E+00
         1    78      7  0.1693948E-02 -0.7254029E-07  0.0000000E+00  0.0000000E+00  0.5687534E-03  0.0000000E+00
         1    78      8  0.1935250E-02  0.5164978E-08  0.0000000E+00  0.0000000E+00  0.6500409E-03  0.0000000E+00
         1    78      9  0.2176380E-02  0.1048421E-06  0.0000000E+00  0.0000000E+00  0.7313376E-03  0.0000000E+00
         1    78     10  0.1433166E-02 -0.3336560E-03  0.0000000E+00  0.0000000E+00  0.9850171E-02  0.1000000E-02

         1    79      0  0.0000000E+00  0.0000000E+00  0.0000000E+00  0.0000000E+00  0.0000000E+00  0.0000000E+00
         1    79      1  0.0000000E+00  0.0000000E+00  0.0000000E+00  0.0000000E+00  0.0000000E+00  0.0000000E+00
         1    79      2  0.4848295E-03 -0.1309605E-06  0.0000000E+00  0.0000000E+00  0.1624546E-03  0.0000000E+00
         1    79      3  0.7269898E-03 -0.1633405E-06  0.0000000E+00  0.0000000E+00  0.2436958E-03  0.0000000E+00
         1    79      4  0.9689807E-03 -0.1736736E-06  0.0000000E+00  0.0000000E+00  0.3249463E-03  0.0000000E+00
         1    79      5  0.1210802E-02 -0.1619746E-06  0.0000000E+00  0.0000000E+00  0.4062061E-03  0.0000000E+00
         1    79      6  0.1452454E-02 -0.1282585E-06  0.0000000E+00  0.0000000E+00  0.4874751E-03  0.0000000E+00
         1    79      7  0.1693937E-02 -0.7254029E-07  0.0000000E+00  0.0000000E+00  0.5687534E-03  0.0000000E+00
         1    79      8  0.1935251E-02  0.5164978E-08  0.0000000E+00  0.0000000E+00  0.6500409E-03  0.0000000E+00
         1    79      9  0.2176396E-02  0.1048421E-06  0.0000000E+00  0.0000000E+00  0.7313376E-03  0.0000000E+00
         1    79     10  0.1383146E-02 -0.3336560E-03  0.0000000E+00  0.0000000E+00  0.9879822E-02  0.1000000E-02

         1    80      0  0.0000000E+00  0.0000000E+00  0.0000000E+00  0.0000000E+00  0.0000000E+00  0.0000000E+00
         1    80      1  0.0000000E+00  0.0000000E+00  0.0000000E+00  0.0000000E+00  0.0000000E+00  0.0000000E+00
         1    80      2  0.4847968E-03 -0.1309605E-06  0.0000000E+00  0.0000000E+00  0.1624546E-03  0.0000000E+00
         1    80      3  0.7269490E-03 -0.1633405E-06  0.0000000E+00  0.0000000E+00  0.2436958E-03  0.0000000E+00
         1    80      4  0.9689373E-03 -0.1736736E-06  0.0000000E+00  0.0000000E+00  0.3249463E-03  0.0000000E+00
         1    80      5  0.1210762E-02 -0.1619746E-06  0.0000000E+00  0.0000000E+00  0.4062061E-03  0.0000000E+00
         1    80      6  0.1452422E-02 -0.1282585E-06  0.0000000E+00  0.0000000E+00  0.4874751E-03  0.0000000E+00
         1    80      7  0.1693919E-02 -0.7254029E-07  0.0000000E+00  0.0000000E+00  0.5687534E-03  0.0000000E+00
         1    80      8  0.1935252E-02  0.5164978E-08  0.0000000E+00  0.0000000E+00  0.6500409E-03  0.0000000E+00
         1    80      9  0.2176422E-02  0.1048421E-06  0.0000000E+00  0.0000000E+00  0.7313376E-03  0.0000000E+00
         1    80     10  0.1299778E-02 -0.3336560E-03  0.0000000E+00  0.0000000E+00  0.9929239E-02  0.1000000E-02

         1    81      0  0.0000000E+00  0.0000000E+00  0.0000000E+00  0.0000000E+00  0.0000000E+00  0.0000000E+00
         1    81      1  0.0000000E+00  0.0000000E+00  0.0000000E+00  0.0000000E+00  0.0000000E+00  0.0000000E+00
         1    81      2  0.4936990E-03  0.3584918E-04  0.0000000E+00  0.0000000E+00  0.1624576E-03  0.0000000E+00
         1    81      3  0.7403144E-03  0.5378922E-04  0.0000000E+00  0.0000000E+00  0.2437027E-03  0.0000000E+00
         1    81      4  0.9867739E-03  0.7173953E-04  0.0000000E+00  0.0000000E+00  0.3249586E-03  0.0000000E+00
         1    81      5  0.1233078E-02  0.8970012E-04  0.0000000E+00  0.0000000E+00  0.4062252E-03  0.0000000E+00
         1    81      6  0.1479225E-02  0.1076710E-03  0.0000000E+00  0.0000000E+00  0.4875026E-03  0.0000000E+00
         1    81      7  0.1725218E-02  0.1256521E-03  0.0000000E+00  0.0000000E+00  0.5687908E-03  0.0000000E+00
         1    81      8  0.1971054E-02  0.1436434E-03  0.0000000E+00  0.0000000E+00  0.6500898E-03  0.0000000E+00
         1    81      9  0.2216735E-02  0.1616450E-03  0.0000000E+00  0.0000000E+00  0.7313994E-03  0.0000000E+00
         1    81     10  0.1156039E-02 -0.2433854E-03  0.0000000E+00  0.0000000E+00  0.1002810E-01  0.1000000E-02

         1    82      0  0.0000000E+00  0.0000000E+00  0.0000000E+00  0.0000000E+00  0.0000000E+00  0.0000000E+00
         1    82      1  0.0000000E+00  0.0000000E+00  0.0000000E+00  0.0000000E+00  0.0000000E+00  0.0000000E+00
         1    82      2  0.5208667E-03  0.7315565E-04  0.0000000E+00  0.0000000E+00  0.1624606E-03  0.0000000E+00
         1    82      3  0.7810695E-03  0.1097318E-03  0.0000000E+00  0.0000000E+00  0.2437093E-03  0.0000000E+00
         1    82      4  0.1041119E-02  0.1463069E-03  0.0000000E+00  0.0000000E+00  0.3249703E-03  0.0000000E+00
         1    82      5  0.1301014E-02  0.1828809E-03  0.0000000E+00  0.0000000E+00  0.4062435E-03  0.0000000E+00
         1    82      6  0.1560756E-02  0.2194538E-03  0.0000000E+00  0.0000000E+00  0.4875290E-03  0.0000000E+00
         1    82      7  0.1820345E-02  0.2560255E-03  0.0000000E+00  0.0000000E+00  0.5688267E-03  0.0000000E+00
         1    82      8  0.2079780E-02  0.2925961E-03  0.0000000E+00  0.0000000E+00  0.6501366E-03  0.0000000E+00
         1    82      9  0.2339062E-02  0.3291657E-03  0.0000000E+00  0.0000000E+00  0.7314586E-03  0.0000000E+00
         1    82     10  0.1055031E-02 -0.1621111E-03  0.0000000E+00  0.0000000E+00  0.1012696E-01  0.1000000E-02

         1    83      0  0.0000000E+00  0.0000000E+00  0.0000000E+00  0.0000000E+00  0.0000000E+00  0.0000000E+00
         1    83      1  0.0000000E+00  0.0000000E+00  0.0000000E+00  0.0000000E+00  0.0000000E+00  0.0000000E+00
         1    83      2  0.5391556E-03  0.7315565E-04  0.0000000E+00  0.0000000E+00  0.1624602E-03  0.0000000E+00
         1    83      3  0.8085024E-03  0.1097318E-03  0.0000000E+00  0.0000000E+00  0.2437085E-03  0.0000000E+00
         1    83      4  0.1077695E-02  0.1463069E-03  0.0000000E+00  0.0000000E+00  0.3249688E-03  0.0000000E+00
         1    83      5  0.1346734E-02  0.1828809E-03  0.0000000E+00  0.0000000E+00  0.4062412E-03  0.0000000E+00
         1    83      6  0.1615620E-02  0.2194538E-03  0.0000000E+00  0.0000000E+00  0.4875257E-03  0.0000000E+00
         1    83      7  0.1884351E-02  0.2560255E-03  0.0000000E+00  0.0000000E+00  0.5688221E-03  0.0000000E+00
         1    83      8  0.2152929E-02  0.2925961E-03  0.0000000E+00  0.0000000E+00  0.6501306E-03  0.0000000E+00
         1    83      9  0.2421354E-02  0.3291657E-03  0.0000000E+00  0.0000000E+00  0.7314511E-03  0.0000000E+00
         1    83     10  0.1014526E-02 -0.1621111E-03  0.0000000E+00  0.0000000E+00  0.1017638E-01  0.1000000E-02

         1    84      0  0.0000000E+00  0.0000000E+00  0.0000000E+00  0.0000000E+00  0.0000000E+00  0.0000000E+00
         1    84      1  0.0000000E+00  0.0000000E+00  0.0000000E+00  0.0000000E+00  0.0000000E+00  0.0000000E+00
         1    84      2  0.5501290E-03  0.7315565E-04  0.0000000E+00  0.0000000E+00  0.1624600E-03  0.0000000E+00
         1    84      3  0.8249622E-03  0.1097318E-03  0.0000000E+00  0.0000000E+00  0.2437080E-03  0.0000000E+00
         1    84      4  0.1099641E-02  0.1463069E-03  0.0000000E+00  0.0000000E+00  0.3249679E-03  0.0000000E+00
         1    84      5  0.1374167E-02  0.1828809E-03  0.0000000E+00  0.0000000E+00  0.4062398E-03  0.0000000E+00
         1    84      6  0.1648538E-02  0.2194538E-03  0.0000000E+00  0.0000000E+00  0.4875237E-03  0.0000000E+00
         1    84      7  0.1922755E-02  0.2560255E-03  0.0000000E+00  0.0000000E+00  0.5688194E-03  0.0000000E+00
         1    84      8  0.2196819E-02  0.2925961E-03  0.0000000E+00  0.0000000E+00  0.6501270E-03  0.0000000E+00
         1    84      9  0.2470729E-02  0.3291657E-03  0.0000000E+00  0.0000000E+00  0.7314466E-03  0.0000000E+00
         1    84     10  0.9902224E-03 -0.1621111E-03  0.0000000E+00  0.0000000E+00  0.1020603E-01  0.1000000E-02

         1    85      0  0.0000000E+00  0.0000000E+00  0.0000000E+00  0.0000000E+00  0.0000000E+00  0.0000000E+00
         1    85      1  0.0000000E+00  0.0000000E+00  0.0000000E+00  0.0000000E+00  0.0000000E+00  0.0000000E+00
         1    85      2  0.5684179E-03  0.7315565E-04  0.0000000E+00  0.0000000E+00  0.1624596E-03  0.0000000E+00
         1    85      3  0.8523952E-03  0.1097318E-03  0.0000000E+00  0.0000000E+00  0.2437071E-03  0.0000000E+00
         1    85      4  0.1136218E-02  0.1463069E-03  0.0000000E+00  0.0000000E+00  0.3249664E-03  0.0000000E+00
         1    85      5  0.1419887E-02  0.1828809E-03  0.0000000E+00  0.0000000E+00  0.4062375E-03  0.0000000E+00
         1    85      6  0.1703401E-02  0.2194538E-03  0.0000000E+00  0.0000000E+00  0.4875203E-03  0.0000000E+00
         1    85      7  0.1986761E-02  0.2560255E-03  0.0000000E+00  0.0000000E+00  0.5688149E-03  0.0000000E+00
         1    85      8  0.2269968E-02  0.2925961E-03  0.0000000E+00  0.0000000E+00  0.6501211E-03  0.0000000E+00
         1    85      9  0.2553020E-02  0.3291657E-03  0.0000000E+00  0.0000000E+00  0.7314390E-03  0.0000000E+00
         1    85     10  0.9497171E-03 -0.1621111E-03  0.0000000E+00  0.0000000E+00  0.1025546E-01  0.1000000E-02

         1    86      0  0.0000000E+00  0.0000000E+00  0.0000000E+00  0.0000000E+00  0.0000000E+00  0.0000000E+00
         1    86      1  0.0000000E+00  0.0000000E+00  0.0000000E+00  0.0000000E+00  0.0000000E+00  0.0000000E+00
         1    86      2  0.9023321E-03  0.6907672E-04  0.0000000E+00  0.0000000E+00  0.7803448E-04  0.0000000E+00
         1    86      3  0.1353270E-02  0.1036142E-03  0.0000000E+00  0.0000000E+00  0.1170899E-03  0.0000000E+00
         1    86      4  0.1804057E-02  0.1381511E-03  0.0000000E+00  0.0000000E+00  0.1561706E-03  0.0000000E+00
         1    86      5  0.2254692E-02  0.1726874E-03  0.0000000E+00  0.0000000E+00  0.1952768E-03  0.0000000E+00
         1    86      6  0.2705175E-02  0.2072232E-03  0.0000000E+00  0.0000000E+00  0.2344083E-03  0.0000000E+00
         1    86      7  0.3155507E-02  0.2417583E-03  0.0000000E+00  0.0000000E+00  0.2735651E-03  0.0000000E+00
         1    86      8  0.3605688E-02  0.2762929E-03  0.0000000E+00  0.0000000E+00  0.3127472E-03  0.0000000E+00
         1    86      9  0.4055716E-02  0.3108268E-03  0.0000000E+00  0.0000000E+00  0.3519546E-03  0.0000000E+00
         1    86     10  0.4491107E-03 -0.5124352E-04  0.0000000E+00  0.0000000E+00  0.1110657E-01  0.1000000E-02

         1    87      0  0.0000000E+00  0.0000000E+00  0.0000000E+00  0.0000000E+00  0.0000000E+00  0.0000000E+00
         1    87      1  0.0000000E+00  0.0000000E+00  0.0000000E+00  0.0000000E+00  0.0000000E+00  0.0000000E+00
         1    87      2  0.9196013E-03  0.6907672E-04  0.0000000E+00  0.0000000E+00  0.7803415E-04  0.0000000E+00
         1    87      3  0.1379174E-02  0.1036142E-03  0.0000000E+00  0.0000000E+00  0.1170891E-03  0.0000000E+00
         1    87      4  0.1838595E-02  0.1381511E-03  0.0000000E+00  0.0000000E+00  0.1561693E-03  0.0000000E+00
         1    87      5  0.2297864E-02  0.1726874E-03  0.0000000E+00  0.0000000E+00  0.1952747E-03  0.0000000E+00
         1    87      6  0.2756981E-02  0.2072232E-03  0.0000000E+00  0.0000000E+00  0.2344053E-03  0.0000000E+00
         1    87      7  0.3215947E-02  0.2417583E-03  0.0000000E+00  0.0000000E+00  0.2735611E-03  0.0000000E+00
         1    87      8  0.3674761E-02  0.2762929E-03  0.0000000E+00  0.0000000E+00  0.3127419E-03  0.0000000E+00
         1    87      9  0.4133423E-02  0.3108268E-03  0.0000000E+00  0.0000000E+00  0.3519479E-03  0.0000000E+00
         1    87     10  0.4363070E-03 -0.5124352E-04  0.0000000E+00  0.0000000E+00  0.1115599E-01  0.1000000E-02

         1    88      0  0.0000000E+00  0.0000000E+00  0.0000000E+00  0.0000000E+00  0.0000000E+00  0.0000000E+00
         1    88      1  0.0000000E+00  0.0000000E+00  0.0000000E+00  0.0000000E+00  0.0000000E+00  0.0000000E+00
         1    88      2  0.9299628E-03  0.6907672E-04  0.0000000E+00  0.0000000E+00  0.7803395E-04  0.0000000E+00
         1    88      3  0.1394716E-02  0.1036142E-03  0.0000000E+00  0.0000000E+00  0.1170887E-03  0.0000000E+00
         1    88      4  0.1859318E-02  0.1381511E-03  0.0000000E+00  0.0000000E+00  0.1561685E-03  0.0000000E+00
         1    88      5  0.2323767E-02  0.1726874E-03  0.0000000E+00  0.0000000E+00  0.1952735E-03  0.0000000E+00
         1    88      6  0.2788065E-02  0.2072232E-03  0.0000000E+00  0.0000000E+00  0.2344035E-03  0.0000000E+00
         1    88      7  0.3252211E-02  0.2417583E-03  0.0000000E+00  0.0000000E+00  0.2735586E-03  0.0000000E+00
         1    88      8  0.3716205E-02  0.2762929E-03  0.0000000E+00  0.0000000E+00  0.3127387E-03  0.0000000E+00
         1    88      9  0.4180047E-02  0.3108268E-03  0.0000000E+00  0.0000000E+00  0.3519439E-03  0.0000000E+00
         1    88     10  0.4286247E-03 -0.5124352E-04  0.0000000E+00  0.0000000E+00  0.1118564E-01  0.1000000E-02

         1    89      0  0.0000000E+00  0.0000000E+00  0.0000000E+00  0.0000000E+00  0.0000000E+00  0.0000000E+00
         1    89      1  0.0000000E+00  0.0000000E+00  0.0000000E+00  0.0000000E+00  0.0000000E+00  0.0000000E+00
         1    89      2  0.9472320E-03  0.6907672E-04  0.0000000E+00  0.0000000E+00  0.7803362E-04  0.0000000E+00
         1    89      3  0.1420620E-02  0.1036142E-03  0.0000000E+00  0.0000000E+00  0.1170879E-03  0.0000000E+00
         1    89      4  0.1893855E-02  0.1381511E-03  0.0000000E+00  0.0000000E+00  0.1561672E-03  0.0000000E+00
         1    89      5  0.2366939E-02  0.1726874E-03  0.0000000E+00  0.0000000E+00  0.1952714E-03  0.0000000E+00
         1    89      6  0.2839870E-02  0.2072232E-03  0.0000000E+00  0.0000000E+00  0.2344005E-03  0.0000000E+00
         1    89      7  0.3312650E-02  0.2417583E-03  0.0000000E+00  0.0000000E+00  0.2735546E-03  0.0000000E+00
         1    89      8  0.3785278E-02  0.2762929E-03  0.0000000E+00  0.0000000E+00  0.3127334E-03  0.0000000E+00
         1    89      9  0.4257754E-02  0.3108268E-03  0.0000000E+00  0.0000000E+00  0.3519372E-03  0.0000000E+00
         1    89     10  0.4158209E-03 -0.5124352E-04  0.0000000E+00  0.0000000E+00  0.1123507E-01  0.1000000E-02

         1    90      0  0.0000000E+00  0.0000000E+00  0.0000000E+00  0.0000000E+00  0.0000000E+00  0.0000000E+00
         1    90      1  0.0000000E+00  0.0000000E+00  0.0000000E+00  0.0000000E+00  0.0000000E+00  0.0000000E+00
         1    90      2  0.9624417E-03 -0.8443260E-05  0.0000000E+00  0.0000000E+00  0.7802019E-04  0.0000000E+00
         1    90      3  0.1443438E-02 -0.1264740E-04  0.0000000E+00  0.0000000E+00  0.1170577E-03  0.0000000E+00
         1    90      4  0.1924286E-02 -0.1683990E-04  0.0000000E+00  0.0000000E+00  0.1561135E-03  0.0000000E+00
         1    90      5  0.2404984E-02 -0.2102076E-04  0.0000000E+00  0.0000000E+00  0.1951875E-03  0.0000000E+00
         1    90      6  0.2885533E-02 -0.2519000E-04  0.0000000E+00  0.0000000E+00  0.2342798E-03  0.0000000E+00
         1    90      7  0.3365933E-02 -0.2934762E-04  0.0000000E+00  0.0000000E+00  0.2733903E-03  0.0000000E+00
         1    90      8  0.3846183E-02 -0.3349365E-04  0.0000000E+00  0.0000000E+00  0.3125189E-03  0.0000000E+00
         1    90      9  0.4326285E-02 -0.3762808E-04  0.0000000E+00  0.0000000E+00  0.3516657E-03  0.0000000E+00
         1    90     10  0.3820102E-03 -0.8361849E-04  0.0000000E+00  0.0000000E+00  0.1133392E-01  0.1000000E-02

         1    91      0  0.0000000E+00  0.0000000E+00  0.0000000E+00  0.0000000E+00  0.0000000E+00  0.0000000E+00
         1    91      1  0.0000000E+00  0.0000000E+00  0.0000000E+00  0.0000000E+00  0.0000000E+00  0.0000000E+00
         1    91      2  0.9388455E-03 -0.8562280E-04  0.0000000E+00  0.0000000E+00  0.7800669E-04  0.0000000E+00
         1    91      3  0.1408057E-02 -0.1283991E-03  0.0000000E+00  0.0000000E+00  0.1170274E-03  0.0000000E+00
         1    91      4  0.1877129E-02 -0.1711519E-03  0.0000000E+00  0.0000000E+00  0.1560596E-03  0.0000000E+00
         1    91      5  0.2346060E-02 -0.2138814E-03  0.0000000E+00  0.0000000E+00  0.1951033E-03  0.0000000E+00
         1    91      6  0.2814850E-02 -0.2565875E-03  0.0000000E+00  0.0000000E+00  0.2341585E-03  0.0000000E+00
         1    91      7  0.3283500E-02 -0.2992703E-03  0.0000000E+00  0.0000000E+00  0.2732252E-03  0.0000000E+00
         1    91      8  0.3752010E-02 -0.3419297E-03  0.0000000E+00  0.0000000E+00  0.3123034E-03  0.0000000E+00
         1    91      9  0.4220379E-02 -0.3845658E-03  0.0000000E+00  0.0000000E+00  0.3513930E-03  0.0000000E+00
         1    91     10  0.3328107E-03 -0.1126250E-03  0.0000000E+00  0.0000000E+00  0.1143276E-01  0.1000000E-02

         1    92      0  0.0000000E+00  0.0000000E+00  0.0000000E+00  0.0000000E+00  0.0000000E+00  0.0000000E+00
         1    92      1  0.0000000E+00  0.0000000E+00  0.0000000E+00  0.0000000E+00  0.0000000E+00  0.0000000E+00
         1    92      2  0.9174398E-03 -0.8562280E-04  0.0000000E+00  0.0000000E+00  0.7800618E-04  0.0000000E+00
         1    92      3  0.1375958E-02 -0.1283991E-03  0.0000000E+00  0.0000000E+00  0.1170262E-03  0.0000000E+00
         1    92      4  0.1834341E-02 -0.1711519E-03  0.0000000E+00  0.0000000E+00  0.1560575E-03  0.0000000E+00
         1    92      5  0.2292589E-02 -0.2138814E-03  0.0000000E+00  0.0000000E+00  0.1951001E-03  0.0000000E+00
         1    92      6  0.2750703E-02 -0.2565875E-03  0.0000000E+00  0.0000000E+00  0.2341539E-03  0.0000000E+00
         1    92      7  0.3208682E-02 -0.2992703E-03  0.0000000E+00  0.0000000E+00  0.2732190E-03  0.0000000E+00
         1    92      8  0.3666527E-02 -0.3419297E-03  0.0000000E+00  0.0000000E+00  0.3122952E-03  0.0000000E+00
         1    92      9  0.4124237E-02 -0.3845658E-03  0.0000000E+00  0.0000000E+00  0.3513827E-03  0.0000000E+00
         1    92     10  0.3046700E-03 -0.1126250E-03  0.0000000E+00  0.0000000E+00  0.1148219E-01  0.1000000E-02

         1    93      0  0.0000000E+00  0.0000000E+00  0.0000000E+00  0.0000000E+00  0.0000000E+00  0.0000000E+00
         1    93      1  0.0000000E+00  0.0000000E+00  0.0000000E+00  0.0000000E+00  0.0000000E+00  0.0000000E+00
         1    93      2  0.9045964E-03 -0.8562280E-04  0.0000000E+00  0.0000000E+00  0.7800588E-04  0.0000000E+00
         1    93      3  0.1356698E-02 -0.1283991E-03  0.0000000E+00  0.0000000E+00  0.1170255E-03  0.0000000E+00
         1    93      4  0.1808668E-02 -0.1711519E-03  0.0000000E+00  0.0000000E+00  0.1560563E-03  0.0000000E+00
         1    93      5  0.2260507E-02 -0.2138814E-03  0.0000000E+00  0.0000000E+00  0.1950982E-03  0.0000000E+00
         1    93      6  0.2712215E-02 -0.2565875E-03  0.0000000E+00  0.0000000E+00  0.2341512E-03  0.0000000E+00
         1    93      7  0.3163792E-02 -0.2992703E-03  0.0000000E+00  0.0000000E+00  0.2732152E-03  0.0000000E+00
         1    93      8  0.3615238E-02 -0.3419297E-03  0.0000000E+00  0.0000000E+00  0.3122904E-03  0.0000000E+00
         1    93      9  0.4066553E-02 -0.3845658E-03  0.0000000E+00  0.0000000E+00  0.3513766E-03  0.0000000E+00
         1    93     10  0.2877857E-03 -0.1126250E-03  0.0000000E+00  0.0000000E+00  0.1151184E-01  0.1000000E-02

         1    94      0  0.0000000E+00  0.0000000E+00  0.0000000E+00  0.0000000E+00  0.0000000E+00  0.0000000E+00
         1    94      1  0.0000000E+00  0.0000000E+00  0.0000000E+00  0.0000000E+00  0.0000000E+00  0.0000000E+00
         1    94      2  0.8831907E-03 -0.8562280E-04  0.0000000E+00  0.0000000E+00  0.7800537E-04  0.0000000E+00
         1    94      3  0.1324598E-02 -0.1283991E-03  0.0000000E+00  0.0000000E+00  0.1170244E-03  0.0000000E+00
         1    94      4  0.1765880E-02 -0.1711519E-03  0.0000000E+00  0.0000000E+00  0.1560543E-03  0.0000000E+00
         1    94      5  0.2207037E-02 -0.2138814E-03  0.0000000E+00  0.0000000E+00  0.1950950E-03  0.0000000E+00
         1    94      6  0.2648068E-02 -0.2565875E-03  0.0000000E+00  0.0000000E+00  0.2341466E-03  0.0000000E+00
         1    94      7  0.3088974E-02 -0.2992703E-03  0.0000000E+00  0.0000000E+00  0.2732090E-03  0.0000000E+00
         1    94      8  0.3529755E-02 -0.3419297E-03  0.0000000E+00  0.0000000E+00  0.3122823E-03  0.0000000E+00
         1    94      9  0.3970411E-02 -0.3845658E-03  0.0000000E+00  0.0000000E+00  0.3513663E-03  0.0000000E+00
         1    94     10  0.2596450E-03 -0.1126250E-03  0.0000000E+00  0.0000000E+00  0.1156126E-01  0.1000000E-02

         1    95      0  0.0000000E+00  0.0000000E+00  0.0000000E+00  0.0000000E+00  0.0000000E+00  0.0000000E+00
         1    95      1  0.0000000E+00  0.0000000E+00  0.0000000E+00  0.0000000E+00  0.0000000E+00  0.0000000E+00
         1    95      2  0.4723377E-03 -0.8938256E-04  0.0000000E+00  0.0000000E+00  0.1904643E-06  0.0000000E+00
         1    95      3  0.7084720E-03 -0.1340388E-03  0.0000000E+00  0.0000000E+00  0.3064816E-06  0.0000000E+00
         1    95      4  0.9445832E-03 -0.1786718E-03  0.0000000E+00  0.0000000E+00  0.4363516E-06  0.0000000E+00
         1    95      5  0.1180671E-02 -0.2232814E-03  0.0000000E+00  0.0000000E+00  0.5800712E-06  0.0000000E+00
         1    95      6  0.1416736E-02 -0.2678677E-03  0.0000000E+00  0.0000000E+00  0.7376370E-06  0.0000000E+00
         1    95      7  0.1652778E-02 -0.3124308E-03  0.0000000E+00  0.0000000E+00  0.9090453E-06  0.0000000E+00
         1    95      8  0.1888796E-02 -0.3569706E-03  0.0000000E+00  0.0000000E+00  0.1094292E-05  0.0000000E+00
         1    95      9  0.2124791E-02 -0.4014872E-03  0.0000000E+00  0.0000000E+00  0.1293373E-05  0.0000000E+00
         1    95     10 -0.1312762E-05  0.1403389E-05  0.0000000E+00  0.0000000E+00  0.1247779E-01  0.1000000E-02

         1    96      0  0.0000000E+00  0.0000000E+00  0.0000000E+00  0.0000000E+00  0.0000000E+00  0.0000000E+00
         1    96      1  0.0000000E+00  0.0000000E+00  0.0000000E+00  0.0000000E+00  0.0000000E+00  0.0000000E+00
         1    96      2  0.4499921E-03 -0.8938256E-04  0.0000000E+00  0.0000000E+00  0.1899099E-06  0.0000000E+00
         1    96      3  0.6749623E-03 -0.1340388E-03  0.0000000E+00  0.0000000E+00  0.3052347E-06  0.0000000E+00
         1    96      4  0.8999153E-03 -0.1786718E-03  0.0000000E+00  0.0000000E+00  0.4341362E-06  0.0000000E+00
         1    96      5  0.1124851E-02 -0.2232814E-03  0.0000000E+00  0.0000000E+00  0.5766114E-06  0.0000000E+00
         1    96      6  0.1349769E-02 -0.2678677E-03  0.0000000E+00  0.0000000E+00  0.7326575E-06  0.0000000E+00
         1    96      7  0.1574670E-02 -0.3124308E-03  0.0000000E+00  0.0000000E+00  0.9022712E-06  0.0000000E+00
         1    96      8  0.1799554E-02 -0.3569706E-03  0.0000000E+00  0.0000000E+00  0.1085449E-05  0.0000000E+00
         1    96      9  0.2024420E-02 -0.4014872E-03  0.0000000E+00  0.0000000E+00  0.1282187E-05  0.0000000E+00
         1    96     10 -0.9621096E-06  0.1403389E-05  0.0000000E+00  0.0000000E+00  0.1252721E-01  0.1000000E-02

         1    97      0  0.0000000E+00  0.0000000E+00  0.0000000E+00  0.0000000E+00  0.0000000E+00  0.0000000E+00
         1    97      1  0.0000000E+00  0.0000000E+00  0.0000000E+00  0.0000000E+00  0.0000000E+00  0.0000000E+00
         1    97      2  0.4365847E-03 -0.8938256E-04  0.0000000E+00  0.0000000E+00  0.1895772E-06  0.0000000E+00
         1    97      3  0.6548565E-03 -0.1340388E-03  0.0000000E+00  0.0000000E+00  0.3044866E-06  0.0000000E+00
         1    97      4  0.8731145E-03 -0.1786718E-03  0.0000000E+00  0.0000000E+00  0.4328069E-06  0.0000000E+00
         1    97      5  0.1091359E-02 -0.2232814E-03  0.0000000E+00  0.0000000E+00  0.5745356E-06  0.0000000E+00
         1    97      6  0.1309589E-02 -0.2678677E-03  0.0000000E+00  0.0000000E+00  0.7296698E-06  0.0000000E+00
         1    97      7  0.1527806E-02 -0.3124308E-03  0.0000000E+00  0.0000000E+00  0.8982067E-06  0.0000000E+00
         1    97      8  0.1746008E-02 -0.3569706E-03  0.0000000E+00  0.0000000E+00  0.1080143E-05  0.0000000E+00
         1    97      9  0.1964197E-02 -0.4014872E-03  0.0000000E+00  0.0000000E+00  0.1275475E-05  0.0000000E+00
         1    97     10 -0.7517179E-06  0.1403389E-05  0.0000000E+00  0.0000000E+00  0.1255687E-01  0.1000000E-02

         1    98      0  0.0000000E+00  0.0000000E+00  0.0000000E+00  0.0000000E+00  0.0000000E+00  0.0000000E+00
         1    98      1  0.0000000E+00  0.0000000E+00  0.0000000E+00  0.0000000E+00  0.0000000E+00  0.0000000E+00
         1    98      2  0.4142390E-03 -0.8938256E-04  0.0000000E+00  0.0000000E+00  0.1890228E-06  0.0000000E+00
         1    98      3  0.6213468E-03 -0.1340388E-03  0.0000000E+00  0.0000000E+00  0.3032398E-06  0.0000000E+00
         1    98      4  0.8284466E-03 -0.1786718E-03  0.0000000E+00  0.0000000E+00  0.4305915E-06  0.0000000E+00
         1    98      5  0.1035538E-02 -0.2232814E-03  0.0000000E+00  0.0000000E+00  0.5710758E-06  0.0000000E+00
         1    98      6  0.1242622E-02 -0.2678677E-03  0.0000000E+00  0.0000000E+00  0.7246903E-06  0.0000000E+00
         1    98      7  0.1449698E-02 -0.3124308E-03  0.0000000E+00  0.0000000E+00  0.8914326E-06  0.0000000E+00
         1    98      8  0.1656765E-02 -0.3569706E-03  0.0000000E+00  0.0000000E+00  0.1071300E-05  0.0000000E+00
         1    98      9  0.1863825E-02 -0.4014872E-03  0.0000000E+00  0.0000000E+00  0.1264289E-05  0.0000000E+00
         1    98     10 -0.4010652E-06  0.1403389E-05  0.0000000E+00  0.0000000E+00  0.1260629E-01  0.1000000E-02

         1    99      0  0.0000000E+00  0.0000000E+00  0.0000000E+00  0.0000000E+00  0.0000000E+00  0.0000000E+00
         1    99      1  0.0000000E+00  0.0000000E+00  0.0000000E+00  0.0000000E+00  0.0000000E+00  0.0000000E+00
         1    99      2  0.3769354E-03 -0.6029039E-04  0.0000000E+00  0.0000000E+00  0.1902865E-06  0.0000000E+00
         1    99      3  0.5654087E-03 -0.9040079E-04  0.0000000E+00  0.0000000E+00  0.3060841E-06  0.0000000E+00
         1    99      4  0.7538857E-03 -0.1204880E-03  0.0000000E+00  0.0000000E+00  0.4356499E-06  0.0000000E+00
         1    99      5  0.9423662E-03 -0.1505521E-03  0.0000000E+00  0.0000000E+00  0.5789824E-06  0.0000000E+00
         1    99      6  0.1130850E-02 -0.1805931E-03  0.0000000E+00  0.0000000E+00  0.7360799E-06  0.0000000E+00
         1    99      7  0.1319338E-02 -0.2106109E-03  0.0000000E+00  0.0000000E+00  0.9069406E-06  0.0000000E+00
         1    99      8  0.1507829E-02 -0.2406057E-03  0.0000000E+00  0.0000000E+00  0.1091562E-05  0.0000000E+00
         1    99      9  0.1696323E-02 -0.2705774E-03  0.0000000E+00  0.0000000E+00  0.1289943E-05  0.0000000E+00
         1    99     10  0.2971430E-06  0.1399570E-05  0.0000000E+00  0.0000000E+00  0.1270514E-01  0.1000000E-02

         1   100      0  0.0000000E+00  0.0000000E+00  0.0000000E+00  0.0000000E+00  0.0000000E+00  0.0000000E+00
         1   100      1  0.0000000E+00  0.0000000E+00  0.0000000E+00  0.0000000E+00  0.0000000E+00  0.0000000E+00
         1   100      2  0.3545977E-03 -0.2937577E-04  0.0000000E+00  0.0000000E+00  0.1920069E-06  0.0000000E+00
         1   100      3  0.5319199E-03 -0.4402765E-04  0.0000000E+00  0.0000000E+00  0.3099560E-06  0.0000000E+00
         1   100      4  0.7092574E-03 -0.5865556E-04  0.0000000E+00  0.0000000E+00  0.4425349E-06  0.0000000E+00
         1   100      5  0.8866102E-03 -0.7325952E-04  0.0000000E+00  0.0000000E+00  0.5897426E-06  0.0000000E+00
         1   100      6  0.1063978E-02 -0.8783956E-04  0.0000000E+00  0.0000000E+00  0.7515782E-06  0.0000000E+00
         1   100      7  0.1241362E-02 -0.1023957E-03  0.0000000E+00  0.0000000E+00  0.9280404E-06  0.0000000E+00
         1   100      8  0.1418760E-02 -0.1169280E-03  0.0000000E+00  0.0000000E+00  0.1119128E-05  0.0000000E+00
         1   100      9  0.1596173E-02 -0.1314364E-03  0.0000000E+00  0.0000000E+00  0.1324838E-05  0.0000000E+00
         1   100     10  0.1007806E-05  0.1454697E-05  0.0000000E+00  0.0000000E+00  0.1280399E-01  0.1000000E-02

         1   101      0  0.0000000E+00  0.0000000E+00  0.0000000E+00  0.0000000E+00  0.0000000E+00  0.0000000E+00
         1   101      1  0.0000000E+00  0.0000000E+00  0.0000000E+00  0.0000000E+00  0.0000000E+00  0.0000000E+00
         1   101      2  0.3472538E-03 -0.2937577E-04  0.0000000E+00  0.0000000E+00  0.1919470E-06  0.0000000E+00
         1   101      3  0.5209129E-03 -0.4402765E-04  0.0000000E+00  0.0000000E+00  0.3098215E-06  0.0000000E+00
         1   101      4  0.6945935E-03 -0.5865556E-04  0.0000000E+00  0.0000000E+00  0.4422961E-06  0.0000000E+00
         1   101      5  0.8682953E-03 -0.7325952E-04  0.0000000E+00  0.0000000E+00  0.5893701E-06  0.0000000E+00
         1   101      6  0.1042018E-02 -0.8783956E-04  0.0000000E+00  0.0000000E+00  0.7510427E-06  0.0000000E+00
         1   101      7  0.1215763E-02 -0.1023957E-03  0.0000000E+00  0.0000000E+00  0.9273127E-06  0.0000000E+00
         1   101      8  0.1389528E-02 -0.1169280E-03  0.0000000E+00  0.0000000E+00  0.1118179E-05  0.0000000E+00
         1   101      9  0.1563314E-02 -0.1314364E-03  0.0000000E+00  0.0000000E+00  0.1323639E-05  0.0000000E+00
         1   101     10  0.1371279E-05  0.1454697E-05  0.0000000E+00  0.0000000E+00  0.1285342E-01  0.1000000E-02

         1   102      0  0.0000000E+00  0.0000000E+00  0.0000000E+00  0.0000000E+00  0.0000000E+00  0.0000000E+00
         1   102      1  0.0000000E+00  0.0000000E+00  0.0000000E+00  0.0000000E+00  0.0000000E+00  0.0000000E+00
         1   102      2  0.3428474E-03 -0.2937577E-04  0.0000000E+00  0.0000000E+00  0.1919111E-06  0.0000000E+00
         1   102      3  0.5143088E-03 -0.4402765E-04  0.0000000E+00  0.0000000E+00  0.3097408E-06  0.0000000E+00
         1   102      4  0.6857952E-03 -0.5865556E-04  0.0000000E+00  0.0000000E+00  0.4421528E-06  0.0000000E+00
         1   102      5  0.8573064E-03 -0.7325952E-04  0.0000000E+00  0.0000000E+00  0.5891467E-06  0.0000000E+00
         1   102      6  0.1028843E-02 -0.8783956E-04  0.0000000E+00  0.0000000E+00  0.7507215E-06  0.0000000E+00
         1   102      7  0.1200403E-02 -0.1023957E-03  0.0000000E+00  0.0000000E+00  0.9268762E-06  0.0000000E+00
         1   102      8  0.1371989E-02 -0.1169280E-03  0.0000000E+00  0.0000000E+00  0.1117609E-05  0.0000000E+00
         1   102      9  0.1543599E-02 -0.1314364E-03  0.0000000E+00  0.0000000E+00  0.1322920E-05  0.0000000E+00
         1   102     10  0.1589362E-05  0.1454697E-05  0.0000000E+00  0.0000000E+00  0.1288307E-01  0.1000000E-02

         1   103      0  0.0000000E+00  0.0000000E+00  0.0000000E+00  0.0000000E+00  0.0000000E+00  0.0000000E+00
         1   103      1  0.0000000E+00  0.0000000E+00  0.0000000E+00  0.0000000E+00  0.0000000E+00  0.0000000E+00
         1   103      2  0.3355035E-03 -0.2937577E-04  0.0000000E+00  0.0000000E+00  0.1918512E-06  0.0000000E+00
         1   103      3  0.5033019E-03 -0.4402765E-04  0.0000000E+00  0.0000000E+00  0.3096063E-06  0.0000000E+00
         1   103      4  0.6711313E-03 -0.5865556E-04  0.0000000E+00  0.0000000E+00  0.4419141E-06  0.0000000E+00
         1   103      5  0.8389915E-03 -0.7325952E-04  0.0000000E+00  0.0000000E+00  0.5887742E-06  0.0000000E+00
         1   103      6  0.1006883E-02 -0.8783956E-04  0.0000000E+00  0.0000000E+00  0.7501860E-06  0.0000000E+00
         1   103      7  0.1174804E-02 -0.1023957E-03  0.0000000E+00  0.0000000E+00  0.9261485E-06  0.0000000E+00
         1   103      8  0.1342757E-02 -0.1169280E-03  0.0000000E+00  0.0000000E+00  0.1116661E-05  0.0000000E+00
         1   103      9  0.1510740E-02 -0.1314364E-03  0.0000000E+00  0.0000000E+00  0.1321721E-05  0.0000000E+00
         1   103     10  0.1952835E-05  0.1454697E-05  0.0000000E+00  0.0000000E+00  0.1293250E-01  0.1000000E-02

         1   104      0  0.0000000E+00  0.0000000E+00  0.0000000E+00  0.0000000E+00  0.0000000E+00  0.0000000E+00
         1   104      1  0.0000000E+00  0.0000000E+00  0.0000000E+00  0.0000000E+00  0.0000000E+00  0.0000000E+00
         1   104      2  0.1978780E-03 -0.2937577E-04  0.0000000E+00  0.0000000E+00  0.1907290E-06  0.0000000E+00
         1   104      3  0.2970323E-03 -0.4402765E-04  0.0000000E+00  0.0000000E+00  0.3070853E-06  0.0000000E+00
         1   104      4  0.3963300E-03 -0.5865556E-04  0.0000000E+00  0.0000000E+00  0.4374397E-06  0.0000000E+00
         1   104      5  0.4957707E-03 -0.7325952E-04  0.0000000E+00  0.0000000E+00  0.5817944E-06  0.0000000E+00
         1   104      6  0.5953543E-03 -0.8783956E-04  0.0000000E+00  0.0000000E+00  0.7401515E-06  0.0000000E+00
         1   104      7  0.6950805E-03 -0.1023957E-03  0.0000000E+00  0.0000000E+00  0.9125128E-06  0.0000000E+00
         1   104      8  0.7949491E-03 -0.1169280E-03  0.0000000E+00  0.0000000E+00  0.1098880E-05  0.0000000E+00
         1   104      9  0.8949600E-03 -0.1314364E-03  0.0000000E+00  0.0000000E+00  0.1299254E-05  0.0000000E+00
         1   104     10  0.8764311E-05  0.1454697E-05  0.0000000E+00  0.0000000E+00  0.1385872E-01  0.1000000E-02

         1   105      0  0.0000000E+00  0.0000000E+00  0.0000000E+00  0.0000000E+00  0.0000000E+00  0.0000000E+00
         1   105      1  0.0000000E+00  0.0000000E+00  0.0000000E+00  0.0000000E+00  0.0000000E+00  0.0000000E+00
         1   105      2  0.1905340E-03 -0.2937577E-04  0.0000000E+00  0.0000000E+00  0.1906691E-06  0.0000000E+00
         1   105      3  0.2860254E-03 -0.4402765E-04  0.0000000E+00  0.0000000E+00  0.3069508E-06  0.0000000E+00
         1   105      4  0.3816661E-03 -0.5865556E-04  0.0000000E+00  0.0000000E+00  0.4372009E-06  0.0000000E+00
         1   105      5  0.4774558E-03 -0.7325952E-04  0.0000000E+00  0.0000000E+00  0.5814220E-06  0.0000000E+00
         1   105      6  0.5733944E-03 -0.8783956E-04  0.0000000E+00  0.0000000E+00  0.7396161E-06  0.0000000E+00
         1   105      7  0.6694816E-03 -0.1023957E-03  0.0000000E+00  0.0000000E+00  0.9117852E-06  0.0000000E+00
         1   105      8  0.7657171E-03 -0.1169280E-03  0.0000000E+00  0.0000000E+00  0.1097931E-05  0.0000000E+00
         1   105      9  0.8621009E-03 -0.1314364E-03  0.0000000E+00  0.0000000E+00  0.1298055E-05  0.0000000E+00
         1   105     10  0.9127783E-05  0.1454697E-05  0.0000000E+00  0.0000000E+00  0.1390814E-01  0.1000000E-02

         1   106      0  0.0000000E+00  0.0000000E+00  0.0000000E+00  0.0000000E+00  0.0000000E+00  0.0000000E+00
         1   106      1  0.0000000E+00  0.0000000E+00  0.0000000E+00  0.0000000E+00  0.0000000E+00  0.0000000E+00
         1   106      2  0.1861277E-03 -0.2937577E-04  0.0000000E+00  0.0000000E+00  0.1906331E-06  0.0000000E+00
         1   106      3  0.2794213E-03 -0.4402765E-04  0.0000000E+00  0.0000000E+00  0.3068701E-06  0.0000000E+00
         1   106      4  0.3728678E-03 -0.5865556E-04  0.0000000E+00  0.0000000E+00  0.4370577E-06  0.0000000E+00
         1   106      5  0.4664669E-03 -0.7325952E-04  0.0000000E+00  0.0000000E+00  0.5811985E-06  0.0000000E+00
         1   106      6  0.5602185E-03 -0.8783956E-04  0.0000000E+00  0.0000000E+00  0.7392948E-06  0.0000000E+00
         1   106      7  0.6541222E-03 -0.1023957E-03  0.0000000E+00  0.0000000E+00  0.9113486E-06  0.0000000E+00
         1   106      8  0.7481779E-03 -0.1169280E-03  0.0000000E+00  0.0000000E+00  0.1097362E-05  0.0000000E+00
         1   106      9  0.8423854E-03 -0.1314364E-03  0.0000000E+00  0.0000000E+00  0.1297336E-05  0.0000000E+00
         1   106     10  0.9345867E-05  0.1454697E-05  0.0000000E+00  0.0000000E+00  0.1393780E-01  0.1000000E-02

         1   107      0  0.0000000E+00  0.0000000E+00  0.0000000E+00  0.0000000E+00  0.0000000E+00  0.0000000E+00
         1   107      1  0.0000000E+00  0.0000000E+00  0.0000000E+00  0.0000000E+00  0.0000000E+00  0.0000000E+00
         1   107      2  0.1787837E-03 -0.2937577E-04  0.0000000E+00  0.0000000E+00  0.1905733E-06  0.0000000E+00
         1   107      3  0.2684144E-03 -0.4402765E-04  0.0000000E+00  0.0000000E+00  0.3067356E-06  0.0000000E+00
         1   107      4  0.3582039E-03 -0.5865556E-04  0.0000000E+00  0.0000000E+00  0.4368189E-06  0.0000000E+00
         1   107      5  0.4481520E-03 -0.7325952E-04  0.0000000E+00  0.0000000E+00  0.5808260E-06  0.0000000E+00
         1   107      6  0.5382586E-03 -0.8783956E-04  0.0000000E+00  0.0000000E+00  0.7387593E-06  0.0000000E+00
         1   107      7  0.6285233E-03 -0.1023957E-03  0.0000000E+00  0.0000000E+00  0.9106210E-06  0.0000000E+00
         1   107      8  0.7189459E-03 -0.1169280E-03  0.0000000E+00  0.0000000E+00  0.1096413E-05  0.0000000E+00
         1   107      9  0.8095263E-03 -0.1314364E-03  0.0000000E+00  0.0000000E+00  0.1296137E-05  0.0000000E+00
         1   107     10  0.9709340E-05  0.1454697E-05  0.0000000E+00  0.0000000E+00  0.1398722E-01  0.1000000E-02

         1   108      0  0.0000000E+00  0.0000000E+00  0.0000000E+00  0.0000000E+00  0.0000000E+00  0.0000000E+00
         1   108      1  0.0000000E+00  0.0000000E+00  0.0000000E+00  0.0000000E+00  0.0000000E+00  0.0000000E+00
         1   108      2  0.1599996E-03 -0.4546422E-04  0.0000000E+00  0.0000000E+00  0.1898863E-06  0.0000000E+00
         1   108      3  0.2402505E-03 -0.6818357E-04  0.0000000E+00  0.0000000E+00  0.3051882E-06  0.0000000E+00
         1   108      4  0.3206683E-03 -0.9089443E-04  0.0000000E+00  0.0000000E+00  0.4340649E-06  0.0000000E+00
         1   108      5  0.4012529E-03 -0.1135968E-03  0.0000000E+00  0.0000000E+00  0.5765181E-06  0.0000000E+00
         1   108      6  0.4820041E-03 -0.1362907E-03  0.0000000E+00  0.0000000E+00  0.7325489E-06  0.0000000E+00
         1   108      7  0.5629215E-03 -0.1589761E-03  0.0000000E+00  0.0000000E+00  0.9021584E-06  0.0000000E+00
         1   108      8  0.6440051E-03 -0.1816530E-03  0.0000000E+00  0.0000000E+00  0.1085347E-05  0.0000000E+00
         1   108      9  0.7252544E-03 -0.2043215E-03  0.0000000E+00  0.0000000E+00  0.1282116E-05  0.0000000E+00
         1   108     10  0.1020205E-04  0.5094678E-06  0.0000000E+00  0.0000000E+00  0.1408607E-01  0.1000000E-02

         1   109      0  0.0000000E+00  0.0000000E+00  0.0000000E+00  0.0000000E+00  0.0000000E+00  0.0000000E+00
         1   109      1  0.0000000E+00  0.0000000E+00  0.0000000E+00  0.0000000E+00  0.0000000E+00  0.0000000E+00
         1   109      2  0.1336771E-03 -0.5941059E-04  0.0000000E+00  0.0000000E+00  0.1891320E-06  0.0000000E+00
         1   109      3  0.2007671E-03 -0.8912700E-04  0.0000000E+00  0.0000000E+00  0.3034892E-06  0.0000000E+00
         1   109      4  0.2680243E-03 -0.1188508E-03  0.0000000E+00  0.0000000E+00  0.4310412E-06  0.0000000E+00
         1   109      5  0.3354486E-03 -0.1485819E-03  0.0000000E+00  0.0000000E+00  0.5717883E-06  0.0000000E+00
         1   109      6  0.4030398E-03 -0.1783204E-03  0.0000000E+00  0.0000000E+00  0.7257305E-06  0.0000000E+00
         1   109      7  0.4707975E-03 -0.2080663E-03  0.0000000E+00  0.0000000E+00  0.8928675E-06  0.0000000E+00
         1   109      8  0.5387216E-03 -0.2378194E-03  0.0000000E+00  0.0000000E+00  0.1073199E-05  0.0000000E+00
         1   109      9  0.6068118E-03 -0.2675798E-03  0.0000000E+00  0.0000000E+00  0.1266724E-05  0.0000000E+00
         1   109     10  0.1021452E-04 -0.4597436E-06  0.0000000E+00  0.0000000E+00  0.1418492E-01  0.1000000E-02

         1   110      0  0.0000000E+00  0.0000000E+00  0.0000000E+00  0.0000000E+00  0.0000000E+00  0.0000000E+00
         1   110      1  0.0000000E+00  0.0000000E+00  0.0000000E+00  0.0000000E+00  0.0000000E+00  0.0000000E+00
         1   110      2  0.1188244E-03 -0.5941059E-04  0.0000000E+00  0.0000000E+00  0.1888871E-06  0.0000000E+00
         1   110      3  0.1784853E-03 -0.8912700E-04  0.0000000E+00  0.0000000E+00  0.3029379E-06  0.0000000E+00
         1   110      4  0.2383116E-03 -0.1188508E-03  0.0000000E+00  0.0000000E+00  0.4300609E-06  0.0000000E+00
         1   110      5  0.2983032E-03 -0.1485819E-03  0.0000000E+00  0.0000000E+00  0.5702562E-06  0.0000000E+00
         1   110      6  0.3584597E-03 -0.1783204E-03  0.0000000E+00  0.0000000E+00  0.7235238E-06  0.0000000E+00
         1   110      7  0.4187810E-03 -0.2080663E-03  0.0000000E+00  0.0000000E+00  0.8898632E-06  0.0000000E+00
         1   110      8  0.4792668E-03 -0.2378194E-03  0.0000000E+00  0.0000000E+00  0.1069274E-05  0.0000000E+00
         1   110      9  0.5399169E-03 -0.2675798E-03  0.0000000E+00  0.0000000E+00  0.1261755E-05  0.0000000E+00
         1   110     10  0.1009965E-04 -0.4597436E-06  0.0000000E+00  0.0000000E+00  0.1423435E-01  0.1000000E-02

         1   111      0  0.0000000E+00  0.0000000E+00  0.0000000E+00  0.0000000E+00  0.0000000E+00  0.0000000E+00
         1   111      1  0.0000000E+00  0.0000000E+00  0.0000000E+00  0.0000000E+00  0.0000000E+00  0.0000000E+00
         1   111      2  0.1099128E-03 -0.5941059E-04  0.0000000E+00  0.0000000E+00  0.1887401E-06  0.0000000E+00
         1   111      3  0.1651163E-03 -0.8912700E-04  0.0000000E+00  0.0000000E+00  0.3026072E-06  0.0000000E+00
         1   111      4  0.2204840E-03 -0.1188508E-03  0.0000000E+00  0.0000000E+00  0.4294727E-06  0.0000000E+00
         1   111      5  0.2760159E-03 -0.1485819E-03  0.0000000E+00  0.0000000E+00  0.5693370E-06  0.0000000E+00
         1   111      6  0.3317116E-03 -0.1783204E-03  0.0000000E+00  0.0000000E+00  0.7221997E-06  0.0000000E+00
         1   111      7  0.3875710E-03 -0.2080663E-03  0.0000000E+00  0.0000000E+00  0.8880606E-06  0.0000000E+00
         1   111      8  0.4435939E-03 -0.2378194E-03  0.0000000E+00  0.0000000E+00  0.1066919E-05  0.0000000E+00
         1   111      9  0.4997799E-03 -0.2675798E-03  0.0000000E+00  0.0000000E+00  0.1258774E-05  0.0000000E+00
         1   111     10  0.1003073E-04 -0.4597436E-06  0.0000000E+00  0.0000000E+00  0.1426400E-01  0.1000000E-02

         1   112      0  0.0000000E+00  0.0000000E+00  0.0000000E+00  0.0000000E+00  0.0000000E+00  0.0000000E+00
         1   112      1  0.0000000E+00  0.0000000E+00  0.0000000E+00  0.0000000E+00  0.0000000E+00  0.0000000E+00
         1   112      2  0.9506020E-04 -0.5941059E-04  0.0000000E+00  0.0000000E+00  0.1884952E-06  0.0000000E+00
         1   112      3  0.1428345E-03 -0.8912700E-04  0.0000000E+00  0.0000000E+00  0.3020559E-06  0.0000000E+00
         1   112      4  0.1907713E-03 -0.1188508E-03  0.0000000E+00  0.0000000E+00  0.4284925E-06  0.0000000E+00
         1   112      5  0.2388704E-03 -0.1485819E-03  0.0000000E+00  0.0000000E+00  0.5678049E-06  0.0000000E+00
         1   112      6  0.2871315E-03 -0.1783204E-03  0.0000000E+00  0.0000000E+00  0.7199930E-06  0.0000000E+00
         1   112      7  0.3355545E-03 -0.2080663E-03  0.0000000E+00  0.0000000E+00  0.8850563E-06  0.0000000E+00
         1   112      8  0.3841390E-03 -0.2378194E-03  0.0000000E+00  0.0000000E+00  0.1062994E-05  0.0000000E+00
         1   112      9  0.4328849E-03 -0.2675798E-03  0.0000000E+00  0.0000000E+00  0.1253805E-05  0.0000000E+00
         1   112     10  0.9915856E-05 -0.4597436E-06  0.0000000E+00  0.0000000E+00  0.1431343E-01  0.1000000E-02

         1   113      0  0.0000000E+00  0.0000000E+00  0.0000000E+00  0.0000000E+00  0.0000000E+00  0.0000000E+00
         1   113      1  0.0000000E+00  0.0000000E+00  0.0000000E+00  0.0000000E+00  0.0000000E+00  0.0000000E+00
         1   113      2 -0.1832784E-03 -0.5941059E-04  0.0000000E+00  0.0000000E+00  0.1839049E-06  0.0000000E+00
         1   113      3 -0.2747255E-03 -0.8912700E-04  0.0000000E+00  0.0000000E+00  0.2917251E-06  0.0000000E+00
         1   113      4 -0.3660446E-03 -0.1188508E-03  0.0000000E+00  0.0000000E+00  0.4101221E-06  0.0000000E+00
         1   113      5 -0.4572360E-03 -0.1485819E-03  0.0000000E+00  0.0000000E+00  0.5390940E-06  0.0000000E+00
         1   113      6 -0.5482997E-03 -0.1783204E-03  0.0000000E+00  0.0000000E+00  0.6786391E-06  0.0000000E+00
         1   113      7 -0.6392359E-03 -0.2080663E-03  0.0000000E+00  0.0000000E+00  0.8287550E-06  0.0000000E+00
         1   113      8 -0.7300448E-03 -0.2378194E-03  0.0000000E+00  0.0000000E+00  0.9894395E-06  0.0000000E+00
         1   113      9 -0.8207265E-03 -0.2675798E-03  0.0000000E+00  0.0000000E+00  0.1160690E-05  0.0000000E+00
         1   113     10  0.7763152E-05 -0.4597436E-06  0.0000000E+00  0.0000000E+00  0.1523964E-01  0.1000000E-02

         1   114      0  0.0000000E+00  0.0000000E+00  0.0000000E+00  0.0000000E+00  0.0000000E+00  0.0000000E+00
         1   114      1  0.0000000E+00  0.0000000E+00  0.0000000E+00  0.0000000E+00  0.0000000E+00  0.0000000E+00
         1   114      2 -0.1981311E-03 -0.5941059E-04  0.0000000E+00  0.0000000E+00  0.1836599E-06  0.0000000E+00
         1   114      3 -0.2970072E-03 -0.8912700E-04  0.0000000E+00  0.0000000E+00  0.2911739E-06  0.0000000E+00
         1   114      4 -0.3957573E-03 -0.1188508E-03  0.0000000E+00  0.0000000E+00  0.4091418E-06  0.0000000E+00
         1   114      5 -0.4943815E-03 -0.1485819E-03  0.0000000E+00  0.0000000E+00  0.5375620E-06  0.0000000E+00
         1   114      6 -0.5928798E-03 -0.1783204E-03  0.0000000E+00  0.0000000E+00  0.6764324E-06  0.0000000E+00
         1   114      7 -0.6912525E-03 -0.2080663E-03  0.0000000E+00  0.0000000E+00  0.8257507E-06  0.0000000E+00
         1   114      8 -0.7894997E-03 -0.2378194E-03  0.0000000E+00  0.0000000E+00  0.9855145E-06  0.0000000E+00
         1   114      9 -0.8876214E-03 -0.2675798E-03  0.0000000E+00  0.0000000E+00  0.1155721E-05  0.0000000E+00
         1   114     10  0.7648280E-05 -0.4597436E-06  0.0000000E+00  0.0000000E+00  0.1528907E-01  0.1000000E-02

         1   115      0  0.0000000E+00  0.0000000E+00  0.0000000E+00  0.0000000E+00  0.0000000E+00  0.0000000E+00
         1   115      1  0.0000000E+00  0.0000000E+00  0.0000000E+00  0.0000000E+00  0.0000000E+00  0.0000000E+00
         1   115      2 -0.2070427E-03 -0.5941059E-04  0.0000000E+00  0.0000000E+00  0.1835130E-06  0.0000000E+00
         1   115      3 -0.3103763E-03 -0.8912700E-04  0.0000000E+00  0.0000000E+00  0.2908431E-06  0.0000000E+00
         1   115      4 -0.4135850E-03 -0.1188508E-03  0.0000000E+00  0.0000000E+00  0.4085536E-06  0.0000000E+00
         1   115      5 -0.5166688E-03 -0.1485819E-03  0.0000000E+00  0.0000000E+00  0.5366427E-06  0.0000000E+00
         1   115      6 -0.6196279E-03 -0.1783204E-03  0.0000000E+00  0.0000000E+00  0.6751083E-06  0.0000000E+00
         1   115      7 -0.7224624E-03 -0.2080663E-03  0.0000000E+00  0.0000000E+00  0.8239481E-06  0.0000000E+00
         1   115      8 -0.8251726E-03 -0.2378194E-03  0.0000000E+00  0.0000000E+00  0.9831595E-06  0.0000000E+00
         1   115      9 -0.9277584E-03 -0.2675798E-03  0.0000000E+00  0.0000000E+00  0.1152740E-05  0.0000000E+00
         1   115     10  0.7579357E-05 -0.4597436E-06  0.0000000E+00  0.0000000E+00  0.1531872E-01  0.1000000E-02

         1   116      0  0.0000000E+00  0.0000000E+00  0.0000000E+00  0.0000000E+00  0.0000000E+00  0.0000000E+00
         1   116      1  0.0000000E+00  0.0000000E+00  0.0000000E+00  0.0000000E+00  0.0000000E+00  0.0000000E+00
         1   116      2 -0.2218953E-03 -0.5941059E-04  0.0000000E+00  0.0000000E+00  0.1832680E-06  0.0000000E+00
         1   116      3 -0.3326580E-03 -0.8912700E-04  0.0000000E+00  0.0000000E+00  0.2902918E-06  0.0000000E+00
         1   116      4 -0.4432977E-03 -0.1188508E-03  0.0000000E+00  0.0000000E+00  0.4075733E-06  0.0000000E+00
         1   116      5 -0.5538143E-03 -0.1485819E-03  0.0000000E+00  0.0000000E+00  0.5351107E-06  0.0000000E+00
         1   116      6 -0.6642080E-03 -0.1783204E-03  0.0000000E+00  0.0000000E+00  0.6729016E-06  0.0000000E+00
         1   116      7 -0.7744790E-03 -0.2080663E-03  0.0000000E+00  0.0000000E+00  0.8209438E-06  0.0000000E+00
         1   116      8 -0.8846274E-03 -0.2378194E-03  0.0000000E+00  0.0000000E+00  0.9792345E-06  0.0000000E+00
         1   116      9 -0.9946533E-03 -0.2675798E-03  0.0000000E+00  0.0000000E+00  0.1147771E-05  0.0000000E+00
         1   116     10  0.7464484E-05 -0.4597436E-06  0.0000000E+00  0.0000000E+00  0.1536815E-01  0.1000000E-02

         1   117      0  0.0000000E+00  0.0000000E+00  0.0000000E+00  0.0000000E+00  0.0000000E+00  0.0000000E+00
         1   117      1  0.0000000E+00  0.0000000E+00  0.0000000E+00  0.0000000E+00  0.0000000E+00  0.0000000E+00
         1   117      2 -0.2565329E-03 -0.7962898E-04  0.0000000E+00  0.0000000E+00  0.1834575E-06  0.0000000E+00
         1   117      3 -0.3846161E-03 -0.1194390E-03  0.0000000E+00  0.0000000E+00  0.2907162E-06  0.0000000E+00
         1   117      4 -0.5125772E-03 -0.1592461E-03  0.0000000E+00  0.0000000E+00  0.4083241E-06  0.0000000E+00
         1   117      5 -0.6404164E-03 -0.1990502E-03  0.0000000E+00  0.0000000E+00  0.5362780E-06  0.0000000E+00
         1   117      6 -0.7681339E-03 -0.2388512E-03  0.0000000E+00  0.0000000E+00  0.6745743E-06  0.0000000E+00
         1   117      7 -0.8957297E-03 -0.2786493E-03  0.0000000E+00  0.0000000E+00  0.8232093E-06  0.0000000E+00
         1   117      8 -0.1023204E-02 -0.3184444E-03  0.0000000E+00  0.0000000E+00  0.9821790E-06  0.0000000E+00
         1   117      9 -0.1150557E-02 -0.3582364E-03  0.0000000E+00  0.0000000E+00  0.1151479E-05  0.0000000E+00
         1   117     10  0.7391811E-05  0.1678623E-06  0.0000000E+00  0.0000000E+00  0.1546700E-01  0.1000000E-02

         1   118      0  0.0000000E+00  0.0000000E+00  0.0000000E+00  0.0000000E+00  0.0000000E+00  0.0000000E+00
         1   118      1  0.0000000E+00  0.0000000E+00  0.0000000E+00  0.0000000E+00  0.0000000E+00  0.0000000E+00
         1   118      2 -0.3013381E-03 -0.1001424E-03  0.0000000E+00  0.0000000E+00  0.1833568E-06  0.0000000E+00
         1   118      3 -0.4518182E-03 -0.1501954E-03  0.0000000E+00  0.0000000E+00  0.2904880E-06  0.0000000E+00
         1   118      4 -0.6021726E-03 -0.2002364E-03  0.0000000E+00  0.0000000E+00  0.4079156E-06  0.0000000E+00
         1   118      5 -0.7524013E-03 -0.2502653E-03  0.0000000E+00  0.0000000E+00  0.5356353E-06  0.0000000E+00
         1   118      6 -0.9025045E-03 -0.3002821E-03  0.0000000E+00  0.0000000E+00  0.6736425E-06  0.0000000E+00
         1   118      7 -0.1052482E-02 -0.3502868E-03  0.0000000E+00  0.0000000E+00  0.8219323E-06  0.0000000E+00
         1   118      8 -0.1202335E-02 -0.4002794E-03  0.0000000E+00  0.0000000E+00  0.9804997E-06  0.0000000E+00
         1   118      9 -0.1352062E-02 -0.4502599E-03  0.0000000E+00  0.0000000E+00  0.1149339E-05  0.0000000E+00
         1   118     10  0.7612826E-05  0.7194009E-06  0.0000000E+00  0.0000000E+00  0.1556585E-01  0.1000000E-02

         1   119      0  0.0000000E+00  0.0000000E+00  0.0000000E+00  0.0000000E+00  0.0000000E+00  0.0000000E+00
         1   119      1  0.0000000E+00  0.0000000E+00  0.0000000E+00  0.0000000E+00  0.0000000E+00  0.0000000E+00
         1   119      2 -0.3263737E-03 -0.1001424E-03  0.0000000E+00  0.0000000E+00  0.1826609E-06  0.0000000E+00
         1   119      3 -0.4893671E-03 -0.1501954E-03  0.0000000E+00  0.0000000E+00  0.2889225E-06  0.0000000E+00
         1   119      4 -0.6522317E-03 -0.2002364E-03  0.0000000E+00  0.0000000E+00  0.4051332E-06  0.0000000E+00
         1   119      5 -0.8149676E-03 -0.2502653E-03  0.0000000E+00  0.0000000E+00  0.5312888E-06  0.0000000E+00
         1   119      6 -0.9775750E-03 -0.3002821E-03  0.0000000E+00  0.0000000E+00  0.6673850E-06  0.0000000E+00
         1   119      7 -0.1140054E-02 -0.3502868E-03  0.0000000E+00  0.0000000E+00  0.8134172E-06  0.0000000E+00
         1   119      8 -0.1302404E-02 -0.4002794E-03  0.0000000E+00  0.0000000E+00  0.9693806E-06  0.0000000E+00
         1   119      9 -0.1464627E-02 -0.4502599E-03  0.0000000E+00  0.0000000E+00  0.1135270E-05  0.0000000E+00
         1   119     10  0.7792576E-05  0.7194009E-06  0.0000000E+00  0.0000000E+00  0.1561527E-01  0.1000000E-02

         1   120      0  0.0000000E+00  0.0000000E+00  0.0000000E+00  0.0000000E+00  0.0000000E+00  0.0000000E+00
         1   120      1  0.0000000E+00  0.0000000E+00  0.0000000E+00  0.0000000E+00  0.0000000E+00  0.0000000E+00
         1   120      2 -0.3413951E-03 -0.1001424E-03  0.0000000E+00  0.0000000E+00  0.1822433E-06  0.0000000E+00
         1   120      3 -0.5118964E-03 -0.1501954E-03  0.0000000E+00  0.0000000E+00  0.2879832E-06  0.0000000E+00
         1   120      4 -0.6822672E-03 -0.2002364E-03  0.0000000E+00  0.0000000E+00  0.4034637E-06  0.0000000E+00
         1   120      5 -0.8525074E-03 -0.2502653E-03  0.0000000E+00  0.0000000E+00  0.5286808E-06  0.0000000E+00
         1   120      6 -0.1022617E-02 -0.3002821E-03  0.0000000E+00  0.0000000E+00  0.6636305E-06  0.0000000E+00
         1   120      7 -0.1192597E-02 -0.3502868E-03  0.0000000E+00  0.0000000E+00  0.8083081E-06  0.0000000E+00
         1   120      8 -0.1362446E-02 -0.4002794E-03  0.0000000E+00  0.0000000E+00  0.9627091E-06  0.0000000E+00
         1   120      9 -0.1532166E-02 -0.4502599E-03  0.0000000E+00  0.0000000E+00  0.1126829E-05  0.0000000E+00
         1   120     10  0.7900426E-05  0.7194009E-06  0.0000000E+00  0.0000000E+00  0.1564493E-01  0.1000000E-02

         1   121      0  0.0000000E+00  0.0000000E+00  0.0000000E+00  0.0000000E+00  0.0000000E+00  0.0000000E+00
         1   121      1  0.0000000E+00  0.0000000E+00  0.0000000E+00  0.0000000E+00  0.0000000E+00  0.0000000E+00
         1   121      2 -0.3664307E-03 -0.1001424E-03  0.0000000E+00  0.0000000E+00  0.1815474E-06  0.0000000E+00
         1   121      3 -0.5494453E-03 -0.1501954E-03  0.0000000E+00  0.0000000E+00  0.2864177E-06  0.0000000E+00
         1   121      4 -0.7323263E-03 -0.2002364E-03  0.0000000E+00  0.0000000E+00  0.4006812E-06  0.0000000E+00
         1   121      5 -0.9150737E-03 -0.2502653E-03  0.0000000E+00  0.0000000E+00  0.5243343E-06  0.0000000E+00
         1   121      6 -0.1097688E-02 -0.3002821E-03  0.0000000E+00  0.0000000E+00  0.6573729E-06  0.0000000E+00
         1   121      7 -0.1280169E-02 -0.3502868E-03  0.0000000E+00  0.0000000E+00  0.7997929E-06  0.0000000E+00
         1   121      8 -0.1462516E-02 -0.4002794E-03  0.0000000E+00  0.0000000E+00  0.9515900E-06  0.0000000E+00
         1   121      9 -0.1644731E-02 -0.4502599E-03  0.0000000E+00  0.0000000E+00  0.1112759E-05  0.0000000E+00
         1   121     10  0.8080177E-05  0.7194009E-06  0.0000000E+00  0.0000000E+00  0.1569435E-01  0.1000000E-02

         1   122      0  0.0000000E+00  0.0000000E+00  0.0000000E+00  0.0000000E+00  0.0000000E+00  0.0000000E+00
         1   122      1  0.0000000E+00  0.0000000E+00  0.0000000E+00  0.0000000E+00  0.0000000E+00  0.0000000E+00
         1   122      2 -0.8288214E-03 -0.9682929E-04  0.0000000E+00  0.0000000E+00  0.6877238E-04  0.0000000E+00
         1   122      3 -0.1242941E-02 -0.1452281E-03  0.0000000E+00  0.0000000E+00  0.1031343E-03  0.0000000E+00
         1   122      4 -0.1656866E-02 -0.1936163E-03  0.0000000E+00  0.0000000E+00  0.1374800E-03  0.0000000E+00
         1   122      5 -0.2070596E-02 -0.2419940E-03  0.0000000E+00  0.0000000E+00  0.1718096E-03  0.0000000E+00
         1   122      6 -0.2484133E-02 -0.2903611E-03  0.0000000E+00  0.0000000E+00  0.2061230E-03  0.0000000E+00
         1   122      7 -0.2897476E-02 -0.3387176E-03  0.0000000E+00  0.0000000E+00  0.2404203E-03  0.0000000E+00
         1   122      8 -0.3310626E-02 -0.3870636E-03  0.0000000E+00  0.0000000E+00  0.2747015E-03  0.0000000E+00
         1   122      9 -0.3723582E-02 -0.4353990E-03  0.0000000E+00  0.0000000E+00  0.3089666E-03  0.0000000E+00
         1   122     10  0.2788138E-03  0.1146686E-03  0.0000000E+00  0.0000000E+00  0.1660924E-01  0.1000000E-02

         1   123      0  0.0000000E+00  0.0000000E+00  0.0000000E+00  0.0000000E+00  0.0000000E+00  0.0000000E+00
         1   123      1  0.0000000E+00  0.0000000E+00  0.0000000E+00  0.0000000E+00  0.0000000E+00  0.0000000E+00
         1   123      2 -0.8530288E-03 -0.9682929E-04  0.0000000E+00  0.0000000E+00  0.6877173E-04  0.0000000E+00
         1   123      3 -0.1279248E-02 -0.1452281E-03  0.0000000E+00  0.0000000E+00  0.1031328E-03  0.0000000E+00
         1   123      4 -0.1705270E-02 -0.1936163E-03  0.0000000E+00  0.0000000E+00  0.1374774E-03  0.0000000E+00
         1   123      5 -0.2131095E-02 -0.2419940E-03  0.0000000E+00  0.0000000E+00  0.1718055E-03  0.0000000E+00
         1   123      6 -0.2556724E-02 -0.2903611E-03  0.0000000E+00  0.0000000E+00  0.2061171E-03  0.0000000E+00
         1   123      7 -0.2982156E-02 -0.3387176E-03  0.0000000E+00  0.0000000E+00  0.2404123E-03  0.0000000E+00
         1   123      8 -0.3407392E-02 -0.3870636E-03  0.0000000E+00  0.0000000E+00  0.2746911E-03  0.0000000E+00
         1   123      9 -0.3832431E-02 -0.4353990E-03  0.0000000E+00  0.0000000E+00  0.3089534E-03  0.0000000E+00
         1   123     10  0.3074650E-03  0.1146686E-03  0.0000000E+00  0.0000000E+00  0.1665866E-01  0.1000000E-02

         1   124      0  0.0000000E+00  0.0000000E+00  0.0000000E+00  0.0000000E+00  0.0000000E+00  0.0000000E+00
         1   124      1  0.0000000E+00  0.0000000E+00  0.0000000E+00  0.0000000E+00  0.0000000E+00  0.0000000E+00
         1   124      2 -0.8675532E-03 -0.9682929E-04  0.0000000E+00  0.0000000E+00  0.6877134E-04  0.0000000E+00
         1   124      3 -0.1301032E-02 -0.1452281E-03  0.0000000E+00  0.0000000E+00  0.1031319E-03  0.0000000E+00
         1   124      4 -0.1734312E-02 -0.1936163E-03  0.0000000E+00  0.0000000E+00  0.1374758E-03  0.0000000E+00
         1   124      5 -0.2167394E-02 -0.2419940E-03  0.0000000E+00  0.0000000E+00  0.1718031E-03  0.0000000E+00
         1   124      6 -0.2600278E-02 -0.2903611E-03  0.0000000E+00  0.0000000E+00  0.2061136E-03  0.0000000E+00
         1   124      7 -0.3032963E-02 -0.3387176E-03  0.0000000E+00  0.0000000E+00  0.2404075E-03  0.0000000E+00
         1   124      8 -0.3465451E-02 -0.3870636E-03  0.0000000E+00  0.0000000E+00  0.2746848E-03  0.0000000E+00
         1   124      9 -0.3897741E-02 -0.4353990E-03  0.0000000E+00  0.0000000E+00  0.3089455E-03  0.0000000E+00
         1   124     10  0.3246558E-03  0.1146686E-03  0.0000000E+00  0.0000000E+00  0.1668832E-01  0.1000000E-02

         1   125      0  0.0000000E+00  0.0000000E+00  0.0000000E+00  0.0000000E+00  0.0000000E+00  0.0000000E+00
         1   125      1  0.0000000E+00  0.0000000E+00  0.0000000E+00  0.0000000E+00  0.0000000E+00  0.0000000E+00
         1   125      2 -0.8917605E-03 -0.9682929E-04  0.0000000E+00  0.0000000E+00  0.6877068E-04  0.0000000E+00
         1   125      3 -0.1337339E-02 -0.1452281E-03  0.0000000E+00  0.0000000E+00  0.1031305E-03  0.0000000E+00
         1   125      4 -0.1782716E-02 -0.1936163E-03  0.0000000E+00  0.0000000E+00  0.1374732E-03  0.0000000E+00
         1   125      5 -0.2227892E-02 -0.2419940E-03  0.0000000E+00  0.0000000E+00  0.1717990E-03  0.0000000E+00
         1   125      6 -0.2672868E-02 -0.2903611E-03  0.0000000E+00  0.0000000E+00  0.2061078E-03  0.0000000E+00
         1   125      7 -0.3117643E-02 -0.3387176E-03  0.0000000E+00  0.0000000E+00  0.2403996E-03  0.0000000E+00
         1   125      8 -0.3562217E-02 -0.3870636E-03  0.0000000E+00  0.0000000E+00  0.2746744E-03  0.0000000E+00
         1   125      9 -0.4006591E-02 -0.4353990E-03  0.0000000E+00  0.0000000E+00  0.3089323E-03  0.0000000E+00
         1   125     10  0.3533071E-03  0.1146686E-03  0.0000000E+00  0.0000000E+00  0.1673774E-01  0.1000000E-02

         1   126      0  0.0000000E+00  0.0000000E+00  0.0000000E+00  0.0000000E+00  0.0000000E+00  0.0000000E+00
         1   126      1  0.0000000E+00  0.0000000E+00  0.0000000E+00  0.0000000E+00  0.0000000E+00  0.0000000E+00
         1   126      2 -0.9218714E-03 -0.2320796E-04  0.0000000E+00  0.0000000E+00  0.6875818E-04  0.0000000E+00
         1   126      3 -0.1382503E-02 -0.3482068E-04  0.0000000E+00  0.0000000E+00  0.1031023E-03  0.0000000E+00
         1   126      4 -0.1842933E-02 -0.4643919E-04  0.0000000E+00  0.0000000E+00  0.1374233E-03  0.0000000E+00
         1   126      5 -0.2303161E-02 -0.5806349E-04  0.0000000E+00  0.0000000E+00  0.1717209E-03  0.0000000E+00
         1   126      6 -0.2763186E-02 -0.6969357E-04  0.0000000E+00  0.0000000E+00  0.2059954E-03  0.0000000E+00
         1   126      7 -0.3223010E-02 -0.8132941E-04  0.0000000E+00  0.0000000E+00  0.2402467E-03  0.0000000E+00
         1   126      8 -0.3682632E-02 -0.9297100E-04  0.0000000E+00  0.0000000E+00  0.2744749E-03  0.0000000E+00
         1   126      9 -0.4142052E-02 -0.1046183E-03  0.0000000E+00  0.0000000E+00  0.3086799E-03  0.0000000E+00
         1   126     10  0.4031081E-03  0.8397428E-04  0.0000000E+00  0.0000000E+00  0.1683659E-01  0.1000000E-02

         1   127      0  0.0000000E+00  0.0000000E+00  0.0000000E+00  0.0000000E+00  0.0000000E+00  0.0000000E+00
         1   127      1  0.0000000E+00  0.0000000E+00  0.0000000E+00  0.0000000E+00  0.0000000E+00  0.0000000E+00
         1   127      2 -0.9148123E-03  0.5134911E-04  0.0000000E+00  0.0000000E+00  0.6874585E-04  0.0000000E+00
         1   127      3 -0.1371925E-02  0.7699071E-04  0.0000000E+00  0.0000000E+00  0.1030746E-03  0.0000000E+00
         1   127      4 -0.1828843E-02  0.1026104E-03  0.0000000E+00  0.0000000E+00  0.1373740E-03  0.0000000E+00
         1   127      5 -0.2285565E-02  0.1282081E-03  0.0000000E+00  0.0000000E+00  0.1716439E-03  0.0000000E+00
         1   127      6 -0.2742093E-02  0.1537840E-03  0.0000000E+00  0.0000000E+00  0.2058846E-03  0.0000000E+00
         1   127      7 -0.3198425E-02  0.1793380E-03  0.0000000E+00  0.0000000E+00  0.2400960E-03  0.0000000E+00
         1   127      8 -0.3654563E-02  0.2048702E-03  0.0000000E+00  0.0000000E+00  0.2742780E-03  0.0000000E+00
         1   127      9 -0.4110505E-02  0.2303806E-03  0.0000000E+00  0.0000000E+00  0.3084309E-03  0.0000000E+00
         1   127     10  0.4366705E-03  0.4989713E-04  0.0000000E+00  0.0000000E+00  0.1693543E-01  0.1000000E-02

         1   128      0  0.0000000E+00  0.0000000E+00  0.0000000E+00  0.0000000E+00  0.0000000E+00  0.0000000E+00
         1   128      1  0.0000000E+00  0.0000000E+00  0.0000000E+00  0.0000000E+00  0.0000000E+00  0.0000000E+00
         1   128      2 -0.9019750E-03  0.5134911E-04  0.0000000E+00  0.0000000E+00  0.6874566E-04  0.0000000E+00
         1   128      3 -0.1352678E-02  0.7699071E-04  0.0000000E+00  0.0000000E+00  0.1030742E-03  0.0000000E+00
         1   128      4 -0.1803190E-02  0.1026104E-03  0.0000000E+00  0.0000000E+00  0.1373732E-03  0.0000000E+00
         1   128      5 -0.2253513E-02  0.1282081E-03  0.0000000E+00  0.0000000E+00  0.1716428E-03  0.0000000E+00
         1   128      6 -0.2703647E-02  0.1537840E-03  0.0000000E+00  0.0000000E+00  0.2058830E-03  0.0000000E+00
         1   128      7 -0.3153590E-02  0.1793380E-03  0.0000000E+00  0.0000000E+00  0.2400937E-03  0.0000000E+00
         1   128      8 -0.3603345E-02  0.2048702E-03  0.0000000E+00  0.0000000E+00  0.2742751E-03  0.0000000E+00
         1   128      9 -0.4052910E-02  0.2303806E-03  0.0000000E+00  0.0000000E+00  0.3084272E-03  0.0000000E+00
         1   128     10  0.4491379E-03  0.4989713E-04  0.0000000E+00  0.0000000E+00  0.1698486E-01  0.1000000E-02

         1   129      0  0.0000000E+00  0.0000000E+00  0.0000000E+00  0.0000000E+00  0.0000000E+00  0.0000000E+00
         1   129      1  0.0000000E+00  0.0000000E+00  0.0000000E+00  0.0000000E+00  0.0000000E+00  0.0000000E+00
         1   129      2 -0.8942726E-03  0.5134911E-04  0.0000000E+00  0.0000000E+00  0.6874555E-04  0.0000000E+00
         1   129      3 -0.1341129E-02  0.7699071E-04  0.0000000E+00  0.0000000E+00  0.1030739E-03  0.0000000E+00
         1   129      4 -0.1787799E-02  0.1026104E-03  0.0000000E+00  0.0000000E+00  0.1373728E-03  0.0000000E+00
         1   129      5 -0.2234282E-02  0.1282081E-03  0.0000000E+00  0.0000000E+00  0.1716421E-03  0.0000000E+00
         1   129      6 -0.2680579E-02  0.1537840E-03  0.0000000E+00  0.0000000E+00  0.2058820E-03  0.0000000E+00
         1   129      7 -0.3126690E-02  0.1793380E-03  0.0000000E+00  0.0000000E+00  0.2400924E-03  0.0000000E+00
         1   129      8 -0.3572614E-02  0.2048702E-03  0.0000000E+00  0.0000000E+00  0.2742734E-03  0.0000000E+00
         1   129      9 -0.4018353E-02  0.2303806E-03  0.0000000E+00  0.0000000E+00  0.3084250E-03  0.0000000E+00
         1   129     10  0.4566183E-03  0.4989713E-04  0.0000000E+00  0.0000000E+00  0.1701451E-01  0.1000000E-02

         1   130      0  0.0000000E+00  0.0000000E+00  0.0000000E+00  0.0000000E+00  0.0000000E+00  0.0000000E+00
         1   130      1  0.0000000E+00  0.0000000E+00  0.0000000E+00  0.0000000E+00  0.0000000E+00  0.0000000E+00
         1   130      2 -0.8814354E-03  0.5134911E-04  0.0000000E+00  0.0000000E+00  0.6874537E-04  0.0000000E+00
         1   130      3 -0.1321881E-02  0.7699071E-04  0.0000000E+00  0.0000000E+00  0.1030735E-03  0.0000000E+00
         1   130      4 -0.1762146E-02  0.1026104E-03  0.0000000E+00  0.0000000E+00  0.1373721E-03  0.0000000E+00
         1   130      5 -0.2202230E-02  0.1282081E-03  0.0000000E+00  0.0000000E+00  0.1716410E-03  0.0000000E+00
         1   130      6 -0.2642133E-02  0.1537840E-03  0.0000000E+00  0.0000000E+00  0.2058803E-03  0.0000000E+00
         1   130      7 -0.3081855E-02  0.1793380E-03  0.0000000E+00  0.0000000E+00  0.2400902E-03  0.0000000E+00
         1   130      8 -0.3521397E-02  0.2048702E-03  0.0000000E+00  0.0000000E+00  0.2742705E-03  0.0000000E+00
         1   130      9 -0.3960758E-02  0.2303806E-03  0.0000000E+00  0.0000000E+00  0.3084213E-03  0.0000000E+00
         1   130     10  0.4690856E-03  0.4989713E-04  0.0000000E+00  0.0000000E+00  0.1706394E-01  0.1000000E-02

         1   131      0  0.0000000E+00  0.0000000E+00  0.0000000E+00  0.0000000E+00  0.0000000E+00  0.0000000E+00
         1   131      1  0.0000000E+00  0.0000000E+00  0.0000000E+00  0.0000000E+00  0.0000000E+00  0.0000000E+00
         1   131      2 -0.6305125E-03  0.5554123E-04  0.0000000E+00  0.0000000E+00  0.1555221E-03  0.0000000E+00
         1   131      3 -0.9456625E-03  0.8327756E-04  0.0000000E+00  0.0000000E+00  0.2332131E-03  0.0000000E+00
         1   131      4 -0.1260742E-02  0.1109911E-03  0.0000000E+00  0.0000000E+00  0.3108575E-03  0.0000000E+00
         1   131      5 -0.1575750E-02  0.1386818E-03  0.0000000E+00  0.0000000E+00  0.3884552E-03  0.0000000E+00
         1   131      6 -0.1890687E-02  0.1663497E-03  0.0000000E+00  0.0000000E+00  0.4660065E-03  0.0000000E+00
         1   131      7 -0.2205553E-02  0.1939949E-03  0.0000000E+00  0.0000000E+00  0.5435111E-03  0.0000000E+00
         1   131      8 -0.2520348E-02  0.2216174E-03  0.0000000E+00  0.0000000E+00  0.6209694E-03  0.0000000E+00
         1   131      9 -0.2835072E-02  0.2492172E-03  0.0000000E+00  0.0000000E+00  0.6983812E-03  0.0000000E+00
         1   131     10  0.9631571E-03  0.1606722E-03  0.0000000E+00  0.0000000E+00  0.1791313E-01  0.1000000E-02

         1   132      0  0.0000000E+00  0.0000000E+00  0.0000000E+00  0.0000000E+00  0.0000000E+00  0.0000000E+00
         1   132      1  0.0000000E+00  0.0000000E+00  0.0000000E+00  0.0000000E+00  0.0000000E+00  0.0000000E+00
         1   132      2 -0.6166272E-03  0.5554123E-04  0.0000000E+00  0.0000000E+00  0.1555219E-03  0.0000000E+00
         1   132      3 -0.9248431E-03  0.8327756E-04  0.0000000E+00  0.0000000E+00  0.2332126E-03  0.0000000E+00
         1   132      4 -0.1232994E-02  0.1109911E-03  0.0000000E+00  0.0000000E+00  0.3108566E-03  0.0000000E+00
         1   132      5 -0.1541079E-02  0.1386818E-03  0.0000000E+00  0.0000000E+00  0.3884539E-03  0.0000000E+00
         1   132      6 -0.1849099E-02  0.1663497E-03  0.0000000E+00  0.0000000E+00  0.4660045E-03  0.0000000E+00
         1   132      7 -0.2157054E-02  0.1939949E-03  0.0000000E+00  0.0000000E+00  0.5435085E-03  0.0000000E+00
         1   132      8 -0.2464944E-02  0.2216174E-03  0.0000000E+00  0.0000000E+00  0.6209660E-03  0.0000000E+00
         1   132      9 -0.2772768E-02  0.2492172E-03  0.0000000E+00  0.0000000E+00  0.6983768E-03  0.0000000E+00
         1   132     10  0.1003303E-02  0.1606722E-03  0.0000000E+00  0.0000000E+00  0.1796255E-01  0.1000000E-02

         1   133      0  0.0000000E+00  0.0000000E+00  0.0000000E+00  0.0000000E+00  0.0000000E+00  0.0000000E+00
         1   133      1  0.0000000E+00  0.0000000E+00  0.0000000E+00  0.0000000E+00  0.0000000E+00  0.0000000E+00
         1   133      2 -0.6082960E-03  0.5554123E-04  0.0000000E+00  0.0000000E+00  0.1555218E-03  0.0000000E+00
         1   133      3 -0.9123515E-03  0.8327756E-04  0.0000000E+00  0.0000000E+00  0.2332124E-03  0.0000000E+00
         1   133      4 -0.1216345E-02  0.1109911E-03  0.0000000E+00  0.0000000E+00  0.3108561E-03  0.0000000E+00
         1   133      5 -0.1520277E-02  0.1386818E-03  0.0000000E+00  0.0000000E+00  0.3884531E-03  0.0000000E+00
         1   133      6 -0.1824147E-02  0.1663497E-03  0.0000000E+00  0.0000000E+00  0.4660034E-03  0.0000000E+00
         1   133      7 -0.2127955E-02  0.1939949E-03  0.0000000E+00  0.0000000E+00  0.5435070E-03  0.0000000E+00
         1   133      8 -0.2431701E-02  0.2216174E-03  0.0000000E+00  0.0000000E+00  0.6209639E-03  0.0000000E+00
         1   133      9 -0.2735385E-02  0.2492172E-03  0.0000000E+00  0.0000000E+00  0.6983743E-03  0.0000000E+00
         1   133     10  0.1027390E-02  0.1606722E-03  0.0000000E+00  0.0000000E+00  0.1799221E-01  0.1000000E-02

         1   134      0  0.0000000E+00  0.0000000E+00  0.0000000E+00  0.0000000E+00  0.0000000E+00  0.0000000E+00
         1   134      1  0.0000000E+00  0.0000000E+00  0.0000000E+00  0.0000000E+00  0.0000000E+00  0.0000000E+00
         1   134      2 -0.5944107E-03  0.5554123E-04  0.0000000E+00  0.0000000E+00  0.1555216E-03  0.0000000E+00
         1   134      3 -0.8915321E-03  0.8327756E-04  0.0000000E+00  0.0000000E+00  0.2332119E-03  0.0000000E+00
         1   134      4 -0.1188597E-02  0.1109911E-03  0.0000000E+00  0.0000000E+00  0.3108553E-03  0.0000000E+00
         1   134      5 -0.1485606E-02  0.1386818E-03  0.0000000E+00  0.0000000E+00  0.3884518E-03  0.0000000E+00
         1   134      6 -0.1782559E-02  0.1663497E-03  0.0000000E+00  0.0000000E+00  0.4660015E-03  0.0000000E+00
         1   134      7 -0.2079456E-02  0.1939949E-03  0.0000000E+00  0.0000000E+00  0.5435044E-03  0.0000000E+00
         1   134      8 -0.2376297E-02  0.2216174E-03  0.0000000E+00  0.0000000E+00  0.6209605E-03  0.0000000E+00
         1   134      9 -0.2673081E-02  0.2492172E-03  0.0000000E+00  0.0000000E+00  0.6983699E-03  0.0000000E+00
         1   134     10  0.1067536E-02  0.1606722E-03  0.0000000E+00  0.0000000E+00  0.1804163E-01  0.1000000E-02

         1   135      0  0.0000000E+00  0.0000000E+00  0.0000000E+00  0.0000000E+00  0.0000000E+00  0.0000000E+00
         1   135      1  0.0000000E+00  0.0000000E+00  0.0000000E+00  0.0000000E+00  0.0000000E+00  0.0000000E+00
         1   135      2 -0.5774649E-03  0.1245034E-04  0.0000000E+00  0.0000000E+00  0.1555259E-03  0.0000000E+00
         1   135      3 -0.8661290E-03  0.1864683E-04  0.0000000E+00  0.0000000E+00  0.2332216E-03  0.0000000E+00
         1   135      4 -0.1154747E-02  0.2482423E-04  0.0000000E+00  0.0000000E+00  0.3108725E-03  0.0000000E+00
         1   135      5 -0.1443320E-02  0.3098259E-04  0.0000000E+00  0.0000000E+00  0.3884787E-03  0.0000000E+00
         1   135      6 -0.1731847E-02  0.3712192E-04  0.0000000E+00  0.0000000E+00  0.4660402E-03  0.0000000E+00
         1   135      7 -0.2020329E-02  0.4324227E-04  0.0000000E+00  0.0000000E+00  0.5435571E-03  0.0000000E+00
         1   135      8 -0.2308764E-02  0.4934366E-04  0.0000000E+00  0.0000000E+00  0.6210293E-03  0.0000000E+00
         1   135      9 -0.2597153E-02  0.5542613E-04  0.0000000E+00  0.0000000E+00  0.6984570E-03  0.0000000E+00
         1   135     10  0.1168052E-02  0.2428477E-03  0.0000000E+00  0.0000000E+00  0.1814049E-01  0.1000000E-02

         1   136      0  0.0000000E+00  0.0000000E+00  0.0000000E+00  0.0000000E+00  0.0000000E+00  0.0000000E+00
         1   136      1  0.0000000E+00  0.0000000E+00  0.0000000E+00  0.0000000E+00  0.0000000E+00  0.0000000E+00
         1   136      2 -0.5818837E-03 -0.3017992E-04  0.0000000E+00  0.0000000E+00  0.1555302E-03  0.0000000E+00
         1   136      3 -0.8727704E-03 -0.4529402E-04  0.0000000E+00  0.0000000E+00  0.2332314E-03  0.0000000E+00
         1   136      4 -0.1163620E-02 -0.6042417E-04  0.0000000E+00  0.0000000E+00  0.3108899E-03  0.0000000E+00
         1   136      5 -0.1454433E-02 -0.7557033E-04  0.0000000E+00  0.0000000E+00  0.3885059E-03  0.0000000E+00
         1   136      6 -0.1745209E-02 -0.9073245E-04  0.0000000E+00  0.0000000E+00  0.4660794E-03  0.0000000E+00
         1   136      7 -0.2035948E-02 -0.1059105E-03  0.0000000E+00  0.0000000E+00  0.5436104E-03  0.0000000E+00
         1   136      8 -0.2326649E-02 -0.1211045E-03  0.0000000E+00  0.0000000E+00  0.6210990E-03  0.0000000E+00
         1   136      9 -0.2617313E-02 -0.1363143E-03  0.0000000E+00  0.0000000E+00  0.6985452E-03  0.0000000E+00
         1   136     10  0.1311742E-02  0.3339996E-03  0.0000000E+00  0.0000000E+00  0.1823935E-01  0.1000000E-02

         1   137      0  0.0000000E+00  0.0000000E+00  0.0000000E+00  0.0000000E+00  0.0000000E+00  0.0000000E+00
         1   137      1  0.0000000E+00  0.0000000E+00  0.0000000E+00  0.0000000E+00  0.0000000E+00  0.0000000E+00
         1   137      2 -0.5894287E-03 -0.3017992E-04  0.0000000E+00  0.0000000E+00  0.1555302E-03  0.0000000E+00
         1   137      3 -0.8840939E-03 -0.4529402E-04  0.0000000E+00  0.0000000E+00  0.2332312E-03  0.0000000E+00
         1   137      4 -0.1178726E-02 -0.6042417E-04  0.0000000E+00  0.0000000E+00  0.3108897E-03  0.0000000E+00
         1   137      5 -0.1473326E-02 -0.7557033E-04  0.0000000E+00  0.0000000E+00  0.3885055E-03  0.0000000E+00
         1   137      6 -0.1767892E-02 -0.9073245E-04  0.0000000E+00  0.0000000E+00  0.4660788E-03  0.0000000E+00
         1   137      7 -0.2062425E-02 -0.1059105E-03  0.0000000E+00  0.0000000E+00  0.5436096E-03  0.0000000E+00
         1   137      8 -0.2356925E-02 -0.1211045E-03  0.0000000E+00  0.0000000E+00  0.6210980E-03  0.0000000E+00
         1   137      9 -0.2651392E-02 -0.1363143E-03  0.0000000E+00  0.0000000E+00  0.6985439E-03  0.0000000E+00
         1   137     10  0.1395196E-02  0.3339996E-03  0.0000000E+00  0.0000000E+00  0.1828877E-01  0.1000000E-02

         1   138      0  0.0000000E+00  0.0000000E+00  0.0000000E+00  0.0000000E+00  0.0000000E+00  0.0000000E+00
         1   138      1  0.0000000E+00  0.0000000E+00  0.0000000E+00  0.0000000E+00  0.0000000E+00  0.0000000E+00
         1   138      2 -0.5939557E-03 -0.3017992E-04  0.0000000E+00  0.0000000E+00  0.1555301E-03  0.0000000E+00
         1   138      3 -0.8908880E-03 -0.4529402E-04  0.0000000E+00  0.0000000E+00  0.2332311E-03  0.0000000E+00
         1   138      4 -0.1187790E-02 -0.6042417E-04  0.0000000E+00  0.0000000E+00  0.3108895E-03  0.0000000E+00
         1   138      5 -0.1484661E-02 -0.7557033E-04  0.0000000E+00  0.0000000E+00  0.3885053E-03  0.0000000E+00
         1   138      6 -0.1781502E-02 -0.9073245E-04  0.0000000E+00  0.0000000E+00  0.4660785E-03  0.0000000E+00
         1   138      7 -0.2078312E-02 -0.1059105E-03  0.0000000E+00  0.0000000E+00  0.5436092E-03  0.0000000E+00
         1   138      8 -0.2375091E-02 -0.1211045E-03  0.0000000E+00  0.0000000E+00  0.6210974E-03  0.0000000E+00
         1   138      9 -0.2671839E-02 -0.1363143E-03  0.0000000E+00  0.0000000E+00  0.6985431E-03  0.0000000E+00
         1   138     10  0.1445268E-02  0.3339996E-03  0.0000000E+00  0.0000000E+00  0.1831842E-01  0.1000000E-02

         1   139      0  0.0000000E+00  0.0000000E+00  0.0000000E+00  0.0000000E+00  0.0000000E+00  0.0000000E+00
         1   139      1  0.0000000E+00  0.0000000E+00  0.0000000E+00  0.0000000E+00  0.0000000E+00  0.0000000E+00
         1   139      2 -0.6015007E-03 -0.3017992E-04  0.0000000E+00  0.0000000E+00  0.1555301E-03  0.0000000E+00
         1   139      3 -0.9022115E-03 -0.4529402E-04  0.0000000E+00  0.0000000E+00  0.2332310E-03  0.0000000E+00
         1   139      4 -0.1202896E-02 -0.6042417E-04  0.0000000E+00  0.0000000E+00  0.3108892E-03  0.0000000E+00
         1   139      5 -0.1503554E-02 -0.7557033E-04  0.0000000E+00  0.0000000E+00  0.3885049E-03  0.0000000E+00
         1   139      6 -0.1804185E-02 -0.9073245E-04  0.0000000E+00  0.0000000E+00  0.4660779E-03  0.0000000E+00
         1   139      7 -0.2104789E-02 -0.1059105E-03  0.0000000E+00  0.0000000E+00  0.5436084E-03  0.0000000E+00
         1   139      8 -0.2405367E-02 -0.1211045E-03  0.0000000E+00  0.0000000E+00  0.6210963E-03  0.0000000E+00
         1   139      9 -0.2705918E-02 -0.1363143E-03  0.0000000E+00  0.0000000E+00  0.6985418E-03  0.0000000E+00
         1   139     10  0.1528722E-02  0.3339996E-03  0.0000000E+00  0.0000000E+00  0.1836783E-01  0.1000000E-02

         1   140      0  0.0000000E+00  0.0000000E+00  0.0000000E+00  0.0000000E+00  0.0000000E+00  0.0000000E+00
         1   140      1  0.0000000E+00  0.0000000E+00  0.0000000E+00  0.0000000E+00  0.0000000E+00  0.0000000E+00
         1   140      2 -0.7344985E-03 -0.2647542E-04  0.0000000E+00  0.0000000E+00  0.2322108E-03  0.0000000E+00
         1   140      3 -0.1101818E-02 -0.3973728E-04  0.0000000E+00  0.0000000E+00  0.3482523E-03  0.0000000E+00
         1   140      4 -0.1469184E-02 -0.5301519E-04  0.0000000E+00  0.0000000E+00  0.4642511E-03  0.0000000E+00
         1   140      5 -0.1836596E-02 -0.6630911E-04  0.0000000E+00  0.0000000E+00  0.5802074E-03  0.0000000E+00
         1   140      6 -0.2204055E-02 -0.7961902E-04  0.0000000E+00  0.0000000E+00  0.6961212E-03  0.0000000E+00
         1   140      7 -0.2571559E-02 -0.9294486E-04  0.0000000E+00  0.0000000E+00  0.8119924E-03  0.0000000E+00
         1   140      8 -0.2939108E-02 -0.1062866E-03  0.0000000E+00  0.0000000E+00  0.9278210E-03  0.0000000E+00
         1   140      9 -0.3306702E-02 -0.1196442E-03  0.0000000E+00  0.0000000E+00  0.1043607E-02  0.0000000E+00
         1   140     10  0.3333833E-02  0.4352536E-03  0.0000000E+00  0.0000000E+00  0.1902012E-01  0.1000000E-02

         1   141      0  0.0000000E+00  0.0000000E+00  0.0000000E+00  0.0000000E+00  0.0000000E+00  0.0000000E+00
         1   141      1  0.0000000E+00  0.0000000E+00  0.0000000E+00  0.0000000E+00  0.0000000E+00  0.0000000E+00
         1   141      2 -0.7411174E-03 -0.2647542E-04  0.0000000E+00  0.0000000E+00  0.2322108E-03  0.0000000E+00
         1   141      3 -0.1111752E-02 -0.3973728E-04  0.0000000E+00  0.0000000E+00  0.3482522E-03  0.0000000E+00
         1   141      4 -0.1482438E-02 -0.5301519E-04  0.0000000E+00  0.0000000E+00  0.4642509E-03  0.0000000E+00
         1   141      5 -0.1853174E-02 -0.6630911E-04  0.0000000E+00  0.0000000E+00  0.5802071E-03  0.0000000E+00
         1   141      6 -0.2223959E-02 -0.7961902E-04  0.0000000E+00  0.0000000E+00  0.6961207E-03  0.0000000E+00
         1   141      7 -0.2594795E-02 -0.9294486E-04  0.0000000E+00  0.0000000E+00  0.8119918E-03  0.0000000E+00
         1   141      8 -0.2965680E-02 -0.1062866E-03  0.0000000E+00  0.0000000E+00  0.9278203E-03  0.0000000E+00
         1   141      9 -0.3336613E-02 -0.1196442E-03  0.0000000E+00  0.0000000E+00  0.1043606E-02  0.0000000E+00
         1   141     10  0.3442586E-02  0.4352536E-03  0.0000000E+00  0.0000000E+00  0.1906953E-01  0.1000000E-02

         1   142      0  0.0000000E+00  0.0000000E+00  0.0000000E+00  0.0000000E+00  0.0000000E+00  0.0000000E+00
         1   142      1  0.0000000E+00  0.0000000E+00  0.0000000E+00  0.0000000E+00  0.0000000E+00  0.0000000E+00
         1   142      2 -0.7450894E-03 -0.2648550E-04  0.0000000E+00  0.0000000E+00  0.2322107E-03  0.0000000E+00
         1   142      3 -0.1117715E-02 -0.3975997E-04  0.0000000E+00  0.0000000E+00  0.3482521E-03  0.0000000E+00
         1   142      4 -0.1490393E-02 -0.5305553E-04  0.0000000E+00  0.0000000E+00  0.4642508E-03  0.0000000E+00
         1   142      5 -0.1863125E-02 -0.6637215E-04  0.0000000E+00  0.0000000E+00  0.5802069E-03  0.0000000E+00
         1   142      6 -0.2235909E-02 -0.7970980E-04  0.0000000E+00  0.0000000E+00  0.6961205E-03  0.0000000E+00
         1   142      7 -0.2608746E-02 -0.9306845E-04  0.0000000E+00  0.0000000E+00  0.8119914E-03  0.0000000E+00
         1   142      8 -0.2981635E-02 -0.1064481E-03  0.0000000E+00  0.0000000E+00  0.9278198E-03  0.0000000E+00
         1   142      9 -0.3354575E-02 -0.1198486E-03  0.0000000E+00  0.0000000E+00  0.1043606E-02  0.0000000E+00
         1   142     10  0.3507822E-02  0.4350331E-03  0.0000000E+00  0.0000000E+00  0.1909918E-01  0.1000000E-02

         1   143      0  0.0000000E+00  0.0000000E+00  0.0000000E+00  0.0000000E+00  0.0000000E+00  0.0000000E+00
         1   143      1  0.0000000E+00  0.0000000E+00  0.0000000E+00  0.0000000E+00  0.0000000E+00  0.0000000E+00
         1   143      2 -0.7517108E-03 -0.2648550E-04  0.0000000E+00  0.0000000E+00  0.2322107E-03  0.0000000E+00
         1   143      3 -0.1127655E-02 -0.3975997E-04  0.0000000E+00  0.0000000E+00  0.3482520E-03  0.0000000E+00
         1   143      4 -0.1503657E-02 -0.5305553E-04  0.0000000E+00  0.0000000E+00  0.4642506E-03  0.0000000E+00
         1   143      5 -0.1879718E-02 -0.6637215E-04  0.0000000E+00  0.0000000E+00  0.5802066E-03  0.0000000E+00
         1   143      6 -0.2255837E-02 -0.7970980E-04  0.0000000E+00  0.0000000E+00  0.6961200E-03  0.0000000E+00
         1   143      7 -0.2632013E-02 -0.9306845E-04  0.0000000E+00  0.0000000E+00  0.8119908E-03  0.0000000E+00
         1   143      8 -0.3008247E-02 -0.1064481E-03  0.0000000E+00  0.0000000E+00  0.9278190E-03  0.0000000E+00
         1   143      9 -0.3384537E-02 -0.1198486E-03  0.0000000E+00  0.0000000E+00  0.1043605E-02  0.0000000E+00
         1   143     10  0.3616520E-02  0.4350331E-03  0.0000000E+00  0.0000000E+00  0.1914859E-01  0.1000000E-02

         1   144      0  0.0000000E+00  0.0000000E+00  0.0000000E+00  0.0000000E+00  0.0000000E+00  0.0000000E+00
         1   144      1  0.0000000E+00  0.0000000E+00  0.0000000E+00  0.0000000E+00  0.0000000E+00  0.0000000E+00
         1   144      2 -0.7497099E-03  0.3446213E-04  0.0000000E+00  0.0000000E+00  0.2322024E-03  0.0000000E+00
         1   144      3 -0.1124667E-02  0.5166924E-04  0.0000000E+00  0.0000000E+00  0.3482335E-03  0.0000000E+00
         1   144      4 -0.1499693E-02  0.6886039E-04  0.0000000E+00  0.0000000E+00  0.4642177E-03  0.0000000E+00
         1   144      5 -0.1874785E-02  0.8603559E-04  0.0000000E+00  0.0000000E+00  0.5801552E-03  0.0000000E+00
         1   144      6 -0.2249945E-02  0.1031948E-03  0.0000000E+00  0.0000000E+00  0.6960459E-03  0.0000000E+00
         1   144      7 -0.2625172E-02  0.1203382E-03  0.0000000E+00  0.0000000E+00  0.8118900E-03  0.0000000E+00
         1   144      8 -0.3000466E-02  0.1374656E-03  0.0000000E+00  0.0000000E+00  0.9276873E-03  0.0000000E+00
         1   144      9 -0.3375826E-02  0.1545771E-03  0.0000000E+00  0.0000000E+00  0.1043438E-02  0.0000000E+00
         1   144     10  0.3759611E-02  0.1357188E-03  0.0000000E+00  0.0000000E+00  0.1924723E-01  0.1000000E-02

         1   145      0  0.0000000E+00  0.0000000E+00  0.0000000E+00  0.0000000E+00  0.0000000E+00  0.0000000E+00
         1   145      1  0.0000000E+00  0.0000000E+00  0.0000000E+00  0.0000000E+00  0.0000000E+00  0.0000000E+00
         1   145      2 -0.7174806E-03  0.9402025E-04  0.0000000E+00  0.0000000E+00  0.2321940E-03  0.0000000E+00
         1   145      3 -0.1076333E-02  0.1410151E-03  0.0000000E+00  0.0000000E+00  0.3482145E-03  0.0000000E+00
         1   145      4 -0.1435260E-02  0.1879998E-03  0.0000000E+00  0.0000000E+00  0.4641840E-03  0.0000000E+00
         1   145      5 -0.1794261E-02  0.2349744E-03  0.0000000E+00  0.0000000E+00  0.5801025E-03  0.0000000E+00
         1   145      6 -0.2153336E-02  0.2819387E-03  0.0000000E+00  0.0000000E+00  0.6959700E-03  0.0000000E+00
         1   145      7 -0.2512484E-02  0.3288927E-03  0.0000000E+00  0.0000000E+00  0.8117866E-03  0.0000000E+00
         1   145      8 -0.2871706E-02  0.3758366E-03  0.0000000E+00  0.0000000E+00  0.9275522E-03  0.0000000E+00
         1   145      9 -0.3231000E-02  0.4227702E-03  0.0000000E+00  0.0000000E+00  0.1043267E-02  0.0000000E+00
         1   145     10  0.3751251E-02 -0.1690626E-03  0.0000000E+00  0.0000000E+00  0.1934587E-01  0.1000000E-02

         1   146      0  0.0000000E+00  0.0000000E+00  0.0000000E+00  0.0000000E+00  0.0000000E+00  0.0000000E+00
         1   146      1  0.0000000E+00  0.0000000E+00  0.0000000E+00  0.0000000E+00  0.0000000E+00  0.0000000E+00
         1   146      2 -0.6939755E-03  0.9402025E-04  0.0000000E+00  0.0000000E+00  0.2321934E-03  0.0000000E+00
         1   146      3 -0.1041079E-02  0.1410151E-03  0.0000000E+00  0.0000000E+00  0.3482131E-03  0.0000000E+00
         1   146      4 -0.1388260E-02  0.1879998E-03  0.0000000E+00  0.0000000E+00  0.4641815E-03  0.0000000E+00
         1   146      5 -0.1735518E-02  0.2349744E-03  0.0000000E+00  0.0000000E+00  0.5800987E-03  0.0000000E+00
         1   146      6 -0.2082851E-02  0.2819387E-03  0.0000000E+00  0.0000000E+00  0.6959645E-03  0.0000000E+00
         1   146      7 -0.2430261E-02  0.3288927E-03  0.0000000E+00  0.0000000E+00  0.8117791E-03  0.0000000E+00
         1   146      8 -0.2777747E-02  0.3758366E-03  0.0000000E+00  0.0000000E+00  0.9275424E-03  0.0000000E+00
         1   146      9 -0.3125308E-02  0.4227702E-03  0.0000000E+00  0.0000000E+00  0.1043255E-02  0.0000000E+00
         1   146     10  0.3709009E-02 -0.1690626E-03  0.0000000E+00  0.0000000E+00  0.1939529E-01  0.1000000E-02

         1   147      0  0.0000000E+00  0.0000000E+00  0.0000000E+00  0.0000000E+00  0.0000000E+00  0.0000000E+00
         1   147      1  0.0000000E+00  0.0000000E+00  0.0000000E+00  0.0000000E+00  0.0000000E+00  0.0000000E+00
         1   147      2 -0.6798725E-03  0.9402025E-04  0.0000000E+00  0.0000000E+00  0.2321930E-03  0.0000000E+00
         1   147      3 -0.1019927E-02  0.1410151E-03  0.0000000E+00  0.0000000E+00  0.3482123E-03  0.0000000E+00
         1   147      4 -0.1360060E-02  0.1879998E-03  0.0000000E+00  0.0000000E+00  0.4641801E-03  0.0000000E+00
         1   147      5 -0.1700271E-02  0.2349744E-03  0.0000000E+00  0.0000000E+00  0.5800964E-03  0.0000000E+00
         1   147      6 -0.2040561E-02  0.2819387E-03  0.0000000E+00  0.0000000E+00  0.6959612E-03  0.0000000E+00
         1   147      7 -0.2380927E-02  0.3288927E-03  0.0000000E+00  0.0000000E+00  0.8117746E-03  0.0000000E+00
         1   147      8 -0.2721371E-02  0.3758366E-03  0.0000000E+00  0.0000000E+00  0.9275365E-03  0.0000000E+00
         1   147      9 -0.3061892E-02  0.4227702E-03  0.0000000E+00  0.0000000E+00  0.1043247E-02  0.0000000E+00
         1   147     10  0.3683664E-02 -0.1690626E-03  0.0000000E+00  0.0000000E+00  0.1942495E-01  0.1000000E-02

         1   148      0  0.0000000E+00  0.0000000E+00  0.0000000E+00  0.0000000E+00  0.0000000E+00  0.0000000E+00
         1   148      1  0.0000000E+00  0.0000000E+00  0.0000000E+00  0.0000000E+00  0.0000000E+00  0.0000000E+00
         1   148      2 -0.6563674E-03  0.9402025E-04  0.0000000E+00  0.0000000E+00  0.2321924E-03  0.0000000E+00
         1   148      3 -0.9846733E-03  0.1410151E-03  0.0000000E+00  0.0000000E+00  0.3482109E-03  0.0000000E+00
         1   148      4 -0.1313060E-02  0.1879998E-03  0.0000000E+00  0.0000000E+00  0.4641776E-03  0.0000000E+00
         1   148      5 -0.1641528E-02  0.2349744E-03  0.0000000E+00  0.0000000E+00  0.5800925E-03  0.0000000E+00
         1   148      6 -0.1970076E-02  0.2819387E-03  0.0000000E+00  0.0000000E+00  0.6959557E-03  0.0000000E+00
         1   148      7 -0.2298704E-02  0.3288927E-03  0.0000000E+00  0.0000000E+00  0.8117671E-03  0.0000000E+00
         1   148      8 -0.2627412E-02  0.3758366E-03  0.0000000E+00  0.0000000E+00  0.9275267E-03  0.0000000E+00
         1   148      9 -0.2956200E-02  0.4227702E-03  0.0000000E+00  0.0000000E+00  0.1043235E-02  0.0000000E+00
         1   148     10  0.3641422E-02 -0.1690626E-03  0.0000000E+00  0.0000000E+00  0.1947437E-01  0.1000000E-02

         1   149      0  0.0000000E+00  0.0000000E+00  0.0000000E+00  0.0000000E+00  0.0000000E+00  0.0000000E+00
         1   149      1  0.0000000E+00  0.0000000E+00  0.0000000E+00  0.0000000E+00  0.0000000E+00  0.0000000E+00
         1   149      2 -0.2093062E-03  0.9641955E-04  0.0000000E+00  0.0000000E+00  0.2818675E-03  0.0000000E+00
         1   149      3 -0.3141608E-03  0.1446141E-03  0.0000000E+00  0.0000000E+00  0.4227330E-03  0.0000000E+00
         1   149      4 -0.4191493E-03  0.1927985E-03  0.0000000E+00  0.0000000E+00  0.5635528E-03  0.0000000E+00
         1   149      5 -0.5242716E-03  0.2409728E-03  0.0000000E+00  0.0000000E+00  0.7043270E-03  0.0000000E+00
         1   149      6 -0.6295274E-03  0.2891368E-03  0.0000000E+00  0.0000000E+00  0.8450556E-03  0.0000000E+00
         1   149      7 -0.7349164E-03  0.3372907E-03  0.0000000E+00  0.0000000E+00  0.9857386E-03  0.0000000E+00
         1   149      8 -0.8404385E-03  0.3854343E-03  0.0000000E+00  0.0000000E+00  0.1126376E-02  0.0000000E+00
         1   149      9 -0.9460934E-03  0.4335677E-03  0.0000000E+00  0.0000000E+00  0.1266968E-02  0.0000000E+00
         1   149     10  0.3073553E-02 -0.7292424E-04  0.0000000E+00  0.0000000E+00  0.2002058E-01  0.1000000E-02

         1   150      0  0.0000000E+00  0.0000000E+00  0.0000000E+00  0.0000000E+00  0.0000000E+00  0.0000000E+00
         1   150      1  0.0000000E+00  0.0000000E+00  0.0000000E+00  0.0000000E+00  0.0000000E+00  0.0000000E+00
         1   150      2 -0.1852014E-03  0.9641955E-04  0.0000000E+00  0.0000000E+00  0.2818669E-03  0.0000000E+00
         1   150      3 -0.2780073E-03  0.1446141E-03  0.0000000E+00  0.0000000E+00  0.4227315E-03  0.0000000E+00
         1   150      4 -0.3709497E-03  0.1927985E-03  0.0000000E+00  0.0000000E+00  0.5635502E-03  0.0000000E+00
         1   150      5 -0.4640284E-03  0.2409728E-03  0.0000000E+00  0.0000000E+00  0.7043230E-03  0.0000000E+00
         1   150      6 -0.5572432E-03  0.2891368E-03  0.0000000E+00  0.0000000E+00  0.8450498E-03  0.0000000E+00
         1   150      7 -0.6505938E-03  0.3372907E-03  0.0000000E+00  0.0000000E+00  0.9857307E-03  0.0000000E+00
         1   150      8 -0.7440799E-03  0.3854343E-03  0.0000000E+00  0.0000000E+00  0.1126366E-02  0.0000000E+00
         1   150      9 -0.8377015E-03  0.4335677E-03  0.0000000E+00  0.0000000E+00  0.1266955E-02  0.0000000E+00
         1   150     10  0.3055332E-02 -0.7292424E-04  0.0000000E+00  0.0000000E+00  0.2007001E-01  0.1000000E-02

         1   151      0  0.0000000E+00  0.0000000E+00  0.0000000E+00  0.0000000E+00  0.0000000E+00  0.0000000E+00
         1   151      1  0.0000000E+00  0.0000000E+00  0.0000000E+00  0.0000000E+00  0.0000000E+00  0.0000000E+00
         1   151      2 -0.1707382E-03  0.9642190E-04  0.0000000E+00  0.0000000E+00  0.2818665E-03  0.0000000E+00
         1   151      3 -0.2563147E-03  0.1446194E-03  0.0000000E+00  0.0000000E+00  0.4227306E-03  0.0000000E+00
         1   151      4 -0.3420292E-03  0.1928080E-03  0.0000000E+00  0.0000000E+00  0.5635487E-03  0.0000000E+00
         1   151      5 -0.4278813E-03  0.2409876E-03  0.0000000E+00  0.0000000E+00  0.7043206E-03  0.0000000E+00
         1   151      6 -0.5138710E-03  0.2891582E-03  0.0000000E+00  0.0000000E+00  0.8450464E-03  0.0000000E+00
         1   151      7 -0.5999979E-03  0.3373198E-03  0.0000000E+00  0.0000000E+00  0.9857260E-03  0.0000000E+00
         1   151      8 -0.6862619E-03  0.3854724E-03  0.0000000E+00  0.0000000E+00  0.1126359E-02  0.0000000E+00
         1   151      9 -0.7726626E-03  0.4336159E-03  0.0000000E+00  0.0000000E+00  0.1266947E-02  0.0000000E+00
         1   151     10  0.3044451E-02 -0.7223236E-04  0.0000000E+00  0.0000000E+00  0.2009966E-01  0.1000000E-02

         1   152      0  0.0000000E+00  0.0000000E+00  0.0000000E+00  0.0000000E+00  0.0000000E+00  0.0000000E+00
         1   152      1  0.0000000E+00  0.0000000E+00  0.0000000E+00  0.0000000E+00  0.0000000E+00  0.0000000E+00
         1   152      2 -0.1466328E-03  0.9642190E-04  0.0000000E+00  0.0000000E+00  0.2818659E-03  0.0000000E+00
         1   152      3 -0.2201599E-03  0.1446194E-03  0.0000000E+00  0.0000000E+00  0.4227292E-03  0.0000000E+00
         1   152      4 -0.2938272E-03  0.1928080E-03  0.0000000E+00  0.0000000E+00  0.5635461E-03  0.0000000E+00
         1   152      5 -0.3676345E-03  0.2409876E-03  0.0000000E+00  0.0000000E+00  0.7043165E-03  0.0000000E+00
         1   152      6 -0.4415815E-03  0.2891582E-03  0.0000000E+00  0.0000000E+00  0.8450406E-03  0.0000000E+00
         1   152      7 -0.5156680E-03  0.3373198E-03  0.0000000E+00  0.0000000E+00  0.9857181E-03  0.0000000E+00
         1   152      8 -0.5898938E-03  0.3854724E-03  0.0000000E+00  0.0000000E+00  0.1126349E-02  0.0000000E+00
         1   152      9 -0.6642586E-03  0.4336159E-03  0.0000000E+00  0.0000000E+00  0.1266934E-02  0.0000000E+00
         1   152     10  0.3026403E-02 -0.7223236E-04  0.0000000E+00  0.0000000E+00  0.2014909E-01  0.1000000E-02

         1   153      0  0.0000000E+00  0.0000000E+00  0.0000000E+00  0.0000000E+00  0.0000000E+00  0.0000000E+00
         1   153      1  0.0000000E+00  0.0000000E+00  0.0000000E+00  0.0000000E+00  0.0000000E+00  0.0000000E+00
         1   153      2 -0.1008374E-03  0.8732221E-04  0.0000000E+00  0.0000000E+00  0.2818649E-03  0.0000000E+00
         1   153      3 -0.1514775E-03  0.1309540E-03  0.0000000E+00  0.0000000E+00  0.4227270E-03  0.0000000E+00
         1   153      4 -0.2022649E-03  0.1745662E-03  0.0000000E+00  0.0000000E+00  0.5635422E-03  0.0000000E+00
         1   153      5 -0.2531993E-03  0.2181590E-03  0.0000000E+00  0.0000000E+00  0.7043105E-03  0.0000000E+00
         1   153      6 -0.3042806E-03  0.2617322E-03  0.0000000E+00  0.0000000E+00  0.8450319E-03  0.0000000E+00
         1   153      7 -0.3555085E-03  0.3052858E-03  0.0000000E+00  0.0000000E+00  0.9857064E-03  0.0000000E+00
         1   153      8 -0.4068828E-03  0.3488200E-03  0.0000000E+00  0.0000000E+00  0.1126334E-02  0.0000000E+00
         1   153      9 -0.4584033E-03  0.3923347E-03  0.0000000E+00  0.0000000E+00  0.1266914E-02  0.0000000E+00
         1   153     10  0.3046018E-02  0.1509769E-03  0.0000000E+00  0.0000000E+00  0.2024806E-01  0.1000000E-02

         1   154      0  0.0000000E+00  0.0000000E+00  0.0000000E+00  0.0000000E+00  0.0000000E+00  0.0000000E+00
         1   154      1  0.0000000E+00  0.0000000E+00  0.0000000E+00  0.0000000E+00  0.0000000E+00  0.0000000E+00
         1   154      2 -0.5877276E-04  0.8145320E-04  0.0000000E+00  0.0000000E+00  0.2818640E-03  0.0000000E+00
         1   154      3 -0.8839939E-04  0.1221335E-03  0.0000000E+00  0.0000000E+00  0.4227250E-03  0.0000000E+00
         1   154      4 -0.1181859E-03  0.1627830E-03  0.0000000E+00  0.0000000E+00  0.5635387E-03  0.0000000E+00
         1   154      5 -0.1481319E-03  0.2034017E-03  0.0000000E+00  0.0000000E+00  0.7043049E-03  0.0000000E+00
         1   154      6 -0.1782374E-03  0.2439895E-03  0.0000000E+00  0.0000000E+00  0.8450239E-03  0.0000000E+00
         1   154      7 -0.2085020E-03  0.2845467E-03  0.0000000E+00  0.0000000E+00  0.9856954E-03  0.0000000E+00
         1   154      8 -0.2389255E-03  0.3250731E-03  0.0000000E+00  0.0000000E+00  0.1126320E-02  0.0000000E+00
         1   154      9 -0.2695076E-03  0.3655688E-03  0.0000000E+00  0.0000000E+00  0.1266896E-02  0.0000000E+00
         1   154     10  0.3178225E-02  0.3797668E-03  0.0000000E+00  0.0000000E+00  0.2034702E-01  0.1000000E-02

         1   155      0  0.0000000E+00  0.0000000E+00  0.0000000E+00  0.0000000E+00  0.0000000E+00  0.0000000E+00
         1   155      1  0.0000000E+00  0.0000000E+00  0.0000000E+00  0.0000000E+00  0.0000000E+00  0.0000000E+00
         1   155      2 -0.3840946E-04  0.8145320E-04  0.0000000E+00  0.0000000E+00  0.2818635E-03  0.0000000E+00
         1   155      3 -0.5786601E-04  0.1221335E-03  0.0000000E+00  0.0000000E+00  0.4227240E-03  0.0000000E+00
         1   155      4 -0.7749011E-04  0.1627830E-03  0.0000000E+00  0.0000000E+00  0.5635368E-03  0.0000000E+00
         1   155      5 -0.9728152E-04  0.2034017E-03  0.0000000E+00  0.0000000E+00  0.7043021E-03  0.0000000E+00
         1   155      6 -0.1172400E-03  0.2439895E-03  0.0000000E+00  0.0000000E+00  0.8450197E-03  0.0000000E+00
         1   155      7 -0.1373653E-03  0.2845467E-03  0.0000000E+00  0.0000000E+00  0.9856898E-03  0.0000000E+00
         1   155      8 -0.1576572E-03  0.3250731E-03  0.0000000E+00  0.0000000E+00  0.1126312E-02  0.0000000E+00
         1   155      9 -0.1781155E-03  0.3655688E-03  0.0000000E+00  0.0000000E+00  0.1266887E-02  0.0000000E+00
         1   155     10  0.3273114E-02  0.3797668E-03  0.0000000E+00  0.0000000E+00  0.2039644E-01  0.1000000E-02

         1   156      0  0.0000000E+00  0.0000000E+00  0.0000000E+00  0.0000000E+00  0.0000000E+00  0.0000000E+00
         1   156      1  0.0000000E+00  0.0000000E+00  0.0000000E+00  0.0000000E+00  0.0000000E+00  0.0000000E+00
         1   156      2 -0.2619148E-04  0.8145320E-04  0.0000000E+00  0.0000000E+00  0.2818633E-03  0.0000000E+00
         1   156      3 -0.3954598E-04  0.1221335E-03  0.0000000E+00  0.0000000E+00  0.4227233E-03  0.0000000E+00
         1   156      4 -0.5307266E-04  0.1627830E-03  0.0000000E+00  0.0000000E+00  0.5635357E-03  0.0000000E+00
         1   156      5 -0.6677127E-04  0.2034017E-03  0.0000000E+00  0.0000000E+00  0.7043004E-03  0.0000000E+00
         1   156      6 -0.8064157E-04  0.2439895E-03  0.0000000E+00  0.0000000E+00  0.8450173E-03  0.0000000E+00
         1   156      7 -0.9468331E-04  0.2845467E-03  0.0000000E+00  0.0000000E+00  0.9856864E-03  0.0000000E+00
         1   156      8 -0.1088962E-03  0.3250731E-03  0.0000000E+00  0.0000000E+00  0.1126308E-02  0.0000000E+00
         1   156      9 -0.1232801E-03  0.3655688E-03  0.0000000E+00  0.0000000E+00  0.1266882E-02  0.0000000E+00
         1   156     10  0.3330047E-02  0.3797668E-03  0.0000000E+00  0.0000000E+00  0.2042609E-01  0.1000000E-02

         1   157      0  0.0000000E+00  0.0000000E+00  0.0000000E+00  0.0000000E+00  0.0000000E+00  0.0000000E+00
         1   157      1  0.0000000E+00  0.0000000E+00  0.0000000E+00  0.0000000E+00  0.0000000E+00  0.0000000E+00
         1   157      2 -0.5828182E-05  0.8145320E-04  0.0000000E+00  0.0000000E+00  0.2818628E-03  0.0000000E+00
         1   157      3 -0.9012603E-05  0.1221335E-03  0.0000000E+00  0.0000000E+00  0.4227223E-03  0.0000000E+00
         1   157      4 -0.1237691E-04  0.1627830E-03  0.0000000E+00  0.0000000E+00  0.5635339E-03  0.0000000E+00
         1   157      5 -0.1592085E-04  0.2034017E-03  0.0000000E+00  0.0000000E+00  0.7042975E-03  0.0000000E+00
         1   157      6 -0.1964418E-04  0.2439895E-03  0.0000000E+00  0.0000000E+00  0.8450131E-03  0.0000000E+00
         1   157      7 -0.2354664E-04  0.2845467E-03  0.0000000E+00  0.0000000E+00  0.9856808E-03  0.0000000E+00
         1   157      8 -0.2762798E-04  0.3250731E-03  0.0000000E+00  0.0000000E+00  0.1126301E-02  0.0000000E+00
         1   157      9 -0.3188794E-04  0.3655688E-03  0.0000000E+00  0.0000000E+00  0.1266872E-02  0.0000000E+00
         1   157     10  0.3424936E-02  0.3797668E-03  0.0000000E+00  0.0000000E+00  0.2047550E-01  0.1000000E-02

         1   158      0  0.0000000E+00  0.0000000E+00  0.0000000E+00  0.0000000E+00  0.0000000E+00  0.0000000E+00
         1   158      1  0.0000000E+00  0.0000000E+00  0.0000000E+00  0.0000000E+00  0.0000000E+00  0.0000000E+00
         1   158      2  0.3742105E-03  0.8043088E-04  0.0000000E+00  0.0000000E+00  0.2607100E-03  0.0000000E+00
         1   158      3  0.5608343E-03  0.1206015E-03  0.0000000E+00  0.0000000E+00  0.3910298E-03  0.0000000E+00
         1   158      4  0.7471376E-03  0.1607423E-03  0.0000000E+00  0.0000000E+00  0.5213261E-03  0.0000000E+00
         1   158      5  0.9331207E-03  0.2008532E-03  0.0000000E+00  0.0000000E+00  0.6515988E-03  0.0000000E+00
         1   158      6  0.1118784E-02  0.2409343E-03  0.0000000E+00  0.0000000E+00  0.7818479E-03  0.0000000E+00
         1   158      7  0.1304128E-02  0.2809856E-03  0.0000000E+00  0.0000000E+00  0.9120734E-03  0.0000000E+00
         1   158      8  0.1489153E-02  0.3210072E-03  0.0000000E+00  0.0000000E+00  0.1042275E-02  0.0000000E+00
         1   158      9  0.1673859E-02  0.3609990E-03  0.0000000E+00  0.0000000E+00  0.1172454E-02  0.0000000E+00
         1   158     10  0.5419157E-02  0.4699852E-03  0.0000000E+00  0.0000000E+00  0.2089938E-01  0.1000000E-02

         1   159      0  0.0000000E+00  0.0000000E+00  0.0000000E+00  0.0000000E+00  0.0000000E+00  0.0000000E+00
         1   159      1  0.0000000E+00  0.0000000E+00  0.0000000E+00  0.0000000E+00  0.0000000E+00  0.0000000E+00
         1   159      2  0.3943182E-03  0.8043088E-04  0.0000000E+00  0.0000000E+00  0.2607095E-03  0.0000000E+00
         1   159      3  0.5909846E-03  0.1206015E-03  0.0000000E+00  0.0000000E+00  0.3910288E-03  0.0000000E+00
         1   159      4  0.7873231E-03  0.1607423E-03  0.0000000E+00  0.0000000E+00  0.5213243E-03  0.0000000E+00
         1   159      5  0.9833340E-03  0.2008532E-03  0.0000000E+00  0.0000000E+00  0.6515960E-03  0.0000000E+00
         1   159      6  0.1179018E-02  0.2409343E-03  0.0000000E+00  0.0000000E+00  0.7818439E-03  0.0000000E+00
         1   159      7  0.1374374E-02  0.2809856E-03  0.0000000E+00  0.0000000E+00  0.9120680E-03  0.0000000E+00
         1   159      8  0.1569405E-02  0.3210072E-03  0.0000000E+00  0.0000000E+00  0.1042268E-02  0.0000000E+00
         1   159      9  0.1764109E-02  0.3609990E-03  0.0000000E+00  0.0000000E+00  0.1172444E-02  0.0000000E+00
         1   159     10  0.5536588E-02  0.4699852E-03  0.0000000E+00  0.0000000E+00  0.2094879E-01  0.1000000E-02

         1   160      0  0.0000000E+00  0.0000000E+00  0.0000000E+00  0.0000000E+00  0.0000000E+00  0.0000000E+00
         1   160      1  0.0000000E+00  0.0000000E+00  0.0000000E+00  0.0000000E+00  0.0000000E+00  0.0000000E+00
         1   160      2  0.4063819E-03  0.8041852E-04  0.0000000E+00  0.0000000E+00  0.2607093E-03  0.0000000E+00
         1   160      3  0.6090728E-03  0.1205737E-03  0.0000000E+00  0.0000000E+00  0.3910282E-03  0.0000000E+00
         1   160      4  0.8114308E-03  0.1606930E-03  0.0000000E+00  0.0000000E+00  0.5213232E-03  0.0000000E+00
         1   160      5  0.1013456E-02  0.2007763E-03  0.0000000E+00  0.0000000E+00  0.6515943E-03  0.0000000E+00
         1   160      6  0.1215150E-02  0.2408237E-03  0.0000000E+00  0.0000000E+00  0.7818415E-03  0.0000000E+00
         1   160      7  0.1416511E-02  0.2808354E-03  0.0000000E+00  0.0000000E+00  0.9120647E-03  0.0000000E+00
         1   160      8  0.1617541E-02  0.3208113E-03  0.0000000E+00  0.0000000E+00  0.1042264E-02  0.0000000E+00
         1   160      9  0.1818240E-02  0.3607515E-03  0.0000000E+00  0.0000000E+00  0.1172439E-02  0.0000000E+00
         1   160     10  0.5606868E-02  0.4675903E-03  0.0000000E+00  0.0000000E+00  0.2097843E-01  0.1000000E-02

         1   161      0  0.0000000E+00  0.0000000E+00  0.0000000E+00  0.0000000E+00  0.0000000E+00  0.0000000E+00
         1   161      1  0.0000000E+00  0.0000000E+00  0.0000000E+00  0.0000000E+00  0.0000000E+00  0.0000000E+00
         1   161      2  0.4264865E-03  0.8041852E-04  0.0000000E+00  0.0000000E+00  0.2607088E-03  0.0000000E+00
         1   161      3  0.6392162E-03  0.1205737E-03  0.0000000E+00  0.0000000E+00  0.3910272E-03  0.0000000E+00
         1   161      4  0.8516040E-03  0.1606930E-03  0.0000000E+00  0.0000000E+00  0.5213214E-03  0.0000000E+00
         1   161      5  0.1063650E-02  0.2007763E-03  0.0000000E+00  0.0000000E+00  0.6515915E-03  0.0000000E+00
         1   161      6  0.1275356E-02  0.2408237E-03  0.0000000E+00  0.0000000E+00  0.7818374E-03  0.0000000E+00
         1   161      7  0.1486720E-02  0.2808354E-03  0.0000000E+00  0.0000000E+00  0.9120592E-03  0.0000000E+00
         1   161      8  0.1697744E-02  0.3208113E-03  0.0000000E+00  0.0000000E+00  0.1042257E-02  0.0000000E+00
         1   161      9  0.1908428E-02  0.3607515E-03  0.0000000E+00  0.0000000E+00  0.1172430E-02  0.0000000E+00
         1   161     10  0.5723701E-02  0.4675903E-03  0.0000000E+00  0.0000000E+00  0.2102784E-01  0.1000000E-02

         1   162      0  0.0000000E+00  0.0000000E+00  0.0000000E+00  0.0000000E+00  0.0000000E+00  0.0000000E+00
         1   162      1  0.0000000E+00  0.0000000E+00  0.0000000E+00  0.0000000E+00  0.0000000E+00  0.0000000E+00
         1   162      2  0.4578272E-03  0.4452129E-04  0.0000000E+00  0.0000000E+00  0.2607054E-03  0.0000000E+00
         1   162      3  0.6862108E-03  0.6677025E-04  0.0000000E+00  0.0000000E+00  0.3910195E-03  0.0000000E+00
         1   162      4  0.9142415E-03  0.8901144E-04  0.0000000E+00  0.0000000E+00  0.5213078E-03  0.0000000E+00
         1   162      5  0.1141920E-02  0.1112449E-03  0.0000000E+00  0.0000000E+00  0.6515703E-03  0.0000000E+00
         1   162      6  0.1369246E-02  0.1334706E-03  0.0000000E+00  0.0000000E+00  0.7818070E-03  0.0000000E+00
         1   162      7  0.1596220E-02  0.1556886E-03  0.0000000E+00  0.0000000E+00  0.9120179E-03  0.0000000E+00
         1   162      8  0.1822844E-02  0.1778990E-03  0.0000000E+00  0.0000000E+00  0.1042203E-02  0.0000000E+00
         1   162      9  0.2049116E-02  0.2001017E-03  0.0000000E+00  0.0000000E+00  0.1172362E-02  0.0000000E+00
         1   162     10  0.5840510E-02 -0.1671487E-05  0.0000000E+00  0.0000000E+00  0.2112620E-01  0.1000000E-02

         1   163      0  0.0000000E+00  0.0000000E+00  0.0000000E+00  0.0000000E+00  0.0000000E+00  0.0000000E+00
         1   163      1  0.0000000E+00  0.0000000E+00  0.0000000E+00  0.0000000E+00  0.0000000E+00  0.0000000E+00
         1   163      2  0.4707082E-03  0.6828966E-05  0.0000000E+00  0.0000000E+00  0.2607022E-03  0.0000000E+00
         1   163      3  0.7055372E-03  0.1027459E-04  0.0000000E+00  0.0000000E+00  0.3910122E-03  0.0000000E+00
         1   163      4  0.9400165E-03  0.1374096E-04  0.0000000E+00  0.0000000E+00  0.5212949E-03  0.0000000E+00
         1   163      5  0.1174147E-02  0.1722807E-04  0.0000000E+00  0.0000000E+00  0.6515502E-03  0.0000000E+00
         1   163      6  0.1407928E-02  0.2073591E-04  0.0000000E+00  0.0000000E+00  0.7817781E-03  0.0000000E+00
         1   163      7  0.1641361E-02  0.2426446E-04  0.0000000E+00  0.0000000E+00  0.9119785E-03  0.0000000E+00
         1   163      8  0.1874446E-02  0.2781371E-04  0.0000000E+00  0.0000000E+00  0.1042151E-02  0.0000000E+00
         1   163      9  0.2107183E-02  0.3138366E-04  0.0000000E+00  0.0000000E+00  0.1172297E-02  0.0000000E+00
         1   163     10  0.5722042E-02 -0.4708660E-03  0.0000000E+00  0.0000000E+00  0.2122455E-01  0.1000000E-02

         1   164      0  0.0000000E+00  0.0000000E+00  0.0000000E+00  0.0000000E+00  0.0000000E+00  0.0000000E+00
         1   164      1  0.0000000E+00  0.0000000E+00  0.0000000E+00  0.0000000E+00  0.0000000E+00  0.0000000E+00
         1   164      2  0.4724155E-03  0.6828966E-05  0.0000000E+00  0.0000000E+00  0.2607022E-03  0.0000000E+00
         1   164      3  0.7081058E-03  0.1027459E-04  0.0000000E+00  0.0000000E+00  0.3910122E-03  0.0000000E+00
         1   164      4  0.9434518E-03  0.1374096E-04  0.0000000E+00  0.0000000E+00  0.5212949E-03  0.0000000E+00
         1   164      5  0.1178454E-02  0.1722807E-04  0.0000000E+00  0.0000000E+00  0.6515502E-03  0.0000000E+00
         1   164      6  0.1413112E-02  0.2073591E-04  0.0000000E+00  0.0000000E+00  0.7817780E-03  0.0000000E+00
         1   164      7  0.1647427E-02  0.2426446E-04  0.0000000E+00  0.0000000E+00  0.9119784E-03  0.0000000E+00
         1   164      8  0.1881399E-02  0.2781371E-04  0.0000000E+00  0.0000000E+00  0.1042151E-02  0.0000000E+00
         1   164      9  0.2115029E-02  0.3138366E-04  0.0000000E+00  0.0000000E+00  0.1172297E-02  0.0000000E+00
         1   164     10  0.5604390E-02 -0.4708660E-03  0.0000000E+00  0.0000000E+00  0.2127396E-01  0.1000000E-02

         1   165      0  0.0000000E+00  0.0000000E+00  0.0000000E+00  0.0000000E+00  0.0000000E+00  0.0000000E+00
         1   165      1  0.0000000E+00  0.0000000E+00  0.0000000E+00  0.0000000E+00  0.0000000E+00  0.0000000E+00
         1   165      2  0.4734398E-03  0.6828966E-05  0.0000000E+00  0.0000000E+00  0.2607022E-03  0.0000000E+00
         1   165      3  0.7096470E-03  0.1027459E-04  0.0000000E+00  0.0000000E+00  0.3910122E-03  0.0000000E+00
         1   165      4  0.9455129E-03  0.1374096E-04  0.0000000E+00  0.0000000E+00  0.5212949E-03  0.0000000E+00
         1   165      5  0.1181038E-02  0.1722807E-04  0.0000000E+00  0.0000000E+00  0.6515502E-03  0.0000000E+00
         1   165      6  0.1416222E-02  0.2073591E-04  0.0000000E+00  0.0000000E+00  0.7817780E-03  0.0000000E+00
         1   165      7  0.1651067E-02  0.2426446E-04  0.0000000E+00  0.0000000E+00  0.9119784E-03  0.0000000E+00
         1   165      8  0.1885572E-02  0.2781371E-04  0.0000000E+00  0.0000000E+00  0.1042151E-02  0.0000000E+00
         1   165      9  0.2119737E-02  0.3138366E-04  0.0000000E+00  0.0000000E+00  0.1172297E-02  0.0000000E+00
         1   165     10  0.5533800E-02 -0.4708660E-03  0.0000000E+00  0.0000000E+00  0.2130361E-01  0.1000000E-02

         1   166      0  0.0000000E+00  0.0000000E+00  0.0000000E+00  0.0000000E+00  0.0000000E+00  0.0000000E+00
         1   166      1  0.0000000E+00  0.0000000E+00  0.0000000E+00  0.0000000E+00  0.0000000E+00  0.0000000E+00
         1   166      2  0.4751471E-03  0.6828966E-05  0.0000000E+00  0.0000000E+00  0.2607022E-03  0.0000000E+00
         1   166      3  0.7122157E-03  0.1027459E-04  0.0000000E+00  0.0000000E+00  0.3910122E-03  0.0000000E+00
         1   166      4  0.9489481E-03  0.1374096E-04  0.0000000E+00  0.0000000E+00  0.5212949E-03  0.0000000E+00
         1   166      5  0.1185345E-02  0.1722807E-04  0.0000000E+00  0.0000000E+00  0.6515501E-03  0.0000000E+00
         1   166      6  0.1421406E-02  0.2073591E-04  0.0000000E+00  0.0000000E+00  0.7817780E-03  0.0000000E+00
         1   166      7  0.1657133E-02  0.2426446E-04  0.0000000E+00  0.0000000E+00  0.9119784E-03  0.0000000E+00
         1   166      8  0.1892525E-02  0.2781371E-04  0.0000000E+00  0.0000000E+00  0.1042151E-02  0.0000000E+00
         1   166      9  0.2127583E-02  0.3138366E-04  0.0000000E+00  0.0000000E+00  0.1172297E-02  0.0000000E+00
         1   166     10  0.5416148E-02 -0.4708660E-03  0.0000000E+00  0.0000000E+00  0.2135302E-01  0.1000000E-02

         1   167      0  0.0000000E+00  0.0000000E+00  0.0000000E+00  0.0000000E+00  0.0000000E+00  0.0000000E+00
         1   167      1  0.0000000E+00  0.0000000E+00  0.0000000E+00  0.0000000E+00  0.0000000E+00  0.0000000E+00
         1   167      2  0.5008573E-03  0.4122570E-05  0.0000000E+00  0.0000000E+00  0.2046815E-03  0.0000000E+00
         1   167      3  0.7509333E-03  0.6217365E-05  0.0000000E+00  0.0000000E+00  0.3070299E-03  0.0000000E+00
         1   167      4  0.1000775E-02  0.8334483E-05  0.0000000E+00  0.0000000E+00  0.4093834E-03  0.0000000E+00
         1   167      5  0.1250382E-02  0.1047391E-04  0.0000000E+00  0.0000000E+00  0.5117419E-03  0.0000000E+00
         1   167      6  0.1499755E-02  0.1263564E-04  0.0000000E+00  0.0000000E+00  0.6141054E-03  0.0000000E+00
         1   167      7  0.1748894E-02  0.1481965E-04  0.0000000E+00  0.0000000E+00  0.7164738E-03  0.0000000E+00
         1   167      8  0.1997800E-02  0.1702593E-04  0.0000000E+00  0.0000000E+00  0.8188469E-03  0.0000000E+00
         1   167      9  0.2246474E-02  0.1925446E-04  0.0000000E+00  0.0000000E+00  0.9212249E-03  0.0000000E+00
         1   167     10  0.3417859E-02 -0.3806197E-03  0.0000000E+00  0.0000000E+00  0.2177747E-01  0.1000000E-02

         1   168      0  0.0000000E+00  0.0000000E+00  0.0000000E+00  0.0000000E+00  0.0000000E+00  0.0000000E+00
         1   168      1  0.0000000E+00  0.0000000E+00  0.0000000E+00  0.0000000E+00  0.0000000E+00  0.0000000E+00
         1   168      2  0.5018879E-03  0.4122570E-05  0.0000000E+00  0.0000000E+00  0.2046815E-03  0.0000000E+00
         1   168      3  0.7524876E-03  0.6217365E-05  0.0000000E+00  0.0000000E+00  0.3070299E-03  0.0000000E+00
         1   168      4  0.1002858E-02  0.8334483E-05  0.0000000E+00  0.0000000E+00  0.4093834E-03  0.0000000E+00
         1   168      5  0.1253000E-02  0.1047391E-04  0.0000000E+00  0.0000000E+00  0.5117419E-03  0.0000000E+00
         1   168      6  0.1502914E-02  0.1263564E-04  0.0000000E+00  0.0000000E+00  0.6141054E-03  0.0000000E+00
         1   168      7  0.1752599E-02  0.1481965E-04  0.0000000E+00  0.0000000E+00  0.7164737E-03  0.0000000E+00
         1   168      8  0.2002057E-02  0.1702593E-04  0.0000000E+00  0.0000000E+00  0.8188469E-03  0.0000000E+00
         1   168      9  0.2251287E-02  0.1925446E-04  0.0000000E+00  0.0000000E+00  0.9212249E-03  0.0000000E+00
         1   168     10  0.3322757E-02 -0.3806197E-03  0.0000000E+00  0.0000000E+00  0.2182689E-01  0.1000000E-02

         1   169      0  0.0000000E+00  0.0000000E+00  0.0000000E+00  0.0000000E+00  0.0000000E+00  0.0000000E+00
         1   169      1  0.0000000E+00  0.0000000E+00  0.0000000E+00  0.0000000E+00  0.0000000E+00  0.0000000E+00
         1   169      2  0.5025077E-03  0.4141329E-05  0.0000000E+00  0.0000000E+00  0.2046815E-03  0.0000000E+00
         1   169      3  0.7534234E-03  0.6259535E-05  0.0000000E+00  0.0000000E+00  0.3070299E-03  0.0000000E+00
         1   169      4  0.1004114E-02  0.8409384E-05  0.0000000E+00  0.0000000E+00  0.4093834E-03  0.0000000E+00
         1   169      5  0.1254580E-02  0.1059084E-04  0.0000000E+00  0.0000000E+00  0.5117419E-03  0.0000000E+00
         1   169      6  0.1504822E-02  0.1280386E-04  0.0000000E+00  0.0000000E+00  0.6141054E-03  0.0000000E+00
         1   169      7  0.1754839E-02  0.1504841E-04  0.0000000E+00  0.0000000E+00  0.7164737E-03  0.0000000E+00
         1   169      8  0.2004633E-02  0.1732445E-04  0.0000000E+00  0.0000000E+00  0.8188469E-03  0.0000000E+00
         1   169      9  0.2254204E-02  0.1963194E-04  0.0000000E+00  0.0000000E+00  0.9212248E-03  0.0000000E+00
         1   169     10  0.3265757E-02 -0.3798125E-03  0.0000000E+00  0.0000000E+00  0.2185654E-01  0.1000000E-02

         1   170      0  0.0000000E+00  0.0000000E+00  0.0000000E+00  0.0000000E+00  0.0000000E+00  0.0000000E+00
         1   170      1  0.0000000E+00  0.0000000E+00  0.0000000E+00  0.0000000E+00  0.0000000E+00  0.0000000E+00
         1   170      2  0.5035431E-03  0.4141329E-05  0.0000000E+00  0.0000000E+00  0.2046815E-03  0.0000000E+00
         1   170      3  0.7549883E-03  0.6259535E-05  0.0000000E+00  0.0000000E+00  0.3070299E-03  0.0000000E+00
         1   170      4  0.1006216E-02  0.8409384E-05  0.0000000E+00  0.0000000E+00  0.4093834E-03  0.0000000E+00
         1   170      5  0.1257228E-02  0.1059084E-04  0.0000000E+00  0.0000000E+00  0.5117419E-03  0.0000000E+00
         1   170      6  0.1508023E-02  0.1280386E-04  0.0000000E+00  0.0000000E+00  0.6141054E-03  0.0000000E+00
         1   170      7  0.1758601E-02  0.1504841E-04  0.0000000E+00  0.0000000E+00  0.7164737E-03  0.0000000E+00
         1   170      8  0.2008964E-02  0.1732445E-04  0.0000000E+00  0.0000000E+00  0.8188469E-03  0.0000000E+00
         1   170      9  0.2259112E-02  0.1963194E-04  0.0000000E+00  0.0000000E+00  0.9212248E-03  0.0000000E+00
         1   170     10  0.3170856E-02 -0.3798125E-03  0.0000000E+00  0.0000000E+00  0.2190595E-01  0.1000000E-02

         1   171      0  0.0000000E+00  0.0000000E+00  0.0000000E+00  0.0000000E+00  0.0000000E+00  0.0000000E+00
         1   171      1  0.0000000E+00  0.0000000E+00  0.0000000E+00  0.0000000E+00  0.0000000E+00  0.0000000E+00
         1   171      2  0.5149413E-03  0.4159189E-04  0.0000000E+00  0.0000000E+00  0.2046848E-03  0.0000000E+00
         1   171      3  0.7721036E-03  0.6241204E-04  0.0000000E+00  0.0000000E+00  0.3070373E-03  0.0000000E+00
         1   171      4  0.1029061E-02  0.8324829E-04  0.0000000E+00  0.0000000E+00  0.4093966E-03  0.0000000E+00
         1   171      5  0.1285813E-02  0.1041006E-03  0.0000000E+00  0.0000000E+00  0.5117625E-03  0.0000000E+00
         1   171      6  0.1542360E-02  0.1249691E-03  0.0000000E+00  0.0000000E+00  0.6141350E-03  0.0000000E+00
         1   171      7  0.1798704E-02  0.1458536E-03  0.0000000E+00  0.0000000E+00  0.7165140E-03  0.0000000E+00
         1   171      8  0.2054843E-02  0.1667542E-03  0.0000000E+00  0.0000000E+00  0.8188994E-03  0.0000000E+00
         1   171      9  0.2310779E-02  0.1876707E-03  0.0000000E+00  0.0000000E+00  0.9212912E-03  0.0000000E+00
         1   171     10  0.3038491E-02 -0.1515701E-03  0.0000000E+00  0.0000000E+00  0.2200492E-01  0.1000000E-02

         1   172      0  0.0000000E+00  0.0000000E+00  0.0000000E+00  0.0000000E+00  0.0000000E+00  0.0000000E+00
         1   172      1  0.0000000E+00  0.0000000E+00  0.0000000E+00  0.0000000E+00  0.0000000E+00  0.0000000E+00
         1   172      2  0.5453911E-03  0.8058124E-04  0.0000000E+00  0.0000000E+00  0.2046879E-03  0.0000000E+00
         1   172      3  0.8177847E-03  0.1208736E-03  0.0000000E+00  0.0000000E+00  0.3070444E-03  0.0000000E+00
         1   172      4  0.1089977E-02  0.1611672E-03  0.0000000E+00  0.0000000E+00  0.4094091E-03  0.0000000E+00
         1   172      5  0.1361969E-02  0.2014619E-03  0.0000000E+00  0.0000000E+00  0.5117821E-03  0.0000000E+00
         1   172      6  0.1633761E-02  0.2417578E-03  0.0000000E+00  0.0000000E+00  0.6141631E-03  0.0000000E+00
         1   172      7  0.1905353E-02  0.2820550E-03  0.0000000E+00  0.0000000E+00  0.7165522E-03  0.0000000E+00
         1   172      8  0.2176745E-02  0.3223533E-03  0.0000000E+00  0.0000000E+00  0.8189494E-03  0.0000000E+00
         1   172      9  0.2447938E-02  0.3626529E-03  0.0000000E+00  0.0000000E+00  0.9213544E-03  0.0000000E+00
         1   172     10  0.3018438E-02  0.7106966E-04  0.0000000E+00  0.0000000E+00  0.2210389E-01  0.1000000E-02

         1   173      0  0.0000000E+00  0.0000000E+00  0.0000000E+00  0.0000000E+00  0.0000000E+00  0.0000000E+00
         1   173      1  0.0000000E+00  0.0000000E+00  0.0000000E+00  0.0000000E+00  0.0000000E+00  0.0000000E+00
         1   173      2  0.5655364E-03  0.8058124E-04  0.0000000E+00  0.0000000E+00  0.2046874E-03  0.0000000E+00
         1   173      3  0.8480031E-03  0.1208736E-03  0.0000000E+00  0.0000000E+00  0.3070434E-03  0.0000000E+00
         1   173      4  0.1130269E-02  0.1611672E-03  0.0000000E+00  0.0000000E+00  0.4094073E-03  0.0000000E+00
         1   173      5  0.1412335E-02  0.2014619E-03  0.0000000E+00  0.0000000E+00  0.5117792E-03  0.0000000E+00
         1   173      6  0.1694201E-02  0.2417578E-03  0.0000000E+00  0.0000000E+00  0.6141591E-03  0.0000000E+00
         1   173      7  0.1975867E-02  0.2820550E-03  0.0000000E+00  0.0000000E+00  0.7165467E-03  0.0000000E+00
         1   173      8  0.2257334E-02  0.3223533E-03  0.0000000E+00  0.0000000E+00  0.8189422E-03  0.0000000E+00
         1   173      9  0.2538601E-02  0.3626529E-03  0.0000000E+00  0.0000000E+00  0.9213453E-03  0.0000000E+00
         1   173     10  0.3036196E-02  0.7106966E-04  0.0000000E+00  0.0000000E+00  0.2215331E-01  0.1000000E-02

         1   174      0  0.0000000E+00  0.0000000E+00  0.0000000E+00  0.0000000E+00  0.0000000E+00  0.0000000E+00
         1   174      1  0.0000000E+00  0.0000000E+00  0.0000000E+00  0.0000000E+00  0.0000000E+00  0.0000000E+00
         1   174      2  0.5776236E-03  0.8058124E-04  0.0000000E+00  0.0000000E+00  0.2046872E-03  0.0000000E+00
         1   174      3  0.8661341E-03  0.1208736E-03  0.0000000E+00  0.0000000E+00  0.3070428E-03  0.0000000E+00
         1   174      4  0.1154444E-02  0.1611672E-03  0.0000000E+00  0.0000000E+00  0.4094062E-03  0.0000000E+00
         1   174      5  0.1442554E-02  0.2014619E-03  0.0000000E+00  0.0000000E+00  0.5117775E-03  0.0000000E+00
         1   174      6  0.1730464E-02  0.2417578E-03  0.0000000E+00  0.0000000E+00  0.6141566E-03  0.0000000E+00
         1   174      7  0.2018175E-02  0.2820550E-03  0.0000000E+00  0.0000000E+00  0.7165434E-03  0.0000000E+00
         1   174      8  0.2305687E-02  0.3223533E-03  0.0000000E+00  0.0000000E+00  0.8189378E-03  0.0000000E+00
         1   174      9  0.2592999E-02  0.3626529E-03  0.0000000E+00  0.0000000E+00  0.9213398E-03  0.0000000E+00
         1   174     10  0.3046850E-02  0.7106966E-04  0.0000000E+00  0.0000000E+00  0.2218296E-01  0.1000000E-02

         1   175      0  0.0000000E+00  0.0000000E+00  0.0000000E+00  0.0000000E+00  0.0000000E+00  0.0000000E+00
         1   175      1  0.0000000E+00  0.0000000E+00  0.0000000E+00  0.0000000E+00  0.0000000E+00  0.0000000E+00
         1   175      2  0.5977689E-03  0.8058124E-04  0.0000000E+00  0.0000000E+00  0.2046867E-03  0.0000000E+00
         1   175      3  0.8963525E-03  0.1208736E-03  0.0000000E+00  0.0000000E+00  0.3070417E-03  0.0000000E+00
         1   175      4  0.1194736E-02  0.1611672E-03  0.0000000E+00  0.0000000E+00  0.4094044E-03  0.0000000E+00
         1   175      5  0.1492920E-02  0.2014619E-03  0.0000000E+00  0.0000000E+00  0.5117747E-03  0.0000000E+00
         1   175      6  0.1790904E-02  0.2417578E-03  0.0000000E+00  0.0000000E+00  0.6141526E-03  0.0000000E+00
         1   175      7  0.2088689E-02  0.2820550E-03  0.0000000E+00  0.0000000E+00  0.7165379E-03  0.0000000E+00
         1   175      8  0.2386275E-02  0.3223533E-03  0.0000000E+00  0.0000000E+00  0.8189306E-03  0.0000000E+00
         1   175      9  0.2683662E-02  0.3626529E-03  0.0000000E+00  0.0000000E+00  0.9213307E-03  0.0000000E+00
         1   175     10  0.3064608E-02  0.7106966E-04  0.0000000E+00  0.0000000E+00  0.2223239E-01  0.1000000E-02

         1   176      0  0.0000000E+00  0.0000000E+00  0.0000000E+00  0.0000000E+00  0.0000000E+00  0.0000000E+00
         1   176      1  0.0000000E+00  0.0000000E+00  0.0000000E+00  0.0000000E+00  0.0000000E+00  0.0000000E+00
         1   176      2  0.9659441E-03  0.7624439E-04  0.0000000E+00  0.0000000E+00  0.1149242E-03  0.0000000E+00
         1   176      3  0.1448638E-02  0.1143693E-03  0.0000000E+00  0.0000000E+00  0.1724240E-03  0.0000000E+00
         1   176      4  0.1931146E-02  0.1524961E-03  0.0000000E+00  0.0000000E+00  0.2299489E-03  0.0000000E+00
         1   176      5  0.2413469E-02  0.1906248E-03  0.0000000E+00  0.0000000E+00  0.2874988E-03  0.0000000E+00
         1   176      6  0.2895607E-02  0.2287553E-03  0.0000000E+00  0.0000000E+00  0.3450735E-03  0.0000000E+00
         1   176      7  0.3377562E-02  0.2668877E-03  0.0000000E+00  0.0000000E+00  0.4026729E-03  0.0000000E+00
         1   176      8  0.3859332E-02  0.3050219E-03  0.0000000E+00  0.0000000E+00  0.4602969E-03  0.0000000E+00
         1   176      9  0.4340918E-02  0.3431581E-03  0.0000000E+00  0.0000000E+00  0.5179455E-03  0.0000000E+00
         1   176     10  0.3623944E-02  0.1672813E-03  0.0000000E+00  0.0000000E+00  0.2278012E-01  0.1000000E-02

         1   177      0  0.0000000E+00  0.0000000E+00  0.0000000E+00  0.0000000E+00  0.0000000E+00  0.0000000E+00
         1   177      1  0.0000000E+00  0.0000000E+00  0.0000000E+00  0.0000000E+00  0.0000000E+00  0.0000000E+00
         1   177      2  0.9850052E-03  0.7624439E-04  0.0000000E+00  0.0000000E+00  0.1149238E-03  0.0000000E+00
         1   177      3  0.1477230E-02  0.1143693E-03  0.0000000E+00  0.0000000E+00  0.1724231E-03  0.0000000E+00
         1   177      4  0.1969270E-02  0.1524961E-03  0.0000000E+00  0.0000000E+00  0.2299473E-03  0.0000000E+00
         1   177      5  0.2461125E-02  0.1906248E-03  0.0000000E+00  0.0000000E+00  0.2874963E-03  0.0000000E+00
         1   177      6  0.2952796E-02  0.2287553E-03  0.0000000E+00  0.0000000E+00  0.3450698E-03  0.0000000E+00
         1   177      7  0.3444283E-02  0.2668877E-03  0.0000000E+00  0.0000000E+00  0.4026679E-03  0.0000000E+00
         1   177      8  0.3935587E-02  0.3050219E-03  0.0000000E+00  0.0000000E+00  0.4602905E-03  0.0000000E+00
         1   177      9  0.4426708E-02  0.3431581E-03  0.0000000E+00  0.0000000E+00  0.5179373E-03  0.0000000E+00
         1   177     10  0.3665741E-02  0.1672813E-03  0.0000000E+00  0.0000000E+00  0.2282954E-01  0.1000000E-02

         1   178      0  0.0000000E+00  0.0000000E+00  0.0000000E+00  0.0000000E+00  0.0000000E+00  0.0000000E+00
         1   178      1  0.0000000E+00  0.0000000E+00  0.0000000E+00  0.0000000E+00  0.0000000E+00  0.0000000E+00
         1   178      2  0.9964406E-03  0.7622647E-04  0.0000000E+00  0.0000000E+00  0.1149235E-03  0.0000000E+00
         1   178      3  0.1494382E-02  0.1143290E-03  0.0000000E+00  0.0000000E+00  0.1724226E-03  0.0000000E+00
         1   178      4  0.1992139E-02  0.1524245E-03  0.0000000E+00  0.0000000E+00  0.2299464E-03  0.0000000E+00
         1   178      5  0.2489710E-02  0.1905129E-03  0.0000000E+00  0.0000000E+00  0.2874947E-03  0.0000000E+00
         1   178      6  0.2987097E-02  0.2285943E-03  0.0000000E+00  0.0000000E+00  0.3450677E-03  0.0000000E+00
         1   178      7  0.3484300E-02  0.2666686E-03  0.0000000E+00  0.0000000E+00  0.4026650E-03  0.0000000E+00
         1   178      8  0.3981319E-02  0.3047358E-03  0.0000000E+00  0.0000000E+00  0.4602866E-03  0.0000000E+00
         1   178      9  0.4478155E-02  0.3427961E-03  0.0000000E+00  0.0000000E+00  0.5179324E-03  0.0000000E+00
         1   178     10  0.3690801E-02  0.1670343E-03  0.0000000E+00  0.0000000E+00  0.2285920E-01  0.1000000E-02

         1   179      0  0.0000000E+00  0.0000000E+00  0.0000000E+00  0.0000000E+00  0.0000000E+00  0.0000000E+00
         1   179      1  0.0000000E+00  0.0000000E+00  0.0000000E+00  0.0000000E+00  0.0000000E+00  0.0000000E+00
         1   179      2  0.1015497E-02  0.7622647E-04  0.0000000E+00  0.0000000E+00  0.1149231E-03  0.0000000E+00
         1   179      3  0.1522965E-02  0.1143290E-03  0.0000000E+00  0.0000000E+00  0.1724217E-03  0.0000000E+00
         1   179      4  0.2030245E-02  0.1524245E-03  0.0000000E+00  0.0000000E+00  0.2299447E-03  0.0000000E+00
         1   179      5  0.2537339E-02  0.1905129E-03  0.0000000E+00  0.0000000E+00  0.2874922E-03  0.0000000E+00
         1   179      6  0.3044246E-02  0.2285943E-03  0.0000000E+00  0.0000000E+00  0.3450640E-03  0.0000000E+00
         1   179      7  0.3550967E-02  0.2666686E-03  0.0000000E+00  0.0000000E+00  0.4026600E-03  0.0000000E+00
         1   179      8  0.4057503E-02  0.3047358E-03  0.0000000E+00  0.0000000E+00  0.4602802E-03  0.0000000E+00
         1   179      9  0.4563854E-02  0.3427961E-03  0.0000000E+00  0.0000000E+00  0.5179243E-03  0.0000000E+00
         1   179     10  0.3732536E-02  0.1670343E-03  0.0000000E+00  0.0000000E+00  0.2290862E-01  0.1000000E-02

         1   180      0  0.0000000E+00  0.0000000E+00  0.0000000E+00  0.0000000E+00  0.0000000E+00  0.0000000E+00
         1   180      1  0.0000000E+00  0.0000000E+00  0.0000000E+00  0.0000000E+00  0.0000000E+00  0.0000000E+00
         1   180      2  0.1032881E-02 -0.6924005E-05  0.0000000E+00  0.0000000E+00  0.1149076E-03  0.0000000E+00
         1   180      3  0.1549041E-02 -0.1037387E-04  0.0000000E+00  0.0000000E+00  0.1723869E-03  0.0000000E+00
         1   180      4  0.2065014E-02 -0.1381566E-04  0.0000000E+00  0.0000000E+00  0.2298829E-03  0.0000000E+00
         1   180      5  0.2580801E-02 -0.1724939E-04  0.0000000E+00  0.0000000E+00  0.2873956E-03  0.0000000E+00
         1   180      6  0.3096402E-02 -0.2067508E-04  0.0000000E+00  0.0000000E+00  0.3449250E-03  0.0000000E+00
         1   180      7  0.3611817E-02 -0.2409275E-04  0.0000000E+00  0.0000000E+00  0.4024708E-03  0.0000000E+00
         1   180      8  0.4127046E-02 -0.2750241E-04  0.0000000E+00  0.0000000E+00  0.4600331E-03  0.0000000E+00
         1   180      9  0.4642091E-02 -0.3090408E-04  0.0000000E+00  0.0000000E+00  0.5176117E-03  0.0000000E+00
         1   180     10  0.3740266E-02 -0.1362028E-03  0.0000000E+00  0.0000000E+00  0.2300726E-01  0.1000000E-02

         1   181      0  0.0000000E+00  0.0000000E+00  0.0000000E+00  0.0000000E+00  0.0000000E+00  0.0000000E+00
         1   181      1  0.0000000E+00  0.0000000E+00  0.0000000E+00  0.0000000E+00  0.0000000E+00  0.0000000E+00
         1   181      2  0.1008620E-02 -0.8979530E-04  0.0000000E+00  0.0000000E+00  0.1148921E-03  0.0000000E+00
         1   181      3  0.1512660E-02 -0.1346585E-03  0.0000000E+00  0.0000000E+00  0.1723519E-03  0.0000000E+00
         1   181      4  0.2016522E-02 -0.1794988E-03  0.0000000E+00  0.0000000E+00  0.2298208E-03  0.0000000E+00
         1   181      5  0.2520205E-02 -0.2243162E-03  0.0000000E+00  0.0000000E+00  0.2872986E-03  0.0000000E+00
         1   181      6  0.3023710E-02 -0.2691108E-03  0.0000000E+00  0.0000000E+00  0.3447854E-03  0.0000000E+00
         1   181      7  0.3527037E-02 -0.3138826E-03  0.0000000E+00  0.0000000E+00  0.4022809E-03  0.0000000E+00
         1   181      8  0.4030186E-02 -0.3586318E-03  0.0000000E+00  0.0000000E+00  0.4597851E-03  0.0000000E+00
         1   181      9  0.4533157E-02 -0.4033582E-03  0.0000000E+00  0.0000000E+00  0.5172980E-03  0.0000000E+00
         1   181     10  0.3597324E-02 -0.4339531E-03  0.0000000E+00  0.0000000E+00  0.2310591E-01  0.1000000E-02

         1   182      0  0.0000000E+00  0.0000000E+00  0.0000000E+00  0.0000000E+00  0.0000000E+00  0.0000000E+00
         1   182      1  0.0000000E+00  0.0000000E+00  0.0000000E+00  0.0000000E+00  0.0000000E+00  0.0000000E+00
         1   182      2  0.9861709E-03 -0.8979530E-04  0.0000000E+00  0.0000000E+00  0.1148915E-03  0.0000000E+00
         1   182      3  0.1478996E-02 -0.1346585E-03  0.0000000E+00  0.0000000E+00  0.1723507E-03  0.0000000E+00
         1   182      4  0.1971648E-02 -0.1794988E-03  0.0000000E+00  0.0000000E+00  0.2298186E-03  0.0000000E+00
         1   182      5  0.2464126E-02 -0.2243162E-03  0.0000000E+00  0.0000000E+00  0.2872952E-03  0.0000000E+00
         1   182      6  0.2956432E-02 -0.2691108E-03  0.0000000E+00  0.0000000E+00  0.3447803E-03  0.0000000E+00
         1   182      7  0.3448566E-02 -0.3138826E-03  0.0000000E+00  0.0000000E+00  0.4022741E-03  0.0000000E+00
         1   182      8  0.3940528E-02 -0.3586318E-03  0.0000000E+00  0.0000000E+00  0.4597762E-03  0.0000000E+00
         1   182      9  0.4432318E-02 -0.4033582E-03  0.0000000E+00  0.0000000E+00  0.5172867E-03  0.0000000E+00
         1   182     10  0.3488896E-02 -0.4339531E-03  0.0000000E+00  0.0000000E+00  0.2315532E-01  0.1000000E-02

         1   183      0  0.0000000E+00  0.0000000E+00  0.0000000E+00  0.0000000E+00  0.0000000E+00  0.0000000E+00
         1   183      1  0.0000000E+00  0.0000000E+00  0.0000000E+00  0.0000000E+00  0.0000000E+00  0.0000000E+00
         1   183      2  0.9727016E-03 -0.8979530E-04  0.0000000E+00  0.0000000E+00  0.1148912E-03  0.0000000E+00
         1   183      3  0.1458797E-02 -0.1346585E-03  0.0000000E+00  0.0000000E+00  0.1723499E-03  0.0000000E+00
         1   183      4  0.1944723E-02 -0.1794988E-03  0.0000000E+00  0.0000000E+00  0.2298172E-03  0.0000000E+00
         1   183      5  0.2430479E-02 -0.2243162E-03  0.0000000E+00  0.0000000E+00  0.2872931E-03  0.0000000E+00
         1   183      6  0.2916066E-02 -0.2691108E-03  0.0000000E+00  0.0000000E+00  0.3447773E-03  0.0000000E+00
         1   183      7  0.3401484E-02 -0.3138826E-03  0.0000000E+00  0.0000000E+00  0.4022700E-03  0.0000000E+00
         1   183      8  0.3886733E-02 -0.3586318E-03  0.0000000E+00  0.0000000E+00  0.4597708E-03  0.0000000E+00
         1   183      9  0.4371814E-02 -0.4033582E-03  0.0000000E+00  0.0000000E+00  0.5172799E-03  0.0000000E+00
         1   183     10  0.3423839E-02 -0.4339531E-03  0.0000000E+00  0.0000000E+00  0.2318497E-01  0.1000000E-02

         1   184      0  0.0000000E+00  0.0000000E+00  0.0000000E+00  0.0000000E+00  0.0000000E+00  0.0000000E+00
         1   184      1  0.0000000E+00  0.0000000E+00  0.0000000E+00  0.0000000E+00  0.0000000E+00  0.0000000E+00
         1   184      2  0.9502528E-03 -0.8979530E-04  0.0000000E+00  0.0000000E+00  0.1148907E-03  0.0000000E+00
         1   184      3  0.1425132E-02 -0.1346585E-03  0.0000000E+00  0.0000000E+00  0.1723487E-03  0.0000000E+00
         1   184      4  0.1899848E-02 -0.1794988E-03  0.0000000E+00  0.0000000E+00  0.2298150E-03  0.0000000E+00
         1   184      5  0.2374400E-02 -0.2243162E-03  0.0000000E+00  0.0000000E+00  0.2872896E-03  0.0000000E+00
         1   184      6  0.2848788E-02 -0.2691108E-03  0.0000000E+00  0.0000000E+00  0.3447723E-03  0.0000000E+00
         1   184      7  0.3323013E-02 -0.3138826E-03  0.0000000E+00  0.0000000E+00  0.4022631E-03  0.0000000E+00
         1   184      8  0.3797075E-02 -0.3586318E-03  0.0000000E+00  0.0000000E+00  0.4597619E-03  0.0000000E+00
         1   184      9  0.4270975E-02 -0.4033582E-03  0.0000000E+00  0.0000000E+00  0.5172686E-03  0.0000000E+00
         1   184     10  0.3315411E-02 -0.4339531E-03  0.0000000E+00  0.0000000E+00  0.2323438E-01  0.1000000E-02

         1   185      0  0.0000000E+00  0.0000000E+00  0.0000000E+00  0.0000000E+00  0.0000000E+00  0.0000000E+00
         1   185      1  0.0000000E+00  0.0000000E+00  0.0000000E+00  0.0000000E+00  0.0000000E+00  0.0000000E+00
         1   185      2  0.5190663E-03 -0.9387069E-04  0.0000000E+00  0.0000000E+00  0.3054325E-04  0.0000000E+00
         1   185      3  0.7785020E-03 -0.1407714E-03  0.0000000E+00  0.0000000E+00  0.4583807E-04  0.0000000E+00
         1   185      4  0.1037873E-02 -0.1876492E-03  0.0000000E+00  0.0000000E+00  0.6114823E-04  0.0000000E+00
         1   185      5  0.1297179E-02 -0.2345040E-03  0.0000000E+00  0.0000000E+00  0.7647362E-04  0.0000000E+00
         1   185      6  0.1556421E-02 -0.2813358E-03  0.0000000E+00  0.0000000E+00  0.9181415E-04  0.0000000E+00
         1   185      7  0.1815598E-02 -0.3281449E-03  0.0000000E+00  0.0000000E+00  0.1071697E-03  0.0000000E+00
         1   185      8  0.2074710E-02 -0.3749311E-03  0.0000000E+00  0.0000000E+00  0.1225402E-03  0.0000000E+00
         1   185      9  0.2333759E-02 -0.4216945E-03  0.0000000E+00  0.0000000E+00  0.1379255E-03  0.0000000E+00
         1   185     10  0.1516604E-02 -0.3326144E-03  0.0000000E+00  0.0000000E+00  0.2388841E-01  0.1000000E-02

         1   186      0  0.0000000E+00  0.0000000E+00  0.0000000E+00  0.0000000E+00  0.0000000E+00  0.0000000E+00
         1   186      1  0.0000000E+00  0.0000000E+00  0.0000000E+00  0.0000000E+00  0.0000000E+00  0.0000000E+00
         1   186      2  0.4955986E-03 -0.9387069E-04  0.0000000E+00  0.0000000E+00  0.3054264E-04  0.0000000E+00
         1   186      3  0.7433092E-03 -0.1407714E-03  0.0000000E+00  0.0000000E+00  0.4583670E-04  0.0000000E+00
         1   186      4  0.9909607E-03 -0.1876492E-03  0.0000000E+00  0.0000000E+00  0.6114579E-04  0.0000000E+00
         1   186      5  0.1238553E-02 -0.2345040E-03  0.0000000E+00  0.0000000E+00  0.7646981E-04  0.0000000E+00
         1   186      6  0.1486087E-02 -0.2813358E-03  0.0000000E+00  0.0000000E+00  0.9180865E-04  0.0000000E+00
         1   186      7  0.1733562E-02 -0.3281449E-03  0.0000000E+00  0.0000000E+00  0.1071622E-03  0.0000000E+00
         1   186      8  0.1980978E-02 -0.3749311E-03  0.0000000E+00  0.0000000E+00  0.1225304E-03  0.0000000E+00
         1   186      9  0.2228335E-02 -0.4216945E-03  0.0000000E+00  0.0000000E+00  0.1379131E-03  0.0000000E+00
         1   186     10  0.1433496E-02 -0.3326144E-03  0.0000000E+00  0.0000000E+00  0.2393783E-01  0.1000000E-02

         1   187      0  0.0000000E+00  0.0000000E+00  0.0000000E+00  0.0000000E+00  0.0000000E+00  0.0000000E+00
         1   187      1  0.0000000E+00  0.0000000E+00  0.0000000E+00  0.0000000E+00  0.0000000E+00  0.0000000E+00
         1   187      2  0.4815180E-03 -0.9387069E-04  0.0000000E+00  0.0000000E+00  0.3054227E-04  0.0000000E+00
         1   187      3  0.7221935E-03 -0.1407714E-03  0.0000000E+00  0.0000000E+00  0.4583587E-04  0.0000000E+00
         1   187      4  0.9628133E-03 -0.1876492E-03  0.0000000E+00  0.0000000E+00  0.6114432E-04  0.0000000E+00
         1   187      5  0.1203378E-02 -0.2345040E-03  0.0000000E+00  0.0000000E+00  0.7646752E-04  0.0000000E+00
         1   187      6  0.1443886E-02 -0.2813358E-03  0.0000000E+00  0.0000000E+00  0.9180536E-04  0.0000000E+00
         1   187      7  0.1684340E-02 -0.3281449E-03  0.0000000E+00  0.0000000E+00  0.1071577E-03  0.0000000E+00
         1   187      8  0.1924738E-02 -0.3749311E-03  0.0000000E+00  0.0000000E+00  0.1225246E-03  0.0000000E+00
         1   187      9  0.2165081E-02 -0.4216945E-03  0.0000000E+00  0.0000000E+00  0.1379057E-03  0.0000000E+00
         1   187     10  0.1383632E-02 -0.3326144E-03  0.0000000E+00  0.0000000E+00  0.2396748E-01  0.1000000E-02

         1   188      0  0.0000000E+00  0.0000000E+00  0.0000000E+00  0.0000000E+00  0.0000000E+00  0.0000000E+00
         1   188      1  0.0000000E+00  0.0000000E+00  0.0000000E+00  0.0000000E+00  0.0000000E+00  0.0000000E+00
         1   188      2  0.4580503E-03 -0.9387069E-04  0.0000000E+00  0.0000000E+00  0.3054166E-04  0.0000000E+00
         1   188      3  0.6870006E-03 -0.1407714E-03  0.0000000E+00  0.0000000E+00  0.4583450E-04  0.0000000E+00
         1   188      4  0.9159010E-03 -0.1876492E-03  0.0000000E+00  0.0000000E+00  0.6114188E-04  0.0000000E+00
         1   188      5  0.1144752E-02 -0.2345040E-03  0.0000000E+00  0.0000000E+00  0.7646370E-04  0.0000000E+00
         1   188      6  0.1373553E-02 -0.2813358E-03  0.0000000E+00  0.0000000E+00  0.9179986E-04  0.0000000E+00
         1   188      7  0.1602304E-02 -0.3281449E-03  0.0000000E+00  0.0000000E+00  0.1071503E-03  0.0000000E+00
         1   188      8  0.1831005E-02 -0.3749311E-03  0.0000000E+00  0.0000000E+00  0.1225148E-03  0.0000000E+00
         1   188      9  0.2059657E-02 -0.4216945E-03  0.0000000E+00  0.0000000E+00  0.1378934E-03  0.0000000E+00
         1   188     10  0.1300524E-02 -0.3326144E-03  0.0000000E+00  0.0000000E+00  0.2401690E-01  0.1000000E-02

         1   189      0  0.0000000E+00  0.0000000E+00  0.0000000E+00  0.0000000E+00  0.0000000E+00  0.0000000E+00
         1   189      1  0.0000000E+00  0.0000000E+00  0.0000000E+00  0.0000000E+00  0.0000000E+00  0.0000000E+00
         1   189      2  0.4192993E-03 -0.6160978E-04  0.0000000E+00  0.0000000E+00  0.3054333E-04  0.0000000E+00
         1   189      3  0.6288900E-03 -0.9238499E-04  0.0000000E+00  0.0000000E+00  0.4583826E-04  0.0000000E+00
         1   189      4  0.8384416E-03 -0.1231405E-03  0.0000000E+00  0.0000000E+00  0.6114856E-04  0.0000000E+00
         1   189      5  0.1047954E-02 -0.1538763E-03  0.0000000E+00  0.0000000E+00  0.7647414E-04  0.0000000E+00
         1   189      6  0.1257427E-02 -0.1845924E-03  0.0000000E+00  0.0000000E+00  0.9181489E-04  0.0000000E+00
         1   189      7  0.1466861E-02 -0.2152890E-03  0.0000000E+00  0.0000000E+00  0.1071707E-03  0.0000000E+00
         1   189      8  0.1676256E-02 -0.2459660E-03  0.0000000E+00  0.0000000E+00  0.1225415E-03  0.0000000E+00
         1   189      9  0.1885612E-02 -0.2766235E-03  0.0000000E+00  0.0000000E+00  0.1379272E-03  0.0000000E+00
         1   189     10  0.1157322E-02 -0.2422692E-03  0.0000000E+00  0.0000000E+00  0.2411576E-01  0.1000000E-02

         1   190      0  0.0000000E+00  0.0000000E+00  0.0000000E+00  0.0000000E+00  0.0000000E+00  0.0000000E+00
         1   190      1  0.0000000E+00  0.0000000E+00  0.0000000E+00  0.0000000E+00  0.0000000E+00  0.0000000E+00
         1   190      2  0.3960611E-03 -0.3162827E-04  0.0000000E+00  0.0000000E+00  0.3054519E-04  0.0000000E+00
         1   190      3  0.5940467E-03 -0.4741654E-04  0.0000000E+00  0.0000000E+00  0.4584245E-04  0.0000000E+00
         1   190      4  0.7920022E-03 -0.6318763E-04  0.0000000E+00  0.0000000E+00  0.6115601E-04  0.0000000E+00
         1   190      5  0.9899277E-03 -0.7894158E-04  0.0000000E+00  0.0000000E+00  0.7648577E-04  0.0000000E+00
         1   190      6  0.1187823E-02 -0.9467843E-04  0.0000000E+00  0.0000000E+00  0.9183164E-04  0.0000000E+00
         1   190      7  0.1385689E-02 -0.1103982E-03  0.0000000E+00  0.0000000E+00  0.1071935E-03  0.0000000E+00
         1   190      8  0.1583524E-02 -0.1261010E-03  0.0000000E+00  0.0000000E+00  0.1225713E-03  0.0000000E+00
         1   190      9  0.1781330E-02 -0.1417868E-03  0.0000000E+00  0.0000000E+00  0.1379649E-03  0.0000000E+00
         1   190     10  0.1056900E-02 -0.1608790E-03  0.0000000E+00  0.0000000E+00  0.2421462E-01  0.1000000E-02

         1   191      0  0.0000000E+00  0.0000000E+00  0.0000000E+00  0.0000000E+00  0.0000000E+00  0.0000000E+00
         1   191      1  0.0000000E+00  0.0000000E+00  0.0000000E+00  0.0000000E+00  0.0000000E+00  0.0000000E+00
         1   191      2  0.3881541E-03 -0.3162827E-04  0.0000000E+00  0.0000000E+00  0.3054512E-04  0.0000000E+00
         1   191      3  0.5821925E-03 -0.4741654E-04  0.0000000E+00  0.0000000E+00  0.4584229E-04  0.0000000E+00
         1   191      4  0.7762053E-03 -0.6318763E-04  0.0000000E+00  0.0000000E+00  0.6115573E-04  0.0000000E+00
         1   191      5  0.9701923E-03 -0.7894158E-04  0.0000000E+00  0.0000000E+00  0.7648534E-04  0.0000000E+00
         1   191      6  0.1164154E-02 -0.9467843E-04  0.0000000E+00  0.0000000E+00  0.9183102E-04  0.0000000E+00
         1   191      7  0.1358089E-02 -0.1103982E-03  0.0000000E+00  0.0000000E+00  0.1071927E-03  0.0000000E+00
         1   191      8  0.1551999E-02 -0.1261010E-03  0.0000000E+00  0.0000000E+00  0.1225702E-03  0.0000000E+00
         1   191      9  0.1745883E-02 -0.1417868E-03  0.0000000E+00  0.0000000E+00  0.1379635E-03  0.0000000E+00
         1   191     10  0.1016702E-02 -0.1608790E-03  0.0000000E+00  0.0000000E+00  0.2426404E-01  0.1000000E-02

         1   192      0  0.0000000E+00  0.0000000E+00  0.0000000E+00  0.0000000E+00  0.0000000E+00  0.0000000E+00
         1   192      1  0.0000000E+00  0.0000000E+00  0.0000000E+00  0.0000000E+00  0.0000000E+00  0.0000000E+00
         1   192      2  0.3834098E-03 -0.3162827E-04  0.0000000E+00  0.0000000E+00  0.3054508E-04  0.0000000E+00
         1   192      3  0.5750800E-03 -0.4741654E-04  0.0000000E+00  0.0000000E+00  0.4584220E-04  0.0000000E+00
         1   192      4  0.7667271E-03 -0.6318763E-04  0.0000000E+00  0.0000000E+00  0.6115556E-04  0.0000000E+00
         1   192      5  0.9583511E-03 -0.7894158E-04  0.0000000E+00  0.0000000E+00  0.7648508E-04  0.0000000E+00
         1   192      6  0.1149952E-02 -0.9467843E-04  0.0000000E+00  0.0000000E+00  0.9183065E-04  0.0000000E+00
         1   192      7  0.1341530E-02 -0.1103982E-03  0.0000000E+00  0.0000000E+00  0.1071922E-03  0.0000000E+00
         1   192      8  0.1533084E-02 -0.1261010E-03  0.0000000E+00  0.0000000E+00  0.1225695E-03  0.0000000E+00
         1   192      9  0.1724615E-02 -0.1417868E-03  0.0000000E+00  0.0000000E+00  0.1379626E-03  0.0000000E+00
         1   192     10  0.9925836E-03 -0.1608790E-03  0.0000000E+00  0.0000000E+00  0.2429369E-01  0.1000000E-02

         1   193      0  0.0000000E+00  0.0000000E+00  0.0000000E+00  0.0000000E+00  0.0000000E+00  0.0000000E+00
         1   193      1  0.0000000E+00  0.0000000E+00  0.0000000E+00  0.0000000E+00  0.0000000E+00  0.0000000E+00
         1   193      2  0.3755027E-03 -0.3162827E-04  0.0000000E+00  0.0000000E+00  0.3054501E-04  0.0000000E+00
         1   193      3  0.5632259E-03 -0.4741654E-04  0.0000000E+00  0.0000000E+00  0.4584204E-04  0.0000000E+00
         1   193      4  0.7509302E-03 -0.6318763E-04  0.0000000E+00  0.0000000E+00  0.6115529E-04  0.0000000E+00
         1   193      5  0.9386157E-03 -0.7894158E-04  0.0000000E+00  0.0000000E+00  0.7648465E-04  0.0000000E+00
         1   193      6  0.1126282E-02 -0.9467843E-04  0.0000000E+00  0.0000000E+00  0.9183003E-04  0.0000000E+00
         1   193      7  0.1313930E-02 -0.1103982E-03  0.0000000E+00  0.0000000E+00  0.1071913E-03  0.0000000E+00
         1   193      8  0.1501559E-02 -0.1261010E-03  0.0000000E+00  0.0000000E+00  0.1225684E-03  0.0000000E+00
         1   193      9  0.1689169E-02 -0.1417868E-03  0.0000000E+00  0.0000000E+00  0.1379612E-03  0.0000000E+00
         1   193     10  0.9523862E-03 -0.1608790E-03  0.0000000E+00  0.0000000E+00  0.2434312E-01  0.1000000E-02

         1   194      0  0.0000000E+00  0.0000000E+00  0.0000000E+00  0.0000000E+00  0.0000000E+00  0.0000000E+00
         1   194      1  0.0000000E+00  0.0000000E+00  0.0000000E+00  0.0000000E+00  0.0000000E+00  0.0000000E+00
         1   194      2  0.2231039E-03 -0.3328829E-04  0.0000000E+00  0.0000000E+00 -0.3815042E-05  0.0000000E+00
         1   194      3  0.3347465E-03 -0.4990685E-04  0.0000000E+00  0.0000000E+00 -0.5702816E-05  0.0000000E+00
         1   194      4  0.4464494E-03 -0.6650841E-04  0.0000000E+00  0.0000000E+00 -0.7577539E-05  0.0000000E+00
         1   194      5  0.5582122E-03 -0.8309301E-04  0.0000000E+00  0.0000000E+00 -0.9439296E-05  0.0000000E+00
         1   194      6  0.6700348E-03 -0.9966070E-04  0.0000000E+00  0.0000000E+00 -0.1128817E-04  0.0000000E+00
         1   194      7  0.7819169E-03 -0.1162115E-03  0.0000000E+00  0.0000000E+00 -0.1312425E-04  0.0000000E+00
         1   194      8  0.8938584E-03 -0.1327455E-03  0.0000000E+00  0.0000000E+00 -0.1494762E-04  0.0000000E+00
         1   194      9  0.1005859E-02 -0.1492627E-03  0.0000000E+00  0.0000000E+00 -0.1675837E-04  0.0000000E+00
         1   194     10  0.4574896E-03 -0.5004202E-04  0.0000000E+00  0.0000000E+00  0.2519359E-01  0.1000000E-02

         1   195      0  0.0000000E+00  0.0000000E+00  0.0000000E+00  0.0000000E+00  0.0000000E+00  0.0000000E+00
         1   195      1  0.0000000E+00  0.0000000E+00  0.0000000E+00  0.0000000E+00  0.0000000E+00  0.0000000E+00
         1   195      2  0.2147818E-03 -0.3328829E-04  0.0000000E+00  0.0000000E+00 -0.3815119E-05  0.0000000E+00
         1   195      3  0.3222698E-03 -0.4990685E-04  0.0000000E+00  0.0000000E+00 -0.5702989E-05  0.0000000E+00
         1   195      4  0.4298223E-03 -0.6650841E-04  0.0000000E+00  0.0000000E+00 -0.7577846E-05  0.0000000E+00
         1   195      5  0.5374389E-03 -0.8309301E-04  0.0000000E+00  0.0000000E+00 -0.9439775E-05  0.0000000E+00
         1   195      6  0.6451196E-03 -0.9966070E-04  0.0000000E+00  0.0000000E+00 -0.1128886E-04  0.0000000E+00
         1   195      7  0.7528640E-03 -0.1162115E-03  0.0000000E+00  0.0000000E+00 -0.1312519E-04  0.0000000E+00
         1   195      8  0.8606720E-03 -0.1327455E-03  0.0000000E+00  0.0000000E+00 -0.1494884E-04  0.0000000E+00
         1   195      9  0.9685432E-03 -0.1492627E-03  0.0000000E+00  0.0000000E+00 -0.1675991E-04  0.0000000E+00
         1   195     10  0.4449861E-03 -0.5004202E-04  0.0000000E+00  0.0000000E+00  0.2524302E-01  0.1000000E-02

         1   196      0  0.0000000E+00  0.0000000E+00  0.0000000E+00  0.0000000E+00  0.0000000E+00  0.0000000E+00
         1   196      1  0.0000000E+00  0.0000000E+00  0.0000000E+00  0.0000000E+00  0.0000000E+00  0.0000000E+00
         1   196      2  0.2097885E-03 -0.3328829E-04  0.0000000E+00  0.0000000E+00 -0.3815165E-05  0.0000000E+00
         1   196      3  0.3147838E-03 -0.4990685E-04  0.0000000E+00  0.0000000E+00 -0.5703093E-05  0.0000000E+00
         1   196      4  0.4198460E-03 -0.6650841E-04  0.0000000E+00  0.0000000E+00 -0.7578031E-05  0.0000000E+00
         1   196      5  0.5249750E-03 -0.8309301E-04  0.0000000E+00  0.0000000E+00 -0.9440063E-05  0.0000000E+00
         1   196      6  0.6301705E-03 -0.9966070E-04  0.0000000E+00  0.0000000E+00 -0.1128927E-04  0.0000000E+00
         1   196      7  0.7354323E-03 -0.1162115E-03  0.0000000E+00  0.0000000E+00 -0.1312575E-04  0.0000000E+00
         1   196      8  0.8407602E-03 -0.1327455E-03  0.0000000E+00  0.0000000E+00 -0.1494958E-04  0.0000000E+00
         1   196      9  0.9461538E-03 -0.1492627E-03  0.0000000E+00  0.0000000E+00 -0.1676084E-04  0.0000000E+00
         1   196     10  0.4374839E-03 -0.5004202E-04  0.0000000E+00  0.0000000E+00  0.2527267E-01  0.1000000E-02

         1   197      0  0.0000000E+00  0.0000000E+00  0.0000000E+00  0.0000000E+00  0.0000000E+00  0.0000000E+00
         1   197      1  0.0000000E+00  0.0000000E+00  0.0000000E+00  0.0000000E+00  0.0000000E+00  0.0000000E+00
         1   197      2  0.2014665E-03 -0.3328829E-04  0.0000000E+00  0.0000000E+00 -0.3815242E-05  0.0000000E+00
         1   197      3  0.3023071E-03 -0.4990685E-04  0.0000000E+00  0.0000000E+00 -0.5703266E-05  0.0000000E+00
         1   197      4  0.4032189E-03 -0.6650841E-04  0.0000000E+00  0.0000000E+00 -0.7578337E-05  0.0000000E+00
         1   197      5  0.5042017E-03 -0.8309301E-04  0.0000000E+00  0.0000000E+00 -0.9440542E-05  0.0000000E+00
         1   197      6  0.6052553E-03 -0.9966070E-04  0.0000000E+00  0.0000000E+00 -0.1128996E-04  0.0000000E+00
         1   197      7  0.7063794E-03 -0.1162115E-03  0.0000000E+00  0.0000000E+00 -0.1312669E-04  0.0000000E+00
         1   197      8  0.8075738E-03 -0.1327455E-03  0.0000000E+00  0.0000000E+00 -0.1495080E-04  0.0000000E+00
         1   197      9  0.9088382E-03 -0.1492627E-03  0.0000000E+00  0.0000000E+00 -0.1676239E-04  0.0000000E+00
         1   197     10  0.4249804E-03 -0.5004202E-04  0.0000000E+00  0.0000000E+00  0.2532210E-01  0.1000000E-02

         1   198      0  0.0000000E+00  0.0000000E+00  0.0000000E+00  0.0000000E+00  0.0000000E+00  0.0000000E+00
         1   198      1  0.0000000E+00  0.0000000E+00  0.0000000E+00  0.0000000E+00  0.0000000E+00  0.0000000E+00
         1   198      2  0.1808728E-03 -0.4880871E-04  0.0000000E+00  0.0000000E+00 -0.3816011E-05  0.0000000E+00
         1   198      3  0.2714270E-03 -0.7319662E-04  0.0000000E+00  0.0000000E+00 -0.5704997E-05  0.0000000E+00
         1   198      4  0.3620595E-03 -0.9757360E-04  0.0000000E+00  0.0000000E+00 -0.7581417E-05  0.0000000E+00
         1   198      5  0.4527700E-03 -0.1219397E-03  0.0000000E+00  0.0000000E+00 -0.9445355E-05  0.0000000E+00
         1   198      6  0.5435583E-03 -0.1462948E-03  0.0000000E+00  0.0000000E+00 -0.1129690E-04  0.0000000E+00
         1   198      7  0.6344240E-03 -0.1706392E-03  0.0000000E+00  0.0000000E+00 -0.1313613E-04  0.0000000E+00
         1   198      8  0.7253669E-03 -0.1949726E-03  0.0000000E+00  0.0000000E+00 -0.1496313E-04  0.0000000E+00
         1   198      9  0.8163868E-03 -0.2192953E-03  0.0000000E+00  0.0000000E+00 -0.1677800E-04  0.0000000E+00
         1   198     10  0.3915815E-03 -0.8317706E-04  0.0000000E+00  0.0000000E+00  0.2542094E-01  0.1000000E-02

         1   199      0  0.0000000E+00  0.0000000E+00  0.0000000E+00  0.0000000E+00  0.0000000E+00  0.0000000E+00
         1   199      1  0.0000000E+00  0.0000000E+00  0.0000000E+00  0.0000000E+00  0.0000000E+00  0.0000000E+00
         1   199      2  0.1529862E-03 -0.6236115E-04  0.0000000E+00  0.0000000E+00 -0.3816850E-05  0.0000000E+00
         1   199      3  0.2296030E-03 -0.9353508E-04  0.0000000E+00  0.0000000E+00 -0.5706886E-05  0.0000000E+00
         1   199      4  0.3063019E-03 -0.1247046E-03  0.0000000E+00  0.0000000E+00 -0.7584776E-05  0.0000000E+00
         1   199      5  0.3830826E-03 -0.1558697E-03  0.0000000E+00  0.0000000E+00 -0.9450606E-05  0.0000000E+00
         1   199      6  0.4599449E-03 -0.1870304E-03  0.0000000E+00  0.0000000E+00 -0.1130446E-04  0.0000000E+00
         1   199      7  0.5368885E-03 -0.2181866E-03  0.0000000E+00  0.0000000E+00 -0.1314643E-04  0.0000000E+00
         1   199      8  0.6139131E-03 -0.2493384E-03  0.0000000E+00  0.0000000E+00 -0.1497659E-04  0.0000000E+00
         1   199      9  0.6910185E-03 -0.2804859E-03  0.0000000E+00  0.0000000E+00 -0.1679504E-04  0.0000000E+00
         1   199     10  0.3424083E-03 -0.1129614E-03  0.0000000E+00  0.0000000E+00  0.2551979E-01  0.1000000E-02

         1   200      0  0.0000000E+00  0.0000000E+00  0.0000000E+00  0.0000000E+00  0.0000000E+00  0.0000000E+00
         1   200      1  0.0000000E+00  0.0000000E+00  0.0000000E+00  0.0000000E+00  0.0000000E+00  0.0000000E+00
         1   200      2  0.1373959E-03 -0.6236115E-04  0.0000000E+00  0.0000000E+00 -0.3817120E-05  0.0000000E+00
         1   200      3  0.2062192E-03 -0.9353508E-04  0.0000000E+00  0.0000000E+00 -0.5707493E-05  0.0000000E+00
         1   200      4  0.2751257E-03 -0.1247046E-03  0.0000000E+00  0.0000000E+00 -0.7585855E-05  0.0000000E+00
         1   200      5  0.3441152E-03 -0.1558697E-03  0.0000000E+00  0.0000000E+00 -0.9452292E-05  0.0000000E+00
         1   200      6  0.4131873E-03 -0.1870304E-03  0.0000000E+00  0.0000000E+00 -0.1130689E-04  0.0000000E+00
         1   200      7  0.4823418E-03 -0.2181866E-03  0.0000000E+00  0.0000000E+00 -0.1314973E-04  0.0000000E+00
         1   200      8  0.5515785E-03 -0.2493384E-03  0.0000000E+00  0.0000000E+00 -0.1498090E-04  0.0000000E+00
         1   200      9  0.6208971E-03 -0.2804859E-03  0.0000000E+00  0.0000000E+00 -0.1680050E-04  0.0000000E+00
         1   200     10  0.3141837E-03 -0.1129614E-03  0.0000000E+00  0.0000000E+00  0.2556921E-01  0.1000000E-02

         1   201      0  0.0000000E+00  0.0000000E+00  0.0000000E+00  0.0000000E+00  0.0000000E+00  0.0000000E+00
         1   201      1  0.0000000E+00  0.0000000E+00  0.0000000E+00  0.0000000E+00  0.0000000E+00  0.0000000E+00
         1   201      2  0.1280417E-03 -0.6236115E-04  0.0000000E+00  0.0000000E+00 -0.3817282E-05  0.0000000E+00
         1   201      3  0.1921890E-03 -0.9353508E-04  0.0000000E+00  0.0000000E+00 -0.5707858E-05  0.0000000E+00
         1   201      4  0.2564200E-03 -0.1247046E-03  0.0000000E+00  0.0000000E+00 -0.7586503E-05  0.0000000E+00
         1   201      5  0.3207347E-03 -0.1558697E-03  0.0000000E+00  0.0000000E+00 -0.9453303E-05  0.0000000E+00
         1   201      6  0.3851327E-03 -0.1870304E-03  0.0000000E+00  0.0000000E+00 -0.1130834E-04  0.0000000E+00
         1   201      7  0.4496138E-03 -0.2181866E-03  0.0000000E+00  0.0000000E+00 -0.1315171E-04  0.0000000E+00
         1   201      8  0.5141777E-03 -0.2493384E-03  0.0000000E+00  0.0000000E+00 -0.1498349E-04  0.0000000E+00
         1   201      9  0.5788242E-03 -0.2804859E-03  0.0000000E+00  0.0000000E+00 -0.1680377E-04  0.0000000E+00
         1   201     10  0.2972488E-03 -0.1129614E-03  0.0000000E+00  0.0000000E+00  0.2559887E-01  0.1000000E-02

         1   202      0  0.0000000E+00  0.0000000E+00  0.0000000E+00  0.0000000E+00  0.0000000E+00  0.0000000E+00
         1   202      1  0.0000000E+00  0.0000000E+00  0.0000000E+00  0.0000000E+00  0.0000000E+00  0.0000000E+00
         1   202      2  0.1124515E-03 -0.6236115E-04  0.0000000E+00  0.0000000E+00 -0.3817552E-05  0.0000000E+00
         1   202      3  0.1688052E-03 -0.9353508E-04  0.0000000E+00  0.0000000E+00 -0.5708465E-05  0.0000000E+00
         1   202      4  0.2252439E-03 -0.1247046E-03  0.0000000E+00  0.0000000E+00 -0.7587582E-05  0.0000000E+00
         1   202      5  0.2817673E-03 -0.1558697E-03  0.0000000E+00  0.0000000E+00 -0.9454989E-05  0.0000000E+00
         1   202      6  0.3383752E-03 -0.1870304E-03  0.0000000E+00  0.0000000E+00 -0.1131077E-04  0.0000000E+00
         1   202      7  0.3950672E-03 -0.2181866E-03  0.0000000E+00  0.0000000E+00 -0.1315502E-04  0.0000000E+00
         1   202      8  0.4518431E-03 -0.2493384E-03  0.0000000E+00  0.0000000E+00 -0.1498781E-04  0.0000000E+00
         1   202      9  0.5087027E-03 -0.2804859E-03  0.0000000E+00  0.0000000E+00 -0.1680923E-04  0.0000000E+00
         1   202     10  0.2690241E-03 -0.1129614E-03  0.0000000E+00  0.0000000E+00  0.2564829E-01  0.1000000E-02

         1   203      0  0.0000000E+00  0.0000000E+00  0.0000000E+00  0.0000000E+00  0.0000000E+00  0.0000000E+00
         1   203      1  0.0000000E+00  0.0000000E+00  0.0000000E+00  0.0000000E+00  0.0000000E+00  0.0000000E+00
         1   203      2 -0.1799049E-03 -0.6217459E-04  0.0000000E+00  0.0000000E+00  0.4903649E-07  0.0000000E+00
         1   203      3 -0.2697005E-03 -0.9325641E-04  0.0000000E+00  0.0000000E+00  0.7127495E-07  0.0000000E+00
         1   203      4 -0.3593919E-03 -0.1243346E-03  0.0000000E+00  0.0000000E+00  0.9192215E-07  0.0000000E+00
         1   203      5 -0.4489794E-03 -0.1554091E-03  0.0000000E+00  0.0000000E+00  0.1109244E-06  0.0000000E+00
         1   203      6 -0.5384633E-03 -0.1864799E-03  0.0000000E+00  0.0000000E+00  0.1282279E-06  0.0000000E+00
         1   203      7 -0.6278437E-03 -0.2175471E-03  0.0000000E+00  0.0000000E+00  0.1437786E-06  0.0000000E+00
         1   203      8 -0.7171211E-03 -0.2486107E-03  0.0000000E+00  0.0000000E+00  0.1575227E-06  0.0000000E+00
         1   203      9 -0.8062955E-03 -0.2796705E-03  0.0000000E+00  0.0000000E+00  0.1694057E-06  0.0000000E+00
         1   203     10  0.6376576E-05  0.1019671E-05  0.0000000E+00  0.0000000E+00  0.2656384E-01  0.1000000E-02

         1   204      0  0.0000000E+00  0.0000000E+00  0.0000000E+00  0.0000000E+00  0.0000000E+00  0.0000000E+00
         1   204      1  0.0000000E+00  0.0000000E+00  0.0000000E+00  0.0000000E+00  0.0000000E+00  0.0000000E+00
         1   204      2 -0.1954485E-03 -0.6217459E-04  0.0000000E+00  0.0000000E+00  0.4876822E-07  0.0000000E+00
         1   204      3 -0.2930146E-03 -0.9325641E-04  0.0000000E+00  0.0000000E+00  0.7067141E-07  0.0000000E+00
         1   204      4 -0.3904756E-03 -0.1243346E-03  0.0000000E+00  0.0000000E+00  0.9084932E-07  0.0000000E+00
         1   204      5 -0.4878317E-03 -0.1554091E-03  0.0000000E+00  0.0000000E+00  0.1092483E-06  0.0000000E+00
         1   204      6 -0.5850833E-03 -0.1864799E-03  0.0000000E+00  0.0000000E+00  0.1258146E-06  0.0000000E+00
         1   204      7 -0.6822305E-03 -0.2175471E-03  0.0000000E+00  0.0000000E+00  0.1404943E-06  0.0000000E+00
         1   204      8 -0.7792737E-03 -0.2486107E-03  0.0000000E+00  0.0000000E+00  0.1532334E-06  0.0000000E+00
         1   204      9 -0.8762132E-03 -0.2796705E-03  0.0000000E+00  0.0000000E+00  0.1639778E-06  0.0000000E+00
         1   204     10  0.6631352E-05  0.1019671E-05  0.0000000E+00  0.0000000E+00  0.2661326E-01  0.1000000E-02

         1   205      0  0.0000000E+00  0.0000000E+00  0.0000000E+00  0.0000000E+00  0.0000000E+00  0.0000000E+00
         1   205      1  0.0000000E+00  0.0000000E+00  0.0000000E+00  0.0000000E+00  0.0000000E+00  0.0000000E+00
         1   205      2 -0.2047747E-03 -0.6217459E-04  0.0000000E+00  0.0000000E+00  0.4860726E-07  0.0000000E+00
         1   205      3 -0.3070031E-03 -0.9325641E-04  0.0000000E+00  0.0000000E+00  0.7030929E-07  0.0000000E+00
         1   205      4 -0.4091258E-03 -0.1243346E-03  0.0000000E+00  0.0000000E+00  0.9020563E-07  0.0000000E+00
         1   205      5 -0.5111431E-03 -0.1554091E-03  0.0000000E+00  0.0000000E+00  0.1082426E-06  0.0000000E+00
         1   205      6 -0.6130552E-03 -0.1864799E-03  0.0000000E+00  0.0000000E+00  0.1243666E-06  0.0000000E+00
         1   205      7 -0.7148626E-03 -0.2175471E-03  0.0000000E+00  0.0000000E+00  0.1385237E-06  0.0000000E+00
         1   205      8 -0.8165653E-03 -0.2486107E-03  0.0000000E+00  0.0000000E+00  0.1506598E-06  0.0000000E+00
         1   205      9 -0.9181638E-03 -0.2796705E-03  0.0000000E+00  0.0000000E+00  0.1607210E-06  0.0000000E+00
         1   205     10  0.6784218E-05  0.1019671E-05  0.0000000E+00  0.0000000E+00  0.2664292E-01  0.1000000E-02

         1   206      0  0.0000000E+00  0.0000000E+00  0.0000000E+00  0.0000000E+00  0.0000000E+00  0.0000000E+00
         1   206      1  0.0000000E+00  0.0000000E+00  0.0000000E+00  0.0000000E+00  0.0000000E+00  0.0000000E+00
         1   206      2 -0.2203184E-03 -0.6217459E-04  0.0000000E+00  0.0000000E+00  0.4833899E-07  0.0000000E+00
         1   206      3 -0.3303172E-03 -0.9325641E-04  0.0000000E+00  0.0000000E+00  0.6970576E-07  0.0000000E+00
         1   206      4 -0.4402094E-03 -0.1243346E-03  0.0000000E+00  0.0000000E+00  0.8913280E-07  0.0000000E+00
         1   206      5 -0.5499953E-03 -0.1554091E-03  0.0000000E+00  0.0000000E+00  0.1065666E-06  0.0000000E+00
         1   206      6 -0.6596752E-03 -0.1864799E-03  0.0000000E+00  0.0000000E+00  0.1219533E-06  0.0000000E+00
         1   206      7 -0.7692494E-03 -0.2175471E-03  0.0000000E+00  0.0000000E+00  0.1352393E-06  0.0000000E+00
         1   206      8 -0.8787180E-03 -0.2486107E-03  0.0000000E+00  0.0000000E+00  0.1463705E-06  0.0000000E+00
         1   206      9 -0.9880814E-03 -0.2796705E-03  0.0000000E+00  0.0000000E+00  0.1552930E-06  0.0000000E+00
         1   206     10  0.7038994E-05  0.1019671E-05  0.0000000E+00  0.0000000E+00  0.2669234E-01  0.1000000E-02

         1   207      0  0.0000000E+00  0.0000000E+00  0.0000000E+00  0.0000000E+00  0.0000000E+00  0.0000000E+00
         1   207      1  0.0000000E+00  0.0000000E+00  0.0000000E+00  0.0000000E+00  0.0000000E+00  0.0000000E+00
         1   207      2 -0.2556727E-03 -0.7967720E-04  0.0000000E+00  0.0000000E+00  0.4838290E-07  0.0000000E+00
         1   207      3 -0.3833430E-03 -0.1194983E-03  0.0000000E+00  0.0000000E+00  0.6980337E-07  0.0000000E+00
         1   207      4 -0.5109028E-03 -0.1593078E-03  0.0000000E+00  0.0000000E+00  0.8930424E-07  0.0000000E+00
         1   207      5 -0.6383526E-03 -0.1991057E-03  0.0000000E+00  0.0000000E+00  0.1068312E-06  0.0000000E+00
         1   207      6 -0.7656925E-03 -0.2388920E-03  0.0000000E+00  0.0000000E+00  0.1223297E-06  0.0000000E+00
         1   207      7 -0.8929229E-03 -0.2786667E-03  0.0000000E+00  0.0000000E+00  0.1357452E-06  0.0000000E+00
         1   207      8 -0.1020044E-02 -0.3184298E-03  0.0000000E+00  0.0000000E+00  0.1470230E-06  0.0000000E+00
         1   207      9 -0.1147056E-02 -0.3581814E-03  0.0000000E+00  0.0000000E+00  0.1561084E-06  0.0000000E+00
         1   207     10  0.7681775E-05  0.1560775E-05  0.0000000E+00  0.0000000E+00  0.2679119E-01  0.1000000E-02

         1   208      0  0.0000000E+00  0.0000000E+00  0.0000000E+00  0.0000000E+00  0.0000000E+00  0.0000000E+00
         1   208      1  0.0000000E+00  0.0000000E+00  0.0000000E+00  0.0000000E+00  0.0000000E+00  0.0000000E+00
         1   208      2 -0.3012341E-03 -0.1032121E-03  0.0000000E+00  0.0000000E+00  0.4839032E-07  0.0000000E+00
         1   208      3 -0.4516728E-03 -0.1547861E-03  0.0000000E+00  0.0000000E+00  0.6981887E-07  0.0000000E+00
         1   208      4 -0.6019928E-03 -0.2063388E-03  0.0000000E+00  0.0000000E+00  0.8932964E-07  0.0000000E+00
         1   208      5 -0.7521945E-03 -0.2578702E-03  0.0000000E+00  0.0000000E+00  0.1068675E-06  0.0000000E+00
         1   208      6 -0.9022783E-03 -0.3093804E-03  0.0000000E+00  0.0000000E+00  0.1223772E-06  0.0000000E+00
         1   208      7 -0.1052244E-02 -0.3608695E-03  0.0000000E+00  0.0000000E+00  0.1358033E-06  0.0000000E+00
         1   208      8 -0.1202093E-02 -0.4123374E-03  0.0000000E+00  0.0000000E+00  0.1470904E-06  0.0000000E+00
         1   208      9 -0.1351824E-02 -0.4637842E-03  0.0000000E+00  0.0000000E+00  0.1561829E-06  0.0000000E+00
         1   208     10  0.8630565E-05  0.2249892E-05  0.0000000E+00  0.0000000E+00  0.2689004E-01  0.1000000E-02

         1   209      0  0.0000000E+00  0.0000000E+00  0.0000000E+00  0.0000000E+00  0.0000000E+00  0.0000000E+00
         1   209      1  0.0000000E+00  0.0000000E+00  0.0000000E+00  0.0000000E+00  0.0000000E+00  0.0000000E+00
         1   209      2 -0.3270372E-03 -0.1032121E-03  0.0000000E+00  0.0000000E+00  0.4765105E-07  0.0000000E+00
         1   209      3 -0.4903693E-03 -0.1547861E-03  0.0000000E+00  0.0000000E+00  0.6815618E-07  0.0000000E+00
         1   209      4 -0.6535775E-03 -0.2063388E-03  0.0000000E+00  0.0000000E+00  0.8637499E-07  0.0000000E+00
         1   209      5 -0.8166621E-03 -0.2578702E-03  0.0000000E+00  0.0000000E+00  0.1022528E-06  0.0000000E+00
         1   209      6 -0.9796234E-03 -0.3093804E-03  0.0000000E+00  0.0000000E+00  0.1157347E-06  0.0000000E+00
         1   209      7 -0.1142462E-02 -0.3608695E-03  0.0000000E+00  0.0000000E+00  0.1267659E-06  0.0000000E+00
         1   209      8 -0.1305177E-02 -0.4123374E-03  0.0000000E+00  0.0000000E+00  0.1352913E-06  0.0000000E+00
         1   209      9 -0.1467770E-02 -0.4637842E-03  0.0000000E+00  0.0000000E+00  0.1412558E-06  0.0000000E+00
         1   209     10  0.9192726E-05  0.2249892E-05  0.0000000E+00  0.0000000E+00  0.2693947E-01  0.1000000E-02

         1   210      0  0.0000000E+00  0.0000000E+00  0.0000000E+00  0.0000000E+00  0.0000000E+00  0.0000000E+00
         1   210      1  0.0000000E+00  0.0000000E+00  0.0000000E+00  0.0000000E+00  0.0000000E+00  0.0000000E+00
         1   210      2 -0.3425190E-03 -0.1032121E-03  0.0000000E+00  0.0000000E+00  0.4720748E-07  0.0000000E+00
         1   210      3 -0.5135872E-03 -0.1547861E-03  0.0000000E+00  0.0000000E+00  0.6715858E-07  0.0000000E+00
         1   210      4 -0.6845283E-03 -0.2063388E-03  0.0000000E+00  0.0000000E+00  0.8460219E-07  0.0000000E+00
         1   210      5 -0.8553426E-03 -0.2578702E-03  0.0000000E+00  0.0000000E+00  0.9948392E-07  0.0000000E+00
         1   210      6 -0.1026030E-02 -0.3093804E-03  0.0000000E+00  0.0000000E+00  0.1117492E-06  0.0000000E+00
         1   210      7 -0.1196592E-02 -0.3608695E-03  0.0000000E+00  0.0000000E+00  0.1213434E-06  0.0000000E+00
         1   210      8 -0.1367028E-02 -0.4123374E-03  0.0000000E+00  0.0000000E+00  0.1282118E-06  0.0000000E+00
         1   210      9 -0.1537338E-02 -0.4637842E-03  0.0000000E+00  0.0000000E+00  0.1322995E-06  0.0000000E+00
         1   210     10  0.9530023E-05  0.2249892E-05  0.0000000E+00  0.0000000E+00  0.2696912E-01  0.1000000E-02

         1   211      0  0.0000000E+00  0.0000000E+00  0.0000000E+00  0.0000000E+00  0.0000000E+00  0.0000000E+00
         1   211      1  0.0000000E+00  0.0000000E+00  0.0000000E+00  0.0000000E+00  0.0000000E+00  0.0000000E+00
         1   211      2 -0.3683220E-03 -0.1032121E-03  0.0000000E+00  0.0000000E+00  0.4646821E-07  0.0000000E+00
         1   211      3 -0.5522837E-03 -0.1547861E-03  0.0000000E+00  0.0000000E+00  0.6549590E-07  0.0000000E+00
         1   211      4 -0.7361130E-03 -0.2063388E-03  0.0000000E+00  0.0000000E+00  0.8164754E-07  0.0000000E+00
         1   211      5 -0.9198102E-03 -0.2578702E-03  0.0000000E+00  0.0000000E+00  0.9486918E-07  0.0000000E+00
         1   211      6 -0.1103376E-02 -0.3093804E-03  0.0000000E+00  0.0000000E+00  0.1051067E-06  0.0000000E+00
         1   211      7 -0.1286809E-02 -0.3608695E-03  0.0000000E+00  0.0000000E+00  0.1123060E-06  0.0000000E+00
         1   211      8 -0.1470112E-02 -0.4123374E-03  0.0000000E+00  0.0000000E+00  0.1164127E-06  0.0000000E+00
         1   211      9 -0.1653284E-02 -0.4637842E-03  0.0000000E+00  0.0000000E+00  0.1173723E-06  0.0000000E+00
         1   211     10  0.1009218E-04  0.2249892E-05  0.0000000E+00  0.0000000E+00  0.2701855E-01  0.1000000E-02

         1   212      0  0.0000000E+00  0.0000000E+00  0.0000000E+00  0.0000000E+00  0.0000000E+00  0.0000000E+00
         1   212      1  0.0000000E+00  0.0000000E+00  0.0000000E+00  0.0000000E+00  0.0000000E+00  0.0000000E+00
         1   212      2 -0.8518707E-03 -0.1032121E-03  0.0000000E+00  0.0000000E+00  0.3261419E-07  0.0000000E+00
         1   212      3 -0.1277457E-02 -0.1547861E-03  0.0000000E+00  0.0000000E+00  0.3433726E-07  0.0000000E+00
         1   212      4 -0.1702810E-02 -0.2063388E-03  0.0000000E+00  0.0000000E+00  0.2627731E-07  0.0000000E+00
         1   212      5 -0.2127932E-02 -0.2578702E-03  0.0000000E+00  0.0000000E+00  0.8388930E-08  0.0000000E+00
         1   212      6 -0.2552823E-02 -0.3093804E-03  0.0000000E+00  0.0000000E+00 -0.1937346E-07  0.0000000E+00
         1   212      7 -0.2977483E-02 -0.3608695E-03  0.0000000E+00  0.0000000E+00 -0.5705555E-07  0.0000000E+00
         1   212      8 -0.3401913E-02 -0.4123374E-03  0.0000000E+00  0.0000000E+00 -0.1047032E-06  0.0000000E+00
         1   212      9 -0.3826113E-02 -0.4637842E-03  0.0000000E+00  0.0000000E+00 -0.1623624E-06  0.0000000E+00
         1   212     10  0.2062708E-04  0.2249892E-05  0.0000000E+00  0.0000000E+00  0.2794476E-01  0.1000000E-02

         1   213      0  0.0000000E+00  0.0000000E+00  0.0000000E+00  0.0000000E+00  0.0000000E+00  0.0000000E+00
         1   213      1  0.0000000E+00  0.0000000E+00  0.0000000E+00  0.0000000E+00  0.0000000E+00  0.0000000E+00
         1   213      2 -0.8776737E-03 -0.1032121E-03  0.0000000E+00  0.0000000E+00  0.3187492E-07  0.0000000E+00
         1   213      3 -0.1316153E-02 -0.1547861E-03  0.0000000E+00  0.0000000E+00  0.3267458E-07  0.0000000E+00
         1   213      4 -0.1754395E-02 -0.2063388E-03  0.0000000E+00  0.0000000E+00  0.2332266E-07  0.0000000E+00
         1   213      5 -0.2192400E-02 -0.2578702E-03  0.0000000E+00  0.0000000E+00  0.3774189E-08  0.0000000E+00
         1   213      6 -0.2630168E-02 -0.3093804E-03  0.0000000E+00  0.0000000E+00 -0.2601594E-07  0.0000000E+00
         1   213      7 -0.3067700E-02 -0.3608695E-03  0.0000000E+00  0.0000000E+00 -0.6609298E-07  0.0000000E+00
         1   213      8 -0.3504997E-02 -0.4123374E-03  0.0000000E+00  0.0000000E+00 -0.1165023E-06  0.0000000E+00
         1   213      9 -0.3942059E-02 -0.4637842E-03  0.0000000E+00  0.0000000E+00 -0.1772895E-06  0.0000000E+00
         1   213     10  0.2118924E-04  0.2249892E-05  0.0000000E+00  0.0000000E+00  0.2799419E-01  0.1000000E-02

         1   214      0  0.0000000E+00  0.0000000E+00  0.0000000E+00  0.0000000E+00  0.0000000E+00  0.0000000E+00
         1   214      1  0.0000000E+00  0.0000000E+00  0.0000000E+00  0.0000000E+00  0.0000000E+00  0.0000000E+00
         1   214      2 -0.8931555E-03 -0.1032121E-03  0.0000000E+00  0.0000000E+00  0.3143135E-07  0.0000000E+00
         1   214      3 -0.1339371E-02 -0.1547861E-03  0.0000000E+00  0.0000000E+00  0.3167697E-07  0.0000000E+00
         1   214      4 -0.1785346E-02 -0.2063388E-03  0.0000000E+00  0.0000000E+00  0.2154987E-07  0.0000000E+00
         1   214      5 -0.2231080E-02 -0.2578702E-03  0.0000000E+00  0.0000000E+00  0.1005344E-08  0.0000000E+00
         1   214      6 -0.2676575E-02 -0.3093804E-03  0.0000000E+00  0.0000000E+00 -0.3000143E-07  0.0000000E+00
         1   214      7 -0.3121831E-02 -0.3608695E-03  0.0000000E+00  0.0000000E+00 -0.7151545E-07  0.0000000E+00
         1   214      8 -0.3566848E-02 -0.4123374E-03  0.0000000E+00  0.0000000E+00 -0.1235818E-06  0.0000000E+00
         1   214      9 -0.4011627E-02 -0.4637842E-03  0.0000000E+00  0.0000000E+00 -0.1862458E-06  0.0000000E+00
         1   214     10  0.2152654E-04  0.2249892E-05  0.0000000E+00  0.0000000E+00  0.2802384E-01  0.1000000E-02

         1   215      0  0.0000000E+00  0.0000000E+00  0.0000000E+00  0.0000000E+00  0.0000000E+00  0.0000000E+00
         1   215      1  0.0000000E+00  0.0000000E+00  0.0000000E+00  0.0000000E+00  0.0000000E+00  0.0000000E+00
         1   215      2 -0.9189586E-03 -0.1032121E-03  0.0000000E+00  0.0000000E+00  0.3069208E-07  0.0000000E+00
         1   215      3 -0.1378068E-02 -0.1547861E-03  0.0000000E+00  0.0000000E+00  0.3001429E-07  0.0000000E+00
         1   215      4 -0.1836931E-02 -0.2063388E-03  0.0000000E+00  0.0000000E+00  0.1859521E-07  0.0000000E+00
         1   215      5 -0.2295548E-02 -0.2578702E-03  0.0000000E+00  0.0000000E+00 -0.3609397E-08  0.0000000E+00
         1   215      6 -0.2753920E-02 -0.3093804E-03  0.0000000E+00  0.0000000E+00 -0.3664392E-07  0.0000000E+00
         1   215      7 -0.3212048E-02 -0.3608695E-03  0.0000000E+00  0.0000000E+00 -0.8055288E-07  0.0000000E+00
         1   215      8 -0.3669932E-02 -0.4123374E-03  0.0000000E+00  0.0000000E+00 -0.1353810E-06  0.0000000E+00
         1   215      9 -0.4127573E-02 -0.4637842E-03  0.0000000E+00  0.0000000E+00 -0.2011729E-06  0.0000000E+00
         1   215     10  0.2208870E-04  0.2249892E-05  0.0000000E+00  0.0000000E+00  0.2807327E-01  0.1000000E-02

         1   216      0  0.0000000E+00  0.0000000E+00  0.0000000E+00  0.0000000E+00  0.0000000E+00  0.0000000E+00
         1   216      1  0.0000000E+00  0.0000000E+00  0.0000000E+00  0.0000000E+00  0.0000000E+00  0.0000000E+00
         1   216      2 -0.9485102E-03 -0.1452810E-04  0.0000000E+00  0.0000000E+00  0.1530037E-07  0.0000000E+00
         1   216      3 -0.1422388E-02 -0.2179560E-04  0.0000000E+00  0.0000000E+00 -0.4598784E-08  0.0000000E+00
         1   216      4 -0.1896015E-02 -0.2906538E-04  0.0000000E+00  0.0000000E+00 -0.4290675E-07  0.0000000E+00
         1   216      5 -0.2369391E-02 -0.3633743E-04  0.0000000E+00  0.0000000E+00 -0.9965567E-07  0.0000000E+00
         1   216      6 -0.2842518E-02 -0.4361173E-04  0.0000000E+00  0.0000000E+00 -0.1748779E-06  0.0000000E+00
         1   216      7 -0.3315395E-02 -0.5088828E-04  0.0000000E+00  0.0000000E+00 -0.2686060E-06  0.0000000E+00
         1   216      8 -0.3788024E-02 -0.5816706E-04  0.0000000E+00  0.0000000E+00 -0.3808727E-06  0.0000000E+00
         1   216      9 -0.4260405E-02 -0.6544805E-04  0.0000000E+00  0.0000000E+00 -0.5117108E-06  0.0000000E+00
         1   216     10  0.2268430E-04  0.1244372E-06  0.0000000E+00  0.0000000E+00  0.2817212E-01  0.1000000E-02

         1   217      0  0.0000000E+00  0.0000000E+00  0.0000000E+00  0.0000000E+00  0.0000000E+00  0.0000000E+00
         1   217      1  0.0000000E+00  0.0000000E+00  0.0000000E+00  0.0000000E+00  0.0000000E+00  0.0000000E+00
         1   217      2 -0.9333724E-03  0.7484040E-04  0.0000000E+00  0.0000000E+00  0.3621596E-10  0.0000000E+00
         1   217      3 -0.1399692E-02  0.1122218E-03  0.0000000E+00  0.0000000E+00 -0.3892492E-07  0.0000000E+00
         1   217      4 -0.1865767E-02  0.1495775E-03  0.0000000E+00  0.0000000E+00 -0.1038986E-06  0.0000000E+00
         1   217      5 -0.2331600E-02  0.1869074E-03  0.0000000E+00  0.0000000E+00 -0.1949051E-06  0.0000000E+00
         1   217      6 -0.2797189E-02  0.2242118E-03  0.0000000E+00  0.0000000E+00 -0.3119645E-06  0.0000000E+00
         1   217      7 -0.3262536E-02  0.2614905E-03  0.0000000E+00  0.0000000E+00 -0.4550976E-06  0.0000000E+00
         1   217      8 -0.3727642E-02  0.2987438E-03  0.0000000E+00  0.0000000E+00 -0.6243250E-06  0.0000000E+00
         1   217      9 -0.4192506E-02  0.3359717E-03  0.0000000E+00  0.0000000E+00 -0.8196679E-06  0.0000000E+00
         1   217     10  0.2221209E-04 -0.2006875E-05  0.0000000E+00  0.0000000E+00  0.2827097E-01  0.1000000E-02

         1   218      0  0.0000000E+00  0.0000000E+00  0.0000000E+00  0.0000000E+00  0.0000000E+00  0.0000000E+00
         1   218      1  0.0000000E+00  0.0000000E+00  0.0000000E+00  0.0000000E+00  0.0000000E+00  0.0000000E+00
         1   218      2 -0.9146623E-03  0.7484040E-04  0.0000000E+00  0.0000000E+00 -0.3524864E-09  0.0000000E+00
         1   218      3 -0.1371636E-02  0.1122218E-03  0.0000000E+00  0.0000000E+00 -0.3979889E-07  0.0000000E+00
         1   218      4 -0.1828373E-02  0.1495775E-03  0.0000000E+00  0.0000000E+00 -0.1054513E-06  0.0000000E+00
         1   218      5 -0.2284873E-02  0.1869074E-03  0.0000000E+00  0.0000000E+00 -0.1973294E-06  0.0000000E+00
         1   218      6 -0.2741136E-02  0.2242118E-03  0.0000000E+00  0.0000000E+00 -0.3154532E-06  0.0000000E+00
         1   218      7 -0.3197164E-02  0.2614905E-03  0.0000000E+00  0.0000000E+00 -0.4598428E-06  0.0000000E+00
         1   218      8 -0.3652956E-02  0.2987438E-03  0.0000000E+00  0.0000000E+00 -0.6305186E-06  0.0000000E+00
         1   218      9 -0.4108513E-02  0.3359717E-03  0.0000000E+00  0.0000000E+00 -0.8275013E-06  0.0000000E+00
         1   218     10  0.2171065E-04 -0.2006875E-05  0.0000000E+00  0.0000000E+00  0.2832039E-01  0.1000000E-02

         1   219      0  0.0000000E+00  0.0000000E+00  0.0000000E+00  0.0000000E+00  0.0000000E+00  0.0000000E+00
         1   219      1  0.0000000E+00  0.0000000E+00  0.0000000E+00  0.0000000E+00  0.0000000E+00  0.0000000E+00
         1   219      2 -0.9034362E-03  0.7484040E-04  0.0000000E+00  0.0000000E+00 -0.5857078E-09  0.0000000E+00
         1   219      3 -0.1354803E-02  0.1122218E-03  0.0000000E+00  0.0000000E+00 -0.4032328E-07  0.0000000E+00
         1   219      4 -0.1805936E-02  0.1495775E-03  0.0000000E+00  0.0000000E+00 -0.1063829E-06  0.0000000E+00
         1   219      5 -0.2256837E-02  0.1869074E-03  0.0000000E+00  0.0000000E+00 -0.1987841E-06  0.0000000E+00
         1   219      6 -0.2707504E-02  0.2242118E-03  0.0000000E+00  0.0000000E+00 -0.3175464E-06  0.0000000E+00
         1   219      7 -0.3157940E-02  0.2614905E-03  0.0000000E+00  0.0000000E+00 -0.4626899E-06  0.0000000E+00
         1   219      8 -0.3608144E-02  0.2987438E-03  0.0000000E+00  0.0000000E+00 -0.6342348E-06  0.0000000E+00
         1   219      9 -0.4058118E-02  0.3359717E-03  0.0000000E+00  0.0000000E+00 -0.8322013E-06  0.0000000E+00
         1   219     10  0.2140978E-04 -0.2006875E-05  0.0000000E+00  0.0000000E+00  0.2835005E-01  0.1000000E-02

         1   220      0  0.0000000E+00  0.0000000E+00  0.0000000E+00  0.0000000E+00  0.0000000E+00  0.0000000E+00
         1   220      1  0.0000000E+00  0.0000000E+00  0.0000000E+00  0.0000000E+00  0.0000000E+00  0.0000000E+00
         1   220      2 -0.8847261E-03  0.7484040E-04  0.0000000E+00  0.0000000E+00 -0.9744101E-09  0.0000000E+00
         1   220      3 -0.1326748E-02  0.1122218E-03  0.0000000E+00  0.0000000E+00 -0.4119726E-07  0.0000000E+00
         1   220      4 -0.1768542E-02  0.1495775E-03  0.0000000E+00  0.0000000E+00 -0.1079356E-06  0.0000000E+00
         1   220      5 -0.2210110E-02  0.1869074E-03  0.0000000E+00  0.0000000E+00 -0.2012084E-06  0.0000000E+00
         1   220      6 -0.2651451E-02  0.2242118E-03  0.0000000E+00  0.0000000E+00 -0.3210351E-06  0.0000000E+00
         1   220      7 -0.3092567E-02  0.2614905E-03  0.0000000E+00  0.0000000E+00 -0.4674352E-06  0.0000000E+00
         1   220      8 -0.3533458E-02  0.2987438E-03  0.0000000E+00  0.0000000E+00 -0.6404284E-06  0.0000000E+00
         1   220      9 -0.3974125E-02  0.3359717E-03  0.0000000E+00  0.0000000E+00 -0.8400347E-06  0.0000000E+00
         1   220     10  0.2090834E-04 -0.2006875E-05  0.0000000E+00  0.0000000E+00  0.2839947E-01  0.1000000E-02

         1   221      0  0.0000000E+00  0.0000000E+00  0.0000000E+00  0.0000000E+00  0.0000000E+00  0.0000000E+00
         1   221      1  0.0000000E+00  0.0000000E+00  0.0000000E+00  0.0000000E+00  0.0000000E+00  0.0000000E+00
         1   221      2 -0.5340989E-03  0.7484040E-04  0.0000000E+00  0.0000000E+00 -0.8258692E-08  0.0000000E+00
         1   221      3 -0.8009884E-03  0.1122218E-03  0.0000000E+00  0.0000000E+00 -0.5757557E-07  0.0000000E+00
         1   221      4 -0.1067772E-02  0.1495775E-03  0.0000000E+00  0.0000000E+00 -0.1370325E-06  0.0000000E+00
         1   221      5 -0.1334448E-02  0.1869074E-03  0.0000000E+00  0.0000000E+00 -0.2466410E-06  0.0000000E+00
         1   221      6 -0.1601019E-02  0.2242118E-03  0.0000000E+00  0.0000000E+00 -0.3864131E-06  0.0000000E+00
         1   221      7 -0.1867484E-02  0.2614905E-03  0.0000000E+00  0.0000000E+00 -0.5563607E-06  0.0000000E+00
         1   221      8 -0.2133843E-02  0.2987438E-03  0.0000000E+00  0.0000000E+00 -0.7564963E-06  0.0000000E+00
         1   221      9 -0.2400097E-02  0.3359717E-03  0.0000000E+00  0.0000000E+00 -0.9868326E-06  0.0000000E+00
         1   221     10  0.1151135E-04 -0.2006875E-05  0.0000000E+00  0.0000000E+00  0.2932569E-01  0.1000000E-02

         1   222      0  0.0000000E+00  0.0000000E+00  0.0000000E+00  0.0000000E+00  0.0000000E+00  0.0000000E+00
         1   222      1  0.0000000E+00  0.0000000E+00  0.0000000E+00  0.0000000E+00  0.0000000E+00  0.0000000E+00
         1   222      2 -0.5153888E-03  0.7484040E-04  0.0000000E+00  0.0000000E+00 -0.8647394E-08  0.0000000E+00
         1   222      3 -0.7729329E-03  0.1122218E-03  0.0000000E+00  0.0000000E+00 -0.5844954E-07  0.0000000E+00
         1   222      4 -0.1030377E-02  0.1495775E-03  0.0000000E+00  0.0000000E+00 -0.1385851E-06  0.0000000E+00
         1   222      5 -0.1287722E-02  0.1869074E-03  0.0000000E+00  0.0000000E+00 -0.2490654E-06  0.0000000E+00
         1   222      6 -0.1544966E-02  0.2242118E-03  0.0000000E+00  0.0000000E+00 -0.3899017E-06  0.0000000E+00
         1   222      7 -0.1802112E-02  0.2614905E-03  0.0000000E+00  0.0000000E+00 -0.5611059E-06  0.0000000E+00
         1   222      8 -0.2059158E-02  0.2987438E-03  0.0000000E+00  0.0000000E+00 -0.7626899E-06  0.0000000E+00
         1   222      9 -0.2316104E-02  0.3359717E-03  0.0000000E+00  0.0000000E+00 -0.9946660E-06  0.0000000E+00
         1   222     10  0.1100991E-04 -0.2006875E-05  0.0000000E+00  0.0000000E+00  0.2937512E-01  0.1000000E-02

         1   223      0  0.0000000E+00  0.0000000E+00  0.0000000E+00  0.0000000E+00  0.0000000E+00  0.0000000E+00
         1   223      1  0.0000000E+00  0.0000000E+00  0.0000000E+00  0.0000000E+00  0.0000000E+00  0.0000000E+00
         1   223      2 -0.5041627E-03  0.7484040E-04  0.0000000E+00  0.0000000E+00 -0.8880615E-08  0.0000000E+00
         1   223      3 -0.7560996E-03  0.1122218E-03  0.0000000E+00  0.0000000E+00 -0.5897393E-07  0.0000000E+00
         1   223      4 -0.1007941E-02  0.1495775E-03  0.0000000E+00  0.0000000E+00 -0.1395167E-06  0.0000000E+00
         1   223      5 -0.1259685E-02  0.1869074E-03  0.0000000E+00  0.0000000E+00 -0.2505200E-06  0.0000000E+00
         1   223      6 -0.1511335E-02  0.2242118E-03  0.0000000E+00  0.0000000E+00 -0.3919950E-06  0.0000000E+00
         1   223      7 -0.1762888E-02  0.2614905E-03  0.0000000E+00  0.0000000E+00 -0.5639531E-06  0.0000000E+00
         1   223      8 -0.2014346E-02  0.2987438E-03  0.0000000E+00  0.0000000E+00 -0.7664061E-06  0.0000000E+00
         1   223      9 -0.2265708E-02  0.3359717E-03  0.0000000E+00  0.0000000E+00 -0.9993661E-06  0.0000000E+00
         1   223     10  0.1070905E-04 -0.2006875E-05  0.0000000E+00  0.0000000E+00  0.2940477E-01  0.1000000E-02

         1   224      0  0.0000000E+00  0.0000000E+00  0.0000000E+00  0.0000000E+00  0.0000000E+00  0.0000000E+00
         1   224      1  0.0000000E+00  0.0000000E+00  0.0000000E+00  0.0000000E+00  0.0000000E+00  0.0000000E+00
         1   224      2 -0.4854526E-03  0.7484040E-04  0.0000000E+00  0.0000000E+00 -0.9269318E-08  0.0000000E+00
         1   224      3 -0.7280442E-03  0.1122218E-03  0.0000000E+00  0.0000000E+00 -0.5984790E-07  0.0000000E+00
         1   224      4 -0.9705461E-03  0.1495775E-03  0.0000000E+00  0.0000000E+00 -0.1410694E-06  0.0000000E+00
         1   224      5 -0.1212959E-02  0.1869074E-03  0.0000000E+00  0.0000000E+00 -0.2529444E-06  0.0000000E+00
         1   224      6 -0.1455282E-02  0.2242118E-03  0.0000000E+00  0.0000000E+00 -0.3954836E-06  0.0000000E+00
         1   224      7 -0.1697515E-02  0.2614905E-03  0.0000000E+00  0.0000000E+00 -0.5686983E-06  0.0000000E+00
         1   224      8 -0.1939660E-02  0.2987438E-03  0.0000000E+00  0.0000000E+00 -0.7725997E-06  0.0000000E+00
         1   224      9 -0.2181716E-02  0.3359717E-03  0.0000000E+00  0.0000000E+00 -0.1007199E-05  0.0000000E+00
         1   224     10  0.1020760E-04 -0.2006875E-05  0.0000000E+00  0.0000000E+00  0.2945420E-01  0.1000000E-02

         1   225      0  0.0000000E+00  0.0000000E+00  0.0000000E+00  0.0000000E+00  0.0000000E+00  0.0000000E+00
         1   225      1  0.0000000E+00  0.0000000E+00  0.0000000E+00  0.0000000E+00  0.0000000E+00  0.0000000E+00
         1   225      2 -0.4580976E-03  0.3496594E-04  0.0000000E+00  0.0000000E+00 -0.6361763E-08  0.0000000E+00
         1   225      3 -0.6870284E-03  0.5242082E-04  0.0000000E+00  0.0000000E+00 -0.5330782E-07  0.0000000E+00
         1   225      4 -0.9158806E-03  0.6985703E-04  0.0000000E+00  0.0000000E+00 -0.1294460E-06  0.0000000E+00
         1   225      5 -0.1144654E-02  0.8727465E-04  0.0000000E+00  0.0000000E+00 -0.2347881E-06  0.0000000E+00
         1   225      6 -0.1373350E-02  0.1046737E-03  0.0000000E+00  0.0000000E+00 -0.3693462E-06  0.0000000E+00
         1   225      7 -0.1601967E-02  0.1220544E-03  0.0000000E+00  0.0000000E+00 -0.5331327E-06  0.0000000E+00
         1   225      8 -0.1830505E-02  0.1394166E-03  0.0000000E+00  0.0000000E+00 -0.7261603E-06  0.0000000E+00
         1   225      9 -0.2058966E-02  0.1567604E-03  0.0000000E+00  0.0000000E+00 -0.9484418E-06  0.0000000E+00
         1   225     10  0.9414643E-05 -0.1177931E-05  0.0000000E+00  0.0000000E+00  0.2955305E-01  0.1000000E-02

         1   226      0  0.0000000E+00  0.0000000E+00  0.0000000E+00  0.0000000E+00  0.0000000E+00  0.0000000E+00
         1   226      1  0.0000000E+00  0.0000000E+00  0.0000000E+00  0.0000000E+00  0.0000000E+00  0.0000000E+00
         1   226      2 -0.4489812E-03  0.1611866E-05  0.0000000E+00  0.0000000E+00 -0.3733255E-08  0.0000000E+00
         1   226      3 -0.6733657E-03  0.2397939E-05  0.0000000E+00  0.0000000E+00 -0.4739548E-07  0.0000000E+00
         1   226      4 -0.8976795E-03  0.3170846E-05  0.0000000E+00  0.0000000E+00 -0.1189384E-06  0.0000000E+00
         1   226      5 -0.1121923E-02  0.3930639E-05  0.0000000E+00  0.0000000E+00 -0.2183749E-06  0.0000000E+00
         1   226      6 -0.1346096E-02  0.4677375E-05  0.0000000E+00  0.0000000E+00 -0.3457184E-06  0.0000000E+00
         1   226      7 -0.1570198E-02  0.5411107E-05  0.0000000E+00  0.0000000E+00 -0.5009825E-06  0.0000000E+00
         1   226      8 -0.1794230E-02  0.6131891E-05  0.0000000E+00  0.0000000E+00 -0.6841809E-06  0.0000000E+00
         1   226      9 -0.2018191E-02  0.6839781E-05  0.0000000E+00  0.0000000E+00 -0.8953278E-06  0.0000000E+00
         1   226     10  0.8996382E-05 -0.5011805E-06  0.0000000E+00  0.0000000E+00  0.2965190E-01  0.1000000E-02

         1   227      0  0.0000000E+00  0.0000000E+00  0.0000000E+00  0.0000000E+00  0.0000000E+00  0.0000000E+00
         1   227      1  0.0000000E+00  0.0000000E+00  0.0000000E+00  0.0000000E+00  0.0000000E+00  0.0000000E+00
         1   227      2 -0.4485782E-03  0.1611866E-05  0.0000000E+00  0.0000000E+00 -0.3733436E-08  0.0000000E+00
         1   227      3 -0.6727662E-03  0.2397939E-05  0.0000000E+00  0.0000000E+00 -0.4739588E-07  0.0000000E+00
         1   227      4 -0.8968868E-03  0.3170846E-05  0.0000000E+00  0.0000000E+00 -0.1189391E-06  0.0000000E+00
         1   227      5 -0.1120940E-02  0.3930639E-05  0.0000000E+00  0.0000000E+00 -0.2183760E-06  0.0000000E+00
         1   227      6 -0.1344926E-02  0.4677375E-05  0.0000000E+00  0.0000000E+00 -0.3457200E-06  0.0000000E+00
         1   227      7 -0.1568845E-02  0.5411107E-05  0.0000000E+00  0.0000000E+00 -0.5009845E-06  0.0000000E+00
         1   227      8 -0.1792697E-02  0.6131891E-05  0.0000000E+00  0.0000000E+00 -0.6841835E-06  0.0000000E+00
         1   227      9 -0.2016481E-02  0.6839781E-05  0.0000000E+00  0.0000000E+00 -0.8953310E-06  0.0000000E+00
         1   227     10  0.8871156E-05 -0.5011805E-06  0.0000000E+00  0.0000000E+00  0.2970132E-01  0.1000000E-02

         1   228      0  0.0000000E+00  0.0000000E+00  0.0000000E+00  0.0000000E+00  0.0000000E+00  0.0000000E+00
         1   228      1  0.0000000E+00  0.0000000E+00  0.0000000E+00  0.0000000E+00  0.0000000E+00  0.0000000E+00
         1   228      2 -0.4483364E-03  0.1611866E-05  0.0000000E+00  0.0000000E+00 -0.3733544E-08  0.0000000E+00
         1   228      3 -0.6724065E-03  0.2397939E-05  0.0000000E+00  0.0000000E+00 -0.4739612E-07  0.0000000E+00
         1   228      4 -0.8964112E-03  0.3170846E-05  0.0000000E+00  0.0000000E+00 -0.1189395E-06  0.0000000E+00
         1   228      5 -0.1120351E-02  0.3930639E-05  0.0000000E+00  0.0000000E+00 -0.2183766E-06  0.0000000E+00
         1   228      6 -0.1344225E-02  0.4677375E-05  0.0000000E+00  0.0000000E+00 -0.3457209E-06  0.0000000E+00
         1   228      7 -0.1568033E-02  0.5411107E-05  0.0000000E+00  0.0000000E+00 -0.5009858E-06  0.0000000E+00
         1   228      8 -0.1791777E-02  0.6131891E-05  0.0000000E+00  0.0000000E+00 -0.6841851E-06  0.0000000E+00
         1   228      9 -0.2015455E-02  0.6839781E-05  0.0000000E+00  0.0000000E+00 -0.8953330E-06  0.0000000E+00
         1   228     10  0.8796021E-05 -0.5011805E-06  0.0000000E+00  0.0000000E+00  0.2973097E-01  0.1000000E-02

         1   229      0  0.0000000E+00  0.0000000E+00  0.0000000E+00  0.0000000E+00  0.0000000E+00  0.0000000E+00
         1   229      1  0.0000000E+00  0.0000000E+00  0.0000000E+00  0.0000000E+00  0.0000000E+00  0.0000000E+00
         1   229      2 -0.4479334E-03  0.1611866E-05  0.0000000E+00  0.0000000E+00 -0.3733724E-08  0.0000000E+00
         1   229      3 -0.6718070E-03  0.2397939E-05  0.0000000E+00  0.0000000E+00 -0.4739652E-07  0.0000000E+00
         1   229      4 -0.8956185E-03  0.3170846E-05  0.0000000E+00  0.0000000E+00 -0.1189402E-06  0.0000000E+00
         1   229      5 -0.1119368E-02  0.3930639E-05  0.0000000E+00  0.0000000E+00 -0.2183777E-06  0.0000000E+00
         1   229      6 -0.1343055E-02  0.4677375E-05  0.0000000E+00  0.0000000E+00 -0.3457224E-06  0.0000000E+00
         1   229      7 -0.1566681E-02  0.5411107E-05  0.0000000E+00  0.0000000E+00 -0.5009878E-06  0.0000000E+00
         1   229      8 -0.1790244E-02  0.6131891E-05  0.0000000E+00  0.0000000E+00 -0.6841877E-06  0.0000000E+00
         1   229      9 -0.2013745E-02  0.6839781E-05  0.0000000E+00  0.0000000E+00 -0.8953362E-06  0.0000000E+00
         1   229     10  0.8670795E-05 -0.5011805E-06  0.0000000E+00  0.0000000E+00  0.2978040E-01  0.1000000E-02

         1   230      0  0.0000000E+00  0.0000000E+00  0.0000000E+00  0.0000000E+00  0.0000000E+00  0.0000000E+00
         1   230      1  0.0000000E+00  0.0000000E+00  0.0000000E+00  0.0000000E+00  0.0000000E+00  0.0000000E+00
         1   230      2 -0.4346207E-03  0.4059108E-05  0.0000000E+00  0.0000000E+00  0.5065209E-04  0.0000000E+00
         1   230      3 -0.6519320E-03  0.6068540E-05  0.0000000E+00  0.0000000E+00  0.7593068E-04  0.0000000E+00
         1   230      4 -0.8692436E-03  0.8064629E-05  0.0000000E+00  0.0000000E+00  0.1011776E-03  0.0000000E+00
         1   230      5 -0.1086555E-02  0.1004743E-04  0.0000000E+00  0.0000000E+00  0.1263928E-03  0.0000000E+00
         1   230      6 -0.1303867E-02  0.1201699E-04  0.0000000E+00  0.0000000E+00  0.1515764E-03  0.0000000E+00
         1   230      7 -0.1521178E-02  0.1397338E-04  0.0000000E+00  0.0000000E+00  0.1767281E-03  0.0000000E+00
         1   230      8 -0.1738488E-02  0.1591663E-04  0.0000000E+00  0.0000000E+00  0.2018481E-03  0.0000000E+00
         1   230      9 -0.1955798E-02  0.1784682E-04  0.0000000E+00  0.0000000E+00  0.2269363E-03  0.0000000E+00
         1   230     10  0.2737061E-03  0.1134606E-03  0.0000000E+00  0.0000000E+00  0.3069555E-01  0.1000000E-02

         1   231      0  0.0000000E+00  0.0000000E+00  0.0000000E+00  0.0000000E+00  0.0000000E+00  0.0000000E+00
         1   231      1  0.0000000E+00  0.0000000E+00  0.0000000E+00  0.0000000E+00  0.0000000E+00  0.0000000E+00
         1   231      2 -0.4336060E-03  0.4059108E-05  0.0000000E+00  0.0000000E+00  0.5065209E-04  0.0000000E+00
         1   231      3 -0.6504149E-03  0.6068540E-05  0.0000000E+00  0.0000000E+00  0.7593068E-04  0.0000000E+00
         1   231      4 -0.8672274E-03  0.8064629E-05  0.0000000E+00  0.0000000E+00  0.1011776E-03  0.0000000E+00
         1   231      5 -0.1084043E-02  0.1004743E-04  0.0000000E+00  0.0000000E+00  0.1263928E-03  0.0000000E+00
         1   231      6 -0.1300863E-02  0.1201699E-04  0.0000000E+00  0.0000000E+00  0.1515763E-03  0.0000000E+00
         1   231      7 -0.1517685E-02  0.1397338E-04  0.0000000E+00  0.0000000E+00  0.1767281E-03  0.0000000E+00
         1   231      8 -0.1734509E-02  0.1591663E-04  0.0000000E+00  0.0000000E+00  0.2018481E-03  0.0000000E+00
         1   231      9 -0.1951336E-02  0.1784682E-04  0.0000000E+00  0.0000000E+00  0.2269363E-03  0.0000000E+00
         1   231     10  0.3020555E-03  0.1134606E-03  0.0000000E+00  0.0000000E+00  0.3074497E-01  0.1000000E-02

         1   232      0  0.0000000E+00  0.0000000E+00  0.0000000E+00  0.0000000E+00  0.0000000E+00  0.0000000E+00
         1   232      1  0.0000000E+00  0.0000000E+00  0.0000000E+00  0.0000000E+00  0.0000000E+00  0.0000000E+00
         1   232      2 -0.4329971E-03  0.4059108E-05  0.0000000E+00  0.0000000E+00  0.5065209E-04  0.0000000E+00
         1   232      3 -0.6495046E-03  0.6068540E-05  0.0000000E+00  0.0000000E+00  0.7593068E-04  0.0000000E+00
         1   232      4 -0.8660178E-03  0.8064629E-05  0.0000000E+00  0.0000000E+00  0.1011776E-03  0.0000000E+00
         1   232      5 -0.1082536E-02  0.1004743E-04  0.0000000E+00  0.0000000E+00  0.1263928E-03  0.0000000E+00
         1   232      6 -0.1299060E-02  0.1201699E-04  0.0000000E+00  0.0000000E+00  0.1515763E-03  0.0000000E+00
         1   232      7 -0.1515589E-02  0.1397338E-04  0.0000000E+00  0.0000000E+00  0.1767281E-03  0.0000000E+00
         1   232      8 -0.1732122E-02  0.1591663E-04  0.0000000E+00  0.0000000E+00  0.2018481E-03  0.0000000E+00
         1   232      9 -0.1948659E-02  0.1784682E-04  0.0000000E+00  0.0000000E+00  0.2269363E-03  0.0000000E+00
         1   232     10  0.3190652E-03  0.1134606E-03  0.0000000E+00  0.0000000E+00  0.3077462E-01  0.1000000E-02

         1   233      0  0.0000000E+00  0.0000000E+00  0.0000000E+00  0.0000000E+00  0.0000000E+00  0.0000000E+00
         1   233      1  0.0000000E+00  0.0000000E+00  0.0000000E+00  0.0000000E+00  0.0000000E+00  0.0000000E+00
         1   233      2 -0.4319823E-03  0.4059108E-05  0.0000000E+00  0.0000000E+00  0.5065209E-04  0.0000000E+00
         1   233      3 -0.6479875E-03  0.6068540E-05  0.0000000E+00  0.0000000E+00  0.7593068E-04  0.0000000E+00
         1   233      4 -0.8640016E-03  0.8064629E-05  0.0000000E+00  0.0000000E+00  0.1011776E-03  0.0000000E+00
         1   233      5 -0.1080024E-02  0.1004743E-04  0.0000000E+00  0.0000000E+00  0.1263928E-03  0.0000000E+00
         1   233      6 -0.1296056E-02  0.1201699E-04  0.0000000E+00  0.0000000E+00  0.1515763E-03  0.0000000E+00
         1   233      7 -0.1512095E-02  0.1397338E-04  0.0000000E+00  0.0000000E+00  0.1767281E-03  0.0000000E+00
         1   233      8 -0.1728143E-02  0.1591663E-04  0.0000000E+00  0.0000000E+00  0.2018481E-03  0.0000000E+00
         1   233      9 -0.1944198E-02  0.1784682E-04  0.0000000E+00  0.0000000E+00  0.2269363E-03  0.0000000E+00
         1   233     10  0.3474146E-03  0.1134606E-03  0.0000000E+00  0.0000000E+00  0.3082405E-01  0.1000000E-02

         1   234      0  0.0000000E+00  0.0000000E+00  0.0000000E+00  0.0000000E+00  0.0000000E+00  0.0000000E+00
         1   234      1  0.0000000E+00  0.0000000E+00  0.0000000E+00  0.0000000E+00  0.0000000E+00  0.0000000E+00
         1   234      2 -0.4212576E-03  0.3869494E-04  0.0000000E+00  0.0000000E+00  0.5064937E-04  0.0000000E+00
         1   234      3 -0.6319101E-03  0.5802382E-04  0.0000000E+00  0.0000000E+00  0.7592456E-04  0.0000000E+00
         1   234      4 -0.8425781E-03  0.7734035E-04  0.0000000E+00  0.0000000E+00  0.1011667E-03  0.0000000E+00
         1   234      5 -0.1053261E-02  0.9664456E-04  0.0000000E+00  0.0000000E+00  0.1263758E-03  0.0000000E+00
         1   234      6 -0.1263959E-02  0.1159365E-03  0.0000000E+00  0.0000000E+00  0.1515518E-03  0.0000000E+00
         1   234      7 -0.1474672E-02  0.1352161E-03  0.0000000E+00  0.0000000E+00  0.1766948E-03  0.0000000E+00
         1   234      8 -0.1685398E-02  0.1544836E-03  0.0000000E+00  0.0000000E+00  0.2018046E-03  0.0000000E+00
         1   234      9 -0.1896139E-02  0.1737388E-03  0.0000000E+00  0.0000000E+00  0.2268812E-03  0.0000000E+00
         1   234     10  0.3967347E-03  0.8326396E-04  0.0000000E+00  0.0000000E+00  0.3092289E-01  0.1000000E-02

         1   235      0  0.0000000E+00  0.0000000E+00  0.0000000E+00  0.0000000E+00  0.0000000E+00  0.0000000E+00
         1   235      1  0.0000000E+00  0.0000000E+00  0.0000000E+00  0.0000000E+00  0.0000000E+00  0.0000000E+00
         1   235      2 -0.3935478E-03  0.7177059E-04  0.0000000E+00  0.0000000E+00  0.5064652E-04  0.0000000E+00
         1   235      3 -0.5903541E-03  0.1076396E-03  0.0000000E+00  0.0000000E+00  0.7591815E-04  0.0000000E+00
         1   235      4 -0.7871817E-03  0.1434977E-03  0.0000000E+00  0.0000000E+00  0.1011553E-03  0.0000000E+00
         1   235      5 -0.9840302E-03  0.1793450E-03  0.0000000E+00  0.0000000E+00  0.1263580E-03  0.0000000E+00
         1   235      6 -0.1180899E-02  0.2151814E-03  0.0000000E+00  0.0000000E+00  0.1515262E-03  0.0000000E+00
         1   235      7 -0.1377789E-02  0.2510070E-03  0.0000000E+00  0.0000000E+00  0.1766599E-03  0.0000000E+00
         1   235      8 -0.1574698E-02  0.2868217E-03  0.0000000E+00  0.0000000E+00  0.2017590E-03  0.0000000E+00
         1   235      9 -0.1771628E-02  0.3226256E-03  0.0000000E+00  0.0000000E+00  0.2268235E-03  0.0000000E+00
         1   235     10  0.4300729E-03  0.4971316E-04  0.0000000E+00  0.0000000E+00  0.3102174E-01  0.1000000E-02

         1   236      0  0.0000000E+00  0.0000000E+00  0.0000000E+00  0.0000000E+00  0.0000000E+00  0.0000000E+00
         1   236      1  0.0000000E+00  0.0000000E+00  0.0000000E+00  0.0000000E+00  0.0000000E+00  0.0000000E+00
         1   236      2 -0.3756051E-03  0.7177059E-04  0.0000000E+00  0.0000000E+00  0.5064616E-04  0.0000000E+00
         1   236      3 -0.5634442E-03  0.1076396E-03  0.0000000E+00  0.0000000E+00  0.7591734E-04  0.0000000E+00
         1   236      4 -0.7513073E-03  0.1434977E-03  0.0000000E+00  0.0000000E+00  0.1011539E-03  0.0000000E+00
         1   236      5 -0.9391940E-03  0.1793450E-03  0.0000000E+00  0.0000000E+00  0.1263558E-03  0.0000000E+00
         1   236      6 -0.1127104E-02  0.2151814E-03  0.0000000E+00  0.0000000E+00  0.1515230E-03  0.0000000E+00
         1   236      7 -0.1315037E-02  0.2510070E-03  0.0000000E+00  0.0000000E+00  0.1766555E-03  0.0000000E+00
         1   236      8 -0.1502993E-02  0.2868217E-03  0.0000000E+00  0.0000000E+00  0.2017533E-03  0.0000000E+00
         1   236      9 -0.1690971E-02  0.3226256E-03  0.0000000E+00  0.0000000E+00  0.2268163E-03  0.0000000E+00
         1   236     10  0.4424943E-03  0.4971316E-04  0.0000000E+00  0.0000000E+00  0.3107117E-01  0.1000000E-02

         1   237      0  0.0000000E+00  0.0000000E+00  0.0000000E+00  0.0000000E+00  0.0000000E+00  0.0000000E+00
         1   237      1  0.0000000E+00  0.0000000E+00  0.0000000E+00  0.0000000E+00  0.0000000E+00  0.0000000E+00
         1   237      2 -0.3648395E-03  0.7177059E-04  0.0000000E+00  0.0000000E+00  0.5064595E-04  0.0000000E+00
         1   237      3 -0.5472983E-03  0.1076396E-03  0.0000000E+00  0.0000000E+00  0.7591686E-04  0.0000000E+00
         1   237      4 -0.7297826E-03  0.1434977E-03  0.0000000E+00  0.0000000E+00  0.1011530E-03  0.0000000E+00
         1   237      5 -0.9122922E-03  0.1793450E-03  0.0000000E+00  0.0000000E+00  0.1263544E-03  0.0000000E+00
         1   237      6 -0.1094827E-02  0.2151814E-03  0.0000000E+00  0.0000000E+00  0.1515211E-03  0.0000000E+00
         1   237      7 -0.1277386E-02  0.2510070E-03  0.0000000E+00  0.0000000E+00  0.1766529E-03  0.0000000E+00
         1   237      8 -0.1459970E-02  0.2868217E-03  0.0000000E+00  0.0000000E+00  0.2017498E-03  0.0000000E+00
         1   237      9 -0.1642578E-02  0.3226256E-03  0.0000000E+00  0.0000000E+00  0.2268119E-03  0.0000000E+00
         1   237     10  0.4499471E-03  0.4971316E-04  0.0000000E+00  0.0000000E+00  0.3110082E-01  0.1000000E-02

         1   238      0  0.0000000E+00  0.0000000E+00  0.0000000E+00  0.0000000E+00  0.0000000E+00  0.0000000E+00
         1   238      1  0.0000000E+00  0.0000000E+00  0.0000000E+00  0.0000000E+00  0.0000000E+00  0.0000000E+00
         1   238      2 -0.3468969E-03  0.7177059E-04  0.0000000E+00  0.0000000E+00  0.5064559E-04  0.0000000E+00
         1   238      3 -0.5203884E-03  0.1076396E-03  0.0000000E+00  0.0000000E+00  0.7591605E-04  0.0000000E+00
         1   238      4 -0.6939082E-03  0.1434977E-03  0.0000000E+00  0.0000000E+00  0.1011516E-03  0.0000000E+00
         1   238      5 -0.8674560E-03  0.1793450E-03  0.0000000E+00  0.0000000E+00  0.1263522E-03  0.0000000E+00
         1   238      6 -0.1041031E-02  0.2151814E-03  0.0000000E+00  0.0000000E+00  0.1515178E-03  0.0000000E+00
         1   238      7 -0.1214634E-02  0.2510070E-03  0.0000000E+00  0.0000000E+00  0.1766485E-03  0.0000000E+00
         1   238      8 -0.1388264E-02  0.2868217E-03  0.0000000E+00  0.0000000E+00  0.2017441E-03  0.0000000E+00
         1   238      9 -0.1561921E-02  0.3226256E-03  0.0000000E+00  0.0000000E+00  0.2268047E-03  0.0000000E+00
         1   238     10  0.4623685E-03  0.4971316E-04  0.0000000E+00  0.0000000E+00  0.3115024E-01  0.1000000E-02

         1   239      0  0.0000000E+00  0.0000000E+00  0.0000000E+00  0.0000000E+00  0.0000000E+00  0.0000000E+00
         1   239      1  0.0000000E+00  0.0000000E+00  0.0000000E+00  0.0000000E+00  0.0000000E+00  0.0000000E+00
         1   239      2 -0.7620309E-05  0.7275298E-04  0.0000000E+00  0.0000000E+00  0.7098706E-04  0.0000000E+00
         1   239      3 -0.1155261E-04  0.1091131E-03  0.0000000E+00  0.0000000E+00  0.1064326E-03  0.0000000E+00
         1   239      4 -0.1556590E-04  0.1454624E-03  0.0000000E+00  0.0000000E+00  0.1418460E-03  0.0000000E+00
         1   239      5 -0.1965983E-04  0.1818007E-03  0.0000000E+00  0.0000000E+00  0.1772273E-03  0.0000000E+00
         1   239      6 -0.2383406E-04  0.2181282E-03  0.0000000E+00  0.0000000E+00  0.2125764E-03  0.0000000E+00
         1   239      7 -0.2808825E-04  0.2544449E-03  0.0000000E+00  0.0000000E+00  0.2478932E-03  0.0000000E+00
         1   239      8 -0.3242208E-04  0.2907506E-03  0.0000000E+00  0.0000000E+00  0.2831778E-03  0.0000000E+00
         1   239      9 -0.3683518E-04  0.3270455E-03  0.0000000E+00  0.0000000E+00  0.3184299E-03  0.0000000E+00
         1   239     10  0.9556689E-03  0.1605276E-03  0.0000000E+00  0.0000000E+00  0.3200025E-01  0.1000000E-02

         1   240      0  0.0000000E+00  0.0000000E+00  0.0000000E+00  0.0000000E+00  0.0000000E+00  0.0000000E+00
         1   240      1  0.0000000E+00  0.0000000E+00  0.0000000E+00  0.0000000E+00  0.0000000E+00  0.0000000E+00
         1   240      2  0.1056794E-04  0.7275298E-04  0.0000000E+00  0.0000000E+00  0.7098669E-04  0.0000000E+00
         1   240      3  0.1572567E-04  0.1091131E-03  0.0000000E+00  0.0000000E+00  0.1064318E-03  0.0000000E+00
         1   240      4  0.2079969E-04  0.1454624E-03  0.0000000E+00  0.0000000E+00  0.1418446E-03  0.0000000E+00
         1   240      5  0.2579036E-04  0.1818007E-03  0.0000000E+00  0.0000000E+00  0.1772250E-03  0.0000000E+00
         1   240      6  0.3069800E-04  0.2181282E-03  0.0000000E+00  0.0000000E+00  0.2125731E-03  0.0000000E+00
         1   240      7  0.3552297E-04  0.2544449E-03  0.0000000E+00  0.0000000E+00  0.2478888E-03  0.0000000E+00
         1   240      8  0.4026559E-04  0.2907506E-03  0.0000000E+00  0.0000000E+00  0.2831719E-03  0.0000000E+00
         1   240      9  0.4492621E-04  0.3270455E-03  0.0000000E+00  0.0000000E+00  0.3184225E-03  0.0000000E+00
         1   240     10  0.9957785E-03  0.1605276E-03  0.0000000E+00  0.0000000E+00  0.3204968E-01  0.1000000E-02

         1   241      0  0.0000000E+00  0.0000000E+00  0.0000000E+00  0.0000000E+00  0.0000000E+00  0.0000000E+00
         1   241      1  0.0000000E+00  0.0000000E+00  0.0000000E+00  0.0000000E+00  0.0000000E+00  0.0000000E+00
         1   241      2  0.2148088E-04  0.7275298E-04  0.0000000E+00  0.0000000E+00  0.7098647E-04  0.0000000E+00
         1   241      3  0.3209263E-04  0.1091131E-03  0.0000000E+00  0.0000000E+00  0.1064313E-03  0.0000000E+00
         1   241      4  0.4261905E-04  0.1454624E-03  0.0000000E+00  0.0000000E+00  0.1418437E-03  0.0000000E+00
         1   241      5  0.5306047E-04  0.1818007E-03  0.0000000E+00  0.0000000E+00  0.1772236E-03  0.0000000E+00
         1   241      6  0.6341724E-04  0.2181282E-03  0.0000000E+00  0.0000000E+00  0.2125711E-03  0.0000000E+00
         1   241      7  0.7368970E-04  0.2544449E-03  0.0000000E+00  0.0000000E+00  0.2478861E-03  0.0000000E+00
         1   241      8  0.8387818E-04  0.2907506E-03  0.0000000E+00  0.0000000E+00  0.2831684E-03  0.0000000E+00
         1   241      9  0.9398305E-04  0.3270455E-03  0.0000000E+00  0.0000000E+00  0.3184180E-03  0.0000000E+00
         1   241     10  0.1019844E-02  0.1605276E-03  0.0000000E+00  0.0000000E+00  0.3207933E-01  0.1000000E-02

         1   242      0  0.0000000E+00  0.0000000E+00  0.0000000E+00  0.0000000E+00  0.0000000E+00  0.0000000E+00
         1   242      1  0.0000000E+00  0.0000000E+00  0.0000000E+00  0.0000000E+00  0.0000000E+00  0.0000000E+00
         1   242      2  0.3966913E-04  0.7275298E-04  0.0000000E+00  0.0000000E+00  0.7098611E-04  0.0000000E+00
         1   242      3  0.5937091E-04  0.1091131E-03  0.0000000E+00  0.0000000E+00  0.1064304E-03  0.0000000E+00
         1   242      4  0.7898464E-04  0.1454624E-03  0.0000000E+00  0.0000000E+00  0.1418422E-03  0.0000000E+00
         1   242      5  0.9851066E-04  0.1818007E-03  0.0000000E+00  0.0000000E+00  0.1772214E-03  0.0000000E+00
         1   242      6  0.1179493E-03  0.2181282E-03  0.0000000E+00  0.0000000E+00  0.2125678E-03  0.0000000E+00
         1   242      7  0.1373009E-03  0.2544449E-03  0.0000000E+00  0.0000000E+00  0.2478816E-03  0.0000000E+00
         1   242      8  0.1565658E-03  0.2907506E-03  0.0000000E+00  0.0000000E+00  0.2831625E-03  0.0000000E+00
         1   242      9  0.1757444E-03  0.3270455E-03  0.0000000E+00  0.0000000E+00  0.3184106E-03  0.0000000E+00
         1   242     10  0.1059954E-02  0.1605276E-03  0.0000000E+00  0.0000000E+00  0.3212875E-01  0.1000000E-02

         1   243      0  0.0000000E+00  0.0000000E+00  0.0000000E+00  0.0000000E+00  0.0000000E+00  0.0000000E+00
         1   243      1  0.0000000E+00  0.0000000E+00  0.0000000E+00  0.0000000E+00  0.0000000E+00  0.0000000E+00
         1   243      2  0.7700347E-04  0.7704313E-04  0.0000000E+00  0.0000000E+00  0.7098538E-04  0.0000000E+00
         1   243      3  0.1153618E-03  0.1155382E-03  0.0000000E+00  0.0000000E+00  0.1064288E-03  0.0000000E+00
         1   243      4  0.1536249E-03  0.1540156E-03  0.0000000E+00  0.0000000E+00  0.1418393E-03  0.0000000E+00
         1   243      5  0.1917932E-03  0.1924755E-03  0.0000000E+00  0.0000000E+00  0.1772168E-03  0.0000000E+00
         1   243      6  0.2298670E-03  0.2309178E-03  0.0000000E+00  0.0000000E+00  0.2125613E-03  0.0000000E+00
         1   243      7  0.2678468E-03  0.2693425E-03  0.0000000E+00  0.0000000E+00  0.2478727E-03  0.0000000E+00
         1   243      8  0.3057327E-03  0.3077498E-03  0.0000000E+00  0.0000000E+00  0.2831509E-03  0.0000000E+00
         1   243      9  0.3435253E-03  0.3461396E-03  0.0000000E+00  0.0000000E+00  0.3183959E-03  0.0000000E+00
         1   243     10  0.1160257E-02  0.2421378E-03  0.0000000E+00  0.0000000E+00  0.3222761E-01  0.1000000E-02

         1   244      0  0.0000000E+00  0.0000000E+00  0.0000000E+00  0.0000000E+00  0.0000000E+00  0.0000000E+00
         1   244      1  0.0000000E+00  0.0000000E+00  0.0000000E+00  0.0000000E+00  0.0000000E+00  0.0000000E+00
         1   244      2  0.1171867E-03  0.8418367E-04  0.0000000E+00  0.0000000E+00  0.7098461E-04  0.0000000E+00
         1   244      3  0.1756207E-03  0.1262379E-03  0.0000000E+00  0.0000000E+00  0.1064271E-03  0.0000000E+00
         1   244      4  0.2339488E-03  0.1682671E-03  0.0000000E+00  0.0000000E+00  0.1418362E-03  0.0000000E+00
         1   244      5  0.2921715E-03  0.2102713E-03  0.0000000E+00  0.0000000E+00  0.1772120E-03  0.0000000E+00
         1   244      6  0.3502892E-03  0.2522506E-03  0.0000000E+00  0.0000000E+00  0.2125543E-03  0.0000000E+00
         1   244      7  0.4083022E-03  0.2942051E-03  0.0000000E+00  0.0000000E+00  0.2478632E-03  0.0000000E+00
         1   244      8  0.4662109E-03  0.3361348E-03  0.0000000E+00  0.0000000E+00  0.2831385E-03  0.0000000E+00
         1   244      9  0.5240158E-03  0.3780398E-03  0.0000000E+00  0.0000000E+00  0.3183803E-03  0.0000000E+00
         1   244     10  0.1303446E-02  0.3326983E-03  0.0000000E+00  0.0000000E+00  0.3232647E-01  0.1000000E-02

         1   245      0  0.0000000E+00  0.0000000E+00  0.0000000E+00  0.0000000E+00  0.0000000E+00  0.0000000E+00
         1   245      1  0.0000000E+00  0.0000000E+00  0.0000000E+00  0.0000000E+00  0.0000000E+00  0.0000000E+00
         1   245      2  0.1382327E-03  0.8418367E-04  0.0000000E+00  0.0000000E+00  0.7098411E-04  0.0000000E+00
         1   245      3  0.2071801E-03  0.1262379E-03  0.0000000E+00  0.0000000E+00  0.1064260E-03  0.0000000E+00
         1   245      4  0.2760156E-03  0.1682671E-03  0.0000000E+00  0.0000000E+00  0.1418342E-03  0.0000000E+00
         1   245      5  0.3447393E-03  0.2102713E-03  0.0000000E+00  0.0000000E+00  0.1772089E-03  0.0000000E+00
         1   245      6  0.4133519E-03  0.2522506E-03  0.0000000E+00  0.0000000E+00  0.2125499E-03  0.0000000E+00
         1   245      7  0.4818535E-03  0.2942051E-03  0.0000000E+00  0.0000000E+00  0.2478572E-03  0.0000000E+00
         1   245      8  0.5502447E-03  0.3361348E-03  0.0000000E+00  0.0000000E+00  0.2831307E-03  0.0000000E+00
         1   245      9  0.6185257E-03  0.3780398E-03  0.0000000E+00  0.0000000E+00  0.3183704E-03  0.0000000E+00
         1   245     10  0.1386575E-02  0.3326983E-03  0.0000000E+00  0.0000000E+00  0.3237589E-01  0.1000000E-02

         1   246      0  0.0000000E+00  0.0000000E+00  0.0000000E+00  0.0000000E+00  0.0000000E+00  0.0000000E+00
         1   246      1  0.0000000E+00  0.0000000E+00  0.0000000E+00  0.0000000E+00  0.0000000E+00  0.0000000E+00
         1   246      2  0.1508602E-03  0.8418367E-04  0.0000000E+00  0.0000000E+00  0.7098382E-04  0.0000000E+00
         1   246      3  0.2261158E-03  0.1262379E-03  0.0000000E+00  0.0000000E+00  0.1064253E-03  0.0000000E+00
         1   246      4  0.3012556E-03  0.1682671E-03  0.0000000E+00  0.0000000E+00  0.1418331E-03  0.0000000E+00
         1   246      5  0.3762800E-03  0.2102713E-03  0.0000000E+00  0.0000000E+00  0.1772071E-03  0.0000000E+00
         1   246      6  0.4511894E-03  0.2522506E-03  0.0000000E+00  0.0000000E+00  0.2125473E-03  0.0000000E+00
         1   246      7  0.5259843E-03  0.2942051E-03  0.0000000E+00  0.0000000E+00  0.2478536E-03  0.0000000E+00
         1   246      8  0.6006649E-03  0.3361348E-03  0.0000000E+00  0.0000000E+00  0.2831260E-03  0.0000000E+00
         1   246      9  0.6752317E-03  0.3780398E-03  0.0000000E+00  0.0000000E+00  0.3183644E-03  0.0000000E+00
         1   246     10  0.1436452E-02  0.3326983E-03  0.0000000E+00  0.0000000E+00  0.3240554E-01  0.1000000E-02

         1   247      0  0.0000000E+00  0.0000000E+00  0.0000000E+00  0.0000000E+00  0.0000000E+00  0.0000000E+00
         1   247      1  0.0000000E+00  0.0000000E+00  0.0000000E+00  0.0000000E+00  0.0000000E+00  0.0000000E+00
         1   247      2  0.1719061E-03  0.8418367E-04  0.0000000E+00  0.0000000E+00  0.7098333E-04  0.0000000E+00
         1   247      3  0.2576753E-03  0.1262379E-03  0.0000000E+00  0.0000000E+00  0.1064242E-03  0.0000000E+00
         1   247      4  0.3433224E-03  0.1682671E-03  0.0000000E+00  0.0000000E+00  0.1418311E-03  0.0000000E+00
         1   247      5  0.4288479E-03  0.2102713E-03  0.0000000E+00  0.0000000E+00  0.1772040E-03  0.0000000E+00
         1   247      6  0.5142521E-03  0.2522506E-03  0.0000000E+00  0.0000000E+00  0.2125429E-03  0.0000000E+00
         1   247      7  0.5995355E-03  0.2942051E-03  0.0000000E+00  0.0000000E+00  0.2478476E-03  0.0000000E+00
         1   247      8  0.6846986E-03  0.3361348E-03  0.0000000E+00  0.0000000E+00  0.2831182E-03  0.0000000E+00
         1   247      9  0.7697416E-03  0.3780398E-03  0.0000000E+00  0.0000000E+00  0.3183545E-03  0.0000000E+00
         1   247     10  0.1519580E-02  0.3326983E-03  0.0000000E+00  0.0000000E+00  0.3245496E-01  0.1000000E-02

         1   248      0  0.0000000E+00  0.0000000E+00  0.0000000E+00  0.0000000E+00  0.0000000E+00  0.0000000E+00
         1   248      1  0.0000000E+00  0.0000000E+00  0.0000000E+00  0.0000000E+00  0.0000000E+00  0.0000000E+00
         1   248      2  0.5623866E-03  0.8214666E-04  0.0000000E+00  0.0000000E+00  0.2882748E-04  0.0000000E+00
         1   248      3  0.8432270E-03  0.1231832E-03  0.0000000E+00  0.0000000E+00  0.4321423E-04  0.0000000E+00
         1   248      4  0.1123833E-02  0.1641952E-03  0.0000000E+00  0.0000000E+00  0.5758283E-04  0.0000000E+00
         1   248      5  0.1404205E-02  0.2051829E-03  0.0000000E+00  0.0000000E+00  0.7193318E-04  0.0000000E+00
         1   248      6  0.1684345E-02  0.2461462E-03  0.0000000E+00  0.0000000E+00  0.8626516E-04  0.0000000E+00
         1   248      7  0.1964252E-02  0.2870852E-03  0.0000000E+00  0.0000000E+00  0.1005787E-03  0.0000000E+00
         1   248      8  0.2243927E-02  0.3280000E-03  0.0000000E+00  0.0000000E+00  0.1148736E-03  0.0000000E+00
         1   248      9  0.2523371E-02  0.3688906E-03  0.0000000E+00  0.0000000E+00  0.1291498E-03  0.0000000E+00
         1   248     10  0.3318741E-02  0.4340195E-03  0.0000000E+00  0.0000000E+00  0.3310863E-01  0.1000000E-02

         1   249      0  0.0000000E+00  0.0000000E+00  0.0000000E+00  0.0000000E+00  0.0000000E+00  0.0000000E+00
         1   249      1  0.0000000E+00  0.0000000E+00  0.0000000E+00  0.0000000E+00  0.0000000E+00  0.0000000E+00
         1   249      2  0.5829233E-03  0.8214666E-04  0.0000000E+00  0.0000000E+00  0.2882702E-04  0.0000000E+00
         1   249      3  0.8740228E-03  0.1231832E-03  0.0000000E+00  0.0000000E+00  0.4321318E-04  0.0000000E+00
         1   249      4  0.1164882E-02  0.1641952E-03  0.0000000E+00  0.0000000E+00  0.5758096E-04  0.0000000E+00
         1   249      5  0.1455501E-02  0.2051829E-03  0.0000000E+00  0.0000000E+00  0.7193025E-04  0.0000000E+00
         1   249      6  0.1745881E-02  0.2461462E-03  0.0000000E+00  0.0000000E+00  0.8626095E-04  0.0000000E+00
         1   249      7  0.2036023E-02  0.2870852E-03  0.0000000E+00  0.0000000E+00  0.1005729E-03  0.0000000E+00
         1   249      8  0.2325927E-02  0.3280000E-03  0.0000000E+00  0.0000000E+00  0.1148661E-03  0.0000000E+00
         1   249      9  0.2615594E-02  0.3688906E-03  0.0000000E+00  0.0000000E+00  0.1291403E-03  0.0000000E+00
         1   249     10  0.3427186E-02  0.4340195E-03  0.0000000E+00  0.0000000E+00  0.3315804E-01  0.1000000E-02

         1   250      0  0.0000000E+00  0.0000000E+00  0.0000000E+00  0.0000000E+00  0.0000000E+00  0.0000000E+00
         1   250      1  0.0000000E+00  0.0000000E+00  0.0000000E+00  0.0000000E+00  0.0000000E+00  0.0000000E+00
         1   250      2  0.5952448E-03  0.8214033E-04  0.0000000E+00  0.0000000E+00  0.2882674E-04  0.0000000E+00
         1   250      3  0.8924992E-03  0.1231689E-03  0.0000000E+00  0.0000000E+00  0.4321254E-04  0.0000000E+00
         1   250      4  0.1189509E-02  0.1641699E-03  0.0000000E+00  0.0000000E+00  0.5757984E-04  0.0000000E+00
         1   250      5  0.1486276E-02  0.2051434E-03  0.0000000E+00  0.0000000E+00  0.7192850E-04  0.0000000E+00
         1   250      6  0.1782799E-02  0.2460894E-03  0.0000000E+00  0.0000000E+00  0.8625843E-04  0.0000000E+00
         1   250      7  0.2079080E-02  0.2870079E-03  0.0000000E+00  0.0000000E+00  0.1005695E-03  0.0000000E+00
         1   250      8  0.2375119E-02  0.3278991E-03  0.0000000E+00  0.0000000E+00  0.1148616E-03  0.0000000E+00
         1   250      9  0.2670918E-02  0.3687630E-03  0.0000000E+00  0.0000000E+00  0.1291347E-03  0.0000000E+00
         1   250     10  0.3492237E-02  0.4338010E-03  0.0000000E+00  0.0000000E+00  0.3318769E-01  0.1000000E-02

         1   251      0  0.0000000E+00  0.0000000E+00  0.0000000E+00  0.0000000E+00  0.0000000E+00  0.0000000E+00
         1   251      1  0.0000000E+00  0.0000000E+00  0.0000000E+00  0.0000000E+00  0.0000000E+00  0.0000000E+00
         1   251      2  0.6157799E-03  0.8214033E-04  0.0000000E+00  0.0000000E+00  0.2882627E-04  0.0000000E+00
         1   251      3  0.9232915E-03  0.1231689E-03  0.0000000E+00  0.0000000E+00  0.4321149E-04  0.0000000E+00
         1   251      4  0.1230552E-02  0.1641699E-03  0.0000000E+00  0.0000000E+00  0.5757797E-04  0.0000000E+00
         1   251      5  0.1537561E-02  0.2051434E-03  0.0000000E+00  0.0000000E+00  0.7192558E-04  0.0000000E+00
         1   251      6  0.1844321E-02  0.2460894E-03  0.0000000E+00  0.0000000E+00  0.8625423E-04  0.0000000E+00
         1   251      7  0.2150832E-02  0.2870079E-03  0.0000000E+00  0.0000000E+00  0.1005638E-03  0.0000000E+00
         1   251      8  0.2457094E-02  0.3278991E-03  0.0000000E+00  0.0000000E+00  0.1148542E-03  0.0000000E+00
         1   251      9  0.2763109E-02  0.3687630E-03  0.0000000E+00  0.0000000E+00  0.1291252E-03  0.0000000E+00
         1   251     10  0.3600627E-02  0.4338010E-03  0.0000000E+00  0.0000000E+00  0.3323710E-01  0.1000000E-02

         1   252      0  0.0000000E+00  0.0000000E+00  0.0000000E+00  0.0000000E+00  0.0000000E+00  0.0000000E+00
         1   252      1  0.0000000E+00  0.0000000E+00  0.0000000E+00  0.0000000E+00  0.0000000E+00  0.0000000E+00
         1   252      2  0.6441595E-03  0.3099521E-04  0.0000000E+00  0.0000000E+00  0.2882003E-04  0.0000000E+00
         1   252      3  0.9658479E-03  0.4648252E-04  0.0000000E+00  0.0000000E+00  0.4319746E-04  0.0000000E+00
         1   252      4  0.1287276E-02  0.6196296E-04  0.0000000E+00  0.0000000E+00  0.5755305E-04  0.0000000E+00
         1   252      5  0.1608446E-02  0.7743654E-04  0.0000000E+00  0.0000000E+00  0.7188668E-04  0.0000000E+00
         1   252      6  0.1929356E-02  0.9290327E-04  0.0000000E+00  0.0000000E+00  0.8619825E-04  0.0000000E+00
         1   252      7  0.2250009E-02  0.1083631E-03  0.0000000E+00  0.0000000E+00  0.1004877E-03  0.0000000E+00
         1   252      8  0.2570405E-02  0.1238162E-03  0.0000000E+00  0.0000000E+00  0.1147548E-03  0.0000000E+00
         1   252      9  0.2890545E-02  0.1392624E-03  0.0000000E+00  0.0000000E+00  0.1289996E-03  0.0000000E+00
         1   252     10  0.3743426E-02  0.1357884E-03  0.0000000E+00  0.0000000E+00  0.3333574E-01  0.1000000E-02

         1   253      0  0.0000000E+00  0.0000000E+00  0.0000000E+00  0.0000000E+00  0.0000000E+00  0.0000000E+00
         1   253      1  0.0000000E+00  0.0000000E+00  0.0000000E+00  0.0000000E+00  0.0000000E+00  0.0000000E+00
         1   253      2  0.6465665E-03 -0.2139963E-04  0.0000000E+00  0.0000000E+00  0.2881395E-04  0.0000000E+00
         1   253      3  0.9694612E-03 -0.3207809E-04  0.0000000E+00  0.0000000E+00  0.4318379E-04  0.0000000E+00
         1   253      4  0.1292098E-02 -0.4274238E-04  0.0000000E+00  0.0000000E+00  0.5752876E-04  0.0000000E+00
         1   253      5  0.1614477E-02 -0.5339257E-04  0.0000000E+00  0.0000000E+00  0.7184876E-04  0.0000000E+00
         1   253      6  0.1936599E-02 -0.6402870E-04  0.0000000E+00  0.0000000E+00  0.8614370E-04  0.0000000E+00
         1   253      7  0.2258466E-02 -0.7465083E-04  0.0000000E+00  0.0000000E+00  0.1004135E-03  0.0000000E+00
         1   253      8  0.2580077E-02 -0.8525902E-04  0.0000000E+00  0.0000000E+00  0.1146580E-03  0.0000000E+00
         1   253      9  0.2901434E-02 -0.9585333E-04  0.0000000E+00  0.0000000E+00  0.1288771E-03  0.0000000E+00
         1   253     10  0.3735427E-02 -0.1676942E-03  0.0000000E+00  0.0000000E+00  0.3343439E-01  0.1000000E-02

         1   254      0  0.0000000E+00  0.0000000E+00  0.0000000E+00  0.0000000E+00  0.0000000E+00  0.0000000E+00
         1   254      1  0.0000000E+00  0.0000000E+00  0.0000000E+00  0.0000000E+00  0.0000000E+00  0.0000000E+00
         1   254      2  0.6412166E-03 -0.2139963E-04  0.0000000E+00  0.0000000E+00  0.2881391E-04  0.0000000E+00
         1   254      3  0.9614417E-03 -0.3207809E-04  0.0000000E+00  0.0000000E+00  0.4318372E-04  0.0000000E+00
         1   254      4  0.1281412E-02 -0.4274238E-04  0.0000000E+00  0.0000000E+00  0.5752864E-04  0.0000000E+00
         1   254      5  0.1601129E-02 -0.5339257E-04  0.0000000E+00  0.0000000E+00  0.7184857E-04  0.0000000E+00
         1   254      6  0.1920592E-02 -0.6402870E-04  0.0000000E+00  0.0000000E+00  0.8614341E-04  0.0000000E+00
         1   254      7  0.2239803E-02 -0.7465083E-04  0.0000000E+00  0.0000000E+00  0.1004131E-03  0.0000000E+00
         1   254      8  0.2558762E-02 -0.8525902E-04  0.0000000E+00  0.0000000E+00  0.1146575E-03  0.0000000E+00
         1   254      9  0.2877471E-02 -0.9585333E-04  0.0000000E+00  0.0000000E+00  0.1288765E-03  0.0000000E+00
         1   254     10  0.3693527E-02 -0.1676942E-03  0.0000000E+00  0.0000000E+00  0.3348381E-01  0.1000000E-02

         1   255      0  0.0000000E+00  0.0000000E+00  0.0000000E+00  0.0000000E+00  0.0000000E+00  0.0000000E+00
         1   255      1  0.0000000E+00  0.0000000E+00  0.0000000E+00  0.0000000E+00  0.0000000E+00  0.0000000E+00
         1   255      2  0.6380067E-03 -0.2139963E-04  0.0000000E+00  0.0000000E+00  0.2881390E-04  0.0000000E+00
         1   255      3  0.9566300E-03 -0.3207809E-04  0.0000000E+00  0.0000000E+00  0.4318368E-04  0.0000000E+00
         1   255      4  0.1275001E-02 -0.4274238E-04  0.0000000E+00  0.0000000E+00  0.5752856E-04  0.0000000E+00
         1   255      5  0.1593120E-02 -0.5339257E-04  0.0000000E+00  0.0000000E+00  0.7184845E-04  0.0000000E+00
         1   255      6  0.1910988E-02 -0.6402870E-04  0.0000000E+00  0.0000000E+00  0.8614324E-04  0.0000000E+00
         1   255      7  0.2228606E-02 -0.7465083E-04  0.0000000E+00  0.0000000E+00  0.1004129E-03  0.0000000E+00
         1   255      8  0.2545974E-02 -0.8525902E-04  0.0000000E+00  0.0000000E+00  0.1146572E-03  0.0000000E+00
         1   255      9  0.2863093E-02 -0.9585333E-04  0.0000000E+00  0.0000000E+00  0.1288761E-03  0.0000000E+00
         1   255     10  0.3668387E-02 -0.1676942E-03  0.0000000E+00  0.0000000E+00  0.3351346E-01  0.1000000E-02

         1   256      0  0.0000000E+00  0.0000000E+00  0.0000000E+00  0.0000000E+00  0.0000000E+00  0.0000000E+00
         1   256      1  0.0000000E+00  0.0000000E+00  0.0000000E+00  0.0000000E+00  0.0000000E+00  0.0000000E+00
         1   256      2  0.6326568E-03 -0.2139963E-04  0.0000000E+00  0.0000000E+00  0.2881386E-04  0.0000000E+00
         1   256      3  0.9486104E-03 -0.3207809E-04  0.0000000E+00  0.0000000E+00  0.4318361E-04  0.0000000E+00
         1   256      4  0.1264315E-02 -0.4274238E-04  0.0000000E+00  0.0000000E+00  0.5752843E-04  0.0000000E+00
         1   256      5  0.1579772E-02 -0.5339257E-04  0.0000000E+00  0.0000000E+00  0.7184825E-04  0.0000000E+00
         1   256      6  0.1894981E-02 -0.6402870E-04  0.0000000E+00  0.0000000E+00  0.8614296E-04  0.0000000E+00
         1   256      7  0.2209943E-02 -0.7465083E-04  0.0000000E+00  0.0000000E+00  0.1004125E-03  0.0000000E+00
         1   256      8  0.2524659E-02 -0.8525902E-04  0.0000000E+00  0.0000000E+00  0.1146567E-03  0.0000000E+00
         1   256      9  0.2839129E-02 -0.9585333E-04  0.0000000E+00  0.0000000E+00  0.1288755E-03  0.0000000E+00
         1   256     10  0.3626487E-02 -0.1676942E-03  0.0000000E+00  0.0000000E+00  0.3356289E-01  0.1000000E-02

         1   257      0  0.0000000E+00  0.0000000E+00  0.0000000E+00  0.0000000E+00  0.0000000E+00  0.0000000E+00
         1   257      1  0.0000000E+00  0.0000000E+00  0.0000000E+00  0.0000000E+00  0.0000000E+00  0.0000000E+00
         1   257      2  0.5246452E-03 -0.2460882E-04  0.0000000E+00  0.0000000E+00 -0.3761376E-04  0.0000000E+00
         1   257      3  0.7866949E-03 -0.3689013E-04  0.0000000E+00  0.0000000E+00 -0.5642177E-04  0.0000000E+00
         1   257      4  0.1048563E-02 -0.4915613E-04  0.0000000E+00  0.0000000E+00 -0.7523076E-04  0.0000000E+00
         1   257      5  0.1310251E-02 -0.6140687E-04  0.0000000E+00  0.0000000E+00 -0.9404087E-04  0.0000000E+00
         1   257      6  0.1571757E-02 -0.7364241E-04  0.0000000E+00  0.0000000E+00 -0.1128523E-03  0.0000000E+00
         1   257      7  0.1833084E-02 -0.8586281E-04  0.0000000E+00  0.0000000E+00 -0.1316651E-03  0.0000000E+00
         1   257      8  0.2094231E-02 -0.9806812E-04  0.0000000E+00  0.0000000E+00 -0.1504795E-03  0.0000000E+00
         1   257      9  0.2355199E-02 -0.1102584E-03  0.0000000E+00  0.0000000E+00 -0.1692957E-03  0.0000000E+00
         1   257     10  0.3065192E-02 -0.7149121E-04  0.0000000E+00  0.0000000E+00  0.3411044E-01  0.1000000E-02

         1   258      0  0.0000000E+00  0.0000000E+00  0.0000000E+00  0.0000000E+00  0.0000000E+00  0.0000000E+00
         1   258      1  0.0000000E+00  0.0000000E+00  0.0000000E+00  0.0000000E+00  0.0000000E+00  0.0000000E+00
         1   258      2  0.5184930E-03 -0.2460882E-04  0.0000000E+00  0.0000000E+00 -0.3761380E-04  0.0000000E+00
         1   258      3  0.7774723E-03 -0.3689013E-04  0.0000000E+00  0.0000000E+00 -0.5642187E-04  0.0000000E+00
         1   258      4  0.1036274E-02 -0.4915613E-04  0.0000000E+00  0.0000000E+00 -0.7523093E-04  0.0000000E+00
         1   258      5  0.1294899E-02 -0.6140687E-04  0.0000000E+00  0.0000000E+00 -0.9404113E-04  0.0000000E+00
         1   258      6  0.1553347E-02 -0.7364241E-04  0.0000000E+00  0.0000000E+00 -0.1128526E-03  0.0000000E+00
         1   258      7  0.1811619E-02 -0.8586281E-04  0.0000000E+00  0.0000000E+00 -0.1316656E-03  0.0000000E+00
         1   258      8  0.2069714E-02 -0.9806812E-04  0.0000000E+00  0.0000000E+00 -0.1504802E-03  0.0000000E+00
         1   258      9  0.2327635E-02 -0.1102584E-03  0.0000000E+00  0.0000000E+00 -0.1692965E-03  0.0000000E+00
         1   258     10  0.3047330E-02 -0.7149121E-04  0.0000000E+00  0.0000000E+00  0.3415986E-01  0.1000000E-02

         1   259      0  0.0000000E+00  0.0000000E+00  0.0000000E+00  0.0000000E+00  0.0000000E+00  0.0000000E+00
         1   259      1  0.0000000E+00  0.0000000E+00  0.0000000E+00  0.0000000E+00  0.0000000E+00  0.0000000E+00
         1   259      2  0.5148031E-03 -0.2458896E-04  0.0000000E+00  0.0000000E+00 -0.3761382E-04  0.0000000E+00
         1   259      3  0.7719422E-03 -0.3684549E-04  0.0000000E+00  0.0000000E+00 -0.5642192E-04  0.0000000E+00
         1   259      4  0.1028907E-02 -0.4907682E-04  0.0000000E+00  0.0000000E+00 -0.7523103E-04  0.0000000E+00
         1   259      5  0.1285697E-02 -0.6128304E-04  0.0000000E+00  0.0000000E+00 -0.9404129E-04  0.0000000E+00
         1   259      6  0.1542314E-02 -0.7346421E-04  0.0000000E+00  0.0000000E+00 -0.1128529E-03  0.0000000E+00
         1   259      7  0.1798757E-02 -0.8562042E-04  0.0000000E+00  0.0000000E+00 -0.1316659E-03  0.0000000E+00
         1   259      8  0.2055028E-02 -0.9775175E-04  0.0000000E+00  0.0000000E+00 -0.1504806E-03  0.0000000E+00
         1   259      9  0.2311126E-02 -0.1098583E-03  0.0000000E+00  0.0000000E+00 -0.1692970E-03  0.0000000E+00
         1   259     10  0.3036663E-02 -0.7080291E-04  0.0000000E+00  0.0000000E+00  0.3418952E-01  0.1000000E-02

         1   260      0  0.0000000E+00  0.0000000E+00  0.0000000E+00  0.0000000E+00  0.0000000E+00  0.0000000E+00
         1   260      1  0.0000000E+00  0.0000000E+00  0.0000000E+00  0.0000000E+00  0.0000000E+00  0.0000000E+00
         1   260      2  0.5086559E-03 -0.2458896E-04  0.0000000E+00  0.0000000E+00 -0.3761386E-04  0.0000000E+00
         1   260      3  0.7627308E-03 -0.3684549E-04  0.0000000E+00  0.0000000E+00 -0.5642202E-04  0.0000000E+00
         1   260      4  0.1016638E-02 -0.4907682E-04  0.0000000E+00  0.0000000E+00 -0.7523120E-04  0.0000000E+00
         1   260      5  0.1270376E-02 -0.6128304E-04  0.0000000E+00  0.0000000E+00 -0.9404155E-04  0.0000000E+00
         1   260      6  0.1523948E-02 -0.7346421E-04  0.0000000E+00  0.0000000E+00 -0.1128532E-03  0.0000000E+00
         1   260      7  0.1777352E-02 -0.8562042E-04  0.0000000E+00  0.0000000E+00 -0.1316664E-03  0.0000000E+00
         1   260      8  0.2030590E-02 -0.9775175E-04  0.0000000E+00  0.0000000E+00 -0.1504812E-03  0.0000000E+00
         1   260      9  0.2283661E-02 -0.1098583E-03  0.0000000E+00  0.0000000E+00 -0.1692979E-03  0.0000000E+00
         1   260     10  0.3018973E-02 -0.7080291E-04  0.0000000E+00  0.0000000E+00  0.3423894E-01  0.1000000E-02

         1   261      0  0.0000000E+00  0.0000000E+00  0.0000000E+00  0.0000000E+00  0.0000000E+00  0.0000000E+00
         1   261      1  0.0000000E+00  0.0000000E+00  0.0000000E+00  0.0000000E+00  0.0000000E+00  0.0000000E+00
         1   261      2  0.5056952E-03  0.1270961E-04  0.0000000E+00  0.0000000E+00 -0.3761052E-04  0.0000000E+00
         1   261      3  0.7583041E-03  0.1908429E-04  0.0000000E+00  0.0000000E+00 -0.5641451E-04  0.0000000E+00
         1   261      4  0.1010754E-02  0.2547215E-04  0.0000000E+00  0.0000000E+00 -0.7521785E-04  0.0000000E+00
         1   261      5  0.1263046E-02  0.3187313E-04  0.0000000E+00  0.0000000E+00 -0.9402072E-04  0.0000000E+00
         1   261      6  0.1515181E-02  0.3828719E-04  0.0000000E+00  0.0000000E+00 -0.1128233E-03  0.0000000E+00
         1   261      7  0.1767157E-02  0.4471427E-04  0.0000000E+00  0.0000000E+00 -0.1316256E-03  0.0000000E+00
         1   261      8  0.2018976E-02  0.5115432E-04  0.0000000E+00  0.0000000E+00 -0.1504280E-03  0.0000000E+00
         1   261      9  0.2270639E-02  0.5760728E-04  0.0000000E+00  0.0000000E+00 -0.1692306E-03  0.0000000E+00
         1   261     10  0.3039169E-02  0.1518814E-03  0.0000000E+00  0.0000000E+00  0.3433791E-01  0.1000000E-02

         1   262      0  0.0000000E+00  0.0000000E+00  0.0000000E+00  0.0000000E+00  0.0000000E+00  0.0000000E+00
         1   262      1  0.0000000E+00  0.0000000E+00  0.0000000E+00  0.0000000E+00  0.0000000E+00  0.0000000E+00
         1   262      2  0.5214438E-03  0.5047841E-04  0.0000000E+00  0.0000000E+00 -0.3760723E-04  0.0000000E+00
         1   262      3  0.7819326E-03  0.7572014E-04  0.0000000E+00  0.0000000E+00 -0.5640711E-04  0.0000000E+00
         1   262      4  0.1042267E-02  0.1009635E-03  0.0000000E+00  0.0000000E+00 -0.7520470E-04  0.0000000E+00
         1   262      5  0.1302446E-02  0.1262085E-03  0.0000000E+00  0.0000000E+00 -0.9400018E-04  0.0000000E+00
         1   262      6  0.1562471E-02  0.1514551E-03  0.0000000E+00  0.0000000E+00 -0.1127937E-03  0.0000000E+00
         1   262      7  0.1822342E-02  0.1767033E-03  0.0000000E+00  0.0000000E+00 -0.1315854E-03  0.0000000E+00
         1   262      8  0.2082059E-02  0.2019530E-03  0.0000000E+00  0.0000000E+00 -0.1503756E-03  0.0000000E+00
         1   262      9  0.2341624E-02  0.2272042E-03  0.0000000E+00  0.0000000E+00 -0.1691642E-03  0.0000000E+00
         1   262     10  0.3171704E-02  0.3801799E-03  0.0000000E+00  0.0000000E+00  0.3443687E-01  0.1000000E-02

         1   263      0  0.0000000E+00  0.0000000E+00  0.0000000E+00  0.0000000E+00  0.0000000E+00  0.0000000E+00
         1   263      1  0.0000000E+00  0.0000000E+00  0.0000000E+00  0.0000000E+00  0.0000000E+00  0.0000000E+00
         1   263      2  0.5340634E-03  0.5047841E-04  0.0000000E+00  0.0000000E+00 -0.3760741E-04  0.0000000E+00
         1   263      3  0.8008627E-03  0.7572014E-04  0.0000000E+00  0.0000000E+00 -0.5640751E-04  0.0000000E+00
         1   263      4  0.1067507E-02  0.1009635E-03  0.0000000E+00  0.0000000E+00 -0.7520541E-04  0.0000000E+00
         1   263      5  0.1333998E-02  0.1262085E-03  0.0000000E+00  0.0000000E+00 -0.9400129E-04  0.0000000E+00
         1   263      6  0.1600335E-02  0.1514551E-03  0.0000000E+00  0.0000000E+00 -0.1127953E-03  0.0000000E+00
         1   263      7  0.1866518E-02  0.1767033E-03  0.0000000E+00  0.0000000E+00 -0.1315876E-03  0.0000000E+00
         1   263      8  0.2132548E-02  0.2019530E-03  0.0000000E+00  0.0000000E+00 -0.1503784E-03  0.0000000E+00
         1   263      9  0.2398425E-02  0.2272042E-03  0.0000000E+00  0.0000000E+00 -0.1691678E-03  0.0000000E+00
         1   263     10  0.3266696E-02  0.3801799E-03  0.0000000E+00  0.0000000E+00  0.3448629E-01  0.1000000E-02

         1   264      0  0.0000000E+00  0.0000000E+00  0.0000000E+00  0.0000000E+00  0.0000000E+00  0.0000000E+00
         1   264      1  0.0000000E+00  0.0000000E+00  0.0000000E+00  0.0000000E+00  0.0000000E+00  0.0000000E+00
         1   264      2  0.5416352E-03  0.5047841E-04  0.0000000E+00  0.0000000E+00 -0.3760752E-04  0.0000000E+00
         1   264      3  0.8122207E-03  0.7572014E-04  0.0000000E+00  0.0000000E+00 -0.5640774E-04  0.0000000E+00
         1   264      4  0.1082652E-02  0.1009635E-03  0.0000000E+00  0.0000000E+00 -0.7520583E-04  0.0000000E+00
         1   264      5  0.1352929E-02  0.1262085E-03  0.0000000E+00  0.0000000E+00 -0.9400195E-04  0.0000000E+00
         1   264      6  0.1623053E-02  0.1514551E-03  0.0000000E+00  0.0000000E+00 -0.1127963E-03  0.0000000E+00
         1   264      7  0.1893023E-02  0.1767033E-03  0.0000000E+00  0.0000000E+00 -0.1315889E-03  0.0000000E+00
         1   264      8  0.2162841E-02  0.2019530E-03  0.0000000E+00  0.0000000E+00 -0.1503801E-03  0.0000000E+00
         1   264      9  0.2432505E-02  0.2272042E-03  0.0000000E+00  0.0000000E+00 -0.1691699E-03  0.0000000E+00
         1   264     10  0.3323691E-02  0.3801799E-03  0.0000000E+00  0.0000000E+00  0.3451594E-01  0.1000000E-02

         1   265      0  0.0000000E+00  0.0000000E+00  0.0000000E+00  0.0000000E+00  0.0000000E+00  0.0000000E+00
         1   265      1  0.0000000E+00  0.0000000E+00  0.0000000E+00  0.0000000E+00  0.0000000E+00  0.0000000E+00
         1   265      2  0.5542548E-03  0.5047841E-04  0.0000000E+00  0.0000000E+00 -0.3760769E-04  0.0000000E+00
         1   265      3  0.8311507E-03  0.7572014E-04  0.0000000E+00  0.0000000E+00 -0.5640814E-04  0.0000000E+00
         1   265      4  0.1107893E-02  0.1009635E-03  0.0000000E+00  0.0000000E+00 -0.7520654E-04  0.0000000E+00
         1   265      5  0.1384481E-02  0.1262085E-03  0.0000000E+00  0.0000000E+00 -0.9400306E-04  0.0000000E+00
         1   265      6  0.1660917E-02  0.1514551E-03  0.0000000E+00  0.0000000E+00 -0.1127978E-03  0.0000000E+00
         1   265      7  0.1937199E-02  0.1767033E-03  0.0000000E+00  0.0000000E+00 -0.1315911E-03  0.0000000E+00
         1   265      8  0.2213329E-02  0.2019530E-03  0.0000000E+00  0.0000000E+00 -0.1503829E-03  0.0000000E+00
         1   265      9  0.2489306E-02  0.2272042E-03  0.0000000E+00  0.0000000E+00 -0.1691735E-03  0.0000000E+00
         1   265     10  0.3418683E-02  0.3801799E-03  0.0000000E+00  0.0000000E+00  0.3456535E-01  0.1000000E-02

         1   266      0  0.0000000E+00  0.0000000E+00  0.0000000E+00  0.0000000E+00  0.0000000E+00  0.0000000E+00
         1   266      1  0.0000000E+00  0.0000000E+00  0.0000000E+00  0.0000000E+00  0.0000000E+00  0.0000000E+00
         1   266      2  0.7825636E-03  0.4677120E-04  0.0000000E+00  0.0000000E+00 -0.1143418E-03  0.0000000E+00
         1   266      3  0.1173634E-02  0.7016032E-04  0.0000000E+00  0.0000000E+00 -0.1714870E-03  0.0000000E+00
         1   266      4  0.1564565E-02  0.9355174E-04  0.0000000E+00  0.0000000E+00 -0.2286153E-03  0.0000000E+00
         1   266      5  0.1955354E-02  0.1169454E-03  0.0000000E+00  0.0000000E+00 -0.2857270E-03  0.0000000E+00
         1   266      6  0.2346004E-02  0.1403414E-03  0.0000000E+00  0.0000000E+00 -0.3428222E-03  0.0000000E+00
         1   266      7  0.2736514E-02  0.1637395E-03  0.0000000E+00  0.0000000E+00 -0.3999011E-03  0.0000000E+00
         1   266      8  0.3126884E-02  0.1871399E-03  0.0000000E+00  0.0000000E+00 -0.4569639E-03  0.0000000E+00
         1   266      9  0.3517114E-02  0.2105424E-03  0.0000000E+00  0.0000000E+00 -0.5140109E-03  0.0000000E+00
         1   266     10  0.5414911E-02  0.4704274E-03  0.0000000E+00  0.0000000E+00  0.3498983E-01  0.1000000E-02

         1   267      0  0.0000000E+00  0.0000000E+00  0.0000000E+00  0.0000000E+00  0.0000000E+00  0.0000000E+00
         1   267      1  0.0000000E+00  0.0000000E+00  0.0000000E+00  0.0000000E+00  0.0000000E+00  0.0000000E+00
         1   267      2  0.7942564E-03  0.4677120E-04  0.0000000E+00  0.0000000E+00 -0.1143419E-03  0.0000000E+00
         1   267      3  0.1191174E-02  0.7016032E-04  0.0000000E+00  0.0000000E+00 -0.1714873E-03  0.0000000E+00
         1   267      4  0.1587952E-02  0.9355174E-04  0.0000000E+00  0.0000000E+00 -0.2286159E-03  0.0000000E+00
         1   267      5  0.1984591E-02  0.1169454E-03  0.0000000E+00  0.0000000E+00 -0.2857279E-03  0.0000000E+00
         1   267      6  0.2381090E-02  0.1403414E-03  0.0000000E+00  0.0000000E+00 -0.3428236E-03  0.0000000E+00
         1   267      7  0.2777449E-02  0.1637395E-03  0.0000000E+00  0.0000000E+00 -0.3999030E-03  0.0000000E+00
         1   267      8  0.3173669E-02  0.1871399E-03  0.0000000E+00  0.0000000E+00 -0.4569664E-03  0.0000000E+00
         1   267      9  0.3569750E-02  0.2105424E-03  0.0000000E+00  0.0000000E+00 -0.5140139E-03  0.0000000E+00
         1   267     10  0.5532453E-02  0.4704274E-03  0.0000000E+00  0.0000000E+00  0.3503924E-01  0.1000000E-02

         1   268      0  0.0000000E+00  0.0000000E+00  0.0000000E+00  0.0000000E+00  0.0000000E+00  0.0000000E+00
         1   268      1  0.0000000E+00  0.0000000E+00  0.0000000E+00  0.0000000E+00  0.0000000E+00  0.0000000E+00
         1   268      2  0.8012684E-03  0.4672211E-04  0.0000000E+00  0.0000000E+00 -0.1143420E-03  0.0000000E+00
         1   268      3  0.1201690E-02  0.7004989E-04  0.0000000E+00  0.0000000E+00 -0.1714875E-03  0.0000000E+00
         1   268      4  0.1601971E-02  0.9335549E-04  0.0000000E+00  0.0000000E+00 -0.2286163E-03  0.0000000E+00
         1   268      5  0.2002110E-02  0.1166389E-03  0.0000000E+00  0.0000000E+00 -0.2857285E-03  0.0000000E+00
         1   268      6  0.2402108E-02  0.1399001E-03  0.0000000E+00  0.0000000E+00 -0.3428244E-03  0.0000000E+00
         1   268      7  0.2801965E-02  0.1631392E-03  0.0000000E+00  0.0000000E+00 -0.3999041E-03  0.0000000E+00
         1   268      8  0.3201681E-02  0.1863560E-03  0.0000000E+00  0.0000000E+00 -0.4569678E-03  0.0000000E+00
         1   268      9  0.3601257E-02  0.2095507E-03  0.0000000E+00  0.0000000E+00 -0.5140158E-03  0.0000000E+00
         1   268     10  0.5602799E-02  0.4680360E-03  0.0000000E+00  0.0000000E+00  0.3506889E-01  0.1000000E-02

         1   269      0  0.0000000E+00  0.0000000E+00  0.0000000E+00  0.0000000E+00  0.0000000E+00  0.0000000E+00
         1   269      1  0.0000000E+00  0.0000000E+00  0.0000000E+00  0.0000000E+00  0.0000000E+00  0.0000000E+00
         1   269      2  0.8129490E-03  0.4672211E-04  0.0000000E+00  0.0000000E+00 -0.1143421E-03  0.0000000E+00
         1   269      3  0.1219203E-02  0.7004989E-04  0.0000000E+00  0.0000000E+00 -0.1714878E-03  0.0000000E+00
         1   269      4  0.1625309E-02  0.9335549E-04  0.0000000E+00  0.0000000E+00 -0.2286169E-03  0.0000000E+00
         1   269      5  0.2031269E-02  0.1166389E-03  0.0000000E+00  0.0000000E+00 -0.2857295E-03  0.0000000E+00
         1   269      6  0.2437083E-02  0.1399001E-03  0.0000000E+00  0.0000000E+00 -0.3428257E-03  0.0000000E+00
         1   269      7  0.2842750E-02  0.1631392E-03  0.0000000E+00  0.0000000E+00 -0.3999059E-03  0.0000000E+00
         1   269      8  0.3248270E-02  0.1863560E-03  0.0000000E+00  0.0000000E+00 -0.4569702E-03  0.0000000E+00
         1   269      9  0.3653645E-02  0.2095507E-03  0.0000000E+00  0.0000000E+00 -0.5140188E-03  0.0000000E+00
         1   269     10  0.5719743E-02  0.4680360E-03  0.0000000E+00  0.0000000E+00  0.3511830E-01  0.1000000E-02

         1   270      0  0.0000000E+00  0.0000000E+00  0.0000000E+00  0.0000000E+00  0.0000000E+00  0.0000000E+00
         1   270      1  0.0000000E+00  0.0000000E+00  0.0000000E+00  0.0000000E+00  0.0000000E+00  0.0000000E+00
         1   270      2  0.8197637E-03 -0.1955511E-04  0.0000000E+00  0.0000000E+00 -0.1143519E-03  0.0000000E+00
         1   270      3  0.1229413E-02 -0.2934752E-04  0.0000000E+00  0.0000000E+00 -0.1715098E-03  0.0000000E+00
         1   270      4  0.1638907E-02 -0.3914986E-04  0.0000000E+00  0.0000000E+00 -0.2286559E-03  0.0000000E+00
         1   270      5  0.2048246E-02 -0.4896216E-04  0.0000000E+00  0.0000000E+00 -0.2857903E-03  0.0000000E+00
         1   270      6  0.2457430E-02 -0.5878441E-04  0.0000000E+00  0.0000000E+00 -0.3429134E-03  0.0000000E+00
         1   270      7  0.2866460E-02 -0.6861666E-04  0.0000000E+00  0.0000000E+00 -0.4000252E-03  0.0000000E+00
         1   270      8  0.3275336E-02 -0.7845890E-04  0.0000000E+00  0.0000000E+00 -0.4571259E-03  0.0000000E+00
         1   270      9  0.3684057E-02 -0.8831117E-04  0.0000000E+00  0.0000000E+00 -0.5142158E-03  0.0000000E+00
         1   270     10  0.5836853E-02 -0.9168310E-06  0.0000000E+00  0.0000000E+00  0.3521665E-01  0.1000000E-02

         1   271      0  0.0000000E+00  0.0000000E+00  0.0000000E+00  0.0000000E+00  0.0000000E+00  0.0000000E+00
         1   271      1  0.0000000E+00  0.0000000E+00  0.0000000E+00  0.0000000E+00  0.0000000E+00  0.0000000E+00
         1   271      2  0.7935254E-03 -0.8504386E-04  0.0000000E+00  0.0000000E+00 -0.1143618E-03  0.0000000E+00
         1   271      3  0.1190053E-02 -0.1275616E-03  0.0000000E+00  0.0000000E+00 -0.1715320E-03  0.0000000E+00
         1   271      4  0.1586423E-02 -0.1700767E-03  0.0000000E+00  0.0000000E+00 -0.2286953E-03  0.0000000E+00
         1   271      5  0.1982637E-02 -0.2125891E-03  0.0000000E+00  0.0000000E+00 -0.2858520E-03  0.0000000E+00
         1   271      6  0.2378694E-02 -0.2550988E-03  0.0000000E+00  0.0000000E+00 -0.3430021E-03  0.0000000E+00
         1   271      7  0.2774595E-02 -0.2976059E-03  0.0000000E+00  0.0000000E+00 -0.4001459E-03  0.0000000E+00
         1   271      8  0.3170339E-02 -0.3401103E-03  0.0000000E+00  0.0000000E+00 -0.4572836E-03  0.0000000E+00
         1   271      9  0.3565928E-02 -0.3826123E-03  0.0000000E+00  0.0000000E+00 -0.5144153E-03  0.0000000E+00
         1   271     10  0.5718833E-02 -0.4698327E-03  0.0000000E+00  0.0000000E+00  0.3531501E-01  0.1000000E-02

         1   272      0  0.0000000E+00  0.0000000E+00  0.0000000E+00  0.0000000E+00  0.0000000E+00  0.0000000E+00
         1   272      1  0.0000000E+00  0.0000000E+00  0.0000000E+00  0.0000000E+00  0.0000000E+00  0.0000000E+00
         1   272      2  0.7722645E-03 -0.8504386E-04  0.0000000E+00  0.0000000E+00 -0.1143623E-03  0.0000000E+00
         1   272      3  0.1158162E-02 -0.1275616E-03  0.0000000E+00  0.0000000E+00 -0.1715331E-03  0.0000000E+00
         1   272      4  0.1543904E-02 -0.1700767E-03  0.0000000E+00  0.0000000E+00 -0.2286974E-03  0.0000000E+00
         1   272      5  0.1929489E-02 -0.2125891E-03  0.0000000E+00  0.0000000E+00 -0.2858551E-03  0.0000000E+00
         1   272      6  0.2314919E-02 -0.2550988E-03  0.0000000E+00  0.0000000E+00 -0.3430067E-03  0.0000000E+00
         1   272      7  0.2700193E-02 -0.2976059E-03  0.0000000E+00  0.0000000E+00 -0.4001521E-03  0.0000000E+00
         1   272      8  0.3085312E-02 -0.3401103E-03  0.0000000E+00  0.0000000E+00 -0.4572916E-03  0.0000000E+00
         1   272      9  0.3470275E-02 -0.3826123E-03  0.0000000E+00  0.0000000E+00 -0.5144254E-03  0.0000000E+00
         1   272     10  0.5601440E-02 -0.4698327E-03  0.0000000E+00  0.0000000E+00  0.3536442E-01  0.1000000E-02

         1   273      0  0.0000000E+00  0.0000000E+00  0.0000000E+00  0.0000000E+00  0.0000000E+00  0.0000000E+00
         1   273      1  0.0000000E+00  0.0000000E+00  0.0000000E+00  0.0000000E+00  0.0000000E+00  0.0000000E+00
         1   273      2  0.7595079E-03 -0.8504386E-04  0.0000000E+00  0.0000000E+00 -0.1143626E-03  0.0000000E+00
         1   273      3  0.1139028E-02 -0.1275616E-03  0.0000000E+00  0.0000000E+00 -0.1715338E-03  0.0000000E+00
         1   273      4  0.1518392E-02 -0.1700767E-03  0.0000000E+00  0.0000000E+00 -0.2286986E-03  0.0000000E+00
         1   273      5  0.1897601E-02 -0.2125891E-03  0.0000000E+00  0.0000000E+00 -0.2858570E-03  0.0000000E+00
         1   273      6  0.2276654E-02 -0.2550988E-03  0.0000000E+00  0.0000000E+00 -0.3430094E-03  0.0000000E+00
         1   273      7  0.2655552E-02 -0.2976059E-03  0.0000000E+00  0.0000000E+00 -0.4001558E-03  0.0000000E+00
         1   273      8  0.3034295E-02 -0.3401103E-03  0.0000000E+00  0.0000000E+00 -0.4572964E-03  0.0000000E+00
         1   273      9  0.3412883E-02 -0.3826123E-03  0.0000000E+00  0.0000000E+00 -0.5144315E-03  0.0000000E+00
         1   273     10  0.5531004E-02 -0.4698327E-03  0.0000000E+00  0.0000000E+00  0.3539406E-01  0.1000000E-02

         1   274      0  0.0000000E+00  0.0000000E+00  0.0000000E+00  0.0000000E+00  0.0000000E+00  0.0000000E+00
         1   274      1  0.0000000E+00  0.0000000E+00  0.0000000E+00  0.0000000E+00  0.0000000E+00  0.0000000E+00
         1   274      2  0.7382469E-03 -0.8504386E-04  0.0000000E+00  0.0000000E+00 -0.1143631E-03  0.0000000E+00
         1   274      3  0.1107138E-02 -0.1275616E-03  0.0000000E+00  0.0000000E+00 -0.1715349E-03  0.0000000E+00
         1   274      4  0.1475873E-02 -0.1700767E-03  0.0000000E+00  0.0000000E+00 -0.2287006E-03  0.0000000E+00
         1   274      5  0.1844454E-02 -0.2125891E-03  0.0000000E+00  0.0000000E+00 -0.2858602E-03  0.0000000E+00
         1   274      6  0.2212880E-02 -0.2550988E-03  0.0000000E+00  0.0000000E+00 -0.3430139E-03  0.0000000E+00
         1   274      7  0.2581151E-02 -0.2976059E-03  0.0000000E+00  0.0000000E+00 -0.4001619E-03  0.0000000E+00
         1   274      8  0.2949268E-02 -0.3401103E-03  0.0000000E+00  0.0000000E+00 -0.4573045E-03  0.0000000E+00
         1   274      9  0.3317230E-02 -0.3826123E-03  0.0000000E+00  0.0000000E+00 -0.5144417E-03  0.0000000E+00
         1   274     10  0.5413611E-02 -0.4698327E-03  0.0000000E+00  0.0000000E+00  0.3544347E-01  0.1000000E-02

         1   275      0  0.0000000E+00  0.0000000E+00  0.0000000E+00  0.0000000E+00  0.0000000E+00  0.0000000E+00
         1   275      1  0.0000000E+00  0.0000000E+00  0.0000000E+00  0.0000000E+00  0.0000000E+00  0.0000000E+00
         1   275      2  0.3319728E-03 -0.8801244E-04  0.0000000E+00  0.0000000E+00 -0.1758014E-03  0.0000000E+00
         1   275      3  0.4977383E-03 -0.1320140E-03  0.0000000E+00  0.0000000E+00 -0.2636742E-03  0.0000000E+00
         1   275      4  0.6633566E-03 -0.1760124E-03  0.0000000E+00  0.0000000E+00 -0.3515286E-03  0.0000000E+00
         1   275      5  0.8288277E-03 -0.2200078E-03  0.0000000E+00  0.0000000E+00 -0.4393649E-03  0.0000000E+00
         1   275      6  0.9941515E-03 -0.2640002E-03  0.0000000E+00  0.0000000E+00 -0.5271833E-03  0.0000000E+00
         1   275      7  0.1159328E-02 -0.3079896E-03  0.0000000E+00  0.0000000E+00 -0.6149838E-03  0.0000000E+00
         1   275      8  0.1324357E-02 -0.3519761E-03  0.0000000E+00  0.0000000E+00 -0.7027668E-03  0.0000000E+00
         1   275      9  0.1489239E-02 -0.3959596E-03  0.0000000E+00  0.0000000E+00 -0.7905323E-03  0.0000000E+00
         1   275     10  0.3420173E-02 -0.3795857E-03  0.0000000E+00  0.0000000E+00  0.3586794E-01  0.1000000E-02

         1   276      0  0.0000000E+00  0.0000000E+00  0.0000000E+00  0.0000000E+00  0.0000000E+00  0.0000000E+00
         1   276      1  0.0000000E+00  0.0000000E+00  0.0000000E+00  0.0000000E+00  0.0000000E+00  0.0000000E+00
         1   276      2  0.3099697E-03 -0.8801244E-04  0.0000000E+00  0.0000000E+00 -0.1758019E-03  0.0000000E+00
         1   276      3  0.4647348E-03 -0.1320140E-03  0.0000000E+00  0.0000000E+00 -0.2636754E-03  0.0000000E+00
         1   276      4  0.6193535E-03 -0.1760124E-03  0.0000000E+00  0.0000000E+00 -0.3515308E-03  0.0000000E+00
         1   276      5  0.7738257E-03 -0.2200078E-03  0.0000000E+00  0.0000000E+00 -0.4393683E-03  0.0000000E+00
         1   276      6  0.9281514E-03 -0.2640002E-03  0.0000000E+00  0.0000000E+00 -0.5271881E-03  0.0000000E+00
         1   276      7  0.1082330E-02 -0.3079896E-03  0.0000000E+00  0.0000000E+00 -0.6149904E-03  0.0000000E+00
         1   276      8  0.1236363E-02 -0.3519761E-03  0.0000000E+00  0.0000000E+00 -0.7027754E-03  0.0000000E+00
         1   276      9  0.1390249E-02 -0.3959596E-03  0.0000000E+00  0.0000000E+00 -0.7905432E-03  0.0000000E+00
         1   276     10  0.3325330E-02 -0.3795857E-03  0.0000000E+00  0.0000000E+00  0.3591736E-01  0.1000000E-02

         1   277      0  0.0000000E+00  0.0000000E+00  0.0000000E+00  0.0000000E+00  0.0000000E+00  0.0000000E+00
         1   277      1  0.0000000E+00  0.0000000E+00  0.0000000E+00  0.0000000E+00  0.0000000E+00  0.0000000E+00
         1   277      2  0.2967683E-03 -0.8800560E-04  0.0000000E+00  0.0000000E+00 -0.1758022E-03  0.0000000E+00
         1   277      3  0.4449339E-03 -0.1319986E-03  0.0000000E+00  0.0000000E+00 -0.2636761E-03  0.0000000E+00
         1   277      4  0.5929538E-03 -0.1759851E-03  0.0000000E+00  0.0000000E+00 -0.3515321E-03  0.0000000E+00
         1   277      5  0.7408278E-03 -0.2199652E-03  0.0000000E+00  0.0000000E+00 -0.4393703E-03  0.0000000E+00
         1   277      6  0.8885560E-03 -0.2639388E-03  0.0000000E+00  0.0000000E+00 -0.5271910E-03  0.0000000E+00
         1   277      7  0.1036138E-02 -0.3079061E-03  0.0000000E+00  0.0000000E+00 -0.6149944E-03  0.0000000E+00
         1   277      8  0.1183575E-02 -0.3518671E-03  0.0000000E+00  0.0000000E+00 -0.7027805E-03  0.0000000E+00
         1   277      9  0.1330865E-02 -0.3958219E-03  0.0000000E+00  0.0000000E+00 -0.7905497E-03  0.0000000E+00
         1   277     10  0.3268484E-02 -0.3787772E-03  0.0000000E+00  0.0000000E+00  0.3594701E-01  0.1000000E-02

         1   278      0  0.0000000E+00  0.0000000E+00  0.0000000E+00  0.0000000E+00  0.0000000E+00  0.0000000E+00
         1   278      1  0.0000000E+00  0.0000000E+00  0.0000000E+00  0.0000000E+00  0.0000000E+00  0.0000000E+00
         1   278      2  0.2747669E-03 -0.8800560E-04  0.0000000E+00  0.0000000E+00 -0.1758028E-03  0.0000000E+00
         1   278      3  0.4119343E-03 -0.1319986E-03  0.0000000E+00  0.0000000E+00 -0.2636773E-03  0.0000000E+00
         1   278      4  0.5489575E-03 -0.1759851E-03  0.0000000E+00  0.0000000E+00 -0.3515342E-03  0.0000000E+00
         1   278      5  0.6858365E-03 -0.2199652E-03  0.0000000E+00  0.0000000E+00 -0.4393737E-03  0.0000000E+00
         1   278      6  0.8225713E-03 -0.2639388E-03  0.0000000E+00  0.0000000E+00 -0.5271959E-03  0.0000000E+00
         1   278      7  0.9591619E-03 -0.3079061E-03  0.0000000E+00  0.0000000E+00 -0.6150009E-03  0.0000000E+00
         1   278      8  0.1095608E-02 -0.3518671E-03  0.0000000E+00  0.0000000E+00 -0.7027891E-03  0.0000000E+00
         1   278      9  0.1231910E-02 -0.3958219E-03  0.0000000E+00  0.0000000E+00 -0.7905606E-03  0.0000000E+00
         1   278     10  0.3173843E-02 -0.3787772E-03  0.0000000E+00  0.0000000E+00  0.3599642E-01  0.1000000E-02

         1   279      0  0.0000000E+00  0.0000000E+00  0.0000000E+00  0.0000000E+00  0.0000000E+00  0.0000000E+00
         1   279      1  0.0000000E+00  0.0000000E+00  0.0000000E+00  0.0000000E+00  0.0000000E+00  0.0000000E+00
         1   279      2  0.2355759E-03 -0.6923985E-04  0.0000000E+00  0.0000000E+00 -0.1758028E-03  0.0000000E+00
         1   279      3  0.3531487E-03 -0.1038658E-03  0.0000000E+00  0.0000000E+00 -0.2636773E-03  0.0000000E+00
         1   279      4  0.4705780E-03 -0.1384959E-03  0.0000000E+00  0.0000000E+00 -0.3515343E-03  0.0000000E+00
         1   279      5  0.5878637E-03 -0.1731301E-03  0.0000000E+00  0.0000000E+00 -0.4393737E-03  0.0000000E+00
         1   279      6  0.7050056E-03 -0.2077685E-03  0.0000000E+00  0.0000000E+00 -0.5271959E-03  0.0000000E+00
         1   279      7  0.8220039E-03 -0.2424111E-03  0.0000000E+00  0.0000000E+00 -0.6150011E-03  0.0000000E+00
         1   279      8  0.9388583E-03 -0.2770580E-03  0.0000000E+00  0.0000000E+00 -0.7027893E-03  0.0000000E+00
         1   279      9  0.1055569E-02 -0.3117093E-03  0.0000000E+00  0.0000000E+00 -0.7905608E-03  0.0000000E+00
         1   279     10  0.3042053E-02 -0.1502942E-03  0.0000000E+00  0.0000000E+00  0.3609539E-01  0.1000000E-02

         1   280      0  0.0000000E+00  0.0000000E+00  0.0000000E+00  0.0000000E+00  0.0000000E+00  0.0000000E+00
         1   280      1  0.0000000E+00  0.0000000E+00  0.0000000E+00  0.0000000E+00  0.0000000E+00  0.0000000E+00
         1   280      2  0.2051006E-03 -0.5303578E-04  0.0000000E+00  0.0000000E+00 -0.1758027E-03  0.0000000E+00
         1   280      3  0.3074288E-03 -0.7957580E-04  0.0000000E+00  0.0000000E+00 -0.2636771E-03  0.0000000E+00
         1   280      4  0.4096086E-03 -0.1061307E-03  0.0000000E+00  0.0000000E+00 -0.3515338E-03  0.0000000E+00
         1   280      5  0.5116402E-03 -0.1327004E-03  0.0000000E+00  0.0000000E+00 -0.4393730E-03  0.0000000E+00
         1   280      6  0.6135233E-03 -0.1592850E-03  0.0000000E+00  0.0000000E+00 -0.5271949E-03  0.0000000E+00
         1   280      7  0.7152578E-03 -0.1858847E-03  0.0000000E+00  0.0000000E+00 -0.6149997E-03  0.0000000E+00
         1   280      8  0.8168438E-03 -0.2124993E-03  0.0000000E+00  0.0000000E+00 -0.7027875E-03  0.0000000E+00
         1   280      9  0.9182810E-03 -0.2391291E-03  0.0000000E+00  0.0000000E+00 -0.7905586E-03  0.0000000E+00
         1   280     10  0.3022708E-02  0.7263349E-04  0.0000000E+00  0.0000000E+00  0.3619436E-01  0.1000000E-02

         1   281      0  0.0000000E+00  0.0000000E+00  0.0000000E+00  0.0000000E+00  0.0000000E+00  0.0000000E+00
         1   281      1  0.0000000E+00  0.0000000E+00  0.0000000E+00  0.0000000E+00  0.0000000E+00  0.0000000E+00
         1   281      2  0.1918417E-03 -0.5303578E-04  0.0000000E+00  0.0000000E+00 -0.1758028E-03  0.0000000E+00
         1   281      3  0.2875348E-03 -0.7957580E-04  0.0000000E+00  0.0000000E+00 -0.2636775E-03  0.0000000E+00
         1   281      4  0.3830760E-03 -0.1061307E-03  0.0000000E+00  0.0000000E+00 -0.3515346E-03  0.0000000E+00
         1   281      5  0.4784651E-03 -0.1327004E-03  0.0000000E+00  0.0000000E+00 -0.4393742E-03  0.0000000E+00
         1   281      6  0.5737020E-03 -0.1592850E-03  0.0000000E+00  0.0000000E+00 -0.5271967E-03  0.0000000E+00
         1   281      7  0.6687867E-03 -0.1858847E-03  0.0000000E+00  0.0000000E+00 -0.6150021E-03  0.0000000E+00
         1   281      8  0.7637189E-03 -0.2124993E-03  0.0000000E+00  0.0000000E+00 -0.7027906E-03  0.0000000E+00
         1   281      9  0.8584987E-03 -0.2391291E-03  0.0000000E+00  0.0000000E+00 -0.7905625E-03  0.0000000E+00
         1   281     10  0.3040856E-02  0.7263349E-04  0.0000000E+00  0.0000000E+00  0.3624378E-01  0.1000000E-02

         1   282      0  0.0000000E+00  0.0000000E+00  0.0000000E+00  0.0000000E+00  0.0000000E+00  0.0000000E+00
         1   282      1  0.0000000E+00  0.0000000E+00  0.0000000E+00  0.0000000E+00  0.0000000E+00  0.0000000E+00
         1   282      2  0.1838863E-03 -0.5303578E-04  0.0000000E+00  0.0000000E+00 -0.1758030E-03  0.0000000E+00
         1   282      3  0.2755984E-03 -0.7957580E-04  0.0000000E+00  0.0000000E+00 -0.2636778E-03  0.0000000E+00
         1   282      4  0.3671564E-03 -0.1061307E-03  0.0000000E+00  0.0000000E+00 -0.3515350E-03  0.0000000E+00
         1   282      5  0.4585600E-03 -0.1327004E-03  0.0000000E+00  0.0000000E+00 -0.4393750E-03  0.0000000E+00
         1   282      6  0.5498093E-03 -0.1592850E-03  0.0000000E+00  0.0000000E+00 -0.5271977E-03  0.0000000E+00
         1   282      7  0.6409040E-03 -0.1858847E-03  0.0000000E+00  0.0000000E+00 -0.6150035E-03  0.0000000E+00
         1   282      8  0.7318440E-03 -0.2124993E-03  0.0000000E+00  0.0000000E+00 -0.7027925E-03  0.0000000E+00
         1   282      9  0.8226293E-03 -0.2391291E-03  0.0000000E+00  0.0000000E+00 -0.7905649E-03  0.0000000E+00
         1   282     10  0.3051745E-02  0.7263349E-04  0.0000000E+00  0.0000000E+00  0.3627343E-01  0.1000000E-02

         1   283      0  0.0000000E+00  0.0000000E+00  0.0000000E+00  0.0000000E+00  0.0000000E+00  0.0000000E+00
         1   283      1  0.0000000E+00  0.0000000E+00  0.0000000E+00  0.0000000E+00  0.0000000E+00  0.0000000E+00
         1   283      2  0.1706274E-03 -0.5303578E-04  0.0000000E+00  0.0000000E+00 -0.1758032E-03  0.0000000E+00
         1   283      3  0.2557045E-03 -0.7957580E-04  0.0000000E+00  0.0000000E+00 -0.2636782E-03  0.0000000E+00
         1   283      4  0.3406237E-03 -0.1061307E-03  0.0000000E+00  0.0000000E+00 -0.3515358E-03  0.0000000E+00
         1   283      5  0.4253849E-03 -0.1327004E-03  0.0000000E+00  0.0000000E+00 -0.4393762E-03  0.0000000E+00
         1   283      6  0.5099880E-03 -0.1592850E-03  0.0000000E+00  0.0000000E+00 -0.5271995E-03  0.0000000E+00
         1   283      7  0.5944328E-03 -0.1858847E-03  0.0000000E+00  0.0000000E+00 -0.6150059E-03  0.0000000E+00
         1   283      8  0.6787192E-03 -0.2124993E-03  0.0000000E+00  0.0000000E+00 -0.7027957E-03  0.0000000E+00
         1   283      9  0.7628470E-03 -0.2391291E-03  0.0000000E+00  0.0000000E+00 -0.7905689E-03  0.0000000E+00
         1   283     10  0.3069893E-02  0.7263349E-04  0.0000000E+00  0.0000000E+00  0.3632286E-01  0.1000000E-02

         1   284      0  0.0000000E+00  0.0000000E+00  0.0000000E+00  0.0000000E+00  0.0000000E+00  0.0000000E+00
         1   284      1  0.0000000E+00  0.0000000E+00  0.0000000E+00  0.0000000E+00  0.0000000E+00  0.0000000E+00
         1   284      2 -0.7898151E-04 -0.5329027E-04  0.0000000E+00  0.0000000E+00 -0.1810671E-03  0.0000000E+00
         1   284      3 -0.1188101E-03 -0.7995620E-04  0.0000000E+00  0.0000000E+00 -0.2715439E-03  0.0000000E+00
         1   284      4 -0.1588644E-03 -0.1066361E-03  0.0000000E+00  0.0000000E+00 -0.3619831E-03  0.0000000E+00
         1   284      5 -0.1991448E-03 -0.1333300E-03  0.0000000E+00  0.0000000E+00 -0.4523849E-03  0.0000000E+00
         1   284      6 -0.2396516E-03 -0.1600379E-03  0.0000000E+00  0.0000000E+00 -0.5427494E-03  0.0000000E+00
         1   284      7 -0.2803853E-03 -0.1867599E-03  0.0000000E+00  0.0000000E+00 -0.6330768E-03  0.0000000E+00
         1   284      8 -0.3213461E-03 -0.2134960E-03  0.0000000E+00  0.0000000E+00 -0.7233672E-03  0.0000000E+00
         1   284      9 -0.3625345E-03 -0.2402464E-03  0.0000000E+00  0.0000000E+00 -0.8136209E-03  0.0000000E+00
         1   284     10  0.3636453E-02  0.1687958E-03  0.0000000E+00  0.0000000E+00  0.3686957E-01  0.1000000E-02

         1   285      0  0.0000000E+00  0.0000000E+00  0.0000000E+00  0.0000000E+00  0.0000000E+00  0.0000000E+00
         1   285      1  0.0000000E+00  0.0000000E+00  0.0000000E+00  0.0000000E+00  0.0000000E+00  0.0000000E+00
         1   285      2 -0.9230408E-04 -0.5329027E-04  0.0000000E+00  0.0000000E+00 -0.1810673E-03  0.0000000E+00
         1   285      3 -0.1387992E-03 -0.7995620E-04  0.0000000E+00  0.0000000E+00 -0.2715444E-03  0.0000000E+00
         1   285      4 -0.1855234E-03 -0.1066361E-03  0.0000000E+00  0.0000000E+00 -0.3619839E-03  0.0000000E+00
         1   285      5 -0.2324773E-03 -0.1333300E-03  0.0000000E+00  0.0000000E+00 -0.4523861E-03  0.0000000E+00
         1   285      6 -0.2796611E-03 -0.1600379E-03  0.0000000E+00  0.0000000E+00 -0.5427512E-03  0.0000000E+00
         1   285      7 -0.3270752E-03 -0.1867599E-03  0.0000000E+00  0.0000000E+00 -0.6330792E-03  0.0000000E+00
         1   285      8 -0.3747201E-03 -0.2134960E-03  0.0000000E+00  0.0000000E+00 -0.7233704E-03  0.0000000E+00
         1   285      9 -0.4225961E-03 -0.2402464E-03  0.0000000E+00  0.0000000E+00 -0.8136249E-03  0.0000000E+00
         1   285     10  0.3678629E-02  0.1687958E-03  0.0000000E+00  0.0000000E+00  0.3691899E-01  0.1000000E-02

         1   286      0  0.0000000E+00  0.0000000E+00  0.0000000E+00  0.0000000E+00  0.0000000E+00  0.0000000E+00
         1   286      1  0.0000000E+00  0.0000000E+00  0.0000000E+00  0.0000000E+00  0.0000000E+00  0.0000000E+00
         1   286      2 -0.1002976E-03 -0.5329043E-04  0.0000000E+00  0.0000000E+00 -0.1810674E-03  0.0000000E+00
         1   286      3 -0.1507926E-03 -0.7995659E-04  0.0000000E+00  0.0000000E+00 -0.2715446E-03  0.0000000E+00
         1   286      4 -0.2015189E-03 -0.1066368E-03  0.0000000E+00  0.0000000E+00 -0.3619844E-03  0.0000000E+00
         1   286      5 -0.2524768E-03 -0.1333310E-03  0.0000000E+00  0.0000000E+00 -0.4523869E-03  0.0000000E+00
         1   286      6 -0.3036669E-03 -0.1600394E-03  0.0000000E+00  0.0000000E+00 -0.5427523E-03  0.0000000E+00
         1   286      7 -0.3550894E-03 -0.1867620E-03  0.0000000E+00  0.0000000E+00 -0.6330807E-03  0.0000000E+00
         1   286      8 -0.4067447E-03 -0.2134988E-03  0.0000000E+00  0.0000000E+00 -0.7233723E-03  0.0000000E+00
         1   286      9 -0.4586333E-03 -0.2402499E-03  0.0000000E+00  0.0000000E+00 -0.8136273E-03  0.0000000E+00
         1   286     10  0.3703916E-02  0.1685470E-03  0.0000000E+00  0.0000000E+00  0.3694864E-01  0.1000000E-02

         1   287      0  0.0000000E+00  0.0000000E+00  0.0000000E+00  0.0000000E+00  0.0000000E+00  0.0000000E+00
         1   287      1  0.0000000E+00  0.0000000E+00  0.0000000E+00  0.0000000E+00  0.0000000E+00  0.0000000E+00
         1   287      2 -0.1136202E-03 -0.5329043E-04  0.0000000E+00  0.0000000E+00 -0.1810676E-03  0.0000000E+00
         1   287      3 -0.1707818E-03 -0.7995659E-04  0.0000000E+00  0.0000000E+00 -0.2715451E-03  0.0000000E+00
         1   287      4 -0.2281781E-03 -0.1066368E-03  0.0000000E+00  0.0000000E+00 -0.3619852E-03  0.0000000E+00
         1   287      5 -0.2858096E-03 -0.1333310E-03  0.0000000E+00  0.0000000E+00 -0.4523881E-03  0.0000000E+00
         1   287      6 -0.3436767E-03 -0.1600394E-03  0.0000000E+00  0.0000000E+00 -0.5427540E-03  0.0000000E+00
         1   287      7 -0.4017799E-03 -0.1867620E-03  0.0000000E+00  0.0000000E+00 -0.6330831E-03  0.0000000E+00
         1   287      8 -0.4601194E-03 -0.2134988E-03  0.0000000E+00  0.0000000E+00 -0.7233754E-03  0.0000000E+00
         1   287      9 -0.5186958E-03 -0.2402499E-03  0.0000000E+00  0.0000000E+00 -0.8136313E-03  0.0000000E+00
         1   287     10  0.3746029E-02  0.1685470E-03  0.0000000E+00  0.0000000E+00  0.3699807E-01  0.1000000E-02

         1   288      0  0.0000000E+00  0.0000000E+00  0.0000000E+00  0.0000000E+00  0.0000000E+00  0.0000000E+00
         1   288      1  0.0000000E+00  0.0000000E+00  0.0000000E+00  0.0000000E+00  0.0000000E+00  0.0000000E+00
         1   288      2 -0.1377956E-03 -0.4308463E-04  0.0000000E+00  0.0000000E+00 -0.1810682E-03  0.0000000E+00
         1   288      3 -0.2070481E-03 -0.6461922E-04  0.0000000E+00  0.0000000E+00 -0.2715463E-03  0.0000000E+00
         1   288      4 -0.2765376E-03 -0.8614869E-04  0.0000000E+00  0.0000000E+00 -0.3619874E-03  0.0000000E+00
         1   288      5 -0.3462646E-03 -0.1076730E-03  0.0000000E+00  0.0000000E+00 -0.4523916E-03  0.0000000E+00
         1   288      6 -0.4162294E-03 -0.1291923E-03  0.0000000E+00  0.0000000E+00 -0.5427591E-03  0.0000000E+00
         1   288      7 -0.4864326E-03 -0.1507065E-03  0.0000000E+00  0.0000000E+00 -0.6330899E-03  0.0000000E+00
         1   288      8 -0.5568745E-03 -0.1722157E-03  0.0000000E+00  0.0000000E+00 -0.7233844E-03  0.0000000E+00
         1   288      9 -0.6275555E-03 -0.1937198E-03  0.0000000E+00  0.0000000E+00 -0.8136427E-03  0.0000000E+00
         1   288     10  0.3754238E-02 -0.1358045E-03  0.0000000E+00  0.0000000E+00  0.3709671E-01  0.1000000E-02

         1   289      0  0.0000000E+00  0.0000000E+00  0.0000000E+00  0.0000000E+00  0.0000000E+00  0.0000000E+00
         1   289      1  0.0000000E+00  0.0000000E+00  0.0000000E+00  0.0000000E+00  0.0000000E+00  0.0000000E+00
         1   289      2 -0.1564150E-03 -0.3114166E-04  0.0000000E+00  0.0000000E+00 -0.1810687E-03  0.0000000E+00
         1   289      3 -0.2349662E-03 -0.4667640E-04  0.0000000E+00  0.0000000E+00 -0.2715475E-03  0.0000000E+00
         1   289      4 -0.3137471E-03 -0.6218708E-04  0.0000000E+00  0.0000000E+00 -0.3619895E-03  0.0000000E+00
         1   289      5 -0.3927581E-03 -0.7767367E-04  0.0000000E+00  0.0000000E+00 -0.4523948E-03  0.0000000E+00
         1   289      6 -0.4719997E-03 -0.9313615E-04  0.0000000E+00  0.0000000E+00 -0.5427637E-03  0.0000000E+00
         1   289      7 -0.5514723E-03 -0.1085745E-03  0.0000000E+00  0.0000000E+00 -0.6330962E-03  0.0000000E+00
         1   289      8 -0.6311762E-03 -0.1239887E-03  0.0000000E+00  0.0000000E+00 -0.7233926E-03  0.0000000E+00
         1   289      9 -0.7111121E-03 -0.1393788E-03  0.0000000E+00  0.0000000E+00 -0.8136531E-03  0.0000000E+00
         1   289     10  0.3611212E-02 -0.4346853E-03  0.0000000E+00  0.0000000E+00  0.3719535E-01  0.1000000E-02

         1   290      0  0.0000000E+00  0.0000000E+00  0.0000000E+00  0.0000000E+00  0.0000000E+00  0.0000000E+00
         1   290      1  0.0000000E+00  0.0000000E+00  0.0000000E+00  0.0000000E+00  0.0000000E+00  0.0000000E+00
         1   290      2 -0.1642004E-03 -0.3114166E-04  0.0000000E+00  0.0000000E+00 -0.1810687E-03  0.0000000E+00
         1   290      3 -0.2466353E-03 -0.4667640E-04  0.0000000E+00  0.0000000E+00 -0.2715476E-03  0.0000000E+00
         1   290      4 -0.3292938E-03 -0.6218708E-04  0.0000000E+00  0.0000000E+00 -0.3619897E-03  0.0000000E+00
         1   290      5 -0.4121765E-03 -0.7767367E-04  0.0000000E+00  0.0000000E+00 -0.4523952E-03  0.0000000E+00
         1   290      6 -0.4952837E-03 -0.9313615E-04  0.0000000E+00  0.0000000E+00 -0.5427643E-03  0.0000000E+00
         1   290      7 -0.5786159E-03 -0.1085745E-03  0.0000000E+00  0.0000000E+00 -0.6330970E-03  0.0000000E+00
         1   290      8 -0.6621734E-03 -0.1239887E-03  0.0000000E+00  0.0000000E+00 -0.7233937E-03  0.0000000E+00
         1   290      9 -0.7459568E-03 -0.1393788E-03  0.0000000E+00  0.0000000E+00 -0.8136544E-03  0.0000000E+00
         1   290     10  0.3502601E-02 -0.4346853E-03  0.0000000E+00  0.0000000E+00  0.3724476E-01  0.1000000E-02

         1   291      0  0.0000000E+00  0.0000000E+00  0.0000000E+00  0.0000000E+00  0.0000000E+00  0.0000000E+00
         1   291      1  0.0000000E+00  0.0000000E+00  0.0000000E+00  0.0000000E+00  0.0000000E+00  0.0000000E+00
         1   291      2 -0.1688716E-03 -0.3114166E-04  0.0000000E+00  0.0000000E+00 -0.1810688E-03  0.0000000E+00
         1   291      3 -0.2536367E-03 -0.4667640E-04  0.0000000E+00  0.0000000E+00 -0.2715477E-03  0.0000000E+00
         1   291      4 -0.3386219E-03 -0.6218708E-04  0.0000000E+00  0.0000000E+00 -0.3619899E-03  0.0000000E+00
         1   291      5 -0.4238276E-03 -0.7767367E-04  0.0000000E+00  0.0000000E+00 -0.4523955E-03  0.0000000E+00
         1   291      6 -0.5092542E-03 -0.9313615E-04  0.0000000E+00  0.0000000E+00 -0.5427646E-03  0.0000000E+00
         1   291      7 -0.5949021E-03 -0.1085745E-03  0.0000000E+00  0.0000000E+00 -0.6330975E-03  0.0000000E+00
         1   291      8 -0.6807717E-03 -0.1239887E-03  0.0000000E+00  0.0000000E+00 -0.7233944E-03  0.0000000E+00
         1   291      9 -0.7668636E-03 -0.1393788E-03  0.0000000E+00  0.0000000E+00 -0.8136552E-03  0.0000000E+00
         1   291     10  0.3437435E-02 -0.4346853E-03  0.0000000E+00  0.0000000E+00  0.3727441E-01  0.1000000E-02

         1   292      0  0.0000000E+00  0.0000000E+00  0.0000000E+00  0.0000000E+00  0.0000000E+00  0.0000000E+00
         1   292      1  0.0000000E+00  0.0000000E+00  0.0000000E+00  0.0000000E+00  0.0000000E+00  0.0000000E+00
         1   292      2 -0.1766570E-03 -0.3114166E-04  0.0000000E+00  0.0000000E+00 -0.1810688E-03  0.0000000E+00
         1   292      3 -0.2653058E-03 -0.4667640E-04  0.0000000E+00  0.0000000E+00 -0.2715479E-03  0.0000000E+00
         1   292      4 -0.3541687E-03 -0.6218708E-04  0.0000000E+00  0.0000000E+00 -0.3619901E-03  0.0000000E+00
         1   292      5 -0.4432460E-03 -0.7767367E-04  0.0000000E+00  0.0000000E+00 -0.4523959E-03  0.0000000E+00
         1   292      6 -0.5325382E-03 -0.9313615E-04  0.0000000E+00  0.0000000E+00 -0.5427652E-03  0.0000000E+00
         1   292      7 -0.6220457E-03 -0.1085745E-03  0.0000000E+00  0.0000000E+00 -0.6330984E-03  0.0000000E+00
         1   292      8 -0.7117689E-03 -0.1239887E-03  0.0000000E+00  0.0000000E+00 -0.7233954E-03  0.0000000E+00
         1   292      9 -0.8017083E-03 -0.1393788E-03  0.0000000E+00  0.0000000E+00 -0.8136566E-03  0.0000000E+00
         1   292     10  0.3328824E-02 -0.4346853E-03  0.0000000E+00  0.0000000E+00  0.3732382E-01  0.1000000E-02

         1   293      0  0.0000000E+00  0.0000000E+00  0.0000000E+00  0.0000000E+00  0.0000000E+00  0.0000000E+00
         1   293      1  0.0000000E+00  0.0000000E+00  0.0000000E+00  0.0000000E+00  0.0000000E+00  0.0000000E+00
         1   293      2 -0.3196394E-03 -0.2976559E-04  0.0000000E+00  0.0000000E+00 -0.1525841E-03  0.0000000E+00
         1   293      3 -0.4796057E-03 -0.4461109E-04  0.0000000E+00  0.0000000E+00 -0.2287949E-03  0.0000000E+00
         1   293      4 -0.6396702E-03 -0.5943172E-04  0.0000000E+00  0.0000000E+00 -0.3049518E-03  0.0000000E+00
         1   293      5 -0.7998332E-03 -0.7422745E-04  0.0000000E+00  0.0000000E+00 -0.3810548E-03  0.0000000E+00
         1   293      6 -0.9600951E-03 -0.8899827E-04  0.0000000E+00  0.0000000E+00 -0.4571042E-03  0.0000000E+00
         1   293      7 -0.1120456E-02 -0.1037442E-03  0.0000000E+00  0.0000000E+00 -0.5330998E-03  0.0000000E+00
         1   293      8 -0.1280917E-02 -0.1184651E-03  0.0000000E+00  0.0000000E+00 -0.6090420E-03  0.0000000E+00
         1   293      9 -0.1441477E-02 -0.1331611E-03  0.0000000E+00  0.0000000E+00 -0.6849309E-03  0.0000000E+00
         1   293     10  0.1526427E-02 -0.3334111E-03  0.0000000E+00  0.0000000E+00  0.3797653E-01  0.1000000E-02

         1   294      0  0.0000000E+00  0.0000000E+00  0.0000000E+00  0.0000000E+00  0.0000000E+00  0.0000000E+00
         1   294      1  0.0000000E+00  0.0000000E+00  0.0000000E+00  0.0000000E+00  0.0000000E+00  0.0000000E+00
         1   294      2 -0.3270808E-03 -0.2976559E-04  0.0000000E+00  0.0000000E+00 -0.1525841E-03  0.0000000E+00
         1   294      3 -0.4907585E-03 -0.4461109E-04  0.0000000E+00  0.0000000E+00 -0.2287951E-03  0.0000000E+00
         1   294      4 -0.6545281E-03 -0.5943172E-04  0.0000000E+00  0.0000000E+00 -0.3049521E-03  0.0000000E+00
         1   294      5 -0.8183901E-03 -0.7422745E-04  0.0000000E+00  0.0000000E+00 -0.3810552E-03  0.0000000E+00
         1   294      6 -0.9823447E-03 -0.8899827E-04  0.0000000E+00  0.0000000E+00 -0.4571047E-03  0.0000000E+00
         1   294      7 -0.1146392E-02 -0.1037442E-03  0.0000000E+00  0.0000000E+00 -0.5331006E-03  0.0000000E+00
         1   294      8 -0.1310533E-02 -0.1184651E-03  0.0000000E+00  0.0000000E+00 -0.6090430E-03  0.0000000E+00
         1   294      9 -0.1474768E-02 -0.1331611E-03  0.0000000E+00  0.0000000E+00 -0.6849321E-03  0.0000000E+00
         1   294     10  0.1443120E-02 -0.3334111E-03  0.0000000E+00  0.0000000E+00  0.3802594E-01  0.1000000E-02

         1   295      0  0.0000000E+00  0.0000000E+00  0.0000000E+00  0.0000000E+00  0.0000000E+00  0.0000000E+00
         1   295      1  0.0000000E+00  0.0000000E+00  0.0000000E+00  0.0000000E+00  0.0000000E+00  0.0000000E+00
         1   295      2 -0.3315456E-03 -0.2976559E-04  0.0000000E+00  0.0000000E+00 -0.1525842E-03  0.0000000E+00
         1   295      3 -0.4974501E-03 -0.4461109E-04  0.0000000E+00  0.0000000E+00 -0.2287952E-03  0.0000000E+00
         1   295      4 -0.6634429E-03 -0.5943172E-04  0.0000000E+00  0.0000000E+00 -0.3049522E-03  0.0000000E+00
         1   295      5 -0.8295242E-03 -0.7422745E-04  0.0000000E+00  0.0000000E+00 -0.3810555E-03  0.0000000E+00
         1   295      6 -0.9956944E-03 -0.8899827E-04  0.0000000E+00  0.0000000E+00 -0.4571050E-03  0.0000000E+00
         1   295      7 -0.1161954E-02 -0.1037442E-03  0.0000000E+00  0.0000000E+00 -0.5331010E-03  0.0000000E+00
         1   295      8 -0.1328303E-02 -0.1184651E-03  0.0000000E+00  0.0000000E+00 -0.6090436E-03  0.0000000E+00
         1   295      9 -0.1494742E-02 -0.1331611E-03  0.0000000E+00  0.0000000E+00 -0.6849328E-03  0.0000000E+00
         1   295     10  0.1393136E-02 -0.3334111E-03  0.0000000E+00  0.0000000E+00  0.3805559E-01  0.1000000E-02

         1   296      0  0.0000000E+00  0.0000000E+00  0.0000000E+00  0.0000000E+00  0.0000000E+00  0.0000000E+00
         1   296      1  0.0000000E+00  0.0000000E+00  0.0000000E+00  0.0000000E+00  0.0000000E+00  0.0000000E+00
         1   296      2 -0.3389870E-03 -0.2976559E-04  0.0000000E+00  0.0000000E+00 -0.1525842E-03  0.0000000E+00
         1   296      3 -0.5086029E-03 -0.4461109E-04  0.0000000E+00  0.0000000E+00 -0.2287953E-03  0.0000000E+00
         1   296      4 -0.6783008E-03 -0.5943172E-04  0.0000000E+00  0.0000000E+00 -0.3049525E-03  0.0000000E+00
         1   296      5 -0.8480811E-03 -0.7422745E-04  0.0000000E+00  0.0000000E+00 -0.3810558E-03  0.0000000E+00
         1   296      6 -0.1017944E-02 -0.8899827E-04  0.0000000E+00  0.0000000E+00 -0.4571056E-03  0.0000000E+00
         1   296      7 -0.1187890E-02 -0.1037442E-03  0.0000000E+00  0.0000000E+00 -0.5331018E-03  0.0000000E+00
         1   296      8 -0.1357919E-02 -0.1184651E-03  0.0000000E+00  0.0000000E+00 -0.6090446E-03  0.0000000E+00
         1   296      9 -0.1528032E-02 -0.1331611E-03  0.0000000E+00  0.0000000E+00 -0.6849341E-03  0.0000000E+00
         1   296     10  0.1309830E-02 -0.3334111E-03  0.0000000E+00  0.0000000E+00  0.3810501E-01  0.1000000E-02

         1   297      0  0.0000000E+00  0.0000000E+00  0.0000000E+00  0.0000000E+00  0.0000000E+00  0.0000000E+00
         1   297      1  0.0000000E+00  0.0000000E+00  0.0000000E+00  0.0000000E+00  0.0000000E+00  0.0000000E+00
         1   297      2 -0.3602323E-03 -0.5547649E-04  0.0000000E+00  0.0000000E+00 -0.1525829E-03  0.0000000E+00
         1   297      3 -0.5404543E-03 -0.8318584E-04  0.0000000E+00  0.0000000E+00 -0.2287923E-03  0.0000000E+00
         1   297      4 -0.7207473E-03 -0.1108759E-03  0.0000000E+00  0.0000000E+00 -0.3049471E-03  0.0000000E+00
         1   297      5 -0.9011117E-03 -0.1385468E-03  0.0000000E+00  0.0000000E+00 -0.3810475E-03  0.0000000E+00
         1   297      6 -0.1081548E-02 -0.1661984E-03  0.0000000E+00  0.0000000E+00 -0.4570935E-03  0.0000000E+00
         1   297      7 -0.1262056E-02 -0.1938308E-03  0.0000000E+00  0.0000000E+00 -0.5330853E-03  0.0000000E+00
         1   297      8 -0.1442636E-02 -0.2214439E-03  0.0000000E+00  0.0000000E+00 -0.6090231E-03  0.0000000E+00
         1   297      9 -0.1623289E-02 -0.2490379E-03  0.0000000E+00  0.0000000E+00 -0.6849068E-03  0.0000000E+00
         1   297     10  0.1166400E-02 -0.2423901E-03  0.0000000E+00  0.0000000E+00  0.3820387E-01  0.1000000E-02

         1   298      0  0.0000000E+00  0.0000000E+00  0.0000000E+00  0.0000000E+00  0.0000000E+00  0.0000000E+00
         1   298      1  0.0000000E+00  0.0000000E+00  0.0000000E+00  0.0000000E+00  0.0000000E+00  0.0000000E+00
         1   298      2 -0.3948052E-03 -0.8323988E-04  0.0000000E+00  0.0000000E+00 -0.1525817E-03  0.0000000E+00
         1   298      3 -0.5923011E-03 -0.1248382E-03  0.0000000E+00  0.0000000E+00 -0.2287896E-03  0.0000000E+00
         1   298      4 -0.7898596E-03 -0.1664223E-03  0.0000000E+00  0.0000000E+00 -0.3049423E-03  0.0000000E+00
         1   298      5 -0.9874811E-03 -0.2079920E-03  0.0000000E+00  0.0000000E+00 -0.3810400E-03  0.0000000E+00
         1   298      6 -0.1185166E-02 -0.2495475E-03  0.0000000E+00  0.0000000E+00 -0.4570827E-03  0.0000000E+00
         1   298      7 -0.1382914E-02 -0.2910887E-03  0.0000000E+00  0.0000000E+00 -0.5330707E-03  0.0000000E+00
         1   298      8 -0.1580727E-02 -0.3326156E-03  0.0000000E+00  0.0000000E+00 -0.6090039E-03  0.0000000E+00
         1   298      9 -0.1778604E-02 -0.3741284E-03  0.0000000E+00  0.0000000E+00 -0.6848826E-03  0.0000000E+00
         1   298     10  0.1066084E-02 -0.1603288E-03  0.0000000E+00  0.0000000E+00  0.3830273E-01  0.1000000E-02

         1   299      0  0.0000000E+00  0.0000000E+00  0.0000000E+00  0.0000000E+00  0.0000000E+00  0.0000000E+00
         1   299      1  0.0000000E+00  0.0000000E+00  0.0000000E+00  0.0000000E+00  0.0000000E+00  0.0000000E+00
         1   299      2 -0.4156151E-03 -0.8323988E-04  0.0000000E+00  0.0000000E+00 -0.1525822E-03  0.0000000E+00
         1   299      3 -0.6235106E-03 -0.1248382E-03  0.0000000E+00  0.0000000E+00 -0.2287907E-03  0.0000000E+00
         1   299      4 -0.8314652E-03 -0.1664223E-03  0.0000000E+00  0.0000000E+00 -0.3049442E-03  0.0000000E+00
         1   299      5 -0.1039479E-02 -0.2079920E-03  0.0000000E+00  0.0000000E+00 -0.3810430E-03  0.0000000E+00
         1   299      6 -0.1247553E-02 -0.2495475E-03  0.0000000E+00  0.0000000E+00 -0.4570871E-03  0.0000000E+00
         1   299      7 -0.1455687E-02 -0.2910887E-03  0.0000000E+00  0.0000000E+00 -0.5330766E-03  0.0000000E+00
         1   299      8 -0.1663881E-02 -0.3326156E-03  0.0000000E+00  0.0000000E+00 -0.6090116E-03  0.0000000E+00
         1   299      9 -0.1872136E-02 -0.3741284E-03  0.0000000E+00  0.0000000E+00 -0.6848923E-03  0.0000000E+00
         1   299     10  0.1026024E-02 -0.1603288E-03  0.0000000E+00  0.0000000E+00  0.3835215E-01  0.1000000E-02

         1   300      0  0.0000000E+00  0.0000000E+00  0.0000000E+00  0.0000000E+00  0.0000000E+00  0.0000000E+00
         1   300      1  0.0000000E+00  0.0000000E+00  0.0000000E+00  0.0000000E+00  0.0000000E+00  0.0000000E+00
         1   300      2 -0.4281011E-03 -0.8323988E-04  0.0000000E+00  0.0000000E+00 -0.1525825E-03  0.0000000E+00
         1   300      3 -0.6422364E-03 -0.1248382E-03  0.0000000E+00  0.0000000E+00 -0.2287913E-03  0.0000000E+00
         1   300      4 -0.8564285E-03 -0.1664223E-03  0.0000000E+00  0.0000000E+00 -0.3049454E-03  0.0000000E+00
         1   300      5 -0.1070678E-02 -0.2079920E-03  0.0000000E+00  0.0000000E+00 -0.3810448E-03  0.0000000E+00
         1   300      6 -0.1284985E-02 -0.2495475E-03  0.0000000E+00  0.0000000E+00 -0.4570897E-03  0.0000000E+00
         1   300      7 -0.1499350E-02 -0.2910887E-03  0.0000000E+00  0.0000000E+00 -0.5330801E-03  0.0000000E+00
         1   300      8 -0.1713773E-02 -0.3326156E-03  0.0000000E+00  0.0000000E+00 -0.6090162E-03  0.0000000E+00
         1   300      9 -0.1928255E-02 -0.3741284E-03  0.0000000E+00  0.0000000E+00 -0.6848981E-03  0.0000000E+00
         1   300     10  0.1001988E-02 -0.1603288E-03  0.0000000E+00  0.0000000E+00  0.3838180E-01  0.1000000E-02

         1   301      0  0.0000000E+00  0.0000000E+00  0.0000000E+00  0.0000000E+00  0.0000000E+00  0.0000000E+00
         1   301      1  0.0000000E+00  0.0000000E+00  0.0000000E+00  0.0000000E+00  0.0000000E+00  0.0000000E+00
         1   301      2 -0.4489111E-03 -0.8323988E-04  0.0000000E+00  0.0000000E+00 -0.1525830E-03  0.0000000E+00
         1   301      3 -0.6734459E-03 -0.1248382E-03  0.0000000E+00  0.0000000E+00 -0.2287924E-03  0.0000000E+00
         1   301      4 -0.8980341E-03 -0.1664223E-03  0.0000000E+00  0.0000000E+00 -0.3049473E-03  0.0000000E+00
         1   301      5 -0.1122676E-02 -0.2079920E-03  0.0000000E+00  0.0000000E+00 -0.3810478E-03  0.0000000E+00
         1   301      6 -0.1347372E-02 -0.2495475E-03  0.0000000E+00  0.0000000E+00 -0.4570940E-03  0.0000000E+00
         1   301      7 -0.1572122E-02 -0.2910887E-03  0.0000000E+00  0.0000000E+00 -0.5330860E-03  0.0000000E+00
         1   301      8 -0.1796927E-02 -0.3326156E-03  0.0000000E+00  0.0000000E+00 -0.6090239E-03  0.0000000E+00
         1   301      9 -0.2021787E-02 -0.3741284E-03  0.0000000E+00  0.0000000E+00 -0.6849078E-03  0.0000000E+00
         1   301     10  0.9619277E-03 -0.1603288E-03  0.0000000E+00  0.0000000E+00  0.3843123E-01  0.1000000E-02

         1   302      0  0.0000000E+00  0.0000000E+00  0.0000000E+00  0.0000000E+00  0.0000000E+00  0.0000000E+00
         1   302      1  0.0000000E+00  0.0000000E+00  0.0000000E+00  0.0000000E+00  0.0000000E+00  0.0000000E+00
         1   302      2 -0.8313892E-03 -0.7969056E-04  0.0000000E+00  0.0000000E+00 -0.7910672E-04  0.0000000E+00
         1   302      3 -0.1247053E-02 -0.1195148E-03  0.0000000E+00  0.0000000E+00 -0.1185825E-03  0.0000000E+00
         1   302      4 -0.1662697E-02 -0.1593250E-03  0.0000000E+00  0.0000000E+00 -0.1580066E-03  0.0000000E+00
         1   302      5 -0.2078322E-02 -0.1991212E-03  0.0000000E+00  0.0000000E+00 -0.1973791E-03  0.0000000E+00
         1   302      6 -0.2493928E-02 -0.2389035E-03  0.0000000E+00  0.0000000E+00 -0.2367001E-03  0.0000000E+00
         1   302      7 -0.2909516E-02 -0.2786719E-03  0.0000000E+00  0.0000000E+00 -0.2759697E-03  0.0000000E+00
         1   302      8 -0.3325086E-02 -0.3184263E-03  0.0000000E+00  0.0000000E+00 -0.3151878E-03  0.0000000E+00
         1   302      9 -0.3740639E-02 -0.3581669E-03  0.0000000E+00  0.0000000E+00 -0.3543547E-03  0.0000000E+00
         1   302     10  0.4694732E-03 -0.4955138E-04  0.0000000E+00  0.0000000E+00  0.3928047E-01  0.1000000E-02

         1   303      0  0.0000000E+00  0.0000000E+00  0.0000000E+00  0.0000000E+00  0.0000000E+00  0.0000000E+00
         1   303      1  0.0000000E+00  0.0000000E+00  0.0000000E+00  0.0000000E+00  0.0000000E+00  0.0000000E+00
         1   303      2 -0.8513119E-03 -0.7969056E-04  0.0000000E+00  0.0000000E+00 -0.7910716E-04  0.0000000E+00
         1   303      3 -0.1276932E-02 -0.1195148E-03  0.0000000E+00  0.0000000E+00 -0.1185835E-03  0.0000000E+00
         1   303      4 -0.1702529E-02 -0.1593250E-03  0.0000000E+00  0.0000000E+00 -0.1580084E-03  0.0000000E+00
         1   303      5 -0.2128103E-02 -0.1991212E-03  0.0000000E+00  0.0000000E+00 -0.1973819E-03  0.0000000E+00
         1   303      6 -0.2553654E-02 -0.2389035E-03  0.0000000E+00  0.0000000E+00 -0.2367041E-03  0.0000000E+00
         1   303      7 -0.2979184E-02 -0.2786719E-03  0.0000000E+00  0.0000000E+00 -0.2759751E-03  0.0000000E+00
         1   303      8 -0.3404693E-02 -0.3184263E-03  0.0000000E+00  0.0000000E+00 -0.3151949E-03  0.0000000E+00
         1   303      9 -0.3830181E-02 -0.3581669E-03  0.0000000E+00  0.0000000E+00 -0.3543636E-03  0.0000000E+00
         1   303     10  0.4570923E-03 -0.4955138E-04  0.0000000E+00  0.0000000E+00  0.3932989E-01  0.1000000E-02

         1   304      0  0.0000000E+00  0.0000000E+00  0.0000000E+00  0.0000000E+00  0.0000000E+00  0.0000000E+00
         1   304      1  0.0000000E+00  0.0000000E+00  0.0000000E+00  0.0000000E+00  0.0000000E+00  0.0000000E+00
         1   304      2 -0.8632655E-03 -0.7969056E-04  0.0000000E+00  0.0000000E+00 -0.7910742E-04  0.0000000E+00
         1   304      3 -0.1294859E-02 -0.1195148E-03  0.0000000E+00  0.0000000E+00 -0.1185841E-03  0.0000000E+00
         1   304      4 -0.1726427E-02 -0.1593250E-03  0.0000000E+00  0.0000000E+00 -0.1580094E-03  0.0000000E+00
         1   304      5 -0.2157971E-02 -0.1991212E-03  0.0000000E+00  0.0000000E+00 -0.1973835E-03  0.0000000E+00
         1   304      6 -0.2589490E-02 -0.2389035E-03  0.0000000E+00  0.0000000E+00 -0.2367065E-03  0.0000000E+00
         1   304      7 -0.3020985E-02 -0.2786719E-03  0.0000000E+00  0.0000000E+00 -0.2759783E-03  0.0000000E+00
         1   304      8 -0.3452457E-02 -0.3184263E-03  0.0000000E+00  0.0000000E+00 -0.3151991E-03  0.0000000E+00
         1   304      9 -0.3883906E-02 -0.3581669E-03  0.0000000E+00  0.0000000E+00 -0.3543689E-03  0.0000000E+00
         1   304     10  0.4496637E-03 -0.4955138E-04  0.0000000E+00  0.0000000E+00  0.3935955E-01  0.1000000E-02

         1   305      0  0.0000000E+00  0.0000000E+00  0.0000000E+00  0.0000000E+00  0.0000000E+00  0.0000000E+00
         1   305      1  0.0000000E+00  0.0000000E+00  0.0000000E+00  0.0000000E+00  0.0000000E+00  0.0000000E+00
         1   305      2 -0.8831881E-03 -0.7969056E-04  0.0000000E+00  0.0000000E+00 -0.7910786E-04  0.0000000E+00
         1   305      3 -0.1324738E-02 -0.1195148E-03  0.0000000E+00  0.0000000E+00 -0.1185851E-03  0.0000000E+00
         1   305      4 -0.1766259E-02 -0.1593250E-03  0.0000000E+00  0.0000000E+00 -0.1580112E-03  0.0000000E+00
         1   305      5 -0.2207751E-02 -0.1991212E-03  0.0000000E+00  0.0000000E+00 -0.1973863E-03  0.0000000E+00
         1   305      6 -0.2649216E-02 -0.2389035E-03  0.0000000E+00  0.0000000E+00 -0.2367104E-03  0.0000000E+00
         1   305      7 -0.3090653E-02 -0.2786719E-03  0.0000000E+00  0.0000000E+00 -0.2759837E-03  0.0000000E+00
         1   305      8 -0.3532063E-02 -0.3184263E-03  0.0000000E+00  0.0000000E+00 -0.3152061E-03  0.0000000E+00
         1   305      9 -0.3973448E-02 -0.3581669E-03  0.0000000E+00  0.0000000E+00 -0.3543778E-03  0.0000000E+00
         1   305     10  0.4372827E-03 -0.4955138E-04  0.0000000E+00  0.0000000E+00  0.3940897E-01  0.1000000E-02

         1   306      0  0.0000000E+00  0.0000000E+00  0.0000000E+00  0.0000000E+00  0.0000000E+00  0.0000000E+00
         1   306      1  0.0000000E+00  0.0000000E+00  0.0000000E+00  0.0000000E+00  0.0000000E+00  0.0000000E+00
         1   306      2 -0.9049601E-03 -0.7103703E-05  0.0000000E+00  0.0000000E+00 -0.7911979E-04  0.0000000E+00
         1   306      3 -0.1357386E-02 -0.1063847E-04  0.0000000E+00  0.0000000E+00 -0.1186119E-03  0.0000000E+00
         1   306      4 -0.1809777E-02 -0.1416183E-04  0.0000000E+00  0.0000000E+00 -0.1580589E-03  0.0000000E+00
         1   306      5 -0.2262133E-02 -0.1767377E-04  0.0000000E+00  0.0000000E+00 -0.1974608E-03  0.0000000E+00
         1   306      6 -0.2714455E-02 -0.2117426E-04  0.0000000E+00  0.0000000E+00 -0.2368178E-03  0.0000000E+00
         1   306      7 -0.3166744E-02 -0.2466330E-04  0.0000000E+00  0.0000000E+00 -0.2761298E-03  0.0000000E+00
         1   306      8 -0.3618999E-02 -0.2814086E-04  0.0000000E+00  0.0000000E+00 -0.3153969E-03  0.0000000E+00
         1   306      9 -0.4071221E-02 -0.3160692E-04  0.0000000E+00  0.0000000E+00 -0.3546192E-03  0.0000000E+00
         1   306     10  0.4038796E-03 -0.8368468E-04  0.0000000E+00  0.0000000E+00  0.3950782E-01  0.1000000E-02

         1   307      0  0.0000000E+00  0.0000000E+00  0.0000000E+00  0.0000000E+00  0.0000000E+00  0.0000000E+00
         1   307      1  0.0000000E+00  0.0000000E+00  0.0000000E+00  0.0000000E+00  0.0000000E+00  0.0000000E+00
         1   307      2 -0.8902440E-03  0.6576958E-04  0.0000000E+00  0.0000000E+00 -0.7913167E-04  0.0000000E+00
         1   307      3 -0.1335305E-02  0.9866678E-04  0.0000000E+00  0.0000000E+00 -0.1186386E-03  0.0000000E+00
         1   307      4 -0.1780325E-02  0.1315723E-03  0.0000000E+00  0.0000000E+00 -0.1581064E-03  0.0000000E+00
         1   307      5 -0.2225306E-02  0.1644863E-03  0.0000000E+00  0.0000000E+00 -0.1975350E-03  0.0000000E+00
         1   307      6 -0.2670248E-02  0.1974087E-03  0.0000000E+00  0.0000000E+00 -0.2369246E-03  0.0000000E+00
         1   307      7 -0.3115150E-02  0.2303397E-03  0.0000000E+00  0.0000000E+00 -0.2762752E-03  0.0000000E+00
         1   307      8 -0.3560015E-02  0.2632793E-03  0.0000000E+00  0.0000000E+00 -0.3155869E-03  0.0000000E+00
         1   307      9 -0.4004842E-02  0.2962275E-03  0.0000000E+00  0.0000000E+00 -0.3548596E-03  0.0000000E+00
         1   307     10  0.3542067E-03 -0.1144469E-03  0.0000000E+00  0.0000000E+00  0.3960667E-01  0.1000000E-02

         1   308      0  0.0000000E+00  0.0000000E+00  0.0000000E+00  0.0000000E+00  0.0000000E+00  0.0000000E+00
         1   308      1  0.0000000E+00  0.0000000E+00  0.0000000E+00  0.0000000E+00  0.0000000E+00  0.0000000E+00
         1   308      2 -0.8738016E-03  0.6576958E-04  0.0000000E+00  0.0000000E+00 -0.7913197E-04  0.0000000E+00
         1   308      3 -0.1310638E-02  0.9866678E-04  0.0000000E+00  0.0000000E+00 -0.1186393E-03  0.0000000E+00
         1   308      4 -0.1747432E-02  0.1315723E-03  0.0000000E+00  0.0000000E+00 -0.1581076E-03  0.0000000E+00
         1   308      5 -0.2184184E-02  0.1644863E-03  0.0000000E+00  0.0000000E+00 -0.1975369E-03  0.0000000E+00
         1   308      6 -0.2620895E-02  0.1974087E-03  0.0000000E+00  0.0000000E+00 -0.2369273E-03  0.0000000E+00
         1   308      7 -0.3057565E-02  0.2303397E-03  0.0000000E+00  0.0000000E+00 -0.2762789E-03  0.0000000E+00
         1   308      8 -0.3494195E-02  0.2632793E-03  0.0000000E+00  0.0000000E+00 -0.3155917E-03  0.0000000E+00
         1   308      9 -0.3930785E-02  0.2962275E-03  0.0000000E+00  0.0000000E+00 -0.3548657E-03  0.0000000E+00
         1   308     10  0.3256109E-03 -0.1144469E-03  0.0000000E+00  0.0000000E+00  0.3965609E-01  0.1000000E-02

         1   309      0  0.0000000E+00  0.0000000E+00  0.0000000E+00  0.0000000E+00  0.0000000E+00  0.0000000E+00
         1   309      1  0.0000000E+00  0.0000000E+00  0.0000000E+00  0.0000000E+00  0.0000000E+00  0.0000000E+00
         1   309      2 -0.8639362E-03  0.6576958E-04  0.0000000E+00  0.0000000E+00 -0.7913215E-04  0.0000000E+00
         1   309      3 -0.1295838E-02  0.9866678E-04  0.0000000E+00  0.0000000E+00 -0.1186397E-03  0.0000000E+00
         1   309      4 -0.1727696E-02  0.1315723E-03  0.0000000E+00  0.0000000E+00 -0.1581083E-03  0.0000000E+00
         1   309      5 -0.2159511E-02  0.1644863E-03  0.0000000E+00  0.0000000E+00 -0.1975380E-03  0.0000000E+00
         1   309      6 -0.2591284E-02  0.1974087E-03  0.0000000E+00  0.0000000E+00 -0.2369290E-03  0.0000000E+00
         1   309      7 -0.3023014E-02  0.2303397E-03  0.0000000E+00  0.0000000E+00 -0.2762811E-03  0.0000000E+00
         1   309      8 -0.3454703E-02  0.2632793E-03  0.0000000E+00  0.0000000E+00 -0.3155946E-03  0.0000000E+00
         1   309      9 -0.3886351E-02  0.2962275E-03  0.0000000E+00  0.0000000E+00 -0.3548694E-03  0.0000000E+00
         1   309     10  0.3084534E-03 -0.1144469E-03  0.0000000E+00  0.0000000E+00  0.3968574E-01  0.1000000E-02

         1   310      0  0.0000000E+00  0.0000000E+00  0.0000000E+00  0.0000000E+00  0.0000000E+00  0.0000000E+00
         1   310      1  0.0000000E+00  0.0000000E+00  0.0000000E+00  0.0000000E+00  0.0000000E+00  0.0000000E+00
         1   310      2 -0.8474938E-03  0.6576958E-04  0.0000000E+00  0.0000000E+00 -0.7913245E-04  0.0000000E+00
         1   310      3 -0.1271171E-02  0.9866678E-04  0.0000000E+00  0.0000000E+00 -0.1186404E-03  0.0000000E+00
         1   310      4 -0.1694803E-02  0.1315723E-03  0.0000000E+00  0.0000000E+00 -0.1581095E-03  0.0000000E+00
         1   310      5 -0.2118390E-02  0.1644863E-03  0.0000000E+00  0.0000000E+00 -0.1975399E-03  0.0000000E+00
         1   310      6 -0.2541932E-02  0.1974087E-03  0.0000000E+00  0.0000000E+00 -0.2369317E-03  0.0000000E+00
         1   310      7 -0.2965430E-02  0.2303397E-03  0.0000000E+00  0.0000000E+00 -0.2762848E-03  0.0000000E+00
         1   310      8 -0.3388883E-02  0.2632793E-03  0.0000000E+00  0.0000000E+00 -0.3155994E-03  0.0000000E+00
         1   310      9 -0.3812294E-02  0.2962275E-03  0.0000000E+00  0.0000000E+00 -0.3548754E-03  0.0000000E+00
         1   310     10  0.2798576E-03 -0.1144469E-03  0.0000000E+00  0.0000000E+00  0.3973517E-01  0.1000000E-02

         1   311      0  0.0000000E+00  0.0000000E+00  0.0000000E+00  0.0000000E+00  0.0000000E+00  0.0000000E+00
         1   311      1  0.0000000E+00  0.0000000E+00  0.0000000E+00  0.0000000E+00  0.0000000E+00  0.0000000E+00
         1   311      2 -0.5297437E-03  0.6958795E-04  0.0000000E+00  0.0000000E+00 -0.8973866E-07  0.0000000E+00
         1   311      3 -0.7944990E-03  0.1043934E-03  0.0000000E+00  0.0000000E+00 -0.9233310E-07  0.0000000E+00
         1   311      4 -0.1059177E-02  0.1392065E-03  0.0000000E+00  0.0000000E+00 -0.6677481E-07  0.0000000E+00
         1   311      5 -0.1323777E-02  0.1740274E-03  0.0000000E+00  0.0000000E+00 -0.1308718E-07  0.0000000E+00
         1   311      6 -0.1588301E-02  0.2088562E-03  0.0000000E+00  0.0000000E+00  0.6870601E-07  0.0000000E+00
         1   311      7 -0.1852747E-02  0.2436928E-03  0.0000000E+00  0.0000000E+00  0.1785806E-06  0.0000000E+00
         1   311      8 -0.2117117E-02  0.2785374E-03  0.0000000E+00  0.0000000E+00  0.3165120E-06  0.0000000E+00
         1   311      9 -0.2381410E-02  0.3133900E-03  0.0000000E+00  0.0000000E+00  0.4824754E-06  0.0000000E+00
         1   311     10  0.1014445E-04 -0.5062287E-06  0.0000000E+00  0.0000000E+00  0.4064988E-01  0.1000000E-02

         1   312      0  0.0000000E+00  0.0000000E+00  0.0000000E+00  0.0000000E+00  0.0000000E+00  0.0000000E+00
         1   312      1  0.0000000E+00  0.0000000E+00  0.0000000E+00  0.0000000E+00  0.0000000E+00  0.0000000E+00
         1   312      2 -0.5123467E-03  0.6958795E-04  0.0000000E+00  0.0000000E+00 -0.9007472E-07  0.0000000E+00
         1   312      3 -0.7684006E-03  0.1043934E-03  0.0000000E+00  0.0000000E+00 -0.9308939E-07  0.0000000E+00
         1   312      4 -0.1024375E-02  0.1392065E-03  0.0000000E+00  0.0000000E+00 -0.6811963E-07  0.0000000E+00
         1   312      5 -0.1280270E-02  0.1740274E-03  0.0000000E+00  0.0000000E+00 -0.1518893E-07  0.0000000E+00
         1   312      6 -0.1536087E-02  0.2088562E-03  0.0000000E+00  0.0000000E+00  0.6567882E-07  0.0000000E+00
         1   312      7 -0.1791824E-02  0.2436928E-03  0.0000000E+00  0.0000000E+00  0.1744593E-06  0.0000000E+00
         1   312      8 -0.2047482E-02  0.2785374E-03  0.0000000E+00  0.0000000E+00  0.3111279E-06  0.0000000E+00
         1   312      9 -0.2303062E-02  0.3133900E-03  0.0000000E+00  0.0000000E+00  0.4756596E-06  0.0000000E+00
         1   312     10  0.1001796E-04 -0.5062287E-06  0.0000000E+00  0.0000000E+00  0.4069930E-01  0.1000000E-02

         1   313      0  0.0000000E+00  0.0000000E+00  0.0000000E+00  0.0000000E+00  0.0000000E+00  0.0000000E+00
         1   313      1  0.0000000E+00  0.0000000E+00  0.0000000E+00  0.0000000E+00  0.0000000E+00  0.0000000E+00
         1   313      2 -0.5019085E-03  0.6958795E-04  0.0000000E+00  0.0000000E+00 -0.9027635E-07  0.0000000E+00
         1   313      3 -0.7527416E-03  0.1043934E-03  0.0000000E+00  0.0000000E+00 -0.9354317E-07  0.0000000E+00
         1   313      4 -0.1003494E-02  0.1392065E-03  0.0000000E+00  0.0000000E+00 -0.6892652E-07  0.0000000E+00
         1   313      5 -0.1254166E-02  0.1740274E-03  0.0000000E+00  0.0000000E+00 -0.1644997E-07  0.0000000E+00
         1   313      6 -0.1504758E-02  0.2088562E-03  0.0000000E+00  0.0000000E+00  0.6386251E-07  0.0000000E+00
         1   313      7 -0.1755270E-02  0.2436928E-03  0.0000000E+00  0.0000000E+00  0.1719866E-06  0.0000000E+00
         1   313      8 -0.2005702E-02  0.2785374E-03  0.0000000E+00  0.0000000E+00  0.3078975E-06  0.0000000E+00
         1   313      9 -0.2256054E-02  0.3133900E-03  0.0000000E+00  0.0000000E+00  0.4715701E-06  0.0000000E+00
         1   313     10  0.9942072E-05 -0.5062287E-06  0.0000000E+00  0.0000000E+00  0.4072896E-01  0.1000000E-02

         1   314      0  0.0000000E+00  0.0000000E+00  0.0000000E+00  0.0000000E+00  0.0000000E+00  0.0000000E+00
         1   314      1  0.0000000E+00  0.0000000E+00  0.0000000E+00  0.0000000E+00  0.0000000E+00  0.0000000E+00
         1   314      2 -0.4845115E-03  0.6958795E-04  0.0000000E+00  0.0000000E+00 -0.9061241E-07  0.0000000E+00
         1   314      3 -0.7266433E-03  0.1043934E-03  0.0000000E+00  0.0000000E+00 -0.9429946E-07  0.0000000E+00
         1   314      4 -0.9686925E-03  0.1392065E-03  0.0000000E+00  0.0000000E+00 -0.7027134E-07  0.0000000E+00
         1   314      5 -0.1210659E-02  0.1740274E-03  0.0000000E+00  0.0000000E+00 -0.1855172E-07  0.0000000E+00
         1   314      6 -0.1452544E-02  0.2088562E-03  0.0000000E+00  0.0000000E+00  0.6083532E-07  0.0000000E+00
         1   314      7 -0.1694347E-02  0.2436928E-03  0.0000000E+00  0.0000000E+00  0.1678653E-06  0.0000000E+00
         1   314      8 -0.1936067E-02  0.2785374E-03  0.0000000E+00  0.0000000E+00  0.3025134E-06  0.0000000E+00
         1   314      9 -0.2177706E-02  0.3133900E-03  0.0000000E+00  0.0000000E+00  0.4647544E-06  0.0000000E+00
         1   314     10  0.9815585E-05 -0.5062287E-06  0.0000000E+00  0.0000000E+00  0.4077838E-01  0.1000000E-02

         1   315      0  0.0000000E+00  0.0000000E+00  0.0000000E+00  0.0000000E+00  0.0000000E+00  0.0000000E+00
         1   315      1  0.0000000E+00  0.0000000E+00  0.0000000E+00  0.0000000E+00  0.0000000E+00  0.0000000E+00
         1   315      2 -0.4584661E-03  0.3491384E-04  0.0000000E+00  0.0000000E+00 -0.8809784E-07  0.0000000E+00
         1   315      3 -0.6875671E-03  0.5239162E-04  0.0000000E+00  0.0000000E+00 -0.8864438E-07  0.0000000E+00
         1   315      4 -0.9165801E-03  0.6988338E-04  0.0000000E+00  0.0000000E+00 -0.6022266E-07  0.0000000E+00
         1   315      5 -0.1145505E-02  0.8738918E-04  0.0000000E+00  0.0000000E+00 -0.2858168E-08  0.0000000E+00
         1   315      6 -0.1374343E-02  0.1049091E-03  0.0000000E+00  0.0000000E+00  0.8342323E-07  0.0000000E+00
         1   315      7 -0.1603093E-02  0.1224431E-03  0.0000000E+00  0.0000000E+00  0.1985953E-06  0.0000000E+00
         1   315      8 -0.1831756E-02  0.1399913E-03  0.0000000E+00  0.0000000E+00  0.3426313E-06  0.0000000E+00
         1   315      9 -0.2060331E-02  0.1575537E-03  0.0000000E+00  0.0000000E+00  0.5155044E-06  0.0000000E+00
         1   315     10  0.9742464E-05  0.2126838E-06  0.0000000E+00  0.0000000E+00  0.4087723E-01  0.1000000E-02

         1   316      0  0.0000000E+00  0.0000000E+00  0.0000000E+00  0.0000000E+00  0.0000000E+00  0.0000000E+00
         1   316      1  0.0000000E+00  0.0000000E+00  0.0000000E+00  0.0000000E+00  0.0000000E+00  0.0000000E+00
         1   316      2 -0.4506415E-03 -0.3505076E-05  0.0000000E+00  0.0000000E+00 -0.8504780E-07  0.0000000E+00
         1   316      3 -0.6758169E-03 -0.5225025E-05  0.0000000E+00  0.0000000E+00 -0.8178480E-07  0.0000000E+00
         1   316      4 -0.9008955E-03 -0.6923187E-05  0.0000000E+00  0.0000000E+00 -0.4803317E-07  0.0000000E+00
         1   316      5 -0.1125877E-02 -0.8599518E-05  0.0000000E+00  0.0000000E+00  0.1617960E-07  0.0000000E+00
         1   316      6 -0.1350763E-02 -0.1025397E-04  0.0000000E+00  0.0000000E+00  0.1108257E-06  0.0000000E+00
         1   316      7 -0.1575551E-02 -0.1188650E-04  0.0000000E+00  0.0000000E+00  0.2358768E-06  0.0000000E+00
         1   316      8 -0.1800243E-02 -0.1349707E-04  0.0000000E+00  0.0000000E+00  0.3913043E-06  0.0000000E+00
         1   316      9 -0.2024839E-02 -0.1508562E-04  0.0000000E+00  0.0000000E+00  0.5770792E-06  0.0000000E+00
         1   316     10  0.1005663E-04  0.1049099E-05  0.0000000E+00  0.0000000E+00  0.4097608E-01  0.1000000E-02

         1   317      0  0.0000000E+00  0.0000000E+00  0.0000000E+00  0.0000000E+00  0.0000000E+00  0.0000000E+00
         1   317      1  0.0000000E+00  0.0000000E+00  0.0000000E+00  0.0000000E+00  0.0000000E+00  0.0000000E+00
         1   317      2 -0.4515178E-03 -0.3505076E-05  0.0000000E+00  0.0000000E+00 -0.8504866E-07  0.0000000E+00
         1   317      3 -0.6771232E-03 -0.5225025E-05  0.0000000E+00  0.0000000E+00 -0.8178669E-07  0.0000000E+00
         1   317      4 -0.9026263E-03 -0.6923187E-05  0.0000000E+00  0.0000000E+00 -0.4803650E-07  0.0000000E+00
         1   317      5 -0.1128027E-02 -0.8599518E-05  0.0000000E+00  0.0000000E+00  0.1617447E-07  0.0000000E+00
         1   317      6 -0.1353326E-02 -0.1025397E-04  0.0000000E+00  0.0000000E+00  0.1108184E-06  0.0000000E+00
         1   317      7 -0.1578523E-02 -0.1188650E-04  0.0000000E+00  0.0000000E+00  0.2358670E-06  0.0000000E+00
         1   317      8 -0.1803618E-02 -0.1349707E-04  0.0000000E+00  0.0000000E+00  0.3912916E-06  0.0000000E+00
         1   317      9 -0.2028610E-02 -0.1508562E-04  0.0000000E+00  0.0000000E+00  0.5770634E-06  0.0000000E+00
         1   317     10  0.1031875E-04  0.1049099E-05  0.0000000E+00  0.0000000E+00  0.4102551E-01  0.1000000E-02

         1   318      0  0.0000000E+00  0.0000000E+00  0.0000000E+00  0.0000000E+00  0.0000000E+00  0.0000000E+00
         1   318      1  0.0000000E+00  0.0000000E+00  0.0000000E+00  0.0000000E+00  0.0000000E+00  0.0000000E+00
         1   318      2 -0.4520436E-03 -0.3505076E-05  0.0000000E+00  0.0000000E+00 -0.8504917E-07  0.0000000E+00
         1   318      3 -0.6779069E-03 -0.5225025E-05  0.0000000E+00  0.0000000E+00 -0.8178783E-07  0.0000000E+00
         1   318      4 -0.9036648E-03 -0.6923187E-05  0.0000000E+00  0.0000000E+00 -0.4803849E-07  0.0000000E+00
         1   318      5 -0.1129317E-02 -0.8599518E-05  0.0000000E+00  0.0000000E+00  0.1617139E-07  0.0000000E+00
         1   318      6 -0.1354864E-02 -0.1025397E-04  0.0000000E+00  0.0000000E+00  0.1108140E-06  0.0000000E+00
         1   318      7 -0.1580306E-02 -0.1188650E-04  0.0000000E+00  0.0000000E+00  0.2358611E-06  0.0000000E+00
         1   318      8 -0.1805642E-02 -0.1349707E-04  0.0000000E+00  0.0000000E+00  0.3912840E-06  0.0000000E+00
         1   318      9 -0.2030873E-02 -0.1508562E-04  0.0000000E+00  0.0000000E+00  0.5770539E-06  0.0000000E+00
         1   318     10  0.1047603E-04  0.1049099E-05  0.0000000E+00  0.0000000E+00  0.4105516E-01  0.1000000E-02

         1   319      0  0.0000000E+00  0.0000000E+00  0.0000000E+00  0.0000000E+00  0.0000000E+00  0.0000000E+00
         1   319      1  0.0000000E+00  0.0000000E+00  0.0000000E+00  0.0000000E+00  0.0000000E+00  0.0000000E+00
         1   319      2 -0.4529198E-03 -0.3505076E-05  0.0000000E+00  0.0000000E+00 -0.8505002E-07  0.0000000E+00
         1   319      3 -0.6792132E-03 -0.5225025E-05  0.0000000E+00  0.0000000E+00 -0.8178972E-07  0.0000000E+00
         1   319      4 -0.9053956E-03 -0.6923187E-05  0.0000000E+00  0.0000000E+00 -0.4804182E-07  0.0000000E+00
         1   319      5 -0.1131467E-02 -0.8599518E-05  0.0000000E+00  0.0000000E+00  0.1616626E-07  0.0000000E+00
         1   319      6 -0.1357428E-02 -0.1025397E-04  0.0000000E+00  0.0000000E+00  0.1108067E-06  0.0000000E+00
         1   319      7 -0.1583277E-02 -0.1188650E-04  0.0000000E+00  0.0000000E+00  0.2358513E-06  0.0000000E+00
         1   319      8 -0.1809016E-02 -0.1349707E-04  0.0000000E+00  0.0000000E+00  0.3912714E-06  0.0000000E+00
         1   319      9 -0.2034645E-02 -0.1508562E-04  0.0000000E+00  0.0000000E+00  0.5770381E-06  0.0000000E+00
         1   319     10  0.1073816E-04  0.1049099E-05  0.0000000E+00  0.0000000E+00  0.4110459E-01  0.1000000E-02

         1   320      0  0.0000000E+00  0.0000000E+00  0.0000000E+00  0.0000000E+00  0.0000000E+00  0.0000000E+00
         1   320      1  0.0000000E+00  0.0000000E+00  0.0000000E+00  0.0000000E+00  0.0000000E+00  0.0000000E+00
         1   320      2 -0.4693411E-03 -0.3505076E-05  0.0000000E+00  0.0000000E+00 -0.8506600E-07  0.0000000E+00
         1   320      3 -0.7036924E-03 -0.5225025E-05  0.0000000E+00  0.0000000E+00 -0.8182523E-07  0.0000000E+00
         1   320      4 -0.9378307E-03 -0.6923187E-05  0.0000000E+00  0.0000000E+00 -0.4810415E-07  0.0000000E+00
         1   320      5 -0.1171756E-02 -0.8599518E-05  0.0000000E+00  0.0000000E+00  0.1607009E-07  0.0000000E+00
         1   320      6 -0.1405467E-02 -0.1025397E-04  0.0000000E+00  0.0000000E+00  0.1106700E-06  0.0000000E+00
         1   320      7 -0.1638966E-02 -0.1188650E-04  0.0000000E+00  0.0000000E+00  0.2356675E-06  0.0000000E+00
         1   320      8 -0.1872250E-02 -0.1349707E-04  0.0000000E+00  0.0000000E+00  0.3910345E-06  0.0000000E+00
         1   320      9 -0.2105321E-02 -0.1508562E-04  0.0000000E+00  0.0000000E+00  0.5767422E-06  0.0000000E+00
         1   320     10  0.1565046E-04  0.1049099E-05  0.0000000E+00  0.0000000E+00  0.4203080E-01  0.1000000E-02

         1   321      0  0.0000000E+00  0.0000000E+00  0.0000000E+00  0.0000000E+00  0.0000000E+00  0.0000000E+00
         1   321      1  0.0000000E+00  0.0000000E+00  0.0000000E+00  0.0000000E+00  0.0000000E+00  0.0000000E+00
         1   321      2 -0.4702174E-03 -0.3505076E-05  0.0000000E+00  0.0000000E+00 -0.8506685E-07  0.0000000E+00
         1   321      3 -0.7049987E-03 -0.5225025E-05  0.0000000E+00  0.0000000E+00 -0.8182712E-07  0.0000000E+00
         1   321      4 -0.9395615E-03 -0.6923187E-05  0.0000000E+00  0.0000000E+00 -0.4810748E-07  0.0000000E+00
         1   321      5 -0.1173906E-02 -0.8599518E-05  0.0000000E+00  0.0000000E+00  0.1606495E-07  0.0000000E+00
         1   321      6 -0.1408031E-02 -0.1025397E-04  0.0000000E+00  0.0000000E+00  0.1106627E-06  0.0000000E+00
         1   321      7 -0.1641937E-02 -0.1188650E-04  0.0000000E+00  0.0000000E+00  0.2356577E-06  0.0000000E+00
         1   321      8 -0.1875624E-02 -0.1349707E-04  0.0000000E+00  0.0000000E+00  0.3910218E-06  0.0000000E+00
         1   321      9 -0.2109092E-02 -0.1508562E-04  0.0000000E+00  0.0000000E+00  0.5767264E-06  0.0000000E+00
         1   321     10  0.1591259E-04  0.1049099E-05  0.0000000E+00  0.0000000E+00  0.4208023E-01  0.1000000E-02

         1   322      0  0.0000000E+00  0.0000000E+00  0.0000000E+00  0.0000000E+00  0.0000000E+00  0.0000000E+00
         1   322      1  0.0000000E+00  0.0000000E+00  0.0000000E+00  0.0000000E+00  0.0000000E+00  0.0000000E+00
         1   322      2 -0.4707431E-03 -0.3505076E-05  0.0000000E+00  0.0000000E+00 -0.8506736E-07  0.0000000E+00
         1   322      3 -0.7057824E-03 -0.5225025E-05  0.0000000E+00  0.0000000E+00 -0.8182826E-07  0.0000000E+00
         1   322      4 -0.9406000E-03 -0.6923187E-05  0.0000000E+00  0.0000000E+00 -0.4810947E-07  0.0000000E+00
         1   322      5 -0.1175196E-02 -0.8599518E-05  0.0000000E+00  0.0000000E+00  0.1606187E-07  0.0000000E+00
         1   322      6 -0.1409569E-02 -0.1025397E-04  0.0000000E+00  0.0000000E+00  0.1106583E-06  0.0000000E+00
         1   322      7 -0.1643720E-02 -0.1188650E-04  0.0000000E+00  0.0000000E+00  0.2356518E-06  0.0000000E+00
         1   322      8 -0.1877649E-02 -0.1349707E-04  0.0000000E+00  0.0000000E+00  0.3910143E-06  0.0000000E+00
         1   322      9 -0.2111355E-02 -0.1508562E-04  0.0000000E+00  0.0000000E+00  0.5767169E-06  0.0000000E+00
         1   322     10  0.1606987E-04  0.1049099E-05  0.0000000E+00  0.0000000E+00  0.4210988E-01  0.1000000E-02

         1   323      0  0.0000000E+00  0.0000000E+00  0.0000000E+00  0.0000000E+00  0.0000000E+00  0.0000000E+00
         1   323      1  0.0000000E+00  0.0000000E+00  0.0000000E+00  0.0000000E+00  0.0000000E+00  0.0000000E+00
         1   323      2 -0.4716194E-03 -0.3505076E-05  0.0000000E+00  0.0000000E+00 -0.8506822E-07  0.0000000E+00
         1   323      3 -0.7070887E-03 -0.5225025E-05  0.0000000E+00  0.0000000E+00 -0.8183015E-07  0.0000000E+00
         1   323      4 -0.9423308E-03 -0.6923187E-05  0.0000000E+00  0.0000000E+00 -0.4811280E-07  0.0000000E+00
         1   323      5 -0.1177345E-02 -0.8599518E-05  0.0000000E+00  0.0000000E+00  0.1605674E-07  0.0000000E+00
         1   323      6 -0.1412133E-02 -0.1025397E-04  0.0000000E+00  0.0000000E+00  0.1106510E-06  0.0000000E+00
         1   323      7 -0.1646692E-02 -0.1188650E-04  0.0000000E+00  0.0000000E+00  0.2356420E-06  0.0000000E+00
         1   323      8 -0.1881023E-02 -0.1349707E-04  0.0000000E+00  0.0000000E+00  0.3910016E-06  0.0000000E+00
         1   323      9 -0.2115126E-02 -0.1508562E-04  0.0000000E+00  0.0000000E+00  0.5767011E-06  0.0000000E+00
         1   323     10  0.1633200E-04  0.1049099E-05  0.0000000E+00  0.0000000E+00  0.4215931E-01  0.1000000E-02

         1   324      0  0.0000000E+00  0.0000000E+00  0.0000000E+00  0.0000000E+00  0.0000000E+00  0.0000000E+00
         1   324      1  0.0000000E+00  0.0000000E+00  0.0000000E+00  0.0000000E+00  0.0000000E+00  0.0000000E+00
         1   324      2 -0.4622479E-03  0.4084324E-04  0.0000000E+00  0.0000000E+00 -0.8884457E-07  0.0000000E+00
         1   324      3 -0.6930233E-03  0.6126473E-04  0.0000000E+00  0.0000000E+00 -0.9031883E-07  0.0000000E+00
         1   324      4 -0.9235660E-03  0.8168616E-04  0.0000000E+00  0.0000000E+00 -0.6318933E-07  0.0000000E+00
         1   324      5 -0.1153876E-02  0.1021076E-03  0.0000000E+00  0.0000000E+00 -0.7477780E-08  0.0000000E+00
         1   324      6 -0.1383953E-02  0.1225290E-03  0.0000000E+00  0.0000000E+00  0.7679376E-07  0.0000000E+00
         1   324      7 -0.1613796E-02  0.1429504E-03  0.0000000E+00  0.0000000E+00  0.1896028E-06  0.0000000E+00
         1   324      8 -0.1843406E-02  0.1633719E-03  0.0000000E+00  0.0000000E+00  0.3309265E-06  0.0000000E+00
         1   324      9 -0.2072782E-02  0.1837935E-03  0.0000000E+00  0.0000000E+00  0.5007416E-06  0.0000000E+00
         1   324     10  0.1646774E-04 -0.5079639E-06  0.0000000E+00  0.0000000E+00  0.4225816E-01  0.1000000E-02

         1   325      0  0.0000000E+00  0.0000000E+00  0.0000000E+00  0.0000000E+00  0.0000000E+00  0.0000000E+00
         1   325      1  0.0000000E+00  0.0000000E+00  0.0000000E+00  0.0000000E+00  0.0000000E+00  0.0000000E+00
         1   325      2 -0.4310974E-03  0.8326720E-04  0.0000000E+00  0.0000000E+00 -0.9279566E-07  0.0000000E+00
         1   325      3 -0.6463058E-03  0.1248680E-03  0.0000000E+00  0.0000000E+00 -0.9920047E-07  0.0000000E+00
         1   325      4 -0.8612871E-03  0.1664468E-03  0.0000000E+00  0.0000000E+00 -0.7896413E-07  0.0000000E+00
         1   325      5 -0.1076041E-02  0.2080038E-03  0.0000000E+00  0.0000000E+00 -0.3210279E-07  0.0000000E+00
         1   325      6 -0.1290567E-02  0.2495390E-03  0.0000000E+00  0.0000000E+00  0.4136702E-07  0.0000000E+00
         1   325      7 -0.1504866E-02  0.2910522E-03  0.0000000E+00  0.0000000E+00  0.1414284E-06  0.0000000E+00
         1   325      8 -0.1718936E-02  0.3325436E-03  0.0000000E+00  0.0000000E+00  0.2680640E-06  0.0000000E+00
         1   325      9 -0.1932778E-02  0.3740132E-03  0.0000000E+00  0.0000000E+00  0.4212561E-06  0.0000000E+00
         1   325     10  0.1582830E-04 -0.2041115E-05  0.0000000E+00  0.0000000E+00  0.4235701E-01  0.1000000E-02

         1   326      0  0.0000000E+00  0.0000000E+00  0.0000000E+00  0.0000000E+00  0.0000000E+00  0.0000000E+00
         1   326      1  0.0000000E+00  0.0000000E+00  0.0000000E+00  0.0000000E+00  0.0000000E+00  0.0000000E+00
         1   326      2 -0.4102806E-03  0.8326720E-04  0.0000000E+00  0.0000000E+00 -0.9327683E-07  0.0000000E+00
         1   326      3 -0.6150888E-03  0.1248680E-03  0.0000000E+00  0.0000000E+00 -0.1002825E-06  0.0000000E+00
         1   326      4 -0.8196753E-03  0.1664468E-03  0.0000000E+00  0.0000000E+00 -0.8088676E-07  0.0000000E+00
         1   326      5 -0.1024040E-02  0.2080038E-03  0.0000000E+00  0.0000000E+00 -0.3510532E-07  0.0000000E+00
         1   326      6 -0.1228182E-02  0.2495390E-03  0.0000000E+00  0.0000000E+00  0.3704565E-07  0.0000000E+00
         1   326      7 -0.1432103E-02  0.2910522E-03  0.0000000E+00  0.0000000E+00  0.1355496E-06  0.0000000E+00
         1   326      8 -0.1635800E-02  0.3325436E-03  0.0000000E+00  0.0000000E+00  0.2603896E-06  0.0000000E+00
         1   326      9 -0.1839275E-02  0.3740132E-03  0.0000000E+00  0.0000000E+00  0.4115484E-06  0.0000000E+00
         1   326     10  0.1531831E-04 -0.2041115E-05  0.0000000E+00  0.0000000E+00  0.4240643E-01  0.1000000E-02

         1   327      0  0.0000000E+00  0.0000000E+00  0.0000000E+00  0.0000000E+00  0.0000000E+00  0.0000000E+00
         1   327      1  0.0000000E+00  0.0000000E+00  0.0000000E+00  0.0000000E+00  0.0000000E+00  0.0000000E+00
         1   327      2 -0.3977905E-03  0.8326720E-04  0.0000000E+00  0.0000000E+00 -0.9356552E-07  0.0000000E+00
         1   327      3 -0.5963586E-03  0.1248680E-03  0.0000000E+00  0.0000000E+00 -0.1009317E-06  0.0000000E+00
         1   327      4 -0.7947083E-03  0.1664468E-03  0.0000000E+00  0.0000000E+00 -0.8204034E-07  0.0000000E+00
         1   327      5 -0.9928394E-03  0.2080038E-03  0.0000000E+00  0.0000000E+00 -0.3690684E-07  0.0000000E+00
         1   327      6 -0.1190752E-02  0.2495390E-03  0.0000000E+00  0.0000000E+00  0.3445282E-07  0.0000000E+00
         1   327      7 -0.1388445E-02  0.2910522E-03  0.0000000E+00  0.0000000E+00  0.1320223E-06  0.0000000E+00
         1   327      8 -0.1585919E-02  0.3325436E-03  0.0000000E+00  0.0000000E+00  0.2557850E-06  0.0000000E+00
         1   327      9 -0.1783173E-02  0.3740132E-03  0.0000000E+00  0.0000000E+00  0.4057237E-06  0.0000000E+00
         1   327     10  0.1501231E-04 -0.2041115E-05  0.0000000E+00  0.0000000E+00  0.4243609E-01  0.1000000E-02

         1   328      0  0.0000000E+00  0.0000000E+00  0.0000000E+00  0.0000000E+00  0.0000000E+00  0.0000000E+00
         1   328      1  0.0000000E+00  0.0000000E+00  0.0000000E+00  0.0000000E+00  0.0000000E+00  0.0000000E+00
         1   328      2 -0.3769737E-03  0.8326720E-04  0.0000000E+00  0.0000000E+00 -0.9404669E-07  0.0000000E+00
         1   328      3 -0.5651416E-03  0.1248680E-03  0.0000000E+00  0.0000000E+00 -0.1020138E-06  0.0000000E+00
         1   328      4 -0.7530966E-03  0.1664468E-03  0.0000000E+00  0.0000000E+00 -0.8396297E-07  0.0000000E+00
         1   328      5 -0.9408384E-03  0.2080038E-03  0.0000000E+00  0.0000000E+00 -0.3990938E-07  0.0000000E+00
         1   328      6 -0.1128367E-02  0.2495390E-03  0.0000000E+00  0.0000000E+00  0.3013145E-07  0.0000000E+00
         1   328      7 -0.1315682E-02  0.2910522E-03  0.0000000E+00  0.0000000E+00  0.1261436E-06  0.0000000E+00
         1   328      8 -0.1502783E-02  0.3325436E-03  0.0000000E+00  0.0000000E+00  0.2481106E-06  0.0000000E+00
         1   328      9 -0.1689670E-02  0.3740132E-03  0.0000000E+00  0.0000000E+00  0.3960160E-06  0.0000000E+00
         1   328     10  0.1450232E-04 -0.2041115E-05  0.0000000E+00  0.0000000E+00  0.4248551E-01  0.1000000E-02

         1   329      0  0.0000000E+00  0.0000000E+00  0.0000000E+00  0.0000000E+00  0.0000000E+00  0.0000000E+00
         1   329      1  0.0000000E+00  0.0000000E+00  0.0000000E+00  0.0000000E+00  0.0000000E+00  0.0000000E+00
         1   329      2  0.1313313E-04  0.8326720E-04  0.0000000E+00  0.0000000E+00 -0.1030637E-06  0.0000000E+00
         1   329      3  0.1986479E-04  0.1248680E-03  0.0000000E+00  0.0000000E+00 -0.1222914E-06  0.0000000E+00
         1   329      4  0.2670684E-04  0.1664468E-03  0.0000000E+00  0.0000000E+00 -0.1199931E-06  0.0000000E+00
         1   329      5  0.3365955E-04  0.2080038E-03  0.0000000E+00  0.0000000E+00 -0.9617682E-07  0.0000000E+00
         1   329      6  0.4072317E-04  0.2495390E-03  0.0000000E+00  0.0000000E+00 -0.5085106E-07  0.0000000E+00
         1   329      7  0.4789796E-04  0.2910522E-03  0.0000000E+00  0.0000000E+00  0.1597535E-07  0.0000000E+00
         1   329      8  0.5518417E-04  0.3325436E-03  0.0000000E+00  0.0000000E+00  0.1042931E-06  0.0000000E+00
         1   329      9  0.6258206E-04  0.3740132E-03  0.0000000E+00  0.0000000E+00  0.2140927E-06  0.0000000E+00
         1   329     10  0.4944996E-05 -0.2041115E-05  0.0000000E+00  0.0000000E+00  0.4341173E-01  0.1000000E-02

         1   330      0  0.0000000E+00  0.0000000E+00  0.0000000E+00  0.0000000E+00  0.0000000E+00  0.0000000E+00
         1   330      1  0.0000000E+00  0.0000000E+00  0.0000000E+00  0.0000000E+00  0.0000000E+00  0.0000000E+00
         1   330      2  0.3394993E-04  0.8326720E-04  0.0000000E+00  0.0000000E+00 -0.1035449E-06  0.0000000E+00
         1   330      3  0.5108178E-04  0.1248680E-03  0.0000000E+00  0.0000000E+00 -0.1233734E-06  0.0000000E+00
         1   330      4  0.6831855E-04  0.1664468E-03  0.0000000E+00  0.0000000E+00 -0.1219157E-06  0.0000000E+00
         1   330      5  0.8566051E-04  0.2080038E-03  0.0000000E+00  0.0000000E+00 -0.9917935E-07  0.0000000E+00
         1   330      6  0.1031079E-03  0.2495390E-03  0.0000000E+00  0.0000000E+00 -0.5517243E-07  0.0000000E+00
         1   330      7  0.1206610E-03  0.2910522E-03  0.0000000E+00  0.0000000E+00  0.1009657E-07  0.0000000E+00
         1   330      8  0.1383201E-03  0.3325436E-03  0.0000000E+00  0.0000000E+00  0.9661878E-07  0.0000000E+00
         1   330      9  0.1560854E-03  0.3740132E-03  0.0000000E+00  0.0000000E+00  0.2043849E-06  0.0000000E+00
         1   330     10  0.4435000E-05 -0.2041115E-05  0.0000000E+00  0.0000000E+00  0.4346116E-01  0.1000000E-02

         1   331      0  0.0000000E+00  0.0000000E+00  0.0000000E+00  0.0000000E+00  0.0000000E+00  0.0000000E+00
         1   331      1  0.0000000E+00  0.0000000E+00  0.0000000E+00  0.0000000E+00  0.0000000E+00  0.0000000E+00
         1   331      2  0.4644001E-04  0.8326720E-04  0.0000000E+00  0.0000000E+00 -0.1038336E-06  0.0000000E+00
         1   331      3  0.6981197E-04  0.1248680E-03  0.0000000E+00  0.0000000E+00 -0.1240227E-06  0.0000000E+00
         1   331      4  0.9328558E-04  0.1664468E-03  0.0000000E+00  0.0000000E+00 -0.1230693E-06  0.0000000E+00
         1   331      5  0.1168611E-03  0.2080038E-03  0.0000000E+00  0.0000000E+00 -0.1009809E-06  0.0000000E+00
         1   331      6  0.1405388E-03  0.2495390E-03  0.0000000E+00  0.0000000E+00 -0.5776525E-07  0.0000000E+00
         1   331      7  0.1643189E-03  0.2910522E-03  0.0000000E+00  0.0000000E+00  0.6569307E-08  0.0000000E+00
         1   331      8  0.1882016E-03  0.3325436E-03  0.0000000E+00  0.0000000E+00  0.9201416E-07  0.0000000E+00
         1   331      9  0.2121873E-03  0.3740132E-03  0.0000000E+00  0.0000000E+00  0.1985603E-06  0.0000000E+00
         1   331     10  0.4129003E-05 -0.2041115E-05  0.0000000E+00  0.0000000E+00  0.4349081E-01  0.1000000E-02

         1   332      0  0.0000000E+00  0.0000000E+00  0.0000000E+00  0.0000000E+00  0.0000000E+00  0.0000000E+00
         1   332      1  0.0000000E+00  0.0000000E+00  0.0000000E+00  0.0000000E+00  0.0000000E+00  0.0000000E+00
         1   332      2  0.6725682E-04  0.8326720E-04  0.0000000E+00  0.0000000E+00 -0.1043147E-06  0.0000000E+00
         1   332      3  0.1010290E-03  0.1248680E-03  0.0000000E+00  0.0000000E+00 -0.1251047E-06  0.0000000E+00
         1   332      4  0.1348973E-03  0.1664468E-03  0.0000000E+00  0.0000000E+00 -0.1249919E-06  0.0000000E+00
         1   332      5  0.1688620E-03  0.2080038E-03  0.0000000E+00  0.0000000E+00 -0.1039834E-06  0.0000000E+00
         1   332      6  0.2029235E-03  0.2495390E-03  0.0000000E+00  0.0000000E+00 -0.6208662E-07  0.0000000E+00
         1   332      7  0.2370819E-03  0.2910522E-03  0.0000000E+00  0.0000000E+00  0.6905333E-09  0.0000000E+00
         1   332      8  0.2713375E-03  0.3325436E-03  0.0000000E+00  0.0000000E+00  0.8433980E-07  0.0000000E+00
         1   332      9  0.3056906E-03  0.3740132E-03  0.0000000E+00  0.0000000E+00  0.1888525E-06  0.0000000E+00
         1   332     10  0.3619007E-05 -0.2041115E-05  0.0000000E+00  0.0000000E+00  0.4354024E-01  0.1000000E-02

         1   333      0  0.0000000E+00  0.0000000E+00  0.0000000E+00  0.0000000E+00  0.0000000E+00  0.0000000E+00
         1   333      1  0.0000000E+00  0.0000000E+00  0.0000000E+00  0.0000000E+00  0.0000000E+00  0.0000000E+00
         1   333      2  0.1106165E-03  0.9078414E-04  0.0000000E+00  0.0000000E+00 -0.1052381E-06  0.0000000E+00
         1   333      3  0.1660550E-03  0.1361549E-03  0.0000000E+00  0.0000000E+00 -0.1271808E-06  0.0000000E+00
         1   333      4  0.2215808E-03  0.1815116E-03  0.0000000E+00  0.0000000E+00 -0.1286800E-06  0.0000000E+00
         1   333      5  0.2771940E-03  0.2268542E-03  0.0000000E+00  0.0000000E+00 -0.1097417E-06  0.0000000E+00
         1   333      6  0.3328949E-03  0.2721827E-03  0.0000000E+00  0.0000000E+00 -0.7037254E-07  0.0000000E+00
         1   333      7  0.3886839E-03  0.3174971E-03  0.0000000E+00  0.0000000E+00 -0.1057924E-07  0.0000000E+00
         1   333      8  0.4445611E-03  0.3627975E-03  0.0000000E+00  0.0000000E+00  0.6963092E-07  0.0000000E+00
         1   333      9  0.5005269E-03  0.4080840E-03  0.0000000E+00  0.0000000E+00  0.1702503E-06  0.0000000E+00
         1   333     10  0.2668738E-05 -0.1775489E-05  0.0000000E+00  0.0000000E+00  0.4363909E-01  0.1000000E-02

         1   334      0  0.0000000E+00  0.0000000E+00  0.0000000E+00  0.0000000E+00  0.0000000E+00  0.0000000E+00
         1   334      1  0.0000000E+00  0.0000000E+00  0.0000000E+00  0.0000000E+00  0.0000000E+00  0.0000000E+00
         1   334      2  0.1583344E-03  0.1006737E-03  0.0000000E+00  0.0000000E+00 -0.1062646E-06  0.0000000E+00
         1   334      3  0.2376236E-03  0.1509986E-03  0.0000000E+00  0.0000000E+00 -0.1294891E-06  0.0000000E+00
         1   334      4  0.3169945E-03  0.2013155E-03  0.0000000E+00  0.0000000E+00 -0.1327814E-06  0.0000000E+00
         1   334      5  0.3964473E-03  0.2516246E-03  0.0000000E+00  0.0000000E+00 -0.1161465E-06  0.0000000E+00
         1   334      6  0.4759825E-03  0.3019258E-03  0.0000000E+00  0.0000000E+00 -0.7959017E-07  0.0000000E+00
         1   334      7  0.5556002E-03  0.3522193E-03  0.0000000E+00  0.0000000E+00 -0.2311827E-07  0.0000000E+00
         1   334      8  0.6353008E-03  0.4025050E-03  0.0000000E+00  0.0000000E+00  0.5326279E-07  0.0000000E+00
         1   334      9  0.7150846E-03  0.4527831E-03  0.0000000E+00  0.0000000E+00  0.1495463E-06  0.0000000E+00
         1   334     10  0.1825350E-05 -0.1610296E-05  0.0000000E+00  0.0000000E+00  0.4373794E-01  0.1000000E-02

         1   335      0  0.0000000E+00  0.0000000E+00  0.0000000E+00  0.0000000E+00  0.0000000E+00  0.0000000E+00
         1   335      1  0.0000000E+00  0.0000000E+00  0.0000000E+00  0.0000000E+00  0.0000000E+00  0.0000000E+00
         1   335      2  0.1835028E-03  0.1006737E-03  0.0000000E+00  0.0000000E+00 -0.1069680E-06  0.0000000E+00
         1   335      3  0.2753732E-03  0.1509986E-03  0.0000000E+00  0.0000000E+00 -0.1310714E-06  0.0000000E+00
         1   335      4  0.3673233E-03  0.2013155E-03  0.0000000E+00  0.0000000E+00 -0.1355939E-06  0.0000000E+00
         1   335      5  0.4593535E-03  0.2516246E-03  0.0000000E+00  0.0000000E+00 -0.1205404E-06  0.0000000E+00
         1   335      6  0.5514639E-03  0.3019258E-03  0.0000000E+00  0.0000000E+00 -0.8591640E-07  0.0000000E+00
         1   335      7  0.6436550E-03  0.3522193E-03  0.0000000E+00  0.0000000E+00 -0.3172764E-07  0.0000000E+00
         1   335      8  0.7359271E-03  0.4025050E-03  0.0000000E+00  0.0000000E+00  0.4201966E-07  0.0000000E+00
         1   335      9  0.8282803E-03  0.4527831E-03  0.0000000E+00  0.0000000E+00  0.1353189E-06  0.0000000E+00
         1   335     10  0.1422999E-05 -0.1610296E-05  0.0000000E+00  0.0000000E+00  0.4378736E-01  0.1000000E-02

         1   336      0  0.0000000E+00  0.0000000E+00  0.0000000E+00  0.0000000E+00  0.0000000E+00  0.0000000E+00
         1   336      1  0.0000000E+00  0.0000000E+00  0.0000000E+00  0.0000000E+00  0.0000000E+00  0.0000000E+00
         1   336      2  0.1986039E-03  0.1006737E-03  0.0000000E+00  0.0000000E+00 -0.1073900E-06  0.0000000E+00
         1   336      3  0.2980230E-03  0.1509986E-03  0.0000000E+00  0.0000000E+00 -0.1320208E-06  0.0000000E+00
         1   336      4  0.3975207E-03  0.2013155E-03  0.0000000E+00  0.0000000E+00 -0.1372814E-06  0.0000000E+00
         1   336      5  0.4970972E-03  0.2516246E-03  0.0000000E+00  0.0000000E+00 -0.1231768E-06  0.0000000E+00
         1   336      6  0.5967528E-03  0.3019258E-03  0.0000000E+00  0.0000000E+00 -0.8971214E-07  0.0000000E+00
         1   336      7  0.6964879E-03  0.3522193E-03  0.0000000E+00  0.0000000E+00 -0.3689326E-07  0.0000000E+00
         1   336      8  0.7963028E-03  0.4025050E-03  0.0000000E+00  0.0000000E+00  0.3527377E-07  0.0000000E+00
         1   336      9  0.8961978E-03  0.4527831E-03  0.0000000E+00  0.0000000E+00  0.1267824E-06  0.0000000E+00
         1   336     10  0.1181589E-05 -0.1610296E-05  0.0000000E+00  0.0000000E+00  0.4381701E-01  0.1000000E-02

         1   337      0  0.0000000E+00  0.0000000E+00  0.0000000E+00  0.0000000E+00  0.0000000E+00  0.0000000E+00
         1   337      1  0.0000000E+00  0.0000000E+00  0.0000000E+00  0.0000000E+00  0.0000000E+00  0.0000000E+00
         1   337      2  0.2237723E-03  0.1006737E-03  0.0000000E+00  0.0000000E+00 -0.1080933E-06  0.0000000E+00
         1   337      3  0.3357726E-03  0.1509986E-03  0.0000000E+00  0.0000000E+00 -0.1336031E-06  0.0000000E+00
         1   337      4  0.4478495E-03  0.2013155E-03  0.0000000E+00  0.0000000E+00 -0.1400940E-06  0.0000000E+00
         1   337      5  0.5600033E-03  0.2516246E-03  0.0000000E+00  0.0000000E+00 -0.1275707E-06  0.0000000E+00
         1   337      6  0.6722343E-03  0.3019258E-03  0.0000000E+00  0.0000000E+00 -0.9603838E-07  0.0000000E+00
         1   337      7  0.7845427E-03  0.3522193E-03  0.0000000E+00  0.0000000E+00 -0.4550262E-07  0.0000000E+00
         1   337      8  0.8969291E-03  0.4025050E-03  0.0000000E+00  0.0000000E+00  0.2403064E-07  0.0000000E+00
         1   337      9  0.1009394E-02  0.4527831E-03  0.0000000E+00  0.0000000E+00  0.1125550E-06  0.0000000E+00
         1   337     10  0.7792384E-06 -0.1610296E-05  0.0000000E+00  0.0000000E+00  0.4386644E-01  0.1000000E-02

         1   338      0  0.0000000E+00  0.0000000E+00  0.0000000E+00  0.0000000E+00  0.0000000E+00  0.0000000E+00
         1   338      1  0.0000000E+00  0.0000000E+00  0.0000000E+00  0.0000000E+00  0.0000000E+00  0.0000000E+00
         1   338      2  0.6905071E-03  0.9813722E-04  0.0000000E+00  0.0000000E+00 -0.5259875E-04  0.0000000E+00
         1   338      3  0.1035824E-02  0.1471924E-03  0.0000000E+00  0.0000000E+00 -0.7888982E-04  0.0000000E+00
         1   338      4  0.1381183E-02  0.1962387E-03  0.0000000E+00  0.0000000E+00 -0.1051754E-03  0.0000000E+00
         1   338      5  0.1726586E-02  0.2452762E-03  0.0000000E+00  0.0000000E+00 -0.1314556E-03  0.0000000E+00
         1   338      6  0.2072033E-02  0.2943049E-03  0.0000000E+00  0.0000000E+00 -0.1577304E-03  0.0000000E+00
         1   338      7  0.2417524E-02  0.3433248E-03  0.0000000E+00  0.0000000E+00 -0.1839999E-03  0.0000000E+00
         1   338      8  0.2763061E-02  0.3923361E-03  0.0000000E+00  0.0000000E+00 -0.2102641E-03  0.0000000E+00
         1   338      9  0.3108643E-02  0.4413387E-03  0.0000000E+00  0.0000000E+00 -0.2365232E-03  0.0000000E+00
         1   338     10  0.2607454E-03  0.1124093E-03  0.0000000E+00  0.0000000E+00  0.4478278E-01  0.1000000E-02

         1   339      0  0.0000000E+00  0.0000000E+00  0.0000000E+00  0.0000000E+00  0.0000000E+00  0.0000000E+00
         1   339      1  0.0000000E+00  0.0000000E+00  0.0000000E+00  0.0000000E+00  0.0000000E+00  0.0000000E+00
         1   339      2  0.7150414E-03  0.9813722E-04  0.0000000E+00  0.0000000E+00 -0.5259942E-04  0.0000000E+00
         1   339      3  0.1072622E-02  0.1471924E-03  0.0000000E+00  0.0000000E+00 -0.7889132E-04  0.0000000E+00
         1   339      4  0.1430243E-02  0.1962387E-03  0.0000000E+00  0.0000000E+00 -0.1051781E-03  0.0000000E+00
         1   339      5  0.1787905E-02  0.2452762E-03  0.0000000E+00  0.0000000E+00 -0.1314598E-03  0.0000000E+00
         1   339      6  0.2145609E-02  0.2943049E-03  0.0000000E+00  0.0000000E+00 -0.1577364E-03  0.0000000E+00
         1   339      7  0.2503356E-02  0.3433248E-03  0.0000000E+00  0.0000000E+00 -0.1840081E-03  0.0000000E+00
         1   339      8  0.2861145E-02  0.3923361E-03  0.0000000E+00  0.0000000E+00 -0.2102748E-03  0.0000000E+00
         1   339      9  0.3218978E-02  0.4413387E-03  0.0000000E+00  0.0000000E+00 -0.2365367E-03  0.0000000E+00
         1   339     10  0.2888321E-03  0.1124093E-03  0.0000000E+00  0.0000000E+00  0.4483221E-01  0.1000000E-02

         1   340      0  0.0000000E+00  0.0000000E+00  0.0000000E+00  0.0000000E+00  0.0000000E+00  0.0000000E+00
         1   340      1  0.0000000E+00  0.0000000E+00  0.0000000E+00  0.0000000E+00  0.0000000E+00  0.0000000E+00
         1   340      2  0.7297620E-03  0.9813722E-04  0.0000000E+00  0.0000000E+00 -0.5259982E-04  0.0000000E+00
         1   340      3  0.1094701E-02  0.1471924E-03  0.0000000E+00  0.0000000E+00 -0.7889222E-04  0.0000000E+00
         1   340      4  0.1459679E-02  0.1962387E-03  0.0000000E+00  0.0000000E+00 -0.1051797E-03  0.0000000E+00
         1   340      5  0.1824697E-02  0.2452762E-03  0.0000000E+00  0.0000000E+00 -0.1314623E-03  0.0000000E+00
         1   340      6  0.2189755E-02  0.2943049E-03  0.0000000E+00  0.0000000E+00 -0.1577400E-03  0.0000000E+00
         1   340      7  0.2554854E-02  0.3433248E-03  0.0000000E+00  0.0000000E+00 -0.1840130E-03  0.0000000E+00
         1   340      8  0.2919995E-02  0.3923361E-03  0.0000000E+00  0.0000000E+00 -0.2102812E-03  0.0000000E+00
         1   340      9  0.3285178E-02  0.4413387E-03  0.0000000E+00  0.0000000E+00 -0.2365448E-03  0.0000000E+00
         1   340     10  0.3056841E-03  0.1124093E-03  0.0000000E+00  0.0000000E+00  0.4486186E-01  0.1000000E-02

         1   341      0  0.0000000E+00  0.0000000E+00  0.0000000E+00  0.0000000E+00  0.0000000E+00  0.0000000E+00
         1   341      1  0.0000000E+00  0.0000000E+00  0.0000000E+00  0.0000000E+00  0.0000000E+00  0.0000000E+00
         1   341      2  0.7542963E-03  0.9813722E-04  0.0000000E+00  0.0000000E+00 -0.5260049E-04  0.0000000E+00
         1   341      3  0.1131499E-02  0.1471924E-03  0.0000000E+00  0.0000000E+00 -0.7889373E-04  0.0000000E+00
         1   341      4  0.1508739E-02  0.1962387E-03  0.0000000E+00  0.0000000E+00 -0.1051824E-03  0.0000000E+00
         1   341      5  0.1886016E-02  0.2452762E-03  0.0000000E+00  0.0000000E+00 -0.1314664E-03  0.0000000E+00
         1   341      6  0.2263331E-02  0.2943049E-03  0.0000000E+00  0.0000000E+00 -0.1577460E-03  0.0000000E+00
         1   341      7  0.2640686E-02  0.3433248E-03  0.0000000E+00  0.0000000E+00 -0.1840212E-03  0.0000000E+00
         1   341      8  0.3018079E-02  0.3923361E-03  0.0000000E+00  0.0000000E+00 -0.2102919E-03  0.0000000E+00
         1   341      9  0.3395513E-02  0.4413387E-03  0.0000000E+00  0.0000000E+00 -0.2365583E-03  0.0000000E+00
         1   341     10  0.3337709E-03  0.1124093E-03  0.0000000E+00  0.0000000E+00  0.4491128E-01  0.1000000E-02

         1   342      0  0.0000000E+00  0.0000000E+00  0.0000000E+00  0.0000000E+00  0.0000000E+00  0.0000000E+00
         1   342      1  0.0000000E+00  0.0000000E+00  0.0000000E+00  0.0000000E+00  0.0000000E+00  0.0000000E+00
         1   342      2  0.7878281E-03  0.3553728E-04  0.0000000E+00  0.0000000E+00 -0.5260979E-04  0.0000000E+00
         1   342      3  0.1181789E-02  0.5328840E-04  0.0000000E+00  0.0000000E+00 -0.7891466E-04  0.0000000E+00
         1   342      4  0.1575781E-02  0.7102783E-04  0.0000000E+00  0.0000000E+00 -0.1052196E-03  0.0000000E+00
         1   342      5  0.1969806E-02  0.8875557E-04  0.0000000E+00  0.0000000E+00 -0.1315246E-03  0.0000000E+00
         1   342      6  0.2363865E-02  0.1064716E-03  0.0000000E+00  0.0000000E+00 -0.1578298E-03  0.0000000E+00
         1   342      7  0.2757957E-02  0.1241760E-03  0.0000000E+00  0.0000000E+00 -0.1841351E-03  0.0000000E+00
         1   342      8  0.3152083E-02  0.1418686E-03  0.0000000E+00  0.0000000E+00 -0.2104408E-03  0.0000000E+00
         1   342      9  0.3546244E-02  0.1595496E-03  0.0000000E+00  0.0000000E+00 -0.2367467E-03  0.0000000E+00
         1   342     10  0.3828439E-03  0.8332995E-04  0.0000000E+00  0.0000000E+00  0.4501013E-01  0.1000000E-02

         1   343      0  0.0000000E+00  0.0000000E+00  0.0000000E+00  0.0000000E+00  0.0000000E+00  0.0000000E+00
         1   343      1  0.0000000E+00  0.0000000E+00  0.0000000E+00  0.0000000E+00  0.0000000E+00  0.0000000E+00
         1   343      2  0.7895945E-03 -0.2849552E-04  0.0000000E+00  0.0000000E+00 -0.5261887E-04  0.0000000E+00
         1   343      3  0.1184429E-02 -0.4276421E-04  0.0000000E+00  0.0000000E+00 -0.7893509E-04  0.0000000E+00
         1   343      4  0.1579288E-02 -0.5704691E-04  0.0000000E+00  0.0000000E+00 -0.1052559E-03  0.0000000E+00
         1   343      5  0.1974174E-02 -0.7134369E-04  0.0000000E+00  0.0000000E+00 -0.1315813E-03  0.0000000E+00
         1   343      6  0.2369087E-02 -0.8565459E-04  0.0000000E+00  0.0000000E+00 -0.1579115E-03  0.0000000E+00
         1   343      7  0.2764026E-02 -0.9997966E-04  0.0000000E+00  0.0000000E+00 -0.1842464E-03  0.0000000E+00
         1   343      8  0.3158993E-02 -0.1143190E-03  0.0000000E+00  0.0000000E+00 -0.2105861E-03  0.0000000E+00
         1   343      9  0.3553989E-02 -0.1286725E-03  0.0000000E+00  0.0000000E+00 -0.2369307E-03  0.0000000E+00
         1   343     10  0.4164947E-03  0.5089380E-04  0.0000000E+00  0.0000000E+00  0.4510898E-01  0.1000000E-02

         1   344      0  0.0000000E+00  0.0000000E+00  0.0000000E+00  0.0000000E+00  0.0000000E+00  0.0000000E+00
         1   344      1  0.0000000E+00  0.0000000E+00  0.0000000E+00  0.0000000E+00  0.0000000E+00  0.0000000E+00
         1   344      2  0.7824706E-03 -0.2849552E-04  0.0000000E+00  0.0000000E+00 -0.5261893E-04  0.0000000E+00
         1   344      3  0.1173738E-02 -0.4276421E-04  0.0000000E+00  0.0000000E+00 -0.7893521E-04  0.0000000E+00
         1   344      4  0.1565027E-02 -0.5704691E-04  0.0000000E+00  0.0000000E+00 -0.1052561E-03  0.0000000E+00
         1   344      5  0.1956338E-02 -0.7134369E-04  0.0000000E+00  0.0000000E+00 -0.1315817E-03  0.0000000E+00
         1   344      6  0.2347673E-02 -0.8565459E-04  0.0000000E+00  0.0000000E+00 -0.1579120E-03  0.0000000E+00
         1   344      7  0.2739031E-02 -0.9997966E-04  0.0000000E+00  0.0000000E+00 -0.1842471E-03  0.0000000E+00
         1   344      8  0.3130414E-02 -0.1143190E-03  0.0000000E+00  0.0000000E+00 -0.2105870E-03  0.0000000E+00
         1   344      9  0.3521821E-02 -0.1286725E-03  0.0000000E+00  0.0000000E+00 -0.2369318E-03  0.0000000E+00
         1   344     10  0.4292111E-03  0.5089380E-04  0.0000000E+00  0.0000000E+00  0.4515840E-01  0.1000000E-02

         1   345      0  0.0000000E+00  0.0000000E+00  0.0000000E+00  0.0000000E+00  0.0000000E+00  0.0000000E+00
         1   345      1  0.0000000E+00  0.0000000E+00  0.0000000E+00  0.0000000E+00  0.0000000E+00  0.0000000E+00
         1   345      2  0.7781963E-03 -0.2849552E-04  0.0000000E+00  0.0000000E+00 -0.5261896E-04  0.0000000E+00
         1   345      3  0.1167323E-02 -0.4276421E-04  0.0000000E+00  0.0000000E+00 -0.7893529E-04  0.0000000E+00
         1   345      4  0.1556470E-02 -0.5704691E-04  0.0000000E+00  0.0000000E+00 -0.1052563E-03  0.0000000E+00
         1   345      5  0.1945637E-02 -0.7134369E-04  0.0000000E+00  0.0000000E+00 -0.1315819E-03  0.0000000E+00
         1   345      6  0.2334825E-02 -0.8565459E-04  0.0000000E+00  0.0000000E+00 -0.1579123E-03  0.0000000E+00
         1   345      7  0.2724034E-02 -0.9997966E-04  0.0000000E+00  0.0000000E+00 -0.1842475E-03  0.0000000E+00
         1   345      8  0.3113266E-02 -0.1143190E-03  0.0000000E+00  0.0000000E+00 -0.2105876E-03  0.0000000E+00
         1   345      9  0.3502520E-02 -0.1286725E-03  0.0000000E+00  0.0000000E+00 -0.2369325E-03  0.0000000E+00
         1   345     10  0.4368409E-03  0.5089380E-04  0.0000000E+00  0.0000000E+00  0.4518806E-01  0.1000000E-02

         1   346      0  0.0000000E+00  0.0000000E+00  0.0000000E+00  0.0000000E+00  0.0000000E+00  0.0000000E+00
         1   346      1  0.0000000E+00  0.0000000E+00  0.0000000E+00  0.0000000E+00  0.0000000E+00  0.0000000E+00
         1   346      2  0.7710724E-03 -0.2849552E-04  0.0000000E+00  0.0000000E+00 -0.5261902E-04  0.0000000E+00
         1   346      3  0.1156632E-02 -0.4276421E-04  0.0000000E+00  0.0000000E+00 -0.7893542E-04  0.0000000E+00
         1   346      4  0.1542208E-02 -0.5704691E-04  0.0000000E+00  0.0000000E+00 -0.1052565E-03  0.0000000E+00
         1   346      5  0.1927801E-02 -0.7134369E-04  0.0000000E+00  0.0000000E+00 -0.1315823E-03  0.0000000E+00
         1   346      6  0.2313411E-02 -0.8565459E-04  0.0000000E+00  0.0000000E+00 -0.1579128E-03  0.0000000E+00
         1   346      7  0.2699039E-02 -0.9997966E-04  0.0000000E+00  0.0000000E+00 -0.1842482E-03  0.0000000E+00
         1   346      8  0.3084686E-02 -0.1143190E-03  0.0000000E+00  0.0000000E+00 -0.2105885E-03  0.0000000E+00
         1   346      9  0.3470352E-02 -0.1286725E-03  0.0000000E+00  0.0000000E+00 -0.2369337E-03  0.0000000E+00
         1   346     10  0.4495573E-03  0.5089380E-04  0.0000000E+00  0.0000000E+00  0.4523748E-01  0.1000000E-02

         1   347      0  0.0000000E+00  0.0000000E+00  0.0000000E+00  0.0000000E+00  0.0000000E+00  0.0000000E+00
         1   347      1  0.0000000E+00  0.0000000E+00  0.0000000E+00  0.0000000E+00  0.0000000E+00  0.0000000E+00
         1   347      2  0.6281675E-03 -0.3237564E-04  0.0000000E+00  0.0000000E+00 -0.1329341E-03  0.0000000E+00
         1   347      3  0.9421724E-03 -0.4858433E-04  0.0000000E+00  0.0000000E+00 -0.1994067E-03  0.0000000E+00
         1   347      4  0.1256125E-02 -0.6480702E-04  0.0000000E+00  0.0000000E+00 -0.2658831E-03  0.0000000E+00
         1   347      5  0.1570026E-02 -0.8104374E-04  0.0000000E+00  0.0000000E+00 -0.3323634E-03  0.0000000E+00
         1   347      6  0.1883876E-02 -0.9729457E-04  0.0000000E+00  0.0000000E+00 -0.3988478E-03  0.0000000E+00
         1   347      7  0.2197674E-02 -0.1135595E-03  0.0000000E+00  0.0000000E+00 -0.4653363E-03  0.0000000E+00
         1   347      8  0.2511422E-02 -0.1298387E-03  0.0000000E+00  0.0000000E+00 -0.5318290E-03  0.0000000E+00
         1   347      9  0.2825119E-02 -0.1461322E-03  0.0000000E+00  0.0000000E+00 -0.5983260E-03  0.0000000E+00
         1   347     10  0.9485274E-03  0.1617635E-03  0.0000000E+00  0.0000000E+00  0.4608863E-01  0.1000000E-02

         1   348      0  0.0000000E+00  0.0000000E+00  0.0000000E+00  0.0000000E+00  0.0000000E+00  0.0000000E+00
         1   348      1  0.0000000E+00  0.0000000E+00  0.0000000E+00  0.0000000E+00  0.0000000E+00  0.0000000E+00
         1   348      2  0.6200736E-03 -0.3237564E-04  0.0000000E+00  0.0000000E+00 -0.1329342E-03  0.0000000E+00
         1   348      3  0.9300264E-03 -0.4858433E-04  0.0000000E+00  0.0000000E+00 -0.1994069E-03  0.0000000E+00
         1   348      4  0.1239924E-02 -0.6480702E-04  0.0000000E+00  0.0000000E+00 -0.2658834E-03  0.0000000E+00
         1   348      5  0.1549765E-02 -0.8104374E-04  0.0000000E+00  0.0000000E+00 -0.3323639E-03  0.0000000E+00
         1   348      6  0.1859552E-02 -0.9729457E-04  0.0000000E+00  0.0000000E+00 -0.3988484E-03  0.0000000E+00
         1   348      7  0.2169284E-02 -0.1135595E-03  0.0000000E+00  0.0000000E+00 -0.4653371E-03  0.0000000E+00
         1   348      8  0.2478962E-02 -0.1298387E-03  0.0000000E+00  0.0000000E+00 -0.5318301E-03  0.0000000E+00
         1   348      9  0.2788586E-02 -0.1461322E-03  0.0000000E+00  0.0000000E+00 -0.5983275E-03  0.0000000E+00
         1   348     10  0.9889459E-03  0.1617635E-03  0.0000000E+00  0.0000000E+00  0.4613806E-01  0.1000000E-02

         1   349      0  0.0000000E+00  0.0000000E+00  0.0000000E+00  0.0000000E+00  0.0000000E+00  0.0000000E+00
         1   349      1  0.0000000E+00  0.0000000E+00  0.0000000E+00  0.0000000E+00  0.0000000E+00  0.0000000E+00
         1   349      2  0.6152172E-03 -0.3237564E-04  0.0000000E+00  0.0000000E+00 -0.1329343E-03  0.0000000E+00
         1   349      3  0.9227387E-03 -0.4858433E-04  0.0000000E+00  0.0000000E+00 -0.1994070E-03  0.0000000E+00
         1   349      4  0.1230203E-02 -0.6480702E-04  0.0000000E+00  0.0000000E+00 -0.2658836E-03  0.0000000E+00
         1   349      5  0.1537609E-02 -0.8104374E-04  0.0000000E+00  0.0000000E+00 -0.3323642E-03  0.0000000E+00
         1   349      6  0.1844958E-02 -0.9729457E-04  0.0000000E+00  0.0000000E+00 -0.3988488E-03  0.0000000E+00
         1   349      7  0.2152250E-02 -0.1135595E-03  0.0000000E+00  0.0000000E+00 -0.4653377E-03  0.0000000E+00
         1   349      8  0.2459486E-02 -0.1298387E-03  0.0000000E+00  0.0000000E+00 -0.5318308E-03  0.0000000E+00
         1   349      9  0.2766666E-02 -0.1461322E-03  0.0000000E+00  0.0000000E+00 -0.5983284E-03  0.0000000E+00
         1   349     10  0.1013197E-02  0.1617635E-03  0.0000000E+00  0.0000000E+00  0.4616771E-01  0.1000000E-02

         1   350      0  0.0000000E+00  0.0000000E+00  0.0000000E+00  0.0000000E+00  0.0000000E+00  0.0000000E+00
         1   350      1  0.0000000E+00  0.0000000E+00  0.0000000E+00  0.0000000E+00  0.0000000E+00  0.0000000E+00
         1   350      2  0.6071233E-03 -0.3237564E-04  0.0000000E+00  0.0000000E+00 -0.1329343E-03  0.0000000E+00
         1   350      3  0.9105926E-03 -0.4858433E-04  0.0000000E+00  0.0000000E+00 -0.1994071E-03  0.0000000E+00
         1   350      4  0.1214001E-02 -0.6480702E-04  0.0000000E+00  0.0000000E+00 -0.2658839E-03  0.0000000E+00
         1   350      5  0.1517348E-02 -0.8104374E-04  0.0000000E+00  0.0000000E+00 -0.3323646E-03  0.0000000E+00
         1   350      6  0.1820634E-02 -0.9729457E-04  0.0000000E+00  0.0000000E+00 -0.3988495E-03  0.0000000E+00
         1   350      7  0.2123861E-02 -0.1135595E-03  0.0000000E+00  0.0000000E+00 -0.4653386E-03  0.0000000E+00
         1   350      8  0.2427027E-02 -0.1298387E-03  0.0000000E+00  0.0000000E+00 -0.5318320E-03  0.0000000E+00
         1   350      9  0.2730133E-02 -0.1461322E-03  0.0000000E+00  0.0000000E+00 -0.5983299E-03  0.0000000E+00
         1   350     10  0.1053615E-02  0.1617635E-03  0.0000000E+00  0.0000000E+00  0.4621713E-01  0.1000000E-02

         1   351      0  0.0000000E+00  0.0000000E+00  0.0000000E+00  0.0000000E+00  0.0000000E+00  0.0000000E+00
         1   351      1  0.0000000E+00  0.0000000E+00  0.0000000E+00  0.0000000E+00  0.0000000E+00  0.0000000E+00
         1   351      2  0.6020668E-03  0.1208734E-04  0.0000000E+00  0.0000000E+00 -0.1329296E-03  0.0000000E+00
         1   351      3  0.9029956E-03  0.1810289E-04  0.0000000E+00  0.0000000E+00 -0.1993965E-03  0.0000000E+00
         1   351      4  0.1203855E-02  0.2409965E-04  0.0000000E+00  0.0000000E+00 -0.2658649E-03  0.0000000E+00
         1   351      5  0.1504645E-02  0.3007758E-04  0.0000000E+00  0.0000000E+00 -0.3323350E-03  0.0000000E+00
         1   351      6  0.1805367E-02  0.3603665E-04  0.0000000E+00  0.0000000E+00 -0.3988069E-03  0.0000000E+00
         1   351      7  0.2106020E-02  0.4197682E-04  0.0000000E+00  0.0000000E+00 -0.4652806E-03  0.0000000E+00
         1   351      8  0.2406604E-02  0.4789805E-04  0.0000000E+00  0.0000000E+00 -0.5317563E-03  0.0000000E+00
         1   351      9  0.2707120E-02  0.5380031E-04  0.0000000E+00  0.0000000E+00 -0.5982341E-03  0.0000000E+00
         1   351     10  0.1154422E-02  0.2429263E-03  0.0000000E+00  0.0000000E+00  0.4631599E-01  0.1000000E-02

         1   352      0  0.0000000E+00  0.0000000E+00  0.0000000E+00  0.0000000E+00  0.0000000E+00  0.0000000E+00
         1   352      1  0.0000000E+00  0.0000000E+00  0.0000000E+00  0.0000000E+00  0.0000000E+00  0.0000000E+00
         1   352      2  0.6192851E-03  0.5699751E-04  0.0000000E+00  0.0000000E+00 -0.1329249E-03  0.0000000E+00
         1   352      3  0.9288070E-03  0.8545987E-04  0.0000000E+00  0.0000000E+00 -0.1993859E-03  0.0000000E+00
         1   352      4  0.1238249E-02  0.1138979E-03  0.0000000E+00  0.0000000E+00 -0.2658462E-03  0.0000000E+00
         1   352      5  0.1547611E-02  0.1423117E-03  0.0000000E+00  0.0000000E+00 -0.3323058E-03  0.0000000E+00
         1   352      6  0.1856893E-02  0.1707011E-03  0.0000000E+00  0.0000000E+00 -0.3987647E-03  0.0000000E+00
         1   352      7  0.2166096E-02  0.1990662E-03  0.0000000E+00  0.0000000E+00 -0.4652233E-03  0.0000000E+00
         1   352      8  0.2475220E-02  0.2274069E-03  0.0000000E+00  0.0000000E+00 -0.5316814E-03  0.0000000E+00
         1   352      9  0.2784264E-02  0.2557233E-03  0.0000000E+00  0.0000000E+00 -0.5981393E-03  0.0000000E+00
         1   352     10  0.1297901E-02  0.3330685E-03  0.0000000E+00  0.0000000E+00  0.4641485E-01  0.1000000E-02

         1   353      0  0.0000000E+00  0.0000000E+00  0.0000000E+00  0.0000000E+00  0.0000000E+00  0.0000000E+00
         1   353      1  0.0000000E+00  0.0000000E+00  0.0000000E+00  0.0000000E+00  0.0000000E+00  0.0000000E+00
         1   353      2  0.6335345E-03  0.5699751E-04  0.0000000E+00  0.0000000E+00 -0.1329251E-03  0.0000000E+00
         1   353      3  0.9501720E-03  0.8545987E-04  0.0000000E+00  0.0000000E+00 -0.1993865E-03  0.0000000E+00
         1   353      4  0.1266723E-02  0.1138979E-03  0.0000000E+00  0.0000000E+00 -0.2658471E-03  0.0000000E+00
         1   353      5  0.1583189E-02  0.1423117E-03  0.0000000E+00  0.0000000E+00 -0.3323072E-03  0.0000000E+00
         1   353      6  0.1899568E-02  0.1707011E-03  0.0000000E+00  0.0000000E+00 -0.3987668E-03  0.0000000E+00
         1   353      7  0.2215862E-02  0.1990662E-03  0.0000000E+00  0.0000000E+00 -0.4652260E-03  0.0000000E+00
         1   353      8  0.2532071E-02  0.2274069E-03  0.0000000E+00  0.0000000E+00 -0.5316850E-03  0.0000000E+00
         1   353      9  0.2848195E-02  0.2557233E-03  0.0000000E+00  0.0000000E+00 -0.5981439E-03  0.0000000E+00
         1   353     10  0.1381122E-02  0.3330685E-03  0.0000000E+00  0.0000000E+00  0.4646427E-01  0.1000000E-02

         1   354      0  0.0000000E+00  0.0000000E+00  0.0000000E+00  0.0000000E+00  0.0000000E+00  0.0000000E+00
         1   354      1  0.0000000E+00  0.0000000E+00  0.0000000E+00  0.0000000E+00  0.0000000E+00  0.0000000E+00
         1   354      2  0.6420841E-03  0.5699751E-04  0.0000000E+00  0.0000000E+00 -0.1329253E-03  0.0000000E+00
         1   354      3  0.9629909E-03  0.8545987E-04  0.0000000E+00  0.0000000E+00 -0.1993868E-03  0.0000000E+00
         1   354      4  0.1283808E-02  0.1138979E-03  0.0000000E+00  0.0000000E+00 -0.2658476E-03  0.0000000E+00
         1   354      5  0.1604535E-02  0.1423117E-03  0.0000000E+00  0.0000000E+00 -0.3323080E-03  0.0000000E+00
         1   354      6  0.1925173E-02  0.1707011E-03  0.0000000E+00  0.0000000E+00 -0.3987680E-03  0.0000000E+00
         1   354      7  0.2245722E-02  0.1990662E-03  0.0000000E+00  0.0000000E+00 -0.4652277E-03  0.0000000E+00
         1   354      8  0.2566182E-02  0.2274069E-03  0.0000000E+00  0.0000000E+00 -0.5316872E-03  0.0000000E+00
         1   354      9  0.2886554E-02  0.2557233E-03  0.0000000E+00  0.0000000E+00 -0.5981466E-03  0.0000000E+00
         1   354     10  0.1431054E-02  0.3330685E-03  0.0000000E+00  0.0000000E+00  0.4649392E-01  0.1000000E-02

         1   355      0  0.0000000E+00  0.0000000E+00  0.0000000E+00  0.0000000E+00  0.0000000E+00  0.0000000E+00
         1   355      1  0.0000000E+00  0.0000000E+00  0.0000000E+00  0.0000000E+00  0.0000000E+00  0.0000000E+00
         1   355      2  0.6563335E-03  0.5699751E-04  0.0000000E+00  0.0000000E+00 -0.1329255E-03  0.0000000E+00
         1   355      3  0.9843559E-03  0.8545987E-04  0.0000000E+00  0.0000000E+00 -0.1993873E-03  0.0000000E+00
         1   355      4  0.1312282E-02  0.1138979E-03  0.0000000E+00  0.0000000E+00 -0.2658485E-03  0.0000000E+00
         1   355      5  0.1640113E-02  0.1423117E-03  0.0000000E+00  0.0000000E+00 -0.3323094E-03  0.0000000E+00
         1   355      6  0.1967849E-02  0.1707011E-03  0.0000000E+00  0.0000000E+00 -0.3987700E-03  0.0000000E+00
         1   355      7  0.2295489E-02  0.1990662E-03  0.0000000E+00  0.0000000E+00 -0.4652304E-03  0.0000000E+00
         1   355      8  0.2623034E-02  0.2274069E-03  0.0000000E+00  0.0000000E+00 -0.5316908E-03  0.0000000E+00
         1   355      9  0.2950484E-02  0.2557233E-03  0.0000000E+00  0.0000000E+00 -0.5981511E-03  0.0000000E+00
         1   355     10  0.1514275E-02  0.3330685E-03  0.0000000E+00  0.0000000E+00  0.4654333E-01  0.1000000E-02

         1   356      0  0.0000000E+00  0.0000000E+00  0.0000000E+00  0.0000000E+00  0.0000000E+00  0.0000000E+00
         1   356      1  0.0000000E+00  0.0000000E+00  0.0000000E+00  0.0000000E+00  0.0000000E+00  0.0000000E+00
         1   356      2  0.9137345E-03  0.5264343E-04  0.0000000E+00  0.0000000E+00 -0.2230487E-03  0.0000000E+00
         1   356      3  0.1370297E-02  0.7892969E-04  0.0000000E+00  0.0000000E+00 -0.3345504E-03  0.0000000E+00
         1   356      4  0.1826656E-02  0.1051923E-03  0.0000000E+00  0.0000000E+00 -0.4460371E-03  0.0000000E+00
         1   356      5  0.2282813E-02  0.1314312E-03  0.0000000E+00  0.0000000E+00 -0.5575090E-03  0.0000000E+00
         1   356      6  0.2738766E-02  0.1576464E-03  0.0000000E+00  0.0000000E+00 -0.6689661E-03  0.0000000E+00
         1   356      7  0.3194517E-02  0.1838379E-03  0.0000000E+00  0.0000000E+00 -0.7804086E-03  0.0000000E+00
         1   356      8  0.3650066E-02  0.2100057E-03  0.0000000E+00  0.0000000E+00 -0.8918367E-03  0.0000000E+00
         1   356      9  0.4105411E-02  0.2361497E-03  0.0000000E+00  0.0000000E+00 -0.1003250E-02  0.0000000E+00
         1   356     10  0.3315230E-02  0.4344141E-03  0.0000000E+00  0.0000000E+00  0.4719752E-01  0.1000000E-02

         1   357      0  0.0000000E+00  0.0000000E+00  0.0000000E+00  0.0000000E+00  0.0000000E+00  0.0000000E+00
         1   357      1  0.0000000E+00  0.0000000E+00  0.0000000E+00  0.0000000E+00  0.0000000E+00  0.0000000E+00
         1   357      2  0.9268954E-03  0.5264343E-04  0.0000000E+00  0.0000000E+00 -0.2230489E-03  0.0000000E+00
         1   357      3  0.1390029E-02  0.7892969E-04  0.0000000E+00  0.0000000E+00 -0.3345508E-03  0.0000000E+00
         1   357      4  0.1852954E-02  0.1051923E-03  0.0000000E+00  0.0000000E+00 -0.4460379E-03  0.0000000E+00
         1   357      5  0.2315671E-02  0.1314312E-03  0.0000000E+00  0.0000000E+00 -0.5575102E-03  0.0000000E+00
         1   357      6  0.2778178E-02  0.1576464E-03  0.0000000E+00  0.0000000E+00 -0.6689678E-03  0.0000000E+00
         1   357      7  0.3240477E-02  0.1838379E-03  0.0000000E+00  0.0000000E+00 -0.7804110E-03  0.0000000E+00
         1   357      8  0.3702567E-02  0.2100057E-03  0.0000000E+00  0.0000000E+00 -0.8918397E-03  0.0000000E+00
         1   357      9  0.4164449E-02  0.2361497E-03  0.0000000E+00  0.0000000E+00 -0.1003254E-02  0.0000000E+00
         1   357     10  0.3423773E-02  0.4344141E-03  0.0000000E+00  0.0000000E+00  0.4724693E-01  0.1000000E-02

         1   358      0  0.0000000E+00  0.0000000E+00  0.0000000E+00  0.0000000E+00  0.0000000E+00  0.0000000E+00
         1   358      1  0.0000000E+00  0.0000000E+00  0.0000000E+00  0.0000000E+00  0.0000000E+00  0.0000000E+00
         1   358      2  0.9347907E-03  0.5262761E-04  0.0000000E+00  0.0000000E+00 -0.2230490E-03  0.0000000E+00
         1   358      3  0.1401866E-02  0.7889411E-04  0.0000000E+00  0.0000000E+00 -0.3345511E-03  0.0000000E+00
         1   358      4  0.1868729E-02  0.1051291E-03  0.0000000E+00  0.0000000E+00 -0.4460383E-03  0.0000000E+00
         1   358      5  0.2335378E-02  0.1313325E-03  0.0000000E+00  0.0000000E+00 -0.5575109E-03  0.0000000E+00
         1   358      6  0.2801814E-02  0.1575043E-03  0.0000000E+00  0.0000000E+00 -0.6689688E-03  0.0000000E+00
         1   358      7  0.3268038E-02  0.1836446E-03  0.0000000E+00  0.0000000E+00 -0.7804124E-03  0.0000000E+00
         1   358      8  0.3734049E-02  0.2097532E-03  0.0000000E+00  0.0000000E+00 -0.8918416E-03  0.0000000E+00
         1   358      9  0.4199847E-02  0.2358303E-03  0.0000000E+00  0.0000000E+00 -0.1003257E-02  0.0000000E+00
         1   358     10  0.3488883E-02  0.4341959E-03  0.0000000E+00  0.0000000E+00  0.4727657E-01  0.1000000E-02

         1   359      0  0.0000000E+00  0.0000000E+00  0.0000000E+00  0.0000000E+00  0.0000000E+00  0.0000000E+00
         1   359      1  0.0000000E+00  0.0000000E+00  0.0000000E+00  0.0000000E+00  0.0000000E+00  0.0000000E+00
         1   359      2  0.9479476E-03  0.5262761E-04  0.0000000E+00  0.0000000E+00 -0.2230492E-03  0.0000000E+00
         1   359      3  0.1421590E-02  0.7889411E-04  0.0000000E+00  0.0000000E+00 -0.3345515E-03  0.0000000E+00
         1   359      4  0.1895011E-02  0.1051291E-03  0.0000000E+00  0.0000000E+00 -0.4460391E-03  0.0000000E+00
         1   359      5  0.2368211E-02  0.1313325E-03  0.0000000E+00  0.0000000E+00 -0.5575121E-03  0.0000000E+00
         1   359      6  0.2841190E-02  0.1575043E-03  0.0000000E+00  0.0000000E+00 -0.6689706E-03  0.0000000E+00
         1   359      7  0.3313949E-02  0.1836446E-03  0.0000000E+00  0.0000000E+00 -0.7804147E-03  0.0000000E+00
         1   359      8  0.3786487E-02  0.2097532E-03  0.0000000E+00  0.0000000E+00 -0.8918446E-03  0.0000000E+00
         1   359      9  0.4258805E-02  0.2358303E-03  0.0000000E+00  0.0000000E+00 -0.1003260E-02  0.0000000E+00
         1   359     10  0.3597372E-02  0.4341959E-03  0.0000000E+00  0.0000000E+00  0.4732599E-01  0.1000000E-02

         1   360      0  0.0000000E+00  0.0000000E+00  0.0000000E+00  0.0000000E+00  0.0000000E+00  0.0000000E+00
         1   360      1  0.0000000E+00  0.0000000E+00  0.0000000E+00  0.0000000E+00  0.0000000E+00  0.0000000E+00
         1   360      2  0.9549737E-03 -0.2461827E-04  0.0000000E+00  0.0000000E+00 -0.2230625E-03  0.0000000E+00
         1   360      3  0.1432112E-02 -0.3694710E-04  0.0000000E+00  0.0000000E+00 -0.3345813E-03  0.0000000E+00
         1   360      4  0.1909018E-02 -0.4928908E-04  0.0000000E+00  0.0000000E+00 -0.4460920E-03  0.0000000E+00
         1   360      5  0.2385692E-02 -0.6164425E-04  0.0000000E+00  0.0000000E+00 -0.5575947E-03  0.0000000E+00
         1   360      6  0.2862134E-02 -0.7401261E-04  0.0000000E+00  0.0000000E+00 -0.6690895E-03  0.0000000E+00
         1   360      7  0.3338344E-02 -0.8639419E-04  0.0000000E+00  0.0000000E+00 -0.7805765E-03  0.0000000E+00
         1   360      8  0.3814322E-02 -0.9878901E-04  0.0000000E+00  0.0000000E+00 -0.8920558E-03  0.0000000E+00
         1   360      9  0.4290069E-02 -0.1111971E-03  0.0000000E+00  0.0000000E+00 -0.1003528E-02  0.0000000E+00
         1   360     10  0.3740433E-02  0.1364369E-03  0.0000000E+00  0.0000000E+00  0.4742463E-01  0.1000000E-02

         1   361      0  0.0000000E+00  0.0000000E+00  0.0000000E+00  0.0000000E+00  0.0000000E+00  0.0000000E+00
         1   361      1  0.0000000E+00  0.0000000E+00  0.0000000E+00  0.0000000E+00  0.0000000E+00  0.0000000E+00
         1   361      2  0.9234950E-03 -0.1008715E-03  0.0000000E+00  0.0000000E+00 -0.2230759E-03  0.0000000E+00
         1   361      3  0.1384891E-02 -0.1512986E-03  0.0000000E+00  0.0000000E+00 -0.3346115E-03  0.0000000E+00
         1   361      4  0.1846053E-02 -0.2017199E-03  0.0000000E+00  0.0000000E+00 -0.4461456E-03  0.0000000E+00
         1   361      5  0.2306982E-02 -0.2521355E-03  0.0000000E+00  0.0000000E+00 -0.5576785E-03  0.0000000E+00
         1   361      6  0.2767676E-02 -0.3025453E-03  0.0000000E+00  0.0000000E+00 -0.6692101E-03  0.0000000E+00
         1   361      7  0.3228136E-02 -0.3529495E-03  0.0000000E+00  0.0000000E+00 -0.7807406E-03  0.0000000E+00
         1   361      8  0.3688363E-02 -0.4033481E-03  0.0000000E+00  0.0000000E+00 -0.8922700E-03  0.0000000E+00
         1   361      9  0.4148356E-02 -0.4537410E-03  0.0000000E+00  0.0000000E+00 -0.1003799E-02  0.0000000E+00
         1   361     10  0.3732816E-02 -0.1668183E-03  0.0000000E+00  0.0000000E+00  0.4752327E-01  0.1000000E-02

         1   362      0  0.0000000E+00  0.0000000E+00  0.0000000E+00  0.0000000E+00  0.0000000E+00  0.0000000E+00
         1   362      1  0.0000000E+00  0.0000000E+00  0.0000000E+00  0.0000000E+00  0.0000000E+00  0.0000000E+00
         1   362      2  0.8982771E-03 -0.1008715E-03  0.0000000E+00  0.0000000E+00 -0.2230766E-03  0.0000000E+00
         1   362      3  0.1347067E-02 -0.1512986E-03  0.0000000E+00  0.0000000E+00 -0.3346131E-03  0.0000000E+00
         1   362      4  0.1795623E-02 -0.2017199E-03  0.0000000E+00  0.0000000E+00 -0.4461485E-03  0.0000000E+00
         1   362      5  0.2243948E-02 -0.2521355E-03  0.0000000E+00  0.0000000E+00 -0.5576829E-03  0.0000000E+00
         1   362      6  0.2692039E-02 -0.3025453E-03  0.0000000E+00  0.0000000E+00 -0.6692164E-03  0.0000000E+00
         1   362      7  0.3139899E-02 -0.3529495E-03  0.0000000E+00  0.0000000E+00 -0.7807492E-03  0.0000000E+00
         1   362      8  0.3587526E-02 -0.4033481E-03  0.0000000E+00  0.0000000E+00 -0.8922813E-03  0.0000000E+00
         1   362      9  0.4034921E-02 -0.4537410E-03  0.0000000E+00  0.0000000E+00 -0.1003813E-02  0.0000000E+00
         1   362     10  0.3691135E-02 -0.1668183E-03  0.0000000E+00  0.0000000E+00  0.4757270E-01  0.1000000E-02

         1   363      0  0.0000000E+00  0.0000000E+00  0.0000000E+00  0.0000000E+00  0.0000000E+00  0.0000000E+00
         1   363      1  0.0000000E+00  0.0000000E+00  0.0000000E+00  0.0000000E+00  0.0000000E+00  0.0000000E+00
         1   363      2  0.8831464E-03 -0.1008715E-03  0.0000000E+00  0.0000000E+00 -0.2230770E-03  0.0000000E+00
         1   363      3  0.1324372E-02 -0.1512986E-03  0.0000000E+00  0.0000000E+00 -0.3346140E-03  0.0000000E+00
         1   363      4  0.1765365E-02 -0.2017199E-03  0.0000000E+00  0.0000000E+00 -0.4461502E-03  0.0000000E+00
         1   363      5  0.2206127E-02 -0.2521355E-03  0.0000000E+00  0.0000000E+00 -0.5576855E-03  0.0000000E+00
         1   363      6  0.2646658E-02 -0.3025453E-03  0.0000000E+00  0.0000000E+00 -0.6692202E-03  0.0000000E+00
         1   363      7  0.3086956E-02 -0.3529495E-03  0.0000000E+00  0.0000000E+00 -0.7807544E-03  0.0000000E+00
         1   363      8  0.3527024E-02 -0.4033481E-03  0.0000000E+00  0.0000000E+00 -0.8922881E-03  0.0000000E+00
         1   363      9  0.3966859E-02 -0.4537410E-03  0.0000000E+00  0.0000000E+00 -0.1003821E-02  0.0000000E+00
         1   363     10  0.3666126E-02 -0.1668183E-03  0.0000000E+00  0.0000000E+00  0.4760235E-01  0.1000000E-02

         1   364      0  0.0000000E+00  0.0000000E+00  0.0000000E+00  0.0000000E+00  0.0000000E+00  0.0000000E+00
         1   364      1  0.0000000E+00  0.0000000E+00  0.0000000E+00  0.0000000E+00  0.0000000E+00  0.0000000E+00
         1   364      2  0.8579285E-03 -0.1008715E-03  0.0000000E+00  0.0000000E+00 -0.2230777E-03  0.0000000E+00
         1   364      3  0.1286547E-02 -0.1512986E-03  0.0000000E+00  0.0000000E+00 -0.3346156E-03  0.0000000E+00
         1   364      4  0.1714935E-02 -0.2017199E-03  0.0000000E+00  0.0000000E+00 -0.4461530E-03  0.0000000E+00
         1   364      5  0.2143093E-02 -0.2521355E-03  0.0000000E+00  0.0000000E+00 -0.5576899E-03  0.0000000E+00
         1   364      6  0.2571021E-02 -0.3025453E-03  0.0000000E+00  0.0000000E+00 -0.6692266E-03  0.0000000E+00
         1   364      7  0.2998719E-02 -0.3529495E-03  0.0000000E+00  0.0000000E+00 -0.7807630E-03  0.0000000E+00
         1   364      8  0.3426187E-02 -0.4033481E-03  0.0000000E+00  0.0000000E+00 -0.8922994E-03  0.0000000E+00
         1   364      9  0.3853424E-02 -0.4537410E-03  0.0000000E+00  0.0000000E+00 -0.1003836E-02  0.0000000E+00
         1   364     10  0.3624445E-02 -0.1668183E-03  0.0000000E+00  0.0000000E+00  0.4765177E-01  0.1000000E-02

         1   365      0  0.0000000E+00  0.0000000E+00  0.0000000E+00  0.0000000E+00  0.0000000E+00  0.0000000E+00
         1   365      1  0.0000000E+00  0.0000000E+00  0.0000000E+00  0.0000000E+00  0.0000000E+00  0.0000000E+00
         1   365      2  0.3762685E-03 -0.1042952E-03  0.0000000E+00  0.0000000E+00 -0.2939321E-03  0.0000000E+00
         1   365      3  0.5640879E-03 -0.1564333E-03  0.0000000E+00  0.0000000E+00 -0.4408702E-03  0.0000000E+00
         1   365      4  0.7516974E-03 -0.2085650E-03  0.0000000E+00  0.0000000E+00 -0.5877899E-03  0.0000000E+00
         1   365      5  0.9390969E-03 -0.2606905E-03  0.0000000E+00  0.0000000E+00 -0.7346912E-03  0.0000000E+00
         1   365      6  0.1126286E-02 -0.3128097E-03  0.0000000E+00  0.0000000E+00 -0.8815743E-03  0.0000000E+00
         1   365      7  0.1313265E-02 -0.3649227E-03  0.0000000E+00  0.0000000E+00 -0.1028439E-02  0.0000000E+00
         1   365      8  0.1500035E-02 -0.4170295E-03  0.0000000E+00  0.0000000E+00 -0.1175286E-02  0.0000000E+00
         1   365      9  0.1686593E-02 -0.4691302E-03  0.0000000E+00  0.0000000E+00 -0.1322115E-02  0.0000000E+00
         1   365     10  0.3067261E-02 -0.7061534E-04  0.0000000E+00  0.0000000E+00  0.4819932E-01  0.1000000E-02

         1   366      0  0.0000000E+00  0.0000000E+00  0.0000000E+00  0.0000000E+00  0.0000000E+00  0.0000000E+00
         1   366      1  0.0000000E+00  0.0000000E+00  0.0000000E+00  0.0000000E+00  0.0000000E+00  0.0000000E+00
         1   366      2  0.3501947E-03 -0.1042952E-03  0.0000000E+00  0.0000000E+00 -0.2939328E-03  0.0000000E+00
         1   366      3  0.5249796E-03 -0.1564333E-03  0.0000000E+00  0.0000000E+00 -0.4408719E-03  0.0000000E+00
         1   366      4  0.6995561E-03 -0.2085650E-03  0.0000000E+00  0.0000000E+00 -0.5877929E-03  0.0000000E+00
         1   366      5  0.8739242E-03 -0.2606905E-03  0.0000000E+00  0.0000000E+00 -0.7346959E-03  0.0000000E+00
         1   366      6  0.1048084E-02 -0.3128097E-03  0.0000000E+00  0.0000000E+00 -0.8815811E-03  0.0000000E+00
         1   366      7  0.1222035E-02 -0.3649227E-03  0.0000000E+00  0.0000000E+00 -0.1028448E-02  0.0000000E+00
         1   366      8  0.1395777E-02 -0.4170295E-03  0.0000000E+00  0.0000000E+00 -0.1175298E-02  0.0000000E+00
         1   366      9  0.1569311E-02 -0.4691302E-03  0.0000000E+00  0.0000000E+00 -0.1322130E-02  0.0000000E+00
         1   366     10  0.3049617E-02 -0.7061534E-04  0.0000000E+00  0.0000000E+00  0.4824875E-01  0.1000000E-02

         1   367      0  0.0000000E+00  0.0000000E+00  0.0000000E+00  0.0000000E+00  0.0000000E+00  0.0000000E+00
         1   367      1  0.0000000E+00  0.0000000E+00  0.0000000E+00  0.0000000E+00  0.0000000E+00  0.0000000E+00
         1   367      2  0.3345510E-03 -0.1042865E-03  0.0000000E+00  0.0000000E+00 -0.2939333E-03  0.0000000E+00
         1   367      3  0.5015161E-03 -0.1564137E-03  0.0000000E+00  0.0000000E+00 -0.4408729E-03  0.0000000E+00
         1   367      4  0.6682740E-03 -0.2085302E-03  0.0000000E+00  0.0000000E+00 -0.5877947E-03  0.0000000E+00
         1   367      5  0.8348248E-03 -0.2606362E-03  0.0000000E+00  0.0000000E+00 -0.7346988E-03  0.0000000E+00
         1   367      6  0.1001168E-02 -0.3127316E-03  0.0000000E+00  0.0000000E+00 -0.8815851E-03  0.0000000E+00
         1   367      7  0.1167304E-02 -0.3648166E-03  0.0000000E+00  0.0000000E+00 -0.1028454E-02  0.0000000E+00
         1   367      8  0.1333233E-02 -0.4168910E-03  0.0000000E+00  0.0000000E+00 -0.1175305E-02  0.0000000E+00
         1   367      9  0.1498954E-02 -0.4689551E-03  0.0000000E+00  0.0000000E+00 -0.1322139E-02  0.0000000E+00
         1   367     10  0.3039082E-02 -0.6992597E-04  0.0000000E+00  0.0000000E+00  0.4827840E-01  0.1000000E-02

         1   368      0  0.0000000E+00  0.0000000E+00  0.0000000E+00  0.0000000E+00  0.0000000E+00  0.0000000E+00
         1   368      1  0.0000000E+00  0.0000000E+00  0.0000000E+00  0.0000000E+00  0.0000000E+00  0.0000000E+00
         1   368      2  0.3084794E-03 -0.1042865E-03  0.0000000E+00  0.0000000E+00 -0.2939340E-03  0.0000000E+00
         1   368      3  0.4624127E-03 -0.1564137E-03  0.0000000E+00  0.0000000E+00 -0.4408746E-03  0.0000000E+00
         1   368      4  0.6161415E-03 -0.2085302E-03  0.0000000E+00  0.0000000E+00 -0.5877977E-03  0.0000000E+00
         1   368      5  0.7696657E-03 -0.2606362E-03  0.0000000E+00  0.0000000E+00 -0.7347035E-03  0.0000000E+00
         1   368      6  0.9229854E-03 -0.3127316E-03  0.0000000E+00  0.0000000E+00 -0.8815919E-03  0.0000000E+00
         1   368      7  0.1076100E-02 -0.3648166E-03  0.0000000E+00  0.0000000E+00 -0.1028463E-02  0.0000000E+00
         1   368      8  0.1229010E-02 -0.4168910E-03  0.0000000E+00  0.0000000E+00 -0.1175317E-02  0.0000000E+00
         1   368      9  0.1381716E-02 -0.4689551E-03  0.0000000E+00  0.0000000E+00 -0.1322155E-02  0.0000000E+00
         1   368     10  0.3021611E-02 -0.6992597E-04  0.0000000E+00  0.0000000E+00  0.4832783E-01  0.1000000E-02

         1   369      0  0.0000000E+00  0.0000000E+00  0.0000000E+00  0.0000000E+00  0.0000000E+00  0.0000000E+00
         1   369      1  0.0000000E+00  0.0000000E+00  0.0000000E+00  0.0000000E+00  0.0000000E+00  0.0000000E+00
         1   369      2  0.2617215E-03 -0.8331970E-04  0.0000000E+00  0.0000000E+00 -0.2939342E-03  0.0000000E+00
         1   369      3  0.3922782E-03 -0.1249859E-03  0.0000000E+00  0.0000000E+00 -0.4408750E-03  0.0000000E+00
         1   369      4  0.5226320E-03 -0.1666565E-03  0.0000000E+00  0.0000000E+00 -0.5877984E-03  0.0000000E+00
         1   369      5  0.6527828E-03 -0.2083315E-03  0.0000000E+00  0.0000000E+00 -0.7347045E-03  0.0000000E+00
         1   369      6  0.7827306E-03 -0.2500110E-03  0.0000000E+00  0.0000000E+00 -0.8815934E-03  0.0000000E+00
         1   369      7  0.9124751E-03 -0.2916949E-03  0.0000000E+00  0.0000000E+00 -0.1028465E-02  0.0000000E+00
         1   369      8  0.1042016E-02 -0.3333834E-03  0.0000000E+00  0.0000000E+00 -0.1175320E-02  0.0000000E+00
         1   369      9  0.1171354E-02 -0.3750765E-03  0.0000000E+00  0.0000000E+00 -0.1322158E-02  0.0000000E+00
         1   369     10  0.3042297E-02  0.1529703E-03  0.0000000E+00  0.0000000E+00  0.4842679E-01  0.1000000E-02

         1   370      0  0.0000000E+00  0.0000000E+00  0.0000000E+00  0.0000000E+00  0.0000000E+00  0.0000000E+00
         1   370      1  0.0000000E+00  0.0000000E+00  0.0000000E+00  0.0000000E+00  0.0000000E+00  0.0000000E+00
         1   370      2  0.2246466E-03 -0.6543552E-04  0.0000000E+00  0.0000000E+00 -0.2939342E-03  0.0000000E+00
         1   370      3  0.3366570E-03 -0.9818237E-04  0.0000000E+00  0.0000000E+00 -0.4408750E-03  0.0000000E+00
         1   370      4  0.4484585E-03 -0.1309487E-03  0.0000000E+00  0.0000000E+00 -0.5877983E-03  0.0000000E+00
         1   370      5  0.5600512E-03 -0.1637346E-03  0.0000000E+00  0.0000000E+00 -0.7347044E-03  0.0000000E+00
         1   370      6  0.6714347E-03 -0.1965400E-03  0.0000000E+00  0.0000000E+00 -0.8815933E-03  0.0000000E+00
         1   370      7  0.7826090E-03 -0.2293652E-03  0.0000000E+00  0.0000000E+00 -0.1028465E-02  0.0000000E+00
         1   370      8  0.8935739E-03 -0.2622101E-03  0.0000000E+00  0.0000000E+00 -0.1175320E-02  0.0000000E+00
         1   370      9  0.1004329E-02 -0.2950747E-03  0.0000000E+00  0.0000000E+00 -0.1322158E-02  0.0000000E+00
         1   370     10  0.3175437E-02  0.3815209E-03  0.0000000E+00  0.0000000E+00  0.4852576E-01  0.1000000E-02

         1   371      0  0.0000000E+00  0.0000000E+00  0.0000000E+00  0.0000000E+00  0.0000000E+00  0.0000000E+00
         1   371      1  0.0000000E+00  0.0000000E+00  0.0000000E+00  0.0000000E+00  0.0000000E+00  0.0000000E+00
         1   371      2  0.2082877E-03 -0.6543552E-04  0.0000000E+00  0.0000000E+00 -0.2939345E-03  0.0000000E+00
         1   371      3  0.3121114E-03 -0.9818237E-04  0.0000000E+00  0.0000000E+00 -0.4408756E-03  0.0000000E+00
         1   371      4  0.4157214E-03 -0.1309487E-03  0.0000000E+00  0.0000000E+00 -0.5877995E-03  0.0000000E+00
         1   371      5  0.5191175E-03 -0.1637346E-03  0.0000000E+00  0.0000000E+00 -0.7347063E-03  0.0000000E+00
         1   371      6  0.6222997E-03 -0.1965400E-03  0.0000000E+00  0.0000000E+00 -0.8815960E-03  0.0000000E+00
         1   371      7  0.7252677E-03 -0.2293652E-03  0.0000000E+00  0.0000000E+00 -0.1028469E-02  0.0000000E+00
         1   371      8  0.8280214E-03 -0.2622101E-03  0.0000000E+00  0.0000000E+00 -0.1175325E-02  0.0000000E+00
         1   371      9  0.9305606E-03 -0.2950747E-03  0.0000000E+00  0.0000000E+00 -0.1322164E-02  0.0000000E+00
         1   371     10  0.3270764E-02  0.3815209E-03  0.0000000E+00  0.0000000E+00  0.4857517E-01  0.1000000E-02

         1   372      0  0.0000000E+00  0.0000000E+00  0.0000000E+00  0.0000000E+00  0.0000000E+00  0.0000000E+00
         1   372      1  0.0000000E+00  0.0000000E+00  0.0000000E+00  0.0000000E+00  0.0000000E+00  0.0000000E+00
         1   372      2  0.1984724E-03 -0.6543552E-04  0.0000000E+00  0.0000000E+00 -0.2939346E-03  0.0000000E+00
         1   372      3  0.2973840E-03 -0.9818237E-04  0.0000000E+00  0.0000000E+00 -0.4408760E-03  0.0000000E+00
         1   372      4  0.3960791E-03 -0.1309487E-03  0.0000000E+00  0.0000000E+00 -0.5878003E-03  0.0000000E+00
         1   372      5  0.4945573E-03 -0.1637346E-03  0.0000000E+00  0.0000000E+00 -0.7347074E-03  0.0000000E+00
         1   372      6  0.5928187E-03 -0.1965400E-03  0.0000000E+00  0.0000000E+00 -0.8815976E-03  0.0000000E+00
         1   372      7  0.6908629E-03 -0.2293652E-03  0.0000000E+00  0.0000000E+00 -0.1028471E-02  0.0000000E+00
         1   372      8  0.7886899E-03 -0.2622101E-03  0.0000000E+00  0.0000000E+00 -0.1175328E-02  0.0000000E+00
         1   372      9  0.8862994E-03 -0.2950747E-03  0.0000000E+00  0.0000000E+00 -0.1322168E-02  0.0000000E+00
         1   372     10  0.3327960E-02  0.3815209E-03  0.0000000E+00  0.0000000E+00  0.4860482E-01  0.1000000E-02

         1   373      0  0.0000000E+00  0.0000000E+00  0.0000000E+00  0.0000000E+00  0.0000000E+00  0.0000000E+00
         1   373      1  0.0000000E+00  0.0000000E+00  0.0000000E+00  0.0000000E+00  0.0000000E+00  0.0000000E+00
         1   373      2  0.1821135E-03 -0.6543552E-04  0.0000000E+00  0.0000000E+00 -0.2939349E-03  0.0000000E+00
         1   373      3  0.2728384E-03 -0.9818237E-04  0.0000000E+00  0.0000000E+00 -0.4408767E-03  0.0000000E+00
         1   373      4  0.3633419E-03 -0.1309487E-03  0.0000000E+00  0.0000000E+00 -0.5878014E-03  0.0000000E+00
         1   373      5  0.4536237E-03 -0.1637346E-03  0.0000000E+00  0.0000000E+00 -0.7347093E-03  0.0000000E+00
         1   373      6  0.5436837E-03 -0.1965400E-03  0.0000000E+00  0.0000000E+00 -0.8816003E-03  0.0000000E+00
         1   373      7  0.6335216E-03 -0.2293652E-03  0.0000000E+00  0.0000000E+00 -0.1028475E-02  0.0000000E+00
         1   373      8  0.7231373E-03 -0.2622101E-03  0.0000000E+00  0.0000000E+00 -0.1175332E-02  0.0000000E+00
         1   373      9  0.8125307E-03 -0.2950747E-03  0.0000000E+00  0.0000000E+00 -0.1322174E-02  0.0000000E+00
         1   373     10  0.3423288E-02  0.3815209E-03  0.0000000E+00  0.0000000E+00  0.4865424E-01  0.1000000E-02

         1   374      0  0.0000000E+00  0.0000000E+00  0.0000000E+00  0.0000000E+00  0.0000000E+00  0.0000000E+00
         1   374      1  0.0000000E+00  0.0000000E+00  0.0000000E+00  0.0000000E+00  0.0000000E+00  0.0000000E+00
         1   374      2 -0.1254863E-03 -0.6559308E-04  0.0000000E+00  0.0000000E+00 -0.2971908E-03  0.0000000E+00
         1   374      3 -0.1886940E-03 -0.9841691E-04  0.0000000E+00  0.0000000E+00 -0.4457190E-03  0.0000000E+00
         1   374      4 -0.2522120E-03 -0.1312590E-03  0.0000000E+00  0.0000000E+00 -0.5942024E-03  0.0000000E+00
         1   374      5 -0.3160408E-03 -0.1641195E-03  0.0000000E+00  0.0000000E+00 -0.7426413E-03  0.0000000E+00
         1   374      6 -0.3801808E-03 -0.1969983E-03  0.0000000E+00  0.0000000E+00 -0.8910355E-03  0.0000000E+00
         1   374      7 -0.4446326E-03 -0.2298956E-03  0.0000000E+00  0.0000000E+00 -0.1039385E-02  0.0000000E+00
         1   374      8 -0.5093966E-03 -0.2628114E-03  0.0000000E+00  0.0000000E+00 -0.1187691E-02  0.0000000E+00
         1   374      9 -0.5744733E-03 -0.2957458E-03  0.0000000E+00  0.0000000E+00 -0.1335951E-02  0.0000000E+00
         1   374     10  0.5425710E-02  0.4717256E-03  0.0000000E+00  0.0000000E+00  0.4907783E-01  0.1000000E-02

         1   375      0  0.0000000E+00  0.0000000E+00  0.0000000E+00  0.0000000E+00  0.0000000E+00  0.0000000E+00
         1   375      1  0.0000000E+00  0.0000000E+00  0.0000000E+00  0.0000000E+00  0.0000000E+00  0.0000000E+00
         1   375      2 -0.1418846E-03 -0.6559308E-04  0.0000000E+00  0.0000000E+00 -0.2971911E-03  0.0000000E+00
         1   375      3 -0.2132982E-03 -0.9841691E-04  0.0000000E+00  0.0000000E+00 -0.4457197E-03  0.0000000E+00
         1   375      4 -0.2850268E-03 -0.1312590E-03  0.0000000E+00  0.0000000E+00 -0.5942036E-03  0.0000000E+00
         1   375      5 -0.3570707E-03 -0.1641195E-03  0.0000000E+00  0.0000000E+00 -0.7426431E-03  0.0000000E+00
         1   375      6 -0.4294304E-03 -0.1969983E-03  0.0000000E+00  0.0000000E+00 -0.8910382E-03  0.0000000E+00
         1   375      7 -0.5021065E-03 -0.2298956E-03  0.0000000E+00  0.0000000E+00 -0.1039389E-02  0.0000000E+00
         1   375      8 -0.5750995E-03 -0.2628114E-03  0.0000000E+00  0.0000000E+00 -0.1187695E-02  0.0000000E+00
         1   375      9 -0.6484098E-03 -0.2957458E-03  0.0000000E+00  0.0000000E+00 -0.1335957E-02  0.0000000E+00
         1   375     10  0.5543576E-02  0.4717256E-03  0.0000000E+00  0.0000000E+00  0.4912724E-01  0.1000000E-02

         1   376      0  0.0000000E+00  0.0000000E+00  0.0000000E+00  0.0000000E+00  0.0000000E+00  0.0000000E+00
         1   376      1  0.0000000E+00  0.0000000E+00  0.0000000E+00  0.0000000E+00  0.0000000E+00  0.0000000E+00
         1   376      2 -0.1517237E-03 -0.6559474E-04  0.0000000E+00  0.0000000E+00 -0.2971913E-03  0.0000000E+00
         1   376      3 -0.2280610E-03 -0.9842067E-04  0.0000000E+00  0.0000000E+00 -0.4457201E-03  0.0000000E+00
         1   376      4 -0.3047161E-03 -0.1312657E-03  0.0000000E+00  0.0000000E+00 -0.5942044E-03  0.0000000E+00
         1   376      5 -0.3816893E-03 -0.1641300E-03  0.0000000E+00  0.0000000E+00 -0.7426443E-03  0.0000000E+00
         1   376      6 -0.4589813E-03 -0.1970135E-03  0.0000000E+00  0.0000000E+00 -0.8910398E-03  0.0000000E+00
         1   376      7 -0.5365924E-03 -0.2299164E-03  0.0000000E+00  0.0000000E+00 -0.1039391E-02  0.0000000E+00
         1   376      8 -0.6145232E-03 -0.2628387E-03  0.0000000E+00  0.0000000E+00 -0.1187698E-02  0.0000000E+00
         1   376      9 -0.6927742E-03 -0.2957805E-03  0.0000000E+00  0.0000000E+00 -0.1335961E-02  0.0000000E+00
         1   376     10  0.5614117E-02  0.4693246E-03  0.0000000E+00  0.0000000E+00  0.4915689E-01  0.1000000E-02

         1   377      0  0.0000000E+00  0.0000000E+00  0.0000000E+00  0.0000000E+00  0.0000000E+00  0.0000000E+00
         1   377      1  0.0000000E+00  0.0000000E+00  0.0000000E+00  0.0000000E+00  0.0000000E+00  0.0000000E+00
         1   377      2 -0.1681224E-03 -0.6559474E-04  0.0000000E+00  0.0000000E+00 -0.2971916E-03  0.0000000E+00
         1   377      3 -0.2526662E-03 -0.9842067E-04  0.0000000E+00  0.0000000E+00 -0.4457207E-03  0.0000000E+00
         1   377      4 -0.3375325E-03 -0.1312657E-03  0.0000000E+00  0.0000000E+00 -0.5942056E-03  0.0000000E+00
         1   377      5 -0.4227218E-03 -0.1641300E-03  0.0000000E+00  0.0000000E+00 -0.7426461E-03  0.0000000E+00
         1   377      6 -0.5082347E-03 -0.1970135E-03  0.0000000E+00  0.0000000E+00 -0.8910425E-03  0.0000000E+00
         1   377      7 -0.5940715E-03 -0.2299164E-03  0.0000000E+00  0.0000000E+00 -0.1039395E-02  0.0000000E+00
         1   377      8 -0.6802329E-03 -0.2628387E-03  0.0000000E+00  0.0000000E+00 -0.1187703E-02  0.0000000E+00
         1   377      9 -0.7667194E-03 -0.2957805E-03  0.0000000E+00  0.0000000E+00 -0.1335967E-02  0.0000000E+00
         1   377     10  0.5731383E-02  0.4693246E-03  0.0000000E+00  0.0000000E+00  0.4920630E-01  0.1000000E-02

         1   378      0  0.0000000E+00  0.0000000E+00  0.0000000E+00  0.0000000E+00  0.0000000E+00  0.0000000E+00
         1   378      1  0.0000000E+00  0.0000000E+00  0.0000000E+00  0.0000000E+00  0.0000000E+00  0.0000000E+00
         1   378      2 -0.1973097E-03 -0.5076065E-04  0.0000000E+00  0.0000000E+00 -0.2971925E-03  0.0000000E+00
         1   378      3 -0.2964516E-03 -0.7613016E-04  0.0000000E+00  0.0000000E+00 -0.4457229E-03  0.0000000E+00
         1   378      4 -0.3959191E-03 -0.1014925E-03  0.0000000E+00  0.0000000E+00 -0.5942094E-03  0.0000000E+00
         1   378      5 -0.4957125E-03 -0.1268477E-03  0.0000000E+00  0.0000000E+00 -0.7426522E-03  0.0000000E+00
         1   378      6 -0.5958325E-03 -0.1521958E-03  0.0000000E+00  0.0000000E+00 -0.8910512E-03  0.0000000E+00
         1   378      7 -0.6962796E-03 -0.1775368E-03  0.0000000E+00  0.0000000E+00 -0.1039407E-02  0.0000000E+00
         1   378      8 -0.7970544E-03 -0.2028707E-03  0.0000000E+00  0.0000000E+00 -0.1187719E-02  0.0000000E+00
         1   378      9 -0.8981574E-03 -0.2281977E-03  0.0000000E+00  0.0000000E+00 -0.1335987E-02  0.0000000E+00
         1   378     10  0.5848898E-02 -0.5893013E-06  0.0000000E+00  0.0000000E+00  0.4930465E-01  0.1000000E-02

         1   379      0  0.0000000E+00  0.0000000E+00  0.0000000E+00  0.0000000E+00  0.0000000E+00  0.0000000E+00
         1   379      1  0.0000000E+00  0.0000000E+00  0.0000000E+00  0.0000000E+00  0.0000000E+00  0.0000000E+00
         1   379      2 -0.2185414E-03 -0.3387987E-04  0.0000000E+00  0.0000000E+00 -0.2971934E-03  0.0000000E+00
         1   379      3 -0.3282841E-03 -0.5077007E-04  0.0000000E+00  0.0000000E+00 -0.4457249E-03  0.0000000E+00
         1   379      4 -0.4383421E-03 -0.6762708E-04  0.0000000E+00  0.0000000E+00 -0.5942130E-03  0.0000000E+00
         1   379      5 -0.5487160E-03 -0.8445089E-04  0.0000000E+00  0.0000000E+00 -0.7426577E-03  0.0000000E+00
         1   379      6 -0.6594063E-03 -0.1012415E-03  0.0000000E+00  0.0000000E+00 -0.8910592E-03  0.0000000E+00
         1   379      7 -0.7704136E-03 -0.1179989E-03  0.0000000E+00  0.0000000E+00 -0.1039418E-02  0.0000000E+00
         1   379      8 -0.8817385E-03 -0.1347230E-03  0.0000000E+00  0.0000000E+00 -0.1187733E-02  0.0000000E+00
         1   379      9 -0.9933815E-03 -0.1514139E-03  0.0000000E+00  0.0000000E+00 -0.1336005E-02  0.0000000E+00
         1   379     10  0.5730798E-02 -0.4704795E-03  0.0000000E+00  0.0000000E+00  0.4940300E-01  0.1000000E-02

         1   380      0  0.0000000E+00  0.0000000E+00  0.0000000E+00  0.0000000E+00  0.0000000E+00  0.0000000E+00
         1   380      1  0.0000000E+00  0.0000000E+00  0.0000000E+00  0.0000000E+00  0.0000000E+00  0.0000000E+00
         1   380      2 -0.2270114E-03 -0.3387987E-04  0.0000000E+00  0.0000000E+00 -0.2971935E-03  0.0000000E+00
         1   380      3 -0.3409766E-03 -0.5077007E-04  0.0000000E+00  0.0000000E+00 -0.4457251E-03  0.0000000E+00
         1   380      4 -0.4552488E-03 -0.6762708E-04  0.0000000E+00  0.0000000E+00 -0.5942133E-03  0.0000000E+00
         1   380      5 -0.5698287E-03 -0.8445089E-04  0.0000000E+00  0.0000000E+00 -0.7426582E-03  0.0000000E+00
         1   380      6 -0.6847167E-03 -0.1012415E-03  0.0000000E+00  0.0000000E+00 -0.8910599E-03  0.0000000E+00
         1   380      7 -0.7999134E-03 -0.1179989E-03  0.0000000E+00  0.0000000E+00 -0.1039419E-02  0.0000000E+00
         1   380      8 -0.9154193E-03 -0.1347230E-03  0.0000000E+00  0.0000000E+00 -0.1187734E-02  0.0000000E+00
         1   380      9 -0.1031235E-02 -0.1514139E-03  0.0000000E+00  0.0000000E+00 -0.1336007E-02  0.0000000E+00
         1   380     10  0.5613243E-02 -0.4704795E-03  0.0000000E+00  0.0000000E+00  0.4945241E-01  0.1000000E-02

         1   381      0  0.0000000E+00  0.0000000E+00  0.0000000E+00  0.0000000E+00  0.0000000E+00  0.0000000E+00
         1   381      1  0.0000000E+00  0.0000000E+00  0.0000000E+00  0.0000000E+00  0.0000000E+00  0.0000000E+00
         1   381      2 -0.2320934E-03 -0.3387987E-04  0.0000000E+00  0.0000000E+00 -0.2971935E-03  0.0000000E+00
         1   381      3 -0.3485921E-03 -0.5077007E-04  0.0000000E+00  0.0000000E+00 -0.4457252E-03  0.0000000E+00
         1   381      4 -0.4653929E-03 -0.6762708E-04  0.0000000E+00  0.0000000E+00 -0.5942135E-03  0.0000000E+00
         1   381      5 -0.5824963E-03 -0.8445089E-04  0.0000000E+00  0.0000000E+00 -0.7426585E-03  0.0000000E+00
         1   381      6 -0.6999029E-03 -0.1012415E-03  0.0000000E+00  0.0000000E+00 -0.8910603E-03  0.0000000E+00
         1   381      7 -0.8176132E-03 -0.1179989E-03  0.0000000E+00  0.0000000E+00 -0.1039419E-02  0.0000000E+00
         1   381      8 -0.9356277E-03 -0.1347230E-03  0.0000000E+00  0.0000000E+00 -0.1187735E-02  0.0000000E+00
         1   381      9 -0.1053947E-02 -0.1514139E-03  0.0000000E+00  0.0000000E+00 -0.1336008E-02  0.0000000E+00
         1   381     10  0.5542710E-02 -0.4704795E-03  0.0000000E+00  0.0000000E+00  0.4948206E-01  0.1000000E-02

         1   382      0  0.0000000E+00  0.0000000E+00  0.0000000E+00  0.0000000E+00  0.0000000E+00  0.0000000E+00
         1   382      1  0.0000000E+00  0.0000000E+00  0.0000000E+00  0.0000000E+00  0.0000000E+00  0.0000000E+00
         1   382      2 -0.2405634E-03 -0.3387987E-04  0.0000000E+00  0.0000000E+00 -0.2971936E-03  0.0000000E+00
         1   382      3 -0.3612846E-03 -0.5077007E-04  0.0000000E+00  0.0000000E+00 -0.4457253E-03  0.0000000E+00
         1   382      4 -0.4822997E-03 -0.6762708E-04  0.0000000E+00  0.0000000E+00 -0.5942138E-03  0.0000000E+00
         1   382      5 -0.6036090E-03 -0.8445089E-04  0.0000000E+00  0.0000000E+00 -0.7426590E-03  0.0000000E+00
         1   382      6 -0.7252133E-03 -0.1012415E-03  0.0000000E+00  0.0000000E+00 -0.8910611E-03  0.0000000E+00
         1   382      7 -0.8471129E-03 -0.1179989E-03  0.0000000E+00  0.0000000E+00 -0.1039420E-02  0.0000000E+00
         1   382      8 -0.9693085E-03 -0.1347230E-03  0.0000000E+00  0.0000000E+00 -0.1187736E-02  0.0000000E+00
         1   382      9 -0.1091800E-02 -0.1514139E-03  0.0000000E+00  0.0000000E+00 -0.1336009E-02  0.0000000E+00
         1   382     10  0.5425156E-02 -0.4704795E-03  0.0000000E+00  0.0000000E+00  0.4953147E-01  0.1000000E-02

         1   383      0  0.0000000E+00  0.0000000E+00  0.0000000E+00  0.0000000E+00  0.0000000E+00  0.0000000E+00
         1   383      1  0.0000000E+00  0.0000000E+00  0.0000000E+00  0.0000000E+00  0.0000000E+00  0.0000000E+00
         1   383      2 -0.3954916E-03 -0.3211629E-04  0.0000000E+00  0.0000000E+00 -0.2606874E-03  0.0000000E+00
         1   383      3 -0.5934375E-03 -0.4812302E-04  0.0000000E+00  0.0000000E+00 -0.3909305E-03  0.0000000E+00
         1   383      4 -0.7915175E-03 -0.6409545E-04  0.0000000E+00  0.0000000E+00 -0.5211066E-03  0.0000000E+00
         1   383      5 -0.9897320E-03 -0.8003356E-04  0.0000000E+00  0.0000000E+00 -0.6512157E-03  0.0000000E+00
         1   383      6 -0.1188081E-02 -0.9593734E-04  0.0000000E+00  0.0000000E+00 -0.7812578E-03  0.0000000E+00
         1   383      7 -0.1386566E-02 -0.1118068E-03  0.0000000E+00  0.0000000E+00 -0.9112330E-03  0.0000000E+00
         1   383      8 -0.1585187E-02 -0.1276418E-03  0.0000000E+00  0.0000000E+00 -0.1041141E-02  0.0000000E+00
         1   383      9 -0.1783944E-02 -0.1434425E-03  0.0000000E+00  0.0000000E+00 -0.1170982E-02  0.0000000E+00
         1   383     10  0.3428552E-02 -0.3802877E-03  0.0000000E+00  0.0000000E+00  0.4995479E-01  0.1000000E-02

         1   384      0  0.0000000E+00  0.0000000E+00  0.0000000E+00  0.0000000E+00  0.0000000E+00  0.0000000E+00
         1   384      1  0.0000000E+00  0.0000000E+00  0.0000000E+00  0.0000000E+00  0.0000000E+00  0.0000000E+00
         1   384      2 -0.4035207E-03 -0.3211629E-04  0.0000000E+00  0.0000000E+00 -0.2606875E-03  0.0000000E+00
         1   384      3 -0.6054683E-03 -0.4812302E-04  0.0000000E+00  0.0000000E+00 -0.3909307E-03  0.0000000E+00
         1   384      4 -0.8075414E-03 -0.6409545E-04  0.0000000E+00  0.0000000E+00 -0.5211069E-03  0.0000000E+00
         1   384      5 -0.1009740E-02 -0.8003356E-04  0.0000000E+00  0.0000000E+00 -0.6512162E-03  0.0000000E+00
         1   384      6 -0.1212066E-02 -0.9593734E-04  0.0000000E+00  0.0000000E+00 -0.7812585E-03  0.0000000E+00
         1   384      7 -0.1414518E-02 -0.1118068E-03  0.0000000E+00  0.0000000E+00 -0.9112338E-03  0.0000000E+00
         1   384      8 -0.1617097E-02 -0.1276418E-03  0.0000000E+00  0.0000000E+00 -0.1041142E-02  0.0000000E+00
         1   384      9 -0.1819805E-02 -0.1434425E-03  0.0000000E+00  0.0000000E+00 -0.1170984E-02  0.0000000E+00
         1   384     10  0.3333532E-02 -0.3802877E-03  0.0000000E+00  0.0000000E+00  0.5000421E-01  0.1000000E-02

         1   385      0  0.0000000E+00  0.0000000E+00  0.0000000E+00  0.0000000E+00  0.0000000E+00  0.0000000E+00
         1   385      1  0.0000000E+00  0.0000000E+00  0.0000000E+00  0.0000000E+00  0.0000000E+00  0.0000000E+00
         1   385      2 -0.4083372E-03 -0.3210403E-04  0.0000000E+00  0.0000000E+00 -0.2606875E-03  0.0000000E+00
         1   385      3 -0.6126847E-03 -0.4809542E-04  0.0000000E+00  0.0000000E+00 -0.3909308E-03  0.0000000E+00
         1   385      4 -0.8171520E-03 -0.6404636E-04  0.0000000E+00  0.0000000E+00 -0.5211071E-03  0.0000000E+00
         1   385      5 -0.1021740E-02 -0.7995682E-04  0.0000000E+00  0.0000000E+00 -0.6512165E-03  0.0000000E+00
         1   385      6 -0.1226448E-02 -0.9582676E-04  0.0000000E+00  0.0000000E+00 -0.7812589E-03  0.0000000E+00
         1   385      7 -0.1431278E-02 -0.1116562E-03  0.0000000E+00  0.0000000E+00 -0.9112343E-03  0.0000000E+00
         1   385      8 -0.1636229E-02 -0.1274450E-03  0.0000000E+00  0.0000000E+00 -0.1041143E-02  0.0000000E+00
         1   385      9 -0.1841303E-02 -0.1431932E-03  0.0000000E+00  0.0000000E+00 -0.1170985E-02  0.0000000E+00
         1   385     10  0.3276582E-02 -0.3794752E-03  0.0000000E+00  0.0000000E+00  0.5003386E-01  0.1000000E-02

         1   386      0  0.0000000E+00  0.0000000E+00  0.0000000E+00  0.0000000E+00  0.0000000E+00  0.0000000E+00
         1   386      1  0.0000000E+00  0.0000000E+00  0.0000000E+00  0.0000000E+00  0.0000000E+00  0.0000000E+00
         1   386      2 -0.4163632E-03 -0.3210403E-04  0.0000000E+00  0.0000000E+00 -0.2606876E-03  0.0000000E+00
         1   386      3 -0.6247085E-03 -0.4809542E-04  0.0000000E+00  0.0000000E+00 -0.3909309E-03  0.0000000E+00
         1   386      4 -0.8331636E-03 -0.6404636E-04  0.0000000E+00  0.0000000E+00 -0.5211074E-03  0.0000000E+00
         1   386      5 -0.1041729E-02 -0.7995682E-04  0.0000000E+00  0.0000000E+00 -0.6512169E-03  0.0000000E+00
         1   386      6 -0.1250405E-02 -0.9582676E-04  0.0000000E+00  0.0000000E+00 -0.7812595E-03  0.0000000E+00
         1   386      7 -0.1459192E-02 -0.1116562E-03  0.0000000E+00  0.0000000E+00 -0.9112352E-03  0.0000000E+00
         1   386      8 -0.1668090E-02 -0.1274450E-03  0.0000000E+00  0.0000000E+00 -0.1041144E-02  0.0000000E+00
         1   386      9 -0.1877101E-02 -0.1431932E-03  0.0000000E+00  0.0000000E+00 -0.1170986E-02  0.0000000E+00
         1   386     10  0.3181766E-02 -0.3794752E-03  0.0000000E+00  0.0000000E+00  0.5008327E-01  0.1000000E-02

         1   387      0  0.0000000E+00  0.0000000E+00  0.0000000E+00  0.0000000E+00  0.0000000E+00  0.0000000E+00
         1   387      1  0.0000000E+00  0.0000000E+00  0.0000000E+00  0.0000000E+00  0.0000000E+00  0.0000000E+00
         1   387      2 -0.4402162E-03 -0.6360120E-04  0.0000000E+00  0.0000000E+00 -0.2606855E-03  0.0000000E+00
         1   387      3 -0.6604606E-03 -0.9535221E-04  0.0000000E+00  0.0000000E+00 -0.3909263E-03  0.0000000E+00
         1   387      4 -0.8807964E-03 -0.1270702E-03  0.0000000E+00  0.0000000E+00 -0.5210991E-03  0.0000000E+00
         1   387      5 -0.1101224E-02 -0.1587551E-03  0.0000000E+00  0.0000000E+00 -0.6512039E-03  0.0000000E+00
         1   387      6 -0.1321744E-02 -0.1904069E-03  0.0000000E+00  0.0000000E+00 -0.7812408E-03  0.0000000E+00
         1   387      7 -0.1542357E-02 -0.2220257E-03  0.0000000E+00  0.0000000E+00 -0.9112098E-03  0.0000000E+00
         1   387      8 -0.1763063E-02 -0.2536115E-03  0.0000000E+00  0.0000000E+00 -0.1041111E-02  0.0000000E+00
         1   387      9 -0.1983862E-02 -0.2851642E-03  0.0000000E+00  0.0000000E+00 -0.1170944E-02  0.0000000E+00
         1   387     10  0.3049771E-02 -0.1504172E-03  0.0000000E+00  0.0000000E+00  0.5018224E-01  0.1000000E-02

         1   388      0  0.0000000E+00  0.0000000E+00  0.0000000E+00  0.0000000E+00  0.0000000E+00  0.0000000E+00
         1   388      1  0.0000000E+00  0.0000000E+00  0.0000000E+00  0.0000000E+00  0.0000000E+00  0.0000000E+00
         1   388      2 -0.4803561E-03 -0.9745145E-04  0.0000000E+00  0.0000000E+00 -0.2606836E-03  0.0000000E+00
         1   388      3 -0.7206480E-03 -0.1461368E-03  0.0000000E+00  0.0000000E+00 -0.3909221E-03  0.0000000E+00
         1   388      4 -0.9610163E-03 -0.1947952E-03  0.0000000E+00  0.0000000E+00 -0.5210916E-03  0.0000000E+00
         1   388      5 -0.1201462E-02 -0.2434268E-03  0.0000000E+00  0.0000000E+00 -0.6511923E-03  0.0000000E+00
         1   388      6 -0.1441984E-02 -0.2920316E-03  0.0000000E+00  0.0000000E+00 -0.7812240E-03  0.0000000E+00
         1   388      7 -0.1682585E-02 -0.3406096E-03  0.0000000E+00  0.0000000E+00 -0.9111868E-03  0.0000000E+00
         1   388      8 -0.1923264E-02 -0.3891609E-03  0.0000000E+00  0.0000000E+00 -0.1041081E-02  0.0000000E+00
         1   388      9 -0.2164021E-02 -0.4376855E-03  0.0000000E+00  0.0000000E+00 -0.1170906E-02  0.0000000E+00
         1   388     10  0.3030507E-02  0.7308088E-04  0.0000000E+00  0.0000000E+00  0.5028121E-01  0.1000000E-02

         1   389      0  0.0000000E+00  0.0000000E+00  0.0000000E+00  0.0000000E+00  0.0000000E+00  0.0000000E+00
         1   389      1  0.0000000E+00  0.0000000E+00  0.0000000E+00  0.0000000E+00  0.0000000E+00  0.0000000E+00
         1   389      2 -0.5047190E-03 -0.9745145E-04  0.0000000E+00  0.0000000E+00 -0.2606843E-03  0.0000000E+00
         1   389      3 -0.7571822E-03 -0.1461368E-03  0.0000000E+00  0.0000000E+00 -0.3909236E-03  0.0000000E+00
         1   389      4 -0.1009715E-02 -0.1947952E-03  0.0000000E+00  0.0000000E+00 -0.5210943E-03  0.0000000E+00
         1   389      5 -0.1262318E-02 -0.2434268E-03  0.0000000E+00  0.0000000E+00 -0.6511964E-03  0.0000000E+00
         1   389      6 -0.1514992E-02 -0.2920316E-03  0.0000000E+00  0.0000000E+00 -0.7812299E-03  0.0000000E+00
         1   389      7 -0.1767737E-02 -0.3406096E-03  0.0000000E+00  0.0000000E+00 -0.9111949E-03  0.0000000E+00
         1   389      8 -0.2020554E-02 -0.3891609E-03  0.0000000E+00  0.0000000E+00 -0.1041091E-02  0.0000000E+00
         1   389      9 -0.2273443E-02 -0.4376855E-03  0.0000000E+00  0.0000000E+00 -0.1170919E-02  0.0000000E+00
         1   389     10  0.3048767E-02  0.7308088E-04  0.0000000E+00  0.0000000E+00  0.5033063E-01  0.1000000E-02

         1   390      0  0.0000000E+00  0.0000000E+00  0.0000000E+00  0.0000000E+00  0.0000000E+00  0.0000000E+00
         1   390      1  0.0000000E+00  0.0000000E+00  0.0000000E+00  0.0000000E+00  0.0000000E+00  0.0000000E+00
         1   390      2 -0.5193367E-03 -0.9745145E-04  0.0000000E+00  0.0000000E+00 -0.2606847E-03  0.0000000E+00
         1   390      3 -0.7791027E-03 -0.1461368E-03  0.0000000E+00  0.0000000E+00 -0.3909245E-03  0.0000000E+00
         1   390      4 -0.1038934E-02 -0.1947952E-03  0.0000000E+00  0.0000000E+00 -0.5210958E-03  0.0000000E+00
         1   390      5 -0.1298832E-02 -0.2434268E-03  0.0000000E+00  0.0000000E+00 -0.6511988E-03  0.0000000E+00
         1   390      6 -0.1558797E-02 -0.2920316E-03  0.0000000E+00  0.0000000E+00 -0.7812335E-03  0.0000000E+00
         1   390      7 -0.1818829E-02 -0.3406096E-03  0.0000000E+00  0.0000000E+00 -0.9111997E-03  0.0000000E+00
         1   390      8 -0.2078928E-02 -0.3891609E-03  0.0000000E+00  0.0000000E+00 -0.1041098E-02  0.0000000E+00
         1   390      9 -0.2339095E-02 -0.4376855E-03  0.0000000E+00  0.0000000E+00 -0.1170927E-02  0.0000000E+00
         1   390     10  0.3059723E-02  0.7308088E-04  0.0000000E+00  0.0000000E+00  0.5036029E-01  0.1000000E-02

         1   391      0  0.0000000E+00  0.0000000E+00  0.0000000E+00  0.0000000E+00  0.0000000E+00  0.0000000E+00
         1   391      1  0.0000000E+00  0.0000000E+00  0.0000000E+00  0.0000000E+00  0.0000000E+00  0.0000000E+00
         1   391      2 -0.5436996E-03 -0.9745145E-04  0.0000000E+00  0.0000000E+00 -0.2606854E-03  0.0000000E+00
         1   391      3 -0.8156369E-03 -0.1461368E-03  0.0000000E+00  0.0000000E+00 -0.3909259E-03  0.0000000E+00
         1   391      4 -0.1087633E-02 -0.1947952E-03  0.0000000E+00  0.0000000E+00 -0.5210985E-03  0.0000000E+00
         1   391      5 -0.1359689E-02 -0.2434268E-03  0.0000000E+00  0.0000000E+00 -0.6512030E-03  0.0000000E+00
         1   391      6 -0.1631805E-02 -0.2920316E-03  0.0000000E+00  0.0000000E+00 -0.7812394E-03  0.0000000E+00
         1   391      7 -0.1903981E-02 -0.3406096E-03  0.0000000E+00  0.0000000E+00 -0.9112078E-03  0.0000000E+00
         1   391      8 -0.2176218E-02 -0.3891609E-03  0.0000000E+00  0.0000000E+00 -0.1041108E-02  0.0000000E+00
         1   391      9 -0.2448517E-02 -0.4376855E-03  0.0000000E+00  0.0000000E+00 -0.1170940E-02  0.0000000E+00
         1   391     10  0.3077983E-02  0.7308088E-04  0.0000000E+00  0.0000000E+00  0.5040971E-01  0.1000000E-02

         1   392      0  0.0000000E+00  0.0000000E+00  0.0000000E+00  0.0000000E+00  0.0000000E+00  0.0000000E+00
         1   392      1  0.0000000E+00  0.0000000E+00  0.0000000E+00  0.0000000E+00  0.0000000E+00  0.0000000E+00
         1   392      2 -0.9912410E-03 -0.9319636E-04  0.0000000E+00  0.0000000E+00 -0.1725971E-03  0.0000000E+00
         1   392      3 -0.1486748E-02 -0.1397551E-03  0.0000000E+00  0.0000000E+00 -0.2588050E-03  0.0000000E+00
         1   392      4 -0.1982180E-02 -0.1862876E-03  0.0000000E+00  0.0000000E+00 -0.3449523E-03  0.0000000E+00
         1   392      5 -0.2477537E-02 -0.2327938E-03  0.0000000E+00  0.0000000E+00 -0.4310391E-03  0.0000000E+00
         1   392      6 -0.2972821E-02 -0.2792739E-03  0.0000000E+00  0.0000000E+00 -0.5170652E-03  0.0000000E+00
         1   392      7 -0.3468032E-02 -0.3257278E-03  0.0000000E+00  0.0000000E+00 -0.6030306E-03  0.0000000E+00
         1   392      8 -0.3963171E-02 -0.3721555E-03  0.0000000E+00  0.0000000E+00 -0.6889352E-03  0.0000000E+00
         1   392      9 -0.4458238E-02 -0.4185572E-03  0.0000000E+00  0.0000000E+00 -0.7747789E-03  0.0000000E+00
         1   392     10  0.3646526E-02  0.1691929E-03  0.0000000E+00  0.0000000E+00  0.5095538E-01  0.1000000E-02

         1   393      0  0.0000000E+00  0.0000000E+00  0.0000000E+00  0.0000000E+00  0.0000000E+00  0.0000000E+00
         1   393      1  0.0000000E+00  0.0000000E+00  0.0000000E+00  0.0000000E+00  0.0000000E+00  0.0000000E+00
         1   393      2 -0.1014540E-02 -0.9319636E-04  0.0000000E+00  0.0000000E+00 -0.1725977E-03  0.0000000E+00
         1   393      3 -0.1521687E-02 -0.1397551E-03  0.0000000E+00  0.0000000E+00 -0.2588063E-03  0.0000000E+00
         1   393      4 -0.2028752E-02 -0.1862876E-03  0.0000000E+00  0.0000000E+00 -0.3449547E-03  0.0000000E+00
         1   393      5 -0.2535736E-02 -0.2327938E-03  0.0000000E+00  0.0000000E+00 -0.4310428E-03  0.0000000E+00
         1   393      6 -0.3042640E-02 -0.2792739E-03  0.0000000E+00  0.0000000E+00 -0.5170706E-03  0.0000000E+00
         1   393      7 -0.3549464E-02 -0.3257278E-03  0.0000000E+00  0.0000000E+00 -0.6030379E-03  0.0000000E+00
         1   393      8 -0.4056210E-02 -0.3721555E-03  0.0000000E+00  0.0000000E+00 -0.6889448E-03  0.0000000E+00
         1   393      9 -0.4562877E-02 -0.4185572E-03  0.0000000E+00  0.0000000E+00 -0.7747910E-03  0.0000000E+00
         1   393     10  0.3688800E-02  0.1691929E-03  0.0000000E+00  0.0000000E+00  0.5100480E-01  0.1000000E-02

         1   394      0  0.0000000E+00  0.0000000E+00  0.0000000E+00  0.0000000E+00  0.0000000E+00  0.0000000E+00
         1   394      1  0.0000000E+00  0.0000000E+00  0.0000000E+00  0.0000000E+00  0.0000000E+00  0.0000000E+00
         1   394      2 -0.1028521E-02 -0.9321541E-04  0.0000000E+00  0.0000000E+00 -0.1725980E-03  0.0000000E+00
         1   394      3 -0.1542653E-02 -0.1397979E-03  0.0000000E+00  0.0000000E+00 -0.2588071E-03  0.0000000E+00
         1   394      4 -0.2056700E-02 -0.1863637E-03  0.0000000E+00  0.0000000E+00 -0.3449562E-03  0.0000000E+00
         1   394      5 -0.2570664E-02 -0.2329128E-03  0.0000000E+00  0.0000000E+00 -0.4310451E-03  0.0000000E+00
         1   394      6 -0.3084544E-02 -0.2794452E-03  0.0000000E+00  0.0000000E+00 -0.5170739E-03  0.0000000E+00
         1   394      7 -0.3598341E-02 -0.3259610E-03  0.0000000E+00  0.0000000E+00 -0.6030424E-03  0.0000000E+00
         1   394      8 -0.4112056E-02 -0.3724601E-03  0.0000000E+00  0.0000000E+00 -0.6889505E-03  0.0000000E+00
         1   394      9 -0.4625689E-02 -0.4189426E-03  0.0000000E+00  0.0000000E+00 -0.7747983E-03  0.0000000E+00
         1   394     10  0.3714147E-02  0.1689427E-03  0.0000000E+00  0.0000000E+00  0.5103445E-01  0.1000000E-02

         1   395      0  0.0000000E+00  0.0000000E+00  0.0000000E+00  0.0000000E+00  0.0000000E+00  0.0000000E+00
         1   395      1  0.0000000E+00  0.0000000E+00  0.0000000E+00  0.0000000E+00  0.0000000E+00  0.0000000E+00
         1   395      2 -0.1051825E-02 -0.9321541E-04  0.0000000E+00  0.0000000E+00 -0.1725986E-03  0.0000000E+00
         1   395      3 -0.1577603E-02 -0.1397979E-03  0.0000000E+00  0.0000000E+00 -0.2588085E-03  0.0000000E+00
         1   395      4 -0.2103291E-02 -0.1863637E-03  0.0000000E+00  0.0000000E+00 -0.3449586E-03  0.0000000E+00
         1   395      5 -0.2628892E-02 -0.2329128E-03  0.0000000E+00  0.0000000E+00 -0.4310489E-03  0.0000000E+00
         1   395      6 -0.3154405E-02 -0.2794452E-03  0.0000000E+00  0.0000000E+00 -0.5170793E-03  0.0000000E+00
         1   395      7 -0.3679831E-02 -0.3259610E-03  0.0000000E+00  0.0000000E+00 -0.6030497E-03  0.0000000E+00
         1   395      8 -0.4205171E-02 -0.3724601E-03  0.0000000E+00  0.0000000E+00 -0.6889602E-03  0.0000000E+00
         1   395      9 -0.4730425E-02 -0.4189426E-03  0.0000000E+00  0.0000000E+00 -0.7748105E-03  0.0000000E+00
         1   395     10  0.3756359E-02  0.1689427E-03  0.0000000E+00  0.0000000E+00  0.5108388E-01  0.1000000E-02

         1   396      0  0.0000000E+00  0.0000000E+00  0.0000000E+00  0.0000000E+00  0.0000000E+00  0.0000000E+00
         1   396      1  0.0000000E+00  0.0000000E+00  0.0000000E+00  0.0000000E+00  0.0000000E+00  0.0000000E+00
         1   396      2 -0.1076914E-02 -0.6802850E-05  0.0000000E+00  0.0000000E+00 -0.1726155E-03  0.0000000E+00
         1   396      3 -0.1615227E-02 -0.1019043E-04  0.0000000E+00  0.0000000E+00 -0.2588465E-03  0.0000000E+00
         1   396      4 -0.2153444E-02 -0.1356874E-04  0.0000000E+00  0.0000000E+00 -0.3450261E-03  0.0000000E+00
         1   396      5 -0.2691566E-02 -0.1693776E-04  0.0000000E+00  0.0000000E+00 -0.4311543E-03  0.0000000E+00
         1   396      6 -0.3229594E-02 -0.2029744E-04  0.0000000E+00  0.0000000E+00 -0.5172311E-03  0.0000000E+00
         1   396      7 -0.3767529E-02 -0.2364775E-04  0.0000000E+00  0.0000000E+00 -0.6032564E-03  0.0000000E+00
         1   396      8 -0.4305371E-02 -0.2698868E-04  0.0000000E+00  0.0000000E+00 -0.6892300E-03  0.0000000E+00
         1   396      9 -0.4843121E-02 -0.3032019E-04  0.0000000E+00  0.0000000E+00 -0.7751520E-03  0.0000000E+00
         1   396     10  0.3764556E-02 -0.1362467E-03  0.0000000E+00  0.0000000E+00  0.5118252E-01  0.1000000E-02

         1   397      0  0.0000000E+00  0.0000000E+00  0.0000000E+00  0.0000000E+00  0.0000000E+00  0.0000000E+00
         1   397      1  0.0000000E+00  0.0000000E+00  0.0000000E+00  0.0000000E+00  0.0000000E+00  0.0000000E+00
         1   397      2 -0.1058582E-02  0.7988400E-04  0.0000000E+00  0.0000000E+00 -0.1726323E-03  0.0000000E+00
         1   397      3 -0.1587724E-02  0.1198280E-03  0.0000000E+00  0.0000000E+00 -0.2588843E-03  0.0000000E+00
         1   397      4 -0.2116769E-02  0.1597734E-03  0.0000000E+00  0.0000000E+00 -0.3450934E-03  0.0000000E+00
         1   397      5 -0.2645716E-02  0.1997203E-03  0.0000000E+00  0.0000000E+00 -0.4312594E-03  0.0000000E+00
         1   397      6 -0.3174566E-02  0.2396688E-03  0.0000000E+00  0.0000000E+00 -0.5173824E-03  0.0000000E+00
         1   397      7 -0.3703320E-02  0.2796189E-03  0.0000000E+00  0.0000000E+00 -0.6034623E-03  0.0000000E+00
         1   397      8 -0.4231978E-02  0.3195709E-03  0.0000000E+00  0.0000000E+00 -0.6894989E-03  0.0000000E+00
         1   397      9 -0.4760541E-02  0.3595247E-03  0.0000000E+00  0.0000000E+00 -0.7754922E-03  0.0000000E+00
         1   397     10  0.3621103E-02 -0.4359476E-03  0.0000000E+00  0.0000000E+00  0.5128116E-01  0.1000000E-02

         1   398      0  0.0000000E+00  0.0000000E+00  0.0000000E+00  0.0000000E+00  0.0000000E+00  0.0000000E+00
         1   398      1  0.0000000E+00  0.0000000E+00  0.0000000E+00  0.0000000E+00  0.0000000E+00  0.0000000E+00
         1   398      2 -0.1038611E-02  0.7988400E-04  0.0000000E+00  0.0000000E+00 -0.1726328E-03  0.0000000E+00
         1   398      3 -0.1557767E-02  0.1198280E-03  0.0000000E+00  0.0000000E+00 -0.2588853E-03  0.0000000E+00
         1   398      4 -0.2076825E-02  0.1597734E-03  0.0000000E+00  0.0000000E+00 -0.3450951E-03  0.0000000E+00
         1   398      5 -0.2595786E-02  0.1997203E-03  0.0000000E+00  0.0000000E+00 -0.4312622E-03  0.0000000E+00
         1   398      6 -0.3114649E-02  0.2396688E-03  0.0000000E+00  0.0000000E+00 -0.5173864E-03  0.0000000E+00
         1   398      7 -0.3633415E-02  0.2796189E-03  0.0000000E+00  0.0000000E+00 -0.6034677E-03  0.0000000E+00
         1   398      8 -0.4152085E-02  0.3195709E-03  0.0000000E+00  0.0000000E+00 -0.6895060E-03  0.0000000E+00
         1   398      9 -0.4670660E-02  0.3595247E-03  0.0000000E+00  0.0000000E+00 -0.7755012E-03  0.0000000E+00
         1   398     10  0.3512177E-02 -0.4359476E-03  0.0000000E+00  0.0000000E+00  0.5133057E-01  0.1000000E-02

         1   399      0  0.0000000E+00  0.0000000E+00  0.0000000E+00  0.0000000E+00  0.0000000E+00  0.0000000E+00
         1   399      1  0.0000000E+00  0.0000000E+00  0.0000000E+00  0.0000000E+00  0.0000000E+00  0.0000000E+00
         1   399      2 -0.1026628E-02  0.7988400E-04  0.0000000E+00  0.0000000E+00 -0.1726330E-03  0.0000000E+00
         1   399      3 -0.1539793E-02  0.1198280E-03  0.0000000E+00  0.0000000E+00 -0.2588859E-03  0.0000000E+00
         1   399      4 -0.2052859E-02  0.1597734E-03  0.0000000E+00  0.0000000E+00 -0.3450962E-03  0.0000000E+00
         1   399      5 -0.2565828E-02  0.1997203E-03  0.0000000E+00  0.0000000E+00 -0.4312638E-03  0.0000000E+00
         1   399      6 -0.3078698E-02  0.2396688E-03  0.0000000E+00  0.0000000E+00 -0.5173888E-03  0.0000000E+00
         1   399      7 -0.3591472E-02  0.2796189E-03  0.0000000E+00  0.0000000E+00 -0.6034709E-03  0.0000000E+00
         1   399      8 -0.4104149E-02  0.3195709E-03  0.0000000E+00  0.0000000E+00 -0.6895102E-03  0.0000000E+00
         1   399      9 -0.4616731E-02  0.3595247E-03  0.0000000E+00  0.0000000E+00 -0.7755066E-03  0.0000000E+00
         1   399     10  0.3446821E-02 -0.4359476E-03  0.0000000E+00  0.0000000E+00  0.5136022E-01  0.1000000E-02

         1   400      0  0.0000000E+00  0.0000000E+00  0.0000000E+00  0.0000000E+00  0.0000000E+00  0.0000000E+00
         1   400      1  0.0000000E+00  0.0000000E+00  0.0000000E+00  0.0000000E+00  0.0000000E+00  0.0000000E+00
         1   400      2 -0.1006657E-02  0.7988400E-04  0.0000000E+00  0.0000000E+00 -0.1726335E-03  0.0000000E+00
         1   400      3 -0.1509836E-02  0.1198280E-03  0.0000000E+00  0.0000000E+00 -0.2588869E-03  0.0000000E+00
         1   400      4 -0.2012916E-02  0.1597734E-03  0.0000000E+00  0.0000000E+00 -0.3450980E-03  0.0000000E+00
         1   400      5 -0.2515897E-02  0.1997203E-03  0.0000000E+00  0.0000000E+00 -0.4312666E-03  0.0000000E+00
         1   400      6 -0.3018781E-02  0.2396688E-03  0.0000000E+00  0.0000000E+00 -0.5173928E-03  0.0000000E+00
         1   400      7 -0.3521567E-02  0.2796189E-03  0.0000000E+00  0.0000000E+00 -0.6034764E-03  0.0000000E+00
         1   400      8 -0.4024257E-02  0.3195709E-03  0.0000000E+00  0.0000000E+00 -0.6895173E-03  0.0000000E+00
         1   400      9 -0.4526850E-02  0.3595247E-03  0.0000000E+00  0.0000000E+00 -0.7755155E-03  0.0000000E+00
         1   400     10  0.3337894E-02 -0.4359476E-03  0.0000000E+00  0.0000000E+00  0.5140963E-01  0.1000000E-02

         1   401      0  0.0000000E+00  0.0000000E+00  0.0000000E+00  0.0000000E+00  0.0000000E+00  0.0000000E+00
         1   401      1  0.0000000E+00  0.0000000E+00  0.0000000E+00  0.0000000E+00  0.0000000E+00  0.0000000E+00
         1   401      2 -0.6210134E-03  0.8439652E-04  0.0000000E+00  0.0000000E+00 -0.7921985E-04  0.0000000E+00
         1   401      3 -0.9313773E-03  0.1265953E-03  0.0000000E+00  0.0000000E+00 -0.1187910E-03  0.0000000E+00
         1   401      4 -0.1241646E-02  0.1687945E-03  0.0000000E+00  0.0000000E+00 -0.1583362E-03  0.0000000E+00
         1   401      5 -0.1551820E-02  0.2109942E-03  0.0000000E+00  0.0000000E+00 -0.1978553E-03  0.0000000E+00
         1   401      6 -0.1861899E-02  0.2531946E-03  0.0000000E+00  0.0000000E+00 -0.2373482E-03  0.0000000E+00
         1   401      7 -0.2171884E-02  0.2953957E-03  0.0000000E+00  0.0000000E+00 -0.2768147E-03  0.0000000E+00
         1   401      8 -0.2481774E-02  0.3375975E-03  0.0000000E+00  0.0000000E+00 -0.3162547E-03  0.0000000E+00
         1   401      9 -0.2791570E-02  0.3798003E-03  0.0000000E+00  0.0000000E+00 -0.3556681E-03  0.0000000E+00
         1   401     10  0.1529494E-02 -0.3347071E-03  0.0000000E+00  0.0000000E+00  0.5206164E-01  0.1000000E-02

         1   402      0  0.0000000E+00  0.0000000E+00  0.0000000E+00  0.0000000E+00  0.0000000E+00  0.0000000E+00
         1   402      1  0.0000000E+00  0.0000000E+00  0.0000000E+00  0.0000000E+00  0.0000000E+00  0.0000000E+00
         1   402      2 -0.5999143E-03  0.8439652E-04  0.0000000E+00  0.0000000E+00 -0.7922035E-04  0.0000000E+00
         1   402      3 -0.8997284E-03  0.1265953E-03  0.0000000E+00  0.0000000E+00 -0.1187921E-03  0.0000000E+00
         1   402      4 -0.1199447E-02  0.1687945E-03  0.0000000E+00  0.0000000E+00 -0.1583382E-03  0.0000000E+00
         1   402      5 -0.1499071E-02  0.2109942E-03  0.0000000E+00  0.0000000E+00 -0.1978584E-03  0.0000000E+00
         1   402      6 -0.1798601E-02  0.2531946E-03  0.0000000E+00  0.0000000E+00 -0.2373526E-03  0.0000000E+00
         1   402      7 -0.2098035E-02  0.2953957E-03  0.0000000E+00  0.0000000E+00 -0.2768207E-03  0.0000000E+00
         1   402      8 -0.2397375E-02  0.3375975E-03  0.0000000E+00  0.0000000E+00 -0.3162626E-03  0.0000000E+00
         1   402      9 -0.2696620E-02  0.3798003E-03  0.0000000E+00  0.0000000E+00 -0.3556781E-03  0.0000000E+00
         1   402     10  0.1445864E-02 -0.3347071E-03  0.0000000E+00  0.0000000E+00  0.5211105E-01  0.1000000E-02

         1   403      0  0.0000000E+00  0.0000000E+00  0.0000000E+00  0.0000000E+00  0.0000000E+00  0.0000000E+00
         1   403      1  0.0000000E+00  0.0000000E+00  0.0000000E+00  0.0000000E+00  0.0000000E+00  0.0000000E+00
         1   403      2 -0.5872548E-03  0.8439652E-04  0.0000000E+00  0.0000000E+00 -0.7922064E-04  0.0000000E+00
         1   403      3 -0.8807392E-03  0.1265953E-03  0.0000000E+00  0.0000000E+00 -0.1187928E-03  0.0000000E+00
         1   403      4 -0.1174128E-02  0.1687945E-03  0.0000000E+00  0.0000000E+00 -0.1583394E-03  0.0000000E+00
         1   403      5 -0.1467422E-02  0.2109942E-03  0.0000000E+00  0.0000000E+00 -0.1978603E-03  0.0000000E+00
         1   403      6 -0.1760621E-02  0.2531946E-03  0.0000000E+00  0.0000000E+00 -0.2373553E-03  0.0000000E+00
         1   403      7 -0.2053726E-02  0.2953957E-03  0.0000000E+00  0.0000000E+00 -0.2768243E-03  0.0000000E+00
         1   403      8 -0.2346735E-02  0.3375975E-03  0.0000000E+00  0.0000000E+00 -0.3162673E-03  0.0000000E+00
         1   403      9 -0.2639650E-02  0.3798003E-03  0.0000000E+00  0.0000000E+00 -0.3556841E-03  0.0000000E+00
         1   403     10  0.1395685E-02 -0.3347071E-03  0.0000000E+00  0.0000000E+00  0.5214070E-01  0.1000000E-02

         1   404      0  0.0000000E+00  0.0000000E+00  0.0000000E+00  0.0000000E+00  0.0000000E+00  0.0000000E+00
         1   404      1  0.0000000E+00  0.0000000E+00  0.0000000E+00  0.0000000E+00  0.0000000E+00  0.0000000E+00
         1   404      2 -0.5661557E-03  0.8439652E-04  0.0000000E+00  0.0000000E+00 -0.7922114E-04  0.0000000E+00
         1   404      3 -0.8490903E-03  0.1265953E-03  0.0000000E+00  0.0000000E+00 -0.1187939E-03  0.0000000E+00
         1   404      4 -0.1131930E-02  0.1687945E-03  0.0000000E+00  0.0000000E+00 -0.1583414E-03  0.0000000E+00
         1   404      5 -0.1414674E-02  0.2109942E-03  0.0000000E+00  0.0000000E+00 -0.1978633E-03  0.0000000E+00
         1   404      6 -0.1697323E-02  0.2531946E-03  0.0000000E+00  0.0000000E+00 -0.2373597E-03  0.0000000E+00
         1   404      7 -0.1979877E-02  0.2953957E-03  0.0000000E+00  0.0000000E+00 -0.2768304E-03  0.0000000E+00
         1   404      8 -0.2262336E-02  0.3375975E-03  0.0000000E+00  0.0000000E+00 -0.3162752E-03  0.0000000E+00
         1   404      9 -0.2544700E-02  0.3798003E-03  0.0000000E+00  0.0000000E+00 -0.3556941E-03  0.0000000E+00
         1   404     10  0.1312055E-02 -0.3347071E-03  0.0000000E+00  0.0000000E+00  0.5219012E-01  0.1000000E-02

         1   405      0  0.0000000E+00  0.0000000E+00  0.0000000E+00  0.0000000E+00  0.0000000E+00  0.0000000E+00
         1   405      1  0.0000000E+00  0.0000000E+00  0.0000000E+00  0.0000000E+00  0.0000000E+00  0.0000000E+00
         1   405      2 -0.5341707E-03  0.4393656E-04  0.0000000E+00  0.0000000E+00 -0.7921777E-04  0.0000000E+00
         1   405      3 -0.8011099E-03  0.6591597E-04  0.0000000E+00  0.0000000E+00 -0.1187864E-03  0.0000000E+00
         1   405      4 -0.1067952E-02  0.8790292E-04  0.0000000E+00  0.0000000E+00 -0.1583279E-03  0.0000000E+00
         1   405      5 -0.1334697E-02  0.1098975E-03  0.0000000E+00  0.0000000E+00 -0.1978423E-03  0.0000000E+00
         1   405      6 -0.1601344E-02  0.1318997E-03  0.0000000E+00  0.0000000E+00 -0.2373295E-03  0.0000000E+00
         1   405      7 -0.1867894E-02  0.1539098E-03  0.0000000E+00  0.0000000E+00 -0.2767892E-03  0.0000000E+00
         1   405      8 -0.2134348E-02  0.1759277E-03  0.0000000E+00  0.0000000E+00 -0.3162215E-03  0.0000000E+00
         1   405      9 -0.2400704E-02  0.1979535E-03  0.0000000E+00  0.0000000E+00 -0.3556261E-03  0.0000000E+00
         1   405     10  0.1168014E-02 -0.2435450E-03  0.0000000E+00  0.0000000E+00  0.5228898E-01  0.1000000E-02

         1   406      0  0.0000000E+00  0.0000000E+00  0.0000000E+00  0.0000000E+00  0.0000000E+00  0.0000000E+00
         1   406      1  0.0000000E+00  0.0000000E+00  0.0000000E+00  0.0000000E+00  0.0000000E+00  0.0000000E+00
         1   406      2 -0.5219485E-03  0.5102138E-05  0.0000000E+00  0.0000000E+00 -0.7921423E-04  0.0000000E+00
         1   406      3 -0.7827684E-03  0.7675386E-05  0.0000000E+00  0.0000000E+00 -0.1187784E-03  0.0000000E+00
         1   406      4 -0.1043485E-02  0.1026353E-04  0.0000000E+00  0.0000000E+00 -0.1583137E-03  0.0000000E+00
         1   406      5 -0.1304100E-02  0.1286664E-04  0.0000000E+00  0.0000000E+00 -0.1978202E-03  0.0000000E+00
         1   406      6 -0.1564611E-02  0.1548482E-04  0.0000000E+00  0.0000000E+00 -0.2372976E-03  0.0000000E+00
         1   406      7 -0.1825019E-02  0.1811813E-04  0.0000000E+00  0.0000000E+00 -0.2767459E-03  0.0000000E+00
         1   406      8 -0.2085325E-02  0.2076666E-04  0.0000000E+00  0.0000000E+00 -0.3161649E-03  0.0000000E+00
         1   406      9 -0.2345528E-02  0.2343049E-04  0.0000000E+00  0.0000000E+00 -0.3555546E-03  0.0000000E+00
         1   406     10  0.1067148E-02 -0.1613852E-03  0.0000000E+00  0.0000000E+00  0.5238784E-01  0.1000000E-02

         1   407      0  0.0000000E+00  0.0000000E+00  0.0000000E+00  0.0000000E+00  0.0000000E+00  0.0000000E+00
         1   407      1  0.0000000E+00  0.0000000E+00  0.0000000E+00  0.0000000E+00  0.0000000E+00  0.0000000E+00
         1   407      2 -0.5206730E-03  0.5102138E-05  0.0000000E+00  0.0000000E+00 -0.7921423E-04  0.0000000E+00
         1   407      3 -0.7808496E-03  0.7675386E-05  0.0000000E+00  0.0000000E+00 -0.1187784E-03  0.0000000E+00
         1   407      4 -0.1040920E-02  0.1026353E-04  0.0000000E+00  0.0000000E+00 -0.1583138E-03  0.0000000E+00
         1   407      5 -0.1300883E-02  0.1286664E-04  0.0000000E+00  0.0000000E+00 -0.1978202E-03  0.0000000E+00
         1   407      6 -0.1560740E-02  0.1548482E-04  0.0000000E+00  0.0000000E+00 -0.2372976E-03  0.0000000E+00
         1   407      7 -0.1820490E-02  0.1811813E-04  0.0000000E+00  0.0000000E+00 -0.2767459E-03  0.0000000E+00
         1   407      8 -0.2080133E-02  0.2076666E-04  0.0000000E+00  0.0000000E+00 -0.3161650E-03  0.0000000E+00
         1   407      9 -0.2339670E-02  0.2343049E-04  0.0000000E+00  0.0000000E+00 -0.3555546E-03  0.0000000E+00
         1   407     10  0.1026824E-02 -0.1613852E-03  0.0000000E+00  0.0000000E+00  0.5243726E-01  0.1000000E-02

         1   408      0  0.0000000E+00  0.0000000E+00  0.0000000E+00  0.0000000E+00  0.0000000E+00  0.0000000E+00
         1   408      1  0.0000000E+00  0.0000000E+00  0.0000000E+00  0.0000000E+00  0.0000000E+00  0.0000000E+00
         1   408      2 -0.5199077E-03  0.5102138E-05  0.0000000E+00  0.0000000E+00 -0.7921423E-04  0.0000000E+00
         1   408      3 -0.7796983E-03  0.7675386E-05  0.0000000E+00  0.0000000E+00 -0.1187784E-03  0.0000000E+00
         1   408      4 -0.1039380E-02  0.1026353E-04  0.0000000E+00  0.0000000E+00 -0.1583138E-03  0.0000000E+00
         1   408      5 -0.1298953E-02  0.1286664E-04  0.0000000E+00  0.0000000E+00 -0.1978202E-03  0.0000000E+00
         1   408      6 -0.1558417E-02  0.1548482E-04  0.0000000E+00  0.0000000E+00 -0.2372977E-03  0.0000000E+00
         1   408      7 -0.1817772E-02  0.1811813E-04  0.0000000E+00  0.0000000E+00 -0.2767459E-03  0.0000000E+00
         1   408      8 -0.2077018E-02  0.2076666E-04  0.0000000E+00  0.0000000E+00 -0.3161650E-03  0.0000000E+00
         1   408      9 -0.2336155E-02  0.2343049E-04  0.0000000E+00  0.0000000E+00 -0.3555546E-03  0.0000000E+00
         1   408     10  0.1002629E-02 -0.1613852E-03  0.0000000E+00  0.0000000E+00  0.5246692E-01  0.1000000E-02

         1   409      0  0.0000000E+00  0.0000000E+00  0.0000000E+00  0.0000000E+00  0.0000000E+00  0.0000000E+00
         1   409      1  0.0000000E+00  0.0000000E+00  0.0000000E+00  0.0000000E+00  0.0000000E+00  0.0000000E+00
         1   409      2 -0.5186321E-03  0.5102138E-05  0.0000000E+00  0.0000000E+00 -0.7921423E-04  0.0000000E+00
         1   409      3 -0.7777794E-03  0.7675386E-05  0.0000000E+00  0.0000000E+00 -0.1187784E-03  0.0000000E+00
         1   409      4 -0.1036814E-02  0.1026353E-04  0.0000000E+00  0.0000000E+00 -0.1583138E-03  0.0000000E+00
         1   409      5 -0.1295736E-02  0.1286664E-04  0.0000000E+00  0.0000000E+00 -0.1978202E-03  0.0000000E+00
         1   409      6 -0.1554546E-02  0.1548482E-04  0.0000000E+00  0.0000000E+00 -0.2372977E-03  0.0000000E+00
         1   409      7 -0.1813242E-02  0.1811813E-04  0.0000000E+00  0.0000000E+00 -0.2767460E-03  0.0000000E+00
         1   409      8 -0.2071826E-02  0.2076666E-04  0.0000000E+00  0.0000000E+00 -0.3161650E-03  0.0000000E+00
         1   409      9 -0.2330298E-02  0.2343049E-04  0.0000000E+00  0.0000000E+00 -0.3555547E-03  0.0000000E+00
         1   409     10  0.9623053E-03 -0.1613852E-03  0.0000000E+00  0.0000000E+00  0.5251634E-01  0.1000000E-02

         1   410      0  0.0000000E+00  0.0000000E+00  0.0000000E+00  0.0000000E+00  0.0000000E+00  0.0000000E+00
         1   410      1  0.0000000E+00  0.0000000E+00  0.0000000E+00  0.0000000E+00  0.0000000E+00  0.0000000E+00
         1   410      2 -0.4881241E-03  0.7893776E-05  0.0000000E+00  0.0000000E+00 -0.2142972E-04  0.0000000E+00
         1   410      3 -0.7319167E-03  0.1186161E-04  0.0000000E+00  0.0000000E+00 -0.3212728E-04  0.0000000E+00
         1   410      4 -0.9755292E-03  0.1584353E-04  0.0000000E+00  0.0000000E+00 -0.4281319E-04  0.0000000E+00
         1   410      5 -0.1218961E-02  0.1983960E-04  0.0000000E+00  0.0000000E+00 -0.5348736E-04  0.0000000E+00
         1   410      6 -0.1462212E-02  0.2384990E-04  0.0000000E+00  0.0000000E+00 -0.6414969E-04  0.0000000E+00
         1   410      7 -0.1705281E-02  0.2787451E-04  0.0000000E+00  0.0000000E+00 -0.7480009E-04  0.0000000E+00
         1   410      8 -0.1948169E-02  0.3191352E-04  0.0000000E+00  0.0000000E+00 -0.8543848E-04  0.0000000E+00
         1   410      9 -0.2190875E-02  0.3596701E-04  0.0000000E+00  0.0000000E+00 -0.9606476E-04  0.0000000E+00
         1   410     10  0.4649207E-03 -0.5059623E-04  0.0000000E+00  0.0000000E+00  0.5336582E-01  0.1000000E-02

         1   411      0  0.0000000E+00  0.0000000E+00  0.0000000E+00  0.0000000E+00  0.0000000E+00  0.0000000E+00
         1   411      1  0.0000000E+00  0.0000000E+00  0.0000000E+00  0.0000000E+00  0.0000000E+00  0.0000000E+00
         1   411      2 -0.4861506E-03  0.7893776E-05  0.0000000E+00  0.0000000E+00 -0.2142972E-04  0.0000000E+00
         1   411      3 -0.7289513E-03  0.1186161E-04  0.0000000E+00  0.0000000E+00 -0.3212729E-04  0.0000000E+00
         1   411      4 -0.9715683E-03  0.1584353E-04  0.0000000E+00  0.0000000E+00 -0.4281321E-04  0.0000000E+00
         1   411      5 -0.1214001E-02  0.1983960E-04  0.0000000E+00  0.0000000E+00 -0.5348738E-04  0.0000000E+00
         1   411      6 -0.1456249E-02  0.2384990E-04  0.0000000E+00  0.0000000E+00 -0.6414973E-04  0.0000000E+00
         1   411      7 -0.1698313E-02  0.2787451E-04  0.0000000E+00  0.0000000E+00 -0.7480014E-04  0.0000000E+00
         1   411      8 -0.1940191E-02  0.3191352E-04  0.0000000E+00  0.0000000E+00 -0.8543855E-04  0.0000000E+00
         1   411      9 -0.2181883E-02  0.3596701E-04  0.0000000E+00  0.0000000E+00 -0.9606485E-04  0.0000000E+00
         1   411     10  0.4522786E-03 -0.5059623E-04  0.0000000E+00  0.0000000E+00  0.5341524E-01  0.1000000E-02

         1   412      0  0.0000000E+00  0.0000000E+00  0.0000000E+00  0.0000000E+00  0.0000000E+00  0.0000000E+00
         1   412      1  0.0000000E+00  0.0000000E+00  0.0000000E+00  0.0000000E+00  0.0000000E+00  0.0000000E+00
         1   412      2 -0.4849666E-03  0.7893776E-05  0.0000000E+00  0.0000000E+00 -0.2142973E-04  0.0000000E+00
         1   412      3 -0.7271721E-03  0.1186161E-04  0.0000000E+00  0.0000000E+00 -0.3212730E-04  0.0000000E+00
         1   412      4 -0.9691918E-03  0.1584353E-04  0.0000000E+00  0.0000000E+00 -0.4281322E-04  0.0000000E+00
         1   412      5 -0.1211025E-02  0.1983960E-04  0.0000000E+00  0.0000000E+00 -0.5348740E-04  0.0000000E+00
         1   412      6 -0.1452672E-02  0.2384990E-04  0.0000000E+00  0.0000000E+00 -0.6414975E-04  0.0000000E+00
         1   412      7 -0.1694132E-02  0.2787451E-04  0.0000000E+00  0.0000000E+00 -0.7480018E-04  0.0000000E+00
         1   412      8 -0.1935404E-02  0.3191352E-04  0.0000000E+00  0.0000000E+00 -0.8543859E-04  0.0000000E+00
         1   412      9 -0.2176488E-02  0.3596701E-04  0.0000000E+00  0.0000000E+00 -0.9606490E-04  0.0000000E+00
         1   412     10  0.4446934E-03 -0.5059623E-04  0.0000000E+00  0.0000000E+00  0.5344490E-01  0.1000000E-02

         1   413      0  0.0000000E+00  0.0000000E+00  0.0000000E+00  0.0000000E+00  0.0000000E+00  0.0000000E+00
         1   413      1  0.0000000E+00  0.0000000E+00  0.0000000E+00  0.0000000E+00  0.0000000E+00  0.0000000E+00
         1   413      2 -0.4829931E-03  0.7893776E-05  0.0000000E+00  0.0000000E+00 -0.2142973E-04  0.0000000E+00
         1   413      3 -0.7242067E-03  0.1186161E-04  0.0000000E+00  0.0000000E+00 -0.3212731E-04  0.0000000E+00
         1   413      4 -0.9652309E-03  0.1584353E-04  0.0000000E+00  0.0000000E+00 -0.4281324E-04  0.0000000E+00
         1   413      5 -0.1206065E-02  0.1983960E-04  0.0000000E+00  0.0000000E+00 -0.5348743E-04  0.0000000E+00
         1   413      6 -0.1446710E-02  0.2384990E-04  0.0000000E+00  0.0000000E+00 -0.6414979E-04  0.0000000E+00
         1   413      7 -0.1687163E-02  0.2787451E-04  0.0000000E+00  0.0000000E+00 -0.7480023E-04  0.0000000E+00
         1   413      8 -0.1927425E-02  0.3191352E-04  0.0000000E+00  0.0000000E+00 -0.8543866E-04  0.0000000E+00
         1   413      9 -0.2167496E-02  0.3596701E-04  0.0000000E+00  0.0000000E+00 -0.9606499E-04  0.0000000E+00
         1   413     10  0.4320514E-03 -0.5059623E-04  0.0000000E+00  0.0000000E+00  0.5349432E-01  0.1000000E-02

         1   414      0  0.0000000E+00  0.0000000E+00  0.0000000E+00  0.0000000E+00  0.0000000E+00  0.0000000E+00
         1   414      1  0.0000000E+00  0.0000000E+00  0.0000000E+00  0.0000000E+00  0.0000000E+00  0.0000000E+00
         1   414      2 -0.4693356E-03  0.4655195E-04  0.0000000E+00  0.0000000E+00 -0.2143314E-04  0.0000000E+00
         1   414      3 -0.7037157E-03  0.6982571E-04  0.0000000E+00  0.0000000E+00 -0.3213498E-04  0.0000000E+00
         1   414      4 -0.9379033E-03  0.9309805E-04  0.0000000E+00  0.0000000E+00 -0.4282687E-04  0.0000000E+00
         1   414      5 -0.1171898E-02  0.1163690E-03  0.0000000E+00  0.0000000E+00 -0.5350871E-04  0.0000000E+00
         1   414      6 -0.1405699E-02  0.1396386E-03  0.0000000E+00  0.0000000E+00 -0.6418041E-04  0.0000000E+00
         1   414      7 -0.1639306E-02  0.1629069E-03  0.0000000E+00  0.0000000E+00 -0.7484187E-04  0.0000000E+00
         1   414      8 -0.1872719E-02  0.1861740E-03  0.0000000E+00  0.0000000E+00 -0.8549301E-04  0.0000000E+00
         1   414      9 -0.2105937E-02  0.2094398E-03  0.0000000E+00  0.0000000E+00 -0.9613372E-04  0.0000000E+00
         1   414     10  0.3982350E-03 -0.8428819E-04  0.0000000E+00  0.0000000E+00  0.5359317E-01  0.1000000E-02

         1   415      0  0.0000000E+00  0.0000000E+00  0.0000000E+00  0.0000000E+00  0.0000000E+00  0.0000000E+00
         1   415      1  0.0000000E+00  0.0000000E+00  0.0000000E+00  0.0000000E+00  0.0000000E+00  0.0000000E+00
         1   415      2 -0.4367544E-03  0.8333315E-04  0.0000000E+00  0.0000000E+00 -0.2143673E-04  0.0000000E+00
         1   415      3 -0.6548508E-03  0.1249744E-03  0.0000000E+00  0.0000000E+00 -0.3214304E-04  0.0000000E+00
         1   415      4 -0.8727593E-03  0.1665988E-03  0.0000000E+00  0.0000000E+00 -0.4284119E-04  0.0000000E+00
         1   415      5 -0.1090479E-02  0.2082064E-03  0.0000000E+00  0.0000000E+00 -0.5353107E-04  0.0000000E+00
         1   415      6 -0.1308011E-02  0.2497971E-03  0.0000000E+00  0.0000000E+00 -0.6421258E-04  0.0000000E+00
         1   415      7 -0.1525352E-02  0.2913709E-03  0.0000000E+00  0.0000000E+00 -0.7488563E-04  0.0000000E+00
         1   415      8 -0.1742504E-02  0.3329279E-03  0.0000000E+00  0.0000000E+00 -0.8555012E-04  0.0000000E+00
         1   415      9 -0.1959465E-02  0.3744680E-03  0.0000000E+00  0.0000000E+00 -0.9620596E-04  0.0000000E+00
         1   415     10  0.3483763E-03 -0.1145847E-03  0.0000000E+00  0.0000000E+00  0.5369202E-01  0.1000000E-02

         1   416      0  0.0000000E+00  0.0000000E+00  0.0000000E+00  0.0000000E+00  0.0000000E+00  0.0000000E+00
         1   416      1  0.0000000E+00  0.0000000E+00  0.0000000E+00  0.0000000E+00  0.0000000E+00  0.0000000E+00
         1   416      2 -0.4159211E-03  0.8333315E-04  0.0000000E+00  0.0000000E+00 -0.2143721E-04  0.0000000E+00
         1   416      3 -0.6236072E-03  0.1249744E-03  0.0000000E+00  0.0000000E+00 -0.3214413E-04  0.0000000E+00
         1   416      4 -0.8311096E-03  0.1665988E-03  0.0000000E+00  0.0000000E+00 -0.4284311E-04  0.0000000E+00
         1   416      5 -0.1038428E-02  0.2082064E-03  0.0000000E+00  0.0000000E+00 -0.5353408E-04  0.0000000E+00
         1   416      6 -0.1245561E-02  0.2497971E-03  0.0000000E+00  0.0000000E+00 -0.6421691E-04  0.0000000E+00
         1   416      7 -0.1452510E-02  0.2913709E-03  0.0000000E+00  0.0000000E+00 -0.7489153E-04  0.0000000E+00
         1   416      8 -0.1659272E-02  0.3329279E-03  0.0000000E+00  0.0000000E+00 -0.8555782E-04  0.0000000E+00
         1   416      9 -0.1865848E-02  0.3744680E-03  0.0000000E+00  0.0000000E+00 -0.9621569E-04  0.0000000E+00
         1   416     10  0.3197460E-03 -0.1145847E-03  0.0000000E+00  0.0000000E+00  0.5374144E-01  0.1000000E-02

         1   417      0  0.0000000E+00  0.0000000E+00  0.0000000E+00  0.0000000E+00  0.0000000E+00  0.0000000E+00
         1   417      1  0.0000000E+00  0.0000000E+00  0.0000000E+00  0.0000000E+00  0.0000000E+00  0.0000000E+00
         1   417      2 -0.4034212E-03  0.8333315E-04  0.0000000E+00  0.0000000E+00 -0.2143750E-04  0.0000000E+00
         1   417      3 -0.6048610E-03  0.1249744E-03  0.0000000E+00  0.0000000E+00 -0.3214478E-04  0.0000000E+00
         1   417      4 -0.8061198E-03  0.1665988E-03  0.0000000E+00  0.0000000E+00 -0.4284427E-04  0.0000000E+00
         1   417      5 -0.1007197E-02  0.2082064E-03  0.0000000E+00  0.0000000E+00 -0.5353588E-04  0.0000000E+00
         1   417      6 -0.1208092E-02  0.2497971E-03  0.0000000E+00  0.0000000E+00 -0.6421951E-04  0.0000000E+00
         1   417      7 -0.1408804E-02  0.2913709E-03  0.0000000E+00  0.0000000E+00 -0.7489506E-04  0.0000000E+00
         1   417      8 -0.1609333E-02  0.3329279E-03  0.0000000E+00  0.0000000E+00 -0.8556243E-04  0.0000000E+00
         1   417      9 -0.1809678E-02  0.3744680E-03  0.0000000E+00  0.0000000E+00 -0.9622153E-04  0.0000000E+00
         1   417     10  0.3025678E-03 -0.1145847E-03  0.0000000E+00  0.0000000E+00  0.5377109E-01  0.1000000E-02

         1   418      0  0.0000000E+00  0.0000000E+00  0.0000000E+00  0.0000000E+00  0.0000000E+00  0.0000000E+00
         1   418      1  0.0000000E+00  0.0000000E+00  0.0000000E+00  0.0000000E+00  0.0000000E+00  0.0000000E+00
         1   418      2 -0.3825879E-03  0.8333315E-04  0.0000000E+00  0.0000000E+00 -0.2143798E-04  0.0000000E+00
         1   418      3 -0.5736174E-03  0.1249744E-03  0.0000000E+00  0.0000000E+00 -0.3214586E-04  0.0000000E+00
         1   418      4 -0.7644700E-03  0.1665988E-03  0.0000000E+00  0.0000000E+00 -0.4284620E-04  0.0000000E+00
         1   418      5 -0.9551452E-03  0.2082064E-03  0.0000000E+00  0.0000000E+00 -0.5353889E-04  0.0000000E+00
         1   418      6 -0.1145642E-02  0.2497971E-03  0.0000000E+00  0.0000000E+00 -0.6422384E-04  0.0000000E+00
         1   418      7 -0.1335961E-02  0.2913709E-03  0.0000000E+00  0.0000000E+00 -0.7490095E-04  0.0000000E+00
         1   418      8 -0.1526101E-02  0.3329279E-03  0.0000000E+00  0.0000000E+00 -0.8557012E-04  0.0000000E+00
         1   418      9 -0.1716061E-02  0.3744680E-03  0.0000000E+00  0.0000000E+00 -0.9623126E-04  0.0000000E+00
         1   418     10  0.2739375E-03 -0.1145847E-03  0.0000000E+00  0.0000000E+00  0.5382052E-01  0.1000000E-02

         1   419      0  0.0000000E+00  0.0000000E+00  0.0000000E+00  0.0000000E+00  0.0000000E+00  0.0000000E+00
         1   419      1  0.0000000E+00  0.0000000E+00  0.0000000E+00  0.0000000E+00  0.0000000E+00  0.0000000E+00
         1   419      2  0.1108594E-04  0.8436240E-04  0.0000000E+00  0.0000000E+00 -0.1239971E-06  0.0000000E+00
         1   419      3  0.1676741E-04  0.1265165E-03  0.0000000E+00  0.0000000E+00 -0.2049421E-06  0.0000000E+00
         1   419      4  0.2254190E-04  0.1686526E-03  0.0000000E+00  0.0000000E+00 -0.2984545E-06  0.0000000E+00
         1   419      5  0.2840993E-04  0.2107706E-03  0.0000000E+00  0.0000000E+00 -0.4044873E-06  0.0000000E+00
         1   419      6  0.3437201E-04  0.2528706E-03  0.0000000E+00  0.0000000E+00 -0.5229934E-06  0.0000000E+00
         1   419      7  0.4042865E-04  0.2949525E-03  0.0000000E+00  0.0000000E+00 -0.6539266E-06  0.0000000E+00
         1   419      8  0.4658037E-04  0.3370163E-03  0.0000000E+00  0.0000000E+00 -0.7972406E-06  0.0000000E+00
         1   419      9  0.5282768E-04  0.3790621E-03  0.0000000E+00  0.0000000E+00 -0.9528896E-06  0.0000000E+00
         1   419     10  0.3658197E-05 -0.6097268E-06  0.0000000E+00  0.0000000E+00  0.5473594E-01  0.1000000E-02

         1   420      0  0.0000000E+00  0.0000000E+00  0.0000000E+00  0.0000000E+00  0.0000000E+00  0.0000000E+00
         1   420      1  0.0000000E+00  0.0000000E+00  0.0000000E+00  0.0000000E+00  0.0000000E+00  0.0000000E+00
         1   420      2  0.3217654E-04  0.8436240E-04  0.0000000E+00  0.0000000E+00 -0.1244910E-06  0.0000000E+00
         1   420      3  0.4839654E-04  0.1265165E-03  0.0000000E+00  0.0000000E+00 -0.2060529E-06  0.0000000E+00
         1   420      4  0.6470505E-04  0.1686526E-03  0.0000000E+00  0.0000000E+00 -0.3004285E-06  0.0000000E+00
         1   420      5  0.8110258E-04  0.2107706E-03  0.0000000E+00  0.0000000E+00 -0.4075702E-06  0.0000000E+00
         1   420      6  0.9758965E-04  0.2528706E-03  0.0000000E+00  0.0000000E+00 -0.5274310E-06  0.0000000E+00
         1   420      7  0.1141668E-03  0.2949525E-03  0.0000000E+00  0.0000000E+00 -0.6599640E-06  0.0000000E+00
         1   420      8  0.1308345E-03  0.3370163E-03  0.0000000E+00  0.0000000E+00 -0.8051228E-06  0.0000000E+00
         1   420      9  0.1475932E-03  0.3790621E-03  0.0000000E+00  0.0000000E+00 -0.9628612E-06  0.0000000E+00
         1   420     10  0.3505849E-05 -0.6097268E-06  0.0000000E+00  0.0000000E+00  0.5478536E-01  0.1000000E-02

         1   421      0  0.0000000E+00  0.0000000E+00  0.0000000E+00  0.0000000E+00  0.0000000E+00  0.0000000E+00
         1   421      1  0.0000000E+00  0.0000000E+00  0.0000000E+00  0.0000000E+00  0.0000000E+00  0.0000000E+00
         1   421      2  0.4483090E-04  0.8436240E-04  0.0000000E+00  0.0000000E+00 -0.1247874E-06  0.0000000E+00
         1   421      3  0.6737402E-04  0.1265165E-03  0.0000000E+00  0.0000000E+00 -0.2067194E-06  0.0000000E+00
         1   421      4  0.9000294E-04  0.1686526E-03  0.0000000E+00  0.0000000E+00 -0.3016128E-06  0.0000000E+00
         1   421      5  0.1127182E-03  0.2107706E-03  0.0000000E+00  0.0000000E+00 -0.4094200E-06  0.0000000E+00
         1   421      6  0.1355202E-03  0.2528706E-03  0.0000000E+00  0.0000000E+00 -0.5300935E-06  0.0000000E+00
         1   421      7  0.1584096E-03  0.2949525E-03  0.0000000E+00  0.0000000E+00 -0.6635864E-06  0.0000000E+00
         1   421      8  0.1813869E-03  0.3370163E-03  0.0000000E+00  0.0000000E+00 -0.8098521E-06  0.0000000E+00
         1   421      9  0.2044525E-03  0.3790621E-03  0.0000000E+00  0.0000000E+00 -0.9688441E-06  0.0000000E+00
         1   421     10  0.3414441E-05 -0.6097268E-06  0.0000000E+00  0.0000000E+00  0.5481502E-01  0.1000000E-02

         1   422      0  0.0000000E+00  0.0000000E+00  0.0000000E+00  0.0000000E+00  0.0000000E+00  0.0000000E+00
         1   422      1  0.0000000E+00  0.0000000E+00  0.0000000E+00  0.0000000E+00  0.0000000E+00  0.0000000E+00
         1   422      2  0.6592150E-04  0.8436240E-04  0.0000000E+00  0.0000000E+00 -0.1252813E-06  0.0000000E+00
         1   422      3  0.9900315E-04  0.1265165E-03  0.0000000E+00  0.0000000E+00 -0.2078302E-06  0.0000000E+00
         1   422      4  0.1321661E-03  0.1686526E-03  0.0000000E+00  0.0000000E+00 -0.3035867E-06  0.0000000E+00
         1   422      5  0.1654108E-03  0.2107706E-03  0.0000000E+00  0.0000000E+00 -0.4125029E-06  0.0000000E+00
         1   422      6  0.1987379E-03  0.2528706E-03  0.0000000E+00  0.0000000E+00 -0.5345310E-06  0.0000000E+00
         1   422      7  0.2321478E-03  0.2949525E-03  0.0000000E+00  0.0000000E+00 -0.6696238E-06  0.0000000E+00
         1   422      8  0.2656410E-03  0.3370163E-03  0.0000000E+00  0.0000000E+00 -0.8177343E-06  0.0000000E+00
         1   422      9  0.2992181E-03  0.3790621E-03  0.0000000E+00  0.0000000E+00 -0.9788158E-06  0.0000000E+00
         1   422     10  0.3262094E-05 -0.6097268E-06  0.0000000E+00  0.0000000E+00  0.5486444E-01  0.1000000E-02

         1   423      0  0.0000000E+00  0.0000000E+00  0.0000000E+00  0.0000000E+00  0.0000000E+00  0.0000000E+00
         1   423      1  0.0000000E+00  0.0000000E+00  0.0000000E+00  0.0000000E+00  0.0000000E+00  0.0000000E+00
         1   423      2  0.1095819E-03  0.9081582E-04  0.0000000E+00  0.0000000E+00 -0.1262374E-06  0.0000000E+00
         1   423      3  0.1644824E-03  0.1362051E-03  0.0000000E+00  0.0000000E+00 -0.2099802E-06  0.0000000E+00
         1   423      4  0.2194566E-03  0.1815821E-03  0.0000000E+00  0.0000000E+00 -0.3074068E-06  0.0000000E+00
         1   423      5  0.2745050E-03  0.2269467E-03  0.0000000E+00  0.0000000E+00 -0.4184683E-06  0.0000000E+00
         1   423      6  0.3296282E-03  0.2722991E-03  0.0000000E+00  0.0000000E+00 -0.5431164E-06  0.0000000E+00
         1   423      7  0.3848267E-03  0.3176392E-03  0.0000000E+00  0.0000000E+00 -0.6813027E-06  0.0000000E+00
         1   423      8  0.4401009E-03  0.3629671E-03  0.0000000E+00  0.0000000E+00 -0.8329796E-06  0.0000000E+00
         1   423      9  0.4954515E-03  0.4082828E-03  0.0000000E+00  0.0000000E+00 -0.9980996E-06  0.0000000E+00
         1   423     10  0.3015814E-05 -0.3789642E-06  0.0000000E+00  0.0000000E+00  0.5496329E-01  0.1000000E-02

         1   424      0  0.0000000E+00  0.0000000E+00  0.0000000E+00  0.0000000E+00  0.0000000E+00  0.0000000E+00
         1   424      1  0.0000000E+00  0.0000000E+00  0.0000000E+00  0.0000000E+00  0.0000000E+00  0.0000000E+00
         1   424      2  0.1576434E-03  0.1021088E-03  0.0000000E+00  0.0000000E+00 -0.1272504E-06  0.0000000E+00
         1   424      3  0.2365675E-03  0.1531535E-03  0.0000000E+00  0.0000000E+00 -0.2122584E-06  0.0000000E+00
         1   424      4  0.3155607E-03  0.2041919E-03  0.0000000E+00  0.0000000E+00 -0.3114547E-06  0.0000000E+00
         1   424      5  0.3946235E-03  0.2552241E-03  0.0000000E+00  0.0000000E+00 -0.4247899E-06  0.0000000E+00
         1   424      6  0.4737565E-03  0.3062501E-03  0.0000000E+00  0.0000000E+00 -0.5522147E-06  0.0000000E+00
         1   424      7  0.5529602E-03  0.3572701E-03  0.0000000E+00  0.0000000E+00 -0.6936800E-06  0.0000000E+00
         1   424      8  0.6322352E-03  0.4082840E-03  0.0000000E+00  0.0000000E+00 -0.8491373E-06  0.0000000E+00
         1   424      9  0.7115820E-03  0.4592921E-03  0.0000000E+00  0.0000000E+00 -0.1018538E-05  0.0000000E+00
         1   424     10  0.2889214E-05 -0.1295056E-06  0.0000000E+00  0.0000000E+00  0.5506214E-01  0.1000000E-02

         1   425      0  0.0000000E+00  0.0000000E+00  0.0000000E+00  0.0000000E+00  0.0000000E+00  0.0000000E+00
         1   425      1  0.0000000E+00  0.0000000E+00  0.0000000E+00  0.0000000E+00  0.0000000E+00  0.0000000E+00
         1   425      2  0.1831705E-03  0.1021088E-03  0.0000000E+00  0.0000000E+00 -0.1279740E-06  0.0000000E+00
         1   425      3  0.2748559E-03  0.1531535E-03  0.0000000E+00  0.0000000E+00 -0.2138862E-06  0.0000000E+00
         1   425      4  0.3666087E-03  0.2041919E-03  0.0000000E+00  0.0000000E+00 -0.3143482E-06  0.0000000E+00
         1   425      5  0.4584296E-03  0.2552241E-03  0.0000000E+00  0.0000000E+00 -0.4293104E-06  0.0000000E+00
         1   425      6  0.5503191E-03  0.3062501E-03  0.0000000E+00  0.0000000E+00 -0.5587234E-06  0.0000000E+00
         1   425      7  0.6422777E-03  0.3572701E-03  0.0000000E+00  0.0000000E+00 -0.7025380E-06  0.0000000E+00
         1   425      8  0.7343062E-03  0.4082840E-03  0.0000000E+00  0.0000000E+00 -0.8607056E-06  0.0000000E+00
         1   425      9  0.8264050E-03  0.4592921E-03  0.0000000E+00  0.0000000E+00 -0.1033178E-05  0.0000000E+00
         1   425     10  0.2856855E-05 -0.1295056E-06  0.0000000E+00  0.0000000E+00  0.5511157E-01  0.1000000E-02

         1   426      0  0.0000000E+00  0.0000000E+00  0.0000000E+00  0.0000000E+00  0.0000000E+00  0.0000000E+00
         1   426      1  0.0000000E+00  0.0000000E+00  0.0000000E+00  0.0000000E+00  0.0000000E+00  0.0000000E+00
         1   426      2  0.1984869E-03  0.1021088E-03  0.0000000E+00  0.0000000E+00 -0.1284081E-06  0.0000000E+00
         1   426      3  0.2978289E-03  0.1531535E-03  0.0000000E+00  0.0000000E+00 -0.2148628E-06  0.0000000E+00
         1   426      4  0.3972375E-03  0.2041919E-03  0.0000000E+00  0.0000000E+00 -0.3160843E-06  0.0000000E+00
         1   426      5  0.4967132E-03  0.2552241E-03  0.0000000E+00  0.0000000E+00 -0.4320228E-06  0.0000000E+00
         1   426      6  0.5962566E-03  0.3062501E-03  0.0000000E+00  0.0000000E+00 -0.5626286E-06  0.0000000E+00
         1   426      7  0.6958683E-03  0.3572701E-03  0.0000000E+00  0.0000000E+00 -0.7078528E-06  0.0000000E+00
         1   426      8  0.7955488E-03  0.4082840E-03  0.0000000E+00  0.0000000E+00 -0.8676466E-06  0.0000000E+00
         1   426      9  0.8952988E-03  0.4592921E-03  0.0000000E+00  0.0000000E+00 -0.1041961E-05  0.0000000E+00
         1   426     10  0.2837440E-05 -0.1295056E-06  0.0000000E+00  0.0000000E+00  0.5514122E-01  0.1000000E-02

         1   427      0  0.0000000E+00  0.0000000E+00  0.0000000E+00  0.0000000E+00  0.0000000E+00  0.0000000E+00
         1   427      1  0.0000000E+00  0.0000000E+00  0.0000000E+00  0.0000000E+00  0.0000000E+00  0.0000000E+00
         1   427      2  0.2240141E-03  0.1021088E-03  0.0000000E+00  0.0000000E+00 -0.1291317E-06  0.0000000E+00
         1   427      3  0.3361173E-03  0.1531535E-03  0.0000000E+00  0.0000000E+00 -0.2164906E-06  0.0000000E+00
         1   427      4  0.4482855E-03  0.2041919E-03  0.0000000E+00  0.0000000E+00 -0.3189778E-06  0.0000000E+00
         1   427      5  0.5605192E-03  0.2552241E-03  0.0000000E+00  0.0000000E+00 -0.4365433E-06  0.0000000E+00
         1   427      6  0.6728191E-03  0.3062501E-03  0.0000000E+00  0.0000000E+00 -0.5691374E-06  0.0000000E+00
         1   427      7  0.7851858E-03  0.3572701E-03  0.0000000E+00  0.0000000E+00 -0.7167109E-06  0.0000000E+00
         1   427      8  0.8976198E-03  0.4082840E-03  0.0000000E+00  0.0000000E+00 -0.8792149E-06  0.0000000E+00
         1   427      9  0.1010122E-02  0.4592921E-03  0.0000000E+00  0.0000000E+00 -0.1056601E-05  0.0000000E+00
         1   427     10  0.2805082E-05 -0.1295056E-06  0.0000000E+00  0.0000000E+00  0.5519065E-01  0.1000000E-02

         1   428      0  0.0000000E+00  0.0000000E+00  0.0000000E+00  0.0000000E+00  0.0000000E+00  0.0000000E+00
         1   428      1  0.0000000E+00  0.0000000E+00  0.0000000E+00  0.0000000E+00  0.0000000E+00  0.0000000E+00
         1   428      2  0.7023936E-03  0.1021088E-03  0.0000000E+00  0.0000000E+00 -0.1426911E-06  0.0000000E+00
         1   428      3  0.1053641E-02  0.1531535E-03  0.0000000E+00  0.0000000E+00 -0.2469954E-06  0.0000000E+00
         1   428      4  0.1404925E-02  0.2041919E-03  0.0000000E+00  0.0000000E+00 -0.3732018E-06  0.0000000E+00
         1   428      5  0.1756244E-02  0.2552241E-03  0.0000000E+00  0.0000000E+00 -0.5212578E-06  0.0000000E+00
         1   428      6  0.2107601E-02  0.3062501E-03  0.0000000E+00  0.0000000E+00 -0.6911113E-06  0.0000000E+00
         1   428      7  0.2458996E-02  0.3572701E-03  0.0000000E+00  0.0000000E+00 -0.8827108E-06  0.0000000E+00
         1   428      8  0.2810431E-02  0.4082840E-03  0.0000000E+00  0.0000000E+00 -0.1096005E-05  0.0000000E+00
         1   428      9  0.3161905E-02  0.4592921E-03  0.0000000E+00  0.0000000E+00 -0.1330943E-05  0.0000000E+00
         1   428     10  0.2198685E-05 -0.1295056E-06  0.0000000E+00  0.0000000E+00  0.5611687E-01  0.1000000E-02

         1   429      0  0.0000000E+00  0.0000000E+00  0.0000000E+00  0.0000000E+00  0.0000000E+00  0.0000000E+00
         1   429      1  0.0000000E+00  0.0000000E+00  0.0000000E+00  0.0000000E+00  0.0000000E+00  0.0000000E+00
         1   429      2  0.7279208E-03  0.1021088E-03  0.0000000E+00  0.0000000E+00 -0.1434146E-06  0.0000000E+00
         1   429      3  0.1091930E-02  0.1531535E-03  0.0000000E+00  0.0000000E+00 -0.2486232E-06  0.0000000E+00
         1   429      4  0.1455973E-02  0.2041919E-03  0.0000000E+00  0.0000000E+00 -0.3760953E-06  0.0000000E+00
         1   429      5  0.1820050E-02  0.2552241E-03  0.0000000E+00  0.0000000E+00 -0.5257783E-06  0.0000000E+00
         1   429      6  0.2184164E-02  0.3062501E-03  0.0000000E+00  0.0000000E+00 -0.6976201E-06  0.0000000E+00
         1   429      7  0.2548314E-02  0.3572701E-03  0.0000000E+00  0.0000000E+00 -0.8915688E-06  0.0000000E+00
         1   429      8  0.2912502E-02  0.4082840E-03  0.0000000E+00  0.0000000E+00 -0.1107573E-05  0.0000000E+00
         1   429      9  0.3276728E-02  0.4592921E-03  0.0000000E+00  0.0000000E+00 -0.1345582E-05  0.0000000E+00
         1   429     10  0.2166326E-05 -0.1295056E-06  0.0000000E+00  0.0000000E+00  0.5616629E-01  0.1000000E-02

         1   430      0  0.0000000E+00  0.0000000E+00  0.0000000E+00  0.0000000E+00  0.0000000E+00  0.0000000E+00
         1   430      1  0.0000000E+00  0.0000000E+00  0.0000000E+00  0.0000000E+00  0.0000000E+00  0.0000000E+00
         1   430      2  0.7432371E-03  0.1021088E-03  0.0000000E+00  0.0000000E+00 -0.1438488E-06  0.0000000E+00
         1   430      3  0.1114903E-02  0.1531535E-03  0.0000000E+00  0.0000000E+00 -0.2495999E-06  0.0000000E+00
         1   430      4  0.1486601E-02  0.2041919E-03  0.0000000E+00  0.0000000E+00 -0.3778314E-06  0.0000000E+00
         1   430      5  0.1858334E-02  0.2552241E-03  0.0000000E+00  0.0000000E+00 -0.5284906E-06  0.0000000E+00
         1   430      6  0.2230101E-02  0.3062501E-03  0.0000000E+00  0.0000000E+00 -0.7015253E-06  0.0000000E+00
         1   430      7  0.2601904E-02  0.3572701E-03  0.0000000E+00  0.0000000E+00 -0.8968837E-06  0.0000000E+00
         1   430      8  0.2973744E-02  0.4082840E-03  0.0000000E+00  0.0000000E+00 -0.1114514E-05  0.0000000E+00
         1   430      9  0.3345622E-02  0.4592921E-03  0.0000000E+00  0.0000000E+00 -0.1354366E-05  0.0000000E+00
         1   430     10  0.2146911E-05 -0.1295056E-06  0.0000000E+00  0.0000000E+00  0.5619595E-01  0.1000000E-02

         1   431      0  0.0000000E+00  0.0000000E+00  0.0000000E+00  0.0000000E+00  0.0000000E+00  0.0000000E+00
         1   431      1  0.0000000E+00  0.0000000E+00  0.0000000E+00  0.0000000E+00  0.0000000E+00  0.0000000E+00
         1   431      2  0.7687643E-03  0.1021088E-03  0.0000000E+00  0.0000000E+00 -0.1445723E-06  0.0000000E+00
         1   431      3  0.1153191E-02  0.1531535E-03  0.0000000E+00  0.0000000E+00 -0.2512277E-06  0.0000000E+00
         1   431      4  0.1537649E-02  0.2041919E-03  0.0000000E+00  0.0000000E+00 -0.3807249E-06  0.0000000E+00
         1   431      5  0.1922140E-02  0.2552241E-03  0.0000000E+00  0.0000000E+00 -0.5330111E-06  0.0000000E+00
         1   431      6  0.2306664E-02  0.3062501E-03  0.0000000E+00  0.0000000E+00 -0.7080341E-06  0.0000000E+00
         1   431      7  0.2691222E-02  0.3572701E-03  0.0000000E+00  0.0000000E+00 -0.9057417E-06  0.0000000E+00
         1   431      8  0.3075815E-02  0.4082840E-03  0.0000000E+00  0.0000000E+00 -0.1126082E-05  0.0000000E+00
         1   431      9  0.3460445E-02  0.4592921E-03  0.0000000E+00  0.0000000E+00 -0.1369005E-05  0.0000000E+00
         1   431     10  0.2114553E-05 -0.1295056E-06  0.0000000E+00  0.0000000E+00  0.5624537E-01  0.1000000E-02

         1   432      0  0.0000000E+00  0.0000000E+00  0.0000000E+00  0.0000000E+00  0.0000000E+00  0.0000000E+00
         1   432      1  0.0000000E+00  0.0000000E+00  0.0000000E+00  0.0000000E+00  0.0000000E+00  0.0000000E+00
         1   432      2  0.8013069E-03  0.2754784E-04  0.0000000E+00  0.0000000E+00 -0.1556979E-06  0.0000000E+00
         1   432      3  0.1201999E-02  0.4130814E-04  0.0000000E+00  0.0000000E+00 -0.2762617E-06  0.0000000E+00
         1   432      4  0.1602719E-02  0.5505933E-04  0.0000000E+00  0.0000000E+00 -0.4252322E-06  0.0000000E+00
         1   432      5  0.2003467E-02  0.6880138E-04  0.0000000E+00  0.0000000E+00 -0.6025579E-06  0.0000000E+00
         1   432      6  0.2404245E-02  0.8253429E-04  0.0000000E+00  0.0000000E+00 -0.8081874E-06  0.0000000E+00
         1   432      7  0.2805053E-02  0.9625802E-04  0.0000000E+00  0.0000000E+00 -0.1042070E-05  0.0000000E+00
         1   432      8  0.3205893E-02  0.1099726E-03  0.0000000E+00  0.0000000E+00 -0.1304155E-05  0.0000000E+00
         1   432      9  0.3606765E-02  0.1236779E-03  0.0000000E+00  0.0000000E+00 -0.1594393E-05  0.0000000E+00
         1   432     10  0.2000576E-05 -0.3248582E-06  0.0000000E+00  0.0000000E+00  0.5634422E-01  0.1000000E-02

         1   433      0  0.0000000E+00  0.0000000E+00  0.0000000E+00  0.0000000E+00  0.0000000E+00  0.0000000E+00
         1   433      1  0.0000000E+00  0.0000000E+00  0.0000000E+00  0.0000000E+00  0.0000000E+00  0.0000000E+00
         1   433      2  0.7960955E-03 -0.4831101E-04  0.0000000E+00  0.0000000E+00 -0.1666192E-06  0.0000000E+00
         1   433      3  0.1194175E-02 -0.7248347E-04  0.0000000E+00  0.0000000E+00 -0.3008361E-06  0.0000000E+00
         1   433      4  0.1592276E-02 -0.9666741E-04  0.0000000E+00  0.0000000E+00 -0.4689228E-06  0.0000000E+00
         1   433      5  0.1990400E-02 -0.1208629E-03  0.0000000E+00  0.0000000E+00 -0.6708288E-06  0.0000000E+00
         1   433      6  0.2388549E-02 -0.1450702E-03  0.0000000E+00  0.0000000E+00 -0.9065041E-06  0.0000000E+00
         1   433      7  0.2786723E-02 -0.1692893E-03  0.0000000E+00  0.0000000E+00 -0.1175899E-05  0.0000000E+00
         1   433      8  0.3184923E-02 -0.1935203E-03  0.0000000E+00  0.0000000E+00 -0.1478964E-05  0.0000000E+00
         1   433      9  0.3583151E-02 -0.2177634E-03  0.0000000E+00  0.0000000E+00 -0.1815652E-05  0.0000000E+00
         1   433     10  0.1792426E-05 -0.5049188E-06  0.0000000E+00  0.0000000E+00  0.5644307E-01  0.1000000E-02

         1   434      0  0.0000000E+00  0.0000000E+00  0.0000000E+00  0.0000000E+00  0.0000000E+00  0.0000000E+00
         1   434      1  0.0000000E+00  0.0000000E+00  0.0000000E+00  0.0000000E+00  0.0000000E+00  0.0000000E+00
         1   434      2  0.7840178E-03 -0.4831101E-04  0.0000000E+00  0.0000000E+00 -0.1667812E-06  0.0000000E+00
         1   434      3  0.1176054E-02 -0.7248347E-04  0.0000000E+00  0.0000000E+00 -0.3012007E-06  0.0000000E+00
         1   434      4  0.1568109E-02 -0.9666741E-04  0.0000000E+00  0.0000000E+00 -0.4695713E-06  0.0000000E+00
         1   434      5  0.1960184E-02 -0.1208629E-03  0.0000000E+00  0.0000000E+00 -0.6718426E-06  0.0000000E+00
         1   434      6  0.2352281E-02 -0.1450702E-03  0.0000000E+00  0.0000000E+00 -0.9079646E-06  0.0000000E+00
         1   434      7  0.2744400E-02 -0.1692893E-03  0.0000000E+00  0.0000000E+00 -0.1177888E-05  0.0000000E+00
         1   434      8  0.3136543E-02 -0.1935203E-03  0.0000000E+00  0.0000000E+00 -0.1481563E-05  0.0000000E+00
         1   434      9  0.3528710E-02 -0.2177634E-03  0.0000000E+00  0.0000000E+00 -0.1818943E-05  0.0000000E+00
         1   434     10  0.1666266E-05 -0.5049188E-06  0.0000000E+00  0.0000000E+00  0.5649249E-01  0.1000000E-02

         1   435      0  0.0000000E+00  0.0000000E+00  0.0000000E+00  0.0000000E+00  0.0000000E+00  0.0000000E+00
         1   435      1  0.0000000E+00  0.0000000E+00  0.0000000E+00  0.0000000E+00  0.0000000E+00  0.0000000E+00
         1   435      2  0.7767711E-03 -0.4831101E-04  0.0000000E+00  0.0000000E+00 -0.1668783E-06  0.0000000E+00
         1   435      3  0.1165181E-02 -0.7248347E-04  0.0000000E+00  0.0000000E+00 -0.3014194E-06  0.0000000E+00
         1   435      4  0.1553609E-02 -0.9666741E-04  0.0000000E+00  0.0000000E+00 -0.4699604E-06  0.0000000E+00
         1   435      5  0.1942055E-02 -0.1208629E-03  0.0000000E+00  0.0000000E+00 -0.6724508E-06  0.0000000E+00
         1   435      6  0.2330521E-02 -0.1450702E-03  0.0000000E+00  0.0000000E+00 -0.9088409E-06  0.0000000E+00
         1   435      7  0.2719007E-02 -0.1692893E-03  0.0000000E+00  0.0000000E+00 -0.1179081E-05  0.0000000E+00
         1   435      8  0.3107515E-02 -0.1935203E-03  0.0000000E+00  0.0000000E+00 -0.1483123E-05  0.0000000E+00
         1   435      9  0.3496045E-02 -0.2177634E-03  0.0000000E+00  0.0000000E+00 -0.1820917E-05  0.0000000E+00
         1   435     10  0.1590571E-05 -0.5049188E-06  0.0000000E+00  0.0000000E+00  0.5652215E-01  0.1000000E-02

         1   436      0  0.0000000E+00  0.0000000E+00  0.0000000E+00  0.0000000E+00  0.0000000E+00  0.0000000E+00
         1   436      1  0.0000000E+00  0.0000000E+00  0.0000000E+00  0.0000000E+00  0.0000000E+00  0.0000000E+00
         1   436      2  0.7646934E-03 -0.4831101E-04  0.0000000E+00  0.0000000E+00 -0.1670403E-06  0.0000000E+00
         1   436      3  0.1147060E-02 -0.7248347E-04  0.0000000E+00  0.0000000E+00 -0.3017840E-06  0.0000000E+00
         1   436      4  0.1529442E-02 -0.9666741E-04  0.0000000E+00  0.0000000E+00 -0.4706089E-06  0.0000000E+00
         1   436      5  0.1911839E-02 -0.1208629E-03  0.0000000E+00  0.0000000E+00 -0.6734646E-06  0.0000000E+00
         1   436      6  0.2294253E-02 -0.1450702E-03  0.0000000E+00  0.0000000E+00 -0.9103014E-06  0.0000000E+00
         1   436      7  0.2676685E-02 -0.1692893E-03  0.0000000E+00  0.0000000E+00 -0.1181070E-05  0.0000000E+00
         1   436      8  0.3059135E-02 -0.1935203E-03  0.0000000E+00  0.0000000E+00 -0.1485722E-05  0.0000000E+00
         1   436      9  0.3441604E-02 -0.2177634E-03  0.0000000E+00  0.0000000E+00 -0.1824208E-05  0.0000000E+00
         1   436     10  0.1464411E-05 -0.5049188E-06  0.0000000E+00  0.0000000E+00  0.5657157E-01  0.1000000E-02

         1   437      0  0.0000000E+00  0.0000000E+00  0.0000000E+00  0.0000000E+00  0.0000000E+00  0.0000000E+00
         1   437      1  0.0000000E+00  0.0000000E+00  0.0000000E+00  0.0000000E+00  0.0000000E+00  0.0000000E+00
         1   437      2  0.5383563E-03 -0.4831101E-04  0.0000000E+00  0.0000000E+00 -0.1700757E-06  0.0000000E+00
         1   437      3  0.8074752E-03 -0.7248347E-04  0.0000000E+00  0.0000000E+00 -0.3086167E-06  0.0000000E+00
         1   437      4  0.1076555E-02 -0.9666741E-04  0.0000000E+00  0.0000000E+00 -0.4827616E-06  0.0000000E+00
         1   437      5  0.1345596E-02 -0.1208629E-03  0.0000000E+00  0.0000000E+00 -0.6924623E-06  0.0000000E+00
         1   437      6  0.1614599E-02 -0.1450702E-03  0.0000000E+00  0.0000000E+00 -0.9376711E-06  0.0000000E+00
         1   437      7  0.1883564E-02 -0.1692893E-03  0.0000000E+00  0.0000000E+00 -0.1218341E-05  0.0000000E+00
         1   437      8  0.2152492E-02 -0.1935203E-03  0.0000000E+00  0.0000000E+00 -0.1534426E-05  0.0000000E+00
         1   437      9  0.2421383E-02 -0.2177634E-03  0.0000000E+00  0.0000000E+00 -0.1885880E-05  0.0000000E+00
         1   437     10 -0.8998211E-06 -0.5049188E-06  0.0000000E+00  0.0000000E+00  0.5749779E-01  0.1000000E-02

         1   438      0  0.0000000E+00  0.0000000E+00  0.0000000E+00  0.0000000E+00  0.0000000E+00  0.0000000E+00
         1   438      1  0.0000000E+00  0.0000000E+00  0.0000000E+00  0.0000000E+00  0.0000000E+00  0.0000000E+00
         1   438      2  0.5262785E-03 -0.4831101E-04  0.0000000E+00  0.0000000E+00 -0.1702376E-06  0.0000000E+00
         1   438      3  0.7893543E-03 -0.7248347E-04  0.0000000E+00  0.0000000E+00 -0.3089813E-06  0.0000000E+00
         1   438      4  0.1052388E-02 -0.9666741E-04  0.0000000E+00  0.0000000E+00 -0.4834101E-06  0.0000000E+00
         1   438      5  0.1315381E-02 -0.1208629E-03  0.0000000E+00  0.0000000E+00 -0.6934760E-06  0.0000000E+00
         1   438      6  0.1578332E-02 -0.1450702E-03  0.0000000E+00  0.0000000E+00 -0.9391316E-06  0.0000000E+00
         1   438      7  0.1841242E-02 -0.1692893E-03  0.0000000E+00  0.0000000E+00 -0.1220330E-05  0.0000000E+00
         1   438      8  0.2104112E-02 -0.1935203E-03  0.0000000E+00  0.0000000E+00 -0.1537025E-05  0.0000000E+00
         1   438      9  0.2366942E-02 -0.2177634E-03  0.0000000E+00  0.0000000E+00 -0.1889171E-05  0.0000000E+00
         1   438     10 -0.1025981E-05 -0.5049188E-06  0.0000000E+00  0.0000000E+00  0.5754722E-01  0.1000000E-02

         1   439      0  0.0000000E+00  0.0000000E+00  0.0000000E+00  0.0000000E+00  0.0000000E+00  0.0000000E+00
         1   439      1  0.0000000E+00  0.0000000E+00  0.0000000E+00  0.0000000E+00  0.0000000E+00  0.0000000E+00
         1   439      2  0.5190319E-03 -0.4831101E-04  0.0000000E+00  0.0000000E+00 -0.1703348E-06  0.0000000E+00
         1   439      3  0.7784818E-03 -0.7248347E-04  0.0000000E+00  0.0000000E+00 -0.3092001E-06  0.0000000E+00
         1   439      4  0.1037888E-02 -0.9666741E-04  0.0000000E+00  0.0000000E+00 -0.4837992E-06  0.0000000E+00
         1   439      5  0.1297251E-02 -0.1208629E-03  0.0000000E+00  0.0000000E+00 -0.6940843E-06  0.0000000E+00
         1   439      6  0.1556571E-02 -0.1450702E-03  0.0000000E+00  0.0000000E+00 -0.9400079E-06  0.0000000E+00
         1   439      7  0.1815849E-02 -0.1692893E-03  0.0000000E+00  0.0000000E+00 -0.1221523E-05  0.0000000E+00
         1   439      8  0.2075084E-02 -0.1935203E-03  0.0000000E+00  0.0000000E+00 -0.1538584E-05  0.0000000E+00
         1   439      9  0.2334277E-02 -0.2177634E-03  0.0000000E+00  0.0000000E+00 -0.1891145E-05  0.0000000E+00
         1   439     10 -0.1101677E-05 -0.5049188E-06  0.0000000E+00  0.0000000E+00  0.5757687E-01  0.1000000E-02

         1   440      0  0.0000000E+00  0.0000000E+00  0.0000000E+00  0.0000000E+00  0.0000000E+00  0.0000000E+00
         1   440      1  0.0000000E+00  0.0000000E+00  0.0000000E+00  0.0000000E+00  0.0000000E+00  0.0000000E+00
         1   440      2  0.5069541E-03 -0.4831101E-04  0.0000000E+00  0.0000000E+00 -0.1704968E-06  0.0000000E+00
         1   440      3  0.7603609E-03 -0.7248347E-04  0.0000000E+00  0.0000000E+00 -0.3095647E-06  0.0000000E+00
         1   440      4  0.1013721E-02 -0.9666741E-04  0.0000000E+00  0.0000000E+00 -0.4844477E-06  0.0000000E+00
         1   440      5  0.1267035E-02 -0.1208629E-03  0.0000000E+00  0.0000000E+00 -0.6950980E-06  0.0000000E+00
         1   440      6  0.1520304E-02 -0.1450702E-03  0.0000000E+00  0.0000000E+00 -0.9414684E-06  0.0000000E+00
         1   440      7  0.1773526E-02 -0.1692893E-03  0.0000000E+00  0.0000000E+00 -0.1223512E-05  0.0000000E+00
         1   440      8  0.2026704E-02 -0.1935203E-03  0.0000000E+00  0.0000000E+00 -0.1541183E-05  0.0000000E+00
         1   440      9  0.2279836E-02 -0.2177634E-03  0.0000000E+00  0.0000000E+00 -0.1894436E-05  0.0000000E+00
         1   440     10 -0.1227836E-05 -0.5049188E-06  0.0000000E+00  0.0000000E+00  0.5762630E-01  0.1000000E-02

         1   441      0  0.0000000E+00  0.0000000E+00  0.0000000E+00  0.0000000E+00  0.0000000E+00  0.0000000E+00
         1   441      1  0.0000000E+00  0.0000000E+00  0.0000000E+00  0.0000000E+00  0.0000000E+00  0.0000000E+00
         1   441      2  0.4934154E-03 -0.6035365E-05  0.0000000E+00  0.0000000E+00 -0.1668641E-06  0.0000000E+00
         1   441      3  0.7400427E-03 -0.9076376E-05  0.0000000E+00  0.0000000E+00 -0.3013931E-06  0.0000000E+00
         1   441      4  0.9866168E-03 -0.1213307E-04  0.0000000E+00  0.0000000E+00 -0.4699238E-06  0.0000000E+00
         1   441      5  0.1233138E-02 -0.1520555E-04  0.0000000E+00  0.0000000E+00 -0.6724098E-06  0.0000000E+00
         1   441      6  0.1479606E-02 -0.1829391E-04  0.0000000E+00  0.0000000E+00 -0.9088049E-06  0.0000000E+00
         1   441      7  0.1726022E-02 -0.2139826E-04  0.0000000E+00  0.0000000E+00 -0.1179064E-05  0.0000000E+00
         1   441      8  0.1972386E-02 -0.2451868E-04  0.0000000E+00  0.0000000E+00 -0.1483142E-05  0.0000000E+00
         1   441      9  0.2218698E-02 -0.2765529E-04  0.0000000E+00  0.0000000E+00 -0.1820994E-05  0.0000000E+00
         1   441     10 -0.1508045E-05 -0.6204964E-06  0.0000000E+00  0.0000000E+00  0.5772515E-01  0.1000000E-02

         1   442      0  0.0000000E+00  0.0000000E+00  0.0000000E+00  0.0000000E+00  0.0000000E+00  0.0000000E+00
         1   442      1  0.0000000E+00  0.0000000E+00  0.0000000E+00  0.0000000E+00  0.0000000E+00  0.0000000E+00
         1   442      2  0.4995066E-03  0.3047524E-04  0.0000000E+00  0.0000000E+00 -0.1636799E-06  0.0000000E+00
         1   442      3  0.7491664E-03  0.4568314E-04  0.0000000E+00  0.0000000E+00 -0.2942303E-06  0.0000000E+00
         1   442      4  0.9987640E-03  0.6087112E-04  0.0000000E+00  0.0000000E+00 -0.4571926E-06  0.0000000E+00
         1   442      5  0.1248300E-02  0.7603908E-04  0.0000000E+00  0.0000000E+00 -0.6525215E-06  0.0000000E+00
         1   442      6  0.1497774E-02  0.9118695E-04  0.0000000E+00  0.0000000E+00 -0.8801720E-06  0.0000000E+00
         1   442      7  0.1747186E-02  0.1063146E-03  0.0000000E+00  0.0000000E+00 -0.1140100E-05  0.0000000E+00
         1   442      8  0.1996538E-02  0.1214221E-03  0.0000000E+00  0.0000000E+00 -0.1432260E-05  0.0000000E+00
         1   442      9  0.2245828E-02  0.1365092E-03  0.0000000E+00  0.0000000E+00 -0.1756611E-05  0.0000000E+00
         1   442     10 -0.1847901E-05 -0.7438539E-06  0.0000000E+00  0.0000000E+00  0.5782400E-01  0.1000000E-02

         1   443      0  0.0000000E+00  0.0000000E+00  0.0000000E+00  0.0000000E+00  0.0000000E+00  0.0000000E+00
         1   443      1  0.0000000E+00  0.0000000E+00  0.0000000E+00  0.0000000E+00  0.0000000E+00  0.0000000E+00
         1   443      2  0.5071254E-03  0.3047524E-04  0.0000000E+00  0.0000000E+00 -0.1637444E-06  0.0000000E+00
         1   443      3  0.7605872E-03  0.4568314E-04  0.0000000E+00  0.0000000E+00 -0.2943751E-06  0.0000000E+00
         1   443      4  0.1013982E-02  0.6087112E-04  0.0000000E+00  0.0000000E+00 -0.4574498E-06  0.0000000E+00
         1   443      5  0.1267310E-02  0.7603908E-04  0.0000000E+00  0.0000000E+00 -0.6529228E-06  0.0000000E+00
         1   443      6  0.1520571E-02  0.9118695E-04  0.0000000E+00  0.0000000E+00 -0.8807490E-06  0.0000000E+00
         1   443      7  0.1773765E-02  0.1063146E-03  0.0000000E+00  0.0000000E+00 -0.1140884E-05  0.0000000E+00
         1   443      8  0.2026893E-02  0.1214221E-03  0.0000000E+00  0.0000000E+00 -0.1433284E-05  0.0000000E+00
         1   443      9  0.2279955E-02  0.1365092E-03  0.0000000E+00  0.0000000E+00 -0.1757904E-05  0.0000000E+00
         1   443     10 -0.2033761E-05 -0.7438539E-06  0.0000000E+00  0.0000000E+00  0.5787342E-01  0.1000000E-02

         1   444      0  0.0000000E+00  0.0000000E+00  0.0000000E+00  0.0000000E+00  0.0000000E+00  0.0000000E+00
         1   444      1  0.0000000E+00  0.0000000E+00  0.0000000E+00  0.0000000E+00  0.0000000E+00  0.0000000E+00
         1   444      2  0.5116967E-03  0.3047524E-04  0.0000000E+00  0.0000000E+00 -0.1637831E-06  0.0000000E+00
         1   444      3  0.7674396E-03  0.4568314E-04  0.0000000E+00  0.0000000E+00 -0.2944620E-06  0.0000000E+00
         1   444      4  0.1023112E-02  0.6087112E-04  0.0000000E+00  0.0000000E+00 -0.4576041E-06  0.0000000E+00
         1   444      5  0.1278715E-02  0.7603908E-04  0.0000000E+00  0.0000000E+00 -0.6531635E-06  0.0000000E+00
         1   444      6  0.1534249E-02  0.9118695E-04  0.0000000E+00  0.0000000E+00 -0.8810953E-06  0.0000000E+00
         1   444      7  0.1789712E-02  0.1063146E-03  0.0000000E+00  0.0000000E+00 -0.1141355E-05  0.0000000E+00
         1   444      8  0.2045107E-02  0.1214221E-03  0.0000000E+00  0.0000000E+00 -0.1433898E-05  0.0000000E+00
         1   444      9  0.2300432E-02  0.1365092E-03  0.0000000E+00  0.0000000E+00 -0.1758680E-05  0.0000000E+00
         1   444     10 -0.2145277E-05 -0.7438539E-06  0.0000000E+00  0.0000000E+00  0.5790308E-01  0.1000000E-02

         1   445      0  0.0000000E+00  0.0000000E+00  0.0000000E+00  0.0000000E+00  0.0000000E+00  0.0000000E+00
         1   445      1  0.0000000E+00  0.0000000E+00  0.0000000E+00  0.0000000E+00  0.0000000E+00  0.0000000E+00
         1   445      2  0.5193155E-03  0.3047524E-04  0.0000000E+00  0.0000000E+00 -0.1638475E-06  0.0000000E+00
         1   445      3  0.7788604E-03  0.4568314E-04  0.0000000E+00  0.0000000E+00 -0.2946068E-06  0.0000000E+00
         1   445      4  0.1038330E-02  0.6087112E-04  0.0000000E+00  0.0000000E+00 -0.4578612E-06  0.0000000E+00
         1   445      5  0.1297725E-02  0.7603908E-04  0.0000000E+00  0.0000000E+00 -0.6535648E-06  0.0000000E+00
         1   445      6  0.1557045E-02  0.9118695E-04  0.0000000E+00  0.0000000E+00 -0.8816723E-06  0.0000000E+00
         1   445      7  0.1816291E-02  0.1063146E-03  0.0000000E+00  0.0000000E+00 -0.1142139E-05  0.0000000E+00
         1   445      8  0.2075462E-02  0.1214221E-03  0.0000000E+00  0.0000000E+00 -0.1434921E-05  0.0000000E+00
         1   445      9  0.2334559E-02  0.1365092E-03  0.0000000E+00  0.0000000E+00 -0.1759974E-05  0.0000000E+00
         1   445     10 -0.2331137E-05 -0.7438539E-06  0.0000000E+00  0.0000000E+00  0.5795250E-01  0.1000000E-02

         1   446      0  0.0000000E+00  0.0000000E+00  0.0000000E+00  0.0000000E+00  0.0000000E+00  0.0000000E+00
         1   446      1  0.0000000E+00  0.0000000E+00  0.0000000E+00  0.0000000E+00  0.0000000E+00  0.0000000E+00
         1   446      2  0.6547625E-03  0.2721950E-04  0.0000000E+00  0.0000000E+00 -0.6755479E-04  0.0000000E+00
         1   446      3  0.9818966E-03  0.4080044E-04  0.0000000E+00  0.0000000E+00 -0.1013618E-03  0.0000000E+00
         1   446      4  0.1308866E-02  0.5436205E-04  0.0000000E+00  0.0000000E+00 -0.1351885E-03  0.0000000E+00
         1   446      5  0.1635670E-02  0.6790427E-04  0.0000000E+00  0.0000000E+00 -0.1690348E-03  0.0000000E+00
         1   446      6  0.1962308E-02  0.8142700E-04  0.0000000E+00  0.0000000E+00 -0.2029006E-03  0.0000000E+00
         1   446      7  0.2288780E-02  0.9493016E-04  0.0000000E+00  0.0000000E+00 -0.2367860E-03  0.0000000E+00
         1   446      8  0.2615086E-02  0.1084137E-03  0.0000000E+00  0.0000000E+00 -0.2706908E-03  0.0000000E+00
         1   446      9  0.2941226E-02  0.1218774E-03  0.0000000E+00  0.0000000E+00 -0.3046150E-03  0.0000000E+00
         1   446     10  0.2617147E-03  0.1132816E-03  0.0000000E+00  0.0000000E+00  0.5886897E-01  0.1000000E-02

         1   447      0  0.0000000E+00  0.0000000E+00  0.0000000E+00  0.0000000E+00  0.0000000E+00  0.0000000E+00
         1   447      1  0.0000000E+00  0.0000000E+00  0.0000000E+00  0.0000000E+00  0.0000000E+00  0.0000000E+00
         1   447      2  0.6615674E-03  0.2721950E-04  0.0000000E+00  0.0000000E+00 -0.6755484E-04  0.0000000E+00
         1   447      3  0.9920967E-03  0.4080044E-04  0.0000000E+00  0.0000000E+00 -0.1013619E-03  0.0000000E+00
         1   447      4  0.1322456E-02  0.5436205E-04  0.0000000E+00  0.0000000E+00 -0.1351887E-03  0.0000000E+00
         1   447      5  0.1652646E-02  0.6790427E-04  0.0000000E+00  0.0000000E+00 -0.1690351E-03  0.0000000E+00
         1   447      6  0.1982664E-02  0.8142700E-04  0.0000000E+00  0.0000000E+00 -0.2029011E-03  0.0000000E+00
         1   447      7  0.2312513E-02  0.9493016E-04  0.0000000E+00  0.0000000E+00 -0.2367866E-03  0.0000000E+00
         1   447      8  0.2642190E-02  0.1084137E-03  0.0000000E+00  0.0000000E+00 -0.2706916E-03  0.0000000E+00
         1   447      9  0.2971696E-02  0.1218774E-03  0.0000000E+00  0.0000000E+00 -0.3046160E-03  0.0000000E+00
         1   447     10  0.2900194E-03  0.1132816E-03  0.0000000E+00  0.0000000E+00  0.5891839E-01  0.1000000E-02

         1   448      0  0.0000000E+00  0.0000000E+00  0.0000000E+00  0.0000000E+00  0.0000000E+00  0.0000000E+00
         1   448      1  0.0000000E+00  0.0000000E+00  0.0000000E+00  0.0000000E+00  0.0000000E+00  0.0000000E+00
         1   448      2  0.6656503E-03  0.2721950E-04  0.0000000E+00  0.0000000E+00 -0.6755487E-04  0.0000000E+00
         1   448      3  0.9982168E-03  0.4080044E-04  0.0000000E+00  0.0000000E+00 -0.1013620E-03  0.0000000E+00
         1   448      4  0.1330611E-02  0.5436205E-04  0.0000000E+00  0.0000000E+00 -0.1351888E-03  0.0000000E+00
         1   448      5  0.1662831E-02  0.6790427E-04  0.0000000E+00  0.0000000E+00 -0.1690353E-03  0.0000000E+00
         1   448      6  0.1994879E-02  0.8142700E-04  0.0000000E+00  0.0000000E+00 -0.2029014E-03  0.0000000E+00
         1   448      7  0.2326752E-02  0.9493016E-04  0.0000000E+00  0.0000000E+00 -0.2367870E-03  0.0000000E+00
         1   448      8  0.2658452E-02  0.1084137E-03  0.0000000E+00  0.0000000E+00 -0.2706921E-03  0.0000000E+00
         1   448      9  0.2989977E-02  0.1218774E-03  0.0000000E+00  0.0000000E+00 -0.3046166E-03  0.0000000E+00
         1   448     10  0.3070022E-03  0.1132816E-03  0.0000000E+00  0.0000000E+00  0.5894804E-01  0.1000000E-02

         1   449      0  0.0000000E+00  0.0000000E+00  0.0000000E+00  0.0000000E+00  0.0000000E+00  0.0000000E+00
         1   449      1  0.0000000E+00  0.0000000E+00  0.0000000E+00  0.0000000E+00  0.0000000E+00  0.0000000E+00
         1   449      2  0.6724552E-03  0.2721950E-04  0.0000000E+00  0.0000000E+00 -0.6755492E-04  0.0000000E+00
         1   449      3  0.1008417E-02  0.4080044E-04  0.0000000E+00  0.0000000E+00 -0.1013621E-03  0.0000000E+00
         1   449      4  0.1344201E-02  0.5436205E-04  0.0000000E+00  0.0000000E+00 -0.1351890E-03  0.0000000E+00
         1   449      5  0.1679807E-02  0.6790427E-04  0.0000000E+00  0.0000000E+00 -0.1690356E-03  0.0000000E+00
         1   449      6  0.2015235E-02  0.8142700E-04  0.0000000E+00  0.0000000E+00 -0.2029018E-03  0.0000000E+00
         1   449      7  0.2350485E-02  0.9493016E-04  0.0000000E+00  0.0000000E+00 -0.2367876E-03  0.0000000E+00
         1   449      8  0.2685555E-02  0.1084137E-03  0.0000000E+00  0.0000000E+00 -0.2706929E-03  0.0000000E+00
         1   449      9  0.3020447E-02  0.1218774E-03  0.0000000E+00  0.0000000E+00 -0.3046177E-03  0.0000000E+00
         1   449     10  0.3353069E-03  0.1132816E-03  0.0000000E+00  0.0000000E+00  0.5899747E-01  0.1000000E-02

         1   450      0  0.0000000E+00  0.0000000E+00  0.0000000E+00  0.0000000E+00  0.0000000E+00  0.0000000E+00
         1   450      1  0.0000000E+00  0.0000000E+00  0.0000000E+00  0.0000000E+00  0.0000000E+00  0.0000000E+00
         1   450      2  0.6724166E-03 -0.2737330E-04  0.0000000E+00  0.0000000E+00 -0.6756152E-04  0.0000000E+00
         1   450      3  0.1008350E-02 -0.4106682E-04  0.0000000E+00  0.0000000E+00 -0.1013769E-03  0.0000000E+00
         1   450      4  0.1344100E-02 -0.5476499E-04  0.0000000E+00  0.0000000E+00 -0.1352154E-03  0.0000000E+00
         1   450      5  0.1679666E-02 -0.6846789E-04  0.0000000E+00  0.0000000E+00 -0.1690768E-03  0.0000000E+00
         1   450      6  0.2015047E-02 -0.8217555E-04  0.0000000E+00  0.0000000E+00 -0.2029611E-03  0.0000000E+00
         1   450      7  0.2350244E-02 -0.9588805E-04  0.0000000E+00  0.0000000E+00 -0.2368682E-03  0.0000000E+00
         1   450      8  0.2685256E-02 -0.1096054E-03  0.0000000E+00  0.0000000E+00 -0.2707981E-03  0.0000000E+00
         1   450      9  0.3020083E-02 -0.1233278E-03  0.0000000E+00  0.0000000E+00 -0.3047508E-03  0.0000000E+00
         1   450     10  0.3847821E-03  0.8406133E-04  0.0000000E+00  0.0000000E+00  0.5909631E-01  0.1000000E-02

         1   451      0  0.0000000E+00  0.0000000E+00  0.0000000E+00  0.0000000E+00  0.0000000E+00  0.0000000E+00
         1   451      1  0.0000000E+00  0.0000000E+00  0.0000000E+00  0.0000000E+00  0.0000000E+00  0.0000000E+00
         1   451      2  0.6452661E-03 -0.8086240E-04  0.0000000E+00  0.0000000E+00 -0.6756826E-04  0.0000000E+00
         1   451      3  0.9676264E-03 -0.1212782E-03  0.0000000E+00  0.0000000E+00 -0.1013921E-03  0.0000000E+00
         1   451      4  0.1289805E-02 -0.1616839E-03  0.0000000E+00  0.0000000E+00 -0.1352423E-03  0.0000000E+00
         1   451      5  0.1611800E-02 -0.2020794E-03  0.0000000E+00  0.0000000E+00 -0.1691189E-03  0.0000000E+00
         1   451      6  0.1933613E-02 -0.2424648E-03  0.0000000E+00  0.0000000E+00 -0.2030216E-03  0.0000000E+00
         1   451      7  0.2255242E-02 -0.2828400E-03  0.0000000E+00  0.0000000E+00 -0.2369506E-03  0.0000000E+00
         1   451      8  0.2576687E-02 -0.3232052E-03  0.0000000E+00  0.0000000E+00 -0.2709057E-03  0.0000000E+00
         1   451      9  0.2897949E-02 -0.3635604E-03  0.0000000E+00  0.0000000E+00 -0.3048869E-03  0.0000000E+00
         1   451     10  0.4187568E-03  0.5145474E-04  0.0000000E+00  0.0000000E+00  0.5919516E-01  0.1000000E-02

         1   452      0  0.0000000E+00  0.0000000E+00  0.0000000E+00  0.0000000E+00  0.0000000E+00  0.0000000E+00
         1   452      1  0.0000000E+00  0.0000000E+00  0.0000000E+00  0.0000000E+00  0.0000000E+00  0.0000000E+00
         1   452      2  0.6250505E-03 -0.8086240E-04  0.0000000E+00  0.0000000E+00 -0.6756872E-04  0.0000000E+00
         1   452      3  0.9373069E-03 -0.1212782E-03  0.0000000E+00  0.0000000E+00 -0.1013931E-03  0.0000000E+00
         1   452      4  0.1249384E-02 -0.1616839E-03  0.0000000E+00  0.0000000E+00 -0.1352441E-03  0.0000000E+00
         1   452      5  0.1561280E-02 -0.2020794E-03  0.0000000E+00  0.0000000E+00 -0.1691217E-03  0.0000000E+00
         1   452      6  0.1872996E-02 -0.2424648E-03  0.0000000E+00  0.0000000E+00 -0.2030257E-03  0.0000000E+00
         1   452      7  0.2184532E-02 -0.2828400E-03  0.0000000E+00  0.0000000E+00 -0.2369562E-03  0.0000000E+00
         1   452      8  0.2495886E-02 -0.3232052E-03  0.0000000E+00  0.0000000E+00 -0.2709130E-03  0.0000000E+00
         1   452      9  0.2807059E-02 -0.3635604E-03  0.0000000E+00  0.0000000E+00 -0.3048960E-03  0.0000000E+00
         1   452     10  0.4316133E-03  0.5145474E-04  0.0000000E+00  0.0000000E+00  0.5924459E-01  0.1000000E-02

         1   453      0  0.0000000E+00  0.0000000E+00  0.0000000E+00  0.0000000E+00  0.0000000E+00  0.0000000E+00
         1   453      1  0.0000000E+00  0.0000000E+00  0.0000000E+00  0.0000000E+00  0.0000000E+00  0.0000000E+00
         1   453      2  0.6129211E-03 -0.8086240E-04  0.0000000E+00  0.0000000E+00 -0.6756899E-04  0.0000000E+00
         1   453      3  0.9191151E-03 -0.1212782E-03  0.0000000E+00  0.0000000E+00 -0.1013937E-03  0.0000000E+00
         1   453      4  0.1225131E-02 -0.1616839E-03  0.0000000E+00  0.0000000E+00 -0.1352452E-03  0.0000000E+00
         1   453      5  0.1530968E-02 -0.2020794E-03  0.0000000E+00  0.0000000E+00 -0.1691234E-03  0.0000000E+00
         1   453      6  0.1836627E-02 -0.2424648E-03  0.0000000E+00  0.0000000E+00 -0.2030282E-03  0.0000000E+00
         1   453      7  0.2142106E-02 -0.2828400E-03  0.0000000E+00  0.0000000E+00 -0.2369595E-03  0.0000000E+00
         1   453      8  0.2447405E-02 -0.3232052E-03  0.0000000E+00  0.0000000E+00 -0.2709173E-03  0.0000000E+00
         1   453      9  0.2752525E-02 -0.3635604E-03  0.0000000E+00  0.0000000E+00 -0.3049015E-03  0.0000000E+00
         1   453     10  0.4393273E-03  0.5145474E-04  0.0000000E+00  0.0000000E+00  0.5927424E-01  0.1000000E-02

         1   454      0  0.0000000E+00  0.0000000E+00  0.0000000E+00  0.0000000E+00  0.0000000E+00  0.0000000E+00
         1   454      1  0.0000000E+00  0.0000000E+00  0.0000000E+00  0.0000000E+00  0.0000000E+00  0.0000000E+00
         1   454      2  0.5927055E-03 -0.8086240E-04  0.0000000E+00  0.0000000E+00 -0.6756944E-04  0.0000000E+00
         1   454      3  0.8887956E-03 -0.1212782E-03  0.0000000E+00  0.0000000E+00 -0.1013948E-03  0.0000000E+00
         1   454      4  0.1184710E-02 -0.1616839E-03  0.0000000E+00  0.0000000E+00 -0.1352470E-03  0.0000000E+00
         1   454      5  0.1480448E-02 -0.2020794E-03  0.0000000E+00  0.0000000E+00 -0.1691262E-03  0.0000000E+00
         1   454      6  0.1776011E-02 -0.2424648E-03  0.0000000E+00  0.0000000E+00 -0.2030322E-03  0.0000000E+00
         1   454      7  0.2071396E-02 -0.2828400E-03  0.0000000E+00  0.0000000E+00 -0.2369650E-03  0.0000000E+00
         1   454      8  0.2366604E-02 -0.3232052E-03  0.0000000E+00  0.0000000E+00 -0.2709246E-03  0.0000000E+00
         1   454      9  0.2661635E-02 -0.3635604E-03  0.0000000E+00  0.0000000E+00 -0.3049107E-03  0.0000000E+00
         1   454     10  0.4521838E-03  0.5145474E-04  0.0000000E+00  0.0000000E+00  0.5932367E-01  0.1000000E-02

         1   455      0  0.0000000E+00  0.0000000E+00  0.0000000E+00  0.0000000E+00  0.0000000E+00  0.0000000E+00
         1   455      1  0.0000000E+00  0.0000000E+00  0.0000000E+00  0.0000000E+00  0.0000000E+00  0.0000000E+00
         1   455      2  0.2078231E-03 -0.8308305E-04  0.0000000E+00  0.0000000E+00 -0.1135269E-03  0.0000000E+00
         1   455      3  0.3115394E-03 -0.1246086E-03  0.0000000E+00  0.0000000E+00 -0.1703115E-03  0.0000000E+00
         1   455      4  0.4151247E-03 -0.1661235E-03  0.0000000E+00  0.0000000E+00 -0.2271100E-03  0.0000000E+00
         1   455      5  0.5185786E-03 -0.2076279E-03  0.0000000E+00  0.0000000E+00 -0.2839224E-03  0.0000000E+00
         1   455      6  0.6219006E-03 -0.2491217E-03  0.0000000E+00  0.0000000E+00 -0.3407484E-03  0.0000000E+00
         1   455      7  0.7250902E-03 -0.2906049E-03  0.0000000E+00  0.0000000E+00 -0.3975881E-03  0.0000000E+00
         1   455      8  0.8281468E-03 -0.3320777E-03  0.0000000E+00  0.0000000E+00 -0.4544412E-03  0.0000000E+00
         1   455      9  0.9310700E-03 -0.3735399E-03  0.0000000E+00  0.0000000E+00 -0.5113077E-03  0.0000000E+00
         1   455     10  0.9537354E-03  0.1623027E-03  0.0000000E+00  0.0000000E+00  0.6017437E-01  0.1000000E-02

         1   456      0  0.0000000E+00  0.0000000E+00  0.0000000E+00  0.0000000E+00  0.0000000E+00  0.0000000E+00
         1   456      1  0.0000000E+00  0.0000000E+00  0.0000000E+00  0.0000000E+00  0.0000000E+00  0.0000000E+00
         1   456      2  0.1870524E-03 -0.8308305E-04  0.0000000E+00  0.0000000E+00 -0.1135273E-03  0.0000000E+00
         1   456      3  0.2803872E-03 -0.1246086E-03  0.0000000E+00  0.0000000E+00 -0.1703125E-03  0.0000000E+00
         1   456      4  0.3735938E-03 -0.1661235E-03  0.0000000E+00  0.0000000E+00 -0.2271119E-03  0.0000000E+00
         1   456      5  0.4666717E-03 -0.2076279E-03  0.0000000E+00  0.0000000E+00 -0.2839254E-03  0.0000000E+00
         1   456      6  0.5596202E-03 -0.2491217E-03  0.0000000E+00  0.0000000E+00 -0.3407527E-03  0.0000000E+00
         1   456      7  0.6524390E-03 -0.2906049E-03  0.0000000E+00  0.0000000E+00 -0.3975940E-03  0.0000000E+00
         1   456      8  0.7451274E-03 -0.3320777E-03  0.0000000E+00  0.0000000E+00 -0.4544489E-03  0.0000000E+00
         1   456      9  0.8376850E-03 -0.3735399E-03  0.0000000E+00  0.0000000E+00 -0.5113174E-03  0.0000000E+00
         1   456     10  0.9942886E-03  0.1623027E-03  0.0000000E+00  0.0000000E+00  0.6022379E-01  0.1000000E-02

         1   457      0  0.0000000E+00  0.0000000E+00  0.0000000E+00  0.0000000E+00  0.0000000E+00  0.0000000E+00
         1   457      1  0.0000000E+00  0.0000000E+00  0.0000000E+00  0.0000000E+00  0.0000000E+00  0.0000000E+00
         1   457      2  0.1745899E-03 -0.8308305E-04  0.0000000E+00  0.0000000E+00 -0.1135276E-03  0.0000000E+00
         1   457      3  0.2616959E-03 -0.1246086E-03  0.0000000E+00  0.0000000E+00 -0.1703132E-03  0.0000000E+00
         1   457      4  0.3486753E-03 -0.1661235E-03  0.0000000E+00  0.0000000E+00 -0.2271131E-03  0.0000000E+00
         1   457      5  0.4355275E-03 -0.2076279E-03  0.0000000E+00  0.0000000E+00 -0.2839271E-03  0.0000000E+00
         1   457      6  0.5222520E-03 -0.2491217E-03  0.0000000E+00  0.0000000E+00 -0.3407553E-03  0.0000000E+00
         1   457      7  0.6088482E-03 -0.2906049E-03  0.0000000E+00  0.0000000E+00 -0.3975975E-03  0.0000000E+00
         1   457      8  0.6953157E-03 -0.3320777E-03  0.0000000E+00  0.0000000E+00 -0.4544535E-03  0.0000000E+00
         1   457      9  0.7816540E-03 -0.3735399E-03  0.0000000E+00  0.0000000E+00 -0.5113232E-03  0.0000000E+00
         1   457     10  0.1018621E-02  0.1623027E-03  0.0000000E+00  0.0000000E+00  0.6025344E-01  0.1000000E-02

         1   458      0  0.0000000E+00  0.0000000E+00  0.0000000E+00  0.0000000E+00  0.0000000E+00  0.0000000E+00
         1   458      1  0.0000000E+00  0.0000000E+00  0.0000000E+00  0.0000000E+00  0.0000000E+00  0.0000000E+00
         1   458      2  0.1538191E-03 -0.8308305E-04  0.0000000E+00  0.0000000E+00 -0.1135281E-03  0.0000000E+00
         1   458      3  0.2305438E-03 -0.1246086E-03  0.0000000E+00  0.0000000E+00 -0.1703143E-03  0.0000000E+00
         1   458      4  0.3071444E-03 -0.1661235E-03  0.0000000E+00  0.0000000E+00 -0.2271150E-03  0.0000000E+00
         1   458      5  0.3836205E-03 -0.2076279E-03  0.0000000E+00  0.0000000E+00 -0.2839301E-03  0.0000000E+00
         1   458      6  0.4599715E-03 -0.2491217E-03  0.0000000E+00  0.0000000E+00 -0.3407596E-03  0.0000000E+00
         1   458      7  0.5361970E-03 -0.2906049E-03  0.0000000E+00  0.0000000E+00 -0.3976033E-03  0.0000000E+00
         1   458      8  0.6122963E-03 -0.3320777E-03  0.0000000E+00  0.0000000E+00 -0.4544611E-03  0.0000000E+00
         1   458      9  0.6882690E-03 -0.3735399E-03  0.0000000E+00  0.0000000E+00 -0.5113329E-03  0.0000000E+00
         1   458     10  0.1059174E-02  0.1623027E-03  0.0000000E+00  0.0000000E+00  0.6030287E-01  0.1000000E-02

         1   459      0  0.0000000E+00  0.0000000E+00  0.0000000E+00  0.0000000E+00  0.0000000E+00  0.0000000E+00
         1   459      1  0.0000000E+00  0.0000000E+00  0.0000000E+00  0.0000000E+00  0.0000000E+00  0.0000000E+00
         1   459      2  0.1148672E-03 -0.7320322E-04  0.0000000E+00  0.0000000E+00 -0.1135287E-03  0.0000000E+00
         1   459      3  0.1721205E-03 -0.1098023E-03  0.0000000E+00  0.0000000E+00 -0.1703156E-03  0.0000000E+00
         1   459      4  0.2292528E-03 -0.1463997E-03  0.0000000E+00  0.0000000E+00 -0.2271174E-03  0.0000000E+00
         1   459      5  0.2862637E-03 -0.1829957E-03  0.0000000E+00  0.0000000E+00 -0.2839339E-03  0.0000000E+00
         1   459      6  0.3431524E-03 -0.2195901E-03  0.0000000E+00  0.0000000E+00 -0.3407651E-03  0.0000000E+00
         1   459      7  0.3999186E-03 -0.2561831E-03  0.0000000E+00  0.0000000E+00 -0.3976108E-03  0.0000000E+00
         1   459      8  0.4565616E-03 -0.2927748E-03  0.0000000E+00  0.0000000E+00 -0.4544709E-03  0.0000000E+00
         1   459      9  0.5130808E-03 -0.3293652E-03  0.0000000E+00  0.0000000E+00 -0.5113452E-03  0.0000000E+00
         1   459     10  0.1160354E-02  0.2438878E-03  0.0000000E+00  0.0000000E+00  0.6040173E-01  0.1000000E-02

         1   460      0  0.0000000E+00  0.0000000E+00  0.0000000E+00  0.0000000E+00  0.0000000E+00  0.0000000E+00
         1   460      1  0.0000000E+00  0.0000000E+00  0.0000000E+00  0.0000000E+00  0.0000000E+00  0.0000000E+00
         1   460      2  0.8016509E-04 -0.6603171E-04  0.0000000E+00  0.0000000E+00 -0.1135293E-03  0.0000000E+00
         1   460      3  0.1200653E-03 -0.9905836E-04  0.0000000E+00  0.0000000E+00 -0.1703168E-03  0.0000000E+00
         1   460      4  0.1598430E-03 -0.1320923E-03  0.0000000E+00  0.0000000E+00 -0.2271196E-03  0.0000000E+00
         1   460      5  0.1994978E-03 -0.1651338E-03  0.0000000E+00  0.0000000E+00 -0.2839373E-03  0.0000000E+00
         1   460      6  0.2390291E-03 -0.1981828E-03  0.0000000E+00  0.0000000E+00 -0.3407700E-03  0.0000000E+00
         1   460      7  0.2784361E-03 -0.2312394E-03  0.0000000E+00  0.0000000E+00 -0.3976175E-03  0.0000000E+00
         1   460      8  0.3177184E-03 -0.2643039E-03  0.0000000E+00  0.0000000E+00 -0.4544796E-03  0.0000000E+00
         1   460      9  0.3568753E-03 -0.2973762E-03  0.0000000E+00  0.0000000E+00 -0.5113563E-03  0.0000000E+00
         1   460     10  0.1304426E-02  0.3344880E-03  0.0000000E+00  0.0000000E+00  0.6050059E-01  0.1000000E-02

         1   461      0  0.0000000E+00  0.0000000E+00  0.0000000E+00  0.0000000E+00  0.0000000E+00  0.0000000E+00
         1   461      1  0.0000000E+00  0.0000000E+00  0.0000000E+00  0.0000000E+00  0.0000000E+00  0.0000000E+00
         1   461      2  0.6365716E-04 -0.6603171E-04  0.0000000E+00  0.0000000E+00 -0.1135296E-03  0.0000000E+00
         1   461      3  0.9530067E-04 -0.9905836E-04  0.0000000E+00  0.0000000E+00 -0.1703175E-03  0.0000000E+00
         1   461      4  0.1268200E-03 -0.1320923E-03  0.0000000E+00  0.0000000E+00 -0.2271208E-03  0.0000000E+00
         1   461      5  0.1582144E-03 -0.1651338E-03  0.0000000E+00  0.0000000E+00 -0.2839392E-03  0.0000000E+00
         1   461      6  0.1894834E-03 -0.1981828E-03  0.0000000E+00  0.0000000E+00 -0.3407727E-03  0.0000000E+00
         1   461      7  0.2206263E-03 -0.2312394E-03  0.0000000E+00  0.0000000E+00 -0.3976212E-03  0.0000000E+00
         1   461      8  0.2516424E-03 -0.2643039E-03  0.0000000E+00  0.0000000E+00 -0.4544844E-03  0.0000000E+00
         1   461      9  0.2825312E-03 -0.2973762E-03  0.0000000E+00  0.0000000E+00 -0.5113624E-03  0.0000000E+00
         1   461     10  0.1388002E-02  0.3344880E-03  0.0000000E+00  0.0000000E+00  0.6055000E-01  0.1000000E-02

         1   462      0  0.0000000E+00  0.0000000E+00  0.0000000E+00  0.0000000E+00  0.0000000E+00  0.0000000E+00
         1   462      1  0.0000000E+00  0.0000000E+00  0.0000000E+00  0.0000000E+00  0.0000000E+00  0.0000000E+00
         1   462      2  0.5375240E-04 -0.6603171E-04  0.0000000E+00  0.0000000E+00 -0.1135297E-03  0.0000000E+00
         1   462      3  0.8044191E-04 -0.9905836E-04  0.0000000E+00  0.0000000E+00 -0.1703179E-03  0.0000000E+00
         1   462      4  0.1070061E-03 -0.1320923E-03  0.0000000E+00  0.0000000E+00 -0.2271215E-03  0.0000000E+00
         1   462      5  0.1334443E-03 -0.1651338E-03  0.0000000E+00  0.0000000E+00 -0.2839404E-03  0.0000000E+00
         1   462      6  0.1597560E-03 -0.1981828E-03  0.0000000E+00  0.0000000E+00 -0.3407744E-03  0.0000000E+00
         1   462      7  0.1859403E-03 -0.2312394E-03  0.0000000E+00  0.0000000E+00 -0.3976234E-03  0.0000000E+00
         1   462      8  0.2119968E-03 -0.2643039E-03  0.0000000E+00  0.0000000E+00 -0.4544873E-03  0.0000000E+00
         1   462      9  0.2379248E-03 -0.2973762E-03  0.0000000E+00  0.0000000E+00 -0.5113661E-03  0.0000000E+00
         1   462     10  0.1438147E-02  0.3344880E-03  0.0000000E+00  0.0000000E+00  0.6057965E-01  0.1000000E-02

         1   463      0  0.0000000E+00  0.0000000E+00  0.0000000E+00  0.0000000E+00  0.0000000E+00  0.0000000E+00
         1   463      1  0.0000000E+00  0.0000000E+00  0.0000000E+00  0.0000000E+00  0.0000000E+00  0.0000000E+00
         1   463      2  0.3724448E-04 -0.6603171E-04  0.0000000E+00  0.0000000E+00 -0.1135300E-03  0.0000000E+00
         1   463      3  0.5567732E-04 -0.9905836E-04  0.0000000E+00  0.0000000E+00 -0.1703186E-03  0.0000000E+00
         1   463      4  0.7398302E-04 -0.1320923E-03  0.0000000E+00  0.0000000E+00 -0.2271227E-03  0.0000000E+00
         1   463      5  0.9216088E-04 -0.1651338E-03  0.0000000E+00  0.0000000E+00 -0.2839423E-03  0.0000000E+00
         1   463      6  0.1102103E-03 -0.1981828E-03  0.0000000E+00  0.0000000E+00 -0.3407771E-03  0.0000000E+00
         1   463      7  0.1281305E-03 -0.2312394E-03  0.0000000E+00  0.0000000E+00 -0.3976271E-03  0.0000000E+00
         1   463      8  0.1459209E-03 -0.2643039E-03  0.0000000E+00  0.0000000E+00 -0.4544922E-03  0.0000000E+00
         1   463      9  0.1635808E-03 -0.2973762E-03  0.0000000E+00  0.0000000E+00 -0.5113722E-03  0.0000000E+00
         1   463     10  0.1521723E-02  0.3344880E-03  0.0000000E+00  0.0000000E+00  0.6062907E-01  0.1000000E-02

         1   464      0  0.0000000E+00  0.0000000E+00  0.0000000E+00  0.0000000E+00  0.0000000E+00  0.0000000E+00
         1   464      1  0.0000000E+00  0.0000000E+00  0.0000000E+00  0.0000000E+00  0.0000000E+00  0.0000000E+00
         1   464      2 -0.2712602E-03 -0.6538335E-04  0.0000000E+00  0.0000000E+00 -0.1001038E-03  0.0000000E+00
         1   464      3 -0.4071271E-03 -0.9808504E-04  0.0000000E+00  0.0000000E+00 -0.1501591E-03  0.0000000E+00
         1   464      4 -0.5431533E-03 -0.1307936E-03  0.0000000E+00  0.0000000E+00 -0.2002162E-03  0.0000000E+00
         1   464      5 -0.6793402E-03 -0.1635090E-03  0.0000000E+00  0.0000000E+00 -0.2502751E-03  0.0000000E+00
         1   464      6 -0.8156888E-03 -0.1962314E-03  0.0000000E+00  0.0000000E+00 -0.3003355E-03  0.0000000E+00
         1   464      7 -0.9522004E-03 -0.2289610E-03  0.0000000E+00  0.0000000E+00 -0.3503971E-03  0.0000000E+00
         1   464      8 -0.1088876E-02 -0.2616979E-03  0.0000000E+00  0.0000000E+00 -0.4004598E-03  0.0000000E+00
         1   464      9 -0.1225717E-02 -0.2944420E-03  0.0000000E+00  0.0000000E+00 -0.4505233E-03  0.0000000E+00
         1   464     10  0.3329201E-02  0.4357741E-03  0.0000000E+00  0.0000000E+00  0.6128202E-01  0.1000000E-02

         1   465      0  0.0000000E+00  0.0000000E+00  0.0000000E+00  0.0000000E+00  0.0000000E+00  0.0000000E+00
         1   465      1  0.0000000E+00  0.0000000E+00  0.0000000E+00  0.0000000E+00  0.0000000E+00  0.0000000E+00
         1   465      2 -0.2876060E-03 -0.6538335E-04  0.0000000E+00  0.0000000E+00 -0.1001041E-03  0.0000000E+00
         1   465      3 -0.4316483E-03 -0.9808504E-04  0.0000000E+00  0.0000000E+00 -0.1501597E-03  0.0000000E+00
         1   465      4 -0.5758517E-03 -0.1307936E-03  0.0000000E+00  0.0000000E+00 -0.2002174E-03  0.0000000E+00
         1   465      5 -0.7202175E-03 -0.1635090E-03  0.0000000E+00  0.0000000E+00 -0.2502770E-03  0.0000000E+00
         1   465      6 -0.8647467E-03 -0.1962314E-03  0.0000000E+00  0.0000000E+00 -0.3003382E-03  0.0000000E+00
         1   465      7 -0.1009441E-02 -0.2289610E-03  0.0000000E+00  0.0000000E+00 -0.3504008E-03  0.0000000E+00
         1   465      8 -0.1154300E-02 -0.2616979E-03  0.0000000E+00  0.0000000E+00 -0.4004646E-03  0.0000000E+00
         1   465      9 -0.1299327E-02 -0.2944420E-03  0.0000000E+00  0.0000000E+00 -0.4505293E-03  0.0000000E+00
         1   465     10  0.3438084E-02  0.4357741E-03  0.0000000E+00  0.0000000E+00  0.6133143E-01  0.1000000E-02

         1   466      0  0.0000000E+00  0.0000000E+00  0.0000000E+00  0.0000000E+00  0.0000000E+00  0.0000000E+00
         1   466      1  0.0000000E+00  0.0000000E+00  0.0000000E+00  0.0000000E+00  0.0000000E+00  0.0000000E+00
         1   466      2 -0.2974136E-03 -0.6538491E-04  0.0000000E+00  0.0000000E+00 -0.1001043E-03  0.0000000E+00
         1   466      3 -0.4463613E-03 -0.9808856E-04  0.0000000E+00  0.0000000E+00 -0.1501601E-03  0.0000000E+00
         1   466      4 -0.5954712E-03 -0.1307998E-03  0.0000000E+00  0.0000000E+00 -0.2002181E-03  0.0000000E+00
         1   466      5 -0.7447445E-03 -0.1635188E-03  0.0000000E+00  0.0000000E+00 -0.2502781E-03  0.0000000E+00
         1   466      6 -0.8941825E-03 -0.1962456E-03  0.0000000E+00  0.0000000E+00 -0.3003398E-03  0.0000000E+00
         1   466      7 -0.1043786E-02 -0.2289803E-03  0.0000000E+00  0.0000000E+00 -0.3504030E-03  0.0000000E+00
         1   466      8 -0.1193557E-02 -0.2617230E-03  0.0000000E+00  0.0000000E+00 -0.4004674E-03  0.0000000E+00
         1   466      9 -0.1343496E-02 -0.2944739E-03  0.0000000E+00  0.0000000E+00 -0.4505329E-03  0.0000000E+00
         1   466     10  0.3503397E-02  0.4355541E-03  0.0000000E+00  0.0000000E+00  0.6136108E-01  0.1000000E-02

         1   467      0  0.0000000E+00  0.0000000E+00  0.0000000E+00  0.0000000E+00  0.0000000E+00  0.0000000E+00
         1   467      1  0.0000000E+00  0.0000000E+00  0.0000000E+00  0.0000000E+00  0.0000000E+00  0.0000000E+00
         1   467      2 -0.3137599E-03 -0.6538491E-04  0.0000000E+00  0.0000000E+00 -0.1001046E-03  0.0000000E+00
         1   467      3 -0.4708835E-03 -0.9808856E-04  0.0000000E+00  0.0000000E+00 -0.1501608E-03  0.0000000E+00
         1   467      4 -0.6281712E-03 -0.1307998E-03  0.0000000E+00  0.0000000E+00 -0.2002193E-03  0.0000000E+00
         1   467      5 -0.7856242E-03 -0.1635188E-03  0.0000000E+00  0.0000000E+00 -0.2502800E-03  0.0000000E+00
         1   467      6 -0.9432439E-03 -0.1962456E-03  0.0000000E+00  0.0000000E+00 -0.3003425E-03  0.0000000E+00
         1   467      7 -0.1101031E-02 -0.2289803E-03  0.0000000E+00  0.0000000E+00 -0.3504066E-03  0.0000000E+00
         1   467      8 -0.1258988E-02 -0.2617230E-03  0.0000000E+00  0.0000000E+00 -0.4004722E-03  0.0000000E+00
         1   467      9 -0.1417114E-02 -0.2944739E-03  0.0000000E+00  0.0000000E+00 -0.4505390E-03  0.0000000E+00
         1   467     10  0.3612225E-02  0.4355541E-03  0.0000000E+00  0.0000000E+00  0.6141049E-01  0.1000000E-02

         1   468      0  0.0000000E+00  0.0000000E+00  0.0000000E+00  0.0000000E+00  0.0000000E+00  0.0000000E+00
         1   468      1  0.0000000E+00  0.0000000E+00  0.0000000E+00  0.0000000E+00  0.0000000E+00  0.0000000E+00
         1   468      2 -0.3399069E-03 -0.3885041E-04  0.0000000E+00  0.0000000E+00 -0.1001065E-03  0.0000000E+00
         1   468      3 -0.5101047E-03 -0.5826700E-04  0.0000000E+00  0.0000000E+00 -0.1501652E-03  0.0000000E+00
         1   468      4 -0.6804670E-03 -0.7767786E-04  0.0000000E+00  0.0000000E+00 -0.2002271E-03  0.0000000E+00
         1   468      5 -0.8509952E-03 -0.9708298E-04  0.0000000E+00  0.0000000E+00 -0.2502921E-03  0.0000000E+00
         1   468      6 -0.1021690E-02 -0.1164824E-03  0.0000000E+00  0.0000000E+00 -0.3003600E-03  0.0000000E+00
         1   468      7 -0.1192554E-02 -0.1358760E-03  0.0000000E+00  0.0000000E+00 -0.3504305E-03  0.0000000E+00
         1   468      8 -0.1363587E-02 -0.1552640E-03  0.0000000E+00  0.0000000E+00 -0.4005034E-03  0.0000000E+00
         1   468      9 -0.1534792E-02 -0.1746463E-03  0.0000000E+00  0.0000000E+00 -0.4505785E-03  0.0000000E+00
         1   468     10  0.3755662E-02  0.1365744E-03  0.0000000E+00  0.0000000E+00  0.6150913E-01  0.1000000E-02

         1   469      0  0.0000000E+00  0.0000000E+00  0.0000000E+00  0.0000000E+00  0.0000000E+00  0.0000000E+00
         1   469      1  0.0000000E+00  0.0000000E+00  0.0000000E+00  0.0000000E+00  0.0000000E+00  0.0000000E+00
         1   469      2 -0.3523489E-03 -0.1074946E-04  0.0000000E+00  0.0000000E+00 -0.1001084E-03  0.0000000E+00
         1   469      3 -0.5287584E-03 -0.1609611E-04  0.0000000E+00  0.0000000E+00 -0.1501693E-03  0.0000000E+00
         1   469      4 -0.7053263E-03 -0.2142391E-04  0.0000000E+00  0.0000000E+00 -0.2002345E-03  0.0000000E+00
         1   469      5 -0.8820539E-03 -0.2673277E-04  0.0000000E+00  0.0000000E+00 -0.2503036E-03  0.0000000E+00
         1   469      6 -0.1058942E-02 -0.3202259E-04  0.0000000E+00  0.0000000E+00 -0.3003765E-03  0.0000000E+00
         1   469      7 -0.1235993E-02 -0.3729327E-04  0.0000000E+00  0.0000000E+00 -0.3504530E-03  0.0000000E+00
         1   469      8 -0.1413207E-02 -0.4254471E-04  0.0000000E+00  0.0000000E+00 -0.4005329E-03  0.0000000E+00
         1   469      9 -0.1590586E-02 -0.4777683E-04  0.0000000E+00  0.0000000E+00 -0.4506158E-03  0.0000000E+00
         1   469     10  0.3747807E-02 -0.1679070E-03  0.0000000E+00  0.0000000E+00  0.6160777E-01  0.1000000E-02

         1   470      0  0.0000000E+00  0.0000000E+00  0.0000000E+00  0.0000000E+00  0.0000000E+00  0.0000000E+00
         1   470      1  0.0000000E+00  0.0000000E+00  0.0000000E+00  0.0000000E+00  0.0000000E+00  0.0000000E+00
         1   470      2 -0.3550362E-03 -0.1074946E-04  0.0000000E+00  0.0000000E+00 -0.1001084E-03  0.0000000E+00
         1   470      3 -0.5327824E-03 -0.1609611E-04  0.0000000E+00  0.0000000E+00 -0.1501693E-03  0.0000000E+00
         1   470      4 -0.7106823E-03 -0.2142391E-04  0.0000000E+00  0.0000000E+00 -0.2002345E-03  0.0000000E+00
         1   470      5 -0.8887371E-03 -0.2673277E-04  0.0000000E+00  0.0000000E+00 -0.2503037E-03  0.0000000E+00
         1   470      6 -0.1066948E-02 -0.3202259E-04  0.0000000E+00  0.0000000E+00 -0.3003766E-03  0.0000000E+00
         1   470      7 -0.1245316E-02 -0.3729327E-04  0.0000000E+00  0.0000000E+00 -0.3504531E-03  0.0000000E+00
         1   470      8 -0.1423843E-02 -0.4254471E-04  0.0000000E+00  0.0000000E+00 -0.4005330E-03  0.0000000E+00
         1   470      9 -0.1602530E-02 -0.4777683E-04  0.0000000E+00  0.0000000E+00 -0.4506160E-03  0.0000000E+00
         1   470     10  0.3705853E-02 -0.1679070E-03  0.0000000E+00  0.0000000E+00  0.6165720E-01  0.1000000E-02

         1   471      0  0.0000000E+00  0.0000000E+00  0.0000000E+00  0.0000000E+00  0.0000000E+00  0.0000000E+00
         1   471      1  0.0000000E+00  0.0000000E+00  0.0000000E+00  0.0000000E+00  0.0000000E+00  0.0000000E+00
         1   471      2 -0.3566486E-03 -0.1074946E-04  0.0000000E+00  0.0000000E+00 -0.1001084E-03  0.0000000E+00
         1   471      3 -0.5351968E-03 -0.1609611E-04  0.0000000E+00  0.0000000E+00 -0.1501693E-03  0.0000000E+00
         1   471      4 -0.7138959E-03 -0.2142391E-04  0.0000000E+00  0.0000000E+00 -0.2002345E-03  0.0000000E+00
         1   471      5 -0.8927470E-03 -0.2673277E-04  0.0000000E+00  0.0000000E+00 -0.2503037E-03  0.0000000E+00
         1   471      6 -0.1071751E-02 -0.3202259E-04  0.0000000E+00  0.0000000E+00 -0.3003766E-03  0.0000000E+00
         1   471      7 -0.1250910E-02 -0.3729327E-04  0.0000000E+00  0.0000000E+00 -0.3504532E-03  0.0000000E+00
         1   471      8 -0.1430225E-02 -0.4254471E-04  0.0000000E+00  0.0000000E+00 -0.4005331E-03  0.0000000E+00
         1   471      9 -0.1609696E-02 -0.4777683E-04  0.0000000E+00  0.0000000E+00 -0.4506161E-03  0.0000000E+00
         1   471     10  0.3680681E-02 -0.1679070E-03  0.0000000E+00  0.0000000E+00  0.6168685E-01  0.1000000E-02

         1   472      0  0.0000000E+00  0.0000000E+00  0.0000000E+00  0.0000000E+00  0.0000000E+00  0.0000000E+00
         1   472      1  0.0000000E+00  0.0000000E+00  0.0000000E+00  0.0000000E+00  0.0000000E+00  0.0000000E+00
         1   472      2 -0.3593360E-03 -0.1074946E-04  0.0000000E+00  0.0000000E+00 -0.1001084E-03  0.0000000E+00
         1   472      3 -0.5392209E-03 -0.1609611E-04  0.0000000E+00  0.0000000E+00 -0.1501693E-03  0.0000000E+00
         1   472      4 -0.7192519E-03 -0.2142391E-04  0.0000000E+00  0.0000000E+00 -0.2002345E-03  0.0000000E+00
         1   472      5 -0.8994302E-03 -0.2673277E-04  0.0000000E+00  0.0000000E+00 -0.2503037E-03  0.0000000E+00
         1   472      6 -0.1079757E-02 -0.3202259E-04  0.0000000E+00  0.0000000E+00 -0.3003767E-03  0.0000000E+00
         1   472      7 -0.1260234E-02 -0.3729327E-04  0.0000000E+00  0.0000000E+00 -0.3504533E-03  0.0000000E+00
         1   472      8 -0.1440861E-02 -0.4254471E-04  0.0000000E+00  0.0000000E+00 -0.4005332E-03  0.0000000E+00
         1   472      9 -0.1621641E-02 -0.4777683E-04  0.0000000E+00  0.0000000E+00 -0.4506162E-03  0.0000000E+00
         1   472     10  0.3638728E-02 -0.1679070E-03  0.0000000E+00  0.0000000E+00  0.6173627E-01  0.1000000E-02

         1   473      0  0.0000000E+00  0.0000000E+00  0.0000000E+00  0.0000000E+00  0.0000000E+00  0.0000000E+00
         1   473      1  0.0000000E+00  0.0000000E+00  0.0000000E+00  0.0000000E+00  0.0000000E+00  0.0000000E+00
         1   473      2 -0.4048310E-03 -0.8630505E-05  0.0000000E+00  0.0000000E+00 -0.5624767E-04  0.0000000E+00
         1   473      3 -0.6073289E-03 -0.1291686E-04  0.0000000E+00  0.0000000E+00 -0.8436146E-04  0.0000000E+00
         1   473      4 -0.8098827E-03 -0.1718382E-04  0.0000000E+00  0.0000000E+00 -0.1124681E-03  0.0000000E+00
         1   473      5 -0.1012493E-02 -0.2143128E-04  0.0000000E+00  0.0000000E+00 -0.1405673E-03  0.0000000E+00
         1   473      6 -0.1215161E-02 -0.2565913E-04  0.0000000E+00  0.0000000E+00 -0.1686587E-03  0.0000000E+00
         1   473      7 -0.1417887E-02 -0.2986728E-04  0.0000000E+00  0.0000000E+00 -0.1967420E-03  0.0000000E+00
         1   473      8 -0.1620671E-02 -0.3405562E-04  0.0000000E+00  0.0000000E+00 -0.2248168E-03  0.0000000E+00
         1   473      9 -0.1823515E-02 -0.3822405E-04  0.0000000E+00  0.0000000E+00 -0.2528829E-03  0.0000000E+00
         1   473     10  0.3076282E-02 -0.7176870E-04  0.0000000E+00  0.0000000E+00  0.6228249E-01  0.1000000E-02

         1   474      0  0.0000000E+00  0.0000000E+00  0.0000000E+00  0.0000000E+00  0.0000000E+00  0.0000000E+00
         1   474      1  0.0000000E+00  0.0000000E+00  0.0000000E+00  0.0000000E+00  0.0000000E+00  0.0000000E+00
         1   474      2 -0.4069886E-03 -0.8630505E-05  0.0000000E+00  0.0000000E+00 -0.5624767E-04  0.0000000E+00
         1   474      3 -0.6105581E-03 -0.1291686E-04  0.0000000E+00  0.0000000E+00 -0.8436147E-04  0.0000000E+00
         1   474      4 -0.8141786E-03 -0.1718382E-04  0.0000000E+00  0.0000000E+00 -0.1124681E-03  0.0000000E+00
         1   474      5 -0.1017851E-02 -0.2143128E-04  0.0000000E+00  0.0000000E+00 -0.1405673E-03  0.0000000E+00
         1   474      6 -0.1221576E-02 -0.2565913E-04  0.0000000E+00  0.0000000E+00 -0.1686587E-03  0.0000000E+00
         1   474      7 -0.1425353E-02 -0.2986728E-04  0.0000000E+00  0.0000000E+00 -0.1967420E-03  0.0000000E+00
         1   474      8 -0.1629185E-02 -0.3405562E-04  0.0000000E+00  0.0000000E+00 -0.2248169E-03  0.0000000E+00
         1   474      9 -0.1833071E-02 -0.3822405E-04  0.0000000E+00  0.0000000E+00 -0.2528830E-03  0.0000000E+00
         1   474     10  0.3058350E-02 -0.7176870E-04  0.0000000E+00  0.0000000E+00  0.6233191E-01  0.1000000E-02

         1   475      0  0.0000000E+00  0.0000000E+00  0.0000000E+00  0.0000000E+00  0.0000000E+00  0.0000000E+00
         1   475      1  0.0000000E+00  0.0000000E+00  0.0000000E+00  0.0000000E+00  0.0000000E+00  0.0000000E+00
         1   475      2 -0.4082822E-03 -0.8618145E-05  0.0000000E+00  0.0000000E+00 -0.5624767E-04  0.0000000E+00
         1   475      3 -0.6124935E-03 -0.1288905E-04  0.0000000E+00  0.0000000E+00 -0.8436147E-04  0.0000000E+00
         1   475      4 -0.8167525E-03 -0.1713436E-04  0.0000000E+00  0.0000000E+00 -0.1124681E-03  0.0000000E+00
         1   475      5 -0.1021060E-02 -0.2135397E-04  0.0000000E+00  0.0000000E+00 -0.1405674E-03  0.0000000E+00
         1   475      6 -0.1225416E-02 -0.2554778E-04  0.0000000E+00  0.0000000E+00 -0.1686588E-03  0.0000000E+00
         1   475      7 -0.1429822E-02 -0.2971569E-04  0.0000000E+00  0.0000000E+00 -0.1967421E-03  0.0000000E+00
         1   475      8 -0.1634279E-02 -0.3385757E-04  0.0000000E+00  0.0000000E+00 -0.2248170E-03  0.0000000E+00
         1   475      9 -0.1838786E-02 -0.3797334E-04  0.0000000E+00  0.0000000E+00 -0.2528831E-03  0.0000000E+00
         1   475     10  0.3047643E-02 -0.7107541E-04  0.0000000E+00  0.0000000E+00  0.6236157E-01  0.1000000E-02

         1   476      0  0.0000000E+00  0.0000000E+00  0.0000000E+00  0.0000000E+00  0.0000000E+00  0.0000000E+00
         1   476      1  0.0000000E+00  0.0000000E+00  0.0000000E+00  0.0000000E+00  0.0000000E+00  0.0000000E+00
         1   476      2 -0.4104368E-03 -0.8618145E-05  0.0000000E+00  0.0000000E+00 -0.5624768E-04  0.0000000E+00
         1   476      3 -0.6157158E-03 -0.1288905E-04  0.0000000E+00  0.0000000E+00 -0.8436149E-04  0.0000000E+00
         1   476      4 -0.8210361E-03 -0.1713436E-04  0.0000000E+00  0.0000000E+00 -0.1124682E-03  0.0000000E+00
         1   476      5 -0.1026398E-02 -0.2135397E-04  0.0000000E+00  0.0000000E+00 -0.1405674E-03  0.0000000E+00
         1   476      6 -0.1231803E-02 -0.2554778E-04  0.0000000E+00  0.0000000E+00 -0.1686588E-03  0.0000000E+00
         1   476      7 -0.1437251E-02 -0.2971569E-04  0.0000000E+00  0.0000000E+00 -0.1967421E-03  0.0000000E+00
         1   476      8 -0.1642743E-02 -0.3385757E-04  0.0000000E+00  0.0000000E+00 -0.2248170E-03  0.0000000E+00
         1   476      9 -0.1848279E-02 -0.3797334E-04  0.0000000E+00  0.0000000E+00 -0.2528832E-03  0.0000000E+00
         1   476     10  0.3029884E-02 -0.7107541E-04  0.0000000E+00  0.0000000E+00  0.6241099E-01  0.1000000E-02

         1   477      0  0.0000000E+00  0.0000000E+00  0.0000000E+00  0.0000000E+00  0.0000000E+00  0.0000000E+00
         1   477      1  0.0000000E+00  0.0000000E+00  0.0000000E+00  0.0000000E+00  0.0000000E+00  0.0000000E+00
         1   477      2 -0.4223649E-03 -0.3924099E-04  0.0000000E+00  0.0000000E+00 -0.5624550E-04  0.0000000E+00
         1   477      3 -0.6335899E-03 -0.5882711E-04  0.0000000E+00  0.0000000E+00 -0.8435659E-04  0.0000000E+00
         1   477      4 -0.8448441E-03 -0.7839023E-04  0.0000000E+00  0.0000000E+00 -0.1124595E-03  0.0000000E+00
         1   477      5 -0.1056128E-02 -0.9793028E-04  0.0000000E+00  0.0000000E+00 -0.1405538E-03  0.0000000E+00
         1   477      6 -0.1267442E-02 -0.1174472E-03  0.0000000E+00  0.0000000E+00 -0.1686392E-03  0.0000000E+00
         1   477      7 -0.1478788E-02 -0.1369410E-03  0.0000000E+00  0.0000000E+00 -0.1967155E-03  0.0000000E+00
         1   477      8 -0.1690165E-02 -0.1564115E-03  0.0000000E+00  0.0000000E+00 -0.2247822E-03  0.0000000E+00
         1   477      9 -0.1901574E-02 -0.1758587E-03  0.0000000E+00  0.0000000E+00 -0.2528390E-03  0.0000000E+00
         1   477     10  0.3050145E-02  0.1524135E-03  0.0000000E+00  0.0000000E+00  0.6250996E-01  0.1000000E-02

         1   478      0  0.0000000E+00  0.0000000E+00  0.0000000E+00  0.0000000E+00  0.0000000E+00  0.0000000E+00
         1   478      1  0.0000000E+00  0.0000000E+00  0.0000000E+00  0.0000000E+00  0.0000000E+00  0.0000000E+00
         1   478      2 -0.4499194E-03 -0.7131565E-04  0.0000000E+00  0.0000000E+00 -0.5624345E-04  0.0000000E+00
         1   478      3 -0.6749052E-03 -0.1069416E-03  0.0000000E+00  0.0000000E+00 -0.8435197E-04  0.0000000E+00
         1   478      4 -0.8999091E-03 -0.1425463E-03  0.0000000E+00  0.0000000E+00 -0.1124512E-03  0.0000000E+00
         1   478      5 -0.1124932E-02 -0.1781298E-03  0.0000000E+00  0.0000000E+00 -0.1405409E-03  0.0000000E+00
         1   478      6 -0.1349974E-02 -0.2136919E-03  0.0000000E+00  0.0000000E+00 -0.1686207E-03  0.0000000E+00
         1   478      7 -0.1575035E-02 -0.2492327E-03  0.0000000E+00  0.0000000E+00 -0.1966903E-03  0.0000000E+00
         1   478      8 -0.1800118E-02 -0.2847522E-03  0.0000000E+00  0.0000000E+00 -0.2247493E-03  0.0000000E+00
         1   478      9 -0.2025221E-02 -0.3202504E-03  0.0000000E+00  0.0000000E+00 -0.2527974E-03  0.0000000E+00
         1   478     10  0.3183150E-02  0.3815361E-03  0.0000000E+00  0.0000000E+00  0.6260892E-01  0.1000000E-02

         1   479      0  0.0000000E+00  0.0000000E+00  0.0000000E+00  0.0000000E+00  0.0000000E+00  0.0000000E+00
         1   479      1  0.0000000E+00  0.0000000E+00  0.0000000E+00  0.0000000E+00  0.0000000E+00  0.0000000E+00
         1   479      2 -0.4677484E-03 -0.7131565E-04  0.0000000E+00  0.0000000E+00 -0.5624380E-04  0.0000000E+00
         1   479      3 -0.7016406E-03 -0.1069416E-03  0.0000000E+00  0.0000000E+00 -0.8435276E-04  0.0000000E+00
         1   479      4 -0.9355457E-03 -0.1425463E-03  0.0000000E+00  0.0000000E+00 -0.1124527E-03  0.0000000E+00
         1   479      5 -0.1169464E-02 -0.1781298E-03  0.0000000E+00  0.0000000E+00 -0.1405431E-03  0.0000000E+00
         1   479      6 -0.1403397E-02 -0.2136919E-03  0.0000000E+00  0.0000000E+00 -0.1686239E-03  0.0000000E+00
         1   479      7 -0.1637344E-02 -0.2492327E-03  0.0000000E+00  0.0000000E+00 -0.1966946E-03  0.0000000E+00
         1   479      8 -0.1871306E-02 -0.2847522E-03  0.0000000E+00  0.0000000E+00 -0.2247549E-03  0.0000000E+00
         1   479      9 -0.2105284E-02 -0.3202504E-03  0.0000000E+00  0.0000000E+00 -0.2528045E-03  0.0000000E+00
         1   479     10  0.3278481E-02  0.3815361E-03  0.0000000E+00  0.0000000E+00  0.6265834E-01  0.1000000E-02

         1   480      0  0.0000000E+00  0.0000000E+00  0.0000000E+00  0.0000000E+00  0.0000000E+00  0.0000000E+00
         1   480      1  0.0000000E+00  0.0000000E+00  0.0000000E+00  0.0000000E+00  0.0000000E+00  0.0000000E+00
         1   480      2 -0.4784457E-03 -0.7131565E-04  0.0000000E+00  0.0000000E+00 -0.5624402E-04  0.0000000E+00
         1   480      3 -0.7176818E-03 -0.1069416E-03  0.0000000E+00  0.0000000E+00 -0.8435324E-04  0.0000000E+00
         1   480      4 -0.9569276E-03 -0.1425463E-03  0.0000000E+00  0.0000000E+00 -0.1124535E-03  0.0000000E+00
         1   480      5 -0.1196184E-02 -0.1781298E-03  0.0000000E+00  0.0000000E+00 -0.1405445E-03  0.0000000E+00
         1   480      6 -0.1435450E-02 -0.2136919E-03  0.0000000E+00  0.0000000E+00 -0.1686258E-03  0.0000000E+00
         1   480      7 -0.1674729E-02 -0.2492327E-03  0.0000000E+00  0.0000000E+00 -0.1966972E-03  0.0000000E+00
         1   480      8 -0.1914019E-02 -0.2847522E-03  0.0000000E+00  0.0000000E+00 -0.2247583E-03  0.0000000E+00
         1   480      9 -0.2153321E-02 -0.3202504E-03  0.0000000E+00  0.0000000E+00 -0.2528088E-03  0.0000000E+00
         1   480     10  0.3335680E-02  0.3815361E-03  0.0000000E+00  0.0000000E+00  0.6268799E-01  0.1000000E-02

         1   481      0  0.0000000E+00  0.0000000E+00  0.0000000E+00  0.0000000E+00  0.0000000E+00  0.0000000E+00
         1   481      1  0.0000000E+00  0.0000000E+00  0.0000000E+00  0.0000000E+00  0.0000000E+00  0.0000000E+00
         1   481      2 -0.4962746E-03 -0.7131565E-04  0.0000000E+00  0.0000000E+00 -0.5624437E-04  0.0000000E+00
         1   481      3 -0.7444173E-03 -0.1069416E-03  0.0000000E+00  0.0000000E+00 -0.8435403E-04  0.0000000E+00
         1   481      4 -0.9925642E-03 -0.1425463E-03  0.0000000E+00  0.0000000E+00 -0.1124549E-03  0.0000000E+00
         1   481      5 -0.1240716E-02 -0.1781298E-03  0.0000000E+00  0.0000000E+00 -0.1405467E-03  0.0000000E+00
         1   481      6 -0.1488873E-02 -0.2136919E-03  0.0000000E+00  0.0000000E+00 -0.1686290E-03  0.0000000E+00
         1   481      7 -0.1737037E-02 -0.2492327E-03  0.0000000E+00  0.0000000E+00 -0.1967015E-03  0.0000000E+00
         1   481      8 -0.1985207E-02 -0.2847522E-03  0.0000000E+00  0.0000000E+00 -0.2247639E-03  0.0000000E+00
         1   481      9 -0.2233384E-02 -0.3202504E-03  0.0000000E+00  0.0000000E+00 -0.2528159E-03  0.0000000E+00
         1   481     10  0.3431011E-02  0.3815361E-03  0.0000000E+00  0.0000000E+00  0.6273740E-01  0.1000000E-02

         1   482      0  0.0000000E+00  0.0000000E+00  0.0000000E+00  0.0000000E+00  0.0000000E+00  0.0000000E+00
         1   482      1  0.0000000E+00  0.0000000E+00  0.0000000E+00  0.0000000E+00  0.0000000E+00  0.0000000E+00
         1   482      2 -0.8225172E-03 -0.6765937E-04  0.0000000E+00  0.0000000E+00  0.1944349E-04  0.0000000E+00
         1   482      3 -0.1233625E-02 -0.1014581E-03  0.0000000E+00  0.0000000E+00  0.2916389E-04  0.0000000E+00
         1   482      4 -0.1644633E-02 -0.1352361E-03  0.0000000E+00  0.0000000E+00  0.3888393E-04  0.0000000E+00
         1   482      5 -0.2055541E-02 -0.1689934E-03  0.0000000E+00  0.0000000E+00  0.4860401E-04  0.0000000E+00
         1   482      6 -0.2466351E-02 -0.2027300E-03  0.0000000E+00  0.0000000E+00  0.5832453E-04  0.0000000E+00
         1   482      7 -0.2877062E-02 -0.2364458E-03  0.0000000E+00  0.0000000E+00  0.6804588E-04  0.0000000E+00
         1   482      8 -0.3287675E-02 -0.2701409E-03  0.0000000E+00  0.0000000E+00  0.7776845E-04  0.0000000E+00
         1   482      9 -0.3698191E-02 -0.3038152E-03  0.0000000E+00  0.0000000E+00  0.8749265E-04  0.0000000E+00
         1   482     10  0.5433405E-02  0.4716980E-03  0.0000000E+00  0.0000000E+00  0.6316011E-01  0.1000000E-02

         1   483      0  0.0000000E+00  0.0000000E+00  0.0000000E+00  0.0000000E+00  0.0000000E+00  0.0000000E+00
         1   483      1  0.0000000E+00  0.0000000E+00  0.0000000E+00  0.0000000E+00  0.0000000E+00  0.0000000E+00
         1   483      2 -0.8394321E-03 -0.6765937E-04  0.0000000E+00  0.0000000E+00  0.1944317E-04  0.0000000E+00
         1   483      3 -0.1258990E-02 -0.1014581E-03  0.0000000E+00  0.0000000E+00  0.2916318E-04  0.0000000E+00
         1   483      4 -0.1678442E-02 -0.1352361E-03  0.0000000E+00  0.0000000E+00  0.3888266E-04  0.0000000E+00
         1   483      5 -0.2097790E-02 -0.1689934E-03  0.0000000E+00  0.0000000E+00  0.4860203E-04  0.0000000E+00
         1   483      6 -0.2517033E-02 -0.2027300E-03  0.0000000E+00  0.0000000E+00  0.5832168E-04  0.0000000E+00
         1   483      7 -0.2936173E-02 -0.2364458E-03  0.0000000E+00  0.0000000E+00  0.6804200E-04  0.0000000E+00
         1   483      8 -0.3355210E-02 -0.2701409E-03  0.0000000E+00  0.0000000E+00  0.7776339E-04  0.0000000E+00
         1   483      9 -0.3774145E-02 -0.3038152E-03  0.0000000E+00  0.0000000E+00  0.8748625E-04  0.0000000E+00
         1   483     10  0.5551264E-02  0.4716980E-03  0.0000000E+00  0.0000000E+00  0.6320952E-01  0.1000000E-02

         1   484      0  0.0000000E+00  0.0000000E+00  0.0000000E+00  0.0000000E+00  0.0000000E+00  0.0000000E+00
         1   484      1  0.0000000E+00  0.0000000E+00  0.0000000E+00  0.0000000E+00  0.0000000E+00  0.0000000E+00
         1   484      2 -0.8495851E-03 -0.6771439E-04  0.0000000E+00  0.0000000E+00  0.1944298E-04  0.0000000E+00
         1   484      3 -0.1274217E-02 -0.1015818E-03  0.0000000E+00  0.0000000E+00  0.2916275E-04  0.0000000E+00
         1   484      4 -0.1698744E-02 -0.1354561E-03  0.0000000E+00  0.0000000E+00  0.3888190E-04  0.0000000E+00
         1   484      5 -0.2123164E-02 -0.1693370E-03  0.0000000E+00  0.0000000E+00  0.4860084E-04  0.0000000E+00
         1   484      6 -0.2547480E-02 -0.2032247E-03  0.0000000E+00  0.0000000E+00  0.5831996E-04  0.0000000E+00
         1   484      7 -0.2971691E-02 -0.2371190E-03  0.0000000E+00  0.0000000E+00  0.6803966E-04  0.0000000E+00
         1   484      8 -0.3395797E-02 -0.2710199E-03  0.0000000E+00  0.0000000E+00  0.7776034E-04  0.0000000E+00
         1   484      9 -0.3819800E-02 -0.3049274E-03  0.0000000E+00  0.0000000E+00  0.8748239E-04  0.0000000E+00
         1   484     10  0.5621799E-02  0.4692904E-03  0.0000000E+00  0.0000000E+00  0.6323917E-01  0.1000000E-02

         1   485      0  0.0000000E+00  0.0000000E+00  0.0000000E+00  0.0000000E+00  0.0000000E+00  0.0000000E+00
         1   485      1  0.0000000E+00  0.0000000E+00  0.0000000E+00  0.0000000E+00  0.0000000E+00  0.0000000E+00
         1   485      2 -0.8665137E-03 -0.6771439E-04  0.0000000E+00  0.0000000E+00  0.1944266E-04  0.0000000E+00
         1   485      3 -0.1299613E-02 -0.1015818E-03  0.0000000E+00  0.0000000E+00  0.2916203E-04  0.0000000E+00
         1   485      4 -0.1732608E-02 -0.1354561E-03  0.0000000E+00  0.0000000E+00  0.3888063E-04  0.0000000E+00
         1   485      5 -0.2165499E-02 -0.1693370E-03  0.0000000E+00  0.0000000E+00  0.4859885E-04  0.0000000E+00
         1   485      6 -0.2598286E-02 -0.2032247E-03  0.0000000E+00  0.0000000E+00  0.5831709E-04  0.0000000E+00
         1   485      7 -0.3030970E-02 -0.2371190E-03  0.0000000E+00  0.0000000E+00  0.6803576E-04  0.0000000E+00
         1   485      8 -0.3463552E-02 -0.2710199E-03  0.0000000E+00  0.0000000E+00  0.7775524E-04  0.0000000E+00
         1   485      9 -0.3896032E-02 -0.3049274E-03  0.0000000E+00  0.0000000E+00  0.8747594E-04  0.0000000E+00
         1   485     10  0.5739057E-02  0.4692904E-03  0.0000000E+00  0.0000000E+00  0.6328858E-01  0.1000000E-02

         1   486      0  0.0000000E+00  0.0000000E+00  0.0000000E+00  0.0000000E+00  0.0000000E+00  0.0000000E+00
         1   486      1  0.0000000E+00  0.0000000E+00  0.0000000E+00  0.0000000E+00  0.0000000E+00  0.0000000E+00
         1   486      2 -0.8826741E-03  0.3290933E-05  0.0000000E+00  0.0000000E+00  0.1943135E-04  0.0000000E+00
         1   486      3 -0.1323862E-02  0.4913698E-05  0.0000000E+00  0.0000000E+00  0.2913659E-04  0.0000000E+00
         1   486      4 -0.1764951E-02  0.6521436E-05  0.0000000E+00  0.0000000E+00  0.3883542E-04  0.0000000E+00
         1   486      5 -0.2205941E-02  0.8114228E-05  0.0000000E+00  0.0000000E+00  0.4852822E-04  0.0000000E+00
         1   486      6 -0.2646833E-02  0.9692153E-05  0.0000000E+00  0.0000000E+00  0.5821542E-04  0.0000000E+00
         1   486      7 -0.3087627E-02  0.1125529E-04  0.0000000E+00  0.0000000E+00  0.6789740E-04  0.0000000E+00
         1   486      8 -0.3528325E-02  0.1280373E-04  0.0000000E+00  0.0000000E+00  0.7757456E-04  0.0000000E+00
         1   486      9 -0.3968925E-02  0.1433753E-04  0.0000000E+00  0.0000000E+00  0.8724732E-04  0.0000000E+00
         1   486     10  0.5856401E-02 -0.1239388E-05  0.0000000E+00  0.0000000E+00  0.6338693E-01  0.1000000E-02

         1   487      0  0.0000000E+00  0.0000000E+00  0.0000000E+00  0.0000000E+00  0.0000000E+00  0.0000000E+00
         1   487      1  0.0000000E+00  0.0000000E+00  0.0000000E+00  0.0000000E+00  0.0000000E+00  0.0000000E+00
         1   487      2 -0.8632449E-03  0.7416357E-04  0.0000000E+00  0.0000000E+00  0.1942002E-04  0.0000000E+00
         1   487      3 -0.1294732E-02  0.1112111E-03  0.0000000E+00  0.0000000E+00  0.2911111E-04  0.0000000E+00
         1   487      4 -0.1726130E-02  0.1482360E-03  0.0000000E+00  0.0000000E+00  0.3879012E-04  0.0000000E+00
         1   487      5 -0.2157439E-02  0.1852383E-03  0.0000000E+00  0.0000000E+00  0.4845746E-04  0.0000000E+00
         1   487      6 -0.2588659E-02  0.2222182E-03  0.0000000E+00  0.0000000E+00  0.5811354E-04  0.0000000E+00
         1   487      7 -0.3019791E-02  0.2591757E-03  0.0000000E+00  0.0000000E+00  0.6775876E-04  0.0000000E+00
         1   487      8 -0.3450835E-02  0.2961111E-03  0.0000000E+00  0.0000000E+00  0.7739353E-04  0.0000000E+00
         1   487      9 -0.3881791E-02  0.3330244E-03  0.0000000E+00  0.0000000E+00  0.8701824E-04  0.0000000E+00
         1   487     10  0.5737827E-02 -0.4717192E-03  0.0000000E+00  0.0000000E+00  0.6348528E-01  0.1000000E-02

         1   488      0  0.0000000E+00  0.0000000E+00  0.0000000E+00  0.0000000E+00  0.0000000E+00  0.0000000E+00
         1   488      1  0.0000000E+00  0.0000000E+00  0.0000000E+00  0.0000000E+00  0.0000000E+00  0.0000000E+00
         1   488      2 -0.8447040E-03  0.7416357E-04  0.0000000E+00  0.0000000E+00  0.1941964E-04  0.0000000E+00
         1   488      3 -0.1266930E-02  0.1112111E-03  0.0000000E+00  0.0000000E+00  0.2911025E-04  0.0000000E+00
         1   488      4 -0.1689071E-02  0.1482360E-03  0.0000000E+00  0.0000000E+00  0.3878859E-04  0.0000000E+00
         1   488      5 -0.2111129E-02  0.1852383E-03  0.0000000E+00  0.0000000E+00  0.4845508E-04  0.0000000E+00
         1   488      6 -0.2533105E-02  0.2222182E-03  0.0000000E+00  0.0000000E+00  0.5811011E-04  0.0000000E+00
         1   488      7 -0.2954997E-02  0.2591757E-03  0.0000000E+00  0.0000000E+00  0.6775410E-04  0.0000000E+00
         1   488      8 -0.3376807E-02  0.2961111E-03  0.0000000E+00  0.0000000E+00  0.7738744E-04  0.0000000E+00
         1   488      9 -0.3798535E-02  0.3330244E-03  0.0000000E+00  0.0000000E+00  0.8701055E-04  0.0000000E+00
         1   488     10  0.5619962E-02 -0.4717192E-03  0.0000000E+00  0.0000000E+00  0.6353469E-01  0.1000000E-02

         1   489      0  0.0000000E+00  0.0000000E+00  0.0000000E+00  0.0000000E+00  0.0000000E+00  0.0000000E+00
         1   489      1  0.0000000E+00  0.0000000E+00  0.0000000E+00  0.0000000E+00  0.0000000E+00  0.0000000E+00
         1   489      2 -0.8335795E-03  0.7416357E-04  0.0000000E+00  0.0000000E+00  0.1941941E-04  0.0000000E+00
         1   489      3 -0.1250248E-02  0.1112111E-03  0.0000000E+00  0.0000000E+00  0.2910973E-04  0.0000000E+00
         1   489      4 -0.1666836E-02  0.1482360E-03  0.0000000E+00  0.0000000E+00  0.3878768E-04  0.0000000E+00
         1   489      5 -0.2083344E-02  0.1852383E-03  0.0000000E+00  0.0000000E+00  0.4845365E-04  0.0000000E+00
         1   489      6 -0.2499772E-02  0.2222182E-03  0.0000000E+00  0.0000000E+00  0.5810805E-04  0.0000000E+00
         1   489      7 -0.2916121E-02  0.2591757E-03  0.0000000E+00  0.0000000E+00  0.6775130E-04  0.0000000E+00
         1   489      8 -0.3332390E-02  0.2961111E-03  0.0000000E+00  0.0000000E+00  0.7738379E-04  0.0000000E+00
         1   489      9 -0.3748581E-02  0.3330244E-03  0.0000000E+00  0.0000000E+00  0.8700593E-04  0.0000000E+00
         1   489     10  0.5549244E-02 -0.4717192E-03  0.0000000E+00  0.0000000E+00  0.6356434E-01  0.1000000E-02

         1   490      0  0.0000000E+00  0.0000000E+00  0.0000000E+00  0.0000000E+00  0.0000000E+00  0.0000000E+00
         1   490      1  0.0000000E+00  0.0000000E+00  0.0000000E+00  0.0000000E+00  0.0000000E+00  0.0000000E+00
         1   490      2 -0.8150386E-03  0.7416357E-04  0.0000000E+00  0.0000000E+00  0.1941903E-04  0.0000000E+00
         1   490      3 -0.1222445E-02  0.1112111E-03  0.0000000E+00  0.0000000E+00  0.2910888E-04  0.0000000E+00
         1   490      4 -0.1629777E-02  0.1482360E-03  0.0000000E+00  0.0000000E+00  0.3878615E-04  0.0000000E+00
         1   490      5 -0.2037034E-02  0.1852383E-03  0.0000000E+00  0.0000000E+00  0.4845127E-04  0.0000000E+00
         1   490      6 -0.2444217E-02  0.2222182E-03  0.0000000E+00  0.0000000E+00  0.5810463E-04  0.0000000E+00
         1   490      7 -0.2851327E-02  0.2591757E-03  0.0000000E+00  0.0000000E+00  0.6774664E-04  0.0000000E+00
         1   490      8 -0.3258362E-02  0.2961111E-03  0.0000000E+00  0.0000000E+00  0.7737771E-04  0.0000000E+00
         1   490      9 -0.3665325E-02  0.3330244E-03  0.0000000E+00  0.0000000E+00  0.8699823E-04  0.0000000E+00
         1   490     10  0.5431379E-02 -0.4717192E-03  0.0000000E+00  0.0000000E+00  0.6361375E-01  0.1000000E-02

         1   491      0  0.0000000E+00  0.0000000E+00  0.0000000E+00  0.0000000E+00  0.0000000E+00  0.0000000E+00
         1   491      1  0.0000000E+00  0.0000000E+00  0.0000000E+00  0.0000000E+00  0.0000000E+00  0.0000000E+00
         1   491      2 -0.4585530E-03  0.7769439E-04  0.0000000E+00  0.0000000E+00  0.9251136E-04  0.0000000E+00
         1   491      3 -0.6878882E-03  0.1165066E-03  0.0000000E+00  0.0000000E+00  0.1387379E-03  0.0000000E+00
         1   491      4 -0.9172623E-03  0.1552957E-03  0.0000000E+00  0.0000000E+00  0.1849456E-03  0.0000000E+00
         1   491      5 -0.1146675E-02  0.1940618E-03  0.0000000E+00  0.0000000E+00  0.2311348E-03  0.0000000E+00
         1   491      6 -0.1376126E-02  0.2328050E-03  0.0000000E+00  0.0000000E+00  0.2773060E-03  0.0000000E+00
         1   491      7 -0.1605615E-02  0.2715254E-03  0.0000000E+00  0.0000000E+00  0.3234595E-03  0.0000000E+00
         1   491      8 -0.1835142E-02  0.3102231E-03  0.0000000E+00  0.0000000E+00  0.3695959E-03  0.0000000E+00
         1   491      9 -0.2064707E-02  0.3488983E-03  0.0000000E+00  0.0000000E+00  0.4157155E-03  0.0000000E+00
         1   491     10  0.3428913E-02 -0.3815459E-03  0.0000000E+00  0.0000000E+00  0.6403669E-01  0.1000000E-02

         1   492      0  0.0000000E+00  0.0000000E+00  0.0000000E+00  0.0000000E+00  0.0000000E+00  0.0000000E+00
         1   492      1  0.0000000E+00  0.0000000E+00  0.0000000E+00  0.0000000E+00  0.0000000E+00  0.0000000E+00
         1   492      2 -0.4391294E-03  0.7769439E-04  0.0000000E+00  0.0000000E+00  0.9251094E-04  0.0000000E+00
         1   492      3 -0.6587615E-03  0.1165066E-03  0.0000000E+00  0.0000000E+00  0.1387369E-03  0.0000000E+00
         1   492      4 -0.8784383E-03  0.1552957E-03  0.0000000E+00  0.0000000E+00  0.1849439E-03  0.0000000E+00
         1   492      5 -0.1098160E-02  0.1940618E-03  0.0000000E+00  0.0000000E+00  0.2311322E-03  0.0000000E+00
         1   492      6 -0.1317925E-02  0.2328050E-03  0.0000000E+00  0.0000000E+00  0.2773022E-03  0.0000000E+00
         1   492      7 -0.1537734E-02  0.2715254E-03  0.0000000E+00  0.0000000E+00  0.3234544E-03  0.0000000E+00
         1   492      8 -0.1757587E-02  0.3102231E-03  0.0000000E+00  0.0000000E+00  0.3695892E-03  0.0000000E+00
         1   492      9 -0.1977483E-02  0.3488983E-03  0.0000000E+00  0.0000000E+00  0.4157071E-03  0.0000000E+00
         1   492     10  0.3333579E-02 -0.3815459E-03  0.0000000E+00  0.0000000E+00  0.6408611E-01  0.1000000E-02

         1   493      0  0.0000000E+00  0.0000000E+00  0.0000000E+00  0.0000000E+00  0.0000000E+00  0.0000000E+00
         1   493      1  0.0000000E+00  0.0000000E+00  0.0000000E+00  0.0000000E+00  0.0000000E+00  0.0000000E+00
         1   493      2 -0.4274742E-03  0.7770836E-04  0.0000000E+00  0.0000000E+00  0.9251069E-04  0.0000000E+00
         1   493      3 -0.6412832E-03  0.1165381E-03  0.0000000E+00  0.0000000E+00  0.1387364E-03  0.0000000E+00
         1   493      4 -0.8551398E-03  0.1553516E-03  0.0000000E+00  0.0000000E+00  0.1849429E-03  0.0000000E+00
         1   493      5 -0.1069044E-02  0.1941492E-03  0.0000000E+00  0.0000000E+00  0.2311306E-03  0.0000000E+00
         1   493      6 -0.1282995E-02  0.2329308E-03  0.0000000E+00  0.0000000E+00  0.2772999E-03  0.0000000E+00
         1   493      7 -0.1496992E-02  0.2716967E-03  0.0000000E+00  0.0000000E+00  0.3234514E-03  0.0000000E+00
         1   493      8 -0.1711036E-02  0.3104469E-03  0.0000000E+00  0.0000000E+00  0.3695852E-03  0.0000000E+00
         1   493      9 -0.1925126E-02  0.3491815E-03  0.0000000E+00  0.0000000E+00  0.4157020E-03  0.0000000E+00
         1   493     10  0.3276440E-02 -0.3807334E-03  0.0000000E+00  0.0000000E+00  0.6411576E-01  0.1000000E-02

         1   494      0  0.0000000E+00  0.0000000E+00  0.0000000E+00  0.0000000E+00  0.0000000E+00  0.0000000E+00
         1   494      1  0.0000000E+00  0.0000000E+00  0.0000000E+00  0.0000000E+00  0.0000000E+00  0.0000000E+00
         1   494      2 -0.4080471E-03  0.7770836E-04  0.0000000E+00  0.0000000E+00  0.9251027E-04  0.0000000E+00
         1   494      3 -0.6121486E-03  0.1165381E-03  0.0000000E+00  0.0000000E+00  0.1387354E-03  0.0000000E+00
         1   494      4 -0.8163018E-03  0.1553516E-03  0.0000000E+00  0.0000000E+00  0.1849412E-03  0.0000000E+00
         1   494      5 -0.1020506E-02  0.1941492E-03  0.0000000E+00  0.0000000E+00  0.2311280E-03  0.0000000E+00
         1   494      6 -0.1224762E-02  0.2329308E-03  0.0000000E+00  0.0000000E+00  0.2772962E-03  0.0000000E+00
         1   494      7 -0.1429068E-02  0.2716967E-03  0.0000000E+00  0.0000000E+00  0.3234462E-03  0.0000000E+00
         1   494      8 -0.1633424E-02  0.3104469E-03  0.0000000E+00  0.0000000E+00  0.3695785E-03  0.0000000E+00
         1   494      9 -0.1837831E-02  0.3491815E-03  0.0000000E+00  0.0000000E+00  0.4156935E-03  0.0000000E+00
         1   494     10  0.3181310E-02 -0.3807334E-03  0.0000000E+00  0.0000000E+00  0.6416517E-01  0.1000000E-02

         1   495      0  0.0000000E+00  0.0000000E+00  0.0000000E+00  0.0000000E+00  0.0000000E+00  0.0000000E+00
         1   495      1  0.0000000E+00  0.0000000E+00  0.0000000E+00  0.0000000E+00  0.0000000E+00  0.0000000E+00
         1   495      2 -0.3765019E-03  0.4885980E-04  0.0000000E+00  0.0000000E+00  0.9251172E-04  0.0000000E+00
         1   495      3 -0.5648447E-03  0.7325900E-04  0.0000000E+00  0.0000000E+00  0.1387387E-03  0.0000000E+00
         1   495      4 -0.7532482E-03  0.9763791E-04  0.0000000E+00  0.0000000E+00  0.1849470E-03  0.0000000E+00
         1   495      5 -0.9417119E-03  0.1219967E-03  0.0000000E+00  0.0000000E+00  0.2311371E-03  0.0000000E+00
         1   495      6 -0.1130236E-02  0.1463355E-03  0.0000000E+00  0.0000000E+00  0.2773093E-03  0.0000000E+00
         1   495      7 -0.1318819E-02  0.1706545E-03  0.0000000E+00  0.0000000E+00  0.3234640E-03  0.0000000E+00
         1   495      8 -0.1507461E-02  0.1949538E-03  0.0000000E+00  0.0000000E+00  0.3696018E-03  0.0000000E+00
         1   495      9 -0.1696163E-02  0.2192335E-03  0.0000000E+00  0.0000000E+00  0.4157230E-03  0.0000000E+00
         1   495     10  0.3048674E-02 -0.1517325E-03  0.0000000E+00  0.0000000E+00  0.6426414E-01  0.1000000E-02

         1   496      0  0.0000000E+00  0.0000000E+00  0.0000000E+00  0.0000000E+00  0.0000000E+00  0.0000000E+00
         1   496      1  0.0000000E+00  0.0000000E+00  0.0000000E+00  0.0000000E+00  0.0000000E+00  0.0000000E+00
         1   496      2 -0.3588863E-03  0.2181894E-04  0.0000000E+00  0.0000000E+00  0.9251330E-04  0.0000000E+00
         1   496      3 -0.5384385E-03  0.3269031E-04  0.0000000E+00  0.0000000E+00  0.1387423E-03  0.0000000E+00
         1   496      4 -0.7180626E-03  0.4353653E-04  0.0000000E+00  0.0000000E+00  0.1849534E-03  0.0000000E+00
         1   496      5 -0.8977583E-03  0.5435777E-04  0.0000000E+00  0.0000000E+00  0.2311470E-03  0.0000000E+00
         1   496      6 -0.1077525E-02  0.6515421E-04  0.0000000E+00  0.0000000E+00  0.2773236E-03  0.0000000E+00
         1   496      7 -0.1257363E-02  0.7592603E-04  0.0000000E+00  0.0000000E+00  0.3234835E-03  0.0000000E+00
         1   496      8 -0.1437270E-02  0.8667341E-04  0.0000000E+00  0.0000000E+00  0.3696273E-03  0.0000000E+00
         1   496      9 -0.1617247E-02  0.9739653E-04  0.0000000E+00  0.0000000E+00  0.4157553E-03  0.0000000E+00
         1   496     10  0.3028728E-02  0.7165988E-04  0.0000000E+00  0.0000000E+00  0.6436311E-01  0.1000000E-02

         1   497      0  0.0000000E+00  0.0000000E+00  0.0000000E+00  0.0000000E+00  0.0000000E+00  0.0000000E+00
         1   497      1  0.0000000E+00  0.0000000E+00  0.0000000E+00  0.0000000E+00  0.0000000E+00  0.0000000E+00
         1   497      2 -0.3534316E-03  0.2181894E-04  0.0000000E+00  0.0000000E+00  0.9251327E-04  0.0000000E+00
         1   497      3 -0.5302659E-03  0.3269031E-04  0.0000000E+00  0.0000000E+00  0.1387422E-03  0.0000000E+00
         1   497      4 -0.7071785E-03  0.4353653E-04  0.0000000E+00  0.0000000E+00  0.1849532E-03  0.0000000E+00
         1   497      5 -0.8841689E-03  0.5435777E-04  0.0000000E+00  0.0000000E+00  0.2311468E-03  0.0000000E+00
         1   497      6 -0.1061237E-02  0.6515421E-04  0.0000000E+00  0.0000000E+00  0.2773233E-03  0.0000000E+00
         1   497      7 -0.1238381E-02  0.7592603E-04  0.0000000E+00  0.0000000E+00  0.3234831E-03  0.0000000E+00
         1   497      8 -0.1415602E-02  0.8667341E-04  0.0000000E+00  0.0000000E+00  0.3696268E-03  0.0000000E+00
         1   497      9 -0.1592898E-02  0.9739653E-04  0.0000000E+00  0.0000000E+00  0.4157546E-03  0.0000000E+00
         1   497     10  0.3046633E-02  0.7165988E-04  0.0000000E+00  0.0000000E+00  0.6441253E-01  0.1000000E-02

         1   498      0  0.0000000E+00  0.0000000E+00  0.0000000E+00  0.0000000E+00  0.0000000E+00  0.0000000E+00
         1   498      1  0.0000000E+00  0.0000000E+00  0.0000000E+00  0.0000000E+00  0.0000000E+00  0.0000000E+00
         1   498      2 -0.3501588E-03  0.2181894E-04  0.0000000E+00  0.0000000E+00  0.9251325E-04  0.0000000E+00
         1   498      3 -0.5253624E-03  0.3269031E-04  0.0000000E+00  0.0000000E+00  0.1387422E-03  0.0000000E+00
         1   498      4 -0.7006480E-03  0.4353653E-04  0.0000000E+00  0.0000000E+00  0.1849532E-03  0.0000000E+00
         1   498      5 -0.8760152E-03  0.5435777E-04  0.0000000E+00  0.0000000E+00  0.2311467E-03  0.0000000E+00
         1   498      6 -0.1051463E-02  0.6515421E-04  0.0000000E+00  0.0000000E+00  0.2773231E-03  0.0000000E+00
         1   498      7 -0.1226992E-02  0.7592603E-04  0.0000000E+00  0.0000000E+00  0.3234829E-03  0.0000000E+00
         1   498      8 -0.1402601E-02  0.8667341E-04  0.0000000E+00  0.0000000E+00  0.3696264E-03  0.0000000E+00
         1   498      9 -0.1578289E-02  0.9739653E-04  0.0000000E+00  0.0000000E+00  0.4157542E-03  0.0000000E+00
         1   498     10  0.3057376E-02  0.7165988E-04  0.0000000E+00  0.0000000E+00  0.6444219E-01  0.1000000E-02

         1   499      0  0.0000000E+00  0.0000000E+00  0.0000000E+00  0.0000000E+00  0.0000000E+00  0.0000000E+00
         1   499      1  0.0000000E+00  0.0000000E+00  0.0000000E+00  0.0000000E+00  0.0000000E+00  0.0000000E+00
         1   499      2 -0.3447040E-03  0.2181894E-04  0.0000000E+00  0.0000000E+00  0.9251322E-04  0.0000000E+00
         1   499      3 -0.5171898E-03  0.3269031E-04  0.0000000E+00  0.0000000E+00  0.1387421E-03  0.0000000E+00
         1   499      4 -0.6897639E-03  0.4353653E-04  0.0000000E+00  0.0000000E+00  0.1849530E-03  0.0000000E+00
         1   499      5 -0.8624258E-03  0.5435777E-04  0.0000000E+00  0.0000000E+00  0.2311465E-03  0.0000000E+00
         1   499      6 -0.1035175E-02  0.6515421E-04  0.0000000E+00  0.0000000E+00  0.2773228E-03  0.0000000E+00
         1   499      7 -0.1208011E-02  0.7592603E-04  0.0000000E+00  0.0000000E+00  0.3234825E-03  0.0000000E+00
         1   499      8 -0.1380932E-02  0.8667341E-04  0.0000000E+00  0.0000000E+00  0.3696259E-03  0.0000000E+00
         1   499      9 -0.1553940E-02  0.9739653E-04  0.0000000E+00  0.0000000E+00  0.4157535E-03  0.0000000E+00
         1   499     10  0.3075281E-02  0.7165988E-04  0.0000000E+00  0.0000000E+00  0.6449161E-01  0.1000000E-02

         1   500      0  0.0000000E+00  0.0000000E+00  0.0000000E+00  0.0000000E+00  0.0000000E+00  0.0000000E+00
         1   500      1  0.0000000E+00  0.0000000E+00  0.0000000E+00  0.0000000E+00  0.0000000E+00  0.0000000E+00
         1   500      2 -0.2384665E-03  0.2343595E-04  0.0000000E+00  0.0000000E+00  0.1259848E-03  0.0000000E+00
         1   500      3 -0.3580108E-03  0.3511702E-04  0.0000000E+00  0.0000000E+00  0.1889743E-03  0.0000000E+00
         1   500      4 -0.4777606E-03  0.4677371E-04  0.0000000E+00  0.0000000E+00  0.2519624E-03  0.0000000E+00
         1   500      5 -0.5977144E-03  0.5840619E-04  0.0000000E+00  0.0000000E+00  0.3149492E-03  0.0000000E+00
         1   500      6 -0.7178709E-03  0.7001466E-04  0.0000000E+00  0.0000000E+00  0.3779352E-03  0.0000000E+00
         1   500      7 -0.8382286E-03  0.8159926E-04  0.0000000E+00  0.0000000E+00  0.4409206E-03  0.0000000E+00
         1   500      8 -0.9587862E-03  0.9316019E-04  0.0000000E+00  0.0000000E+00  0.5039058E-03  0.0000000E+00
         1   500      9 -0.1079542E-02  0.1046976E-03  0.0000000E+00  0.0000000E+00  0.5668910E-03  0.0000000E+00
         1   500     10  0.3637232E-02  0.1678051E-03  0.0000000E+00  0.0000000E+00  0.6503797E-01  0.1000000E-02

         1   501      0  0.0000000E+00  0.0000000E+00  0.0000000E+00  0.0000000E+00  0.0000000E+00  0.0000000E+00
         1   501      1  0.0000000E+00  0.0000000E+00  0.0000000E+00  0.0000000E+00  0.0000000E+00  0.0000000E+00
         1   501      2 -0.2326075E-03  0.2343595E-04  0.0000000E+00  0.0000000E+00  0.1259848E-03  0.0000000E+00
         1   501      3 -0.3492315E-03  0.3511702E-04  0.0000000E+00  0.0000000E+00  0.1889743E-03  0.0000000E+00
         1   501      4 -0.4660671E-03  0.4677371E-04  0.0000000E+00  0.0000000E+00  0.2519622E-03  0.0000000E+00
         1   501      5 -0.5831128E-03  0.5840619E-04  0.0000000E+00  0.0000000E+00  0.3149490E-03  0.0000000E+00
         1   501      6 -0.7003672E-03  0.7001466E-04  0.0000000E+00  0.0000000E+00  0.3779349E-03  0.0000000E+00
         1   501      7 -0.8178288E-03  0.8159926E-04  0.0000000E+00  0.0000000E+00  0.4409202E-03  0.0000000E+00
         1   501      8 -0.9354961E-03  0.9316019E-04  0.0000000E+00  0.0000000E+00  0.5039052E-03  0.0000000E+00
         1   501      9 -0.1053368E-02  0.1046976E-03  0.0000000E+00  0.0000000E+00  0.5668902E-03  0.0000000E+00
         1   501     10  0.3679160E-02  0.1678051E-03  0.0000000E+00  0.0000000E+00  0.6508739E-01  0.1000000E-02

         1   502      0  0.0000000E+00  0.0000000E+00  0.0000000E+00  0.0000000E+00  0.0000000E+00  0.0000000E+00
         1   502      1  0.0000000E+00  0.0000000E+00  0.0000000E+00  0.0000000E+00  0.0000000E+00  0.0000000E+00
         1   502      2 -0.2290922E-03  0.2343498E-04  0.0000000E+00  0.0000000E+00  0.1259847E-03  0.0000000E+00
         1   502      3 -0.3439641E-03  0.3511482E-04  0.0000000E+00  0.0000000E+00  0.1889742E-03  0.0000000E+00
         1   502      4 -0.4590514E-03  0.4676980E-04  0.0000000E+00  0.0000000E+00  0.2519621E-03  0.0000000E+00
         1   502      5 -0.5743524E-03  0.5840008E-04  0.0000000E+00  0.0000000E+00  0.3149489E-03  0.0000000E+00
         1   502      6 -0.6898657E-03  0.7000583E-04  0.0000000E+00  0.0000000E+00  0.3779347E-03  0.0000000E+00
         1   502      7 -0.8055898E-03  0.8158723E-04  0.0000000E+00  0.0000000E+00  0.4409199E-03  0.0000000E+00
         1   502      8 -0.9215233E-03  0.9314445E-04  0.0000000E+00  0.0000000E+00  0.5039048E-03  0.0000000E+00
         1   502      9 -0.1037665E-02  0.1046776E-03  0.0000000E+00  0.0000000E+00  0.5668898E-03  0.0000000E+00
         1   502     10  0.3704298E-02  0.1675563E-03  0.0000000E+00  0.0000000E+00  0.6511704E-01  0.1000000E-02

         1   503      0  0.0000000E+00  0.0000000E+00  0.0000000E+00  0.0000000E+00  0.0000000E+00  0.0000000E+00
         1   503      1  0.0000000E+00  0.0000000E+00  0.0000000E+00  0.0000000E+00  0.0000000E+00  0.0000000E+00
         1   503      2 -0.2232334E-03  0.2343498E-04  0.0000000E+00  0.0000000E+00  0.1259847E-03  0.0000000E+00
         1   503      3 -0.3351854E-03  0.3511482E-04  0.0000000E+00  0.0000000E+00  0.1889741E-03  0.0000000E+00
         1   503      4 -0.4473589E-03  0.4676980E-04  0.0000000E+00  0.0000000E+00  0.2519620E-03  0.0000000E+00
         1   503      5 -0.5597524E-03  0.5840008E-04  0.0000000E+00  0.0000000E+00  0.3149486E-03  0.0000000E+00
         1   503      6 -0.6723642E-03  0.7000583E-04  0.0000000E+00  0.0000000E+00  0.3779343E-03  0.0000000E+00
         1   503      7 -0.7851930E-03  0.8158723E-04  0.0000000E+00  0.0000000E+00  0.4409194E-03  0.0000000E+00
         1   503      8 -0.8982372E-03  0.9314445E-04  0.0000000E+00  0.0000000E+00  0.5039042E-03  0.0000000E+00
         1   503      9 -0.1011495E-02  0.1046776E-03  0.0000000E+00  0.0000000E+00  0.5668890E-03  0.0000000E+00
         1   503     10  0.3746164E-02  0.1675563E-03  0.0000000E+00  0.0000000E+00  0.6516646E-01  0.1000000E-02

         1   504      0  0.0000000E+00  0.0000000E+00  0.0000000E+00  0.0000000E+00  0.0000000E+00  0.0000000E+00
         1   504      1  0.0000000E+00  0.0000000E+00  0.0000000E+00  0.0000000E+00  0.0000000E+00  0.0000000E+00
         1   504      2 -0.2070944E-03  0.4090341E-04  0.0000000E+00  0.0000000E+00  0.1259839E-03  0.0000000E+00
         1   504      3 -0.3109888E-03  0.6134518E-04  0.0000000E+00  0.0000000E+00  0.1889723E-03  0.0000000E+00
         1   504      4 -0.4151126E-03  0.8178037E-04  0.0000000E+00  0.0000000E+00  0.2519587E-03  0.0000000E+00
         1   504      5 -0.5194641E-03  0.1022091E-03  0.0000000E+00  0.0000000E+00  0.3149435E-03  0.0000000E+00
         1   504      6 -0.6240419E-03  0.1226313E-03  0.0000000E+00  0.0000000E+00  0.3779269E-03  0.0000000E+00
         1   504      7 -0.7288443E-03  0.1430470E-03  0.0000000E+00  0.0000000E+00  0.4409093E-03  0.0000000E+00
         1   504      8 -0.8338698E-03  0.1634564E-03  0.0000000E+00  0.0000000E+00  0.5038910E-03  0.0000000E+00
         1   504      9 -0.9391168E-03  0.1838595E-03  0.0000000E+00  0.0000000E+00  0.5668722E-03  0.0000000E+00
         1   504     10  0.3753878E-02 -0.1367861E-03  0.0000000E+00  0.0000000E+00  0.6526511E-01  0.1000000E-02

         1   505      0  0.0000000E+00  0.0000000E+00  0.0000000E+00  0.0000000E+00  0.0000000E+00  0.0000000E+00
         1   505      1  0.0000000E+00  0.0000000E+00  0.0000000E+00  0.0000000E+00  0.0000000E+00  0.0000000E+00
         1   505      2 -0.1826053E-03  0.5672261E-04  0.0000000E+00  0.0000000E+00  0.1259830E-03  0.0000000E+00
         1   505      3 -0.2742531E-03  0.8510208E-04  0.0000000E+00  0.0000000E+00  0.1889703E-03  0.0000000E+00
         1   505      4 -0.3661289E-03  0.1134935E-03  0.0000000E+00  0.0000000E+00  0.2519551E-03  0.0000000E+00
         1   505      5 -0.4582311E-03  0.1418969E-03  0.0000000E+00  0.0000000E+00  0.3149379E-03  0.0000000E+00
         1   505      6 -0.5505582E-03  0.1703122E-03  0.0000000E+00  0.0000000E+00  0.3779189E-03  0.0000000E+00
         1   505      7 -0.6431086E-03  0.1987391E-03  0.0000000E+00  0.0000000E+00  0.4408984E-03  0.0000000E+00
         1   505      8 -0.7358807E-03  0.2271778E-03  0.0000000E+00  0.0000000E+00  0.5038766E-03  0.0000000E+00
         1   505      9 -0.8288730E-03  0.2556280E-03  0.0000000E+00  0.0000000E+00  0.5668541E-03  0.0000000E+00
         1   505     10  0.3610373E-02 -0.4356183E-03  0.0000000E+00  0.0000000E+00  0.6536375E-01  0.1000000E-02

         1   506      0  0.0000000E+00  0.0000000E+00  0.0000000E+00  0.0000000E+00  0.0000000E+00  0.0000000E+00
         1   506      1  0.0000000E+00  0.0000000E+00  0.0000000E+00  0.0000000E+00  0.0000000E+00  0.0000000E+00
         1   506      2 -0.1684246E-03  0.5672261E-04  0.0000000E+00  0.0000000E+00  0.1259828E-03  0.0000000E+00
         1   506      3 -0.2529775E-03  0.8510208E-04  0.0000000E+00  0.0000000E+00  0.1889698E-03  0.0000000E+00
         1   506      4 -0.3377555E-03  0.1134935E-03  0.0000000E+00  0.0000000E+00  0.2519542E-03  0.0000000E+00
         1   506      5 -0.4227568E-03  0.1418969E-03  0.0000000E+00  0.0000000E+00  0.3149365E-03  0.0000000E+00
         1   506      6 -0.5079801E-03  0.1703122E-03  0.0000000E+00  0.0000000E+00  0.3779169E-03  0.0000000E+00
         1   506      7 -0.5934238E-03  0.1987391E-03  0.0000000E+00  0.0000000E+00  0.4408956E-03  0.0000000E+00
         1   506      8 -0.6790862E-03  0.2271778E-03  0.0000000E+00  0.0000000E+00  0.5038731E-03  0.0000000E+00
         1   506      9 -0.7649660E-03  0.2556280E-03  0.0000000E+00  0.0000000E+00  0.5668495E-03  0.0000000E+00
         1   506     10  0.3501529E-02 -0.4356183E-03  0.0000000E+00  0.0000000E+00  0.6541316E-01  0.1000000E-02

         1   507      0  0.0000000E+00  0.0000000E+00  0.0000000E+00  0.0000000E+00  0.0000000E+00  0.0000000E+00
         1   507      1  0.0000000E+00  0.0000000E+00  0.0000000E+00  0.0000000E+00  0.0000000E+00  0.0000000E+00
         1   507      2 -0.1599162E-03  0.5672261E-04  0.0000000E+00  0.0000000E+00  0.1259826E-03  0.0000000E+00
         1   507      3 -0.2402122E-03  0.8510208E-04  0.0000000E+00  0.0000000E+00  0.1889695E-03  0.0000000E+00
         1   507      4 -0.3207314E-03  0.1134935E-03  0.0000000E+00  0.0000000E+00  0.2519537E-03  0.0000000E+00
         1   507      5 -0.4014723E-03  0.1418969E-03  0.0000000E+00  0.0000000E+00  0.3149357E-03  0.0000000E+00
         1   507      6 -0.4824333E-03  0.1703122E-03  0.0000000E+00  0.0000000E+00  0.3779157E-03  0.0000000E+00
         1   507      7 -0.5636129E-03  0.1987391E-03  0.0000000E+00  0.0000000E+00  0.4408940E-03  0.0000000E+00
         1   507      8 -0.6450096E-03  0.2271778E-03  0.0000000E+00  0.0000000E+00  0.5038709E-03  0.0000000E+00
         1   507      9 -0.7266218E-03  0.2556280E-03  0.0000000E+00  0.0000000E+00  0.5668468E-03  0.0000000E+00
         1   507     10  0.3436222E-02 -0.4356183E-03  0.0000000E+00  0.0000000E+00  0.6544281E-01  0.1000000E-02

         1   508      0  0.0000000E+00  0.0000000E+00  0.0000000E+00  0.0000000E+00  0.0000000E+00  0.0000000E+00
         1   508      1  0.0000000E+00  0.0000000E+00  0.0000000E+00  0.0000000E+00  0.0000000E+00  0.0000000E+00
         1   508      2 -0.1457356E-03  0.5672261E-04  0.0000000E+00  0.0000000E+00  0.1259824E-03  0.0000000E+00
         1   508      3 -0.2189367E-03  0.8510208E-04  0.0000000E+00  0.0000000E+00  0.1889690E-03  0.0000000E+00
         1   508      4 -0.2923580E-03  0.1134935E-03  0.0000000E+00  0.0000000E+00  0.2519528E-03  0.0000000E+00
         1   508      5 -0.3659981E-03  0.1418969E-03  0.0000000E+00  0.0000000E+00  0.3149343E-03  0.0000000E+00
         1   508      6 -0.4398553E-03  0.1703122E-03  0.0000000E+00  0.0000000E+00  0.3779136E-03  0.0000000E+00
         1   508      7 -0.5139281E-03  0.1987391E-03  0.0000000E+00  0.0000000E+00  0.4408912E-03  0.0000000E+00
         1   508      8 -0.5882151E-03  0.2271778E-03  0.0000000E+00  0.0000000E+00  0.5038673E-03  0.0000000E+00
         1   508      9 -0.6627148E-03  0.2556280E-03  0.0000000E+00  0.0000000E+00  0.5668423E-03  0.0000000E+00
         1   508     10  0.3327378E-02 -0.4356183E-03  0.0000000E+00  0.0000000E+00  0.6549222E-01  0.1000000E-02

         1   509      0  0.0000000E+00  0.0000000E+00  0.0000000E+00  0.0000000E+00  0.0000000E+00  0.0000000E+00
         1   509      1  0.0000000E+00  0.0000000E+00  0.0000000E+00  0.0000000E+00  0.0000000E+00  0.0000000E+00
         1   509      2  0.1207470E-03  0.5679150E-04  0.0000000E+00  0.0000000E+00  0.1274125E-03  0.0000000E+00
         1   509      3  0.1808754E-03  0.8520671E-04  0.0000000E+00  0.0000000E+00  0.1911441E-03  0.0000000E+00
         1   509      4  0.2408418E-03  0.1136348E-03  0.0000000E+00  0.0000000E+00  0.2548929E-03  0.0000000E+00
         1   509      5  0.3006474E-03  0.1420756E-03  0.0000000E+00  0.0000000E+00  0.3186589E-03  0.0000000E+00
         1   509      6  0.3602932E-03  0.1705291E-03  0.0000000E+00  0.0000000E+00  0.3824424E-03  0.0000000E+00
         1   509      7  0.4197804E-03  0.1989952E-03  0.0000000E+00  0.0000000E+00  0.4462434E-03  0.0000000E+00
         1   509      8  0.4791101E-03  0.2274738E-03  0.0000000E+00  0.0000000E+00  0.5100622E-03  0.0000000E+00
         1   509      9  0.5382833E-03  0.2559648E-03  0.0000000E+00  0.0000000E+00  0.5738989E-03  0.0000000E+00
         1   509     10  0.1520650E-02 -0.3343242E-03  0.0000000E+00  0.0000000E+00  0.6614534E-01  0.1000000E-02

         1   510      0  0.0000000E+00  0.0000000E+00  0.0000000E+00  0.0000000E+00  0.0000000E+00  0.0000000E+00
         1   510      1  0.0000000E+00  0.0000000E+00  0.0000000E+00  0.0000000E+00  0.0000000E+00  0.0000000E+00
         1   510      2  0.1349449E-03  0.5679150E-04  0.0000000E+00  0.0000000E+00  0.1274123E-03  0.0000000E+00
         1   510      3  0.2021771E-03  0.8520671E-04  0.0000000E+00  0.0000000E+00  0.1911436E-03  0.0000000E+00
         1   510      4  0.2692505E-03  0.1136348E-03  0.0000000E+00  0.0000000E+00  0.2548920E-03  0.0000000E+00
         1   510      5  0.3361663E-03  0.1420756E-03  0.0000000E+00  0.0000000E+00  0.3186575E-03  0.0000000E+00
         1   510      6  0.4029255E-03  0.1705291E-03  0.0000000E+00  0.0000000E+00  0.3824404E-03  0.0000000E+00
         1   510      7  0.4695292E-03  0.1989952E-03  0.0000000E+00  0.0000000E+00  0.4462407E-03  0.0000000E+00
         1   510      8  0.5359785E-03  0.2274738E-03  0.0000000E+00  0.0000000E+00  0.5100586E-03  0.0000000E+00
         1   510      9  0.6022745E-03  0.2559648E-03  0.0000000E+00  0.0000000E+00  0.5738944E-03  0.0000000E+00
         1   510     10  0.1437115E-02 -0.3343242E-03  0.0000000E+00  0.0000000E+00  0.6619475E-01  0.1000000E-02

         1   511      0  0.0000000E+00  0.0000000E+00  0.0000000E+00  0.0000000E+00  0.0000000E+00  0.0000000E+00
         1   511      1  0.0000000E+00  0.0000000E+00  0.0000000E+00  0.0000000E+00  0.0000000E+00  0.0000000E+00
         1   511      2  0.1434636E-03  0.5679150E-04  0.0000000E+00  0.0000000E+00  0.1274121E-03  0.0000000E+00
         1   511      3  0.2149581E-03  0.8520671E-04  0.0000000E+00  0.0000000E+00  0.1911433E-03  0.0000000E+00
         1   511      4  0.2862957E-03  0.1136348E-03  0.0000000E+00  0.0000000E+00  0.2548914E-03  0.0000000E+00
         1   511      5  0.3574776E-03  0.1420756E-03  0.0000000E+00  0.0000000E+00  0.3186567E-03  0.0000000E+00
         1   511      6  0.4285049E-03  0.1705291E-03  0.0000000E+00  0.0000000E+00  0.3824392E-03  0.0000000E+00
         1   511      7  0.4993785E-03  0.1989952E-03  0.0000000E+00  0.0000000E+00  0.4462390E-03  0.0000000E+00
         1   511      8  0.5700996E-03  0.2274738E-03  0.0000000E+00  0.0000000E+00  0.5100565E-03  0.0000000E+00
         1   511      9  0.6406692E-03  0.2559648E-03  0.0000000E+00  0.0000000E+00  0.5738916E-03  0.0000000E+00
         1   511     10  0.1386994E-02 -0.3343242E-03  0.0000000E+00  0.0000000E+00  0.6622440E-01  0.1000000E-02

         1   512      0  0.0000000E+00  0.0000000E+00  0.0000000E+00  0.0000000E+00  0.0000000E+00  0.0000000E+00
         1   512      1  0.0000000E+00  0.0000000E+00  0.0000000E+00  0.0000000E+00  0.0000000E+00  0.0000000E+00
         1   512      2  0.1576615E-03  0.5679150E-04  0.0000000E+00  0.0000000E+00  0.1274119E-03  0.0000000E+00
         1   512      3  0.2362598E-03  0.8520671E-04  0.0000000E+00  0.0000000E+00  0.1911428E-03  0.0000000E+00
         1   512      4  0.3147044E-03  0.1136348E-03  0.0000000E+00  0.0000000E+00  0.2548906E-03  0.0000000E+00
         1   512      5  0.3929965E-03  0.1420756E-03  0.0000000E+00  0.0000000E+00  0.3186553E-03  0.0000000E+00
         1   512      6  0.4711371E-03  0.1705291E-03  0.0000000E+00  0.0000000E+00  0.3824371E-03  0.0000000E+00
         1   512      7  0.5491273E-03  0.1989952E-03  0.0000000E+00  0.0000000E+00  0.4462363E-03  0.0000000E+00
         1   512      8  0.6269681E-03  0.2274738E-03  0.0000000E+00  0.0000000E+00  0.5100529E-03  0.0000000E+00
         1   512      9  0.7046605E-03  0.2559648E-03  0.0000000E+00  0.0000000E+00  0.5738871E-03  0.0000000E+00
         1   512     10  0.1303460E-02 -0.3343242E-03  0.0000000E+00  0.0000000E+00  0.6627382E-01  0.1000000E-02

         1   513      0  0.0000000E+00  0.0000000E+00  0.0000000E+00  0.0000000E+00  0.0000000E+00  0.0000000E+00
         1   513      1  0.0000000E+00  0.0000000E+00  0.0000000E+00  0.0000000E+00  0.0000000E+00  0.0000000E+00
         1   513      2  0.1891487E-03  0.6954401E-04  0.0000000E+00  0.0000000E+00  0.1274118E-03  0.0000000E+00
         1   513      3  0.2834960E-03  0.1043186E-03  0.0000000E+00  0.0000000E+00  0.1911425E-03  0.0000000E+00
         1   513      4  0.3776933E-03  0.1390948E-03  0.0000000E+00  0.0000000E+00  0.2548899E-03  0.0000000E+00
         1   513      5  0.4717417E-03  0.1738728E-03  0.0000000E+00  0.0000000E+00  0.3186543E-03  0.0000000E+00
         1   513      6  0.5656422E-03  0.2086524E-03  0.0000000E+00  0.0000000E+00  0.3824357E-03  0.0000000E+00
         1   513      7  0.6593958E-03  0.2434337E-03  0.0000000E+00  0.0000000E+00  0.4462343E-03  0.0000000E+00
         1   513      8  0.7530035E-03  0.2782166E-03  0.0000000E+00  0.0000000E+00  0.5100503E-03  0.0000000E+00
         1   513      9  0.8464663E-03  0.3130011E-03  0.0000000E+00  0.0000000E+00  0.5738838E-03  0.0000000E+00
         1   513     10  0.1159453E-02 -0.2437927E-03  0.0000000E+00  0.0000000E+00  0.6637268E-01  0.1000000E-02

         1   514      0  0.0000000E+00  0.0000000E+00  0.0000000E+00  0.0000000E+00  0.0000000E+00  0.0000000E+00
         1   514      1  0.0000000E+00  0.0000000E+00  0.0000000E+00  0.0000000E+00  0.0000000E+00  0.0000000E+00
         1   514      2  0.2276338E-03  0.8486946E-04  0.0000000E+00  0.0000000E+00  0.1274115E-03  0.0000000E+00
         1   514      3  0.3412208E-03  0.1272900E-03  0.0000000E+00  0.0000000E+00  0.1911419E-03  0.0000000E+00
         1   514      4  0.4546559E-03  0.1697011E-03  0.0000000E+00  0.0000000E+00  0.2548889E-03  0.0000000E+00
         1   514      5  0.5679401E-03  0.2121028E-03  0.0000000E+00  0.0000000E+00  0.3186527E-03  0.0000000E+00
         1   514      6  0.6810746E-03  0.2544953E-03  0.0000000E+00  0.0000000E+00  0.3824334E-03  0.0000000E+00
         1   514      7  0.7940602E-03  0.2968785E-03  0.0000000E+00  0.0000000E+00  0.4462311E-03  0.0000000E+00
         1   514      8  0.9068981E-03  0.3392526E-03  0.0000000E+00  0.0000000E+00  0.5100461E-03  0.0000000E+00
         1   514      9  0.1019589E-02  0.3816176E-03  0.0000000E+00  0.0000000E+00  0.5738785E-03  0.0000000E+00
         1   514     10  0.1058303E-02 -0.1622727E-03  0.0000000E+00  0.0000000E+00  0.6647154E-01  0.1000000E-02

         1   515      0  0.0000000E+00  0.0000000E+00  0.0000000E+00  0.0000000E+00  0.0000000E+00  0.0000000E+00
         1   515      1  0.0000000E+00  0.0000000E+00  0.0000000E+00  0.0000000E+00  0.0000000E+00  0.0000000E+00
         1   515      2  0.2488512E-03  0.8486946E-04  0.0000000E+00  0.0000000E+00  0.1274110E-03  0.0000000E+00
         1   515      3  0.3730433E-03  0.1272900E-03  0.0000000E+00  0.0000000E+00  0.1911408E-03  0.0000000E+00
         1   515      4  0.4970812E-03  0.1697011E-03  0.0000000E+00  0.0000000E+00  0.2548869E-03  0.0000000E+00
         1   515      5  0.6209658E-03  0.2121028E-03  0.0000000E+00  0.0000000E+00  0.3186495E-03  0.0000000E+00
         1   515      6  0.7446984E-03  0.2544953E-03  0.0000000E+00  0.0000000E+00  0.3824289E-03  0.0000000E+00
         1   515      7  0.8682798E-03  0.2968785E-03  0.0000000E+00  0.0000000E+00  0.4462250E-03  0.0000000E+00
         1   515      8  0.9917112E-03  0.3392526E-03  0.0000000E+00  0.0000000E+00  0.5100381E-03  0.0000000E+00
         1   515      9  0.1114994E-02  0.3816176E-03  0.0000000E+00  0.0000000E+00  0.5738684E-03  0.0000000E+00
         1   515     10  0.1017757E-02 -0.1622727E-03  0.0000000E+00  0.0000000E+00  0.6652096E-01  0.1000000E-02

         1   516      0  0.0000000E+00  0.0000000E+00  0.0000000E+00  0.0000000E+00  0.0000000E+00  0.0000000E+00
         1   516      1  0.0000000E+00  0.0000000E+00  0.0000000E+00  0.0000000E+00  0.0000000E+00  0.0000000E+00
         1   516      2  0.2615816E-03  0.8486946E-04  0.0000000E+00  0.0000000E+00  0.1274107E-03  0.0000000E+00
         1   516      3  0.3921368E-03  0.1272900E-03  0.0000000E+00  0.0000000E+00  0.1911401E-03  0.0000000E+00
         1   516      4  0.5225363E-03  0.1697011E-03  0.0000000E+00  0.0000000E+00  0.2548857E-03  0.0000000E+00
         1   516      5  0.6527813E-03  0.2121028E-03  0.0000000E+00  0.0000000E+00  0.3186477E-03  0.0000000E+00
         1   516      6  0.7828727E-03  0.2544953E-03  0.0000000E+00  0.0000000E+00  0.3824262E-03  0.0000000E+00
         1   516      7  0.9128116E-03  0.2968785E-03  0.0000000E+00  0.0000000E+00  0.4462213E-03  0.0000000E+00
         1   516      8  0.1042599E-02  0.3392526E-03  0.0000000E+00  0.0000000E+00  0.5100333E-03  0.0000000E+00
         1   516      9  0.1172236E-02  0.3816176E-03  0.0000000E+00  0.0000000E+00  0.5738623E-03  0.0000000E+00
         1   516     10  0.9934299E-03 -0.1622727E-03  0.0000000E+00  0.0000000E+00  0.6655062E-01  0.1000000E-02

         1   517      0  0.0000000E+00  0.0000000E+00  0.0000000E+00  0.0000000E+00  0.0000000E+00  0.0000000E+00
         1   517      1  0.0000000E+00  0.0000000E+00  0.0000000E+00  0.0000000E+00  0.0000000E+00  0.0000000E+00
         1   517      2  0.2827990E-03  0.8486946E-04  0.0000000E+00  0.0000000E+00  0.1274102E-03  0.0000000E+00
         1   517      3  0.4239593E-03  0.1272900E-03  0.0000000E+00  0.0000000E+00  0.1911390E-03  0.0000000E+00
         1   517      4  0.5649616E-03  0.1697011E-03  0.0000000E+00  0.0000000E+00  0.2548837E-03  0.0000000E+00
         1   517      5  0.7058070E-03  0.2121028E-03  0.0000000E+00  0.0000000E+00  0.3186445E-03  0.0000000E+00
         1   517      6  0.8464965E-03  0.2544953E-03  0.0000000E+00  0.0000000E+00  0.3824217E-03  0.0000000E+00
         1   517      7  0.9870312E-03  0.2968785E-03  0.0000000E+00  0.0000000E+00  0.4462152E-03  0.0000000E+00
         1   517      8  0.1127412E-02  0.3392526E-03  0.0000000E+00  0.0000000E+00  0.5100254E-03  0.0000000E+00
         1   517      9  0.1267641E-02  0.3816176E-03  0.0000000E+00  0.0000000E+00  0.5738522E-03  0.0000000E+00
         1   517     10  0.9528842E-03 -0.1622727E-03  0.0000000E+00  0.0000000E+00  0.6660004E-01  0.1000000E-02

         1   518      0  0.0000000E+00  0.0000000E+00  0.0000000E+00  0.0000000E+00  0.0000000E+00  0.0000000E+00
         1   518      1  0.0000000E+00  0.0000000E+00  0.0000000E+00  0.0000000E+00  0.0000000E+00  0.0000000E+00
         1   518      2  0.6750464E-03  0.8221255E-04  0.0000000E+00  0.0000000E+00  0.7242271E-04  0.0000000E+00
         1   518      3  0.1012273E-02  0.1233054E-03  0.0000000E+00  0.0000000E+00  0.1086812E-03  0.0000000E+00
         1   518      4  0.1349304E-02  0.1643894E-03  0.0000000E+00  0.0000000E+00  0.1449712E-03  0.0000000E+00
         1   518      5  0.1686140E-02  0.2054646E-03  0.0000000E+00  0.0000000E+00  0.1812926E-03  0.0000000E+00
         1   518      6  0.2022783E-02  0.2465310E-03  0.0000000E+00  0.0000000E+00  0.2176456E-03  0.0000000E+00
         1   518      7  0.2359235E-02  0.2875887E-03  0.0000000E+00  0.0000000E+00  0.2540300E-03  0.0000000E+00
         1   518      8  0.2695495E-02  0.3286378E-03  0.0000000E+00  0.0000000E+00  0.2904460E-03  0.0000000E+00
         1   518      9  0.3031567E-02  0.3696783E-03  0.0000000E+00  0.0000000E+00  0.3268935E-03  0.0000000E+00
         1   518     10  0.4514834E-03 -0.5142048E-04  0.0000000E+00  0.0000000E+00  0.6745083E-01  0.1000000E-02

         1   519      0  0.0000000E+00  0.0000000E+00  0.0000000E+00  0.0000000E+00  0.0000000E+00  0.0000000E+00
         1   519      1  0.0000000E+00  0.0000000E+00  0.0000000E+00  0.0000000E+00  0.0000000E+00  0.0000000E+00
         1   519      2  0.6955996E-03  0.8221255E-04  0.0000000E+00  0.0000000E+00  0.7242224E-04  0.0000000E+00
         1   519      3  0.1043099E-02  0.1233054E-03  0.0000000E+00  0.0000000E+00  0.1086802E-03  0.0000000E+00
         1   519      4  0.1390401E-02  0.1643894E-03  0.0000000E+00  0.0000000E+00  0.1449693E-03  0.0000000E+00
         1   519      5  0.1737506E-02  0.2054646E-03  0.0000000E+00  0.0000000E+00  0.1812897E-03  0.0000000E+00
         1   519      6  0.2084416E-02  0.2465310E-03  0.0000000E+00  0.0000000E+00  0.2176414E-03  0.0000000E+00
         1   519      7  0.2431132E-02  0.2875887E-03  0.0000000E+00  0.0000000E+00  0.2540243E-03  0.0000000E+00
         1   519      8  0.2777655E-02  0.3286378E-03  0.0000000E+00  0.0000000E+00  0.2904385E-03  0.0000000E+00
         1   519      9  0.3123987E-02  0.3696783E-03  0.0000000E+00  0.0000000E+00  0.3268840E-03  0.0000000E+00
         1   519     10  0.4386354E-03 -0.5142048E-04  0.0000000E+00  0.0000000E+00  0.6750025E-01  0.1000000E-02

         1   520      0  0.0000000E+00  0.0000000E+00  0.0000000E+00  0.0000000E+00  0.0000000E+00  0.0000000E+00
         1   520      1  0.0000000E+00  0.0000000E+00  0.0000000E+00  0.0000000E+00  0.0000000E+00  0.0000000E+00
         1   520      2  0.7079315E-03  0.8221255E-04  0.0000000E+00  0.0000000E+00  0.7242196E-04  0.0000000E+00
         1   520      3  0.1061595E-02  0.1233054E-03  0.0000000E+00  0.0000000E+00  0.1086795E-03  0.0000000E+00
         1   520      4  0.1415060E-02  0.1643894E-03  0.0000000E+00  0.0000000E+00  0.1449682E-03  0.0000000E+00
         1   520      5  0.1768326E-02  0.2054646E-03  0.0000000E+00  0.0000000E+00  0.1812880E-03  0.0000000E+00
         1   520      6  0.2121396E-02  0.2465310E-03  0.0000000E+00  0.0000000E+00  0.2176388E-03  0.0000000E+00
         1   520      7  0.2474270E-02  0.2875887E-03  0.0000000E+00  0.0000000E+00  0.2540208E-03  0.0000000E+00
         1   520      8  0.2826951E-02  0.3286378E-03  0.0000000E+00  0.0000000E+00  0.2904340E-03  0.0000000E+00
         1   520      9  0.3179438E-02  0.3696783E-03  0.0000000E+00  0.0000000E+00  0.3268783E-03  0.0000000E+00
         1   520     10  0.4309266E-03 -0.5142048E-04  0.0000000E+00  0.0000000E+00  0.6752991E-01  0.1000000E-02

         1   521      0  0.0000000E+00  0.0000000E+00  0.0000000E+00  0.0000000E+00  0.0000000E+00  0.0000000E+00
         1   521      1  0.0000000E+00  0.0000000E+00  0.0000000E+00  0.0000000E+00  0.0000000E+00  0.0000000E+00
         1   521      2  0.7284846E-03  0.8221255E-04  0.0000000E+00  0.0000000E+00  0.7242149E-04  0.0000000E+00
         1   521      3  0.1092422E-02  0.1233054E-03  0.0000000E+00  0.0000000E+00  0.1086785E-03  0.0000000E+00
         1   521      4  0.1456157E-02  0.1643894E-03  0.0000000E+00  0.0000000E+00  0.1449663E-03  0.0000000E+00
         1   521      5  0.1819692E-02  0.2054646E-03  0.0000000E+00  0.0000000E+00  0.1812850E-03  0.0000000E+00
         1   521      6  0.2183029E-02  0.2465310E-03  0.0000000E+00  0.0000000E+00  0.2176346E-03  0.0000000E+00
         1   521      7  0.2546167E-02  0.2875887E-03  0.0000000E+00  0.0000000E+00  0.2540151E-03  0.0000000E+00
         1   521      8  0.2909110E-02  0.3286378E-03  0.0000000E+00  0.0000000E+00  0.2904265E-03  0.0000000E+00
         1   521      9  0.3271858E-02  0.3696783E-03  0.0000000E+00  0.0000000E+00  0.3268688E-03  0.0000000E+00
         1   521     10  0.4180786E-03 -0.5142048E-04  0.0000000E+00  0.0000000E+00  0.6757933E-01  0.1000000E-02

         1   522      0  0.0000000E+00  0.0000000E+00  0.0000000E+00  0.0000000E+00  0.0000000E+00  0.0000000E+00
         1   522      1  0.0000000E+00  0.0000000E+00  0.0000000E+00  0.0000000E+00  0.0000000E+00  0.0000000E+00
         1   522      2  0.7546280E-03  0.2200810E-04  0.0000000E+00  0.0000000E+00  0.7241308E-04  0.0000000E+00
         1   522      3  0.1131636E-02  0.3302353E-04  0.0000000E+00  0.0000000E+00  0.1086596E-03  0.0000000E+00
         1   522      4  0.1508442E-02  0.4404647E-04  0.0000000E+00  0.0000000E+00  0.1449327E-03  0.0000000E+00
         1   522      5  0.1885048E-02  0.5507687E-04  0.0000000E+00  0.0000000E+00  0.1812326E-03  0.0000000E+00
         1   522      6  0.2261455E-02  0.6611466E-04  0.0000000E+00  0.0000000E+00  0.2175591E-03  0.0000000E+00
         1   522      7  0.2637663E-02  0.7715979E-04  0.0000000E+00  0.0000000E+00  0.2539124E-03  0.0000000E+00
         1   522      8  0.3013675E-02  0.8821220E-04  0.0000000E+00  0.0000000E+00  0.2902924E-03  0.0000000E+00
         1   522      9  0.3389492E-02  0.9927183E-04  0.0000000E+00  0.0000000E+00  0.3266993E-03  0.0000000E+00
         1   522     10  0.3841345E-03 -0.8397326E-04  0.0000000E+00  0.0000000E+00  0.6767818E-01  0.1000000E-02

         1   523      0  0.0000000E+00  0.0000000E+00  0.0000000E+00  0.0000000E+00  0.0000000E+00  0.0000000E+00
         1   523      1  0.0000000E+00  0.0000000E+00  0.0000000E+00  0.0000000E+00  0.0000000E+00  0.0000000E+00
         1   523      2  0.7503446E-03 -0.3908372E-04  0.0000000E+00  0.0000000E+00  0.7240481E-04  0.0000000E+00
         1   523      3  0.1125223E-02 -0.5858986E-04  0.0000000E+00  0.0000000E+00  0.1086410E-03  0.0000000E+00
         1   523      4  0.1499907E-02 -0.7807241E-04  0.0000000E+00  0.0000000E+00  0.1448997E-03  0.0000000E+00
         1   523      5  0.1874399E-02 -0.9753154E-04  0.0000000E+00  0.0000000E+00  0.1811810E-03  0.0000000E+00
         1   523      6  0.2248698E-02 -0.1169674E-03  0.0000000E+00  0.0000000E+00  0.2174848E-03  0.0000000E+00
         1   523      7  0.2622808E-02 -0.1363802E-03  0.0000000E+00  0.0000000E+00  0.2538113E-03  0.0000000E+00
         1   523      8  0.2996729E-02 -0.1557701E-03  0.0000000E+00  0.0000000E+00  0.2901605E-03  0.0000000E+00
         1   523      9  0.3370462E-02 -0.1751372E-03  0.0000000E+00  0.0000000E+00  0.3265323E-03  0.0000000E+00
         1   523     10  0.3347161E-03 -0.1131433E-03  0.0000000E+00  0.0000000E+00  0.6777703E-01  0.1000000E-02

         1   524      0  0.0000000E+00  0.0000000E+00  0.0000000E+00  0.0000000E+00  0.0000000E+00  0.0000000E+00
         1   524      1  0.0000000E+00  0.0000000E+00  0.0000000E+00  0.0000000E+00  0.0000000E+00  0.0000000E+00
         1   524      2  0.7405737E-03 -0.3908372E-04  0.0000000E+00  0.0000000E+00  0.7240470E-04  0.0000000E+00
         1   524      3  0.1110576E-02 -0.5858986E-04  0.0000000E+00  0.0000000E+00  0.1086407E-03  0.0000000E+00
         1   524      4  0.1480389E-02 -0.7807241E-04  0.0000000E+00  0.0000000E+00  0.1448993E-03  0.0000000E+00
         1   524      5  0.1850016E-02 -0.9753154E-04  0.0000000E+00  0.0000000E+00  0.1811803E-03  0.0000000E+00
         1   524      6  0.2219456E-02 -0.1169674E-03  0.0000000E+00  0.0000000E+00  0.2174839E-03  0.0000000E+00
         1   524      7  0.2588713E-02 -0.1363802E-03  0.0000000E+00  0.0000000E+00  0.2538100E-03  0.0000000E+00
         1   524      8  0.2957786E-02 -0.1557701E-03  0.0000000E+00  0.0000000E+00  0.2901588E-03  0.0000000E+00
         1   524      9  0.3326677E-02 -0.1751372E-03  0.0000000E+00  0.0000000E+00  0.3265302E-03  0.0000000E+00
         1   524     10  0.3064460E-03 -0.1131433E-03  0.0000000E+00  0.0000000E+00  0.6782645E-01  0.1000000E-02

         1   525      0  0.0000000E+00  0.0000000E+00  0.0000000E+00  0.0000000E+00  0.0000000E+00  0.0000000E+00
         1   525      1  0.0000000E+00  0.0000000E+00  0.0000000E+00  0.0000000E+00  0.0000000E+00  0.0000000E+00
         1   525      2  0.7347111E-03 -0.3908372E-04  0.0000000E+00  0.0000000E+00  0.7240464E-04  0.0000000E+00
         1   525      3  0.1101787E-02 -0.5858986E-04  0.0000000E+00  0.0000000E+00  0.1086406E-03  0.0000000E+00
         1   525      4  0.1468678E-02 -0.7807241E-04  0.0000000E+00  0.0000000E+00  0.1448990E-03  0.0000000E+00
         1   525      5  0.1835386E-02 -0.9753154E-04  0.0000000E+00  0.0000000E+00  0.1811799E-03  0.0000000E+00
         1   525      6  0.2201911E-02 -0.1169674E-03  0.0000000E+00  0.0000000E+00  0.2174833E-03  0.0000000E+00
         1   525      7  0.2568256E-02 -0.1363802E-03  0.0000000E+00  0.0000000E+00  0.2538093E-03  0.0000000E+00
         1   525      8  0.2934421E-02 -0.1557701E-03  0.0000000E+00  0.0000000E+00  0.2901578E-03  0.0000000E+00
         1   525      9  0.3300407E-02 -0.1751372E-03  0.0000000E+00  0.0000000E+00  0.3265289E-03  0.0000000E+00
         1   525     10  0.2894839E-03 -0.1131433E-03  0.0000000E+00  0.0000000E+00  0.6785610E-01  0.1000000E-02

         1   526      0  0.0000000E+00  0.0000000E+00  0.0000000E+00  0.0000000E+00  0.0000000E+00  0.0000000E+00
         1   526      1  0.0000000E+00  0.0000000E+00  0.0000000E+00  0.0000000E+00  0.0000000E+00  0.0000000E+00
         1   526      2  0.7249402E-03 -0.3908372E-04  0.0000000E+00  0.0000000E+00  0.7240453E-04  0.0000000E+00
         1   526      3  0.1087140E-02 -0.5858986E-04  0.0000000E+00  0.0000000E+00  0.1086404E-03  0.0000000E+00
         1   526      4  0.1449160E-02 -0.7807241E-04  0.0000000E+00  0.0000000E+00  0.1448986E-03  0.0000000E+00
         1   526      5  0.1811003E-02 -0.9753154E-04  0.0000000E+00  0.0000000E+00  0.1811792E-03  0.0000000E+00
         1   526      6  0.2172669E-02 -0.1169674E-03  0.0000000E+00  0.0000000E+00  0.2174824E-03  0.0000000E+00
         1   526      7  0.2534161E-02 -0.1363802E-03  0.0000000E+00  0.0000000E+00  0.2538080E-03  0.0000000E+00
         1   526      8  0.2895478E-02 -0.1557701E-03  0.0000000E+00  0.0000000E+00  0.2901561E-03  0.0000000E+00
         1   526      9  0.3256623E-02 -0.1751372E-03  0.0000000E+00  0.0000000E+00  0.3265268E-03  0.0000000E+00
         1   526     10  0.2612138E-03 -0.1131433E-03  0.0000000E+00  0.0000000E+00  0.6790553E-01  0.1000000E-02

         1   527      0  0.0000000E+00  0.0000000E+00  0.0000000E+00  0.0000000E+00  0.0000000E+00  0.0000000E+00
         1   527      1  0.0000000E+00  0.0000000E+00  0.0000000E+00  0.0000000E+00  0.0000000E+00  0.0000000E+00
         1   527      2  0.5332390E-03 -0.4257278E-04  0.0000000E+00  0.0000000E+00  0.1851907E-06  0.0000000E+00
         1   527      3  0.7997527E-03 -0.6382257E-04  0.0000000E+00  0.0000000E+00  0.3306000E-06  0.0000000E+00
         1   527      4  0.1066197E-02 -0.8504820E-04  0.0000000E+00  0.0000000E+00  0.5111381E-06  0.0000000E+00
         1   527      5  0.1332571E-02 -0.1062498E-03  0.0000000E+00  0.0000000E+00  0.7267445E-06  0.0000000E+00
         1   527      6  0.1598876E-02 -0.1274276E-03  0.0000000E+00  0.0000000E+00  0.9773582E-06  0.0000000E+00
         1   527      7  0.1865112E-02 -0.1485818E-03  0.0000000E+00  0.0000000E+00  0.1262918E-05  0.0000000E+00
         1   527      8  0.2131280E-02 -0.1697125E-03  0.0000000E+00  0.0000000E+00  0.1583363E-05  0.0000000E+00
         1   527      9  0.2397381E-02 -0.1908199E-03  0.0000000E+00  0.0000000E+00  0.1938632E-05  0.0000000E+00
         1   527     10 -0.2180728E-05  0.8831409E-06  0.0000000E+00  0.0000000E+00  0.6882201E-01  0.1000000E-02

         1   528      0  0.0000000E+00  0.0000000E+00  0.0000000E+00  0.0000000E+00  0.0000000E+00  0.0000000E+00
         1   528      1  0.0000000E+00  0.0000000E+00  0.0000000E+00  0.0000000E+00  0.0000000E+00  0.0000000E+00
         1   528      2  0.5225958E-03 -0.4257278E-04  0.0000000E+00  0.0000000E+00  0.1850649E-06  0.0000000E+00
         1   528      3  0.7837971E-03 -0.6382257E-04  0.0000000E+00  0.0000000E+00  0.3303173E-06  0.0000000E+00
         1   528      4  0.1044934E-02 -0.8504820E-04  0.0000000E+00  0.0000000E+00  0.5106362E-06  0.0000000E+00
         1   528      5  0.1306008E-02 -0.1062498E-03  0.0000000E+00  0.0000000E+00  0.7259610E-06  0.0000000E+00
         1   528      6  0.1567019E-02 -0.1274276E-03  0.0000000E+00  0.0000000E+00  0.9762313E-06  0.0000000E+00
         1   528      7  0.1827967E-02 -0.1485818E-03  0.0000000E+00  0.0000000E+00  0.1261386E-05  0.0000000E+00
         1   528      8  0.2088852E-02 -0.1697125E-03  0.0000000E+00  0.0000000E+00  0.1581364E-05  0.0000000E+00
         1   528      9  0.2349676E-02 -0.1908199E-03  0.0000000E+00  0.0000000E+00  0.1936105E-05  0.0000000E+00
         1   528     10 -0.1960065E-05  0.8831409E-06  0.0000000E+00  0.0000000E+00  0.6887144E-01  0.1000000E-02

         1   529      0  0.0000000E+00  0.0000000E+00  0.0000000E+00  0.0000000E+00  0.0000000E+00  0.0000000E+00
         1   529      1  0.0000000E+00  0.0000000E+00  0.0000000E+00  0.0000000E+00  0.0000000E+00  0.0000000E+00
         1   529      2  0.5162099E-03 -0.4257278E-04  0.0000000E+00  0.0000000E+00  0.1849895E-06  0.0000000E+00
         1   529      3  0.7742237E-03 -0.6382257E-04  0.0000000E+00  0.0000000E+00  0.3301477E-06  0.0000000E+00
         1   529      4  0.1032177E-02 -0.8504820E-04  0.0000000E+00  0.0000000E+00  0.5103350E-06  0.0000000E+00
         1   529      5  0.1290071E-02 -0.1062498E-03  0.0000000E+00  0.0000000E+00  0.7254910E-06  0.0000000E+00
         1   529      6  0.1547905E-02 -0.1274276E-03  0.0000000E+00  0.0000000E+00  0.9755552E-06  0.0000000E+00
         1   529      7  0.1805680E-02 -0.1485818E-03  0.0000000E+00  0.0000000E+00  0.1260467E-05  0.0000000E+00
         1   529      8  0.2063395E-02 -0.1697125E-03  0.0000000E+00  0.0000000E+00  0.1580165E-05  0.0000000E+00
         1   529      9  0.2321053E-02 -0.1908199E-03  0.0000000E+00  0.0000000E+00  0.1934589E-05  0.0000000E+00
         1   529     10 -0.1827668E-05  0.8831409E-06  0.0000000E+00  0.0000000E+00  0.6890109E-01  0.1000000E-02

         1   530      0  0.0000000E+00  0.0000000E+00  0.0000000E+00  0.0000000E+00  0.0000000E+00  0.0000000E+00
         1   530      1  0.0000000E+00  0.0000000E+00  0.0000000E+00  0.0000000E+00  0.0000000E+00  0.0000000E+00
         1   530      2  0.5055667E-03 -0.4257278E-04  0.0000000E+00  0.0000000E+00  0.1848637E-06  0.0000000E+00
         1   530      3  0.7582681E-03 -0.6382257E-04  0.0000000E+00  0.0000000E+00  0.3298650E-06  0.0000000E+00
         1   530      4  0.1010915E-02 -0.8504820E-04  0.0000000E+00  0.0000000E+00  0.5098330E-06  0.0000000E+00
         1   530      5  0.1263508E-02 -0.1062498E-03  0.0000000E+00  0.0000000E+00  0.7247075E-06  0.0000000E+00
         1   530      6  0.1516048E-02 -0.1274276E-03  0.0000000E+00  0.0000000E+00  0.9744283E-06  0.0000000E+00
         1   530      7  0.1768534E-02 -0.1485818E-03  0.0000000E+00  0.0000000E+00  0.1258935E-05  0.0000000E+00
         1   530      8  0.2020967E-02 -0.1697125E-03  0.0000000E+00  0.0000000E+00  0.1578166E-05  0.0000000E+00
         1   530      9  0.2273348E-02 -0.1908199E-03  0.0000000E+00  0.0000000E+00  0.1932062E-05  0.0000000E+00
         1   530     10 -0.1607005E-05  0.8831409E-06  0.0000000E+00  0.0000000E+00  0.6895052E-01  0.1000000E-02

         1   531      0  0.0000000E+00  0.0000000E+00  0.0000000E+00  0.0000000E+00  0.0000000E+00  0.0000000E+00
         1   531      1  0.0000000E+00  0.0000000E+00  0.0000000E+00  0.0000000E+00  0.0000000E+00  0.0000000E+00
         1   531      2  0.4935015E-03 -0.5836168E-05  0.0000000E+00  0.0000000E+00  0.1880276E-06  0.0000000E+00
         1   531      3  0.7401872E-03 -0.8723064E-05  0.0000000E+00  0.0000000E+00  0.3369827E-06  0.0000000E+00
         1   531      4  0.9868298E-03 -0.1158938E-04  0.0000000E+00  0.0000000E+00  0.5224846E-06  0.0000000E+00
         1   531      5  0.1233429E-02 -0.1443526E-04  0.0000000E+00  0.0000000E+00  0.7444727E-06  0.0000000E+00
         1   531      6  0.1479987E-02 -0.1726086E-04  0.0000000E+00  0.0000000E+00  0.1002886E-05  0.0000000E+00
         1   531      7  0.1726501E-02 -0.2006634E-04  0.0000000E+00  0.0000000E+00  0.1297663E-05  0.0000000E+00
         1   531      8  0.1972974E-02 -0.2285185E-04  0.0000000E+00  0.0000000E+00  0.1628742E-05  0.0000000E+00
         1   531      9  0.2219404E-02 -0.2561754E-04  0.0000000E+00  0.0000000E+00  0.1996062E-05  0.0000000E+00
         1   531     10 -0.1192664E-05  0.7802310E-06  0.0000000E+00  0.0000000E+00  0.6904937E-01  0.1000000E-02

         1   532      0  0.0000000E+00  0.0000000E+00  0.0000000E+00  0.0000000E+00  0.0000000E+00  0.0000000E+00
         1   532      1  0.0000000E+00  0.0000000E+00  0.0000000E+00  0.0000000E+00  0.0000000E+00  0.0000000E+00
         1   532      2  0.5010643E-03  0.3619421E-04  0.0000000E+00  0.0000000E+00  0.1916869E-06  0.0000000E+00
         1   532      3  0.7515457E-03  0.5431761E-04  0.0000000E+00  0.0000000E+00  0.3452147E-06  0.0000000E+00
         1   532      4  0.1001993E-02  0.7245835E-04  0.0000000E+00  0.0000000E+00  0.5371167E-06  0.0000000E+00
         1   532      5  0.1252408E-02  0.9061629E-04  0.0000000E+00  0.0000000E+00  0.7673312E-06  0.0000000E+00
         1   532      6  0.1502789E-02  0.1087913E-03  0.0000000E+00  0.0000000E+00  0.1035796E-05  0.0000000E+00
         1   532      7  0.1753136E-02  0.1269832E-03  0.0000000E+00  0.0000000E+00  0.1342450E-05  0.0000000E+00
         1   532      8  0.2003451E-02  0.1451919E-03  0.0000000E+00  0.0000000E+00  0.1687229E-05  0.0000000E+00
         1   532      9  0.2253733E-02  0.1634173E-03  0.0000000E+00  0.0000000E+00  0.2070072E-05  0.0000000E+00
         1   532     10 -0.8253624E-06  0.6949793E-06  0.0000000E+00  0.0000000E+00  0.6914822E-01  0.1000000E-02

         1   533      0  0.0000000E+00  0.0000000E+00  0.0000000E+00  0.0000000E+00  0.0000000E+00  0.0000000E+00
         1   533      1  0.0000000E+00  0.0000000E+00  0.0000000E+00  0.0000000E+00  0.0000000E+00  0.0000000E+00
         1   533      2  0.5101129E-03  0.3619421E-04  0.0000000E+00  0.0000000E+00  0.1915960E-06  0.0000000E+00
         1   533      3  0.7651251E-03  0.5431761E-04  0.0000000E+00  0.0000000E+00  0.3450099E-06  0.0000000E+00
         1   533      4  0.1020108E-02  0.7245835E-04  0.0000000E+00  0.0000000E+00  0.5367523E-06  0.0000000E+00
         1   533      5  0.1275062E-02  0.9061629E-04  0.0000000E+00  0.0000000E+00  0.7667613E-06  0.0000000E+00
         1   533      6  0.1529986E-02  0.1087913E-03  0.0000000E+00  0.0000000E+00  0.1034975E-05  0.0000000E+00
         1   533      7  0.1784882E-02  0.1269832E-03  0.0000000E+00  0.0000000E+00  0.1341331E-05  0.0000000E+00
         1   533      8  0.2039749E-02  0.1451919E-03  0.0000000E+00  0.0000000E+00  0.1685766E-05  0.0000000E+00
         1   533      9  0.2294587E-02  0.1634173E-03  0.0000000E+00  0.0000000E+00  0.2068218E-05  0.0000000E+00
         1   533     10 -0.6517140E-06  0.6949793E-06  0.0000000E+00  0.0000000E+00  0.6919764E-01  0.1000000E-02

         1   534      0  0.0000000E+00  0.0000000E+00  0.0000000E+00  0.0000000E+00  0.0000000E+00  0.0000000E+00
         1   534      1  0.0000000E+00  0.0000000E+00  0.0000000E+00  0.0000000E+00  0.0000000E+00  0.0000000E+00
         1   534      2  0.5155420E-03  0.3619421E-04  0.0000000E+00  0.0000000E+00  0.1915414E-06  0.0000000E+00
         1   534      3  0.7732728E-03  0.5431761E-04  0.0000000E+00  0.0000000E+00  0.3448871E-06  0.0000000E+00
         1   534      4  0.1030977E-02  0.7245835E-04  0.0000000E+00  0.0000000E+00  0.5365337E-06  0.0000000E+00
         1   534      5  0.1288654E-02  0.9061629E-04  0.0000000E+00  0.0000000E+00  0.7664194E-06  0.0000000E+00
         1   534      6  0.1546305E-02  0.1087913E-03  0.0000000E+00  0.0000000E+00  0.1034482E-05  0.0000000E+00
         1   534      7  0.1803930E-02  0.1269832E-03  0.0000000E+00  0.0000000E+00  0.1340659E-05  0.0000000E+00
         1   534      8  0.2061528E-02  0.1451919E-03  0.0000000E+00  0.0000000E+00  0.1684888E-05  0.0000000E+00
         1   534      9  0.2319100E-02  0.1634173E-03  0.0000000E+00  0.0000000E+00  0.2067106E-05  0.0000000E+00
         1   534     10 -0.5475249E-06  0.6949793E-06  0.0000000E+00  0.0000000E+00  0.6922730E-01  0.1000000E-02

         1   535      0  0.0000000E+00  0.0000000E+00  0.0000000E+00  0.0000000E+00  0.0000000E+00  0.0000000E+00
         1   535      1  0.0000000E+00  0.0000000E+00  0.0000000E+00  0.0000000E+00  0.0000000E+00  0.0000000E+00
         1   535      2  0.5245906E-03  0.3619421E-04  0.0000000E+00  0.0000000E+00  0.1914505E-06  0.0000000E+00
         1   535      3  0.7868522E-03  0.5431761E-04  0.0000000E+00  0.0000000E+00  0.3446823E-06  0.0000000E+00
         1   535      4  0.1049091E-02  0.7245835E-04  0.0000000E+00  0.0000000E+00  0.5361694E-06  0.0000000E+00
         1   535      5  0.1311308E-02  0.9061629E-04  0.0000000E+00  0.0000000E+00  0.7658496E-06  0.0000000E+00
         1   535      6  0.1573503E-02  0.1087913E-03  0.0000000E+00  0.0000000E+00  0.1033661E-05  0.0000000E+00
         1   535      7  0.1835675E-02  0.1269832E-03  0.0000000E+00  0.0000000E+00  0.1339540E-05  0.0000000E+00
         1   535      8  0.2097826E-02  0.1451919E-03  0.0000000E+00  0.0000000E+00  0.1683425E-05  0.0000000E+00
         1   535      9  0.2359954E-02  0.1634173E-03  0.0000000E+00  0.0000000E+00  0.2065253E-05  0.0000000E+00
         1   535     10 -0.3738765E-06  0.6949793E-06  0.0000000E+00  0.0000000E+00  0.6927672E-01  0.1000000E-02

         1   536      0  0.0000000E+00  0.0000000E+00  0.0000000E+00  0.0000000E+00  0.0000000E+00  0.0000000E+00
         1   536      1  0.0000000E+00  0.0000000E+00  0.0000000E+00  0.0000000E+00  0.0000000E+00  0.0000000E+00
         1   536      2  0.6941605E-03  0.3619421E-04  0.0000000E+00  0.0000000E+00  0.1897468E-06  0.0000000E+00
         1   536      3  0.1041330E-02  0.5431761E-04  0.0000000E+00  0.0000000E+00  0.3408453E-06  0.0000000E+00
         1   536      4  0.1388559E-02  0.7245835E-04  0.0000000E+00  0.0000000E+00  0.5293414E-06  0.0000000E+00
         1   536      5  0.1735846E-02  0.9061629E-04  0.0000000E+00  0.0000000E+00  0.7551707E-06  0.0000000E+00
         1   536      6  0.2083190E-02  0.1087913E-03  0.0000000E+00  0.0000000E+00  0.1018268E-05  0.0000000E+00
         1   536      7  0.2430592E-02  0.1269832E-03  0.0000000E+00  0.0000000E+00  0.1318570E-05  0.0000000E+00
         1   536      8  0.2778050E-02  0.1451919E-03  0.0000000E+00  0.0000000E+00  0.1656010E-05  0.0000000E+00
         1   536      9  0.3125564E-02  0.1634173E-03  0.0000000E+00  0.0000000E+00  0.2030523E-05  0.0000000E+00
         1   536     10  0.2880295E-05  0.6949793E-06  0.0000000E+00  0.0000000E+00  0.7020294E-01  0.1000000E-02

         1   537      0  0.0000000E+00  0.0000000E+00  0.0000000E+00  0.0000000E+00  0.0000000E+00  0.0000000E+00
         1   537      1  0.0000000E+00  0.0000000E+00  0.0000000E+00  0.0000000E+00  0.0000000E+00  0.0000000E+00
         1   537      2  0.7032090E-03  0.3619421E-04  0.0000000E+00  0.0000000E+00  0.1896559E-06  0.0000000E+00
         1   537      3  0.1054910E-02  0.5431761E-04  0.0000000E+00  0.0000000E+00  0.3406405E-06  0.0000000E+00
         1   537      4  0.1406673E-02  0.7245835E-04  0.0000000E+00  0.0000000E+00  0.5289770E-06  0.0000000E+00
         1   537      5  0.1758500E-02  0.9061629E-04  0.0000000E+00  0.0000000E+00  0.7546008E-06  0.0000000E+00
         1   537      6  0.2110388E-02  0.1087913E-03  0.0000000E+00  0.0000000E+00  0.1017447E-05  0.0000000E+00
         1   537      7  0.2462338E-02  0.1269832E-03  0.0000000E+00  0.0000000E+00  0.1317451E-05  0.0000000E+00
         1   537      8  0.2814348E-02  0.1451919E-03  0.0000000E+00  0.0000000E+00  0.1654547E-05  0.0000000E+00
         1   537      9  0.3166418E-02  0.1634173E-03  0.0000000E+00  0.0000000E+00  0.2028669E-05  0.0000000E+00
         1   537     10  0.3053943E-05  0.6949793E-06  0.0000000E+00  0.0000000E+00  0.7025237E-01  0.1000000E-02

         1   538      0  0.0000000E+00  0.0000000E+00  0.0000000E+00  0.0000000E+00  0.0000000E+00  0.0000000E+00
         1   538      1  0.0000000E+00  0.0000000E+00  0.0000000E+00  0.0000000E+00  0.0000000E+00  0.0000000E+00
         1   538      2  0.7086381E-03  0.3619421E-04  0.0000000E+00  0.0000000E+00  0.1896013E-06  0.0000000E+00
         1   538      3  0.1063057E-02  0.5431761E-04  0.0000000E+00  0.0000000E+00  0.3405177E-06  0.0000000E+00
         1   538      4  0.1417542E-02  0.7245835E-04  0.0000000E+00  0.0000000E+00  0.5287584E-06  0.0000000E+00
         1   538      5  0.1772092E-02  0.9061629E-04  0.0000000E+00  0.0000000E+00  0.7542589E-06  0.0000000E+00
         1   538      6  0.2126707E-02  0.1087913E-03  0.0000000E+00  0.0000000E+00  0.1016954E-05  0.0000000E+00
         1   538      7  0.2481385E-02  0.1269832E-03  0.0000000E+00  0.0000000E+00  0.1316779E-05  0.0000000E+00
         1   538      8  0.2836127E-02  0.1451919E-03  0.0000000E+00  0.0000000E+00  0.1653669E-05  0.0000000E+00
         1   538      9  0.3190931E-02  0.1634173E-03  0.0000000E+00  0.0000000E+00  0.2027557E-05  0.0000000E+00
         1   538     10  0.3158132E-05  0.6949793E-06  0.0000000E+00  0.0000000E+00  0.7028202E-01  0.1000000E-02

         1   539      0  0.0000000E+00  0.0000000E+00  0.0000000E+00  0.0000000E+00  0.0000000E+00  0.0000000E+00
         1   539      1  0.0000000E+00  0.0000000E+00  0.0000000E+00  0.0000000E+00  0.0000000E+00  0.0000000E+00
         1   539      2  0.7176867E-03  0.3619421E-04  0.0000000E+00  0.0000000E+00  0.1895104E-06  0.0000000E+00
         1   539      3  0.1076637E-02  0.5431761E-04  0.0000000E+00  0.0000000E+00  0.3403129E-06  0.0000000E+00
         1   539      4  0.1435657E-02  0.7245835E-04  0.0000000E+00  0.0000000E+00  0.5283941E-06  0.0000000E+00
         1   539      5  0.1794746E-02  0.9061629E-04  0.0000000E+00  0.0000000E+00  0.7536891E-06  0.0000000E+00
         1   539      6  0.2153904E-02  0.1087913E-03  0.0000000E+00  0.0000000E+00  0.1016133E-05  0.0000000E+00
         1   539      7  0.2513131E-02  0.1269832E-03  0.0000000E+00  0.0000000E+00  0.1315660E-05  0.0000000E+00
         1   539      8  0.2872425E-02  0.1451919E-03  0.0000000E+00  0.0000000E+00  0.1652206E-05  0.0000000E+00
         1   539      9  0.3231785E-02  0.1634173E-03  0.0000000E+00  0.0000000E+00  0.2025704E-05  0.0000000E+00
         1   539     10  0.3331781E-05  0.6949793E-06  0.0000000E+00  0.0000000E+00  0.7033145E-01  0.1000000E-02

         1   540      0  0.0000000E+00  0.0000000E+00  0.0000000E+00  0.0000000E+00  0.0000000E+00  0.0000000E+00
         1   540      1  0.0000000E+00  0.0000000E+00  0.0000000E+00  0.0000000E+00  0.0000000E+00  0.0000000E+00
         1   540      2  0.7187344E-03 -0.3201982E-04  0.0000000E+00  0.0000000E+00  0.1806911E-06  0.0000000E+00
         1   540      3  0.1078219E-02 -0.4801406E-04  0.0000000E+00  0.0000000E+00  0.3204652E-06  0.0000000E+00
         1   540      4  0.1437780E-02 -0.6399796E-04  0.0000000E+00  0.0000000E+00  0.4931020E-06  0.0000000E+00
         1   540      5  0.1797418E-02 -0.7997159E-04  0.0000000E+00  0.0000000E+00  0.6985338E-06  0.0000000E+00
         1   540      6  0.2157131E-02 -0.9593503E-04  0.0000000E+00  0.0000000E+00  0.9366930E-06  0.0000000E+00
         1   540      7  0.2516920E-02 -0.1118883E-03  0.0000000E+00  0.0000000E+00  0.1207512E-05  0.0000000E+00
         1   540      8  0.2876782E-02 -0.1278316E-03  0.0000000E+00  0.0000000E+00  0.1510922E-05  0.0000000E+00
         1   540      9  0.3236718E-02 -0.1437649E-03  0.0000000E+00  0.0000000E+00  0.1846856E-05  0.0000000E+00
         1   540     10  0.3597931E-05  0.3660134E-06  0.0000000E+00  0.0000000E+00  0.7043030E-01  0.1000000E-02
