# number of rays:      11
# iteration   EID   ray    X              A              Y              B              T              D
         0     0      0  0.0000000E+00  0.0000000E+00  0.0000000E+00  0.0000000E+00  0.0000000E+00  0.0000000E+00
         0     0      1  0.0000000E+00  0.0000000E+00  0.0000000E+00  0.0000000E+00  0.0000000E+00  0.0000000E+00
         0     0      2  0.1000000E-02  0.0000000E+00  0.0000000E+00  0.0000000E+00  0.0000000E+00  0.0000000E+00
         0     0      3  0.1500000E-02  0.0000000E+00  0.0000000E+00  0.0000000E+00  0.0000000E+00  0.0000000E+00
         0     0      4  0.2000000E-02  0.0000000E+00  0.0000000E+00  0.0000000E+00  0.0000000E+00  0.0000000E+00
         0     0      5  0.2500000E-02  0.0000000E+00  0.0000000E+00  0.0000000E+00  0.0000000E+00  0.0000000E+00
         0     0      6  0.3000000E-02  0.0000000E+00  0.0000000E+00  0.0000000E+00  0.0000000E+00  0.0000000E+00
         0     0      7  0.3500000E-02  0.0000000E+00  0.0000000E+00  0.0000000E+00  0.0000000E+00  0.0000000E+00
         0     0      8  0.4000000E-02  0.0000000E+00  0.0000000E+00  0.0000000E+00  0.0000000E+00  0.0000000E+00
         0     0      9  0.4500000E-02  0.0000000E+00  0.0000000E+00  0.0000000E+00  0.0000000E+00  0.0000000E+00
         0     0     10  0.0000000E+00  0.0000000E+00  0.0000000E+00  0.0000000E+00  0.0000000E+00  0.1000000E-02

         1     1      0  0.0000000E+00  0.0000000E+00  0.0000000E+00  0.0000000E+00  0.0000000E+00  0.0000000E+00
         1     1      1  0.0000000E+00  0.0000000E+00  0.0000000E+00  0.0000000E+00  0.0000000E+00  0.0000000E+00
         1     1      2  0.9764423E-03 -0.9385904E-04  0.0000000E+00  0.0000000E+00 -0.1700487E-07  0.0000000E+00
         1     1      3  0.1464663E-02 -0.1407886E-03  0.0000000E+00  0.0000000E+00 -0.3826096E-07  0.0000000E+00
         1     1      4  0.1952885E-02 -0.1877181E-03  0.0000000E+00  0.0000000E+00 -0.6801948E-07  0.0000000E+00
         1     1      5  0.2441106E-02 -0.2346477E-03  0.0000000E+00  0.0000000E+00 -0.1062804E-06  0.0000000E+00
         1     1      6  0.2929327E-02 -0.2815772E-03  0.0000000E+00  0.0000000E+00 -0.1530438E-06  0.0000000E+00
         1     1      7  0.3417548E-02 -0.3285068E-03  0.0000000E+00  0.0000000E+00 -0.2083097E-06  0.0000000E+00
         1     1      8  0.3905769E-02 -0.3754365E-03  0.0000000E+00  0.0000000E+00 -0.2720779E-06  0.0000000E+00
         1     1      9  0.4393990E-02 -0.4223661E-03  0.0000000E+00  0.0000000E+00 -0.3443486E-06  0.0000000E+00
         1     1     10  0.0000000E+00  0.0000000E+00  0.0000000E+00  0.0000000E+00  0.9884948E-04  0.1000000E-02

         1     2      0  0.0000000E+00  0.0000000E+00  0.0000000E+00  0.0000000E+00  0.0000000E+00  0.0000000E+00
         1     2      1  0.0000000E+00  0.0000000E+00  0.0000000E+00  0.0000000E+00  0.0000000E+00  0.0000000E+00
         1     2      2  0.9529775E-03 -0.9385904E-04  0.0000000E+00  0.0000000E+00 -0.1761623E-07  0.0000000E+00
         1     2      3  0.1429466E-02 -0.1407886E-03  0.0000000E+00  0.0000000E+00 -0.3963652E-07  0.0000000E+00
         1     2      4  0.1905955E-02 -0.1877181E-03  0.0000000E+00  0.0000000E+00 -0.7046492E-07  0.0000000E+00
         1     2      5  0.2382444E-02 -0.2346477E-03  0.0000000E+00  0.0000000E+00 -0.1101014E-06  0.0000000E+00
         1     2      6  0.2858933E-02 -0.2815772E-03  0.0000000E+00  0.0000000E+00 -0.1585461E-06  0.0000000E+00
         1     2      7  0.3335421E-02 -0.3285068E-03  0.0000000E+00  0.0000000E+00 -0.2157988E-06  0.0000000E+00
         1     2      8  0.3811910E-02 -0.3754365E-03  0.0000000E+00  0.0000000E+00 -0.2818597E-06  0.0000000E+00
         1     2      9  0.4288399E-02 -0.4223661E-03  0.0000000E+00  0.0000000E+00 -0.3567287E-06  0.0000000E+00
         1     2     10  0.0000000E+00  0.0000000E+00  0.0000000E+00  0.0000000E+00  0.1482742E-03  0.1000000E-02

         1     3      0  0.0000000E+00  0.0000000E+00  0.0000000E+00  0.0000000E+00  0.0000000E+00  0.0000000E+00
         1     3      1  0.0000000E+00  0.0000000E+00  0.0000000E+00  0.0000000E+00  0.0000000E+00  0.0000000E+00
         1     3      2  0.9388987E-03 -0.9385904E-04  0.0000000E+00  0.0000000E+00 -0.1798305E-07  0.0000000E+00
         1     3      3  0.1408348E-02 -0.1407886E-03  0.0000000E+00  0.0000000E+00 -0.4046186E-07  0.0000000E+00
         1     3      4  0.1877797E-02 -0.1877181E-03  0.0000000E+00  0.0000000E+00 -0.7193219E-07  0.0000000E+00
         1     3      5  0.2347247E-02 -0.2346477E-03  0.0000000E+00  0.0000000E+00 -0.1123940E-06  0.0000000E+00
         1     3      6  0.2816696E-02 -0.2815772E-03  0.0000000E+00  0.0000000E+00 -0.1618474E-06  0.0000000E+00
         1     3      7  0.3286145E-02 -0.3285068E-03  0.0000000E+00  0.0000000E+00 -0.2202923E-06  0.0000000E+00
         1     3      8  0.3755594E-02 -0.3754365E-03  0.0000000E+00  0.0000000E+00 -0.2877288E-06  0.0000000E+00
         1     3      9  0.4225044E-02 -0.4223661E-03  0.0000000E+00  0.0000000E+00 -0.3641567E-06  0.0000000E+00
         1     3     10  0.0000000E+00  0.0000000E+00  0.0000000E+00  0.0000000E+00  0.1779291E-03  0.1000000E-02

         1     4      0  0.0000000E+00  0.0000000E+00  0.0000000E+00  0.0000000E+00  0.0000000E+00  0.0000000E+00
         1     4      1  0.0000000E+00  0.0000000E+00  0.0000000E+00  0.0000000E+00  0.0000000E+00  0.0000000E+00
         1     4      2  0.9154339E-03 -0.9385904E-04  0.0000000E+00  0.0000000E+00 -0.1859441E-07  0.0000000E+00
         1     4      3  0.1373151E-02 -0.1407886E-03  0.0000000E+00  0.0000000E+00 -0.4183742E-07  0.0000000E+00
         1     4      4  0.1830868E-02 -0.1877181E-03  0.0000000E+00  0.0000000E+00 -0.7437763E-07  0.0000000E+00
         1     4      5  0.2288585E-02 -0.2346477E-03  0.0000000E+00  0.0000000E+00 -0.1162150E-06  0.0000000E+00
         1     4      6  0.2746302E-02 -0.2815772E-03  0.0000000E+00  0.0000000E+00 -0.1673497E-06  0.0000000E+00
         1     4      7  0.3204018E-02 -0.3285068E-03  0.0000000E+00  0.0000000E+00 -0.2277815E-06  0.0000000E+00
         1     4      8  0.3661735E-02 -0.3754365E-03  0.0000000E+00  0.0000000E+00 -0.2975106E-06  0.0000000E+00
         1     4      9  0.4119452E-02 -0.4223661E-03  0.0000000E+00  0.0000000E+00 -0.3765368E-06  0.0000000E+00
         1     4     10  0.0000000E+00  0.0000000E+00  0.0000000E+00  0.0000000E+00  0.2273538E-03  0.1000000E-02

         1     5      0  0.0000000E+00  0.0000000E+00  0.0000000E+00  0.0000000E+00  0.0000000E+00  0.0000000E+00
         1     5      1  0.0000000E+00  0.0000000E+00  0.0000000E+00  0.0000000E+00  0.0000000E+00  0.0000000E+00
         1     5      2  0.4757044E-03 -0.9385904E-04  0.0000000E+00  0.0000000E+00 -0.3005129E-07  0.0000000E+00
         1     5      3  0.7135565E-03 -0.1407886E-03  0.0000000E+00  0.0000000E+00 -0.6761542E-07  0.0000000E+00
         1     5      4  0.9514085E-03 -0.1877181E-03  0.0000000E+00  0.0000000E+00 -0.1202052E-06  0.0000000E+00
         1     5      5  0.1189260E-02 -0.2346477E-03  0.0000000E+00  0.0000000E+00 -0.1878206E-06  0.0000000E+00
         1     5      6  0.1427112E-02 -0.2815772E-03  0.0000000E+00  0.0000000E+00 -0.2704618E-06  0.0000000E+00
         1     5      7  0.1664964E-02 -0.3285068E-03  0.0000000E+00  0.0000000E+00 -0.3681286E-06  0.0000000E+00
         1     5      8  0.1902815E-02 -0.3754365E-03  0.0000000E+00  0.0000000E+00 -0.4808211E-06  0.0000000E+00
         1     5      9  0.2140666E-02 -0.4223661E-03  0.0000000E+00  0.0000000E+00 -0.6085393E-06  0.0000000E+00
         1     5     10  0.0000000E+00  0.0000000E+00  0.0000000E+00  0.0000000E+00  0.1153573E-02  0.1000000E-02

         1     6      0  0.0000000E+00  0.0000000E+00  0.0000000E+00  0.0000000E+00  0.0000000E+00  0.0000000E+00
         1     6      1  0.0000000E+00  0.0000000E+00  0.0000000E+00  0.0000000E+00  0.0000000E+00  0.0000000E+00
         1     6      2  0.4522396E-03 -0.9385904E-04  0.0000000E+00  0.0000000E+00 -0.3066265E-07  0.0000000E+00
         1     6      3  0.6783593E-03 -0.1407886E-03  0.0000000E+00  0.0000000E+00 -0.6899098E-07  0.0000000E+00
         1     6      4  0.9044790E-03 -0.1877181E-03  0.0000000E+00  0.0000000E+00 -0.1226506E-06  0.0000000E+00
         1     6      5  0.1130598E-02 -0.2346477E-03  0.0000000E+00  0.0000000E+00 -0.1916416E-06  0.0000000E+00
         1     6      6  0.1356718E-02 -0.2815772E-03  0.0000000E+00  0.0000000E+00 -0.2759640E-06  0.0000000E+00
         1     6      7  0.1582837E-02 -0.3285068E-03  0.0000000E+00  0.0000000E+00 -0.3756177E-06  0.0000000E+00
         1     6      8  0.1808956E-02 -0.3754365E-03  0.0000000E+00  0.0000000E+00 -0.4906029E-06  0.0000000E+00
         1     6      9  0.2035075E-02 -0.4223661E-03  0.0000000E+00  0.0000000E+00 -0.6209194E-06  0.0000000E+00
         1     6     10  0.0000000E+00  0.0000000E+00  0.0000000E+00  0.0000000E+00  0.1202998E-02  0.1000000E-02

         1     7      0  0.0000000E+00  0.0000000E+00  0.0000000E+00  0.0000000E+00  0.0000000E+00  0.0000000E+00
         1     7      1  0.0000000E+00  0.0000000E+00  0.0000000E+00  0.0000000E+00  0.0000000E+00  0.0000000E+00
         1     7      2  0.4381607E-03 -0.9385904E-04  0.0000000E+00  0.0000000E+00 -0.3102947E-07  0.0000000E+00
         1     7      3  0.6572410E-03 -0.1407886E-03  0.0000000E+00  0.0000000E+00 -0.6981631E-07  0.0000000E+00
         1     7      4  0.8763212E-03 -0.1877181E-03  0.0000000E+00  0.0000000E+00 -0.1241179E-06  0.0000000E+00
         1     7      5  0.1095401E-02 -0.2346477E-03  0.0000000E+00  0.0000000E+00 -0.1939342E-06  0.0000000E+00
         1     7      6  0.1314481E-02 -0.2815772E-03  0.0000000E+00  0.0000000E+00 -0.2792654E-06  0.0000000E+00
         1     7      7  0.1533561E-02 -0.3285068E-03  0.0000000E+00  0.0000000E+00 -0.3801113E-06  0.0000000E+00
         1     7      8  0.1752641E-02 -0.3754365E-03  0.0000000E+00  0.0000000E+00 -0.4964719E-06  0.0000000E+00
         1     7      9  0.1971720E-02 -0.4223661E-03  0.0000000E+00  0.0000000E+00 -0.6283474E-06  0.0000000E+00
         1     7     10  0.0000000E+00  0.0000000E+00  0.0000000E+00  0.0000000E+00  0.1232653E-02  0.1000000E-02

         1     8      0  0.0000000E+00  0.0000000E+00  0.0000000E+00  0.0000000E+00  0.0000000E+00  0.0000000E+00
         1     8      1  0.0000000E+00  0.0000000E+00  0.0000000E+00  0.0000000E+00  0.0000000E+00  0.0000000E+00
         1     8      2  0.4146960E-03 -0.9385904E-04  0.0000000E+00  0.0000000E+00 -0.3164083E-07  0.0000000E+00
         1     8      3  0.6220439E-03 -0.1407886E-03  0.0000000E+00  0.0000000E+00 -0.7119187E-07  0.0000000E+00
         1     8      4  0.8293917E-03 -0.1877181E-03  0.0000000E+00  0.0000000E+00 -0.1265633E-06  0.0000000E+00
         1     8      5  0.1036739E-02 -0.2346477E-03  0.0000000E+00  0.0000000E+00 -0.1977553E-06  0.0000000E+00
         1     8      6  0.1244087E-02 -0.2815772E-03  0.0000000E+00  0.0000000E+00 -0.2847676E-06  0.0000000E+00
         1     8      7  0.1451434E-02 -0.3285068E-03  0.0000000E+00  0.0000000E+00 -0.3876004E-06  0.0000000E+00
         1     8      8  0.1658782E-02 -0.3754365E-03  0.0000000E+00  0.0000000E+00 -0.5062537E-06  0.0000000E+00
         1     8      9  0.1866128E-02 -0.4223661E-03  0.0000000E+00  0.0000000E+00 -0.6407275E-06  0.0000000E+00
         1     8     10  0.0000000E+00  0.0000000E+00  0.0000000E+00  0.0000000E+00  0.1282078E-02  0.1000000E-02

         1     9      0  0.0000000E+00  0.0000000E+00  0.0000000E+00  0.0000000E+00  0.0000000E+00  0.0000000E+00
         1     9      1  0.0000000E+00  0.0000000E+00  0.0000000E+00  0.0000000E+00  0.0000000E+00  0.0000000E+00
         1     9      2  0.3762586E-03 -0.6043327E-04  0.0000000E+00  0.0000000E+00 -0.3012479E-07  0.0000000E+00
         1     9      3  0.5643879E-03 -0.9064992E-04  0.0000000E+00  0.0000000E+00 -0.6778079E-07  0.0000000E+00
         1     9      4  0.7525170E-03 -0.1208666E-03  0.0000000E+00  0.0000000E+00 -0.1204992E-06  0.0000000E+00
         1     9      5  0.9406460E-03 -0.1510833E-03  0.0000000E+00  0.0000000E+00 -0.1882800E-06  0.0000000E+00
         1     9      6  0.1128775E-02 -0.1813000E-03  0.0000000E+00  0.0000000E+00 -0.2711233E-06  0.0000000E+00
         1     9      7  0.1316904E-02 -0.2115168E-03  0.0000000E+00  0.0000000E+00 -0.3690290E-06  0.0000000E+00
         1     9      8  0.1505032E-02 -0.2417336E-03  0.0000000E+00  0.0000000E+00 -0.4819972E-06  0.0000000E+00
         1     9      9  0.1693160E-02 -0.2719505E-03  0.0000000E+00  0.0000000E+00 -0.6100280E-06  0.0000000E+00
         1     9     10  0.0000000E+00  0.0000000E+00  0.0000000E+00  0.0000000E+00  0.1380927E-02  0.1000000E-02

         1    10      0  0.0000000E+00  0.0000000E+00  0.0000000E+00  0.0000000E+00  0.0000000E+00  0.0000000E+00
         1    10      1  0.0000000E+00  0.0000000E+00  0.0000000E+00  0.0000000E+00  0.0000000E+00  0.0000000E+00
         1    10      2  0.3528162E-03 -0.3362455E-04  0.0000000E+00  0.0000000E+00 -0.2870144E-07  0.0000000E+00
         1    10      3  0.5292242E-03 -0.5043685E-04  0.0000000E+00  0.0000000E+00 -0.6457825E-07  0.0000000E+00
         1    10      4  0.7056321E-03 -0.6724918E-04  0.0000000E+00  0.0000000E+00 -0.1148058E-06  0.0000000E+00
         1    10      5  0.8820399E-03 -0.8406155E-04  0.0000000E+00  0.0000000E+00 -0.1793841E-06  0.0000000E+00
         1    10      6  0.1058447E-02 -0.1008740E-03  0.0000000E+00  0.0000000E+00 -0.2583132E-06  0.0000000E+00
         1    10      7  0.1234855E-02 -0.1176864E-03  0.0000000E+00  0.0000000E+00 -0.3515930E-06  0.0000000E+00
         1    10      8  0.1411262E-02 -0.1344990E-03  0.0000000E+00  0.0000000E+00 -0.4592237E-06  0.0000000E+00
         1    10      9  0.1587669E-02 -0.1513116E-03  0.0000000E+00  0.0000000E+00 -0.5812053E-06  0.0000000E+00
         1    10     10  0.0000000E+00  0.0000000E+00  0.0000000E+00  0.0000000E+00  0.1479777E-02  0.1000000E-02

         1    11      0  0.0000000E+00  0.0000000E+00  0.0000000E+00  0.0000000E+00  0.0000000E+00  0.0000000E+00
         1    11      1  0.0000000E+00  0.0000000E+00  0.0000000E+00  0.0000000E+00  0.0000000E+00  0.0000000E+00
         1    11      2  0.3444101E-03 -0.3362455E-04  0.0000000E+00  0.0000000E+00 -0.2877990E-07  0.0000000E+00
         1    11      3  0.5166150E-03 -0.5043685E-04  0.0000000E+00  0.0000000E+00 -0.6475479E-07  0.0000000E+00
         1    11      4  0.6888198E-03 -0.6724918E-04  0.0000000E+00  0.0000000E+00 -0.1151196E-06  0.0000000E+00
         1    11      5  0.8610245E-03 -0.8406155E-04  0.0000000E+00  0.0000000E+00 -0.1798745E-06  0.0000000E+00
         1    11      6  0.1033229E-02 -0.1008740E-03  0.0000000E+00  0.0000000E+00 -0.2590193E-06  0.0000000E+00
         1    11      7  0.1205433E-02 -0.1176864E-03  0.0000000E+00  0.0000000E+00 -0.3525542E-06  0.0000000E+00
         1    11      8  0.1377637E-02 -0.1344990E-03  0.0000000E+00  0.0000000E+00 -0.4604791E-06  0.0000000E+00
         1    11      9  0.1549841E-02 -0.1513116E-03  0.0000000E+00  0.0000000E+00 -0.5827942E-06  0.0000000E+00
         1    11     10  0.0000000E+00  0.0000000E+00  0.0000000E+00  0.0000000E+00  0.1529201E-02  0.1000000E-02

         1    12      0  0.0000000E+00  0.0000000E+00  0.0000000E+00  0.0000000E+00  0.0000000E+00  0.0000000E+00
         1    12      1  0.0000000E+00  0.0000000E+00  0.0000000E+00  0.0000000E+00  0.0000000E+00  0.0000000E+00
         1    12      2  0.3393664E-03 -0.3362455E-04  0.0000000E+00  0.0000000E+00 -0.2882698E-07  0.0000000E+00
         1    12      3  0.5090495E-03 -0.5043685E-04  0.0000000E+00  0.0000000E+00 -0.6486071E-07  0.0000000E+00
         1    12      4  0.6787324E-03 -0.6724918E-04  0.0000000E+00  0.0000000E+00 -0.1153079E-06  0.0000000E+00
         1    12      5  0.8484152E-03 -0.8406155E-04  0.0000000E+00  0.0000000E+00 -0.1801687E-06  0.0000000E+00
         1    12      6  0.1018098E-02 -0.1008740E-03  0.0000000E+00  0.0000000E+00 -0.2594430E-06  0.0000000E+00
         1    12      7  0.1187780E-02 -0.1176864E-03  0.0000000E+00  0.0000000E+00 -0.3531309E-06  0.0000000E+00
         1    12      8  0.1357462E-02 -0.1344990E-03  0.0000000E+00  0.0000000E+00 -0.4612324E-06  0.0000000E+00
         1    12      9  0.1527144E-02 -0.1513116E-03  0.0000000E+00  0.0000000E+00 -0.5837475E-06  0.0000000E+00
         1    12     10  0.0000000E+00  0.0000000E+00  0.0000000E+00  0.0000000E+00  0.1558856E-02  0.1000000E-02

         1    13      0  0.0000000E+00  0.0000000E+00  0.0000000E+00  0.0000000E+00  0.0000000E+00  0.0000000E+00
         1    13      1  0.0000000E+00  0.0000000E+00  0.0000000E+00  0.0000000E+00  0.0000000E+00  0.0000000E+00
         1    13      2  0.3309602E-03 -0.3362455E-04  0.0000000E+00  0.0000000E+00 -0.2890544E-07  0.0000000E+00
         1    13      3  0.4964403E-03 -0.5043685E-04  0.0000000E+00  0.0000000E+00 -0.6503725E-07  0.0000000E+00
         1    13      4  0.6619201E-03 -0.6724918E-04  0.0000000E+00  0.0000000E+00 -0.1156218E-06  0.0000000E+00
         1    13      5  0.8273999E-03 -0.8406155E-04  0.0000000E+00  0.0000000E+00 -0.1806591E-06  0.0000000E+00
         1    13      6  0.9928794E-03 -0.1008740E-03  0.0000000E+00  0.0000000E+00 -0.2601492E-06  0.0000000E+00
         1    13      7  0.1158359E-02 -0.1176864E-03  0.0000000E+00  0.0000000E+00 -0.3540921E-06  0.0000000E+00
         1    13      8  0.1323838E-02 -0.1344990E-03  0.0000000E+00  0.0000000E+00 -0.4624878E-06  0.0000000E+00
         1    13      9  0.1489316E-02 -0.1513116E-03  0.0000000E+00  0.0000000E+00 -0.5853364E-06  0.0000000E+00
         1    13     10  0.0000000E+00  0.0000000E+00  0.0000000E+00  0.0000000E+00  0.1608281E-02  0.1000000E-02

         1    14      0  0.0000000E+00  0.0000000E+00  0.0000000E+00  0.0000000E+00  0.0000000E+00  0.0000000E+00
         1    14      1  0.0000000E+00  0.0000000E+00  0.0000000E+00  0.0000000E+00  0.0000000E+00  0.0000000E+00
         1    14      2  0.1698255E-03 -0.3501334E-04  0.0000000E+00  0.0000000E+00 -0.2877439E-04  0.0000000E+00
         1    14      3  0.2547362E-03 -0.5252014E-04  0.0000000E+00  0.0000000E+00 -0.4318441E-04  0.0000000E+00
         1    14      4  0.3396454E-03 -0.7002705E-04  0.0000000E+00  0.0000000E+00 -0.5760963E-04  0.0000000E+00
         1    14      5  0.4245529E-03 -0.8753406E-04  0.0000000E+00  0.0000000E+00 -0.7205004E-04  0.0000000E+00
         1    14      6  0.5094588E-03 -0.1050412E-03  0.0000000E+00  0.0000000E+00 -0.8650565E-04  0.0000000E+00
         1    14      7  0.5943629E-03 -0.1225484E-03  0.0000000E+00  0.0000000E+00 -0.1009764E-03  0.0000000E+00
         1    14      8  0.6792651E-03 -0.1400558E-03  0.0000000E+00  0.0000000E+00 -0.1154624E-03  0.0000000E+00
         1    14      9  0.7641654E-03 -0.1575634E-03  0.0000000E+00  0.0000000E+00 -0.1299635E-03  0.0000000E+00
         1    14     10  0.2674838E-03  0.1140030E-03  0.0000000E+00  0.0000000E+00  0.2524282E-02  0.1000000E-02

         1    15      0  0.0000000E+00  0.0000000E+00  0.0000000E+00  0.0000000E+00  0.0000000E+00  0.0000000E+00
         1    15      1  0.0000000E+00  0.0000000E+00  0.0000000E+00  0.0000000E+00  0.0000000E+00  0.0000000E+00
         1    15      2  0.1610722E-03 -0.3501334E-04  0.0000000E+00  0.0000000E+00 -0.2877448E-04  0.0000000E+00
         1    15      3  0.2416062E-03 -0.5252014E-04  0.0000000E+00  0.0000000E+00 -0.4318460E-04  0.0000000E+00
         1    15      4  0.3221386E-03 -0.7002705E-04  0.0000000E+00  0.0000000E+00 -0.5760997E-04  0.0000000E+00
         1    15      5  0.4026694E-03 -0.8753406E-04  0.0000000E+00  0.0000000E+00 -0.7205057E-04  0.0000000E+00
         1    15      6  0.4831985E-03 -0.1050412E-03  0.0000000E+00  0.0000000E+00 -0.8650641E-04  0.0000000E+00
         1    15      7  0.5637258E-03 -0.1225484E-03  0.0000000E+00  0.0000000E+00 -0.1009775E-03  0.0000000E+00
         1    15      8  0.6442512E-03 -0.1400558E-03  0.0000000E+00  0.0000000E+00 -0.1154638E-03  0.0000000E+00
         1    15      9  0.7247746E-03 -0.1575634E-03  0.0000000E+00  0.0000000E+00 -0.1299652E-03  0.0000000E+00
         1    15     10  0.2959688E-03  0.1140030E-03  0.0000000E+00  0.0000000E+00  0.2573706E-02  0.1000000E-02

         1    16      0  0.0000000E+00  0.0000000E+00  0.0000000E+00  0.0000000E+00  0.0000000E+00  0.0000000E+00
         1    16      1  0.0000000E+00  0.0000000E+00  0.0000000E+00  0.0000000E+00  0.0000000E+00  0.0000000E+00
         1    16      2  0.1558202E-03 -0.3501334E-04  0.0000000E+00  0.0000000E+00 -0.2877453E-04  0.0000000E+00
         1    16      3  0.2337281E-03 -0.5252014E-04  0.0000000E+00  0.0000000E+00 -0.4318471E-04  0.0000000E+00
         1    16      4  0.3116345E-03 -0.7002705E-04  0.0000000E+00  0.0000000E+00 -0.5761017E-04  0.0000000E+00
         1    16      5  0.3895393E-03 -0.8753406E-04  0.0000000E+00  0.0000000E+00 -0.7205089E-04  0.0000000E+00
         1    16      6  0.4674423E-03 -0.1050412E-03  0.0000000E+00  0.0000000E+00 -0.8650687E-04  0.0000000E+00
         1    16      7  0.5453435E-03 -0.1225484E-03  0.0000000E+00  0.0000000E+00 -0.1009781E-03  0.0000000E+00
         1    16      8  0.6232428E-03 -0.1400558E-03  0.0000000E+00  0.0000000E+00 -0.1154646E-03  0.0000000E+00
         1    16      9  0.7011401E-03 -0.1575634E-03  0.0000000E+00  0.0000000E+00 -0.1299663E-03  0.0000000E+00
         1    16     10  0.3130597E-03  0.1140030E-03  0.0000000E+00  0.0000000E+00  0.2603360E-02  0.1000000E-02

         1    17      0  0.0000000E+00  0.0000000E+00  0.0000000E+00  0.0000000E+00  0.0000000E+00  0.0000000E+00
         1    17      1  0.0000000E+00  0.0000000E+00  0.0000000E+00  0.0000000E+00  0.0000000E+00  0.0000000E+00
         1    17      2  0.1470669E-03 -0.3501334E-04  0.0000000E+00  0.0000000E+00 -0.2877461E-04  0.0000000E+00
         1    17      3  0.2205981E-03 -0.5252014E-04  0.0000000E+00  0.0000000E+00 -0.4318491E-04  0.0000000E+00
         1    17      4  0.2941278E-03 -0.7002705E-04  0.0000000E+00  0.0000000E+00 -0.5761051E-04  0.0000000E+00
         1    17      5  0.3676558E-03 -0.8753406E-04  0.0000000E+00  0.0000000E+00 -0.7205143E-04  0.0000000E+00
         1    17      6  0.4411820E-03 -0.1050412E-03  0.0000000E+00  0.0000000E+00 -0.8650764E-04  0.0000000E+00
         1    17      7  0.5147064E-03 -0.1225484E-03  0.0000000E+00  0.0000000E+00 -0.1009791E-03  0.0000000E+00
         1    17      8  0.5882288E-03 -0.1400558E-03  0.0000000E+00  0.0000000E+00 -0.1154659E-03  0.0000000E+00
         1    17      9  0.6617492E-03 -0.1575634E-03  0.0000000E+00  0.0000000E+00 -0.1299680E-03  0.0000000E+00
         1    17     10  0.3415447E-03  0.1140030E-03  0.0000000E+00  0.0000000E+00  0.2652784E-02  0.1000000E-02

         1    18      0  0.0000000E+00  0.0000000E+00  0.0000000E+00  0.0000000E+00  0.0000000E+00  0.0000000E+00
         1    18      1  0.0000000E+00  0.0000000E+00  0.0000000E+00  0.0000000E+00  0.0000000E+00  0.0000000E+00
         1    18      2  0.1267131E-03 -0.4612698E-04  0.0000000E+00  0.0000000E+00 -0.2877512E-04  0.0000000E+00
         1    18      3  0.1900675E-03 -0.6919042E-04  0.0000000E+00  0.0000000E+00 -0.4318604E-04  0.0000000E+00
         1    18      4  0.2534202E-03 -0.9225383E-04  0.0000000E+00  0.0000000E+00 -0.5761253E-04  0.0000000E+00
         1    18      5  0.3167713E-03 -0.1153172E-03  0.0000000E+00  0.0000000E+00 -0.7205458E-04  0.0000000E+00
         1    18      6  0.3801206E-03 -0.1383806E-03  0.0000000E+00  0.0000000E+00 -0.8651217E-04  0.0000000E+00
         1    18      7  0.4434680E-03 -0.1614439E-03  0.0000000E+00  0.0000000E+00 -0.1009853E-03  0.0000000E+00
         1    18      8  0.5068134E-03 -0.1845072E-03  0.0000000E+00  0.0000000E+00 -0.1154740E-03  0.0000000E+00
         1    18      9  0.5701567E-03 -0.2075705E-03  0.0000000E+00  0.0000000E+00 -0.1299782E-03  0.0000000E+00
         1    18     10  0.3912522E-03  0.8426706E-04  0.0000000E+00  0.0000000E+00  0.2751630E-02  0.1000000E-02

         1    19      0  0.0000000E+00  0.0000000E+00  0.0000000E+00  0.0000000E+00  0.0000000E+00  0.0000000E+00
         1    19      1  0.0000000E+00  0.0000000E+00  0.0000000E+00  0.0000000E+00  0.0000000E+00  0.0000000E+00
         1    19      2  0.1012503E-03 -0.5538077E-04  0.0000000E+00  0.0000000E+00 -0.2877567E-04  0.0000000E+00
         1    19      3  0.1518733E-03 -0.8307093E-04  0.0000000E+00  0.0000000E+00 -0.4318728E-04  0.0000000E+00
         1    19      4  0.2024947E-03 -0.1107609E-03  0.0000000E+00  0.0000000E+00 -0.5761473E-04  0.0000000E+00
         1    19      5  0.2531145E-03 -0.1384508E-03  0.0000000E+00  0.0000000E+00 -0.7205801E-04  0.0000000E+00
         1    19      6  0.3037326E-03 -0.1661404E-03  0.0000000E+00  0.0000000E+00 -0.8651713E-04  0.0000000E+00
         1    19      7  0.3543488E-03 -0.1938299E-03  0.0000000E+00  0.0000000E+00 -0.1009921E-03  0.0000000E+00
         1    19      8  0.4049632E-03 -0.2215193E-03  0.0000000E+00  0.0000000E+00 -0.1154828E-03  0.0000000E+00
         1    19      9  0.4555754E-03 -0.2492084E-03  0.0000000E+00  0.0000000E+00 -0.1299893E-03  0.0000000E+00
         1    19     10  0.4251988E-03  0.5113651E-04  0.0000000E+00  0.0000000E+00  0.2850477E-02  0.1000000E-02

         1    20      0  0.0000000E+00  0.0000000E+00  0.0000000E+00  0.0000000E+00  0.0000000E+00  0.0000000E+00
         1    20      1  0.0000000E+00  0.0000000E+00  0.0000000E+00  0.0000000E+00  0.0000000E+00  0.0000000E+00
         1    20      2  0.8740509E-04 -0.5538077E-04  0.0000000E+00  0.0000000E+00 -0.2877588E-04  0.0000000E+00
         1    20      3  0.1311055E-03 -0.8307093E-04  0.0000000E+00  0.0000000E+00 -0.4318776E-04  0.0000000E+00
         1    20      4  0.1748045E-03 -0.1107609E-03  0.0000000E+00  0.0000000E+00 -0.5761558E-04  0.0000000E+00
         1    20      5  0.2185018E-03 -0.1384508E-03  0.0000000E+00  0.0000000E+00 -0.7205934E-04  0.0000000E+00
         1    20      6  0.2621975E-03 -0.1661404E-03  0.0000000E+00  0.0000000E+00 -0.8651904E-04  0.0000000E+00
         1    20      7  0.3058914E-03 -0.1938299E-03  0.0000000E+00  0.0000000E+00 -0.1009947E-03  0.0000000E+00
         1    20      8  0.3495833E-03 -0.2215193E-03  0.0000000E+00  0.0000000E+00 -0.1154862E-03  0.0000000E+00
         1    20      9  0.3932733E-03 -0.2492084E-03  0.0000000E+00  0.0000000E+00 -0.1299937E-03  0.0000000E+00
         1    20     10  0.4379758E-03  0.5113651E-04  0.0000000E+00  0.0000000E+00  0.2899901E-02  0.1000000E-02

         1    21      0  0.0000000E+00  0.0000000E+00  0.0000000E+00  0.0000000E+00  0.0000000E+00  0.0000000E+00
         1    21      1  0.0000000E+00  0.0000000E+00  0.0000000E+00  0.0000000E+00  0.0000000E+00  0.0000000E+00
         1    21      2  0.7909797E-04 -0.5538077E-04  0.0000000E+00  0.0000000E+00 -0.2877601E-04  0.0000000E+00
         1    21      3  0.1186449E-03 -0.8307093E-04  0.0000000E+00  0.0000000E+00 -0.4318804E-04  0.0000000E+00
         1    21      4  0.1581904E-03 -0.1107609E-03  0.0000000E+00  0.0000000E+00 -0.5761609E-04  0.0000000E+00
         1    21      5  0.1977342E-03 -0.1384508E-03  0.0000000E+00  0.0000000E+00 -0.7206014E-04  0.0000000E+00
         1    21      6  0.2372764E-03 -0.1661404E-03  0.0000000E+00  0.0000000E+00 -0.8652019E-04  0.0000000E+00
         1    21      7  0.2768169E-03 -0.1938299E-03  0.0000000E+00  0.0000000E+00 -0.1009962E-03  0.0000000E+00
         1    21      8  0.3163555E-03 -0.2215193E-03  0.0000000E+00  0.0000000E+00 -0.1154882E-03  0.0000000E+00
         1    21      9  0.3558921E-03 -0.2492084E-03  0.0000000E+00  0.0000000E+00 -0.1299962E-03  0.0000000E+00
         1    21     10  0.4456420E-03  0.5113651E-04  0.0000000E+00  0.0000000E+00  0.2929556E-02  0.1000000E-02

         1    22      0  0.0000000E+00  0.0000000E+00  0.0000000E+00  0.0000000E+00  0.0000000E+00  0.0000000E+00
         1    22      1  0.0000000E+00  0.0000000E+00  0.0000000E+00  0.0000000E+00  0.0000000E+00  0.0000000E+00
         1    22      2  0.6525278E-04 -0.5538077E-04  0.0000000E+00  0.0000000E+00 -0.2877622E-04  0.0000000E+00
         1    22      3  0.9787718E-04 -0.8307093E-04  0.0000000E+00  0.0000000E+00 -0.4318852E-04  0.0000000E+00
         1    22      4  0.1305001E-03 -0.1107609E-03  0.0000000E+00  0.0000000E+00 -0.5761694E-04  0.0000000E+00
         1    22      5  0.1631215E-03 -0.1384508E-03  0.0000000E+00  0.0000000E+00 -0.7206147E-04  0.0000000E+00
         1    22      6  0.1957413E-03 -0.1661404E-03  0.0000000E+00  0.0000000E+00 -0.8652211E-04  0.0000000E+00
         1    22      7  0.2283594E-03 -0.1938299E-03  0.0000000E+00  0.0000000E+00 -0.1009988E-03  0.0000000E+00
         1    22      8  0.2609756E-03 -0.2215193E-03  0.0000000E+00  0.0000000E+00 -0.1154917E-03  0.0000000E+00
         1    22      9  0.2935900E-03 -0.2492084E-03  0.0000000E+00  0.0000000E+00 -0.1300005E-03  0.0000000E+00
         1    22     10  0.4584191E-03  0.5113651E-04  0.0000000E+00  0.0000000E+00  0.2978980E-02  0.1000000E-02

         1    23      0  0.0000000E+00  0.0000000E+00  0.0000000E+00  0.0000000E+00  0.0000000E+00  0.0000000E+00
         1    23      1  0.0000000E+00  0.0000000E+00  0.0000000E+00  0.0000000E+00  0.0000000E+00  0.0000000E+00
         1    23      2 -0.1939305E-03 -0.5502434E-04  0.0000000E+00  0.0000000E+00 -0.2139444E-04  0.0000000E+00
         1    23      3 -0.2908967E-03 -0.8253656E-04  0.0000000E+00  0.0000000E+00 -0.3211868E-04  0.0000000E+00
         1    23      4 -0.3878635E-03 -0.1100488E-03  0.0000000E+00  0.0000000E+00 -0.4286090E-04  0.0000000E+00
         1    23      5 -0.4848312E-03 -0.1375611E-03  0.0000000E+00  0.0000000E+00 -0.5362109E-04  0.0000000E+00
         1    23      6 -0.5817997E-03 -0.1650734E-03  0.0000000E+00  0.0000000E+00 -0.6439924E-04  0.0000000E+00
         1    23      7 -0.6787690E-03 -0.1925857E-03  0.0000000E+00  0.0000000E+00 -0.7519533E-04  0.0000000E+00
         1    23      8 -0.7757393E-03 -0.2200980E-03  0.0000000E+00  0.0000000E+00 -0.8600934E-04  0.0000000E+00
         1    23      9 -0.8727106E-03 -0.2476103E-03  0.0000000E+00  0.0000000E+00 -0.9684126E-04  0.0000000E+00
         1    23     10  0.9584066E-03  0.1619543E-03  0.0000000E+00  0.0000000E+00  0.3829058E-02  0.1000000E-02

         1    24      0  0.0000000E+00  0.0000000E+00  0.0000000E+00  0.0000000E+00  0.0000000E+00  0.0000000E+00
         1    24      1  0.0000000E+00  0.0000000E+00  0.0000000E+00  0.0000000E+00  0.0000000E+00  0.0000000E+00
         1    24      2 -0.2076866E-03 -0.5502434E-04  0.0000000E+00  0.0000000E+00 -0.2139465E-04  0.0000000E+00
         1    24      3 -0.3115308E-03 -0.8253656E-04  0.0000000E+00  0.0000000E+00 -0.3211915E-04  0.0000000E+00
         1    24      4 -0.4153758E-03 -0.1100488E-03  0.0000000E+00  0.0000000E+00 -0.4286174E-04  0.0000000E+00
         1    24      5 -0.5192215E-03 -0.1375611E-03  0.0000000E+00  0.0000000E+00 -0.5362241E-04  0.0000000E+00
         1    24      6 -0.6230680E-03 -0.1650734E-03  0.0000000E+00  0.0000000E+00 -0.6440113E-04  0.0000000E+00
         1    24      7 -0.7269154E-03 -0.1925857E-03  0.0000000E+00  0.0000000E+00 -0.7519790E-04  0.0000000E+00
         1    24      8 -0.8307638E-03 -0.2200980E-03  0.0000000E+00  0.0000000E+00 -0.8601270E-04  0.0000000E+00
         1    24      9 -0.9346132E-03 -0.2476103E-03  0.0000000E+00  0.0000000E+00 -0.9684551E-04  0.0000000E+00
         1    24     10  0.9988727E-03  0.1619543E-03  0.0000000E+00  0.0000000E+00  0.3878481E-02  0.1000000E-02

         1    25      0  0.0000000E+00  0.0000000E+00  0.0000000E+00  0.0000000E+00  0.0000000E+00  0.0000000E+00
         1    25      1  0.0000000E+00  0.0000000E+00  0.0000000E+00  0.0000000E+00  0.0000000E+00  0.0000000E+00
         1    25      2 -0.2159402E-03 -0.5502434E-04  0.0000000E+00  0.0000000E+00 -0.2139478E-04  0.0000000E+00
         1    25      3 -0.3239113E-03 -0.8253656E-04  0.0000000E+00  0.0000000E+00 -0.3211943E-04  0.0000000E+00
         1    25      4 -0.4318831E-03 -0.1100488E-03  0.0000000E+00  0.0000000E+00 -0.4286224E-04  0.0000000E+00
         1    25      5 -0.5398556E-03 -0.1375611E-03  0.0000000E+00  0.0000000E+00 -0.5362319E-04  0.0000000E+00
         1    25      6 -0.6478290E-03 -0.1650734E-03  0.0000000E+00  0.0000000E+00 -0.6440227E-04  0.0000000E+00
         1    25      7 -0.7558033E-03 -0.1925857E-03  0.0000000E+00  0.0000000E+00 -0.7519945E-04  0.0000000E+00
         1    25      8 -0.8637785E-03 -0.2200980E-03  0.0000000E+00  0.0000000E+00 -0.8601472E-04  0.0000000E+00
         1    25      9 -0.9717548E-03 -0.2476103E-03  0.0000000E+00  0.0000000E+00 -0.9684807E-04  0.0000000E+00
         1    25     10  0.1023152E-02  0.1619543E-03  0.0000000E+00  0.0000000E+00  0.3908135E-02  0.1000000E-02

         1    26      0  0.0000000E+00  0.0000000E+00  0.0000000E+00  0.0000000E+00  0.0000000E+00  0.0000000E+00
         1    26      1  0.0000000E+00  0.0000000E+00  0.0000000E+00  0.0000000E+00  0.0000000E+00  0.0000000E+00
         1    26      2 -0.2296963E-03 -0.5502434E-04  0.0000000E+00  0.0000000E+00 -0.2139499E-04  0.0000000E+00
         1    26      3 -0.3445454E-03 -0.8253656E-04  0.0000000E+00  0.0000000E+00 -0.3211991E-04  0.0000000E+00
         1    26      4 -0.4593953E-03 -0.1100488E-03  0.0000000E+00  0.0000000E+00 -0.4286309E-04  0.0000000E+00
         1    26      5 -0.5742459E-03 -0.1375611E-03  0.0000000E+00  0.0000000E+00 -0.5362451E-04  0.0000000E+00
         1    26      6 -0.6890974E-03 -0.1650734E-03  0.0000000E+00  0.0000000E+00 -0.6440416E-04  0.0000000E+00
         1    26      7 -0.8039497E-03 -0.1925857E-03  0.0000000E+00  0.0000000E+00 -0.7520202E-04  0.0000000E+00
         1    26      8 -0.9188030E-03 -0.2200980E-03  0.0000000E+00  0.0000000E+00 -0.8601808E-04  0.0000000E+00
         1    26      9 -0.1033657E-02 -0.2476103E-03  0.0000000E+00  0.0000000E+00 -0.9685232E-04  0.0000000E+00
         1    26     10  0.1063618E-02  0.1619543E-03  0.0000000E+00  0.0000000E+00  0.3957558E-02  0.1000000E-02

         1    27      0  0.0000000E+00  0.0000000E+00  0.0000000E+00  0.0000000E+00  0.0000000E+00  0.0000000E+00
         1    27      1  0.0000000E+00  0.0000000E+00  0.0000000E+00  0.0000000E+00  0.0000000E+00  0.0000000E+00
         1    27      2 -0.2616270E-03 -0.7309072E-04  0.0000000E+00  0.0000000E+00 -0.2139477E-04  0.0000000E+00
         1    27      3 -0.3924415E-03 -0.1096362E-03  0.0000000E+00  0.0000000E+00 -0.3211941E-04  0.0000000E+00
         1    27      4 -0.5232568E-03 -0.1461818E-03  0.0000000E+00  0.0000000E+00 -0.4286221E-04  0.0000000E+00
         1    27      5 -0.6540728E-03 -0.1827274E-03  0.0000000E+00  0.0000000E+00 -0.5362313E-04  0.0000000E+00
         1    27      6 -0.7848898E-03 -0.2192732E-03  0.0000000E+00  0.0000000E+00 -0.6440218E-04  0.0000000E+00
         1    27      7 -0.9157076E-03 -0.2558190E-03  0.0000000E+00  0.0000000E+00 -0.7519933E-04  0.0000000E+00
         1    27      8 -0.1046526E-02 -0.2923649E-03  0.0000000E+00  0.0000000E+00 -0.8601456E-04  0.0000000E+00
         1    27      9 -0.1177346E-02 -0.3289108E-03  0.0000000E+00  0.0000000E+00 -0.9684787E-04  0.0000000E+00
         1    27     10  0.1164706E-02  0.2438627E-03  0.0000000E+00  0.0000000E+00  0.4056418E-02  0.1000000E-02

         1    28      0  0.0000000E+00  0.0000000E+00  0.0000000E+00  0.0000000E+00  0.0000000E+00  0.0000000E+00
         1    28      1  0.0000000E+00  0.0000000E+00  0.0000000E+00  0.0000000E+00  0.0000000E+00  0.0000000E+00
         1    28      2 -0.3032372E-03 -0.9386127E-04  0.0000000E+00  0.0000000E+00 -0.2139469E-04  0.0000000E+00
         1    28      3 -0.4548569E-03 -0.1407921E-03  0.0000000E+00  0.0000000E+00 -0.3211924E-04  0.0000000E+00
         1    28      4 -0.6064774E-03 -0.1877231E-03  0.0000000E+00  0.0000000E+00 -0.4286189E-04  0.0000000E+00
         1    28      5 -0.7580987E-03 -0.2346542E-03  0.0000000E+00  0.0000000E+00 -0.5362265E-04  0.0000000E+00
         1    28      6 -0.9097210E-03 -0.2815855E-03  0.0000000E+00  0.0000000E+00 -0.6440148E-04  0.0000000E+00
         1    28      7 -0.1061344E-02 -0.3285169E-03  0.0000000E+00  0.0000000E+00 -0.7519838E-04  0.0000000E+00
         1    28      8 -0.1212968E-02 -0.3754485E-03  0.0000000E+00  0.0000000E+00 -0.8601332E-04  0.0000000E+00
         1    28      9 -0.1364594E-02 -0.4223802E-03  0.0000000E+00  0.0000000E+00 -0.9684629E-04  0.0000000E+00
         1    28     10  0.1308846E-02  0.3347853E-03  0.0000000E+00  0.0000000E+00  0.4155276E-02  0.1000000E-02

         1    29      0  0.0000000E+00  0.0000000E+00  0.0000000E+00  0.0000000E+00  0.0000000E+00  0.0000000E+00
         1    29      1  0.0000000E+00  0.0000000E+00  0.0000000E+00  0.0000000E+00  0.0000000E+00  0.0000000E+00
         1    29      2 -0.3267025E-03 -0.9386127E-04  0.0000000E+00  0.0000000E+00 -0.2139530E-04  0.0000000E+00
         1    29      3 -0.4900549E-03 -0.1407921E-03  0.0000000E+00  0.0000000E+00 -0.3212061E-04  0.0000000E+00
         1    29      4 -0.6534081E-03 -0.1877231E-03  0.0000000E+00  0.0000000E+00 -0.4286434E-04  0.0000000E+00
         1    29      5 -0.8167623E-03 -0.2346542E-03  0.0000000E+00  0.0000000E+00 -0.5362647E-04  0.0000000E+00
         1    29      6 -0.9801174E-03 -0.2815855E-03  0.0000000E+00  0.0000000E+00 -0.6440698E-04  0.0000000E+00
         1    29      7 -0.1143473E-02 -0.3285169E-03  0.0000000E+00  0.0000000E+00 -0.7520587E-04  0.0000000E+00
         1    29      8 -0.1306831E-02 -0.3754485E-03  0.0000000E+00  0.0000000E+00 -0.8602310E-04  0.0000000E+00
         1    29      9 -0.1470189E-02 -0.4223802E-03  0.0000000E+00  0.0000000E+00 -0.9685867E-04  0.0000000E+00
         1    29     10  0.1392495E-02  0.3347853E-03  0.0000000E+00  0.0000000E+00  0.4204692E-02  0.1000000E-02

         1    30      0  0.0000000E+00  0.0000000E+00  0.0000000E+00  0.0000000E+00  0.0000000E+00  0.0000000E+00
         1    30      1  0.0000000E+00  0.0000000E+00  0.0000000E+00  0.0000000E+00  0.0000000E+00  0.0000000E+00
         1    30      2 -0.3407817E-03 -0.9386127E-04  0.0000000E+00  0.0000000E+00 -0.2139567E-04  0.0000000E+00
         1    30      3 -0.5111737E-03 -0.1407921E-03  0.0000000E+00  0.0000000E+00 -0.3212144E-04  0.0000000E+00
         1    30      4 -0.6815666E-03 -0.1877231E-03  0.0000000E+00  0.0000000E+00 -0.4286581E-04  0.0000000E+00
         1    30      5 -0.8519604E-03 -0.2346542E-03  0.0000000E+00  0.0000000E+00 -0.5362876E-04  0.0000000E+00
         1    30      6 -0.1022355E-02 -0.2815855E-03  0.0000000E+00  0.0000000E+00 -0.6441028E-04  0.0000000E+00
         1    30      7 -0.1192751E-02 -0.3285169E-03  0.0000000E+00  0.0000000E+00 -0.7521036E-04  0.0000000E+00
         1    30      8 -0.1363148E-02 -0.3754485E-03  0.0000000E+00  0.0000000E+00 -0.8602897E-04  0.0000000E+00
         1    30      9 -0.1533546E-02 -0.4223802E-03  0.0000000E+00  0.0000000E+00 -0.9686610E-04  0.0000000E+00
         1    30     10  0.1442685E-02  0.3347853E-03  0.0000000E+00  0.0000000E+00  0.4234343E-02  0.1000000E-02

         1    31      0  0.0000000E+00  0.0000000E+00  0.0000000E+00  0.0000000E+00  0.0000000E+00  0.0000000E+00
         1    31      1  0.0000000E+00  0.0000000E+00  0.0000000E+00  0.0000000E+00  0.0000000E+00  0.0000000E+00
         1    31      2 -0.3642470E-03 -0.9386127E-04  0.0000000E+00  0.0000000E+00 -0.2139628E-04  0.0000000E+00
         1    31      3 -0.5463717E-03 -0.1407921E-03  0.0000000E+00  0.0000000E+00 -0.3212281E-04  0.0000000E+00
         1    31      4 -0.7284974E-03 -0.1877231E-03  0.0000000E+00  0.0000000E+00 -0.4286825E-04  0.0000000E+00
         1    31      5 -0.9106240E-03 -0.2346542E-03  0.0000000E+00  0.0000000E+00 -0.5363258E-04  0.0000000E+00
         1    31      6 -0.1092752E-02 -0.2815855E-03  0.0000000E+00  0.0000000E+00 -0.6441579E-04  0.0000000E+00
         1    31      7 -0.1274880E-02 -0.3285169E-03  0.0000000E+00  0.0000000E+00 -0.7521785E-04  0.0000000E+00
         1    31      8 -0.1457010E-02 -0.3754485E-03  0.0000000E+00  0.0000000E+00 -0.8603875E-04  0.0000000E+00
         1    31      9 -0.1639141E-02 -0.4223802E-03  0.0000000E+00  0.0000000E+00 -0.9687848E-04  0.0000000E+00
         1    31     10  0.1526335E-02  0.3347853E-03  0.0000000E+00  0.0000000E+00  0.4283760E-02  0.1000000E-02

         1    32      0  0.0000000E+00  0.0000000E+00  0.0000000E+00  0.0000000E+00  0.0000000E+00  0.0000000E+00
         1    32      1  0.0000000E+00  0.0000000E+00  0.0000000E+00  0.0000000E+00  0.0000000E+00  0.0000000E+00
         1    32      2 -0.7973670E-03 -0.9064130E-04  0.0000000E+00  0.0000000E+00  0.4526541E-04  0.0000000E+00
         1    32      3 -0.1196044E-02 -0.1359630E-03  0.0000000E+00  0.0000000E+00  0.6786050E-04  0.0000000E+00
         1    32      4 -0.1594718E-02 -0.1812854E-03  0.0000000E+00  0.0000000E+00  0.9043056E-04  0.0000000E+00
         1    32      5 -0.1993388E-02 -0.2266084E-03  0.0000000E+00  0.0000000E+00  0.1129756E-03  0.0000000E+00
         1    32      6 -0.2392054E-02 -0.2719322E-03  0.0000000E+00  0.0000000E+00  0.1354956E-03  0.0000000E+00
         1    32      7 -0.2790716E-02 -0.3172567E-03  0.0000000E+00  0.0000000E+00  0.1579907E-03  0.0000000E+00
         1    32      8 -0.3189375E-02 -0.3625818E-03  0.0000000E+00  0.0000000E+00  0.1804609E-03  0.0000000E+00
         1    32      9 -0.3588030E-02 -0.4079077E-03  0.0000000E+00  0.0000000E+00  0.2029061E-03  0.0000000E+00
         1    32     10  0.3335141E-02  0.4360421E-03  0.0000000E+00  0.0000000E+00  0.4936105E-02  0.1000000E-02

         1    33      0  0.0000000E+00  0.0000000E+00  0.0000000E+00  0.0000000E+00  0.0000000E+00  0.0000000E+00
         1    33      1  0.0000000E+00  0.0000000E+00  0.0000000E+00  0.0000000E+00  0.0000000E+00  0.0000000E+00
         1    33      2 -0.8200273E-03 -0.9064130E-04  0.0000000E+00  0.0000000E+00  0.4526484E-04  0.0000000E+00
         1    33      3 -0.1230035E-02 -0.1359630E-03  0.0000000E+00  0.0000000E+00  0.6785922E-04  0.0000000E+00
         1    33      4 -0.1640039E-02 -0.1812854E-03  0.0000000E+00  0.0000000E+00  0.9042828E-04  0.0000000E+00
         1    33      5 -0.2050040E-02 -0.2266084E-03  0.0000000E+00  0.0000000E+00  0.1129720E-03  0.0000000E+00
         1    33      6 -0.2460037E-02 -0.2719322E-03  0.0000000E+00  0.0000000E+00  0.1354905E-03  0.0000000E+00
         1    33      7 -0.2870030E-02 -0.3172567E-03  0.0000000E+00  0.0000000E+00  0.1579837E-03  0.0000000E+00
         1    33      8 -0.3280020E-02 -0.3625818E-03  0.0000000E+00  0.0000000E+00  0.1804517E-03  0.0000000E+00
         1    33      9 -0.3690007E-02 -0.4079077E-03  0.0000000E+00  0.0000000E+00  0.2028945E-03  0.0000000E+00
         1    33     10  0.3444091E-02  0.4360421E-03  0.0000000E+00  0.0000000E+00  0.4985516E-02  0.1000000E-02

         1    34      0  0.0000000E+00  0.0000000E+00  0.0000000E+00  0.0000000E+00  0.0000000E+00  0.0000000E+00
         1    34      1  0.0000000E+00  0.0000000E+00  0.0000000E+00  0.0000000E+00  0.0000000E+00  0.0000000E+00
         1    34      2 -0.8336236E-03 -0.9064279E-04  0.0000000E+00  0.0000000E+00  0.4526449E-04  0.0000000E+00
         1    34      3 -0.1250430E-02 -0.1359663E-03  0.0000000E+00  0.0000000E+00  0.6785845E-04  0.0000000E+00
         1    34      4 -0.1667233E-02 -0.1812913E-03  0.0000000E+00  0.0000000E+00  0.9042691E-04  0.0000000E+00
         1    34      5 -0.2084032E-02 -0.2266177E-03  0.0000000E+00  0.0000000E+00  0.1129699E-03  0.0000000E+00
         1    34      6 -0.2500828E-02 -0.2719456E-03  0.0000000E+00  0.0000000E+00  0.1354874E-03  0.0000000E+00
         1    34      7 -0.2917620E-02 -0.3172749E-03  0.0000000E+00  0.0000000E+00  0.1579795E-03  0.0000000E+00
         1    34      8 -0.3334409E-02 -0.3626057E-03  0.0000000E+00  0.0000000E+00  0.1804463E-03  0.0000000E+00
         1    34      9 -0.3751195E-02 -0.4079379E-03  0.0000000E+00  0.0000000E+00  0.2028876E-03  0.0000000E+00
         1    34     10  0.3509459E-02  0.4360158E-03  0.0000000E+00  0.0000000E+00  0.5015163E-02  0.1000000E-02

         1    35      0  0.0000000E+00  0.0000000E+00  0.0000000E+00  0.0000000E+00  0.0000000E+00  0.0000000E+00
         1    35      1  0.0000000E+00  0.0000000E+00  0.0000000E+00  0.0000000E+00  0.0000000E+00  0.0000000E+00
         1    35      2 -0.8562843E-03 -0.9064279E-04  0.0000000E+00  0.0000000E+00  0.4526392E-04  0.0000000E+00
         1    35      3 -0.1284422E-02 -0.1359663E-03  0.0000000E+00  0.0000000E+00  0.6785717E-04  0.0000000E+00
         1    35      4 -0.1712556E-02 -0.1812913E-03  0.0000000E+00  0.0000000E+00  0.9042463E-04  0.0000000E+00
         1    35      5 -0.2140686E-02 -0.2266177E-03  0.0000000E+00  0.0000000E+00  0.1129663E-03  0.0000000E+00
         1    35      6 -0.2568814E-02 -0.2719456E-03  0.0000000E+00  0.0000000E+00  0.1354823E-03  0.0000000E+00
         1    35      7 -0.2996939E-02 -0.3172749E-03  0.0000000E+00  0.0000000E+00  0.1579726E-03  0.0000000E+00
         1    35      8 -0.3425061E-02 -0.3626057E-03  0.0000000E+00  0.0000000E+00  0.1804371E-03  0.0000000E+00
         1    35      9 -0.3853180E-02 -0.4079379E-03  0.0000000E+00  0.0000000E+00  0.2028760E-03  0.0000000E+00
         1    35     10  0.3618402E-02  0.4360158E-03  0.0000000E+00  0.0000000E+00  0.5064575E-02  0.1000000E-02

         1    36      0  0.0000000E+00  0.0000000E+00  0.0000000E+00  0.0000000E+00  0.0000000E+00  0.0000000E+00
         1    36      1  0.0000000E+00  0.0000000E+00  0.0000000E+00  0.0000000E+00  0.0000000E+00  0.0000000E+00
         1    36      2 -0.8840380E-03 -0.1999734E-04  0.0000000E+00  0.0000000E+00  0.4525245E-04  0.0000000E+00
         1    36      3 -0.1326053E-02 -0.2999852E-04  0.0000000E+00  0.0000000E+00  0.6783134E-04  0.0000000E+00
         1    36      4 -0.1768066E-02 -0.4000135E-04  0.0000000E+00  0.0000000E+00  0.9037872E-04  0.0000000E+00
         1    36      5 -0.2210076E-02 -0.5000584E-04  0.0000000E+00  0.0000000E+00  0.1128946E-03  0.0000000E+00
         1    36      6 -0.2652085E-02 -0.6001197E-04  0.0000000E+00  0.0000000E+00  0.1353790E-03  0.0000000E+00
         1    36      7 -0.3094091E-02 -0.7001974E-04  0.0000000E+00  0.0000000E+00  0.1578320E-03  0.0000000E+00
         1    36      8 -0.3536094E-02 -0.8002915E-04  0.0000000E+00  0.0000000E+00  0.1802535E-03  0.0000000E+00
         1    36      9 -0.3978096E-02 -0.9004018E-04  0.0000000E+00  0.0000000E+00  0.2026436E-03  0.0000000E+00
         1    36     10  0.3761943E-02  0.1365305E-03  0.0000000E+00  0.0000000E+00  0.5163214E-02  0.1000000E-02

         1    37      0  0.0000000E+00  0.0000000E+00  0.0000000E+00  0.0000000E+00  0.0000000E+00  0.0000000E+00
         1    37      1  0.0000000E+00  0.0000000E+00  0.0000000E+00  0.0000000E+00  0.0000000E+00  0.0000000E+00
         1    37      2 -0.8761471E-03  0.5145439E-04  0.0000000E+00  0.0000000E+00  0.4524111E-04  0.0000000E+00
         1    37      3 -0.1314218E-02  0.7717884E-04  0.0000000E+00  0.0000000E+00  0.6780583E-04  0.0000000E+00
         1    37      4 -0.1752288E-02  0.1029015E-03  0.0000000E+00  0.0000000E+00  0.9033337E-04  0.0000000E+00
         1    37      5 -0.2190356E-02  0.1286223E-03  0.0000000E+00  0.0000000E+00  0.1128237E-03  0.0000000E+00
         1    37      6 -0.2628422E-02  0.1543414E-03  0.0000000E+00  0.0000000E+00  0.1352770E-03  0.0000000E+00
         1    37      7 -0.3066488E-02  0.1800586E-03  0.0000000E+00  0.0000000E+00  0.1576931E-03  0.0000000E+00
         1    37      8 -0.3504552E-02  0.2057742E-03  0.0000000E+00  0.0000000E+00  0.1800721E-03  0.0000000E+00
         1    37      9 -0.3942614E-02  0.2314879E-03  0.0000000E+00  0.0000000E+00  0.2024140E-03  0.0000000E+00
         1    37     10  0.3753940E-02 -0.1684547E-03  0.0000000E+00  0.0000000E+00  0.5261858E-02  0.1000000E-02

         1    38      0  0.0000000E+00  0.0000000E+00  0.0000000E+00  0.0000000E+00  0.0000000E+00  0.0000000E+00
         1    38      1  0.0000000E+00  0.0000000E+00  0.0000000E+00  0.0000000E+00  0.0000000E+00  0.0000000E+00
         1    38      2 -0.8632835E-03  0.5145439E-04  0.0000000E+00  0.0000000E+00  0.4524093E-04  0.0000000E+00
         1    38      3 -0.1294923E-02  0.7717884E-04  0.0000000E+00  0.0000000E+00  0.6780542E-04  0.0000000E+00
         1    38      4 -0.1726562E-02  0.1029015E-03  0.0000000E+00  0.0000000E+00  0.9033263E-04  0.0000000E+00
         1    38      5 -0.2158200E-02  0.1286223E-03  0.0000000E+00  0.0000000E+00  0.1128226E-03  0.0000000E+00
         1    38      6 -0.2589837E-02  0.1543414E-03  0.0000000E+00  0.0000000E+00  0.1352753E-03  0.0000000E+00
         1    38      7 -0.3021473E-02  0.1800586E-03  0.0000000E+00  0.0000000E+00  0.1576908E-03  0.0000000E+00
         1    38      8 -0.3453108E-02  0.2057742E-03  0.0000000E+00  0.0000000E+00  0.1800692E-03  0.0000000E+00
         1    38      9 -0.3884742E-02  0.2314879E-03  0.0000000E+00  0.0000000E+00  0.2024103E-03  0.0000000E+00
         1    38     10  0.3711849E-02 -0.1684547E-03  0.0000000E+00  0.0000000E+00  0.5311281E-02  0.1000000E-02

         1    39      0  0.0000000E+00  0.0000000E+00  0.0000000E+00  0.0000000E+00  0.0000000E+00  0.0000000E+00
         1    39      1  0.0000000E+00  0.0000000E+00  0.0000000E+00  0.0000000E+00  0.0000000E+00  0.0000000E+00
         1    39      2 -0.8555653E-03  0.5145439E-04  0.0000000E+00  0.0000000E+00  0.4524081E-04  0.0000000E+00
         1    39      3 -0.1283347E-02  0.7717884E-04  0.0000000E+00  0.0000000E+00  0.6780517E-04  0.0000000E+00
         1    39      4 -0.1711127E-02  0.1029015E-03  0.0000000E+00  0.0000000E+00  0.9033219E-04  0.0000000E+00
         1    39      5 -0.2138907E-02  0.1286223E-03  0.0000000E+00  0.0000000E+00  0.1128219E-03  0.0000000E+00
         1    39      6 -0.2566686E-02  0.1543414E-03  0.0000000E+00  0.0000000E+00  0.1352743E-03  0.0000000E+00
         1    39      7 -0.2994464E-02  0.1800586E-03  0.0000000E+00  0.0000000E+00  0.1576895E-03  0.0000000E+00
         1    39      8 -0.3422242E-02  0.2057742E-03  0.0000000E+00  0.0000000E+00  0.1800674E-03  0.0000000E+00
         1    39      9 -0.3850019E-02  0.2314879E-03  0.0000000E+00  0.0000000E+00  0.2024081E-03  0.0000000E+00
         1    39     10  0.3686595E-02 -0.1684547E-03  0.0000000E+00  0.0000000E+00  0.5340935E-02  0.1000000E-02

         1    40      0  0.0000000E+00  0.0000000E+00  0.0000000E+00  0.0000000E+00  0.0000000E+00  0.0000000E+00
         1    40      1  0.0000000E+00  0.0000000E+00  0.0000000E+00  0.0000000E+00  0.0000000E+00  0.0000000E+00
         1    40      2 -0.8427017E-03  0.5145439E-04  0.0000000E+00  0.0000000E+00  0.4524063E-04  0.0000000E+00
         1    40      3 -0.1264052E-02  0.7717884E-04  0.0000000E+00  0.0000000E+00  0.6780476E-04  0.0000000E+00
         1    40      4 -0.1685402E-02  0.1029015E-03  0.0000000E+00  0.0000000E+00  0.9033146E-04  0.0000000E+00
         1    40      5 -0.2106751E-02  0.1286223E-03  0.0000000E+00  0.0000000E+00  0.1128208E-03  0.0000000E+00
         1    40      6 -0.2528101E-02  0.1543414E-03  0.0000000E+00  0.0000000E+00  0.1352727E-03  0.0000000E+00
         1    40      7 -0.2949450E-02  0.1800586E-03  0.0000000E+00  0.0000000E+00  0.1576872E-03  0.0000000E+00
         1    40      8 -0.3370798E-02  0.2057742E-03  0.0000000E+00  0.0000000E+00  0.1800645E-03  0.0000000E+00
         1    40      9 -0.3792147E-02  0.2314879E-03  0.0000000E+00  0.0000000E+00  0.2024044E-03  0.0000000E+00
         1    40     10  0.3644505E-02 -0.1684547E-03  0.0000000E+00  0.0000000E+00  0.5390357E-02  0.1000000E-02

         1    41      0  0.0000000E+00  0.0000000E+00  0.0000000E+00  0.0000000E+00  0.0000000E+00  0.0000000E+00
         1    41      1  0.0000000E+00  0.0000000E+00  0.0000000E+00  0.0000000E+00  0.0000000E+00  0.0000000E+00
         1    41      2 -0.5917883E-03  0.5543174E-04  0.0000000E+00  0.0000000E+00  0.1275716E-03  0.0000000E+00
         1    41      3 -0.8877024E-03  0.8314463E-04  0.0000000E+00  0.0000000E+00  0.1912986E-03  0.0000000E+00
         1    41      4 -0.1183630E-02  0.1108555E-03  0.0000000E+00  0.0000000E+00  0.2549865E-03  0.0000000E+00
         1    41      5 -0.1479571E-02  0.1385645E-03  0.0000000E+00  0.0000000E+00  0.3186352E-03  0.0000000E+00
         1    41      6 -0.1775525E-02  0.1662715E-03  0.0000000E+00  0.0000000E+00  0.3822448E-03  0.0000000E+00
         1    41      7 -0.2071492E-02  0.1939766E-03  0.0000000E+00  0.0000000E+00  0.4458152E-03  0.0000000E+00
         1    41      8 -0.2367473E-02  0.2216798E-03  0.0000000E+00  0.0000000E+00  0.5093467E-03  0.0000000E+00
         1    41      9 -0.2663467E-02  0.2493811E-03  0.0000000E+00  0.0000000E+00  0.5728390E-03  0.0000000E+00
         1    41     10  0.3079431E-02 -0.7234113E-04  0.0000000E+00  0.0000000E+00  0.5936057E-02  0.1000000E-02

         1    42      0  0.0000000E+00  0.0000000E+00  0.0000000E+00  0.0000000E+00  0.0000000E+00  0.0000000E+00
         1    42      1  0.0000000E+00  0.0000000E+00  0.0000000E+00  0.0000000E+00  0.0000000E+00  0.0000000E+00
         1    42      2 -0.5779303E-03  0.5543174E-04  0.0000000E+00  0.0000000E+00  0.1275714E-03  0.0000000E+00
         1    42      3 -0.8669163E-03  0.8314463E-04  0.0000000E+00  0.0000000E+00  0.1912982E-03  0.0000000E+00
         1    42      4 -0.1155916E-02  0.1108555E-03  0.0000000E+00  0.0000000E+00  0.2549856E-03  0.0000000E+00
         1    42      5 -0.1444930E-02  0.1385645E-03  0.0000000E+00  0.0000000E+00  0.3186338E-03  0.0000000E+00
         1    42      6 -0.1733957E-02  0.1662715E-03  0.0000000E+00  0.0000000E+00  0.3822428E-03  0.0000000E+00
         1    42      7 -0.2022998E-02  0.1939766E-03  0.0000000E+00  0.0000000E+00  0.4458126E-03  0.0000000E+00
         1    42      8 -0.2312053E-02  0.2216798E-03  0.0000000E+00  0.0000000E+00  0.5093433E-03  0.0000000E+00
         1    42      9 -0.2601122E-02  0.2493811E-03  0.0000000E+00  0.0000000E+00  0.5728347E-03  0.0000000E+00
         1    42     10  0.3061356E-02 -0.7234113E-04  0.0000000E+00  0.0000000E+00  0.5985482E-02  0.1000000E-02

         1    43      0  0.0000000E+00  0.0000000E+00  0.0000000E+00  0.0000000E+00  0.0000000E+00  0.0000000E+00
         1    43      1  0.0000000E+00  0.0000000E+00  0.0000000E+00  0.0000000E+00  0.0000000E+00  0.0000000E+00
         1    43      2 -0.5696158E-03  0.5542914E-04  0.0000000E+00  0.0000000E+00  0.1275713E-03  0.0000000E+00
         1    43      3 -0.8544450E-03  0.8313879E-04  0.0000000E+00  0.0000000E+00  0.1912979E-03  0.0000000E+00
         1    43      4 -0.1139288E-02  0.1108452E-03  0.0000000E+00  0.0000000E+00  0.2549851E-03  0.0000000E+00
         1    43      5 -0.1424146E-02  0.1385483E-03  0.0000000E+00  0.0000000E+00  0.3186331E-03  0.0000000E+00
         1    43      6 -0.1709018E-02  0.1662482E-03  0.0000000E+00  0.0000000E+00  0.3822417E-03  0.0000000E+00
         1    43      7 -0.1993904E-02  0.1939448E-03  0.0000000E+00  0.0000000E+00  0.4458111E-03  0.0000000E+00
         1    43      8 -0.2278804E-02  0.2216383E-03  0.0000000E+00  0.0000000E+00  0.5093412E-03  0.0000000E+00
         1    43      9 -0.2563718E-02  0.2493285E-03  0.0000000E+00  0.0000000E+00  0.5728321E-03  0.0000000E+00
         1    43     10  0.3050505E-02 -0.7241475E-04  0.0000000E+00  0.0000000E+00  0.6015136E-02  0.1000000E-02

         1    44      0  0.0000000E+00  0.0000000E+00  0.0000000E+00  0.0000000E+00  0.0000000E+00  0.0000000E+00
         1    44      1  0.0000000E+00  0.0000000E+00  0.0000000E+00  0.0000000E+00  0.0000000E+00  0.0000000E+00
         1    44      2 -0.5557585E-03  0.5542914E-04  0.0000000E+00  0.0000000E+00  0.1275711E-03  0.0000000E+00
         1    44      3 -0.8336603E-03  0.8313879E-04  0.0000000E+00  0.0000000E+00  0.1912974E-03  0.0000000E+00
         1    44      4 -0.1111577E-02  0.1108452E-03  0.0000000E+00  0.0000000E+00  0.2549843E-03  0.0000000E+00
         1    44      5 -0.1389509E-02  0.1385483E-03  0.0000000E+00  0.0000000E+00  0.3186317E-03  0.0000000E+00
         1    44      6 -0.1667456E-02  0.1662482E-03  0.0000000E+00  0.0000000E+00  0.3822398E-03  0.0000000E+00
         1    44      7 -0.1945418E-02  0.1939448E-03  0.0000000E+00  0.0000000E+00  0.4458085E-03  0.0000000E+00
         1    44      8 -0.2223395E-02  0.2216383E-03  0.0000000E+00  0.0000000E+00  0.5093378E-03  0.0000000E+00
         1    44      9 -0.2501386E-02  0.2493285E-03  0.0000000E+00  0.0000000E+00  0.5728278E-03  0.0000000E+00
         1    44     10  0.3032411E-02 -0.7241475E-04  0.0000000E+00  0.0000000E+00  0.6064561E-02  0.1000000E-02

         1    45      0  0.0000000E+00  0.0000000E+00  0.0000000E+00  0.0000000E+00  0.0000000E+00  0.0000000E+00
         1    45      1  0.0000000E+00  0.0000000E+00  0.0000000E+00  0.0000000E+00  0.0000000E+00  0.0000000E+00
         1    45      2 -0.5381540E-03  0.1520503E-04  0.0000000E+00  0.0000000E+00  0.1275748E-03  0.0000000E+00
         1    45      3 -0.8072565E-03  0.2280084E-04  0.0000000E+00  0.0000000E+00  0.1913058E-03  0.0000000E+00
         1    45      4 -0.1076376E-02  0.3039222E-04  0.0000000E+00  0.0000000E+00  0.2549991E-03  0.0000000E+00
         1    45      5 -0.1345512E-02  0.3797917E-04  0.0000000E+00  0.0000000E+00  0.3186550E-03  0.0000000E+00
         1    45      6 -0.1614666E-02  0.4556171E-04  0.0000000E+00  0.0000000E+00  0.3822732E-03  0.0000000E+00
         1    45      7 -0.1883836E-02  0.5313985E-04  0.0000000E+00  0.0000000E+00  0.4458540E-03  0.0000000E+00
         1    45      8 -0.2153023E-02  0.6071362E-04  0.0000000E+00  0.0000000E+00  0.5093973E-03  0.0000000E+00
         1    45      9 -0.2422227E-02  0.6828302E-04  0.0000000E+00  0.0000000E+00  0.5729032E-03  0.0000000E+00
         1    45     10  0.3052046E-02  0.1512369E-03  0.0000000E+00  0.0000000E+00  0.6163530E-02  0.1000000E-02

         1    46      0  0.0000000E+00  0.0000000E+00  0.0000000E+00  0.0000000E+00  0.0000000E+00  0.0000000E+00
         1    46      1  0.0000000E+00  0.0000000E+00  0.0000000E+00  0.0000000E+00  0.0000000E+00  0.0000000E+00
         1    46      2 -0.5404598E-03 -0.2445655E-04  0.0000000E+00  0.0000000E+00  0.1275786E-03  0.0000000E+00
         1    46      3 -0.8107190E-03 -0.3669353E-04  0.0000000E+00  0.0000000E+00  0.1913143E-03  0.0000000E+00
         1    46      4 -0.1080998E-02 -0.4893629E-04  0.0000000E+00  0.0000000E+00  0.2550143E-03  0.0000000E+00
         1    46      5 -0.1351296E-02 -0.6118482E-04  0.0000000E+00  0.0000000E+00  0.3186786E-03  0.0000000E+00
         1    46      6 -0.1621614E-02 -0.7343910E-04  0.0000000E+00  0.0000000E+00  0.3823073E-03  0.0000000E+00
         1    46      7 -0.1891951E-02 -0.8569909E-04  0.0000000E+00  0.0000000E+00  0.4459003E-03  0.0000000E+00
         1    46      8 -0.2162307E-02 -0.9796480E-04  0.0000000E+00  0.0000000E+00  0.5094578E-03  0.0000000E+00
         1    46      9 -0.2432683E-02 -0.1102362E-03  0.0000000E+00  0.0000000E+00  0.5729797E-03  0.0000000E+00
         1    46     10  0.3184494E-02  0.3804788E-03  0.0000000E+00  0.0000000E+00  0.6262496E-02  0.1000000E-02

         1    47      0  0.0000000E+00  0.0000000E+00  0.0000000E+00  0.0000000E+00  0.0000000E+00  0.0000000E+00
         1    47      1  0.0000000E+00  0.0000000E+00  0.0000000E+00  0.0000000E+00  0.0000000E+00  0.0000000E+00
         1    47      2 -0.5465739E-03 -0.2445655E-04  0.0000000E+00  0.0000000E+00  0.1275785E-03  0.0000000E+00
         1    47      3 -0.8198924E-03 -0.3669353E-04  0.0000000E+00  0.0000000E+00  0.1913142E-03  0.0000000E+00
         1    47      4 -0.1093232E-02 -0.4893629E-04  0.0000000E+00  0.0000000E+00  0.2550141E-03  0.0000000E+00
         1    47      5 -0.1366592E-02 -0.6118482E-04  0.0000000E+00  0.0000000E+00  0.3186783E-03  0.0000000E+00
         1    47      6 -0.1639973E-02 -0.7343910E-04  0.0000000E+00  0.0000000E+00  0.3823069E-03  0.0000000E+00
         1    47      7 -0.1913375E-02 -0.8569909E-04  0.0000000E+00  0.0000000E+00  0.4458998E-03  0.0000000E+00
         1    47      8 -0.2186798E-02 -0.9796480E-04  0.0000000E+00  0.0000000E+00  0.5094571E-03  0.0000000E+00
         1    47      9 -0.2460242E-02 -0.1102362E-03  0.0000000E+00  0.0000000E+00  0.5729789E-03  0.0000000E+00
         1    47     10  0.3279561E-02  0.3804788E-03  0.0000000E+00  0.0000000E+00  0.6311911E-02  0.1000000E-02

         1    48      0  0.0000000E+00  0.0000000E+00  0.0000000E+00  0.0000000E+00  0.0000000E+00  0.0000000E+00
         1    48      1  0.0000000E+00  0.0000000E+00  0.0000000E+00  0.0000000E+00  0.0000000E+00  0.0000000E+00
         1    48      2 -0.5502424E-03 -0.2445655E-04  0.0000000E+00  0.0000000E+00  0.1275785E-03  0.0000000E+00
         1    48      3 -0.8253965E-03 -0.3669353E-04  0.0000000E+00  0.0000000E+00  0.1913141E-03  0.0000000E+00
         1    48      4 -0.1100572E-02 -0.4893629E-04  0.0000000E+00  0.0000000E+00  0.2550140E-03  0.0000000E+00
         1    48      5 -0.1375770E-02 -0.6118482E-04  0.0000000E+00  0.0000000E+00  0.3186782E-03  0.0000000E+00
         1    48      6 -0.1650989E-02 -0.7343910E-04  0.0000000E+00  0.0000000E+00  0.3823067E-03  0.0000000E+00
         1    48      7 -0.1926230E-02 -0.8569909E-04  0.0000000E+00  0.0000000E+00  0.4458995E-03  0.0000000E+00
         1    48      8 -0.2201493E-02 -0.9796480E-04  0.0000000E+00  0.0000000E+00  0.5094567E-03  0.0000000E+00
         1    48      9 -0.2476777E-02 -0.1102362E-03  0.0000000E+00  0.0000000E+00  0.5729784E-03  0.0000000E+00
         1    48     10  0.3336601E-02  0.3804788E-03  0.0000000E+00  0.0000000E+00  0.6341560E-02  0.1000000E-02

         1    49      0  0.0000000E+00  0.0000000E+00  0.0000000E+00  0.0000000E+00  0.0000000E+00  0.0000000E+00
         1    49      1  0.0000000E+00  0.0000000E+00  0.0000000E+00  0.0000000E+00  0.0000000E+00  0.0000000E+00
         1    49      2 -0.5563566E-03 -0.2445655E-04  0.0000000E+00  0.0000000E+00  0.1275785E-03  0.0000000E+00
         1    49      3 -0.8345698E-03 -0.3669353E-04  0.0000000E+00  0.0000000E+00  0.1913140E-03  0.0000000E+00
         1    49      4 -0.1112806E-02 -0.4893629E-04  0.0000000E+00  0.0000000E+00  0.2550138E-03  0.0000000E+00
         1    49      5 -0.1391066E-02 -0.6118482E-04  0.0000000E+00  0.0000000E+00  0.3186779E-03  0.0000000E+00
         1    49      6 -0.1669349E-02 -0.7343910E-04  0.0000000E+00  0.0000000E+00  0.3823063E-03  0.0000000E+00
         1    49      7 -0.1947655E-02 -0.8569909E-04  0.0000000E+00  0.0000000E+00  0.4458990E-03  0.0000000E+00
         1    49      8 -0.2225984E-02 -0.9796480E-04  0.0000000E+00  0.0000000E+00  0.5094561E-03  0.0000000E+00
         1    49      9 -0.2504336E-02 -0.1102362E-03  0.0000000E+00  0.0000000E+00  0.5729775E-03  0.0000000E+00
         1    49     10  0.3431668E-02  0.3804788E-03  0.0000000E+00  0.0000000E+00  0.6390974E-02  0.1000000E-02

         1    50      0  0.0000000E+00  0.0000000E+00  0.0000000E+00  0.0000000E+00  0.0000000E+00  0.0000000E+00
         1    50      1  0.0000000E+00  0.0000000E+00  0.0000000E+00  0.0000000E+00  0.0000000E+00  0.0000000E+00
         1    50      2 -0.6632412E-03 -0.2107478E-04  0.0000000E+00  0.0000000E+00  0.1975786E-03  0.0000000E+00
         1    50      3 -0.9949346E-03 -0.3162064E-04  0.0000000E+00  0.0000000E+00  0.2963193E-03  0.0000000E+00
         1    50      4 -0.1326676E-02 -0.4217213E-04  0.0000000E+00  0.0000000E+00  0.3950274E-03  0.0000000E+00
         1    50      5 -0.1658466E-02 -0.5272922E-04  0.0000000E+00  0.0000000E+00  0.4937032E-03  0.0000000E+00
         1    50      6 -0.1990304E-02 -0.6329191E-04  0.0000000E+00  0.0000000E+00  0.5923466E-03  0.0000000E+00
         1    50      7 -0.2322189E-02 -0.7386016E-04  0.0000000E+00  0.0000000E+00  0.6909576E-03  0.0000000E+00
         1    50      8 -0.2654123E-02 -0.8443396E-04  0.0000000E+00  0.0000000E+00  0.7895362E-03  0.0000000E+00
         1    50      9 -0.2986104E-02 -0.9501330E-04  0.0000000E+00  0.0000000E+00  0.8880824E-03  0.0000000E+00
         1    50     10  0.5429124E-02  0.4706509E-03  0.0000000E+00  0.0000000E+00  0.6813894E-02  0.1000000E-02

         1    51      0  0.0000000E+00  0.0000000E+00  0.0000000E+00  0.0000000E+00  0.0000000E+00  0.0000000E+00
         1    51      1  0.0000000E+00  0.0000000E+00  0.0000000E+00  0.0000000E+00  0.0000000E+00  0.0000000E+00
         1    51      2 -0.6685099E-03 -0.2107478E-04  0.0000000E+00  0.0000000E+00  0.1975786E-03  0.0000000E+00
         1    51      3 -0.1002840E-02 -0.3162064E-04  0.0000000E+00  0.0000000E+00  0.2963192E-03  0.0000000E+00
         1    51      4 -0.1337219E-02 -0.4217213E-04  0.0000000E+00  0.0000000E+00  0.3950273E-03  0.0000000E+00
         1    51      5 -0.1671648E-02 -0.5272922E-04  0.0000000E+00  0.0000000E+00  0.4937030E-03  0.0000000E+00
         1    51      6 -0.2006127E-02 -0.6329191E-04  0.0000000E+00  0.0000000E+00  0.5923463E-03  0.0000000E+00
         1    51      7 -0.2340654E-02 -0.7386016E-04  0.0000000E+00  0.0000000E+00  0.6909572E-03  0.0000000E+00
         1    51      8 -0.2675231E-02 -0.8443396E-04  0.0000000E+00  0.0000000E+00  0.7895357E-03  0.0000000E+00
         1    51      9 -0.3009857E-02 -0.9501330E-04  0.0000000E+00  0.0000000E+00  0.8880818E-03  0.0000000E+00
         1    51     10  0.5546721E-02  0.4706509E-03  0.0000000E+00  0.0000000E+00  0.6863304E-02  0.1000000E-02

         1    52      0  0.0000000E+00  0.0000000E+00  0.0000000E+00  0.0000000E+00  0.0000000E+00  0.0000000E+00
         1    52      1  0.0000000E+00  0.0000000E+00  0.0000000E+00  0.0000000E+00  0.0000000E+00  0.0000000E+00
         1    52      2 -0.6716704E-03 -0.2106502E-04  0.0000000E+00  0.0000000E+00  0.1975786E-03  0.0000000E+00
         1    52      3 -0.1007581E-02 -0.3159867E-04  0.0000000E+00  0.0000000E+00  0.2963191E-03  0.0000000E+00
         1    52      4 -0.1343542E-02 -0.4213306E-04  0.0000000E+00  0.0000000E+00  0.3950272E-03  0.0000000E+00
         1    52      5 -0.1679553E-02 -0.5266816E-04  0.0000000E+00  0.0000000E+00  0.4937029E-03  0.0000000E+00
         1    52      6 -0.2015614E-02 -0.6320397E-04  0.0000000E+00  0.0000000E+00  0.5923461E-03  0.0000000E+00
         1    52      7 -0.2351724E-02 -0.7374044E-04  0.0000000E+00  0.0000000E+00  0.6909570E-03  0.0000000E+00
         1    52      8 -0.2687885E-02 -0.8427758E-04  0.0000000E+00  0.0000000E+00  0.7895354E-03  0.0000000E+00
         1    52      9 -0.3024094E-02 -0.9481534E-04  0.0000000E+00  0.0000000E+00  0.8880814E-03  0.0000000E+00
         1    52     10  0.5617330E-02  0.4713286E-03  0.0000000E+00  0.0000000E+00  0.6892949E-02  0.1000000E-02

         1    53      0  0.0000000E+00  0.0000000E+00  0.0000000E+00  0.0000000E+00  0.0000000E+00  0.0000000E+00
         1    53      1  0.0000000E+00  0.0000000E+00  0.0000000E+00  0.0000000E+00  0.0000000E+00  0.0000000E+00
         1    53      2 -0.6769367E-03 -0.2106502E-04  0.0000000E+00  0.0000000E+00  0.1975785E-03  0.0000000E+00
         1    53      3 -0.1015481E-02 -0.3159867E-04  0.0000000E+00  0.0000000E+00  0.2963191E-03  0.0000000E+00
         1    53      4 -0.1354075E-02 -0.4213306E-04  0.0000000E+00  0.0000000E+00  0.3950271E-03  0.0000000E+00
         1    53      5 -0.1692720E-02 -0.5266816E-04  0.0000000E+00  0.0000000E+00  0.4937027E-03  0.0000000E+00
         1    53      6 -0.2031415E-02 -0.6320397E-04  0.0000000E+00  0.0000000E+00  0.5923459E-03  0.0000000E+00
         1    53      7 -0.2370160E-02 -0.7374044E-04  0.0000000E+00  0.0000000E+00  0.6909566E-03  0.0000000E+00
         1    53      8 -0.2708954E-02 -0.8427758E-04  0.0000000E+00  0.0000000E+00  0.7895349E-03  0.0000000E+00
         1    53      9 -0.3047798E-02 -0.9481534E-04  0.0000000E+00  0.0000000E+00  0.8880808E-03  0.0000000E+00
         1    53     10  0.5735097E-02  0.4713286E-03  0.0000000E+00  0.0000000E+00  0.6942359E-02  0.1000000E-02

         1    54      0  0.0000000E+00  0.0000000E+00  0.0000000E+00  0.0000000E+00  0.0000000E+00  0.0000000E+00
         1    54      1  0.0000000E+00  0.0000000E+00  0.0000000E+00  0.0000000E+00  0.0000000E+00  0.0000000E+00
         1    54      2 -0.6737512E-03  0.3376388E-04  0.0000000E+00  0.0000000E+00  0.1975719E-03  0.0000000E+00
         1    54      3 -0.1010702E-02  0.5065079E-04  0.0000000E+00  0.0000000E+00  0.2963041E-03  0.0000000E+00
         1    54      4 -0.1347702E-02  0.6754103E-04  0.0000000E+00  0.0000000E+00  0.3950005E-03  0.0000000E+00
         1    54      5 -0.1684752E-02  0.8443461E-04  0.0000000E+00  0.0000000E+00  0.4936611E-03  0.0000000E+00
         1    54      6 -0.2021851E-02  0.1013315E-03  0.0000000E+00  0.0000000E+00  0.5922859E-03  0.0000000E+00
         1    54      7 -0.2358999E-02  0.1182318E-03  0.0000000E+00  0.0000000E+00  0.6908749E-03  0.0000000E+00
         1    54      8 -0.2696197E-02  0.1351355E-03  0.0000000E+00  0.0000000E+00  0.7894282E-03  0.0000000E+00
         1    54      9 -0.3033443E-02  0.1520425E-03  0.0000000E+00  0.0000000E+00  0.8879458E-03  0.0000000E+00
         1    54     10  0.5853532E-02  0.1075884E-05  0.0000000E+00  0.0000000E+00  0.7040711E-02  0.1000000E-02

         1    55      0  0.0000000E+00  0.0000000E+00  0.0000000E+00  0.0000000E+00  0.0000000E+00  0.0000000E+00
         1    55      1  0.0000000E+00  0.0000000E+00  0.0000000E+00  0.0000000E+00  0.0000000E+00  0.0000000E+00
         1    55      2 -0.6434000E-03  0.8723140E-04  0.0000000E+00  0.0000000E+00  0.1975650E-03  0.0000000E+00
         1    55      3 -0.9651709E-03  0.1308580E-03  0.0000000E+00  0.0000000E+00  0.2962887E-03  0.0000000E+00
         1    55      4 -0.1286989E-02  0.1744919E-03  0.0000000E+00  0.0000000E+00  0.3949731E-03  0.0000000E+00
         1    55      5 -0.1608854E-02  0.2181330E-03  0.0000000E+00  0.0000000E+00  0.4936183E-03  0.0000000E+00
         1    55      6 -0.1930765E-02  0.2617813E-03  0.0000000E+00  0.0000000E+00  0.5922243E-03  0.0000000E+00
         1    55      7 -0.2252723E-02  0.3054370E-03  0.0000000E+00  0.0000000E+00  0.6907910E-03  0.0000000E+00
         1    55      8 -0.2574728E-02  0.3490998E-03  0.0000000E+00  0.0000000E+00  0.7893186E-03  0.0000000E+00
         1    55      9 -0.2896779E-02  0.3927699E-03  0.0000000E+00  0.0000000E+00  0.8878071E-03  0.0000000E+00
         1    55     10  0.5736165E-02 -0.4692201E-03  0.0000000E+00  0.0000000E+00  0.7139064E-02  0.1000000E-02

         1    56      0  0.0000000E+00  0.0000000E+00  0.0000000E+00  0.0000000E+00  0.0000000E+00  0.0000000E+00
         1    56      1  0.0000000E+00  0.0000000E+00  0.0000000E+00  0.0000000E+00  0.0000000E+00  0.0000000E+00
         1    56      2 -0.6215921E-03  0.8723140E-04  0.0000000E+00  0.0000000E+00  0.1975645E-03  0.0000000E+00
         1    56      3 -0.9324564E-03  0.1308580E-03  0.0000000E+00  0.0000000E+00  0.2962875E-03  0.0000000E+00
         1    56      4 -0.1243366E-02  0.1744919E-03  0.0000000E+00  0.0000000E+00  0.3949710E-03  0.0000000E+00
         1    56      5 -0.1554320E-02  0.2181330E-03  0.0000000E+00  0.0000000E+00  0.4936150E-03  0.0000000E+00
         1    56      6 -0.1865320E-02  0.2617813E-03  0.0000000E+00  0.0000000E+00  0.5922195E-03  0.0000000E+00
         1    56      7 -0.2176364E-02  0.3054370E-03  0.0000000E+00  0.0000000E+00  0.6907846E-03  0.0000000E+00
         1    56      8 -0.2487453E-02  0.3490998E-03  0.0000000E+00  0.0000000E+00  0.7893102E-03  0.0000000E+00
         1    56      9 -0.2798586E-02  0.3927699E-03  0.0000000E+00  0.0000000E+00  0.8877964E-03  0.0000000E+00
         1    56     10  0.5618925E-02 -0.4692201E-03  0.0000000E+00  0.0000000E+00  0.7188473E-02  0.1000000E-02

         1    57      0  0.0000000E+00  0.0000000E+00  0.0000000E+00  0.0000000E+00  0.0000000E+00  0.0000000E+00
         1    57      1  0.0000000E+00  0.0000000E+00  0.0000000E+00  0.0000000E+00  0.0000000E+00  0.0000000E+00
         1    57      2 -0.6085074E-03  0.8723140E-04  0.0000000E+00  0.0000000E+00  0.1975642E-03  0.0000000E+00
         1    57      3 -0.9128277E-03  0.1308580E-03  0.0000000E+00  0.0000000E+00  0.2962868E-03  0.0000000E+00
         1    57      4 -0.1217192E-02  0.1744919E-03  0.0000000E+00  0.0000000E+00  0.3949697E-03  0.0000000E+00
         1    57      5 -0.1521600E-02  0.2181330E-03  0.0000000E+00  0.0000000E+00  0.4936130E-03  0.0000000E+00
         1    57      6 -0.1826053E-02  0.2617813E-03  0.0000000E+00  0.0000000E+00  0.5922167E-03  0.0000000E+00
         1    57      7 -0.2130549E-02  0.3054370E-03  0.0000000E+00  0.0000000E+00  0.6907807E-03  0.0000000E+00
         1    57      8 -0.2435088E-02  0.3490998E-03  0.0000000E+00  0.0000000E+00  0.7893051E-03  0.0000000E+00
         1    57      9 -0.2739671E-02  0.3927699E-03  0.0000000E+00  0.0000000E+00  0.8877899E-03  0.0000000E+00
         1    57     10  0.5548581E-02 -0.4692201E-03  0.0000000E+00  0.0000000E+00  0.7218119E-02  0.1000000E-02

         1    58      0  0.0000000E+00  0.0000000E+00  0.0000000E+00  0.0000000E+00  0.0000000E+00  0.0000000E+00
         1    58      1  0.0000000E+00  0.0000000E+00  0.0000000E+00  0.0000000E+00  0.0000000E+00  0.0000000E+00
         1    58      2 -0.5866996E-03  0.8723140E-04  0.0000000E+00  0.0000000E+00  0.1975637E-03  0.0000000E+00
         1    58      3 -0.8801132E-03  0.1308580E-03  0.0000000E+00  0.0000000E+00  0.2962856E-03  0.0000000E+00
         1    58      4 -0.1173569E-02  0.1744919E-03  0.0000000E+00  0.0000000E+00  0.3949676E-03  0.0000000E+00
         1    58      5 -0.1467067E-02  0.2181330E-03  0.0000000E+00  0.0000000E+00  0.4936097E-03  0.0000000E+00
         1    58      6 -0.1760607E-02  0.2617813E-03  0.0000000E+00  0.0000000E+00  0.5922119E-03  0.0000000E+00
         1    58      7 -0.2054189E-02  0.3054370E-03  0.0000000E+00  0.0000000E+00  0.6907742E-03  0.0000000E+00
         1    58      8 -0.2347813E-02  0.3490998E-03  0.0000000E+00  0.0000000E+00  0.7892966E-03  0.0000000E+00
         1    58      9 -0.2641478E-02  0.3927699E-03  0.0000000E+00  0.0000000E+00  0.8877792E-03  0.0000000E+00
         1    58     10  0.5431341E-02 -0.4692201E-03  0.0000000E+00  0.0000000E+00  0.7267528E-02  0.1000000E-02

         1    59      0  0.0000000E+00  0.0000000E+00  0.0000000E+00  0.0000000E+00  0.0000000E+00  0.0000000E+00
         1    59      1  0.0000000E+00  0.0000000E+00  0.0000000E+00  0.0000000E+00  0.0000000E+00  0.0000000E+00
         1    59      2 -0.1722058E-03  0.8933480E-04  0.0000000E+00  0.0000000E+00  0.2411123E-03  0.0000000E+00
         1    59      3 -0.2583288E-03  0.1340126E-03  0.0000000E+00  0.0000000E+00  0.3616055E-03  0.0000000E+00
         1    59      4 -0.3444652E-03  0.1786973E-03  0.0000000E+00  0.0000000E+00  0.4820567E-03  0.0000000E+00
         1    59      5 -0.4306146E-03  0.2233889E-03  0.0000000E+00  0.0000000E+00  0.6024659E-03  0.0000000E+00
         1    59      6 -0.5167771E-03  0.2680874E-03  0.0000000E+00  0.0000000E+00  0.7228331E-03  0.0000000E+00
         1    59      7 -0.6029524E-03  0.3127929E-03  0.0000000E+00  0.0000000E+00  0.8431582E-03  0.0000000E+00
         1    59      8 -0.6891404E-03  0.3575052E-03  0.0000000E+00  0.0000000E+00  0.9634414E-03  0.0000000E+00
         1    59      9 -0.7753409E-03  0.4022244E-03  0.0000000E+00  0.0000000E+00  0.1083682E-02  0.0000000E+00
         1    59     10  0.3440529E-02 -0.3790786E-03  0.0000000E+00  0.0000000E+00  0.7689815E-02  0.1000000E-02

         1    60      0  0.0000000E+00  0.0000000E+00  0.0000000E+00  0.0000000E+00  0.0000000E+00  0.0000000E+00
         1    60      1  0.0000000E+00  0.0000000E+00  0.0000000E+00  0.0000000E+00  0.0000000E+00  0.0000000E+00
         1    60      2 -0.1498721E-03  0.8933480E-04  0.0000000E+00  0.0000000E+00  0.2411118E-03  0.0000000E+00
         1    60      3 -0.2248257E-03  0.1340126E-03  0.0000000E+00  0.0000000E+00  0.3616043E-03  0.0000000E+00
         1    60      4 -0.2997908E-03  0.1786973E-03  0.0000000E+00  0.0000000E+00  0.4820545E-03  0.0000000E+00
         1    60      5 -0.3747674E-03  0.2233889E-03  0.0000000E+00  0.0000000E+00  0.6024624E-03  0.0000000E+00
         1    60      6 -0.4497552E-03  0.2680874E-03  0.0000000E+00  0.0000000E+00  0.7228281E-03  0.0000000E+00
         1    60      7 -0.5247541E-03  0.3127929E-03  0.0000000E+00  0.0000000E+00  0.8431515E-03  0.0000000E+00
         1    60      8 -0.5997640E-03  0.3575052E-03  0.0000000E+00  0.0000000E+00  0.9634325E-03  0.0000000E+00
         1    60      9 -0.6747848E-03  0.4022244E-03  0.0000000E+00  0.0000000E+00  0.1083671E-02  0.0000000E+00
         1    60     10  0.3345812E-02 -0.3790786E-03  0.0000000E+00  0.0000000E+00  0.7739229E-02  0.1000000E-02

         1    61      0  0.0000000E+00  0.0000000E+00  0.0000000E+00  0.0000000E+00  0.0000000E+00  0.0000000E+00
         1    61      1  0.0000000E+00  0.0000000E+00  0.0000000E+00  0.0000000E+00  0.0000000E+00  0.0000000E+00
         1    61      2 -0.1364719E-03  0.8933464E-04  0.0000000E+00  0.0000000E+00  0.2411114E-03  0.0000000E+00
         1    61      3 -0.2047238E-03  0.1340122E-03  0.0000000E+00  0.0000000E+00  0.3616035E-03  0.0000000E+00
         1    61      4 -0.2729863E-03  0.1786966E-03  0.0000000E+00  0.0000000E+00  0.4820532E-03  0.0000000E+00
         1    61      5 -0.3412591E-03  0.2233879E-03  0.0000000E+00  0.0000000E+00  0.6024604E-03  0.0000000E+00
         1    61      6 -0.4095422E-03  0.2680860E-03  0.0000000E+00  0.0000000E+00  0.7228251E-03  0.0000000E+00
         1    61      7 -0.4778354E-03  0.3127909E-03  0.0000000E+00  0.0000000E+00  0.8431474E-03  0.0000000E+00
         1    61      8 -0.5461385E-03  0.3575026E-03  0.0000000E+00  0.0000000E+00  0.9634272E-03  0.0000000E+00
         1    61      9 -0.6144514E-03  0.4022212E-03  0.0000000E+00  0.0000000E+00  0.1083665E-02  0.0000000E+00
         1    61     10  0.3288975E-02 -0.3791653E-03  0.0000000E+00  0.0000000E+00  0.7768878E-02  0.1000000E-02

         1    62      0  0.0000000E+00  0.0000000E+00  0.0000000E+00  0.0000000E+00  0.0000000E+00  0.0000000E+00
         1    62      1  0.0000000E+00  0.0000000E+00  0.0000000E+00  0.0000000E+00  0.0000000E+00  0.0000000E+00
         1    62      2 -0.1141382E-03  0.8933464E-04  0.0000000E+00  0.0000000E+00  0.2411109E-03  0.0000000E+00
         1    62      3 -0.1712208E-03  0.1340122E-03  0.0000000E+00  0.0000000E+00  0.3616023E-03  0.0000000E+00
         1    62      4 -0.2283121E-03  0.1786966E-03  0.0000000E+00  0.0000000E+00  0.4820510E-03  0.0000000E+00
         1    62      5 -0.2854121E-03  0.2233879E-03  0.0000000E+00  0.0000000E+00  0.6024569E-03  0.0000000E+00
         1    62      6 -0.3425207E-03  0.2680860E-03  0.0000000E+00  0.0000000E+00  0.7228201E-03  0.0000000E+00
         1    62      7 -0.3996376E-03  0.3127909E-03  0.0000000E+00  0.0000000E+00  0.8431406E-03  0.0000000E+00
         1    62      8 -0.4567628E-03  0.3575026E-03  0.0000000E+00  0.0000000E+00  0.9634183E-03  0.0000000E+00
         1    62      9 -0.5138961E-03  0.4022212E-03  0.0000000E+00  0.0000000E+00  0.1083653E-02  0.0000000E+00
         1    62     10  0.3194237E-02 -0.3791653E-03  0.0000000E+00  0.0000000E+00  0.7818293E-02  0.1000000E-02

         1    63      0  0.0000000E+00  0.0000000E+00  0.0000000E+00  0.0000000E+00  0.0000000E+00  0.0000000E+00
         1    63      1  0.0000000E+00  0.0000000E+00  0.0000000E+00  0.0000000E+00  0.0000000E+00  0.0000000E+00
         1    63      2 -0.7130719E-04  0.8251565E-04  0.0000000E+00  0.0000000E+00  0.2411100E-03  0.0000000E+00
         1    63      3 -0.1069693E-03  0.1237829E-03  0.0000000E+00  0.0000000E+00  0.3616002E-03  0.0000000E+00
         1    63      4 -0.1426370E-03  0.1650565E-03  0.0000000E+00  0.0000000E+00  0.4820473E-03  0.0000000E+00
         1    63      5 -0.1783101E-03  0.2063364E-03  0.0000000E+00  0.0000000E+00  0.6024512E-03  0.0000000E+00
         1    63      6 -0.2139884E-03  0.2476227E-03  0.0000000E+00  0.0000000E+00  0.7228120E-03  0.0000000E+00
         1    63      7 -0.2496718E-03  0.2889152E-03  0.0000000E+00  0.0000000E+00  0.8431295E-03  0.0000000E+00
         1    63      8 -0.2853601E-03  0.3302141E-03  0.0000000E+00  0.0000000E+00  0.9634038E-03  0.0000000E+00
         1    63      9 -0.3210533E-03  0.3715193E-03  0.0000000E+00  0.0000000E+00  0.1083635E-02  0.0000000E+00
         1    63     10  0.3062628E-02 -0.1491763E-03  0.0000000E+00  0.0000000E+00  0.7917260E-02  0.1000000E-02

         1    64      0  0.0000000E+00  0.0000000E+00  0.0000000E+00  0.0000000E+00  0.0000000E+00  0.0000000E+00
         1    64      1  0.0000000E+00  0.0000000E+00  0.0000000E+00  0.0000000E+00  0.0000000E+00  0.0000000E+00
         1    64      2 -0.3111436E-04  0.7874952E-04  0.0000000E+00  0.0000000E+00  0.2411091E-03  0.0000000E+00
         1    64      3 -0.4667549E-04  0.1181333E-03  0.0000000E+00  0.0000000E+00  0.3615983E-03  0.0000000E+00
         1    64      4 -0.6223908E-04  0.1575230E-03  0.0000000E+00  0.0000000E+00  0.4820439E-03  0.0000000E+00
         1    64      5 -0.7780496E-04  0.1969189E-03  0.0000000E+00  0.0000000E+00  0.6024459E-03  0.0000000E+00
         1    64      6 -0.9337301E-04  0.2363207E-03  0.0000000E+00  0.0000000E+00  0.7228042E-03  0.0000000E+00
         1    64      7 -0.1089431E-03  0.2757286E-03  0.0000000E+00  0.0000000E+00  0.8431189E-03  0.0000000E+00
         1    64      8 -0.1245150E-03  0.3151426E-03  0.0000000E+00  0.0000000E+00  0.9633900E-03  0.0000000E+00
         1    64      9 -0.1400887E-03  0.3545628E-03  0.0000000E+00  0.0000000E+00  0.1083618E-02  0.0000000E+00
         1    64     10  0.3044226E-02  0.7529860E-04  0.0000000E+00  0.0000000E+00  0.8016230E-02  0.1000000E-02

         1    65      0  0.0000000E+00  0.0000000E+00  0.0000000E+00  0.0000000E+00  0.0000000E+00  0.0000000E+00
         1    65      1  0.0000000E+00  0.0000000E+00  0.0000000E+00  0.0000000E+00  0.0000000E+00  0.0000000E+00
         1    65      2 -0.1142698E-04  0.7874952E-04  0.0000000E+00  0.0000000E+00  0.2411087E-03  0.0000000E+00
         1    65      3 -0.1714218E-04  0.1181333E-03  0.0000000E+00  0.0000000E+00  0.3615973E-03  0.0000000E+00
         1    65      4 -0.2285832E-04  0.1575230E-03  0.0000000E+00  0.0000000E+00  0.4820422E-03  0.0000000E+00
         1    65      5 -0.2857525E-04  0.1969189E-03  0.0000000E+00  0.0000000E+00  0.6024432E-03  0.0000000E+00
         1    65      6 -0.3429283E-04  0.2363207E-03  0.0000000E+00  0.0000000E+00  0.7228003E-03  0.0000000E+00
         1    65      7 -0.4001091E-04  0.2757286E-03  0.0000000E+00  0.0000000E+00  0.8431137E-03  0.0000000E+00
         1    65      8 -0.4572933E-04  0.3151426E-03  0.0000000E+00  0.0000000E+00  0.9633832E-03  0.0000000E+00
         1    65      9 -0.5144796E-04  0.3545628E-03  0.0000000E+00  0.0000000E+00  0.1083609E-02  0.0000000E+00
         1    65     10  0.3063040E-02  0.7529860E-04  0.0000000E+00  0.0000000E+00  0.8065655E-02  0.1000000E-02

         1    66      0  0.0000000E+00  0.0000000E+00  0.0000000E+00  0.0000000E+00  0.0000000E+00  0.0000000E+00
         1    66      1  0.0000000E+00  0.0000000E+00  0.0000000E+00  0.0000000E+00  0.0000000E+00  0.0000000E+00
         1    66      2  0.3854498E-06  0.7874952E-04  0.0000000E+00  0.0000000E+00  0.2411084E-03  0.0000000E+00
         1    66      3  0.5778148E-06  0.1181333E-03  0.0000000E+00  0.0000000E+00  0.3615968E-03  0.0000000E+00
         1    66      4  0.7701408E-06  0.1575230E-03  0.0000000E+00  0.0000000E+00  0.4820411E-03  0.0000000E+00
         1    66      5  0.9625785E-06  0.1969189E-03  0.0000000E+00  0.0000000E+00  0.6024416E-03  0.0000000E+00
         1    66      6  0.1155278E-05  0.2363207E-03  0.0000000E+00  0.0000000E+00  0.7227980E-03  0.0000000E+00
         1    66      7  0.1348391E-05  0.2757286E-03  0.0000000E+00  0.0000000E+00  0.8431105E-03  0.0000000E+00
         1    66      8  0.1542067E-05  0.3151426E-03  0.0000000E+00  0.0000000E+00  0.9633790E-03  0.0000000E+00
         1    66      9  0.1736456E-05  0.3545628E-03  0.0000000E+00  0.0000000E+00  0.1083604E-02  0.0000000E+00
         1    66     10  0.3074328E-02  0.7529860E-04  0.0000000E+00  0.0000000E+00  0.8095309E-02  0.1000000E-02

         1    67      0  0.0000000E+00  0.0000000E+00  0.0000000E+00  0.0000000E+00  0.0000000E+00  0.0000000E+00
         1    67      1  0.0000000E+00  0.0000000E+00  0.0000000E+00  0.0000000E+00  0.0000000E+00  0.0000000E+00
         1    67      2  0.2007283E-04  0.7874952E-04  0.0000000E+00  0.0000000E+00  0.2411080E-03  0.0000000E+00
         1    67      3  0.3011113E-04  0.1181333E-03  0.0000000E+00  0.0000000E+00  0.3615958E-03  0.0000000E+00
         1    67      4  0.4015090E-04  0.1575230E-03  0.0000000E+00  0.0000000E+00  0.4820394E-03  0.0000000E+00
         1    67      5  0.5019229E-04  0.1969189E-03  0.0000000E+00  0.0000000E+00  0.6024389E-03  0.0000000E+00
         1    67      6  0.6023546E-04  0.2363207E-03  0.0000000E+00  0.0000000E+00  0.7227941E-03  0.0000000E+00
         1    67      7  0.7028055E-04  0.2757286E-03  0.0000000E+00  0.0000000E+00  0.8431052E-03  0.0000000E+00
         1    67      8  0.8032773E-04  0.3151426E-03  0.0000000E+00  0.0000000E+00  0.9633721E-03  0.0000000E+00
         1    67      9  0.9037715E-04  0.3545628E-03  0.0000000E+00  0.0000000E+00  0.1083595E-02  0.0000000E+00
         1    67     10  0.3093143E-02  0.7529860E-04  0.0000000E+00  0.0000000E+00  0.8144734E-02  0.1000000E-02

         1    68      0  0.0000000E+00  0.0000000E+00  0.0000000E+00  0.0000000E+00  0.0000000E+00  0.0000000E+00
         1    68      1  0.0000000E+00  0.0000000E+00  0.0000000E+00  0.0000000E+00  0.0000000E+00  0.0000000E+00
         1    68      2  0.3871647E-03  0.7761951E-04  0.0000000E+00  0.0000000E+00  0.2177256E-03  0.0000000E+00
         1    68      3  0.5807926E-03  0.1164375E-03  0.0000000E+00  0.0000000E+00  0.3265133E-03  0.0000000E+00
         1    68      4  0.7744510E-03  0.1552611E-03  0.0000000E+00  0.0000000E+00  0.4352511E-03  0.0000000E+00
         1    68      5  0.9681403E-03  0.1940903E-03  0.0000000E+00  0.0000000E+00  0.5439387E-03  0.0000000E+00
         1    68      6  0.1161861E-02  0.2329250E-03  0.0000000E+00  0.0000000E+00  0.6525763E-03  0.0000000E+00
         1    68      7  0.1355612E-02  0.2717653E-03  0.0000000E+00  0.0000000E+00  0.7611637E-03  0.0000000E+00
         1    68      8  0.1549396E-02  0.3106112E-03  0.0000000E+00  0.0000000E+00  0.8697009E-03  0.0000000E+00
         1    68      9  0.1743211E-02  0.3494627E-03  0.0000000E+00  0.0000000E+00  0.9781879E-03  0.0000000E+00
         1    68     10  0.3671831E-02  0.1712984E-03  0.0000000E+00  0.0000000E+00  0.8688079E-02  0.1000000E-02

         1    69      0  0.0000000E+00  0.0000000E+00  0.0000000E+00  0.0000000E+00  0.0000000E+00  0.0000000E+00
         1    69      1  0.0000000E+00  0.0000000E+00  0.0000000E+00  0.0000000E+00  0.0000000E+00  0.0000000E+00
         1    69      2  0.4065696E-03  0.7761951E-04  0.0000000E+00  0.0000000E+00  0.2177251E-03  0.0000000E+00
         1    69      3  0.6099020E-03  0.1164375E-03  0.0000000E+00  0.0000000E+00  0.3265124E-03  0.0000000E+00
         1    69      4  0.8132663E-03  0.1552611E-03  0.0000000E+00  0.0000000E+00  0.4352494E-03  0.0000000E+00
         1    69      5  0.1016663E-02  0.1940903E-03  0.0000000E+00  0.0000000E+00  0.5439361E-03  0.0000000E+00
         1    69      6  0.1220092E-02  0.2329250E-03  0.0000000E+00  0.0000000E+00  0.6525725E-03  0.0000000E+00
         1    69      7  0.1423554E-02  0.2717653E-03  0.0000000E+00  0.0000000E+00  0.7611585E-03  0.0000000E+00
         1    69      8  0.1627048E-02  0.3106112E-03  0.0000000E+00  0.0000000E+00  0.8696942E-03  0.0000000E+00
         1    69      9  0.1830576E-02  0.3494627E-03  0.0000000E+00  0.0000000E+00  0.9781794E-03  0.0000000E+00
         1    69     10  0.3714632E-02  0.1712984E-03  0.0000000E+00  0.0000000E+00  0.8737501E-02  0.1000000E-02

         1    70      0  0.0000000E+00  0.0000000E+00  0.0000000E+00  0.0000000E+00  0.0000000E+00  0.0000000E+00
         1    70      1  0.0000000E+00  0.0000000E+00  0.0000000E+00  0.0000000E+00  0.0000000E+00  0.0000000E+00
         1    70      2  0.4182125E-03  0.7761914E-04  0.0000000E+00  0.0000000E+00  0.2177249E-03  0.0000000E+00
         1    70      3  0.6273675E-03  0.1164367E-03  0.0000000E+00  0.0000000E+00  0.3265118E-03  0.0000000E+00
         1    70      4  0.8365554E-03  0.1552596E-03  0.0000000E+00  0.0000000E+00  0.4352484E-03  0.0000000E+00
         1    70      5  0.1045776E-02  0.1940880E-03  0.0000000E+00  0.0000000E+00  0.5439345E-03  0.0000000E+00
         1    70      6  0.1255030E-02  0.2329216E-03  0.0000000E+00  0.0000000E+00  0.6525702E-03  0.0000000E+00
         1    70      7  0.1464318E-02  0.2717607E-03  0.0000000E+00  0.0000000E+00  0.7611555E-03  0.0000000E+00
         1    70      8  0.1673640E-02  0.3106053E-03  0.0000000E+00  0.0000000E+00  0.8696902E-03  0.0000000E+00
         1    70      9  0.1882995E-02  0.3494552E-03  0.0000000E+00  0.0000000E+00  0.9781744E-03  0.0000000E+00
         1    70     10  0.3740310E-02  0.1712681E-03  0.0000000E+00  0.0000000E+00  0.8767155E-02  0.1000000E-02

         1    71      0  0.0000000E+00  0.0000000E+00  0.0000000E+00  0.0000000E+00  0.0000000E+00  0.0000000E+00
         1    71      1  0.0000000E+00  0.0000000E+00  0.0000000E+00  0.0000000E+00  0.0000000E+00  0.0000000E+00
         1    71      2  0.4376173E-03  0.7761914E-04  0.0000000E+00  0.0000000E+00  0.2177245E-03  0.0000000E+00
         1    71      3  0.6564767E-03  0.1164367E-03  0.0000000E+00  0.0000000E+00  0.3265109E-03  0.0000000E+00
         1    71      4  0.8753703E-03  0.1552596E-03  0.0000000E+00  0.0000000E+00  0.4352467E-03  0.0000000E+00
         1    71      5  0.1094298E-02  0.1940880E-03  0.0000000E+00  0.0000000E+00  0.5439319E-03  0.0000000E+00
         1    71      6  0.1313261E-02  0.2329216E-03  0.0000000E+00  0.0000000E+00  0.6525665E-03  0.0000000E+00
         1    71      7  0.1532258E-02  0.2717607E-03  0.0000000E+00  0.0000000E+00  0.7611503E-03  0.0000000E+00
         1    71      8  0.1751291E-02  0.3106053E-03  0.0000000E+00  0.0000000E+00  0.8696835E-03  0.0000000E+00
         1    71      9  0.1970359E-02  0.3494552E-03  0.0000000E+00  0.0000000E+00  0.9781659E-03  0.0000000E+00
         1    71     10  0.3783103E-02  0.1712681E-03  0.0000000E+00  0.0000000E+00  0.8816578E-02  0.1000000E-02

         1    72      0  0.0000000E+00  0.0000000E+00  0.0000000E+00  0.0000000E+00  0.0000000E+00  0.0000000E+00
         1    72      1  0.0000000E+00  0.0000000E+00  0.0000000E+00  0.0000000E+00  0.0000000E+00  0.0000000E+00
         1    72      2  0.4673433E-03  0.4088379E-04  0.0000000E+00  0.0000000E+00  0.2177210E-03  0.0000000E+00
         1    72      3  0.7010687E-03  0.6132945E-04  0.0000000E+00  0.0000000E+00  0.3265031E-03  0.0000000E+00
         1    72      4  0.9348302E-03  0.8177762E-04  0.0000000E+00  0.0000000E+00  0.4352328E-03  0.0000000E+00
         1    72      5  0.1168628E-02  0.1022283E-03  0.0000000E+00  0.0000000E+00  0.5439102E-03  0.0000000E+00
         1    72      6  0.1402463E-02  0.1226814E-03  0.0000000E+00  0.0000000E+00  0.6525351E-03  0.0000000E+00
         1    72      7  0.1636334E-02  0.1431371E-03  0.0000000E+00  0.0000000E+00  0.7611077E-03  0.0000000E+00
         1    72      8  0.1870242E-02  0.1635952E-03  0.0000000E+00  0.0000000E+00  0.8696278E-03  0.0000000E+00
         1    72      9  0.2104188E-02  0.1840558E-03  0.0000000E+00  0.0000000E+00  0.9780953E-03  0.0000000E+00
         1    72     10  0.3791916E-02 -0.1361168E-03  0.0000000E+00  0.0000000E+00  0.8915218E-02  0.1000000E-02

         1    73      0  0.0000000E+00  0.0000000E+00  0.0000000E+00  0.0000000E+00  0.0000000E+00  0.0000000E+00
         1    73      1  0.0000000E+00  0.0000000E+00  0.0000000E+00  0.0000000E+00  0.0000000E+00  0.0000000E+00
         1    73      2  0.4782260E-03  0.2500005E-05  0.0000000E+00  0.0000000E+00  0.2177177E-03  0.0000000E+00
         1    73      3  0.7173935E-03  0.3749378E-05  0.0000000E+00  0.0000000E+00  0.3264956E-03  0.0000000E+00
         1    73      4  0.9565976E-03  0.4998298E-05  0.0000000E+00  0.0000000E+00  0.4352195E-03  0.0000000E+00
         1    73      5  0.1195839E-02  0.6246741E-05  0.0000000E+00  0.0000000E+00  0.5438894E-03  0.0000000E+00
         1    73      6  0.1435117E-02  0.7494682E-05  0.0000000E+00  0.0000000E+00  0.6525052E-03  0.0000000E+00
         1    73      7  0.1674432E-02  0.8742096E-05  0.0000000E+00  0.0000000E+00  0.7610669E-03  0.0000000E+00
         1    73      8  0.1913785E-02  0.9988958E-05  0.0000000E+00  0.0000000E+00  0.8695745E-03  0.0000000E+00
         1    73      9  0.2153176E-02  0.1123524E-04  0.0000000E+00  0.0000000E+00  0.9780279E-03  0.0000000E+00
         1    73     10  0.3647976E-02 -0.4380184E-03  0.0000000E+00  0.0000000E+00  0.9013855E-02  0.1000000E-02

         1    74      0  0.0000000E+00  0.0000000E+00  0.0000000E+00  0.0000000E+00  0.0000000E+00  0.0000000E+00
         1    74      1  0.0000000E+00  0.0000000E+00  0.0000000E+00  0.0000000E+00  0.0000000E+00  0.0000000E+00
         1    74      2  0.4788510E-03  0.2500005E-05  0.0000000E+00  0.0000000E+00  0.2177177E-03  0.0000000E+00
         1    74      3  0.7183308E-03  0.3749378E-05  0.0000000E+00  0.0000000E+00  0.3264956E-03  0.0000000E+00
         1    74      4  0.9578472E-03  0.4998298E-05  0.0000000E+00  0.0000000E+00  0.4352195E-03  0.0000000E+00
         1    74      5  0.1197400E-02  0.6246741E-05  0.0000000E+00  0.0000000E+00  0.5438894E-03  0.0000000E+00
         1    74      6  0.1436990E-02  0.7494682E-05  0.0000000E+00  0.0000000E+00  0.6525052E-03  0.0000000E+00
         1    74      7  0.1676618E-02  0.8742096E-05  0.0000000E+00  0.0000000E+00  0.7610669E-03  0.0000000E+00
         1    74      8  0.1916283E-02  0.9988958E-05  0.0000000E+00  0.0000000E+00  0.8695745E-03  0.0000000E+00
         1    74      9  0.2155985E-02  0.1123524E-04  0.0000000E+00  0.0000000E+00  0.9780279E-03  0.0000000E+00
         1    74     10  0.3538532E-02 -0.4380184E-03  0.0000000E+00  0.0000000E+00  0.9063266E-02  0.1000000E-02

         1    75      0  0.0000000E+00  0.0000000E+00  0.0000000E+00  0.0000000E+00  0.0000000E+00  0.0000000E+00
         1    75      1  0.0000000E+00  0.0000000E+00  0.0000000E+00  0.0000000E+00  0.0000000E+00  0.0000000E+00
         1    75      2  0.4792260E-03  0.2500005E-05  0.0000000E+00  0.0000000E+00  0.2177177E-03  0.0000000E+00
         1    75      3  0.7188932E-03  0.3749378E-05  0.0000000E+00  0.0000000E+00  0.3264956E-03  0.0000000E+00
         1    75      4  0.9585969E-03  0.4998298E-05  0.0000000E+00  0.0000000E+00  0.4352195E-03  0.0000000E+00
         1    75      5  0.1198337E-02  0.6246741E-05  0.0000000E+00  0.0000000E+00  0.5438894E-03  0.0000000E+00
         1    75      6  0.1438115E-02  0.7494682E-05  0.0000000E+00  0.0000000E+00  0.6525052E-03  0.0000000E+00
         1    75      7  0.1677929E-02  0.8742096E-05  0.0000000E+00  0.0000000E+00  0.7610669E-03  0.0000000E+00
         1    75      8  0.1917781E-02  0.9988958E-05  0.0000000E+00  0.0000000E+00  0.8695745E-03  0.0000000E+00
         1    75      9  0.2157670E-02  0.1123524E-04  0.0000000E+00  0.0000000E+00  0.9780279E-03  0.0000000E+00
         1    75     10  0.3472866E-02 -0.4380184E-03  0.0000000E+00  0.0000000E+00  0.9092913E-02  0.1000000E-02

         1    76      0  0.0000000E+00  0.0000000E+00  0.0000000E+00  0.0000000E+00  0.0000000E+00  0.0000000E+00
         1    76      1  0.0000000E+00  0.0000000E+00  0.0000000E+00  0.0000000E+00  0.0000000E+00  0.0000000E+00
         1    76      2  0.4798510E-03  0.2500005E-05  0.0000000E+00  0.0000000E+00  0.2177177E-03  0.0000000E+00
         1    76      3  0.7198306E-03  0.3749378E-05  0.0000000E+00  0.0000000E+00  0.3264956E-03  0.0000000E+00
         1    76      4  0.9598465E-03  0.4998298E-05  0.0000000E+00  0.0000000E+00  0.4352195E-03  0.0000000E+00
         1    76      5  0.1199899E-02  0.6246741E-05  0.0000000E+00  0.0000000E+00  0.5438894E-03  0.0000000E+00
         1    76      6  0.1439988E-02  0.7494682E-05  0.0000000E+00  0.0000000E+00  0.6525052E-03  0.0000000E+00
         1    76      7  0.1680115E-02  0.8742096E-05  0.0000000E+00  0.0000000E+00  0.7610669E-03  0.0000000E+00
         1    76      8  0.1920278E-02  0.9988958E-05  0.0000000E+00  0.0000000E+00  0.8695745E-03  0.0000000E+00
         1    76      9  0.2160479E-02  0.1123524E-04  0.0000000E+00  0.0000000E+00  0.9780279E-03  0.0000000E+00
         1    76     10  0.3363422E-02 -0.4380184E-03  0.0000000E+00  0.0000000E+00  0.9142324E-02  0.1000000E-02

         1    77      0  0.0000000E+00  0.0000000E+00  0.0000000E+00  0.0000000E+00  0.0000000E+00  0.0000000E+00
         1    77      1  0.0000000E+00  0.0000000E+00  0.0000000E+00  0.0000000E+00  0.0000000E+00  0.0000000E+00
         1    77      2  0.4853062E-03 -0.1763085E-06  0.0000000E+00  0.0000000E+00  0.1623196E-03  0.0000000E+00
         1    77      3  0.7280098E-03 -0.2653900E-06  0.0000000E+00  0.0000000E+00  0.2433920E-03  0.0000000E+00
         1    77      4  0.9707473E-03 -0.3551239E-06  0.0000000E+00  0.0000000E+00  0.3244062E-03  0.0000000E+00
         1    77      5  0.1213519E-02 -0.4455358E-06  0.0000000E+00  0.0000000E+00  0.4053619E-03  0.0000000E+00
         1    77      6  0.1456324E-02 -0.5366513E-06  0.0000000E+00  0.0000000E+00  0.4862593E-03  0.0000000E+00
         1    77      7  0.1699164E-02 -0.6284962E-06  0.0000000E+00  0.0000000E+00  0.5670982E-03  0.0000000E+00
         1    77      8  0.1942037E-02 -0.7210961E-06  0.0000000E+00  0.0000000E+00  0.6478785E-03  0.0000000E+00
         1    77      9  0.2184946E-02 -0.8144766E-06  0.0000000E+00  0.0000000E+00  0.7286003E-03  0.0000000E+00
         1    77     10  0.1545034E-02 -0.3368919E-03  0.0000000E+00  0.0000000E+00  0.9791973E-02  0.1000000E-02

         1    78      0  0.0000000E+00  0.0000000E+00  0.0000000E+00  0.0000000E+00  0.0000000E+00  0.0000000E+00
         1    78      1  0.0000000E+00  0.0000000E+00  0.0000000E+00  0.0000000E+00  0.0000000E+00  0.0000000E+00
         1    78      2  0.4852621E-03 -0.1763085E-06  0.0000000E+00  0.0000000E+00  0.1623196E-03  0.0000000E+00
         1    78      3  0.7279434E-03 -0.2653900E-06  0.0000000E+00  0.0000000E+00  0.2433920E-03  0.0000000E+00
         1    78      4  0.9706585E-03 -0.3551239E-06  0.0000000E+00  0.0000000E+00  0.3244062E-03  0.0000000E+00
         1    78      5  0.1213407E-02 -0.4455358E-06  0.0000000E+00  0.0000000E+00  0.4053619E-03  0.0000000E+00
         1    78      6  0.1456190E-02 -0.5366513E-06  0.0000000E+00  0.0000000E+00  0.4862593E-03  0.0000000E+00
         1    78      7  0.1699007E-02 -0.6284962E-06  0.0000000E+00  0.0000000E+00  0.5670982E-03  0.0000000E+00
         1    78      8  0.1941857E-02 -0.7210961E-06  0.0000000E+00  0.0000000E+00  0.6478785E-03  0.0000000E+00
         1    78      9  0.2184742E-02 -0.8144766E-06  0.0000000E+00  0.0000000E+00  0.7286003E-03  0.0000000E+00
         1    78     10  0.1460858E-02 -0.3368919E-03  0.0000000E+00  0.0000000E+00  0.9841390E-02  0.1000000E-02

         1    79      0  0.0000000E+00  0.0000000E+00  0.0000000E+00  0.0000000E+00  0.0000000E+00  0.0000000E+00
         1    79      1  0.0000000E+00  0.0000000E+00  0.0000000E+00  0.0000000E+00  0.0000000E+00  0.0000000E+00
         1    79      2  0.4852356E-03 -0.1763085E-06  0.0000000E+00  0.0000000E+00  0.1623196E-03  0.0000000E+00
         1    79      3  0.7279036E-03 -0.2653900E-06  0.0000000E+00  0.0000000E+00  0.2433920E-03  0.0000000E+00
         1    79      4  0.9706052E-03 -0.3551239E-06  0.0000000E+00  0.0000000E+00  0.3244062E-03  0.0000000E+00
         1    79      5  0.1213340E-02 -0.4455358E-06  0.0000000E+00  0.0000000E+00  0.4053619E-03  0.0000000E+00
         1    79      6  0.1456109E-02 -0.5366513E-06  0.0000000E+00  0.0000000E+00  0.4862593E-03  0.0000000E+00
         1    79      7  0.1698912E-02 -0.6284962E-06  0.0000000E+00  0.0000000E+00  0.5670982E-03  0.0000000E+00
         1    79      8  0.1941749E-02 -0.7210961E-06  0.0000000E+00  0.0000000E+00  0.6478785E-03  0.0000000E+00
         1    79      9  0.2184620E-02 -0.8144766E-06  0.0000000E+00  0.0000000E+00  0.7286003E-03  0.0000000E+00
         1    79     10  0.1410352E-02 -0.3368919E-03  0.0000000E+00  0.0000000E+00  0.9871040E-02  0.1000000E-02

         1    80      0  0.0000000E+00  0.0000000E+00  0.0000000E+00  0.0000000E+00  0.0000000E+00  0.0000000E+00
         1    80      1  0.0000000E+00  0.0000000E+00  0.0000000E+00  0.0000000E+00  0.0000000E+00  0.0000000E+00
         1    80      2  0.4851916E-03 -0.1763085E-06  0.0000000E+00  0.0000000E+00  0.1623196E-03  0.0000000E+00
         1    80      3  0.7278373E-03 -0.2653900E-06  0.0000000E+00  0.0000000E+00  0.2433920E-03  0.0000000E+00
         1    80      4  0.9705164E-03 -0.3551239E-06  0.0000000E+00  0.0000000E+00  0.3244062E-03  0.0000000E+00
         1    80      5  0.1213229E-02 -0.4455358E-06  0.0000000E+00  0.0000000E+00  0.4053619E-03  0.0000000E+00
         1    80      6  0.1455975E-02 -0.5366513E-06  0.0000000E+00  0.0000000E+00  0.4862593E-03  0.0000000E+00
         1    80      7  0.1698755E-02 -0.6284962E-06  0.0000000E+00  0.0000000E+00  0.5670982E-03  0.0000000E+00
         1    80      8  0.1941569E-02 -0.7210961E-06  0.0000000E+00  0.0000000E+00  0.6478785E-03  0.0000000E+00
         1    80      9  0.2184416E-02 -0.8144766E-06  0.0000000E+00  0.0000000E+00  0.7286003E-03  0.0000000E+00
         1    80     10  0.1326176E-02 -0.3368919E-03  0.0000000E+00  0.0000000E+00  0.9920457E-02  0.1000000E-02

         1    81      0  0.0000000E+00  0.0000000E+00  0.0000000E+00  0.0000000E+00  0.0000000E+00  0.0000000E+00
         1    81      1  0.0000000E+00  0.0000000E+00  0.0000000E+00  0.0000000E+00  0.0000000E+00  0.0000000E+00
         1    81      2  0.4940783E-03  0.3583230E-04  0.0000000E+00  0.0000000E+00  0.1623227E-03  0.0000000E+00
         1    81      3  0.7411678E-03  0.5375121E-04  0.0000000E+00  0.0000000E+00  0.2433989E-03  0.0000000E+00
         1    81      4  0.9882910E-03  0.7167193E-04  0.0000000E+00  0.0000000E+00  0.3244185E-03  0.0000000E+00
         1    81      5  0.1235448E-02  0.8959445E-04  0.0000000E+00  0.0000000E+00  0.4053811E-03  0.0000000E+00
         1    81      6  0.1482639E-02  0.1075187E-03  0.0000000E+00  0.0000000E+00  0.4862869E-03  0.0000000E+00
         1    81      7  0.1729864E-02  0.1254448E-03  0.0000000E+00  0.0000000E+00  0.5671358E-03  0.0000000E+00
         1    81      8  0.1977122E-02  0.1433726E-03  0.0000000E+00  0.0000000E+00  0.6479277E-03  0.0000000E+00
         1    81      9  0.2224415E-02  0.1613021E-03  0.0000000E+00  0.0000000E+00  0.7286626E-03  0.0000000E+00
         1    81     10  0.1181297E-02 -0.2447225E-03  0.0000000E+00  0.0000000E+00  0.1001932E-01  0.1000000E-02

         1    82      0  0.0000000E+00  0.0000000E+00  0.0000000E+00  0.0000000E+00  0.0000000E+00  0.0000000E+00
         1    82      1  0.0000000E+00  0.0000000E+00  0.0000000E+00  0.0000000E+00  0.0000000E+00  0.0000000E+00
         1    82      2  0.5212445E-03  0.7316661E-04  0.0000000E+00  0.0000000E+00  0.1623256E-03  0.0000000E+00
         1    82      3  0.7819195E-03  0.1097565E-03  0.0000000E+00  0.0000000E+00  0.2434056E-03  0.0000000E+00
         1    82      4  0.1042630E-02  0.1463507E-03  0.0000000E+00  0.0000000E+00  0.3244302E-03  0.0000000E+00
         1    82      5  0.1303375E-02  0.1829492E-03  0.0000000E+00  0.0000000E+00  0.4053995E-03  0.0000000E+00
         1    82      6  0.1564156E-02  0.2195521E-03  0.0000000E+00  0.0000000E+00  0.4863134E-03  0.0000000E+00
         1    82      7  0.1824972E-02  0.2561592E-03  0.0000000E+00  0.0000000E+00  0.5671719E-03  0.0000000E+00
         1    82      8  0.2085824E-02  0.2927706E-03  0.0000000E+00  0.0000000E+00  0.6479748E-03  0.0000000E+00
         1    82      9  0.2346712E-02  0.3293864E-03  0.0000000E+00  0.0000000E+00  0.7287222E-03  0.0000000E+00
         1    82     10  0.1080084E-02 -0.1615989E-03  0.0000000E+00  0.0000000E+00  0.1011818E-01  0.1000000E-02

         1    83      0  0.0000000E+00  0.0000000E+00  0.0000000E+00  0.0000000E+00  0.0000000E+00  0.0000000E+00
         1    83      1  0.0000000E+00  0.0000000E+00  0.0000000E+00  0.0000000E+00  0.0000000E+00  0.0000000E+00
         1    83      2  0.5395362E-03  0.7316661E-04  0.0000000E+00  0.0000000E+00  0.1623252E-03  0.0000000E+00
         1    83      3  0.8093587E-03  0.1097565E-03  0.0000000E+00  0.0000000E+00  0.2434047E-03  0.0000000E+00
         1    83      4  0.1079217E-02  0.1463507E-03  0.0000000E+00  0.0000000E+00  0.3244287E-03  0.0000000E+00
         1    83      5  0.1349113E-02  0.1829492E-03  0.0000000E+00  0.0000000E+00  0.4053972E-03  0.0000000E+00
         1    83      6  0.1619044E-02  0.2195521E-03  0.0000000E+00  0.0000000E+00  0.4863101E-03  0.0000000E+00
         1    83      7  0.1889012E-02  0.2561592E-03  0.0000000E+00  0.0000000E+00  0.5671673E-03  0.0000000E+00
         1    83      8  0.2159017E-02  0.2927706E-03  0.0000000E+00  0.0000000E+00  0.6479689E-03  0.0000000E+00
         1    83      9  0.2429058E-02  0.3293864E-03  0.0000000E+00  0.0000000E+00  0.7287147E-03  0.0000000E+00
         1    83     10  0.1039707E-02 -0.1615989E-03  0.0000000E+00  0.0000000E+00  0.1016760E-01  0.1000000E-02

         1    84      0  0.0000000E+00  0.0000000E+00  0.0000000E+00  0.0000000E+00  0.0000000E+00  0.0000000E+00
         1    84      1  0.0000000E+00  0.0000000E+00  0.0000000E+00  0.0000000E+00  0.0000000E+00  0.0000000E+00
         1    84      2  0.5505112E-03  0.7316661E-04  0.0000000E+00  0.0000000E+00  0.1623250E-03  0.0000000E+00
         1    84      3  0.8258221E-03  0.1097565E-03  0.0000000E+00  0.0000000E+00  0.2434042E-03  0.0000000E+00
         1    84      4  0.1101170E-02  0.1463507E-03  0.0000000E+00  0.0000000E+00  0.3244278E-03  0.0000000E+00
         1    84      5  0.1376555E-02  0.1829492E-03  0.0000000E+00  0.0000000E+00  0.4053958E-03  0.0000000E+00
         1    84      6  0.1651977E-02  0.2195521E-03  0.0000000E+00  0.0000000E+00  0.4863081E-03  0.0000000E+00
         1    84      7  0.1927436E-02  0.2561592E-03  0.0000000E+00  0.0000000E+00  0.5671646E-03  0.0000000E+00
         1    84      8  0.2202932E-02  0.2927706E-03  0.0000000E+00  0.0000000E+00  0.6479653E-03  0.0000000E+00
         1    84      9  0.2478466E-02  0.3293864E-03  0.0000000E+00  0.0000000E+00  0.7287102E-03  0.0000000E+00
         1    84     10  0.1015480E-02 -0.1615989E-03  0.0000000E+00  0.0000000E+00  0.1019725E-01  0.1000000E-02

         1    85      0  0.0000000E+00  0.0000000E+00  0.0000000E+00  0.0000000E+00  0.0000000E+00  0.0000000E+00
         1    85      1  0.0000000E+00  0.0000000E+00  0.0000000E+00  0.0000000E+00  0.0000000E+00  0.0000000E+00
         1    85      2  0.5688028E-03  0.7316661E-04  0.0000000E+00  0.0000000E+00  0.1623246E-03  0.0000000E+00
         1    85      3  0.8532612E-03  0.1097565E-03  0.0000000E+00  0.0000000E+00  0.2434034E-03  0.0000000E+00
         1    85      4  0.1137758E-02  0.1463507E-03  0.0000000E+00  0.0000000E+00  0.3244264E-03  0.0000000E+00
         1    85      5  0.1422292E-02  0.1829492E-03  0.0000000E+00  0.0000000E+00  0.4053935E-03  0.0000000E+00
         1    85      6  0.1706865E-02  0.2195521E-03  0.0000000E+00  0.0000000E+00  0.4863047E-03  0.0000000E+00
         1    85      7  0.1991476E-02  0.2561592E-03  0.0000000E+00  0.0000000E+00  0.5671601E-03  0.0000000E+00
         1    85      8  0.2276125E-02  0.2927706E-03  0.0000000E+00  0.0000000E+00  0.6479594E-03  0.0000000E+00
         1    85      9  0.2560813E-02  0.3293864E-03  0.0000000E+00  0.0000000E+00  0.7287027E-03  0.0000000E+00
         1    85     10  0.9751030E-03 -0.1615989E-03  0.0000000E+00  0.0000000E+00  0.1024668E-01  0.1000000E-02

         1    86      0  0.0000000E+00  0.0000000E+00  0.0000000E+00  0.0000000E+00  0.0000000E+00  0.0000000E+00
         1    86      1  0.0000000E+00  0.0000000E+00  0.0000000E+00  0.0000000E+00  0.0000000E+00  0.0000000E+00
         1    86      2  0.9027632E-03  0.6908541E-04  0.0000000E+00  0.0000000E+00  0.7785267E-04  0.0000000E+00
         1    86      3  0.1354240E-02  0.1036337E-03  0.0000000E+00  0.0000000E+00  0.1166807E-03  0.0000000E+00
         1    86      4  0.1805781E-02  0.1381858E-03  0.0000000E+00  0.0000000E+00  0.1554432E-03  0.0000000E+00
         1    86      5  0.2257385E-02  0.1727416E-03  0.0000000E+00  0.0000000E+00  0.1941401E-03  0.0000000E+00
         1    86      6  0.2709053E-02  0.2073011E-03  0.0000000E+00  0.0000000E+00  0.2327712E-03  0.0000000E+00
         1    86      7  0.3160785E-02  0.2418643E-03  0.0000000E+00  0.0000000E+00  0.2713367E-03  0.0000000E+00
         1    86      8  0.3612580E-02  0.2764312E-03  0.0000000E+00  0.0000000E+00  0.3098363E-03  0.0000000E+00
         1    86      9  0.4064438E-02  0.3110017E-03  0.0000000E+00  0.0000000E+00  0.3482700E-03  0.0000000E+00
         1    86     10  0.4765562E-03 -0.5087765E-04  0.0000000E+00  0.0000000E+00  0.1109476E-01  0.1000000E-02

         1    87      0  0.0000000E+00  0.0000000E+00  0.0000000E+00  0.0000000E+00  0.0000000E+00  0.0000000E+00
         1    87      1  0.0000000E+00  0.0000000E+00  0.0000000E+00  0.0000000E+00  0.0000000E+00  0.0000000E+00
         1    87      2  0.9200345E-03  0.6908541E-04  0.0000000E+00  0.0000000E+00  0.7785234E-04  0.0000000E+00
         1    87      3  0.1380149E-02  0.1036337E-03  0.0000000E+00  0.0000000E+00  0.1166800E-03  0.0000000E+00
         1    87      4  0.1840327E-02  0.1381858E-03  0.0000000E+00  0.0000000E+00  0.1554419E-03  0.0000000E+00
         1    87      5  0.2300571E-02  0.1727416E-03  0.0000000E+00  0.0000000E+00  0.1941380E-03  0.0000000E+00
         1    87      6  0.2760879E-02  0.2073011E-03  0.0000000E+00  0.0000000E+00  0.2327683E-03  0.0000000E+00
         1    87      7  0.3221251E-02  0.2418643E-03  0.0000000E+00  0.0000000E+00  0.2713326E-03  0.0000000E+00
         1    87      8  0.3681688E-02  0.2764312E-03  0.0000000E+00  0.0000000E+00  0.3098310E-03  0.0000000E+00
         1    87      9  0.4142189E-02  0.3110017E-03  0.0000000E+00  0.0000000E+00  0.3482633E-03  0.0000000E+00
         1    87     10  0.4638438E-03 -0.5087765E-04  0.0000000E+00  0.0000000E+00  0.1114418E-01  0.1000000E-02

         1    88      0  0.0000000E+00  0.0000000E+00  0.0000000E+00  0.0000000E+00  0.0000000E+00  0.0000000E+00
         1    88      1  0.0000000E+00  0.0000000E+00  0.0000000E+00  0.0000000E+00  0.0000000E+00  0.0000000E+00
         1    88      2  0.9303973E-03  0.6908541E-04  0.0000000E+00  0.0000000E+00  0.7785214E-04  0.0000000E+00
         1    88      3  0.1395694E-02  0.1036337E-03  0.0000000E+00  0.0000000E+00  0.1166796E-03  0.0000000E+00
         1    88      4  0.1861055E-02  0.1381858E-03  0.0000000E+00  0.0000000E+00  0.1554411E-03  0.0000000E+00
         1    88      5  0.2326482E-02  0.1727416E-03  0.0000000E+00  0.0000000E+00  0.1941368E-03  0.0000000E+00
         1    88      6  0.2791974E-02  0.2073011E-03  0.0000000E+00  0.0000000E+00  0.2327665E-03  0.0000000E+00
         1    88      7  0.3257530E-02  0.2418643E-03  0.0000000E+00  0.0000000E+00  0.2713302E-03  0.0000000E+00
         1    88      8  0.3723152E-02  0.2764312E-03  0.0000000E+00  0.0000000E+00  0.3098278E-03  0.0000000E+00
         1    88      9  0.4188839E-02  0.3110017E-03  0.0000000E+00  0.0000000E+00  0.3482593E-03  0.0000000E+00
         1    88     10  0.4562164E-03 -0.5087765E-04  0.0000000E+00  0.0000000E+00  0.1117383E-01  0.1000000E-02

         1    89      0  0.0000000E+00  0.0000000E+00  0.0000000E+00  0.0000000E+00  0.0000000E+00  0.0000000E+00
         1    89      1  0.0000000E+00  0.0000000E+00  0.0000000E+00  0.0000000E+00  0.0000000E+00  0.0000000E+00
         1    89      2  0.9476687E-03  0.6908541E-04  0.0000000E+00  0.0000000E+00  0.7785181E-04  0.0000000E+00
         1    89      3  0.1421602E-02  0.1036337E-03  0.0000000E+00  0.0000000E+00  0.1166788E-03  0.0000000E+00
         1    89      4  0.1895602E-02  0.1381858E-03  0.0000000E+00  0.0000000E+00  0.1554398E-03  0.0000000E+00
         1    89      5  0.2369667E-02  0.1727416E-03  0.0000000E+00  0.0000000E+00  0.1941347E-03  0.0000000E+00
         1    89      6  0.2843799E-02  0.2073011E-03  0.0000000E+00  0.0000000E+00  0.2327635E-03  0.0000000E+00
         1    89      7  0.3317997E-02  0.2418643E-03  0.0000000E+00  0.0000000E+00  0.2713261E-03  0.0000000E+00
         1    89      8  0.3792260E-02  0.2764312E-03  0.0000000E+00  0.0000000E+00  0.3098225E-03  0.0000000E+00
         1    89      9  0.4266590E-02  0.3110017E-03  0.0000000E+00  0.0000000E+00  0.3482526E-03  0.0000000E+00
         1    89     10  0.4435041E-03 -0.5087765E-04  0.0000000E+00  0.0000000E+00  0.1122326E-01  0.1000000E-02

         1    90      0  0.0000000E+00  0.0000000E+00  0.0000000E+00  0.0000000E+00  0.0000000E+00  0.0000000E+00
         1    90      1  0.0000000E+00  0.0000000E+00  0.0000000E+00  0.0000000E+00  0.0000000E+00  0.0000000E+00
         1    90      2  0.9628739E-03 -0.8469841E-05  0.0000000E+00  0.0000000E+00  0.7783836E-04  0.0000000E+00
         1    90      3  0.1444411E-02 -0.1270722E-04  0.0000000E+00  0.0000000E+00  0.1166485E-03  0.0000000E+00
         1    90      4  0.1926014E-02 -0.1694625E-04  0.0000000E+00  0.0000000E+00  0.1553860E-03  0.0000000E+00
         1    90      5  0.2407684E-02 -0.2118696E-04  0.0000000E+00  0.0000000E+00  0.1940506E-03  0.0000000E+00
         1    90      6  0.2889421E-02 -0.2542936E-04  0.0000000E+00  0.0000000E+00  0.2326424E-03  0.0000000E+00
         1    90      7  0.3371224E-02 -0.2967346E-04  0.0000000E+00  0.0000000E+00  0.2711613E-03  0.0000000E+00
         1    90      8  0.3853093E-02 -0.3391929E-04  0.0000000E+00  0.0000000E+00  0.3096072E-03  0.0000000E+00
         1    90      9  0.4335029E-02 -0.3816685E-04  0.0000000E+00  0.0000000E+00  0.3479800E-03  0.0000000E+00
         1    90     10  0.4093173E-03 -0.8548406E-04  0.0000000E+00  0.0000000E+00  0.1132211E-01  0.1000000E-02

         1    91      0  0.0000000E+00  0.0000000E+00  0.0000000E+00  0.0000000E+00  0.0000000E+00  0.0000000E+00
         1    91      1  0.0000000E+00  0.0000000E+00  0.0000000E+00  0.0000000E+00  0.0000000E+00  0.0000000E+00
         1    91      2  0.9392559E-03 -0.8568359E-04  0.0000000E+00  0.0000000E+00  0.7782485E-04  0.0000000E+00
         1    91      3  0.1408980E-02 -0.1285358E-03  0.0000000E+00  0.0000000E+00  0.1166181E-03  0.0000000E+00
         1    91      4  0.1878770E-02 -0.1713950E-03  0.0000000E+00  0.0000000E+00  0.1553319E-03  0.0000000E+00
         1    91      5  0.2348623E-02 -0.2142613E-03  0.0000000E+00  0.0000000E+00  0.1939662E-03  0.0000000E+00
         1    91      6  0.2818541E-02 -0.2571345E-03  0.0000000E+00  0.0000000E+00  0.2325208E-03  0.0000000E+00
         1    91      7  0.3288523E-02 -0.3000148E-03  0.0000000E+00  0.0000000E+00  0.2709957E-03  0.0000000E+00
         1    91      8  0.3758569E-02 -0.3429021E-03  0.0000000E+00  0.0000000E+00  0.3093908E-03  0.0000000E+00
         1    91      9  0.4228679E-02 -0.3857965E-03  0.0000000E+00  0.0000000E+00  0.3477062E-03  0.0000000E+00
         1    91     10  0.3586418E-03 -0.1166469E-03  0.0000000E+00  0.0000000E+00  0.1142095E-01  0.1000000E-02

         1    92      0  0.0000000E+00  0.0000000E+00  0.0000000E+00  0.0000000E+00  0.0000000E+00  0.0000000E+00
         1    92      1  0.0000000E+00  0.0000000E+00  0.0000000E+00  0.0000000E+00  0.0000000E+00  0.0000000E+00
         1    92      2  0.9178350E-03 -0.8568359E-04  0.0000000E+00  0.0000000E+00  0.7782435E-04  0.0000000E+00
         1    92      3  0.1376847E-02 -0.1285358E-03  0.0000000E+00  0.0000000E+00  0.1166170E-03  0.0000000E+00
         1    92      4  0.1835921E-02 -0.1713950E-03  0.0000000E+00  0.0000000E+00  0.1553299E-03  0.0000000E+00
         1    92      5  0.2295058E-02 -0.2142613E-03  0.0000000E+00  0.0000000E+00  0.1939630E-03  0.0000000E+00
         1    92      6  0.2754257E-02 -0.2571345E-03  0.0000000E+00  0.0000000E+00  0.2325162E-03  0.0000000E+00
         1    92      7  0.3213519E-02 -0.3000148E-03  0.0000000E+00  0.0000000E+00  0.2709894E-03  0.0000000E+00
         1    92      8  0.3672843E-02 -0.3429021E-03  0.0000000E+00  0.0000000E+00  0.3093827E-03  0.0000000E+00
         1    92      9  0.4132230E-02 -0.3857965E-03  0.0000000E+00  0.0000000E+00  0.3476959E-03  0.0000000E+00
         1    92     10  0.3294963E-03 -0.1166469E-03  0.0000000E+00  0.0000000E+00  0.1147037E-01  0.1000000E-02

         1    93      0  0.0000000E+00  0.0000000E+00  0.0000000E+00  0.0000000E+00  0.0000000E+00  0.0000000E+00
         1    93      1  0.0000000E+00  0.0000000E+00  0.0000000E+00  0.0000000E+00  0.0000000E+00  0.0000000E+00
         1    93      2  0.9049824E-03 -0.8568359E-04  0.0000000E+00  0.0000000E+00  0.7782404E-04  0.0000000E+00
         1    93      3  0.1357566E-02 -0.1285358E-03  0.0000000E+00  0.0000000E+00  0.1166163E-03  0.0000000E+00
         1    93      4  0.1810212E-02 -0.1713950E-03  0.0000000E+00  0.0000000E+00  0.1553287E-03  0.0000000E+00
         1    93      5  0.2262918E-02 -0.2142613E-03  0.0000000E+00  0.0000000E+00  0.1939611E-03  0.0000000E+00
         1    93      6  0.2715687E-02 -0.2571345E-03  0.0000000E+00  0.0000000E+00  0.2325134E-03  0.0000000E+00
         1    93      7  0.3168517E-02 -0.3000148E-03  0.0000000E+00  0.0000000E+00  0.2709857E-03  0.0000000E+00
         1    93      8  0.3621408E-02 -0.3429021E-03  0.0000000E+00  0.0000000E+00  0.3093778E-03  0.0000000E+00
         1    93      9  0.4074361E-02 -0.3857965E-03  0.0000000E+00  0.0000000E+00  0.3476897E-03  0.0000000E+00
         1    93     10  0.3120090E-03 -0.1166469E-03  0.0000000E+00  0.0000000E+00  0.1150003E-01  0.1000000E-02

         1    94      0  0.0000000E+00  0.0000000E+00  0.0000000E+00  0.0000000E+00  0.0000000E+00  0.0000000E+00
         1    94      1  0.0000000E+00  0.0000000E+00  0.0000000E+00  0.0000000E+00  0.0000000E+00  0.0000000E+00
         1    94      2  0.8835615E-03 -0.8568359E-04  0.0000000E+00  0.0000000E+00  0.7782353E-04  0.0000000E+00
         1    94      3  0.1325432E-02 -0.1285358E-03  0.0000000E+00  0.0000000E+00  0.1166152E-03  0.0000000E+00
         1    94      4  0.1767363E-02 -0.1713950E-03  0.0000000E+00  0.0000000E+00  0.1553266E-03  0.0000000E+00
         1    94      5  0.2209353E-02 -0.2142613E-03  0.0000000E+00  0.0000000E+00  0.1939579E-03  0.0000000E+00
         1    94      6  0.2651403E-02 -0.2571345E-03  0.0000000E+00  0.0000000E+00  0.2325088E-03  0.0000000E+00
         1    94      7  0.3093513E-02 -0.3000148E-03  0.0000000E+00  0.0000000E+00  0.2709794E-03  0.0000000E+00
         1    94      8  0.3535683E-02 -0.3429021E-03  0.0000000E+00  0.0000000E+00  0.3093696E-03  0.0000000E+00
         1    94      9  0.3977912E-02 -0.3857965E-03  0.0000000E+00  0.0000000E+00  0.3476793E-03  0.0000000E+00
         1    94     10  0.2828634E-03 -0.1166469E-03  0.0000000E+00  0.0000000E+00  0.1154945E-01  0.1000000E-02

         1    95      0  0.0000000E+00  0.0000000E+00  0.0000000E+00  0.0000000E+00  0.0000000E+00  0.0000000E+00
         1    95      1  0.0000000E+00  0.0000000E+00  0.0000000E+00  0.0000000E+00  0.0000000E+00  0.0000000E+00
         1    95      2  0.4724202E-03 -0.8944460E-04  0.0000000E+00  0.0000000E+00 -0.1740593E-07  0.0000000E+00
         1    95      3  0.7086574E-03 -0.1341784E-03  0.0000000E+00  0.0000000E+00 -0.1613035E-06  0.0000000E+00
         1    95      4  0.9449125E-03 -0.1789199E-03  0.0000000E+00  0.0000000E+00 -0.3954027E-06  0.0000000E+00
         1    95      5  0.1181185E-02 -0.2236691E-03  0.0000000E+00  0.0000000E+00 -0.7197574E-06  0.0000000E+00
         1    95      6  0.1417476E-02 -0.2684261E-03  0.0000000E+00  0.0000000E+00 -0.1134422E-05  0.0000000E+00
         1    95      7  0.1653784E-02 -0.3131907E-03  0.0000000E+00  0.0000000E+00 -0.1639449E-05  0.0000000E+00
         1    95      8  0.1890110E-02 -0.3579632E-03  0.0000000E+00  0.0000000E+00 -0.2234894E-05  0.0000000E+00
         1    95      9  0.2126453E-02 -0.4027434E-03  0.0000000E+00  0.0000000E+00 -0.2920810E-05  0.0000000E+00
         1    95     10  0.2854437E-05 -0.2694396E-05  0.0000000E+00  0.0000000E+00  0.1246441E-01  0.1000000E-02

         1    96      0  0.0000000E+00  0.0000000E+00  0.0000000E+00  0.0000000E+00  0.0000000E+00  0.0000000E+00
         1    96      1  0.0000000E+00  0.0000000E+00  0.0000000E+00  0.0000000E+00  0.0000000E+00  0.0000000E+00
         1    96      2  0.4500590E-03 -0.8944460E-04  0.0000000E+00  0.0000000E+00 -0.1796114E-07  0.0000000E+00
         1    96      3  0.6751128E-03 -0.1341784E-03  0.0000000E+00  0.0000000E+00 -0.1625529E-06  0.0000000E+00
         1    96      4  0.9001825E-03 -0.1789199E-03  0.0000000E+00  0.0000000E+00 -0.3976242E-06  0.0000000E+00
         1    96      5  0.1125268E-02 -0.2236691E-03  0.0000000E+00  0.0000000E+00 -0.7232292E-06  0.0000000E+00
         1    96      6  0.1350370E-02 -0.2684261E-03  0.0000000E+00  0.0000000E+00 -0.1139422E-05  0.0000000E+00
         1    96      7  0.1575487E-02 -0.3131907E-03  0.0000000E+00  0.0000000E+00 -0.1646256E-05  0.0000000E+00
         1    96      8  0.1800619E-02 -0.3579632E-03  0.0000000E+00  0.0000000E+00 -0.2243786E-05  0.0000000E+00
         1    96      9  0.2025767E-02 -0.4027434E-03  0.0000000E+00  0.0000000E+00 -0.2932066E-05  0.0000000E+00
         1    96     10  0.2181211E-05 -0.2694396E-05  0.0000000E+00  0.0000000E+00  0.1251383E-01  0.1000000E-02

         1    97      0  0.0000000E+00  0.0000000E+00  0.0000000E+00  0.0000000E+00  0.0000000E+00  0.0000000E+00
         1    97      1  0.0000000E+00  0.0000000E+00  0.0000000E+00  0.0000000E+00  0.0000000E+00  0.0000000E+00
         1    97      2  0.4366423E-03 -0.8944460E-04  0.0000000E+00  0.0000000E+00 -0.1829426E-07  0.0000000E+00
         1    97      3  0.6549860E-03 -0.1341784E-03  0.0000000E+00  0.0000000E+00 -0.1633025E-06  0.0000000E+00
         1    97      4  0.8733446E-03 -0.1789199E-03  0.0000000E+00  0.0000000E+00 -0.3989572E-06  0.0000000E+00
         1    97      5  0.1091718E-02 -0.2236691E-03  0.0000000E+00  0.0000000E+00 -0.7253123E-06  0.0000000E+00
         1    97      6  0.1310106E-02 -0.2684261E-03  0.0000000E+00  0.0000000E+00 -0.1142422E-05  0.0000000E+00
         1    97      7  0.1528508E-02 -0.3131907E-03  0.0000000E+00  0.0000000E+00 -0.1650341E-05  0.0000000E+00
         1    97      8  0.1746924E-02 -0.3579632E-03  0.0000000E+00  0.0000000E+00 -0.2249122E-05  0.0000000E+00
         1    97      9  0.1965355E-02 -0.4027434E-03  0.0000000E+00  0.0000000E+00 -0.2938820E-05  0.0000000E+00
         1    97     10  0.1777276E-05 -0.2694396E-05  0.0000000E+00  0.0000000E+00  0.1254349E-01  0.1000000E-02

         1    98      0  0.0000000E+00  0.0000000E+00  0.0000000E+00  0.0000000E+00  0.0000000E+00  0.0000000E+00
         1    98      1  0.0000000E+00  0.0000000E+00  0.0000000E+00  0.0000000E+00  0.0000000E+00  0.0000000E+00
         1    98      2  0.4142812E-03 -0.8944460E-04  0.0000000E+00  0.0000000E+00 -0.1884946E-07  0.0000000E+00
         1    98      3  0.6214414E-03 -0.1341784E-03  0.0000000E+00  0.0000000E+00 -0.1645520E-06  0.0000000E+00
         1    98      4  0.8286146E-03 -0.1789199E-03  0.0000000E+00  0.0000000E+00 -0.4011788E-06  0.0000000E+00
         1    98      5  0.1035801E-02 -0.2236691E-03  0.0000000E+00  0.0000000E+00 -0.7287841E-06  0.0000000E+00
         1    98      6  0.1242999E-02 -0.2684261E-03  0.0000000E+00  0.0000000E+00 -0.1147422E-05  0.0000000E+00
         1    98      7  0.1450210E-02 -0.3131907E-03  0.0000000E+00  0.0000000E+00 -0.1657148E-05  0.0000000E+00
         1    98      8  0.1657434E-02 -0.3579632E-03  0.0000000E+00  0.0000000E+00 -0.2258014E-05  0.0000000E+00
         1    98      9  0.1864669E-02 -0.4027434E-03  0.0000000E+00  0.0000000E+00 -0.2950077E-05  0.0000000E+00
         1    98     10  0.1104051E-05 -0.2694396E-05  0.0000000E+00  0.0000000E+00  0.1259291E-01  0.1000000E-02

         1    99      0  0.0000000E+00  0.0000000E+00  0.0000000E+00  0.0000000E+00  0.0000000E+00  0.0000000E+00
         1    99      1  0.0000000E+00  0.0000000E+00  0.0000000E+00  0.0000000E+00  0.0000000E+00  0.0000000E+00
         1    99      2  0.3769471E-03 -0.6035045E-04  0.0000000E+00  0.0000000E+00 -0.1758677E-07  0.0000000E+00
         1    99      3  0.5654349E-03 -0.9053593E-04  0.0000000E+00  0.0000000E+00 -0.1617110E-06  0.0000000E+00
         1    99      4  0.7539319E-03 -0.1207283E-03  0.0000000E+00  0.0000000E+00 -0.3961282E-06  0.0000000E+00
         1    99      5  0.9424382E-03 -0.1509276E-03  0.0000000E+00  0.0000000E+00 -0.7208929E-06  0.0000000E+00
         1    99      6  0.1130953E-02 -0.1811338E-03  0.0000000E+00  0.0000000E+00 -0.1136059E-05  0.0000000E+00
         1    99      7  0.1319477E-02 -0.2113469E-03  0.0000000E+00  0.0000000E+00 -0.1641682E-05  0.0000000E+00
         1    99      8  0.1508010E-02 -0.2415671E-03  0.0000000E+00  0.0000000E+00 -0.2237815E-05  0.0000000E+00
         1    99      9  0.1696551E-02 -0.2717942E-03  0.0000000E+00  0.0000000E+00 -0.2924512E-05  0.0000000E+00
         1    99     10 -0.2302796E-06 -0.2662278E-05  0.0000000E+00  0.0000000E+00  0.1269176E-01  0.1000000E-02

         1   100      0  0.0000000E+00  0.0000000E+00  0.0000000E+00  0.0000000E+00  0.0000000E+00  0.0000000E+00
         1   100      1  0.0000000E+00  0.0000000E+00  0.0000000E+00  0.0000000E+00  0.0000000E+00  0.0000000E+00
         1   100      2  0.3545794E-03 -0.2943612E-04  0.0000000E+00  0.0000000E+00 -0.1586709E-07  0.0000000E+00
         1   100      3  0.5318785E-03 -0.4416344E-04  0.0000000E+00  0.0000000E+00 -0.1578417E-06  0.0000000E+00
         1   100      4  0.7091837E-03 -0.5889699E-04  0.0000000E+00  0.0000000E+00 -0.3892495E-06  0.0000000E+00
         1   100      5  0.8864946E-03 -0.7363682E-04  0.0000000E+00  0.0000000E+00 -0.7101449E-06  0.0000000E+00
         1   100      6  0.1063811E-02 -0.8838295E-04  0.0000000E+00  0.0000000E+00 -0.1120582E-05  0.0000000E+00
         1   100      7  0.1241133E-02 -0.1031354E-03  0.0000000E+00  0.0000000E+00 -0.1620616E-05  0.0000000E+00
         1   100      8  0.1418461E-02 -0.1178943E-03  0.0000000E+00  0.0000000E+00 -0.2210300E-05  0.0000000E+00
         1   100      9  0.1595794E-02 -0.1326596E-03  0.0000000E+00  0.0000000E+00 -0.2889689E-05  0.0000000E+00
         1   100     10 -0.1574991E-05 -0.2738542E-05  0.0000000E+00  0.0000000E+00  0.1279061E-01  0.1000000E-02

         1   101      0  0.0000000E+00  0.0000000E+00  0.0000000E+00  0.0000000E+00  0.0000000E+00  0.0000000E+00
         1   101      1  0.0000000E+00  0.0000000E+00  0.0000000E+00  0.0000000E+00  0.0000000E+00  0.0000000E+00
         1   101      2  0.3472204E-03 -0.2943612E-04  0.0000000E+00  0.0000000E+00 -0.1592722E-07  0.0000000E+00
         1   101      3  0.5208377E-03 -0.4416344E-04  0.0000000E+00  0.0000000E+00 -0.1579770E-06  0.0000000E+00
         1   101      4  0.6944594E-03 -0.5889699E-04  0.0000000E+00  0.0000000E+00 -0.3894902E-06  0.0000000E+00
         1   101      5  0.8680854E-03 -0.7363682E-04  0.0000000E+00  0.0000000E+00 -0.7105212E-06  0.0000000E+00
         1   101      6  0.1041716E-02 -0.8838295E-04  0.0000000E+00  0.0000000E+00 -0.1121124E-05  0.0000000E+00
         1   101      7  0.1215350E-02 -0.1031354E-03  0.0000000E+00  0.0000000E+00 -0.1621354E-05  0.0000000E+00
         1   101      8  0.1388987E-02 -0.1178943E-03  0.0000000E+00  0.0000000E+00 -0.2211264E-05  0.0000000E+00
         1   101      9  0.1562629E-02 -0.1326596E-03  0.0000000E+00  0.0000000E+00 -0.2890910E-05  0.0000000E+00
         1   101     10 -0.2259246E-05 -0.2738542E-05  0.0000000E+00  0.0000000E+00  0.1284004E-01  0.1000000E-02

         1   102      0  0.0000000E+00  0.0000000E+00  0.0000000E+00  0.0000000E+00  0.0000000E+00  0.0000000E+00
         1   102      1  0.0000000E+00  0.0000000E+00  0.0000000E+00  0.0000000E+00  0.0000000E+00  0.0000000E+00
         1   102      2  0.3428050E-03 -0.2943612E-04  0.0000000E+00  0.0000000E+00 -0.1596330E-07  0.0000000E+00
         1   102      3  0.5142132E-03 -0.4416344E-04  0.0000000E+00  0.0000000E+00 -0.1580583E-06  0.0000000E+00
         1   102      4  0.6856249E-03 -0.5889699E-04  0.0000000E+00  0.0000000E+00 -0.3896347E-06  0.0000000E+00
         1   102      5  0.8570399E-03 -0.7363682E-04  0.0000000E+00  0.0000000E+00 -0.7107470E-06  0.0000000E+00
         1   102      6  0.1028458E-02 -0.8838295E-04  0.0000000E+00  0.0000000E+00 -0.1121450E-05  0.0000000E+00
         1   102      7  0.1199879E-02 -0.1031354E-03  0.0000000E+00  0.0000000E+00 -0.1621797E-05  0.0000000E+00
         1   102      8  0.1371303E-02 -0.1178943E-03  0.0000000E+00  0.0000000E+00 -0.2211843E-05  0.0000000E+00
         1   102      9  0.1542730E-02 -0.1326596E-03  0.0000000E+00  0.0000000E+00 -0.2891643E-05  0.0000000E+00
         1   102     10 -0.2669800E-05 -0.2738542E-05  0.0000000E+00  0.0000000E+00  0.1286969E-01  0.1000000E-02

         1   103      0  0.0000000E+00  0.0000000E+00  0.0000000E+00  0.0000000E+00  0.0000000E+00  0.0000000E+00
         1   103      1  0.0000000E+00  0.0000000E+00  0.0000000E+00  0.0000000E+00  0.0000000E+00  0.0000000E+00
         1   103      2  0.3354460E-03 -0.2943612E-04  0.0000000E+00  0.0000000E+00 -0.1602343E-07  0.0000000E+00
         1   103      3  0.5031723E-03 -0.4416344E-04  0.0000000E+00  0.0000000E+00 -0.1581936E-06  0.0000000E+00
         1   103      4  0.6709006E-03 -0.5889699E-04  0.0000000E+00  0.0000000E+00 -0.3898754E-06  0.0000000E+00
         1   103      5  0.8386307E-03 -0.7363682E-04  0.0000000E+00  0.0000000E+00 -0.7111233E-06  0.0000000E+00
         1   103      6  0.1006362E-02 -0.8838295E-04  0.0000000E+00  0.0000000E+00 -0.1121992E-05  0.0000000E+00
         1   103      7  0.1174095E-02 -0.1031354E-03  0.0000000E+00  0.0000000E+00 -0.1622535E-05  0.0000000E+00
         1   103      8  0.1341830E-02 -0.1178943E-03  0.0000000E+00  0.0000000E+00 -0.2212808E-05  0.0000000E+00
         1   103      9  0.1509565E-02 -0.1326596E-03  0.0000000E+00  0.0000000E+00 -0.2892864E-05  0.0000000E+00
         1   103     10 -0.3354055E-05 -0.2738542E-05  0.0000000E+00  0.0000000E+00  0.1291912E-01  0.1000000E-02

         1   104      0  0.0000000E+00  0.0000000E+00  0.0000000E+00  0.0000000E+00  0.0000000E+00  0.0000000E+00
         1   104      1  0.0000000E+00  0.0000000E+00  0.0000000E+00  0.0000000E+00  0.0000000E+00  0.0000000E+00
         1   104      2  0.1975378E-03 -0.2943612E-04  0.0000000E+00  0.0000000E+00 -0.1715031E-07  0.0000000E+00
         1   104      3  0.2962666E-03 -0.4416344E-04  0.0000000E+00  0.0000000E+00 -0.1607301E-06  0.0000000E+00
         1   104      4  0.3949682E-03 -0.5889699E-04  0.0000000E+00  0.0000000E+00 -0.3943867E-06  0.0000000E+00
         1   104      5  0.4936422E-03 -0.7363682E-04  0.0000000E+00  0.0000000E+00 -0.7181751E-06  0.0000000E+00
         1   104      6  0.5922883E-03 -0.8838295E-04  0.0000000E+00  0.0000000E+00 -0.1132151E-05  0.0000000E+00
         1   104      7  0.6909059E-03 -0.1031354E-03  0.0000000E+00  0.0000000E+00 -0.1636368E-05  0.0000000E+00
         1   104      8  0.7894949E-03 -0.1178943E-03  0.0000000E+00  0.0000000E+00 -0.2230884E-05  0.0000000E+00
         1   104      9  0.8880546E-03 -0.1326596E-03  0.0000000E+00  0.0000000E+00 -0.2915751E-05  0.0000000E+00
         1   104     10 -0.1617701E-04 -0.2738542E-05  0.0000000E+00  0.0000000E+00  0.1384534E-01  0.1000000E-02

         1   105      0  0.0000000E+00  0.0000000E+00  0.0000000E+00  0.0000000E+00  0.0000000E+00  0.0000000E+00
         1   105      1  0.0000000E+00  0.0000000E+00  0.0000000E+00  0.0000000E+00  0.0000000E+00  0.0000000E+00
         1   105      2  0.1901787E-03 -0.2943612E-04  0.0000000E+00  0.0000000E+00 -0.1721044E-07  0.0000000E+00
         1   105      3  0.2852257E-03 -0.4416344E-04  0.0000000E+00  0.0000000E+00 -0.1608655E-06  0.0000000E+00
         1   105      4  0.3802440E-03 -0.5889699E-04  0.0000000E+00  0.0000000E+00 -0.3946274E-06  0.0000000E+00
         1   105      5  0.4752330E-03 -0.7363682E-04  0.0000000E+00  0.0000000E+00 -0.7185514E-06  0.0000000E+00
         1   105      6  0.5701925E-03 -0.8838295E-04  0.0000000E+00  0.0000000E+00 -0.1132693E-05  0.0000000E+00
         1   105      7  0.6651221E-03 -0.1031354E-03  0.0000000E+00  0.0000000E+00 -0.1637107E-05  0.0000000E+00
         1   105      8  0.7600213E-03 -0.1178943E-03  0.0000000E+00  0.0000000E+00 -0.2231848E-05  0.0000000E+00
         1   105      9  0.8548897E-03 -0.1326596E-03  0.0000000E+00  0.0000000E+00 -0.2916972E-05  0.0000000E+00
         1   105     10 -0.1686126E-04 -0.2738542E-05  0.0000000E+00  0.0000000E+00  0.1389476E-01  0.1000000E-02

         1   106      0  0.0000000E+00  0.0000000E+00  0.0000000E+00  0.0000000E+00  0.0000000E+00  0.0000000E+00
         1   106      1  0.0000000E+00  0.0000000E+00  0.0000000E+00  0.0000000E+00  0.0000000E+00  0.0000000E+00
         1   106      2  0.1857633E-03 -0.2943612E-04  0.0000000E+00  0.0000000E+00 -0.1724652E-07  0.0000000E+00
         1   106      3  0.2786012E-03 -0.4416344E-04  0.0000000E+00  0.0000000E+00 -0.1609467E-06  0.0000000E+00
         1   106      4  0.3714094E-03 -0.5889699E-04  0.0000000E+00  0.0000000E+00 -0.3947719E-06  0.0000000E+00
         1   106      5  0.4641875E-03 -0.7363682E-04  0.0000000E+00  0.0000000E+00 -0.7187772E-06  0.0000000E+00
         1   106      6  0.5569351E-03 -0.8838295E-04  0.0000000E+00  0.0000000E+00 -0.1133018E-05  0.0000000E+00
         1   106      7  0.6496518E-03 -0.1031354E-03  0.0000000E+00  0.0000000E+00 -0.1637549E-05  0.0000000E+00
         1   106      8  0.7423371E-03 -0.1178943E-03  0.0000000E+00  0.0000000E+00 -0.2232427E-05  0.0000000E+00
         1   106      9  0.8349908E-03 -0.1326596E-03  0.0000000E+00  0.0000000E+00 -0.2917705E-05  0.0000000E+00
         1   106     10 -0.1727181E-04 -0.2738542E-05  0.0000000E+00  0.0000000E+00  0.1392441E-01  0.1000000E-02

         1   107      0  0.0000000E+00  0.0000000E+00  0.0000000E+00  0.0000000E+00  0.0000000E+00  0.0000000E+00
         1   107      1  0.0000000E+00  0.0000000E+00  0.0000000E+00  0.0000000E+00  0.0000000E+00  0.0000000E+00
         1   107      2  0.1784043E-03 -0.2943612E-04  0.0000000E+00  0.0000000E+00 -0.1730665E-07  0.0000000E+00
         1   107      3  0.2675604E-03 -0.4416344E-04  0.0000000E+00  0.0000000E+00 -0.1610821E-06  0.0000000E+00
         1   107      4  0.3566852E-03 -0.5889699E-04  0.0000000E+00  0.0000000E+00 -0.3950126E-06  0.0000000E+00
         1   107      5  0.4457783E-03 -0.7363682E-04  0.0000000E+00  0.0000000E+00 -0.7191535E-06  0.0000000E+00
         1   107      6  0.5348393E-03 -0.8838295E-04  0.0000000E+00  0.0000000E+00 -0.1133560E-05  0.0000000E+00
         1   107      7  0.6238679E-03 -0.1031354E-03  0.0000000E+00  0.0000000E+00 -0.1638288E-05  0.0000000E+00
         1   107      8  0.7128636E-03 -0.1178943E-03  0.0000000E+00  0.0000000E+00 -0.2233391E-05  0.0000000E+00
         1   107      9  0.8018259E-03 -0.1326596E-03  0.0000000E+00  0.0000000E+00 -0.2918927E-05  0.0000000E+00
         1   107     10 -0.1795607E-04 -0.2738542E-05  0.0000000E+00  0.0000000E+00  0.1397384E-01  0.1000000E-02

         1   108      0  0.0000000E+00  0.0000000E+00  0.0000000E+00  0.0000000E+00  0.0000000E+00  0.0000000E+00
         1   108      1  0.0000000E+00  0.0000000E+00  0.0000000E+00  0.0000000E+00  0.0000000E+00  0.0000000E+00
         1   108      2  0.1595992E-03 -0.4548752E-04  0.0000000E+00  0.0000000E+00 -0.1799178E-07  0.0000000E+00
         1   108      3  0.2393492E-03 -0.6823600E-04  0.0000000E+00  0.0000000E+00 -0.1626233E-06  0.0000000E+00
         1   108      4  0.3190656E-03 -0.9098764E-04  0.0000000E+00  0.0000000E+00 -0.3977520E-06  0.0000000E+00
         1   108      5  0.3987479E-03 -0.1137424E-03  0.0000000E+00  0.0000000E+00 -0.7234330E-06  0.0000000E+00
         1   108      6  0.4783958E-03 -0.1365004E-03  0.0000000E+00  0.0000000E+00 -0.1139721E-05  0.0000000E+00
         1   108      7  0.5580089E-03 -0.1592614E-03  0.0000000E+00  0.0000000E+00 -0.1646672E-05  0.0000000E+00
         1   108      8  0.6375866E-03 -0.1820257E-03  0.0000000E+00  0.0000000E+00 -0.2244340E-05  0.0000000E+00
         1   108      9  0.7171286E-03 -0.2047931E-03  0.0000000E+00  0.0000000E+00 -0.2932781E-05  0.0000000E+00
         1   108     10 -0.1889121E-04 -0.9893352E-06  0.0000000E+00  0.0000000E+00  0.1407269E-01  0.1000000E-02

         1   109      0  0.0000000E+00  0.0000000E+00  0.0000000E+00  0.0000000E+00  0.0000000E+00  0.0000000E+00
         1   109      1  0.0000000E+00  0.0000000E+00  0.0000000E+00  0.0000000E+00  0.0000000E+00  0.0000000E+00
         1   109      2  0.1332745E-03 -0.5939577E-04  0.0000000E+00  0.0000000E+00 -0.1874410E-07  0.0000000E+00
         1   109      3  0.1998610E-03 -0.8909361E-04  0.0000000E+00  0.0000000E+00 -0.1643157E-06  0.0000000E+00
         1   109      4  0.2664131E-03 -0.1187914E-03  0.0000000E+00  0.0000000E+00 -0.4007601E-06  0.0000000E+00
         1   109      5  0.3329304E-03 -0.1484890E-03  0.0000000E+00  0.0000000E+00 -0.7281323E-06  0.0000000E+00
         1   109      6  0.3994126E-03 -0.1781865E-03  0.0000000E+00  0.0000000E+00 -0.1146487E-05  0.0000000E+00
         1   109      7  0.4658590E-03 -0.2078838E-03  0.0000000E+00  0.0000000E+00 -0.1655879E-05  0.0000000E+00
         1   109      8  0.5322695E-03 -0.2375808E-03  0.0000000E+00  0.0000000E+00 -0.2256363E-05  0.0000000E+00
         1   109      9  0.5986435E-03 -0.2672776E-03  0.0000000E+00  0.0000000E+00 -0.2947994E-05  0.0000000E+00
         1   109     10 -0.1893709E-04  0.8064419E-06  0.0000000E+00  0.0000000E+00  0.1417154E-01  0.1000000E-02

         1   110      0  0.0000000E+00  0.0000000E+00  0.0000000E+00  0.0000000E+00  0.0000000E+00  0.0000000E+00
         1   110      1  0.0000000E+00  0.0000000E+00  0.0000000E+00  0.0000000E+00  0.0000000E+00  0.0000000E+00
         1   110      2  0.1184256E-03 -0.5939577E-04  0.0000000E+00  0.0000000E+00 -0.1898892E-07  0.0000000E+00
         1   110      3  0.1775876E-03 -0.8909361E-04  0.0000000E+00  0.0000000E+00 -0.1648665E-06  0.0000000E+00
         1   110      4  0.2367153E-03 -0.1187914E-03  0.0000000E+00  0.0000000E+00 -0.4017394E-06  0.0000000E+00
         1   110      5  0.2958082E-03 -0.1484890E-03  0.0000000E+00  0.0000000E+00 -0.7296624E-06  0.0000000E+00
         1   110      6  0.3548659E-03 -0.1781865E-03  0.0000000E+00  0.0000000E+00 -0.1148690E-05  0.0000000E+00
         1   110      7  0.4138881E-03 -0.2078838E-03  0.0000000E+00  0.0000000E+00 -0.1658878E-05  0.0000000E+00
         1   110      8  0.4728743E-03 -0.2375808E-03  0.0000000E+00  0.0000000E+00 -0.2260280E-05  0.0000000E+00
         1   110      9  0.5318241E-03 -0.2672776E-03  0.0000000E+00  0.0000000E+00 -0.2952952E-05  0.0000000E+00
         1   110     10 -0.1873559E-04  0.8064419E-06  0.0000000E+00  0.0000000E+00  0.1422096E-01  0.1000000E-02

         1   111      0  0.0000000E+00  0.0000000E+00  0.0000000E+00  0.0000000E+00  0.0000000E+00  0.0000000E+00
         1   111      1  0.0000000E+00  0.0000000E+00  0.0000000E+00  0.0000000E+00  0.0000000E+00  0.0000000E+00
         1   111      2  0.1095162E-03 -0.5939577E-04  0.0000000E+00  0.0000000E+00 -0.1913582E-07  0.0000000E+00
         1   111      3  0.1642236E-03 -0.8909361E-04  0.0000000E+00  0.0000000E+00 -0.1651971E-06  0.0000000E+00
         1   111      4  0.2188966E-03 -0.1187914E-03  0.0000000E+00  0.0000000E+00 -0.4023270E-06  0.0000000E+00
         1   111      5  0.2735348E-03 -0.1484890E-03  0.0000000E+00  0.0000000E+00 -0.7305805E-06  0.0000000E+00
         1   111      6  0.3281380E-03 -0.1781865E-03  0.0000000E+00  0.0000000E+00 -0.1150012E-05  0.0000000E+00
         1   111      7  0.3827055E-03 -0.2078838E-03  0.0000000E+00  0.0000000E+00 -0.1660677E-05  0.0000000E+00
         1   111      8  0.4372372E-03 -0.2375808E-03  0.0000000E+00  0.0000000E+00 -0.2262630E-05  0.0000000E+00
         1   111      9  0.4917325E-03 -0.2672776E-03  0.0000000E+00  0.0000000E+00 -0.2955926E-05  0.0000000E+00
         1   111     10 -0.1861469E-04  0.8064419E-06  0.0000000E+00  0.0000000E+00  0.1425062E-01  0.1000000E-02

         1   112      0  0.0000000E+00  0.0000000E+00  0.0000000E+00  0.0000000E+00  0.0000000E+00  0.0000000E+00
         1   112      1  0.0000000E+00  0.0000000E+00  0.0000000E+00  0.0000000E+00  0.0000000E+00  0.0000000E+00
         1   112      2  0.9466727E-04 -0.5939577E-04  0.0000000E+00  0.0000000E+00 -0.1938064E-07  0.0000000E+00
         1   112      3  0.1419502E-03 -0.8909361E-04  0.0000000E+00  0.0000000E+00 -0.1657479E-06  0.0000000E+00
         1   112      4  0.1891987E-03 -0.1187914E-03  0.0000000E+00  0.0000000E+00 -0.4033063E-06  0.0000000E+00
         1   112      5  0.2364126E-03 -0.1484890E-03  0.0000000E+00  0.0000000E+00 -0.7321106E-06  0.0000000E+00
         1   112      6  0.2835913E-03 -0.1781865E-03  0.0000000E+00  0.0000000E+00 -0.1152216E-05  0.0000000E+00
         1   112      7  0.3307346E-03 -0.2078838E-03  0.0000000E+00  0.0000000E+00 -0.1663676E-05  0.0000000E+00
         1   112      8  0.3778419E-03 -0.2375808E-03  0.0000000E+00  0.0000000E+00 -0.2266548E-05  0.0000000E+00
         1   112      9  0.4249130E-03 -0.2672776E-03  0.0000000E+00  0.0000000E+00 -0.2960884E-05  0.0000000E+00
         1   112     10 -0.1841319E-04  0.8064419E-06  0.0000000E+00  0.0000000E+00  0.1430004E-01  0.1000000E-02

         1   113      0  0.0000000E+00  0.0000000E+00  0.0000000E+00  0.0000000E+00  0.0000000E+00  0.0000000E+00
         1   113      1  0.0000000E+00  0.0000000E+00  0.0000000E+00  0.0000000E+00  0.0000000E+00  0.0000000E+00
         1   113      2 -0.1836019E-03 -0.5939577E-04  0.0000000E+00  0.0000000E+00 -0.2396867E-07  0.0000000E+00
         1   113      3 -0.2754534E-03 -0.8909361E-04  0.0000000E+00  0.0000000E+00 -0.1760710E-06  0.0000000E+00
         1   113      4 -0.3673388E-03 -0.1187914E-03  0.0000000E+00  0.0000000E+00 -0.4216583E-06  0.0000000E+00
         1   113      5 -0.4592584E-03 -0.1484890E-03  0.0000000E+00  0.0000000E+00 -0.7607856E-06  0.0000000E+00
         1   113      6 -0.5512124E-03 -0.1781865E-03  0.0000000E+00  0.0000000E+00 -0.1193508E-05  0.0000000E+00
         1   113      7 -0.6432010E-03 -0.2078838E-03  0.0000000E+00  0.0000000E+00 -0.1719879E-05  0.0000000E+00
         1   113      8 -0.7352243E-03 -0.2375808E-03  0.0000000E+00  0.0000000E+00 -0.2339954E-05  0.0000000E+00
         1   113      9 -0.8272826E-03 -0.2672776E-03  0.0000000E+00  0.0000000E+00 -0.3053789E-05  0.0000000E+00
         1   113     10 -0.1463711E-04  0.8064419E-06  0.0000000E+00  0.0000000E+00  0.1522626E-01  0.1000000E-02

         1   114      0  0.0000000E+00  0.0000000E+00  0.0000000E+00  0.0000000E+00  0.0000000E+00  0.0000000E+00
         1   114      1  0.0000000E+00  0.0000000E+00  0.0000000E+00  0.0000000E+00  0.0000000E+00  0.0000000E+00
         1   114      2 -0.1984508E-03 -0.5939577E-04  0.0000000E+00  0.0000000E+00 -0.2421349E-07  0.0000000E+00
         1   114      3 -0.2977268E-03 -0.8909361E-04  0.0000000E+00  0.0000000E+00 -0.1766218E-06  0.0000000E+00
         1   114      4 -0.3970367E-03 -0.1187914E-03  0.0000000E+00  0.0000000E+00 -0.4226376E-06  0.0000000E+00
         1   114      5 -0.4963807E-03 -0.1484890E-03  0.0000000E+00  0.0000000E+00 -0.7623158E-06  0.0000000E+00
         1   114      6 -0.5957590E-03 -0.1781865E-03  0.0000000E+00  0.0000000E+00 -0.1195711E-05  0.0000000E+00
         1   114      7 -0.6951719E-03 -0.2078838E-03  0.0000000E+00  0.0000000E+00 -0.1722878E-05  0.0000000E+00
         1   114      8 -0.7946195E-03 -0.2375808E-03  0.0000000E+00  0.0000000E+00 -0.2343872E-05  0.0000000E+00
         1   114      9 -0.8941020E-03 -0.2672776E-03  0.0000000E+00  0.0000000E+00 -0.3058746E-05  0.0000000E+00
         1   114     10 -0.1443561E-04  0.8064419E-06  0.0000000E+00  0.0000000E+00  0.1527569E-01  0.1000000E-02

         1   115      0  0.0000000E+00  0.0000000E+00  0.0000000E+00  0.0000000E+00  0.0000000E+00  0.0000000E+00
         1   115      1  0.0000000E+00  0.0000000E+00  0.0000000E+00  0.0000000E+00  0.0000000E+00  0.0000000E+00
         1   115      2 -0.2073602E-03 -0.5939577E-04  0.0000000E+00  0.0000000E+00 -0.2436039E-07  0.0000000E+00
         1   115      3 -0.3110908E-03 -0.8909361E-04  0.0000000E+00  0.0000000E+00 -0.1769523E-06  0.0000000E+00
         1   115      4 -0.4148554E-03 -0.1187914E-03  0.0000000E+00  0.0000000E+00 -0.4232252E-06  0.0000000E+00
         1   115      5 -0.5186540E-03 -0.1484890E-03  0.0000000E+00  0.0000000E+00 -0.7632339E-06  0.0000000E+00
         1   115      6 -0.6224870E-03 -0.1781865E-03  0.0000000E+00  0.0000000E+00 -0.1197033E-05  0.0000000E+00
         1   115      7 -0.7263545E-03 -0.2078838E-03  0.0000000E+00  0.0000000E+00 -0.1724677E-05  0.0000000E+00
         1   115      8 -0.8302566E-03 -0.2375808E-03  0.0000000E+00  0.0000000E+00 -0.2346222E-05  0.0000000E+00
         1   115      9 -0.9341937E-03 -0.2672776E-03  0.0000000E+00  0.0000000E+00 -0.3061721E-05  0.0000000E+00
         1   115     10 -0.1431471E-04  0.8064419E-06  0.0000000E+00  0.0000000E+00  0.1530534E-01  0.1000000E-02

         1   116      0  0.0000000E+00  0.0000000E+00  0.0000000E+00  0.0000000E+00  0.0000000E+00  0.0000000E+00
         1   116      1  0.0000000E+00  0.0000000E+00  0.0000000E+00  0.0000000E+00  0.0000000E+00  0.0000000E+00
         1   116      2 -0.2222091E-03 -0.5939577E-04  0.0000000E+00  0.0000000E+00 -0.2460521E-07  0.0000000E+00
         1   116      3 -0.3333642E-03 -0.8909361E-04  0.0000000E+00  0.0000000E+00 -0.1775032E-06  0.0000000E+00
         1   116      4 -0.4445532E-03 -0.1187914E-03  0.0000000E+00  0.0000000E+00 -0.4242045E-06  0.0000000E+00
         1   116      5 -0.5557763E-03 -0.1484890E-03  0.0000000E+00  0.0000000E+00 -0.7647640E-06  0.0000000E+00
         1   116      6 -0.6670336E-03 -0.1781865E-03  0.0000000E+00  0.0000000E+00 -0.1199236E-05  0.0000000E+00
         1   116      7 -0.7783254E-03 -0.2078838E-03  0.0000000E+00  0.0000000E+00 -0.1727677E-05  0.0000000E+00
         1   116      8 -0.8896518E-03 -0.2375808E-03  0.0000000E+00  0.0000000E+00 -0.2350139E-05  0.0000000E+00
         1   116      9 -0.1001013E-02 -0.2672776E-03  0.0000000E+00  0.0000000E+00 -0.3066679E-05  0.0000000E+00
         1   116     10 -0.1411321E-04  0.8064419E-06  0.0000000E+00  0.0000000E+00  0.1535477E-01  0.1000000E-02

         1   117      0  0.0000000E+00  0.0000000E+00  0.0000000E+00  0.0000000E+00  0.0000000E+00  0.0000000E+00
         1   117      1  0.0000000E+00  0.0000000E+00  0.0000000E+00  0.0000000E+00  0.0000000E+00  0.0000000E+00
         1   117      2 -0.2568459E-03 -0.7964065E-04  0.0000000E+00  0.0000000E+00 -0.2441342E-07  0.0000000E+00
         1   117      3 -0.3853204E-03 -0.1194652E-03  0.0000000E+00  0.0000000E+00 -0.1770712E-06  0.0000000E+00
         1   117      4 -0.5138295E-03 -0.1592926E-03  0.0000000E+00  0.0000000E+00 -0.4234356E-06  0.0000000E+00
         1   117      5 -0.6423734E-03 -0.1991228E-03  0.0000000E+00  0.0000000E+00 -0.7635612E-06  0.0000000E+00
         1   117      6 -0.7709522E-03 -0.2389558E-03  0.0000000E+00  0.0000000E+00 -0.1197502E-05  0.0000000E+00
         1   117      7 -0.8995661E-03 -0.2787915E-03  0.0000000E+00  0.0000000E+00 -0.1725314E-05  0.0000000E+00
         1   117      8 -0.1028215E-02 -0.3186299E-03  0.0000000E+00  0.0000000E+00 -0.2347049E-05  0.0000000E+00
         1   117      9 -0.1156900E-02 -0.3584711E-03  0.0000000E+00  0.0000000E+00 -0.3062763E-05  0.0000000E+00
         1   117     10 -0.1400741E-04 -0.3815169E-06  0.0000000E+00  0.0000000E+00  0.1545362E-01  0.1000000E-02

         1   118      0  0.0000000E+00  0.0000000E+00  0.0000000E+00  0.0000000E+00  0.0000000E+00  0.0000000E+00
         1   118      1  0.0000000E+00  0.0000000E+00  0.0000000E+00  0.0000000E+00  0.0000000E+00  0.0000000E+00
         1   118      2 -0.3016628E-03 -0.1001775E-03  0.0000000E+00  0.0000000E+00 -0.2451237E-07  0.0000000E+00
         1   118      3 -0.4525488E-03 -0.1502744E-03  0.0000000E+00  0.0000000E+00 -0.1772935E-06  0.0000000E+00
         1   118      4 -0.6034715E-03 -0.2003768E-03  0.0000000E+00  0.0000000E+00 -0.4238302E-06  0.0000000E+00
         1   118      5 -0.7544310E-03 -0.2504846E-03  0.0000000E+00  0.0000000E+00 -0.7641768E-06  0.0000000E+00
         1   118      6 -0.9054275E-03 -0.3005978E-03  0.0000000E+00  0.0000000E+00 -0.1198387E-05  0.0000000E+00
         1   118      7 -0.1056461E-02 -0.3507163E-03  0.0000000E+00  0.0000000E+00 -0.1726516E-05  0.0000000E+00
         1   118      8 -0.1207532E-02 -0.4008403E-03  0.0000000E+00  0.0000000E+00 -0.2348617E-05  0.0000000E+00
         1   118      9 -0.1358640E-02 -0.4509697E-03  0.0000000E+00  0.0000000E+00 -0.3064745E-05  0.0000000E+00
         1   118     10 -0.1445812E-04 -0.1427849E-05  0.0000000E+00  0.0000000E+00  0.1555247E-01  0.1000000E-02

         1   119      0  0.0000000E+00  0.0000000E+00  0.0000000E+00  0.0000000E+00  0.0000000E+00  0.0000000E+00
         1   119      1  0.0000000E+00  0.0000000E+00  0.0000000E+00  0.0000000E+00  0.0000000E+00  0.0000000E+00
         1   119      2 -0.3267072E-03 -0.1001775E-03  0.0000000E+00  0.0000000E+00 -0.2520881E-07  0.0000000E+00
         1   119      3 -0.4901175E-03 -0.1502744E-03  0.0000000E+00  0.0000000E+00 -0.1788606E-06  0.0000000E+00
         1   119      4 -0.6535657E-03 -0.2003768E-03  0.0000000E+00  0.0000000E+00 -0.4266165E-06  0.0000000E+00
         1   119      5 -0.8170522E-03 -0.2504846E-03  0.0000000E+00  0.0000000E+00 -0.7685309E-06  0.0000000E+00
         1   119      6 -0.9805770E-03 -0.3005978E-03  0.0000000E+00  0.0000000E+00 -0.1204658E-05  0.0000000E+00
         1   119      7 -0.1144140E-02 -0.3507163E-03  0.0000000E+00  0.0000000E+00 -0.1735052E-05  0.0000000E+00
         1   119      8 -0.1307742E-02 -0.4008403E-03  0.0000000E+00  0.0000000E+00 -0.2359768E-05  0.0000000E+00
         1   119      9 -0.1471383E-02 -0.4509697E-03  0.0000000E+00  0.0000000E+00 -0.3078859E-05  0.0000000E+00
         1   119     10 -0.1481488E-04 -0.1427849E-05  0.0000000E+00  0.0000000E+00  0.1560189E-01  0.1000000E-02

         1   120      0  0.0000000E+00  0.0000000E+00  0.0000000E+00  0.0000000E+00  0.0000000E+00  0.0000000E+00
         1   120      1  0.0000000E+00  0.0000000E+00  0.0000000E+00  0.0000000E+00  0.0000000E+00  0.0000000E+00
         1   120      2 -0.3417338E-03 -0.1001775E-03  0.0000000E+00  0.0000000E+00 -0.2562668E-07  0.0000000E+00
         1   120      3 -0.5126586E-03 -0.1502744E-03  0.0000000E+00  0.0000000E+00 -0.1798009E-06  0.0000000E+00
         1   120      4 -0.6836223E-03 -0.2003768E-03  0.0000000E+00  0.0000000E+00 -0.4282884E-06  0.0000000E+00
         1   120      5 -0.8546249E-03 -0.2504846E-03  0.0000000E+00  0.0000000E+00 -0.7711434E-06  0.0000000E+00
         1   120      6 -0.1025667E-02 -0.3005978E-03  0.0000000E+00  0.0000000E+00 -0.1208421E-05  0.0000000E+00
         1   120      7 -0.1196748E-02 -0.3507163E-03  0.0000000E+00  0.0000000E+00 -0.1740174E-05  0.0000000E+00
         1   120      8 -0.1367868E-02 -0.4008403E-03  0.0000000E+00  0.0000000E+00 -0.2366458E-05  0.0000000E+00
         1   120      9 -0.1539028E-02 -0.4509697E-03  0.0000000E+00  0.0000000E+00 -0.3087327E-05  0.0000000E+00
         1   120     10 -0.1502894E-04 -0.1427849E-05  0.0000000E+00  0.0000000E+00  0.1563155E-01  0.1000000E-02

         1   121      0  0.0000000E+00  0.0000000E+00  0.0000000E+00  0.0000000E+00  0.0000000E+00  0.0000000E+00
         1   121      1  0.0000000E+00  0.0000000E+00  0.0000000E+00  0.0000000E+00  0.0000000E+00  0.0000000E+00
         1   121      2 -0.3667782E-03 -0.1001775E-03  0.0000000E+00  0.0000000E+00 -0.2632312E-07  0.0000000E+00
         1   121      3 -0.5502272E-03 -0.1502744E-03  0.0000000E+00  0.0000000E+00 -0.1813681E-06  0.0000000E+00
         1   121      4 -0.7337165E-03 -0.2003768E-03  0.0000000E+00  0.0000000E+00 -0.4310747E-06  0.0000000E+00
         1   121      5 -0.9172460E-03 -0.2504846E-03  0.0000000E+00  0.0000000E+00 -0.7754976E-06  0.0000000E+00
         1   121      6 -0.1100816E-02 -0.3005978E-03  0.0000000E+00  0.0000000E+00 -0.1214691E-05  0.0000000E+00
         1   121      7 -0.1284427E-02 -0.3507163E-03  0.0000000E+00  0.0000000E+00 -0.1748710E-05  0.0000000E+00
         1   121      8 -0.1468078E-02 -0.4008403E-03  0.0000000E+00  0.0000000E+00 -0.2377608E-05  0.0000000E+00
         1   121      9 -0.1651771E-02 -0.4509697E-03  0.0000000E+00  0.0000000E+00 -0.3101440E-05  0.0000000E+00
         1   121     10 -0.1538571E-04 -0.1427849E-05  0.0000000E+00  0.0000000E+00  0.1568097E-01  0.1000000E-02

         1   122      0  0.0000000E+00  0.0000000E+00  0.0000000E+00  0.0000000E+00  0.0000000E+00  0.0000000E+00
         1   122      1  0.0000000E+00  0.0000000E+00  0.0000000E+00  0.0000000E+00  0.0000000E+00  0.0000000E+00
         1   122      2 -0.8293282E-03 -0.9686203E-04  0.0000000E+00  0.0000000E+00  0.6861353E-04  0.0000000E+00
         1   122      3 -0.1244081E-02 -0.1453017E-03  0.0000000E+00  0.0000000E+00  0.1027768E-03  0.0000000E+00
         1   122      4 -0.1658892E-02 -0.1937472E-03  0.0000000E+00  0.0000000E+00  0.1368443E-03  0.0000000E+00
         1   122      5 -0.2073763E-02 -0.2421985E-03  0.0000000E+00  0.0000000E+00  0.1708160E-03  0.0000000E+00
         1   122      6 -0.2488693E-02 -0.2906555E-03  0.0000000E+00  0.0000000E+00  0.2046919E-03  0.0000000E+00
         1   122      7 -0.2903683E-02 -0.3391182E-03  0.0000000E+00  0.0000000E+00  0.2384720E-03  0.0000000E+00
         1   122      8 -0.3318731E-02 -0.3875867E-03  0.0000000E+00  0.0000000E+00  0.2721561E-03  0.0000000E+00
         1   122      9 -0.3733840E-02 -0.4360609E-03  0.0000000E+00  0.0000000E+00  0.3057443E-03  0.0000000E+00
         1   122     10  0.2456396E-03  0.1126783E-03  0.0000000E+00  0.0000000E+00  0.1659911E-01  0.1000000E-02

         1   123      0  0.0000000E+00  0.0000000E+00  0.0000000E+00  0.0000000E+00  0.0000000E+00  0.0000000E+00
         1   123      1  0.0000000E+00  0.0000000E+00  0.0000000E+00  0.0000000E+00  0.0000000E+00  0.0000000E+00
         1   123      2 -0.8535437E-03 -0.9686203E-04  0.0000000E+00  0.0000000E+00  0.6861288E-04  0.0000000E+00
         1   123      3 -0.1280406E-02 -0.1453017E-03  0.0000000E+00  0.0000000E+00  0.1027753E-03  0.0000000E+00
         1   123      4 -0.1707329E-02 -0.1937472E-03  0.0000000E+00  0.0000000E+00  0.1368417E-03  0.0000000E+00
         1   123      5 -0.2134313E-02 -0.2421985E-03  0.0000000E+00  0.0000000E+00  0.1708119E-03  0.0000000E+00
         1   123      6 -0.2561357E-02 -0.2906555E-03  0.0000000E+00  0.0000000E+00  0.2046861E-03  0.0000000E+00
         1   123      7 -0.2988462E-02 -0.3391182E-03  0.0000000E+00  0.0000000E+00  0.2384640E-03  0.0000000E+00
         1   123      8 -0.3415628E-02 -0.3875867E-03  0.0000000E+00  0.0000000E+00  0.2721457E-03  0.0000000E+00
         1   123      9 -0.3842855E-02 -0.4360609E-03  0.0000000E+00  0.0000000E+00  0.3057311E-03  0.0000000E+00
         1   123     10  0.2737936E-03  0.1126783E-03  0.0000000E+00  0.0000000E+00  0.1664853E-01  0.1000000E-02

         1   124      0  0.0000000E+00  0.0000000E+00  0.0000000E+00  0.0000000E+00  0.0000000E+00  0.0000000E+00
         1   124      1  0.0000000E+00  0.0000000E+00  0.0000000E+00  0.0000000E+00  0.0000000E+00  0.0000000E+00
         1   124      2 -0.8680730E-03 -0.9686203E-04  0.0000000E+00  0.0000000E+00  0.6861249E-04  0.0000000E+00
         1   124      3 -0.1302201E-02 -0.1453017E-03  0.0000000E+00  0.0000000E+00  0.1027744E-03  0.0000000E+00
         1   124      4 -0.1736391E-02 -0.1937472E-03  0.0000000E+00  0.0000000E+00  0.1368401E-03  0.0000000E+00
         1   124      5 -0.2170643E-02 -0.2421985E-03  0.0000000E+00  0.0000000E+00  0.1708095E-03  0.0000000E+00
         1   124      6 -0.2604955E-02 -0.2906555E-03  0.0000000E+00  0.0000000E+00  0.2046825E-03  0.0000000E+00
         1   124      7 -0.3039330E-02 -0.3391182E-03  0.0000000E+00  0.0000000E+00  0.2384592E-03  0.0000000E+00
         1   124      8 -0.3473766E-02 -0.3875867E-03  0.0000000E+00  0.0000000E+00  0.2721394E-03  0.0000000E+00
         1   124      9 -0.3908264E-02 -0.4360609E-03  0.0000000E+00  0.0000000E+00  0.3057232E-03  0.0000000E+00
         1   124     10  0.2906860E-03  0.1126783E-03  0.0000000E+00  0.0000000E+00  0.1667818E-01  0.1000000E-02

         1   125      0  0.0000000E+00  0.0000000E+00  0.0000000E+00  0.0000000E+00  0.0000000E+00  0.0000000E+00
         1   125      1  0.0000000E+00  0.0000000E+00  0.0000000E+00  0.0000000E+00  0.0000000E+00  0.0000000E+00
         1   125      2 -0.8922885E-03 -0.9686203E-04  0.0000000E+00  0.0000000E+00  0.6861184E-04  0.0000000E+00
         1   125      3 -0.1338527E-02 -0.1453017E-03  0.0000000E+00  0.0000000E+00  0.1027730E-03  0.0000000E+00
         1   125      4 -0.1784828E-02 -0.1937472E-03  0.0000000E+00  0.0000000E+00  0.1368375E-03  0.0000000E+00
         1   125      5 -0.2231192E-02 -0.2421985E-03  0.0000000E+00  0.0000000E+00  0.1708054E-03  0.0000000E+00
         1   125      6 -0.2677619E-02 -0.2906555E-03  0.0000000E+00  0.0000000E+00  0.2046767E-03  0.0000000E+00
         1   125      7 -0.3124110E-02 -0.3391182E-03  0.0000000E+00  0.0000000E+00  0.2384512E-03  0.0000000E+00
         1   125      8 -0.3570663E-02 -0.3875867E-03  0.0000000E+00  0.0000000E+00  0.2721290E-03  0.0000000E+00
         1   125      9 -0.4017279E-02 -0.4360609E-03  0.0000000E+00  0.0000000E+00  0.3057100E-03  0.0000000E+00
         1   125     10  0.3188399E-03  0.1126783E-03  0.0000000E+00  0.0000000E+00  0.1672761E-01  0.1000000E-02

         1   126      0  0.0000000E+00  0.0000000E+00  0.0000000E+00  0.0000000E+00  0.0000000E+00  0.0000000E+00
         1   126      1  0.0000000E+00  0.0000000E+00  0.0000000E+00  0.0000000E+00  0.0000000E+00  0.0000000E+00
         1   126      2 -0.9224051E-03 -0.2319761E-04  0.0000000E+00  0.0000000E+00  0.6859932E-04  0.0000000E+00
         1   126      3 -0.1383704E-02 -0.3479736E-04  0.0000000E+00  0.0000000E+00  0.1027448E-03  0.0000000E+00
         1   126      4 -0.1845068E-02 -0.4639772E-04  0.0000000E+00  0.0000000E+00  0.1367874E-03  0.0000000E+00
         1   126      5 -0.2306496E-02 -0.5799866E-04  0.0000000E+00  0.0000000E+00  0.1707272E-03  0.0000000E+00
         1   126      6 -0.2767988E-02 -0.6960017E-04  0.0000000E+00  0.0000000E+00  0.2045640E-03  0.0000000E+00
         1   126      7 -0.3229545E-02 -0.8120221E-04  0.0000000E+00  0.0000000E+00  0.2382978E-03  0.0000000E+00
         1   126      8 -0.3691167E-02 -0.9280477E-04  0.0000000E+00  0.0000000E+00  0.2719285E-03  0.0000000E+00
         1   126      9 -0.4152854E-02 -0.1044078E-03  0.0000000E+00  0.0000000E+00  0.3054562E-03  0.0000000E+00
         1   126     10  0.3683473E-03  0.8479316E-04  0.0000000E+00  0.0000000E+00  0.1682645E-01  0.1000000E-02

         1   127      0  0.0000000E+00  0.0000000E+00  0.0000000E+00  0.0000000E+00  0.0000000E+00  0.0000000E+00
         1   127      1  0.0000000E+00  0.0000000E+00  0.0000000E+00  0.0000000E+00  0.0000000E+00  0.0000000E+00
         1   127      2 -0.9153301E-03  0.5140215E-04  0.0000000E+00  0.0000000E+00  0.6858697E-04  0.0000000E+00
         1   127      3 -0.1373090E-02  0.7711005E-04  0.0000000E+00  0.0000000E+00  0.1027170E-03  0.0000000E+00
         1   127      4 -0.1830914E-02  0.1028226E-03  0.0000000E+00  0.0000000E+00  0.1367380E-03  0.0000000E+00
         1   127      5 -0.2288801E-02  0.1285397E-03  0.0000000E+00  0.0000000E+00  0.1706500E-03  0.0000000E+00
         1   127      6 -0.2746751E-02  0.1542614E-03  0.0000000E+00  0.0000000E+00  0.2044528E-03  0.0000000E+00
         1   127      7 -0.3204765E-02  0.1799879E-03  0.0000000E+00  0.0000000E+00  0.2381464E-03  0.0000000E+00
         1   127      8 -0.3662843E-02  0.2057191E-03  0.0000000E+00  0.0000000E+00  0.2717308E-03  0.0000000E+00
         1   127      9 -0.4120985E-02  0.2314550E-03  0.0000000E+00  0.0000000E+00  0.3052059E-03  0.0000000E+00
         1   127     10  0.4030163E-03  0.5349221E-04  0.0000000E+00  0.0000000E+00  0.1692530E-01  0.1000000E-02

         1   128      0  0.0000000E+00  0.0000000E+00  0.0000000E+00  0.0000000E+00  0.0000000E+00  0.0000000E+00
         1   128      1  0.0000000E+00  0.0000000E+00  0.0000000E+00  0.0000000E+00  0.0000000E+00  0.0000000E+00
         1   128      2 -0.9024795E-03  0.5140215E-04  0.0000000E+00  0.0000000E+00  0.6858679E-04  0.0000000E+00
         1   128      3 -0.1353813E-02  0.7711005E-04  0.0000000E+00  0.0000000E+00  0.1027166E-03  0.0000000E+00
         1   128      4 -0.1805208E-02  0.1028226E-03  0.0000000E+00  0.0000000E+00  0.1367373E-03  0.0000000E+00
         1   128      5 -0.2256666E-02  0.1285397E-03  0.0000000E+00  0.0000000E+00  0.1706488E-03  0.0000000E+00
         1   128      6 -0.2708186E-02  0.1542614E-03  0.0000000E+00  0.0000000E+00  0.2044511E-03  0.0000000E+00
         1   128      7 -0.3159768E-02  0.1799879E-03  0.0000000E+00  0.0000000E+00  0.2381441E-03  0.0000000E+00
         1   128      8 -0.3611413E-02  0.2057191E-03  0.0000000E+00  0.0000000E+00  0.2717279E-03  0.0000000E+00
         1   128      9 -0.4063121E-02  0.2314550E-03  0.0000000E+00  0.0000000E+00  0.3052022E-03  0.0000000E+00
         1   128     10  0.4163819E-03  0.5349221E-04  0.0000000E+00  0.0000000E+00  0.1697473E-01  0.1000000E-02

         1   129      0  0.0000000E+00  0.0000000E+00  0.0000000E+00  0.0000000E+00  0.0000000E+00  0.0000000E+00
         1   129      1  0.0000000E+00  0.0000000E+00  0.0000000E+00  0.0000000E+00  0.0000000E+00  0.0000000E+00
         1   129      2 -0.8947692E-03  0.5140215E-04  0.0000000E+00  0.0000000E+00  0.6858668E-04  0.0000000E+00
         1   129      3 -0.1342246E-02  0.7711005E-04  0.0000000E+00  0.0000000E+00  0.1027163E-03  0.0000000E+00
         1   129      4 -0.1789785E-02  0.1028226E-03  0.0000000E+00  0.0000000E+00  0.1367368E-03  0.0000000E+00
         1   129      5 -0.2237385E-02  0.1285397E-03  0.0000000E+00  0.0000000E+00  0.1706481E-03  0.0000000E+00
         1   129      6 -0.2685047E-02  0.1542614E-03  0.0000000E+00  0.0000000E+00  0.2044501E-03  0.0000000E+00
         1   129      7 -0.3132770E-02  0.1799879E-03  0.0000000E+00  0.0000000E+00  0.2381428E-03  0.0000000E+00
         1   129      8 -0.3580556E-02  0.2057191E-03  0.0000000E+00  0.0000000E+00  0.2717261E-03  0.0000000E+00
         1   129      9 -0.4028403E-02  0.2314550E-03  0.0000000E+00  0.0000000E+00  0.3052000E-03  0.0000000E+00
         1   129     10  0.4244013E-03  0.5349221E-04  0.0000000E+00  0.0000000E+00  0.1700438E-01  0.1000000E-02

         1   130      0  0.0000000E+00  0.0000000E+00  0.0000000E+00  0.0000000E+00  0.0000000E+00  0.0000000E+00
         1   130      1  0.0000000E+00  0.0000000E+00  0.0000000E+00  0.0000000E+00  0.0000000E+00  0.0000000E+00
         1   130      2 -0.8819187E-03  0.5140215E-04  0.0000000E+00  0.0000000E+00  0.6858649E-04  0.0000000E+00
         1   130      3 -0.1322969E-02  0.7711005E-04  0.0000000E+00  0.0000000E+00  0.1027159E-03  0.0000000E+00
         1   130      4 -0.1764079E-02  0.1028226E-03  0.0000000E+00  0.0000000E+00  0.1367361E-03  0.0000000E+00
         1   130      5 -0.2205250E-02  0.1285397E-03  0.0000000E+00  0.0000000E+00  0.1706470E-03  0.0000000E+00
         1   130      6 -0.2646481E-02  0.1542614E-03  0.0000000E+00  0.0000000E+00  0.2044485E-03  0.0000000E+00
         1   130      7 -0.3087773E-02  0.1799879E-03  0.0000000E+00  0.0000000E+00  0.2381405E-03  0.0000000E+00
         1   130      8 -0.3529126E-02  0.2057191E-03  0.0000000E+00  0.0000000E+00  0.2717232E-03  0.0000000E+00
         1   130      9 -0.3970539E-02  0.2314550E-03  0.0000000E+00  0.0000000E+00  0.3051963E-03  0.0000000E+00
         1   130     10  0.4377669E-03  0.5349221E-04  0.0000000E+00  0.0000000E+00  0.1705381E-01  0.1000000E-02

         1   131      0  0.0000000E+00  0.0000000E+00  0.0000000E+00  0.0000000E+00  0.0000000E+00  0.0000000E+00
         1   131      1  0.0000000E+00  0.0000000E+00  0.0000000E+00  0.0000000E+00  0.0000000E+00  0.0000000E+00
         1   131      2 -0.6307422E-03  0.5559625E-04  0.0000000E+00  0.0000000E+00  0.1554042E-03  0.0000000E+00
         1   131      3 -0.9461791E-03  0.8340135E-04  0.0000000E+00  0.0000000E+00  0.2329476E-03  0.0000000E+00
         1   131      4 -0.1261660E-02  0.1112111E-03  0.0000000E+00  0.0000000E+00  0.3103851E-03  0.0000000E+00
         1   131      5 -0.1577184E-02  0.1390256E-03  0.0000000E+00  0.0000000E+00  0.3877168E-03  0.0000000E+00
         1   131      6 -0.1892752E-02  0.1668449E-03  0.0000000E+00  0.0000000E+00  0.4649425E-03  0.0000000E+00
         1   131      7 -0.2208363E-02  0.1946689E-03  0.0000000E+00  0.0000000E+00  0.5420622E-03  0.0000000E+00
         1   131      8 -0.2524018E-02  0.2224978E-03  0.0000000E+00  0.0000000E+00  0.6190758E-03  0.0000000E+00
         1   131      9 -0.2839716E-02  0.2503315E-03  0.0000000E+00  0.0000000E+00  0.6959833E-03  0.0000000E+00
         1   131     10  0.9490039E-03  0.1643932E-03  0.0000000E+00  0.0000000E+00  0.1790561E-01  0.1000000E-02

         1   132      0  0.0000000E+00  0.0000000E+00  0.0000000E+00  0.0000000E+00  0.0000000E+00  0.0000000E+00
         1   132      1  0.0000000E+00  0.0000000E+00  0.0000000E+00  0.0000000E+00  0.0000000E+00  0.0000000E+00
         1   132      2 -0.6168431E-03  0.5559625E-04  0.0000000E+00  0.0000000E+00  0.1554039E-03  0.0000000E+00
         1   132      3 -0.9253288E-03  0.8340135E-04  0.0000000E+00  0.0000000E+00  0.2329471E-03  0.0000000E+00
         1   132      4 -0.1233857E-02  0.1112111E-03  0.0000000E+00  0.0000000E+00  0.3103843E-03  0.0000000E+00
         1   132      5 -0.1542428E-02  0.1390256E-03  0.0000000E+00  0.0000000E+00  0.3877154E-03  0.0000000E+00
         1   132      6 -0.1851041E-02  0.1668449E-03  0.0000000E+00  0.0000000E+00  0.4649405E-03  0.0000000E+00
         1   132      7 -0.2159696E-02  0.1946689E-03  0.0000000E+00  0.0000000E+00  0.5420595E-03  0.0000000E+00
         1   132      8 -0.2468394E-02  0.2224978E-03  0.0000000E+00  0.0000000E+00  0.6190723E-03  0.0000000E+00
         1   132      9 -0.2777133E-02  0.2503315E-03  0.0000000E+00  0.0000000E+00  0.6959789E-03  0.0000000E+00
         1   132     10  0.9900794E-03  0.1643932E-03  0.0000000E+00  0.0000000E+00  0.1795503E-01  0.1000000E-02

         1   133      0  0.0000000E+00  0.0000000E+00  0.0000000E+00  0.0000000E+00  0.0000000E+00  0.0000000E+00
         1   133      1  0.0000000E+00  0.0000000E+00  0.0000000E+00  0.0000000E+00  0.0000000E+00  0.0000000E+00
         1   133      2 -0.6085037E-03  0.5559625E-04  0.0000000E+00  0.0000000E+00  0.1554038E-03  0.0000000E+00
         1   133      3 -0.9128186E-03  0.8340135E-04  0.0000000E+00  0.0000000E+00  0.2329468E-03  0.0000000E+00
         1   133      4 -0.1217175E-02  0.1112111E-03  0.0000000E+00  0.0000000E+00  0.3103837E-03  0.0000000E+00
         1   133      5 -0.1521574E-02  0.1390256E-03  0.0000000E+00  0.0000000E+00  0.3877146E-03  0.0000000E+00
         1   133      6 -0.1826014E-02  0.1668449E-03  0.0000000E+00  0.0000000E+00  0.4649394E-03  0.0000000E+00
         1   133      7 -0.2130496E-02  0.1946689E-03  0.0000000E+00  0.0000000E+00  0.5420579E-03  0.0000000E+00
         1   133      8 -0.2435019E-02  0.2224978E-03  0.0000000E+00  0.0000000E+00  0.6190703E-03  0.0000000E+00
         1   133      9 -0.2739584E-02  0.2503315E-03  0.0000000E+00  0.0000000E+00  0.6959763E-03  0.0000000E+00
         1   133     10  0.1014725E-02  0.1643932E-03  0.0000000E+00  0.0000000E+00  0.1798468E-01  0.1000000E-02

         1   134      0  0.0000000E+00  0.0000000E+00  0.0000000E+00  0.0000000E+00  0.0000000E+00  0.0000000E+00
         1   134      1  0.0000000E+00  0.0000000E+00  0.0000000E+00  0.0000000E+00  0.0000000E+00  0.0000000E+00
         1   134      2 -0.5946046E-03  0.5559625E-04  0.0000000E+00  0.0000000E+00  0.1554036E-03  0.0000000E+00
         1   134      3 -0.8919682E-03  0.8340135E-04  0.0000000E+00  0.0000000E+00  0.2329463E-03  0.0000000E+00
         1   134      4 -0.1189373E-02  0.1112111E-03  0.0000000E+00  0.0000000E+00  0.3103829E-03  0.0000000E+00
         1   134      5 -0.1486817E-02  0.1390256E-03  0.0000000E+00  0.0000000E+00  0.3877133E-03  0.0000000E+00
         1   134      6 -0.1784303E-02  0.1668449E-03  0.0000000E+00  0.0000000E+00  0.4649374E-03  0.0000000E+00
         1   134      7 -0.2081829E-02  0.1946689E-03  0.0000000E+00  0.0000000E+00  0.5420553E-03  0.0000000E+00
         1   134      8 -0.2379395E-02  0.2224978E-03  0.0000000E+00  0.0000000E+00  0.6190669E-03  0.0000000E+00
         1   134      9 -0.2677001E-02  0.2503315E-03  0.0000000E+00  0.0000000E+00  0.6959720E-03  0.0000000E+00
         1   134     10  0.1055800E-02  0.1643932E-03  0.0000000E+00  0.0000000E+00  0.1803411E-01  0.1000000E-02

         1   135      0  0.0000000E+00  0.0000000E+00  0.0000000E+00  0.0000000E+00  0.0000000E+00  0.0000000E+00
         1   135      1  0.0000000E+00  0.0000000E+00  0.0000000E+00  0.0000000E+00  0.0000000E+00  0.0000000E+00
         1   135      2 -0.5776347E-03  0.1249198E-04  0.0000000E+00  0.0000000E+00  0.1554079E-03  0.0000000E+00
         1   135      3 -0.8665110E-03  0.1874053E-04  0.0000000E+00  0.0000000E+00  0.2329560E-03  0.0000000E+00
         1   135      4 -0.1155426E-02  0.2499084E-04  0.0000000E+00  0.0000000E+00  0.3104001E-03  0.0000000E+00
         1   135      5 -0.1444381E-02  0.3124294E-04  0.0000000E+00  0.0000000E+00  0.3877402E-03  0.0000000E+00
         1   135      6 -0.1733374E-02  0.3749688E-04  0.0000000E+00  0.0000000E+00  0.4649762E-03  0.0000000E+00
         1   135      7 -0.2022406E-02  0.4375268E-04  0.0000000E+00  0.0000000E+00  0.5421081E-03  0.0000000E+00
         1   135      8 -0.2311476E-02  0.5001040E-04  0.0000000E+00  0.0000000E+00  0.6191358E-03  0.0000000E+00
         1   135      9 -0.2600585E-02  0.5627007E-04  0.0000000E+00  0.0000000E+00  0.6960593E-03  0.0000000E+00
         1   135     10  0.1157970E-02  0.2457666E-03  0.0000000E+00  0.0000000E+00  0.1813296E-01  0.1000000E-02

         1   136      0  0.0000000E+00  0.0000000E+00  0.0000000E+00  0.0000000E+00  0.0000000E+00  0.0000000E+00
         1   136      1  0.0000000E+00  0.0000000E+00  0.0000000E+00  0.0000000E+00  0.0000000E+00  0.0000000E+00
         1   136      2 -0.5820357E-03 -0.3015011E-04  0.0000000E+00  0.0000000E+00  0.1554123E-03  0.0000000E+00
         1   136      3 -0.8731123E-03 -0.4522693E-04  0.0000000E+00  0.0000000E+00  0.2329658E-03  0.0000000E+00
         1   136      4 -0.1164228E-02 -0.6030487E-04  0.0000000E+00  0.0000000E+00  0.3104176E-03  0.0000000E+00
         1   136      5 -0.1455382E-02 -0.7538386E-04  0.0000000E+00  0.0000000E+00  0.3877675E-03  0.0000000E+00
         1   136      6 -0.1746575E-02 -0.9046387E-04  0.0000000E+00  0.0000000E+00  0.4650155E-03  0.0000000E+00
         1   136      7 -0.2037807E-02 -0.1055448E-03  0.0000000E+00  0.0000000E+00  0.5421616E-03  0.0000000E+00
         1   136      8 -0.2329076E-02 -0.1206267E-03  0.0000000E+00  0.0000000E+00  0.6192056E-03  0.0000000E+00
         1   136      9 -0.2620384E-02 -0.1357095E-03  0.0000000E+00  0.0000000E+00  0.6961477E-03  0.0000000E+00
         1   136     10  0.1302942E-02  0.3362245E-03  0.0000000E+00  0.0000000E+00  0.1823182E-01  0.1000000E-02

         1   137      0  0.0000000E+00  0.0000000E+00  0.0000000E+00  0.0000000E+00  0.0000000E+00  0.0000000E+00
         1   137      1  0.0000000E+00  0.0000000E+00  0.0000000E+00  0.0000000E+00  0.0000000E+00  0.0000000E+00
         1   137      2 -0.5895732E-03 -0.3015011E-04  0.0000000E+00  0.0000000E+00  0.1554122E-03  0.0000000E+00
         1   137      3 -0.8844190E-03 -0.4522693E-04  0.0000000E+00  0.0000000E+00  0.2329657E-03  0.0000000E+00
         1   137      4 -0.1179304E-02 -0.6030487E-04  0.0000000E+00  0.0000000E+00  0.3104173E-03  0.0000000E+00
         1   137      5 -0.1474228E-02 -0.7538386E-04  0.0000000E+00  0.0000000E+00  0.3877671E-03  0.0000000E+00
         1   137      6 -0.1769191E-02 -0.9046387E-04  0.0000000E+00  0.0000000E+00  0.4650149E-03  0.0000000E+00
         1   137      7 -0.2064193E-02 -0.1055448E-03  0.0000000E+00  0.0000000E+00  0.5421608E-03  0.0000000E+00
         1   137      8 -0.2359233E-02 -0.1206267E-03  0.0000000E+00  0.0000000E+00  0.6192046E-03  0.0000000E+00
         1   137      9 -0.2654312E-02 -0.1357095E-03  0.0000000E+00  0.0000000E+00  0.6961464E-03  0.0000000E+00
         1   137     10  0.1386951E-02  0.3362245E-03  0.0000000E+00  0.0000000E+00  0.1828124E-01  0.1000000E-02

         1   138      0  0.0000000E+00  0.0000000E+00  0.0000000E+00  0.0000000E+00  0.0000000E+00  0.0000000E+00
         1   138      1  0.0000000E+00  0.0000000E+00  0.0000000E+00  0.0000000E+00  0.0000000E+00  0.0000000E+00
         1   138      2 -0.5940958E-03 -0.3015011E-04  0.0000000E+00  0.0000000E+00  0.1554122E-03  0.0000000E+00
         1   138      3 -0.8912031E-03 -0.4522693E-04  0.0000000E+00  0.0000000E+00  0.2329656E-03  0.0000000E+00
         1   138      4 -0.1188350E-02 -0.6030487E-04  0.0000000E+00  0.0000000E+00  0.3104172E-03  0.0000000E+00
         1   138      5 -0.1485536E-02 -0.7538386E-04  0.0000000E+00  0.0000000E+00  0.3877669E-03  0.0000000E+00
         1   138      6 -0.1782761E-02 -0.9046387E-04  0.0000000E+00  0.0000000E+00  0.4650146E-03  0.0000000E+00
         1   138      7 -0.2080024E-02 -0.1055448E-03  0.0000000E+00  0.0000000E+00  0.5421603E-03  0.0000000E+00
         1   138      8 -0.2377327E-02 -0.1206267E-03  0.0000000E+00  0.0000000E+00  0.6192040E-03  0.0000000E+00
         1   138      9 -0.2674668E-02 -0.1357095E-03  0.0000000E+00  0.0000000E+00  0.6961456E-03  0.0000000E+00
         1   138     10  0.1437357E-02  0.3362245E-03  0.0000000E+00  0.0000000E+00  0.1831089E-01  0.1000000E-02

         1   139      0  0.0000000E+00  0.0000000E+00  0.0000000E+00  0.0000000E+00  0.0000000E+00  0.0000000E+00
         1   139      1  0.0000000E+00  0.0000000E+00  0.0000000E+00  0.0000000E+00  0.0000000E+00  0.0000000E+00
         1   139      2 -0.6016333E-03 -0.3015011E-04  0.0000000E+00  0.0000000E+00  0.1554121E-03  0.0000000E+00
         1   139      3 -0.9025098E-03 -0.4522693E-04  0.0000000E+00  0.0000000E+00  0.2329654E-03  0.0000000E+00
         1   139      4 -0.1203426E-02 -0.6030487E-04  0.0000000E+00  0.0000000E+00  0.3104169E-03  0.0000000E+00
         1   139      5 -0.1504382E-02 -0.7538386E-04  0.0000000E+00  0.0000000E+00  0.3877665E-03  0.0000000E+00
         1   139      6 -0.1805377E-02 -0.9046387E-04  0.0000000E+00  0.0000000E+00  0.4650140E-03  0.0000000E+00
         1   139      7 -0.2106411E-02 -0.1055448E-03  0.0000000E+00  0.0000000E+00  0.5421596E-03  0.0000000E+00
         1   139      8 -0.2407484E-02 -0.1206267E-03  0.0000000E+00  0.0000000E+00  0.6192030E-03  0.0000000E+00
         1   139      9 -0.2708595E-02 -0.1357095E-03  0.0000000E+00  0.0000000E+00  0.6961444E-03  0.0000000E+00
         1   139     10  0.1521367E-02  0.3362245E-03  0.0000000E+00  0.0000000E+00  0.1836031E-01  0.1000000E-02

         1   140      0  0.0000000E+00  0.0000000E+00  0.0000000E+00  0.0000000E+00  0.0000000E+00  0.0000000E+00
         1   140      1  0.0000000E+00  0.0000000E+00  0.0000000E+00  0.0000000E+00  0.0000000E+00  0.0000000E+00
         1   140      2 -0.7344904E-03 -0.2644527E-04  0.0000000E+00  0.0000000E+00  0.2321000E-03  0.0000000E+00
         1   140      3 -0.1101800E-02 -0.3966941E-04  0.0000000E+00  0.0000000E+00  0.3480028E-03  0.0000000E+00
         1   140      4 -0.1469151E-02 -0.5289451E-04  0.0000000E+00  0.0000000E+00  0.4638073E-03  0.0000000E+00
         1   140      5 -0.1836544E-02 -0.6612050E-04  0.0000000E+00  0.0000000E+00  0.5795136E-03  0.0000000E+00
         1   140      6 -0.2203978E-02 -0.7934734E-04  0.0000000E+00  0.0000000E+00  0.6951214E-03  0.0000000E+00
         1   140      7 -0.2571453E-02 -0.9257498E-04  0.0000000E+00  0.0000000E+00  0.8106307E-03  0.0000000E+00
         1   140      8 -0.2938969E-02 -0.1058034E-03  0.0000000E+00  0.0000000E+00  0.9260414E-03  0.0000000E+00
         1   140      9 -0.3306525E-02 -0.1190325E-03  0.0000000E+00  0.0000000E+00  0.1041353E-02  0.0000000E+00
         1   140     10  0.3336947E-02  0.4374900E-03  0.0000000E+00  0.0000000E+00  0.1901283E-01  0.1000000E-02

         1   141      0  0.0000000E+00  0.0000000E+00  0.0000000E+00  0.0000000E+00  0.0000000E+00  0.0000000E+00
         1   141      1  0.0000000E+00  0.0000000E+00  0.0000000E+00  0.0000000E+00  0.0000000E+00  0.0000000E+00
         1   141      2 -0.7411017E-03 -0.2644527E-04  0.0000000E+00  0.0000000E+00  0.2320999E-03  0.0000000E+00
         1   141      3 -0.1111717E-02 -0.3966941E-04  0.0000000E+00  0.0000000E+00  0.3480027E-03  0.0000000E+00
         1   141      4 -0.1482374E-02 -0.5289451E-04  0.0000000E+00  0.0000000E+00  0.4638071E-03  0.0000000E+00
         1   141      5 -0.1853074E-02 -0.6612050E-04  0.0000000E+00  0.0000000E+00  0.5795132E-03  0.0000000E+00
         1   141      6 -0.2223815E-02 -0.7934734E-04  0.0000000E+00  0.0000000E+00  0.6951209E-03  0.0000000E+00
         1   141      7 -0.2594597E-02 -0.9257498E-04  0.0000000E+00  0.0000000E+00  0.8106301E-03  0.0000000E+00
         1   141      8 -0.2965420E-02 -0.1058034E-03  0.0000000E+00  0.0000000E+00  0.9260406E-03  0.0000000E+00
         1   141      9 -0.3336283E-02 -0.1190325E-03  0.0000000E+00  0.0000000E+00  0.1041352E-02  0.0000000E+00
         1   141     10  0.3446258E-02  0.4374900E-03  0.0000000E+00  0.0000000E+00  0.1906224E-01  0.1000000E-02

         1   142      0  0.0000000E+00  0.0000000E+00  0.0000000E+00  0.0000000E+00  0.0000000E+00  0.0000000E+00
         1   142      1  0.0000000E+00  0.0000000E+00  0.0000000E+00  0.0000000E+00  0.0000000E+00  0.0000000E+00
         1   142      2 -0.7450686E-03 -0.2644647E-04  0.0000000E+00  0.0000000E+00  0.2320999E-03  0.0000000E+00
         1   142      3 -0.1117668E-02 -0.3967212E-04  0.0000000E+00  0.0000000E+00  0.3480026E-03  0.0000000E+00
         1   142      4 -0.1490309E-02 -0.5289932E-04  0.0000000E+00  0.0000000E+00  0.4638070E-03  0.0000000E+00
         1   142      5 -0.1862993E-02 -0.6612802E-04  0.0000000E+00  0.0000000E+00  0.5795131E-03  0.0000000E+00
         1   142      6 -0.2235718E-02 -0.7935817E-04  0.0000000E+00  0.0000000E+00  0.6951207E-03  0.0000000E+00
         1   142      7 -0.2608484E-02 -0.9258973E-04  0.0000000E+00  0.0000000E+00  0.8106297E-03  0.0000000E+00
         1   142      8 -0.2981292E-02 -0.1058226E-03  0.0000000E+00  0.0000000E+00  0.9260401E-03  0.0000000E+00
         1   142      9 -0.3354139E-02 -0.1190569E-03  0.0000000E+00  0.0000000E+00  0.1041352E-02  0.0000000E+00
         1   142     10  0.3511844E-02  0.4374636E-03  0.0000000E+00  0.0000000E+00  0.1909189E-01  0.1000000E-02

         1   143      0  0.0000000E+00  0.0000000E+00  0.0000000E+00  0.0000000E+00  0.0000000E+00  0.0000000E+00
         1   143      1  0.0000000E+00  0.0000000E+00  0.0000000E+00  0.0000000E+00  0.0000000E+00  0.0000000E+00
         1   143      2 -0.7516802E-03 -0.2644647E-04  0.0000000E+00  0.0000000E+00  0.2320999E-03  0.0000000E+00
         1   143      3 -0.1127586E-02 -0.3967212E-04  0.0000000E+00  0.0000000E+00  0.3480025E-03  0.0000000E+00
         1   143      4 -0.1503534E-02 -0.5289932E-04  0.0000000E+00  0.0000000E+00  0.4638068E-03  0.0000000E+00
         1   143      5 -0.1879525E-02 -0.6612802E-04  0.0000000E+00  0.0000000E+00  0.5795128E-03  0.0000000E+00
         1   143      6 -0.2255557E-02 -0.7935817E-04  0.0000000E+00  0.0000000E+00  0.6951202E-03  0.0000000E+00
         1   143      7 -0.2631632E-02 -0.9258973E-04  0.0000000E+00  0.0000000E+00  0.8106291E-03  0.0000000E+00
         1   143      8 -0.3007747E-02 -0.1058226E-03  0.0000000E+00  0.0000000E+00  0.9260393E-03  0.0000000E+00
         1   143      9 -0.3383904E-02 -0.1190569E-03  0.0000000E+00  0.0000000E+00  0.1041351E-02  0.0000000E+00
         1   143     10  0.3621149E-02  0.4374636E-03  0.0000000E+00  0.0000000E+00  0.1914130E-01  0.1000000E-02

         1   144      0  0.0000000E+00  0.0000000E+00  0.0000000E+00  0.0000000E+00  0.0000000E+00  0.0000000E+00
         1   144      1  0.0000000E+00  0.0000000E+00  0.0000000E+00  0.0000000E+00  0.0000000E+00  0.0000000E+00
         1   144      2 -0.7496605E-03  0.3449792E-04  0.0000000E+00  0.0000000E+00  0.2320916E-03  0.0000000E+00
         1   144      3 -0.1124556E-02  0.5174976E-04  0.0000000E+00  0.0000000E+00  0.3479840E-03  0.0000000E+00
         1   144      4 -0.1499494E-02  0.6900354E-04  0.0000000E+00  0.0000000E+00  0.4637739E-03  0.0000000E+00
         1   144      5 -0.1874475E-02  0.8625927E-04  0.0000000E+00  0.0000000E+00  0.5794613E-03  0.0000000E+00
         1   144      6 -0.2249497E-02  0.1035170E-03  0.0000000E+00  0.0000000E+00  0.6950462E-03  0.0000000E+00
         1   144      7 -0.2624561E-02  0.1207766E-03  0.0000000E+00  0.0000000E+00  0.8105283E-03  0.0000000E+00
         1   144      8 -0.2999666E-02  0.1380383E-03  0.0000000E+00  0.0000000E+00  0.9259077E-03  0.0000000E+00
         1   144      9 -0.3374812E-02  0.1553019E-03  0.0000000E+00  0.0000000E+00  0.1041184E-02  0.0000000E+00
         1   144     10  0.3765353E-02  0.1377285E-03  0.0000000E+00  0.0000000E+00  0.1923994E-01  0.1000000E-02

         1   145      0  0.0000000E+00  0.0000000E+00  0.0000000E+00  0.0000000E+00  0.0000000E+00  0.0000000E+00
         1   145      1  0.0000000E+00  0.0000000E+00  0.0000000E+00  0.0000000E+00  0.0000000E+00  0.0000000E+00
         1   145      2 -0.7174144E-03  0.9405135E-04  0.0000000E+00  0.0000000E+00  0.2320832E-03  0.0000000E+00
         1   145      3 -0.1076184E-02  0.1410851E-03  0.0000000E+00  0.0000000E+00  0.3479650E-03  0.0000000E+00
         1   145      4 -0.1434995E-02  0.1881242E-03  0.0000000E+00  0.0000000E+00  0.4637402E-03  0.0000000E+00
         1   145      5 -0.1793846E-02  0.2351686E-03  0.0000000E+00  0.0000000E+00  0.5794086E-03  0.0000000E+00
         1   145      6 -0.2152737E-02  0.2822183E-03  0.0000000E+00  0.0000000E+00  0.6949702E-03  0.0000000E+00
         1   145      7 -0.2511668E-02  0.3292732E-03  0.0000000E+00  0.0000000E+00  0.8104250E-03  0.0000000E+00
         1   145      8 -0.2870638E-02  0.3763335E-03  0.0000000E+00  0.0000000E+00  0.9257727E-03  0.0000000E+00
         1   145      9 -0.3229647E-02  0.4233989E-03  0.0000000E+00  0.0000000E+00  0.1041013E-02  0.0000000E+00
         1   145     10  0.3757876E-02 -0.1675548E-03  0.0000000E+00  0.0000000E+00  0.1933858E-01  0.1000000E-02

         1   146      0  0.0000000E+00  0.0000000E+00  0.0000000E+00  0.0000000E+00  0.0000000E+00  0.0000000E+00
         1   146      1  0.0000000E+00  0.0000000E+00  0.0000000E+00  0.0000000E+00  0.0000000E+00  0.0000000E+00
         1   146      2 -0.6939016E-03  0.9405135E-04  0.0000000E+00  0.0000000E+00  0.2320826E-03  0.0000000E+00
         1   146      3 -0.1040913E-02  0.1410851E-03  0.0000000E+00  0.0000000E+00  0.3479636E-03  0.0000000E+00
         1   146      4 -0.1387964E-02  0.1881242E-03  0.0000000E+00  0.0000000E+00  0.4637377E-03  0.0000000E+00
         1   146      5 -0.1735054E-02  0.2351686E-03  0.0000000E+00  0.0000000E+00  0.5794048E-03  0.0000000E+00
         1   146      6 -0.2082182E-02  0.2822183E-03  0.0000000E+00  0.0000000E+00  0.6949647E-03  0.0000000E+00
         1   146      7 -0.2429350E-02  0.3292732E-03  0.0000000E+00  0.0000000E+00  0.8104174E-03  0.0000000E+00
         1   146      8 -0.2776555E-02  0.3763335E-03  0.0000000E+00  0.0000000E+00  0.9257628E-03  0.0000000E+00
         1   146      9 -0.3123797E-02  0.4233989E-03  0.0000000E+00  0.0000000E+00  0.1041001E-02  0.0000000E+00
         1   146     10  0.3716010E-02 -0.1675548E-03  0.0000000E+00  0.0000000E+00  0.1938801E-01  0.1000000E-02

         1   147      0  0.0000000E+00  0.0000000E+00  0.0000000E+00  0.0000000E+00  0.0000000E+00  0.0000000E+00
         1   147      1  0.0000000E+00  0.0000000E+00  0.0000000E+00  0.0000000E+00  0.0000000E+00  0.0000000E+00
         1   147      2 -0.6797939E-03  0.9405135E-04  0.0000000E+00  0.0000000E+00  0.2320822E-03  0.0000000E+00
         1   147      3 -0.1019750E-02  0.1410851E-03  0.0000000E+00  0.0000000E+00  0.3479628E-03  0.0000000E+00
         1   147      4 -0.1359745E-02  0.1881242E-03  0.0000000E+00  0.0000000E+00  0.4637363E-03  0.0000000E+00
         1   147      5 -0.1699778E-02  0.2351686E-03  0.0000000E+00  0.0000000E+00  0.5794025E-03  0.0000000E+00
         1   147      6 -0.2039850E-02  0.2822183E-03  0.0000000E+00  0.0000000E+00  0.6949614E-03  0.0000000E+00
         1   147      7 -0.2379959E-02  0.3292732E-03  0.0000000E+00  0.0000000E+00  0.8104129E-03  0.0000000E+00
         1   147      8 -0.2720104E-02  0.3763335E-03  0.0000000E+00  0.0000000E+00  0.9257569E-03  0.0000000E+00
         1   147      9 -0.3060287E-02  0.4233989E-03  0.0000000E+00  0.0000000E+00  0.1040993E-02  0.0000000E+00
         1   147     10  0.3690891E-02 -0.1675548E-03  0.0000000E+00  0.0000000E+00  0.1941766E-01  0.1000000E-02

         1   148      0  0.0000000E+00  0.0000000E+00  0.0000000E+00  0.0000000E+00  0.0000000E+00  0.0000000E+00
         1   148      1  0.0000000E+00  0.0000000E+00  0.0000000E+00  0.0000000E+00  0.0000000E+00  0.0000000E+00
         1   148      2 -0.6562810E-03  0.9405135E-04  0.0000000E+00  0.0000000E+00  0.2320816E-03  0.0000000E+00
         1   148      3 -0.9844787E-03  0.1410851E-03  0.0000000E+00  0.0000000E+00  0.3479614E-03  0.0000000E+00
         1   148      4 -0.1312714E-02  0.1881242E-03  0.0000000E+00  0.0000000E+00  0.4637338E-03  0.0000000E+00
         1   148      5 -0.1640986E-02  0.2351686E-03  0.0000000E+00  0.0000000E+00  0.5793986E-03  0.0000000E+00
         1   148      6 -0.1969295E-02  0.2822183E-03  0.0000000E+00  0.0000000E+00  0.6949559E-03  0.0000000E+00
         1   148      7 -0.2297640E-02  0.3292732E-03  0.0000000E+00  0.0000000E+00  0.8104054E-03  0.0000000E+00
         1   148      8 -0.2626021E-02  0.3763335E-03  0.0000000E+00  0.0000000E+00  0.9257471E-03  0.0000000E+00
         1   148      9 -0.2954437E-02  0.4233989E-03  0.0000000E+00  0.0000000E+00  0.1040981E-02  0.0000000E+00
         1   148     10  0.3649025E-02 -0.1675548E-03  0.0000000E+00  0.0000000E+00  0.1946708E-01  0.1000000E-02

         1   149      0  0.0000000E+00  0.0000000E+00  0.0000000E+00  0.0000000E+00  0.0000000E+00  0.0000000E+00
         1   149      1  0.0000000E+00  0.0000000E+00  0.0000000E+00  0.0000000E+00  0.0000000E+00  0.0000000E+00
         1   149      2 -0.2090759E-03  0.9644976E-04  0.0000000E+00  0.0000000E+00  0.2817385E-03  0.0000000E+00
         1   149      3 -0.3136425E-03  0.1446821E-03  0.0000000E+00  0.0000000E+00  0.4224425E-03  0.0000000E+00
         1   149      4 -0.4182276E-03  0.1929193E-03  0.0000000E+00  0.0000000E+00  0.5630361E-03  0.0000000E+00
         1   149      5 -0.5228310E-03  0.2411615E-03  0.0000000E+00  0.0000000E+00  0.7035193E-03  0.0000000E+00
         1   149      6 -0.6274524E-03  0.2894085E-03  0.0000000E+00  0.0000000E+00  0.8438917E-03  0.0000000E+00
         1   149      7 -0.7320915E-03  0.3376603E-03  0.0000000E+00  0.0000000E+00  0.9841534E-03  0.0000000E+00
         1   149      8 -0.8367478E-03  0.3859170E-03  0.0000000E+00  0.0000000E+00  0.1124304E-02  0.0000000E+00
         1   149      9 -0.9414211E-03  0.4341785E-03  0.0000000E+00  0.0000000E+00  0.1264344E-02  0.0000000E+00
         1   149     10  0.3088089E-02 -0.7147768E-04  0.0000000E+00  0.0000000E+00  0.2001203E-01  0.1000000E-02

         1   150      0  0.0000000E+00  0.0000000E+00  0.0000000E+00  0.0000000E+00  0.0000000E+00  0.0000000E+00
         1   150      1  0.0000000E+00  0.0000000E+00  0.0000000E+00  0.0000000E+00  0.0000000E+00  0.0000000E+00
         1   150      2 -0.1849635E-03  0.9644976E-04  0.0000000E+00  0.0000000E+00  0.2817379E-03  0.0000000E+00
         1   150      3 -0.2774719E-03  0.1446821E-03  0.0000000E+00  0.0000000E+00  0.4224411E-03  0.0000000E+00
         1   150      4 -0.3699978E-03  0.1929193E-03  0.0000000E+00  0.0000000E+00  0.5630336E-03  0.0000000E+00
         1   150      5 -0.4625407E-03  0.2411615E-03  0.0000000E+00  0.0000000E+00  0.7035152E-03  0.0000000E+00
         1   150      6 -0.5551003E-03  0.2894085E-03  0.0000000E+00  0.0000000E+00  0.8438859E-03  0.0000000E+00
         1   150      7 -0.6476764E-03  0.3376603E-03  0.0000000E+00  0.0000000E+00  0.9841455E-03  0.0000000E+00
         1   150      8 -0.7402685E-03  0.3859170E-03  0.0000000E+00  0.0000000E+00  0.1124294E-02  0.0000000E+00
         1   150      9 -0.8328765E-03  0.4341785E-03  0.0000000E+00  0.0000000E+00  0.1264331E-02  0.0000000E+00
         1   150     10  0.3070230E-02 -0.7147768E-04  0.0000000E+00  0.0000000E+00  0.2006145E-01  0.1000000E-02

         1   151      0  0.0000000E+00  0.0000000E+00  0.0000000E+00  0.0000000E+00  0.0000000E+00  0.0000000E+00
         1   151      1  0.0000000E+00  0.0000000E+00  0.0000000E+00  0.0000000E+00  0.0000000E+00  0.0000000E+00
         1   151      2 -0.1704960E-03  0.9644951E-04  0.0000000E+00  0.0000000E+00  0.2817375E-03  0.0000000E+00
         1   151      3 -0.2557697E-03  0.1446815E-03  0.0000000E+00  0.0000000E+00  0.4224402E-03  0.0000000E+00
         1   151      4 -0.3410600E-03  0.1929183E-03  0.0000000E+00  0.0000000E+00  0.5630320E-03  0.0000000E+00
         1   151      5 -0.4263666E-03  0.2411599E-03  0.0000000E+00  0.0000000E+00  0.7035128E-03  0.0000000E+00
         1   151      6 -0.5116892E-03  0.2894062E-03  0.0000000E+00  0.0000000E+00  0.8438824E-03  0.0000000E+00
         1   151      7 -0.5970275E-03  0.3376573E-03  0.0000000E+00  0.0000000E+00  0.9841408E-03  0.0000000E+00
         1   151      8 -0.6823813E-03  0.3859130E-03  0.0000000E+00  0.0000000E+00  0.1124288E-02  0.0000000E+00
         1   151      9 -0.7677501E-03  0.4341734E-03  0.0000000E+00  0.0000000E+00  0.1264323E-02  0.0000000E+00
         1   151     10  0.3059509E-02 -0.7155172E-04  0.0000000E+00  0.0000000E+00  0.2009111E-01  0.1000000E-02

         1   152      0  0.0000000E+00  0.0000000E+00  0.0000000E+00  0.0000000E+00  0.0000000E+00  0.0000000E+00
         1   152      1  0.0000000E+00  0.0000000E+00  0.0000000E+00  0.0000000E+00  0.0000000E+00  0.0000000E+00
         1   152      2 -0.1463837E-03  0.9644951E-04  0.0000000E+00  0.0000000E+00  0.2817369E-03  0.0000000E+00
         1   152      3 -0.2195993E-03  0.1446815E-03  0.0000000E+00  0.0000000E+00  0.4224388E-03  0.0000000E+00
         1   152      4 -0.2928304E-03  0.1929183E-03  0.0000000E+00  0.0000000E+00  0.5630294E-03  0.0000000E+00
         1   152      5 -0.3660766E-03  0.2411599E-03  0.0000000E+00  0.0000000E+00  0.7035088E-03  0.0000000E+00
         1   152      6 -0.4393376E-03  0.2894062E-03  0.0000000E+00  0.0000000E+00  0.8438766E-03  0.0000000E+00
         1   152      7 -0.5126132E-03  0.3376573E-03  0.0000000E+00  0.0000000E+00  0.9841329E-03  0.0000000E+00
         1   152      8 -0.5859030E-03  0.3859130E-03  0.0000000E+00  0.0000000E+00  0.1124277E-02  0.0000000E+00
         1   152      9 -0.6592067E-03  0.4341734E-03  0.0000000E+00  0.0000000E+00  0.1264310E-02  0.0000000E+00
         1   152     10  0.3041631E-02 -0.7155172E-04  0.0000000E+00  0.0000000E+00  0.2014053E-01  0.1000000E-02

         1   153      0  0.0000000E+00  0.0000000E+00  0.0000000E+00  0.0000000E+00  0.0000000E+00  0.0000000E+00
         1   153      1  0.0000000E+00  0.0000000E+00  0.0000000E+00  0.0000000E+00  0.0000000E+00  0.0000000E+00
         1   153      2 -0.1005698E-03  0.8736882E-04  0.0000000E+00  0.0000000E+00  0.2817359E-03  0.0000000E+00
         1   153      3 -0.1508753E-03  0.1310588E-03  0.0000000E+00  0.0000000E+00  0.4224366E-03  0.0000000E+00
         1   153      4 -0.2011941E-03  0.1747526E-03  0.0000000E+00  0.0000000E+00  0.5630256E-03  0.0000000E+00
         1   153      5 -0.2515260E-03  0.2184501E-03  0.0000000E+00  0.0000000E+00  0.7035027E-03  0.0000000E+00
         1   153      6 -0.3018705E-03  0.2621514E-03  0.0000000E+00  0.0000000E+00  0.8438679E-03  0.0000000E+00
         1   153      7 -0.3522275E-03  0.3058563E-03  0.0000000E+00  0.0000000E+00  0.9841210E-03  0.0000000E+00
         1   153      8 -0.4025966E-03  0.3495650E-03  0.0000000E+00  0.0000000E+00  0.1124262E-02  0.0000000E+00
         1   153      9 -0.4529775E-03  0.3932774E-03  0.0000000E+00  0.0000000E+00  0.1264290E-02  0.0000000E+00
         1   153     10  0.3061869E-02  0.1527999E-03  0.0000000E+00  0.0000000E+00  0.2023950E-01  0.1000000E-02

         1   154      0  0.0000000E+00  0.0000000E+00  0.0000000E+00  0.0000000E+00  0.0000000E+00  0.0000000E+00
         1   154      1  0.0000000E+00  0.0000000E+00  0.0000000E+00  0.0000000E+00  0.0000000E+00  0.0000000E+00
         1   154      2 -0.5847678E-04  0.8152053E-04  0.0000000E+00  0.0000000E+00  0.2817350E-03  0.0000000E+00
         1   154      3 -0.8773331E-04  0.1222850E-03  0.0000000E+00  0.0000000E+00  0.4224346E-03  0.0000000E+00
         1   154      4 -0.1170015E-03  0.1630523E-03  0.0000000E+00  0.0000000E+00  0.5630220E-03  0.0000000E+00
         1   154      5 -0.1462811E-03  0.2038224E-03  0.0000000E+00  0.0000000E+00  0.7034971E-03  0.0000000E+00
         1   154      6 -0.1755718E-03  0.2445954E-03  0.0000000E+00  0.0000000E+00  0.8438598E-03  0.0000000E+00
         1   154      7 -0.2048732E-03  0.2853712E-03  0.0000000E+00  0.0000000E+00  0.9841100E-03  0.0000000E+00
         1   154      8 -0.2341851E-03  0.3261500E-03  0.0000000E+00  0.0000000E+00  0.1124248E-02  0.0000000E+00
         1   154      9 -0.2635072E-03  0.3669317E-03  0.0000000E+00  0.0000000E+00  0.1264272E-02  0.0000000E+00
         1   154     10  0.3195285E-02  0.3827996E-03  0.0000000E+00  0.0000000E+00  0.2033847E-01  0.1000000E-02

         1   155      0  0.0000000E+00  0.0000000E+00  0.0000000E+00  0.0000000E+00  0.0000000E+00  0.0000000E+00
         1   155      1  0.0000000E+00  0.0000000E+00  0.0000000E+00  0.0000000E+00  0.0000000E+00  0.0000000E+00
         1   155      2 -0.3809664E-04  0.8152053E-04  0.0000000E+00  0.0000000E+00  0.2817345E-03  0.0000000E+00
         1   155      3 -0.5716206E-04  0.1222850E-03  0.0000000E+00  0.0000000E+00  0.4224335E-03  0.0000000E+00
         1   155      4 -0.7623845E-04  0.1630523E-03  0.0000000E+00  0.0000000E+00  0.5630201E-03  0.0000000E+00
         1   155      5 -0.9532552E-04  0.2038224E-03  0.0000000E+00  0.0000000E+00  0.7034942E-03  0.0000000E+00
         1   155      6 -0.1144229E-03  0.2445954E-03  0.0000000E+00  0.0000000E+00  0.8438557E-03  0.0000000E+00
         1   155      7 -0.1335304E-03  0.2853712E-03  0.0000000E+00  0.0000000E+00  0.9841044E-03  0.0000000E+00
         1   155      8 -0.1526476E-03  0.3261500E-03  0.0000000E+00  0.0000000E+00  0.1124240E-02  0.0000000E+00
         1   155      9 -0.1717742E-03  0.3669317E-03  0.0000000E+00  0.0000000E+00  0.1264263E-02  0.0000000E+00
         1   155     10  0.3290932E-02  0.3827996E-03  0.0000000E+00  0.0000000E+00  0.2038788E-01  0.1000000E-02

         1   156      0  0.0000000E+00  0.0000000E+00  0.0000000E+00  0.0000000E+00  0.0000000E+00  0.0000000E+00
         1   156      1  0.0000000E+00  0.0000000E+00  0.0000000E+00  0.0000000E+00  0.0000000E+00  0.0000000E+00
         1   156      2 -0.2586856E-04  0.8152053E-04  0.0000000E+00  0.0000000E+00  0.2817343E-03  0.0000000E+00
         1   156      3 -0.3881931E-04  0.1222850E-03  0.0000000E+00  0.0000000E+00  0.4224329E-03  0.0000000E+00
         1   156      4 -0.5178061E-04  0.1630523E-03  0.0000000E+00  0.0000000E+00  0.5630190E-03  0.0000000E+00
         1   156      5 -0.6475216E-04  0.2038224E-03  0.0000000E+00  0.0000000E+00  0.7034925E-03  0.0000000E+00
         1   156      6 -0.7773363E-04  0.2445954E-03  0.0000000E+00  0.0000000E+00  0.8438532E-03  0.0000000E+00
         1   156      7 -0.9072472E-04  0.2853712E-03  0.0000000E+00  0.0000000E+00  0.9841010E-03  0.0000000E+00
         1   156      8 -0.1037251E-03  0.3261500E-03  0.0000000E+00  0.0000000E+00  0.1124236E-02  0.0000000E+00
         1   156      9 -0.1167345E-03  0.3669317E-03  0.0000000E+00  0.0000000E+00  0.1264257E-02  0.0000000E+00
         1   156     10  0.3348320E-02  0.3827996E-03  0.0000000E+00  0.0000000E+00  0.2041753E-01  0.1000000E-02

         1   157      0  0.0000000E+00  0.0000000E+00  0.0000000E+00  0.0000000E+00  0.0000000E+00  0.0000000E+00
         1   157      1  0.0000000E+00  0.0000000E+00  0.0000000E+00  0.0000000E+00  0.0000000E+00  0.0000000E+00
         1   157      2 -0.5488430E-05  0.8152053E-04  0.0000000E+00  0.0000000E+00  0.2817338E-03  0.0000000E+00
         1   157      3 -0.8248060E-05  0.1222850E-03  0.0000000E+00  0.0000000E+00  0.4224319E-03  0.0000000E+00
         1   157      4 -0.1101754E-04  0.1630523E-03  0.0000000E+00  0.0000000E+00  0.5630172E-03  0.0000000E+00
         1   157      5 -0.1379656E-04  0.2038224E-03  0.0000000E+00  0.0000000E+00  0.7034896E-03  0.0000000E+00
         1   157      6 -0.1658479E-04  0.2445954E-03  0.0000000E+00  0.0000000E+00  0.8438490E-03  0.0000000E+00
         1   157      7 -0.1938191E-04  0.2853712E-03  0.0000000E+00  0.0000000E+00  0.9840953E-03  0.0000000E+00
         1   157      8 -0.2218761E-04  0.3261500E-03  0.0000000E+00  0.0000000E+00  0.1124228E-02  0.0000000E+00
         1   157      9 -0.2500157E-04  0.3669317E-03  0.0000000E+00  0.0000000E+00  0.1264248E-02  0.0000000E+00
         1   157     10  0.3443967E-02  0.3827996E-03  0.0000000E+00  0.0000000E+00  0.2046695E-01  0.1000000E-02

         1   158      0  0.0000000E+00  0.0000000E+00  0.0000000E+00  0.0000000E+00  0.0000000E+00  0.0000000E+00
         1   158      1  0.0000000E+00  0.0000000E+00  0.0000000E+00  0.0000000E+00  0.0000000E+00  0.0000000E+00
         1   158      2  0.3748599E-03  0.8049547E-04  0.0000000E+00  0.0000000E+00  0.2605242E-03  0.0000000E+00
         1   158      3  0.5622956E-03  0.1207468E-03  0.0000000E+00  0.0000000E+00  0.3906115E-03  0.0000000E+00
         1   158      4  0.7497356E-03  0.1610006E-03  0.0000000E+00  0.0000000E+00  0.5205821E-03  0.0000000E+00
         1   158      5  0.9371804E-03  0.2012568E-03  0.0000000E+00  0.0000000E+00  0.6504357E-03  0.0000000E+00
         1   158      6  0.1124630E-02  0.2415154E-03  0.0000000E+00  0.0000000E+00  0.7801723E-03  0.0000000E+00
         1   158      7  0.1312086E-02  0.2817765E-03  0.0000000E+00  0.0000000E+00  0.9097915E-03  0.0000000E+00
         1   158      8  0.1499547E-02  0.3220401E-03  0.0000000E+00  0.0000000E+00  0.1039293E-02  0.0000000E+00
         1   158      9  0.1687015E-02  0.3623063E-03  0.0000000E+00  0.0000000E+00  0.1168677E-02  0.0000000E+00
         1   158     10  0.5452087E-02  0.4728737E-03  0.0000000E+00  0.0000000E+00  0.2088784E-01  0.1000000E-02

         1   159      0  0.0000000E+00  0.0000000E+00  0.0000000E+00  0.0000000E+00  0.0000000E+00  0.0000000E+00
         1   159      1  0.0000000E+00  0.0000000E+00  0.0000000E+00  0.0000000E+00  0.0000000E+00  0.0000000E+00
         1   159      2  0.3949838E-03  0.8049547E-04  0.0000000E+00  0.0000000E+00  0.2605237E-03  0.0000000E+00
         1   159      3  0.5924823E-03  0.1207468E-03  0.0000000E+00  0.0000000E+00  0.3906105E-03  0.0000000E+00
         1   159      4  0.7899858E-03  0.1610006E-03  0.0000000E+00  0.0000000E+00  0.5205803E-03  0.0000000E+00
         1   159      5  0.9874946E-03  0.2012568E-03  0.0000000E+00  0.0000000E+00  0.6504329E-03  0.0000000E+00
         1   159      6  0.1185009E-02  0.2415154E-03  0.0000000E+00  0.0000000E+00  0.7801682E-03  0.0000000E+00
         1   159      7  0.1382530E-02  0.2817765E-03  0.0000000E+00  0.0000000E+00  0.9097860E-03  0.0000000E+00
         1   159      8  0.1580057E-02  0.3220401E-03  0.0000000E+00  0.0000000E+00  0.1039286E-02  0.0000000E+00
         1   159      9  0.1777592E-02  0.3623063E-03  0.0000000E+00  0.0000000E+00  0.1168668E-02  0.0000000E+00
         1   159     10  0.5570240E-02  0.4728737E-03  0.0000000E+00  0.0000000E+00  0.2093725E-01  0.1000000E-02

         1   160      0  0.0000000E+00  0.0000000E+00  0.0000000E+00  0.0000000E+00  0.0000000E+00  0.0000000E+00
         1   160      1  0.0000000E+00  0.0000000E+00  0.0000000E+00  0.0000000E+00  0.0000000E+00  0.0000000E+00
         1   160      2  0.4070584E-03  0.8049897E-04  0.0000000E+00  0.0000000E+00  0.2605235E-03  0.0000000E+00
         1   160      3  0.6105949E-03  0.1207547E-03  0.0000000E+00  0.0000000E+00  0.3906099E-03  0.0000000E+00
         1   160      4  0.8141369E-03  0.1610145E-03  0.0000000E+00  0.0000000E+00  0.5205792E-03  0.0000000E+00
         1   160      5  0.1017685E-02  0.2012786E-03  0.0000000E+00  0.0000000E+00  0.6504312E-03  0.0000000E+00
         1   160      6  0.1221239E-02  0.2415469E-03  0.0000000E+00  0.0000000E+00  0.7801658E-03  0.0000000E+00
         1   160      7  0.1424800E-02  0.2818194E-03  0.0000000E+00  0.0000000E+00  0.9097827E-03  0.0000000E+00
         1   160      8  0.1628367E-02  0.3220961E-03  0.0000000E+00  0.0000000E+00  0.1039282E-02  0.0000000E+00
         1   160      9  0.1831943E-02  0.3623771E-03  0.0000000E+00  0.0000000E+00  0.1168663E-02  0.0000000E+00
         1   160     10  0.5641183E-02  0.4735571E-03  0.0000000E+00  0.0000000E+00  0.2096689E-01  0.1000000E-02

         1   161      0  0.0000000E+00  0.0000000E+00  0.0000000E+00  0.0000000E+00  0.0000000E+00  0.0000000E+00
         1   161      1  0.0000000E+00  0.0000000E+00  0.0000000E+00  0.0000000E+00  0.0000000E+00  0.0000000E+00
         1   161      2  0.4271831E-03  0.8049897E-04  0.0000000E+00  0.0000000E+00  0.2605230E-03  0.0000000E+00
         1   161      3  0.6407836E-03  0.1207547E-03  0.0000000E+00  0.0000000E+00  0.3906089E-03  0.0000000E+00
         1   161      4  0.8543905E-03  0.1610145E-03  0.0000000E+00  0.0000000E+00  0.5205774E-03  0.0000000E+00
         1   161      5  0.1068004E-02  0.2012786E-03  0.0000000E+00  0.0000000E+00  0.6504284E-03  0.0000000E+00
         1   161      6  0.1281626E-02  0.2415469E-03  0.0000000E+00  0.0000000E+00  0.7801618E-03  0.0000000E+00
         1   161      7  0.1495254E-02  0.2818194E-03  0.0000000E+00  0.0000000E+00  0.9097772E-03  0.0000000E+00
         1   161      8  0.1708891E-02  0.3220961E-03  0.0000000E+00  0.0000000E+00  0.1039275E-02  0.0000000E+00
         1   161      9  0.1922537E-02  0.3623771E-03  0.0000000E+00  0.0000000E+00  0.1168654E-02  0.0000000E+00
         1   161     10  0.5759506E-02  0.4735571E-03  0.0000000E+00  0.0000000E+00  0.2101630E-01  0.1000000E-02

         1   162      0  0.0000000E+00  0.0000000E+00  0.0000000E+00  0.0000000E+00  0.0000000E+00  0.0000000E+00
         1   162      1  0.0000000E+00  0.0000000E+00  0.0000000E+00  0.0000000E+00  0.0000000E+00  0.0000000E+00
         1   162      2  0.4585497E-03  0.4454414E-04  0.0000000E+00  0.0000000E+00  0.2605196E-03  0.0000000E+00
         1   162      3  0.6878364E-03  0.6682159E-04  0.0000000E+00  0.0000000E+00  0.3906012E-03  0.0000000E+00
         1   162      4  0.9171315E-03  0.8910261E-04  0.0000000E+00  0.0000000E+00  0.5205638E-03  0.0000000E+00
         1   162      5  0.1146435E-02  0.1113872E-03  0.0000000E+00  0.0000000E+00  0.6504071E-03  0.0000000E+00
         1   162      6  0.1375749E-02  0.1336753E-03  0.0000000E+00  0.0000000E+00  0.7801311E-03  0.0000000E+00
         1   162      7  0.1605072E-02  0.1559669E-03  0.0000000E+00  0.0000000E+00  0.9097354E-03  0.0000000E+00
         1   162      8  0.1834404E-02  0.1782620E-03  0.0000000E+00  0.0000000E+00  0.1039220E-02  0.0000000E+00
         1   162      9  0.2063748E-02  0.2005606E-03  0.0000000E+00  0.0000000E+00  0.1168585E-02  0.0000000E+00
         1   162     10  0.5878556E-02  0.1298498E-05  0.0000000E+00  0.0000000E+00  0.2111465E-01  0.1000000E-02

         1   163      0  0.0000000E+00  0.0000000E+00  0.0000000E+00  0.0000000E+00  0.0000000E+00  0.0000000E+00
         1   163      1  0.0000000E+00  0.0000000E+00  0.0000000E+00  0.0000000E+00  0.0000000E+00  0.0000000E+00
         1   163      2  0.4714275E-03  0.6793285E-05  0.0000000E+00  0.0000000E+00  0.2605164E-03  0.0000000E+00
         1   163      3  0.7071555E-03  0.1019425E-04  0.0000000E+00  0.0000000E+00  0.3905939E-03  0.0000000E+00
         1   163      4  0.9428935E-03  0.1359803E-04  0.0000000E+00  0.0000000E+00  0.5205508E-03  0.0000000E+00
         1   163      5  0.1178642E-02  0.1700457E-04  0.0000000E+00  0.0000000E+00  0.6503868E-03  0.0000000E+00
         1   163      6  0.1414401E-02  0.2041383E-04  0.0000000E+00  0.0000000E+00  0.7801018E-03  0.0000000E+00
         1   163      7  0.1650172E-02  0.2382575E-04  0.0000000E+00  0.0000000E+00  0.9096956E-03  0.0000000E+00
         1   163      8  0.1885954E-02  0.2724028E-04  0.0000000E+00  0.0000000E+00  0.1039168E-02  0.0000000E+00
         1   163      9  0.2121748E-02  0.3065738E-04  0.0000000E+00  0.0000000E+00  0.1168519E-02  0.0000000E+00
         1   163     10  0.5760795E-02 -0.4710125E-03  0.0000000E+00  0.0000000E+00  0.2121300E-01  0.1000000E-02

         1   164      0  0.0000000E+00  0.0000000E+00  0.0000000E+00  0.0000000E+00  0.0000000E+00  0.0000000E+00
         1   164      1  0.0000000E+00  0.0000000E+00  0.0000000E+00  0.0000000E+00  0.0000000E+00  0.0000000E+00
         1   164      2  0.4731258E-03  0.6793285E-05  0.0000000E+00  0.0000000E+00  0.2605164E-03  0.0000000E+00
         1   164      3  0.7097041E-03  0.1019425E-04  0.0000000E+00  0.0000000E+00  0.3905939E-03  0.0000000E+00
         1   164      4  0.9462931E-03  0.1359803E-04  0.0000000E+00  0.0000000E+00  0.5205508E-03  0.0000000E+00
         1   164      5  0.1182893E-02  0.1700457E-04  0.0000000E+00  0.0000000E+00  0.6503868E-03  0.0000000E+00
         1   164      6  0.1419505E-02  0.2041383E-04  0.0000000E+00  0.0000000E+00  0.7801018E-03  0.0000000E+00
         1   164      7  0.1656128E-02  0.2382575E-04  0.0000000E+00  0.0000000E+00  0.9096956E-03  0.0000000E+00
         1   164      8  0.1892764E-02  0.2724028E-04  0.0000000E+00  0.0000000E+00  0.1039168E-02  0.0000000E+00
         1   164      9  0.2129412E-02  0.3065738E-04  0.0000000E+00  0.0000000E+00  0.1168519E-02  0.0000000E+00
         1   164     10  0.5643108E-02 -0.4710125E-03  0.0000000E+00  0.0000000E+00  0.2126241E-01  0.1000000E-02

         1   165      0  0.0000000E+00  0.0000000E+00  0.0000000E+00  0.0000000E+00  0.0000000E+00  0.0000000E+00
         1   165      1  0.0000000E+00  0.0000000E+00  0.0000000E+00  0.0000000E+00  0.0000000E+00  0.0000000E+00
         1   165      2  0.4741448E-03  0.6793285E-05  0.0000000E+00  0.0000000E+00  0.2605164E-03  0.0000000E+00
         1   165      3  0.7112332E-03  0.1019425E-04  0.0000000E+00  0.0000000E+00  0.3905939E-03  0.0000000E+00
         1   165      4  0.9483328E-03  0.1359803E-04  0.0000000E+00  0.0000000E+00  0.5205508E-03  0.0000000E+00
         1   165      5  0.1185444E-02  0.1700457E-04  0.0000000E+00  0.0000000E+00  0.6503868E-03  0.0000000E+00
         1   165      6  0.1422567E-02  0.2041383E-04  0.0000000E+00  0.0000000E+00  0.7801018E-03  0.0000000E+00
         1   165      7  0.1659702E-02  0.2382575E-04  0.0000000E+00  0.0000000E+00  0.9096956E-03  0.0000000E+00
         1   165      8  0.1896850E-02  0.2724028E-04  0.0000000E+00  0.0000000E+00  0.1039168E-02  0.0000000E+00
         1   165      9  0.2134011E-02  0.3065738E-04  0.0000000E+00  0.0000000E+00  0.1168519E-02  0.0000000E+00
         1   165     10  0.5572495E-02 -0.4710125E-03  0.0000000E+00  0.0000000E+00  0.2129206E-01  0.1000000E-02

         1   166      0  0.0000000E+00  0.0000000E+00  0.0000000E+00  0.0000000E+00  0.0000000E+00  0.0000000E+00
         1   166      1  0.0000000E+00  0.0000000E+00  0.0000000E+00  0.0000000E+00  0.0000000E+00  0.0000000E+00
         1   166      2  0.4758431E-03  0.6793285E-05  0.0000000E+00  0.0000000E+00  0.2605164E-03  0.0000000E+00
         1   166      3  0.7137818E-03  0.1019425E-04  0.0000000E+00  0.0000000E+00  0.3905939E-03  0.0000000E+00
         1   166      4  0.9517323E-03  0.1359803E-04  0.0000000E+00  0.0000000E+00  0.5205508E-03  0.0000000E+00
         1   166      5  0.1189695E-02  0.1700457E-04  0.0000000E+00  0.0000000E+00  0.6503868E-03  0.0000000E+00
         1   166      6  0.1427670E-02  0.2041383E-04  0.0000000E+00  0.0000000E+00  0.7801018E-03  0.0000000E+00
         1   166      7  0.1665659E-02  0.2382575E-04  0.0000000E+00  0.0000000E+00  0.9096955E-03  0.0000000E+00
         1   166      8  0.1903660E-02  0.2724028E-04  0.0000000E+00  0.0000000E+00  0.1039168E-02  0.0000000E+00
         1   166      9  0.2141675E-02  0.3065738E-04  0.0000000E+00  0.0000000E+00  0.1168519E-02  0.0000000E+00
         1   166     10  0.5454807E-02 -0.4710125E-03  0.0000000E+00  0.0000000E+00  0.2134147E-01  0.1000000E-02

         1   167      0  0.0000000E+00  0.0000000E+00  0.0000000E+00  0.0000000E+00  0.0000000E+00  0.0000000E+00
         1   167      1  0.0000000E+00  0.0000000E+00  0.0000000E+00  0.0000000E+00  0.0000000E+00  0.0000000E+00
         1   167      2  0.5013779E-03  0.4083516E-05  0.0000000E+00  0.0000000E+00  0.2044258E-03  0.0000000E+00
         1   167      3  0.7521043E-03  0.6129435E-05  0.0000000E+00  0.0000000E+00  0.3064545E-03  0.0000000E+00
         1   167      4  0.1002856E-02  0.8178058E-05  0.0000000E+00  0.0000000E+00  0.4083600E-03  0.0000000E+00
         1   167      5  0.1253633E-02  0.1022933E-04  0.0000000E+00  0.0000000E+00  0.5101423E-03  0.0000000E+00
         1   167      6  0.1504435E-02  0.1228321E-04  0.0000000E+00  0.0000000E+00  0.6118010E-03  0.0000000E+00
         1   167      7  0.1755263E-02  0.1433964E-04  0.0000000E+00  0.0000000E+00  0.7133360E-03  0.0000000E+00
         1   167      8  0.2006116E-02  0.1639856E-04  0.0000000E+00  0.0000000E+00  0.8147470E-03  0.0000000E+00
         1   167      9  0.2256996E-02  0.1845993E-04  0.0000000E+00  0.0000000E+00  0.9160340E-03  0.0000000E+00
         1   167     10  0.3455331E-02 -0.3809771E-03  0.0000000E+00  0.0000000E+00  0.2176155E-01  0.1000000E-02

         1   168      0  0.0000000E+00  0.0000000E+00  0.0000000E+00  0.0000000E+00  0.0000000E+00  0.0000000E+00
         1   168      1  0.0000000E+00  0.0000000E+00  0.0000000E+00  0.0000000E+00  0.0000000E+00  0.0000000E+00
         1   168      2  0.5023988E-03  0.4083516E-05  0.0000000E+00  0.0000000E+00  0.2044258E-03  0.0000000E+00
         1   168      3  0.7536367E-03  0.6129435E-05  0.0000000E+00  0.0000000E+00  0.3064545E-03  0.0000000E+00
         1   168      4  0.1004900E-02  0.8178058E-05  0.0000000E+00  0.0000000E+00  0.4083600E-03  0.0000000E+00
         1   168      5  0.1256190E-02  0.1022933E-04  0.0000000E+00  0.0000000E+00  0.5101422E-03  0.0000000E+00
         1   168      6  0.1507506E-02  0.1228321E-04  0.0000000E+00  0.0000000E+00  0.6118010E-03  0.0000000E+00
         1   168      7  0.1758848E-02  0.1433964E-04  0.0000000E+00  0.0000000E+00  0.7133360E-03  0.0000000E+00
         1   168      8  0.2010216E-02  0.1639856E-04  0.0000000E+00  0.0000000E+00  0.8147470E-03  0.0000000E+00
         1   168      9  0.2261611E-02  0.1845993E-04  0.0000000E+00  0.0000000E+00  0.9160340E-03  0.0000000E+00
         1   168     10  0.3360140E-02 -0.3809771E-03  0.0000000E+00  0.0000000E+00  0.2181097E-01  0.1000000E-02

         1   169      0  0.0000000E+00  0.0000000E+00  0.0000000E+00  0.0000000E+00  0.0000000E+00  0.0000000E+00
         1   169      1  0.0000000E+00  0.0000000E+00  0.0000000E+00  0.0000000E+00  0.0000000E+00  0.0000000E+00
         1   169      2  0.5030112E-03  0.4081524E-05  0.0000000E+00  0.0000000E+00  0.2044258E-03  0.0000000E+00
         1   169      3  0.7545558E-03  0.6124952E-05  0.0000000E+00  0.0000000E+00  0.3064545E-03  0.0000000E+00
         1   169      4  0.1006127E-02  0.8170088E-05  0.0000000E+00  0.0000000E+00  0.4083600E-03  0.0000000E+00
         1   169      5  0.1257724E-02  0.1021688E-04  0.0000000E+00  0.0000000E+00  0.5101422E-03  0.0000000E+00
         1   169      6  0.1509347E-02  0.1226528E-04  0.0000000E+00  0.0000000E+00  0.6118010E-03  0.0000000E+00
         1   169      7  0.1760997E-02  0.1431522E-04  0.0000000E+00  0.0000000E+00  0.7133360E-03  0.0000000E+00
         1   169      8  0.2012673E-02  0.1636667E-04  0.0000000E+00  0.0000000E+00  0.8147470E-03  0.0000000E+00
         1   169      9  0.2264377E-02  0.1841957E-04  0.0000000E+00  0.0000000E+00  0.9160339E-03  0.0000000E+00
         1   169     10  0.3303018E-02 -0.3810646E-03  0.0000000E+00  0.0000000E+00  0.2184062E-01  0.1000000E-02

         1   170      0  0.0000000E+00  0.0000000E+00  0.0000000E+00  0.0000000E+00  0.0000000E+00  0.0000000E+00
         1   170      1  0.0000000E+00  0.0000000E+00  0.0000000E+00  0.0000000E+00  0.0000000E+00  0.0000000E+00
         1   170      2  0.5040315E-03  0.4081524E-05  0.0000000E+00  0.0000000E+00  0.2044258E-03  0.0000000E+00
         1   170      3  0.7560870E-03  0.6124952E-05  0.0000000E+00  0.0000000E+00  0.3064545E-03  0.0000000E+00
         1   170      4  0.1008169E-02  0.8170088E-05  0.0000000E+00  0.0000000E+00  0.4083600E-03  0.0000000E+00
         1   170      5  0.1260278E-02  0.1021688E-04  0.0000000E+00  0.0000000E+00  0.5101422E-03  0.0000000E+00
         1   170      6  0.1512413E-02  0.1226528E-04  0.0000000E+00  0.0000000E+00  0.6118010E-03  0.0000000E+00
         1   170      7  0.1764576E-02  0.1431522E-04  0.0000000E+00  0.0000000E+00  0.7133359E-03  0.0000000E+00
         1   170      8  0.2016765E-02  0.1636667E-04  0.0000000E+00  0.0000000E+00  0.8147470E-03  0.0000000E+00
         1   170      9  0.2268981E-02  0.1841957E-04  0.0000000E+00  0.0000000E+00  0.9160339E-03  0.0000000E+00
         1   170     10  0.3207805E-02 -0.3810646E-03  0.0000000E+00  0.0000000E+00  0.2189003E-01  0.1000000E-02

         1   171      0  0.0000000E+00  0.0000000E+00  0.0000000E+00  0.0000000E+00  0.0000000E+00  0.0000000E+00
         1   171      1  0.0000000E+00  0.0000000E+00  0.0000000E+00  0.0000000E+00  0.0000000E+00  0.0000000E+00
         1   171      2  0.5154088E-03  0.4156724E-04  0.0000000E+00  0.0000000E+00  0.2044291E-03  0.0000000E+00
         1   171      3  0.7731550E-03  0.6235651E-04  0.0000000E+00  0.0000000E+00  0.3064619E-03  0.0000000E+00
         1   171      4  0.1030929E-02  0.8314950E-04  0.0000000E+00  0.0000000E+00  0.4083732E-03  0.0000000E+00
         1   171      5  0.1288731E-02  0.1039462E-03  0.0000000E+00  0.0000000E+00  0.5101629E-03  0.0000000E+00
         1   171      6  0.1546561E-02  0.1247464E-03  0.0000000E+00  0.0000000E+00  0.6118307E-03  0.0000000E+00
         1   171      7  0.1804420E-02  0.1455503E-03  0.0000000E+00  0.0000000E+00  0.7133765E-03  0.0000000E+00
         1   171      8  0.2062306E-02  0.1663577E-03  0.0000000E+00  0.0000000E+00  0.8147999E-03  0.0000000E+00
         1   171      9  0.2320221E-02  0.1871685E-03  0.0000000E+00  0.0000000E+00  0.9161009E-03  0.0000000E+00
         1   171     10  0.3075493E-02 -0.1501040E-03  0.0000000E+00  0.0000000E+00  0.2198900E-01  0.1000000E-02

         1   172      0  0.0000000E+00  0.0000000E+00  0.0000000E+00  0.0000000E+00  0.0000000E+00  0.0000000E+00
         1   172      1  0.0000000E+00  0.0000000E+00  0.0000000E+00  0.0000000E+00  0.0000000E+00  0.0000000E+00
         1   172      2  0.5458548E-03  0.8059082E-04  0.0000000E+00  0.0000000E+00  0.2044323E-03  0.0000000E+00
         1   172      3  0.8188276E-03  0.1208951E-03  0.0000000E+00  0.0000000E+00  0.3064690E-03  0.0000000E+00
         1   172      4  0.1091831E-02  0.1612052E-03  0.0000000E+00  0.0000000E+00  0.4083858E-03  0.0000000E+00
         1   172      5  0.1364864E-02  0.2015212E-03  0.0000000E+00  0.0000000E+00  0.5101826E-03  0.0000000E+00
         1   172      6  0.1637928E-02  0.2418429E-03  0.0000000E+00  0.0000000E+00  0.6118591E-03  0.0000000E+00
         1   172      7  0.1911022E-02  0.2821703E-03  0.0000000E+00  0.0000000E+00  0.7134150E-03  0.0000000E+00
         1   172      8  0.2184147E-02  0.3225034E-03  0.0000000E+00  0.0000000E+00  0.8148503E-03  0.0000000E+00
         1   172      9  0.2457303E-02  0.3628422E-03  0.0000000E+00  0.0000000E+00  0.9161647E-03  0.0000000E+00
         1   172     10  0.3056861E-02  0.7530827E-04  0.0000000E+00  0.0000000E+00  0.2208797E-01  0.1000000E-02

         1   173      0  0.0000000E+00  0.0000000E+00  0.0000000E+00  0.0000000E+00  0.0000000E+00  0.0000000E+00
         1   173      1  0.0000000E+00  0.0000000E+00  0.0000000E+00  0.0000000E+00  0.0000000E+00  0.0000000E+00
         1   173      2  0.5660025E-03  0.8059082E-04  0.0000000E+00  0.0000000E+00  0.2044318E-03  0.0000000E+00
         1   173      3  0.8490513E-03  0.1208951E-03  0.0000000E+00  0.0000000E+00  0.3064680E-03  0.0000000E+00
         1   173      4  0.1132132E-02  0.1612052E-03  0.0000000E+00  0.0000000E+00  0.4083840E-03  0.0000000E+00
         1   173      5  0.1415244E-02  0.2015212E-03  0.0000000E+00  0.0000000E+00  0.5101798E-03  0.0000000E+00
         1   173      6  0.1698389E-02  0.2418429E-03  0.0000000E+00  0.0000000E+00  0.6118550E-03  0.0000000E+00
         1   173      7  0.1981565E-02  0.2821703E-03  0.0000000E+00  0.0000000E+00  0.7134095E-03  0.0000000E+00
         1   173      8  0.2264773E-02  0.3225034E-03  0.0000000E+00  0.0000000E+00  0.8148431E-03  0.0000000E+00
         1   173      9  0.2548013E-02  0.3628422E-03  0.0000000E+00  0.0000000E+00  0.9161556E-03  0.0000000E+00
         1   173     10  0.3075678E-02  0.7530827E-04  0.0000000E+00  0.0000000E+00  0.2213740E-01  0.1000000E-02

         1   174      0  0.0000000E+00  0.0000000E+00  0.0000000E+00  0.0000000E+00  0.0000000E+00  0.0000000E+00
         1   174      1  0.0000000E+00  0.0000000E+00  0.0000000E+00  0.0000000E+00  0.0000000E+00  0.0000000E+00
         1   174      2  0.5780911E-03  0.8059082E-04  0.0000000E+00  0.0000000E+00  0.2044315E-03  0.0000000E+00
         1   174      3  0.8671856E-03  0.1208951E-03  0.0000000E+00  0.0000000E+00  0.3064674E-03  0.0000000E+00
         1   174      4  0.1156313E-02  0.1612052E-03  0.0000000E+00  0.0000000E+00  0.4083829E-03  0.0000000E+00
         1   174      5  0.1445473E-02  0.2015212E-03  0.0000000E+00  0.0000000E+00  0.5101781E-03  0.0000000E+00
         1   174      6  0.1734665E-02  0.2418429E-03  0.0000000E+00  0.0000000E+00  0.6118526E-03  0.0000000E+00
         1   174      7  0.2023890E-02  0.2821703E-03  0.0000000E+00  0.0000000E+00  0.7134062E-03  0.0000000E+00
         1   174      8  0.2313149E-02  0.3225034E-03  0.0000000E+00  0.0000000E+00  0.8148388E-03  0.0000000E+00
         1   174      9  0.2602439E-02  0.3628422E-03  0.0000000E+00  0.0000000E+00  0.9161501E-03  0.0000000E+00
         1   174     10  0.3086968E-02  0.7530827E-04  0.0000000E+00  0.0000000E+00  0.2216705E-01  0.1000000E-02

         1   175      0  0.0000000E+00  0.0000000E+00  0.0000000E+00  0.0000000E+00  0.0000000E+00  0.0000000E+00
         1   175      1  0.0000000E+00  0.0000000E+00  0.0000000E+00  0.0000000E+00  0.0000000E+00  0.0000000E+00
         1   175      2  0.5982388E-03  0.8059082E-04  0.0000000E+00  0.0000000E+00  0.2044311E-03  0.0000000E+00
         1   175      3  0.8974094E-03  0.1208951E-03  0.0000000E+00  0.0000000E+00  0.3064663E-03  0.0000000E+00
         1   175      4  0.1196614E-02  0.1612052E-03  0.0000000E+00  0.0000000E+00  0.4083811E-03  0.0000000E+00
         1   175      5  0.1495853E-02  0.2015212E-03  0.0000000E+00  0.0000000E+00  0.5101753E-03  0.0000000E+00
         1   175      6  0.1795126E-02  0.2418429E-03  0.0000000E+00  0.0000000E+00  0.6118485E-03  0.0000000E+00
         1   175      7  0.2094433E-02  0.2821703E-03  0.0000000E+00  0.0000000E+00  0.7134007E-03  0.0000000E+00
         1   175      8  0.2393774E-02  0.3225034E-03  0.0000000E+00  0.0000000E+00  0.8148316E-03  0.0000000E+00
         1   175      9  0.2693150E-02  0.3628422E-03  0.0000000E+00  0.0000000E+00  0.9161409E-03  0.0000000E+00
         1   175     10  0.3105785E-02  0.7530827E-04  0.0000000E+00  0.0000000E+00  0.2221647E-01  0.1000000E-02

         1   176      0  0.0000000E+00  0.0000000E+00  0.0000000E+00  0.0000000E+00  0.0000000E+00  0.0000000E+00
         1   176      1  0.0000000E+00  0.0000000E+00  0.0000000E+00  0.0000000E+00  0.0000000E+00  0.0000000E+00
         1   176      2  0.9664527E-03  0.7625126E-04  0.0000000E+00  0.0000000E+00  0.1146124E-03  0.0000000E+00
         1   176      3  0.1449781E-02  0.1143847E-03  0.0000000E+00  0.0000000E+00  0.1717223E-03  0.0000000E+00
         1   176      4  0.1933177E-02  0.1525234E-03  0.0000000E+00  0.0000000E+00  0.2287012E-03  0.0000000E+00
         1   176      5  0.2416641E-02  0.1906671E-03  0.0000000E+00  0.0000000E+00  0.2855488E-03  0.0000000E+00
         1   176      6  0.2900172E-02  0.2288160E-03  0.0000000E+00  0.0000000E+00  0.3422650E-03  0.0000000E+00
         1   176      7  0.3383770E-02  0.2669699E-03  0.0000000E+00  0.0000000E+00  0.3988495E-03  0.0000000E+00
         1   176      8  0.3867435E-02  0.3051288E-03  0.0000000E+00  0.0000000E+00  0.4553021E-03  0.0000000E+00
         1   176      9  0.4351167E-02  0.3432926E-03  0.0000000E+00  0.0000000E+00  0.5116226E-03  0.0000000E+00
         1   176     10  0.3684355E-02  0.1712383E-03  0.0000000E+00  0.0000000E+00  0.2275838E-01  0.1000000E-02

         1   177      0  0.0000000E+00  0.0000000E+00  0.0000000E+00  0.0000000E+00  0.0000000E+00  0.0000000E+00
         1   177      1  0.0000000E+00  0.0000000E+00  0.0000000E+00  0.0000000E+00  0.0000000E+00  0.0000000E+00
         1   177      2  0.9855155E-03  0.7625126E-04  0.0000000E+00  0.0000000E+00  0.1146120E-03  0.0000000E+00
         1   177      3  0.1478377E-02  0.1143847E-03  0.0000000E+00  0.0000000E+00  0.1717214E-03  0.0000000E+00
         1   177      4  0.1971308E-02  0.1525234E-03  0.0000000E+00  0.0000000E+00  0.2286996E-03  0.0000000E+00
         1   177      5  0.2464307E-02  0.1906671E-03  0.0000000E+00  0.0000000E+00  0.2855463E-03  0.0000000E+00
         1   177      6  0.2957376E-02  0.2288160E-03  0.0000000E+00  0.0000000E+00  0.3422613E-03  0.0000000E+00
         1   177      7  0.3450512E-02  0.2669699E-03  0.0000000E+00  0.0000000E+00  0.3988445E-03  0.0000000E+00
         1   177      8  0.3943717E-02  0.3051288E-03  0.0000000E+00  0.0000000E+00  0.4552956E-03  0.0000000E+00
         1   177      9  0.4436990E-02  0.3432926E-03  0.0000000E+00  0.0000000E+00  0.5116144E-03  0.0000000E+00
         1   177     10  0.3727141E-02  0.1712383E-03  0.0000000E+00  0.0000000E+00  0.2280780E-01  0.1000000E-02

         1   178      0  0.0000000E+00  0.0000000E+00  0.0000000E+00  0.0000000E+00  0.0000000E+00  0.0000000E+00
         1   178      1  0.0000000E+00  0.0000000E+00  0.0000000E+00  0.0000000E+00  0.0000000E+00  0.0000000E+00
         1   178      2  0.9969530E-03  0.7624912E-04  0.0000000E+00  0.0000000E+00  0.1146117E-03  0.0000000E+00
         1   178      3  0.1495535E-02  0.1143799E-03  0.0000000E+00  0.0000000E+00  0.1717209E-03  0.0000000E+00
         1   178      4  0.1994186E-02  0.1525148E-03  0.0000000E+00  0.0000000E+00  0.2286986E-03  0.0000000E+00
         1   178      5  0.2492907E-02  0.1906537E-03  0.0000000E+00  0.0000000E+00  0.2855448E-03  0.0000000E+00
         1   178      6  0.2991697E-02  0.2287967E-03  0.0000000E+00  0.0000000E+00  0.3422592E-03  0.0000000E+00
         1   178      7  0.3490556E-02  0.2669436E-03  0.0000000E+00  0.0000000E+00  0.3988415E-03  0.0000000E+00
         1   178      8  0.3989484E-02  0.3050945E-03  0.0000000E+00  0.0000000E+00  0.4552917E-03  0.0000000E+00
         1   178      9  0.4488481E-02  0.3432492E-03  0.0000000E+00  0.0000000E+00  0.5116095E-03  0.0000000E+00
         1   178     10  0.3752810E-02  0.1712078E-03  0.0000000E+00  0.0000000E+00  0.2283745E-01  0.1000000E-02

         1   179      0  0.0000000E+00  0.0000000E+00  0.0000000E+00  0.0000000E+00  0.0000000E+00  0.0000000E+00
         1   179      1  0.0000000E+00  0.0000000E+00  0.0000000E+00  0.0000000E+00  0.0000000E+00  0.0000000E+00
         1   179      2  0.1016015E-02  0.7624912E-04  0.0000000E+00  0.0000000E+00  0.1146113E-03  0.0000000E+00
         1   179      3  0.1524130E-02  0.1143799E-03  0.0000000E+00  0.0000000E+00  0.1717200E-03  0.0000000E+00
         1   179      4  0.2032314E-02  0.1525148E-03  0.0000000E+00  0.0000000E+00  0.2286970E-03  0.0000000E+00
         1   179      5  0.2540570E-02  0.1906537E-03  0.0000000E+00  0.0000000E+00  0.2855423E-03  0.0000000E+00
         1   179      6  0.3048896E-02  0.2287967E-03  0.0000000E+00  0.0000000E+00  0.3422555E-03  0.0000000E+00
         1   179      7  0.3557292E-02  0.2669436E-03  0.0000000E+00  0.0000000E+00  0.3988366E-03  0.0000000E+00
         1   179      8  0.4065758E-02  0.3050945E-03  0.0000000E+00  0.0000000E+00  0.4552853E-03  0.0000000E+00
         1   179      9  0.4574293E-02  0.3432492E-03  0.0000000E+00  0.0000000E+00  0.5116014E-03  0.0000000E+00
         1   179     10  0.3795588E-02  0.1712078E-03  0.0000000E+00  0.0000000E+00  0.2288688E-01  0.1000000E-02

         1   180      0  0.0000000E+00  0.0000000E+00  0.0000000E+00  0.0000000E+00  0.0000000E+00  0.0000000E+00
         1   180      1  0.0000000E+00  0.0000000E+00  0.0000000E+00  0.0000000E+00  0.0000000E+00  0.0000000E+00
         1   180      2  0.1033400E-02 -0.6943455E-05  0.0000000E+00  0.0000000E+00  0.1145958E-03  0.0000000E+00
         1   180      3  0.1550208E-02 -0.1041765E-04  0.0000000E+00  0.0000000E+00  0.1716851E-03  0.0000000E+00
         1   180      4  0.2067087E-02 -0.1389352E-04  0.0000000E+00  0.0000000E+00  0.2286350E-03  0.0000000E+00
         1   180      5  0.2584037E-02 -0.1737111E-04  0.0000000E+00  0.0000000E+00  0.2854454E-03  0.0000000E+00
         1   180      6  0.3101058E-02 -0.2085044E-04  0.0000000E+00  0.0000000E+00  0.3421160E-03  0.0000000E+00
         1   180      7  0.3618150E-02 -0.2433153E-04  0.0000000E+00  0.0000000E+00  0.3986467E-03  0.0000000E+00
         1   180      8  0.4135313E-02 -0.2781442E-04  0.0000000E+00  0.0000000E+00  0.4550372E-03  0.0000000E+00
         1   180      9  0.4652545E-02 -0.3129915E-04  0.0000000E+00  0.0000000E+00  0.5112874E-03  0.0000000E+00
         1   180     10  0.3804120E-02 -0.1371789E-03  0.0000000E+00  0.0000000E+00  0.2298551E-01  0.1000000E-02

         1   181      0  0.0000000E+00  0.0000000E+00  0.0000000E+00  0.0000000E+00  0.0000000E+00  0.0000000E+00
         1   181      1  0.0000000E+00  0.0000000E+00  0.0000000E+00  0.0000000E+00  0.0000000E+00  0.0000000E+00
         1   181      2  0.1009119E-02 -0.8985607E-04  0.0000000E+00  0.0000000E+00  0.1145803E-03  0.0000000E+00
         1   181      3  0.1513782E-02 -0.1347952E-03  0.0000000E+00  0.0000000E+00  0.1716501E-03  0.0000000E+00
         1   181      4  0.2018514E-02 -0.1797417E-03  0.0000000E+00  0.0000000E+00  0.2285728E-03  0.0000000E+00
         1   181      5  0.2523316E-02 -0.2246955E-03  0.0000000E+00  0.0000000E+00  0.2853482E-03  0.0000000E+00
         1   181      6  0.3028186E-02 -0.2696569E-03  0.0000000E+00  0.0000000E+00  0.3419760E-03  0.0000000E+00
         1   181      7  0.3533124E-02 -0.3146256E-03  0.0000000E+00  0.0000000E+00  0.3984561E-03  0.0000000E+00
         1   181      8  0.4038130E-02 -0.3596018E-03  0.0000000E+00  0.0000000E+00  0.4547882E-03  0.0000000E+00
         1   181      9  0.4543205E-02 -0.4045855E-03  0.0000000E+00  0.0000000E+00  0.5109722E-03  0.0000000E+00
         1   181     10  0.3659407E-02 -0.4400395E-03  0.0000000E+00  0.0000000E+00  0.2308415E-01  0.1000000E-02

         1   182      0  0.0000000E+00  0.0000000E+00  0.0000000E+00  0.0000000E+00  0.0000000E+00  0.0000000E+00
         1   182      1  0.0000000E+00  0.0000000E+00  0.0000000E+00  0.0000000E+00  0.0000000E+00  0.0000000E+00
         1   182      2  0.9866546E-03 -0.8985607E-04  0.0000000E+00  0.0000000E+00  0.1145797E-03  0.0000000E+00
         1   182      3  0.1480083E-02 -0.1347952E-03  0.0000000E+00  0.0000000E+00  0.1716489E-03  0.0000000E+00
         1   182      4  0.1973579E-02 -0.1797417E-03  0.0000000E+00  0.0000000E+00  0.2285706E-03  0.0000000E+00
         1   182      5  0.2467142E-02 -0.2246955E-03  0.0000000E+00  0.0000000E+00  0.2853447E-03  0.0000000E+00
         1   182      6  0.2960771E-02 -0.2696569E-03  0.0000000E+00  0.0000000E+00  0.3419710E-03  0.0000000E+00
         1   182      7  0.3454468E-02 -0.3146256E-03  0.0000000E+00  0.0000000E+00  0.3984492E-03  0.0000000E+00
         1   182      8  0.3948230E-02 -0.3596018E-03  0.0000000E+00  0.0000000E+00  0.4547793E-03  0.0000000E+00
         1   182      9  0.4442058E-02 -0.4045855E-03  0.0000000E+00  0.0000000E+00  0.5109609E-03  0.0000000E+00
         1   182     10  0.3549458E-02 -0.4400395E-03  0.0000000E+00  0.0000000E+00  0.2313356E-01  0.1000000E-02

         1   183      0  0.0000000E+00  0.0000000E+00  0.0000000E+00  0.0000000E+00  0.0000000E+00  0.0000000E+00
         1   183      1  0.0000000E+00  0.0000000E+00  0.0000000E+00  0.0000000E+00  0.0000000E+00  0.0000000E+00
         1   183      2  0.9731762E-03 -0.8985607E-04  0.0000000E+00  0.0000000E+00  0.1145794E-03  0.0000000E+00
         1   183      3  0.1459864E-02 -0.1347952E-03  0.0000000E+00  0.0000000E+00  0.1716481E-03  0.0000000E+00
         1   183      4  0.1946618E-02 -0.1797417E-03  0.0000000E+00  0.0000000E+00  0.2285692E-03  0.0000000E+00
         1   183      5  0.2433438E-02 -0.2246955E-03  0.0000000E+00  0.0000000E+00  0.2853426E-03  0.0000000E+00
         1   183      6  0.2920323E-02 -0.2696569E-03  0.0000000E+00  0.0000000E+00  0.3419680E-03  0.0000000E+00
         1   183      7  0.3407274E-02 -0.3146256E-03  0.0000000E+00  0.0000000E+00  0.3984451E-03  0.0000000E+00
         1   183      8  0.3894290E-02 -0.3596018E-03  0.0000000E+00  0.0000000E+00  0.4547739E-03  0.0000000E+00
         1   183      9  0.4381371E-02 -0.4045855E-03  0.0000000E+00  0.0000000E+00  0.5109540E-03  0.0000000E+00
         1   183     10  0.3483489E-02 -0.4400395E-03  0.0000000E+00  0.0000000E+00  0.2316321E-01  0.1000000E-02

         1   184      0  0.0000000E+00  0.0000000E+00  0.0000000E+00  0.0000000E+00  0.0000000E+00  0.0000000E+00
         1   184      1  0.0000000E+00  0.0000000E+00  0.0000000E+00  0.0000000E+00  0.0000000E+00  0.0000000E+00
         1   184      2  0.9507121E-03 -0.8985607E-04  0.0000000E+00  0.0000000E+00  0.1145788E-03  0.0000000E+00
         1   184      3  0.1426165E-02 -0.1347952E-03  0.0000000E+00  0.0000000E+00  0.1716468E-03  0.0000000E+00
         1   184      4  0.1901682E-02 -0.1797417E-03  0.0000000E+00  0.0000000E+00  0.2285670E-03  0.0000000E+00
         1   184      5  0.2377264E-02 -0.2246955E-03  0.0000000E+00  0.0000000E+00  0.2853391E-03  0.0000000E+00
         1   184      6  0.2852909E-02 -0.2696569E-03  0.0000000E+00  0.0000000E+00  0.3419629E-03  0.0000000E+00
         1   184      7  0.3328617E-02 -0.3146256E-03  0.0000000E+00  0.0000000E+00  0.3984383E-03  0.0000000E+00
         1   184      8  0.3804389E-02 -0.3596018E-03  0.0000000E+00  0.0000000E+00  0.4547649E-03  0.0000000E+00
         1   184      9  0.4280224E-02 -0.4045855E-03  0.0000000E+00  0.0000000E+00  0.5109427E-03  0.0000000E+00
         1   184     10  0.3373540E-02 -0.4400395E-03  0.0000000E+00  0.0000000E+00  0.2321262E-01  0.1000000E-02

         1   185      0  0.0000000E+00  0.0000000E+00  0.0000000E+00  0.0000000E+00  0.0000000E+00  0.0000000E+00
         1   185      1  0.0000000E+00  0.0000000E+00  0.0000000E+00  0.0000000E+00  0.0000000E+00  0.0000000E+00
         1   185      2  0.5192362E-03 -0.9393320E-04  0.0000000E+00  0.0000000E+00  0.3019528E-04  0.0000000E+00
         1   185      3  0.7788837E-03 -0.1409120E-03  0.0000000E+00  0.0000000E+00  0.4505503E-04  0.0000000E+00
         1   185      4  0.1038550E-02 -0.1878990E-03  0.0000000E+00  0.0000000E+00  0.5975595E-04  0.0000000E+00
         1   185      5  0.1298236E-02 -0.2348942E-03  0.0000000E+00  0.0000000E+00  0.7429786E-04  0.0000000E+00
         1   185      6  0.1557940E-02 -0.2818976E-03  0.0000000E+00  0.0000000E+00  0.8868059E-04  0.0000000E+00
         1   185      7  0.1817663E-02 -0.3289092E-03  0.0000000E+00  0.0000000E+00  0.1029040E-03  0.0000000E+00
         1   185      8  0.2077403E-02 -0.3759290E-03  0.0000000E+00  0.0000000E+00  0.1169678E-03  0.0000000E+00
         1   185      9  0.2337162E-02 -0.4229570E-03  0.0000000E+00  0.0000000E+00  0.1308719E-03  0.0000000E+00
         1   185     10  0.1545596E-02 -0.3389428E-03  0.0000000E+00  0.0000000E+00  0.2386165E-01  0.1000000E-02

         1   186      0  0.0000000E+00  0.0000000E+00  0.0000000E+00  0.0000000E+00  0.0000000E+00  0.0000000E+00
         1   186      1  0.0000000E+00  0.0000000E+00  0.0000000E+00  0.0000000E+00  0.0000000E+00  0.0000000E+00
         1   186      2  0.4957529E-03 -0.9393320E-04  0.0000000E+00  0.0000000E+00  0.3019467E-04  0.0000000E+00
         1   186      3  0.7436557E-03 -0.1409120E-03  0.0000000E+00  0.0000000E+00  0.4505365E-04  0.0000000E+00
         1   186      4  0.9915757E-03 -0.1878990E-03  0.0000000E+00  0.0000000E+00  0.5975350E-04  0.0000000E+00
         1   186      5  0.1239513E-02 -0.2348942E-03  0.0000000E+00  0.0000000E+00  0.7429403E-04  0.0000000E+00
         1   186      6  0.1487466E-02 -0.2818976E-03  0.0000000E+00  0.0000000E+00  0.8867507E-04  0.0000000E+00
         1   186      7  0.1735436E-02 -0.3289092E-03  0.0000000E+00  0.0000000E+00  0.1028964E-03  0.0000000E+00
         1   186      8  0.1983421E-02 -0.3759290E-03  0.0000000E+00  0.0000000E+00  0.1169580E-03  0.0000000E+00
         1   186      9  0.2231422E-02 -0.4229570E-03  0.0000000E+00  0.0000000E+00  0.1308595E-03  0.0000000E+00
         1   186     10  0.1460907E-02 -0.3389428E-03  0.0000000E+00  0.0000000E+00  0.2391107E-01  0.1000000E-02

         1   187      0  0.0000000E+00  0.0000000E+00  0.0000000E+00  0.0000000E+00  0.0000000E+00  0.0000000E+00
         1   187      1  0.0000000E+00  0.0000000E+00  0.0000000E+00  0.0000000E+00  0.0000000E+00  0.0000000E+00
         1   187      2  0.4816629E-03 -0.9393320E-04  0.0000000E+00  0.0000000E+00  0.3019430E-04  0.0000000E+00
         1   187      3  0.7225189E-03 -0.1409120E-03  0.0000000E+00  0.0000000E+00  0.4505282E-04  0.0000000E+00
         1   187      4  0.9633909E-03 -0.1878990E-03  0.0000000E+00  0.0000000E+00  0.5975203E-04  0.0000000E+00
         1   187      5  0.1204278E-02 -0.2348942E-03  0.0000000E+00  0.0000000E+00  0.7429173E-04  0.0000000E+00
         1   187      6  0.1445181E-02 -0.2818976E-03  0.0000000E+00  0.0000000E+00  0.8867176E-04  0.0000000E+00
         1   187      7  0.1686099E-02 -0.3289092E-03  0.0000000E+00  0.0000000E+00  0.1028919E-03  0.0000000E+00
         1   187      8  0.1927032E-02 -0.3759290E-03  0.0000000E+00  0.0000000E+00  0.1169521E-03  0.0000000E+00
         1   187      9  0.2167979E-02 -0.4229570E-03  0.0000000E+00  0.0000000E+00  0.1308520E-03  0.0000000E+00
         1   187     10  0.1410094E-02 -0.3389428E-03  0.0000000E+00  0.0000000E+00  0.2394072E-01  0.1000000E-02

         1   188      0  0.0000000E+00  0.0000000E+00  0.0000000E+00  0.0000000E+00  0.0000000E+00  0.0000000E+00
         1   188      1  0.0000000E+00  0.0000000E+00  0.0000000E+00  0.0000000E+00  0.0000000E+00  0.0000000E+00
         1   188      2  0.4581796E-03 -0.9393320E-04  0.0000000E+00  0.0000000E+00  0.3019369E-04  0.0000000E+00
         1   188      3  0.6872909E-03 -0.1409120E-03  0.0000000E+00  0.0000000E+00  0.4505144E-04  0.0000000E+00
         1   188      4  0.9164161E-03 -0.1878990E-03  0.0000000E+00  0.0000000E+00  0.5974958E-04  0.0000000E+00
         1   188      5  0.1145555E-02 -0.2348942E-03  0.0000000E+00  0.0000000E+00  0.7428790E-04  0.0000000E+00
         1   188      6  0.1374707E-02 -0.2818976E-03  0.0000000E+00  0.0000000E+00  0.8866625E-04  0.0000000E+00
         1   188      7  0.1603872E-02 -0.3289092E-03  0.0000000E+00  0.0000000E+00  0.1028844E-03  0.0000000E+00
         1   188      8  0.1833050E-02 -0.3759290E-03  0.0000000E+00  0.0000000E+00  0.1169423E-03  0.0000000E+00
         1   188      9  0.2062240E-02 -0.4229570E-03  0.0000000E+00  0.0000000E+00  0.1308396E-03  0.0000000E+00
         1   188     10  0.1325405E-02 -0.3389428E-03  0.0000000E+00  0.0000000E+00  0.2399014E-01  0.1000000E-02

         1   189      0  0.0000000E+00  0.0000000E+00  0.0000000E+00  0.0000000E+00  0.0000000E+00  0.0000000E+00
         1   189      1  0.0000000E+00  0.0000000E+00  0.0000000E+00  0.0000000E+00  0.0000000E+00  0.0000000E+00
         1   189      2  0.4193995E-03 -0.6166385E-04  0.0000000E+00  0.0000000E+00  0.3019536E-04  0.0000000E+00
         1   189      3  0.6291150E-03 -0.9250664E-04  0.0000000E+00  0.0000000E+00  0.4505520E-04  0.0000000E+00
         1   189      4  0.8388405E-03 -0.1233567E-03  0.0000000E+00  0.0000000E+00  0.5975626E-04  0.0000000E+00
         1   189      5  0.1048576E-02 -0.1542141E-03  0.0000000E+00  0.0000000E+00  0.7429834E-04  0.0000000E+00
         1   189      6  0.1258320E-02 -0.1850789E-03  0.0000000E+00  0.0000000E+00  0.8868128E-04  0.0000000E+00
         1   189      7  0.1468074E-02 -0.2159510E-03  0.0000000E+00  0.0000000E+00  0.1029049E-03  0.0000000E+00
         1   189      8  0.1677836E-02 -0.2468306E-03  0.0000000E+00  0.0000000E+00  0.1169690E-03  0.0000000E+00
         1   189      9  0.1887607E-02 -0.2777177E-03  0.0000000E+00  0.0000000E+00  0.1308734E-03  0.0000000E+00
         1   189     10  0.1179481E-02 -0.2468685E-03  0.0000000E+00  0.0000000E+00  0.2408900E-01  0.1000000E-02

         1   190      0  0.0000000E+00  0.0000000E+00  0.0000000E+00  0.0000000E+00  0.0000000E+00  0.0000000E+00
         1   190      1  0.0000000E+00  0.0000000E+00  0.0000000E+00  0.0000000E+00  0.0000000E+00  0.0000000E+00
         1   190      2  0.3961360E-03 -0.3167590E-04  0.0000000E+00  0.0000000E+00  0.3019722E-04  0.0000000E+00
         1   190      3  0.5942146E-03 -0.4752374E-04  0.0000000E+00  0.0000000E+00  0.4505939E-04  0.0000000E+00
         1   190      4  0.7922997E-03 -0.6337827E-04  0.0000000E+00  0.0000000E+00  0.5976370E-04  0.0000000E+00
         1   190      5  0.9903911E-03 -0.7923953E-04  0.0000000E+00  0.0000000E+00  0.7430998E-04  0.0000000E+00
         1   190      6  0.1188488E-02 -0.9510759E-04  0.0000000E+00  0.0000000E+00  0.8869804E-04  0.0000000E+00
         1   190      7  0.1386591E-02 -0.1109825E-03  0.0000000E+00  0.0000000E+00  0.1029277E-03  0.0000000E+00
         1   190      8  0.1584699E-02 -0.1268644E-03  0.0000000E+00  0.0000000E+00  0.1169988E-03  0.0000000E+00
         1   190      9  0.1782811E-02 -0.1427532E-03  0.0000000E+00  0.0000000E+00  0.1309111E-03  0.0000000E+00
         1   190     10  0.1077155E-02 -0.1639193E-03  0.0000000E+00  0.0000000E+00  0.2418786E-01  0.1000000E-02

         1   191      0  0.0000000E+00  0.0000000E+00  0.0000000E+00  0.0000000E+00  0.0000000E+00  0.0000000E+00
         1   191      1  0.0000000E+00  0.0000000E+00  0.0000000E+00  0.0000000E+00  0.0000000E+00  0.0000000E+00
         1   191      2  0.3882170E-03 -0.3167590E-04  0.0000000E+00  0.0000000E+00  0.3019715E-04  0.0000000E+00
         1   191      3  0.5823336E-03 -0.4752374E-04  0.0000000E+00  0.0000000E+00  0.4505923E-04  0.0000000E+00
         1   191      4  0.7764551E-03 -0.6337827E-04  0.0000000E+00  0.0000000E+00  0.5976343E-04  0.0000000E+00
         1   191      5  0.9705812E-03 -0.7923953E-04  0.0000000E+00  0.0000000E+00  0.7430954E-04  0.0000000E+00
         1   191      6  0.1164711E-02 -0.9510759E-04  0.0000000E+00  0.0000000E+00  0.8869741E-04  0.0000000E+00
         1   191      7  0.1358845E-02 -0.1109825E-03  0.0000000E+00  0.0000000E+00  0.1029268E-03  0.0000000E+00
         1   191      8  0.1552983E-02 -0.1268644E-03  0.0000000E+00  0.0000000E+00  0.1169977E-03  0.0000000E+00
         1   191      9  0.1747123E-02 -0.1427532E-03  0.0000000E+00  0.0000000E+00  0.1309097E-03  0.0000000E+00
         1   191     10  0.1036198E-02 -0.1639193E-03  0.0000000E+00  0.0000000E+00  0.2423728E-01  0.1000000E-02

         1   192      0  0.0000000E+00  0.0000000E+00  0.0000000E+00  0.0000000E+00  0.0000000E+00  0.0000000E+00
         1   192      1  0.0000000E+00  0.0000000E+00  0.0000000E+00  0.0000000E+00  0.0000000E+00  0.0000000E+00
         1   192      2  0.3834656E-03 -0.3167590E-04  0.0000000E+00  0.0000000E+00  0.3019711E-04  0.0000000E+00
         1   192      3  0.5752051E-03 -0.4752374E-04  0.0000000E+00  0.0000000E+00  0.4505914E-04  0.0000000E+00
         1   192      4  0.7669484E-03 -0.6337827E-04  0.0000000E+00  0.0000000E+00  0.5976326E-04  0.0000000E+00
         1   192      5  0.9586952E-03 -0.7923953E-04  0.0000000E+00  0.0000000E+00  0.7430928E-04  0.0000000E+00
         1   192      6  0.1150445E-02 -0.9510759E-04  0.0000000E+00  0.0000000E+00  0.8869703E-04  0.0000000E+00
         1   192      7  0.1342198E-02 -0.1109825E-03  0.0000000E+00  0.0000000E+00  0.1029263E-03  0.0000000E+00
         1   192      8  0.1533953E-02 -0.1268644E-03  0.0000000E+00  0.0000000E+00  0.1169970E-03  0.0000000E+00
         1   192      9  0.1725710E-02 -0.1427532E-03  0.0000000E+00  0.0000000E+00  0.1309089E-03  0.0000000E+00
         1   192     10  0.1011624E-02 -0.1639193E-03  0.0000000E+00  0.0000000E+00  0.2426693E-01  0.1000000E-02

         1   193      0  0.0000000E+00  0.0000000E+00  0.0000000E+00  0.0000000E+00  0.0000000E+00  0.0000000E+00
         1   193      1  0.0000000E+00  0.0000000E+00  0.0000000E+00  0.0000000E+00  0.0000000E+00  0.0000000E+00
         1   193      2  0.3755467E-03 -0.3167590E-04  0.0000000E+00  0.0000000E+00  0.3019704E-04  0.0000000E+00
         1   193      3  0.5633241E-03 -0.4752374E-04  0.0000000E+00  0.0000000E+00  0.4505898E-04  0.0000000E+00
         1   193      4  0.7511038E-03 -0.6337827E-04  0.0000000E+00  0.0000000E+00  0.5976298E-04  0.0000000E+00
         1   193      5  0.9388854E-03 -0.7923953E-04  0.0000000E+00  0.0000000E+00  0.7430885E-04  0.0000000E+00
         1   193      6  0.1126668E-02 -0.9510759E-04  0.0000000E+00  0.0000000E+00  0.8869640E-04  0.0000000E+00
         1   193      7  0.1314452E-02 -0.1109825E-03  0.0000000E+00  0.0000000E+00  0.1029255E-03  0.0000000E+00
         1   193      8  0.1502237E-02 -0.1268644E-03  0.0000000E+00  0.0000000E+00  0.1169959E-03  0.0000000E+00
         1   193      9  0.1690022E-02 -0.1427532E-03  0.0000000E+00  0.0000000E+00  0.1309075E-03  0.0000000E+00
         1   193     10  0.9706668E-03 -0.1639193E-03  0.0000000E+00  0.0000000E+00  0.2431635E-01  0.1000000E-02

         1   194      0  0.0000000E+00  0.0000000E+00  0.0000000E+00  0.0000000E+00  0.0000000E+00  0.0000000E+00
         1   194      1  0.0000000E+00  0.0000000E+00  0.0000000E+00  0.0000000E+00  0.0000000E+00  0.0000000E+00
         1   194      2  0.2229250E-03 -0.3333555E-04  0.0000000E+00  0.0000000E+00 -0.4155273E-05  0.0000000E+00
         1   194      3  0.3343434E-03 -0.5001321E-04  0.0000000E+00  0.0000000E+00 -0.6468384E-05  0.0000000E+00
         1   194      4  0.4457314E-03 -0.6669754E-04  0.0000000E+00  0.0000000E+00 -0.8938634E-05  0.0000000E+00
         1   194      5  0.5570884E-03 -0.8338860E-04  0.0000000E+00  0.0000000E+00 -0.1156614E-04  0.0000000E+00
         1   194      6  0.6684138E-03 -0.1000864E-03  0.0000000E+00  0.0000000E+00 -0.1435102E-04  0.0000000E+00
         1   194      7  0.7797067E-03 -0.1167911E-03  0.0000000E+00  0.0000000E+00 -0.1729338E-04  0.0000000E+00
         1   194      8  0.8909666E-03 -0.1335027E-03  0.0000000E+00  0.0000000E+00 -0.2039336E-04  0.0000000E+00
         1   194      9  0.1002193E-02 -0.1502213E-03  0.0000000E+00  0.0000000E+00 -0.2365105E-04  0.0000000E+00
         1   194     10  0.4613586E-03 -0.5314376E-04  0.0000000E+00  0.0000000E+00  0.2516556E-01  0.1000000E-02

         1   195      0  0.0000000E+00  0.0000000E+00  0.0000000E+00  0.0000000E+00  0.0000000E+00  0.0000000E+00
         1   195      1  0.0000000E+00  0.0000000E+00  0.0000000E+00  0.0000000E+00  0.0000000E+00  0.0000000E+00
         1   195      2  0.2145911E-03 -0.3333555E-04  0.0000000E+00  0.0000000E+00 -0.4155350E-05  0.0000000E+00
         1   195      3  0.3218401E-03 -0.5001321E-04  0.0000000E+00  0.0000000E+00 -0.6468557E-05  0.0000000E+00
         1   195      4  0.4290570E-03 -0.6669754E-04  0.0000000E+00  0.0000000E+00 -0.8938942E-05  0.0000000E+00
         1   195      5  0.5362413E-03 -0.8338860E-04  0.0000000E+00  0.0000000E+00 -0.1156662E-04  0.0000000E+00
         1   195      6  0.6433922E-03 -0.1000864E-03  0.0000000E+00  0.0000000E+00 -0.1435171E-04  0.0000000E+00
         1   195      7  0.7505089E-03 -0.1167911E-03  0.0000000E+00  0.0000000E+00 -0.1729433E-04  0.0000000E+00
         1   195      8  0.8575909E-03 -0.1335027E-03  0.0000000E+00  0.0000000E+00 -0.2039459E-04  0.0000000E+00
         1   195      9  0.9646373E-03 -0.1502213E-03  0.0000000E+00  0.0000000E+00 -0.2365262E-04  0.0000000E+00
         1   195     10  0.4480800E-03 -0.5314376E-04  0.0000000E+00  0.0000000E+00  0.2521498E-01  0.1000000E-02

         1   196      0  0.0000000E+00  0.0000000E+00  0.0000000E+00  0.0000000E+00  0.0000000E+00  0.0000000E+00
         1   196      1  0.0000000E+00  0.0000000E+00  0.0000000E+00  0.0000000E+00  0.0000000E+00  0.0000000E+00
         1   196      2  0.2095908E-03 -0.3333555E-04  0.0000000E+00  0.0000000E+00 -0.4155396E-05  0.0000000E+00
         1   196      3  0.3143381E-03 -0.5001321E-04  0.0000000E+00  0.0000000E+00 -0.6468661E-05  0.0000000E+00
         1   196      4  0.4190524E-03 -0.6669754E-04  0.0000000E+00  0.0000000E+00 -0.8939128E-05  0.0000000E+00
         1   196      5  0.5237330E-03 -0.8338860E-04  0.0000000E+00  0.0000000E+00 -0.1156691E-04  0.0000000E+00
         1   196      6  0.6283792E-03 -0.1000864E-03  0.0000000E+00  0.0000000E+00 -0.1435213E-04  0.0000000E+00
         1   196      7  0.7329902E-03 -0.1167911E-03  0.0000000E+00  0.0000000E+00 -0.1729490E-04  0.0000000E+00
         1   196      8  0.8375655E-03 -0.1335027E-03  0.0000000E+00  0.0000000E+00 -0.2039534E-04  0.0000000E+00
         1   196      9  0.9421042E-03 -0.1502213E-03  0.0000000E+00  0.0000000E+00 -0.2365356E-04  0.0000000E+00
         1   196     10  0.4401129E-03 -0.5314376E-04  0.0000000E+00  0.0000000E+00  0.2524464E-01  0.1000000E-02

         1   197      0  0.0000000E+00  0.0000000E+00  0.0000000E+00  0.0000000E+00  0.0000000E+00  0.0000000E+00
         1   197      1  0.0000000E+00  0.0000000E+00  0.0000000E+00  0.0000000E+00  0.0000000E+00  0.0000000E+00
         1   197      2  0.2012569E-03 -0.3333555E-04  0.0000000E+00  0.0000000E+00 -0.4155473E-05  0.0000000E+00
         1   197      3  0.3018348E-03 -0.5001321E-04  0.0000000E+00  0.0000000E+00 -0.6468835E-05  0.0000000E+00
         1   197      4  0.4023780E-03 -0.6669754E-04  0.0000000E+00  0.0000000E+00 -0.8939436E-05  0.0000000E+00
         1   197      5  0.5028859E-03 -0.8338860E-04  0.0000000E+00  0.0000000E+00 -0.1156739E-04  0.0000000E+00
         1   197      6  0.6033576E-03 -0.1000864E-03  0.0000000E+00  0.0000000E+00 -0.1435282E-04  0.0000000E+00
         1   197      7  0.7037925E-03 -0.1167911E-03  0.0000000E+00  0.0000000E+00 -0.1729585E-04  0.0000000E+00
         1   197      8  0.8041898E-03 -0.1335027E-03  0.0000000E+00  0.0000000E+00 -0.2039657E-04  0.0000000E+00
         1   197      9  0.9045488E-03 -0.1502213E-03  0.0000000E+00  0.0000000E+00 -0.2365513E-04  0.0000000E+00
         1   197     10  0.4268343E-03 -0.5314376E-04  0.0000000E+00  0.0000000E+00  0.2529406E-01  0.1000000E-02

         1   198      0  0.0000000E+00  0.0000000E+00  0.0000000E+00  0.0000000E+00  0.0000000E+00  0.0000000E+00
         1   198      1  0.0000000E+00  0.0000000E+00  0.0000000E+00  0.0000000E+00  0.0000000E+00  0.0000000E+00
         1   198      2  0.1806439E-03 -0.4883817E-04  0.0000000E+00  0.0000000E+00 -0.4156242E-05  0.0000000E+00
         1   198      3  0.2709114E-03 -0.7326288E-04  0.0000000E+00  0.0000000E+00 -0.6470564E-05  0.0000000E+00
         1   198      4  0.3611417E-03 -0.9769133E-04  0.0000000E+00  0.0000000E+00 -0.8942509E-05  0.0000000E+00
         1   198      5  0.4513339E-03 -0.1221235E-03  0.0000000E+00  0.0000000E+00 -0.1157219E-04  0.0000000E+00
         1   198      6  0.5414874E-03 -0.1465595E-03  0.0000000E+00  0.0000000E+00 -0.1435974E-04  0.0000000E+00
         1   198      7  0.6316013E-03 -0.1709992E-03  0.0000000E+00  0.0000000E+00 -0.1730525E-04  0.0000000E+00
         1   198      8  0.7216751E-03 -0.1954427E-03  0.0000000E+00  0.0000000E+00 -0.2040886E-04  0.0000000E+00
         1   198      9  0.8117078E-03 -0.2198899E-03  0.0000000E+00  0.0000000E+00 -0.2367067E-04  0.0000000E+00
         1   198     10  0.3918585E-03 -0.8636527E-04  0.0000000E+00  0.0000000E+00  0.2539291E-01  0.1000000E-02

         1   199      0  0.0000000E+00  0.0000000E+00  0.0000000E+00  0.0000000E+00  0.0000000E+00  0.0000000E+00
         1   199      1  0.0000000E+00  0.0000000E+00  0.0000000E+00  0.0000000E+00  0.0000000E+00  0.0000000E+00
         1   199      2  0.1527474E-03 -0.6237163E-04  0.0000000E+00  0.0000000E+00 -0.4157080E-05  0.0000000E+00
         1   199      3  0.2290649E-03 -0.9355857E-04  0.0000000E+00  0.0000000E+00 -0.6472450E-05  0.0000000E+00
         1   199      4  0.3053441E-03 -0.1247462E-03  0.0000000E+00  0.0000000E+00 -0.8945862E-05  0.0000000E+00
         1   199      5  0.3815841E-03 -0.1559344E-03  0.0000000E+00  0.0000000E+00 -0.1157743E-04  0.0000000E+00
         1   199      6  0.4577843E-03 -0.1871232E-03  0.0000000E+00  0.0000000E+00 -0.1436728E-04  0.0000000E+00
         1   199      7  0.5339439E-03 -0.2183125E-03  0.0000000E+00  0.0000000E+00 -0.1731551E-04  0.0000000E+00
         1   199      8  0.6100623E-03 -0.2495023E-03  0.0000000E+00  0.0000000E+00 -0.2042226E-04  0.0000000E+00
         1   199      9  0.6861386E-03 -0.2806924E-03  0.0000000E+00  0.0000000E+00 -0.2368763E-04  0.0000000E+00
         1   199     10  0.3410973E-03 -0.1161077E-03  0.0000000E+00  0.0000000E+00  0.2549176E-01  0.1000000E-02

         1   200      0  0.0000000E+00  0.0000000E+00  0.0000000E+00  0.0000000E+00  0.0000000E+00  0.0000000E+00
         1   200      1  0.0000000E+00  0.0000000E+00  0.0000000E+00  0.0000000E+00  0.0000000E+00  0.0000000E+00
         1   200      2  0.1371545E-03 -0.6237163E-04  0.0000000E+00  0.0000000E+00 -0.4157350E-05  0.0000000E+00
         1   200      3  0.2056753E-03 -0.9355857E-04  0.0000000E+00  0.0000000E+00 -0.6473058E-05  0.0000000E+00
         1   200      4  0.2741575E-03 -0.1247462E-03  0.0000000E+00  0.0000000E+00 -0.8946942E-05  0.0000000E+00
         1   200      5  0.3426005E-03 -0.1559344E-03  0.0000000E+00  0.0000000E+00 -0.1157912E-04  0.0000000E+00
         1   200      6  0.4110035E-03 -0.1871232E-03  0.0000000E+00  0.0000000E+00 -0.1436971E-04  0.0000000E+00
         1   200      7  0.4793658E-03 -0.2183125E-03  0.0000000E+00  0.0000000E+00 -0.1731882E-04  0.0000000E+00
         1   200      8  0.5476867E-03 -0.2495023E-03  0.0000000E+00  0.0000000E+00 -0.2042658E-04  0.0000000E+00
         1   200      9  0.6159655E-03 -0.2806924E-03  0.0000000E+00  0.0000000E+00 -0.2369309E-04  0.0000000E+00
         1   200     10  0.3120864E-03 -0.1161077E-03  0.0000000E+00  0.0000000E+00  0.2554118E-01  0.1000000E-02

         1   201      0  0.0000000E+00  0.0000000E+00  0.0000000E+00  0.0000000E+00  0.0000000E+00  0.0000000E+00
         1   201      1  0.0000000E+00  0.0000000E+00  0.0000000E+00  0.0000000E+00  0.0000000E+00  0.0000000E+00
         1   201      2  0.1277987E-03 -0.6237163E-04  0.0000000E+00  0.0000000E+00 -0.4157512E-05  0.0000000E+00
         1   201      3  0.1916415E-03 -0.9355857E-04  0.0000000E+00  0.0000000E+00 -0.6473422E-05  0.0000000E+00
         1   201      4  0.2554456E-03 -0.1247462E-03  0.0000000E+00  0.0000000E+00 -0.8947590E-05  0.0000000E+00
         1   201      5  0.3192103E-03 -0.1559344E-03  0.0000000E+00  0.0000000E+00 -0.1158013E-04  0.0000000E+00
         1   201      6  0.3829350E-03 -0.1871232E-03  0.0000000E+00  0.0000000E+00 -0.1437117E-04  0.0000000E+00
         1   201      7  0.4466189E-03 -0.2183125E-03  0.0000000E+00  0.0000000E+00 -0.1732081E-04  0.0000000E+00
         1   201      8  0.5102614E-03 -0.2495023E-03  0.0000000E+00  0.0000000E+00 -0.2042917E-04  0.0000000E+00
         1   201      9  0.5738616E-03 -0.2806924E-03  0.0000000E+00  0.0000000E+00 -0.2369637E-04  0.0000000E+00
         1   201     10  0.2946799E-03 -0.1161077E-03  0.0000000E+00  0.0000000E+00  0.2557083E-01  0.1000000E-02

         1   202      0  0.0000000E+00  0.0000000E+00  0.0000000E+00  0.0000000E+00  0.0000000E+00  0.0000000E+00
         1   202      1  0.0000000E+00  0.0000000E+00  0.0000000E+00  0.0000000E+00  0.0000000E+00  0.0000000E+00
         1   202      2  0.1122058E-03 -0.6237163E-04  0.0000000E+00  0.0000000E+00 -0.4157782E-05  0.0000000E+00
         1   202      3  0.1682518E-03 -0.9355857E-04  0.0000000E+00  0.0000000E+00 -0.6474029E-05  0.0000000E+00
         1   202      4  0.2242590E-03 -0.1247462E-03  0.0000000E+00  0.0000000E+00 -0.8948670E-05  0.0000000E+00
         1   202      5  0.2802267E-03 -0.1559344E-03  0.0000000E+00  0.0000000E+00 -0.1158182E-04  0.0000000E+00
         1   202      6  0.3361542E-03 -0.1871232E-03  0.0000000E+00  0.0000000E+00 -0.1437359E-04  0.0000000E+00
         1   202      7  0.3920408E-03 -0.2183125E-03  0.0000000E+00  0.0000000E+00 -0.1732411E-04  0.0000000E+00
         1   202      8  0.4478858E-03 -0.2495023E-03  0.0000000E+00  0.0000000E+00 -0.2043349E-04  0.0000000E+00
         1   202      9  0.5036885E-03 -0.2806924E-03  0.0000000E+00  0.0000000E+00 -0.2370184E-04  0.0000000E+00
         1   202     10  0.2656691E-03 -0.1161077E-03  0.0000000E+00  0.0000000E+00  0.2562026E-01  0.1000000E-02

         1   203      0  0.0000000E+00  0.0000000E+00  0.0000000E+00  0.0000000E+00  0.0000000E+00  0.0000000E+00
         1   203      1  0.0000000E+00  0.0000000E+00  0.0000000E+00  0.0000000E+00  0.0000000E+00  0.0000000E+00
         1   203      2 -0.1801962E-03 -0.6218358E-04  0.0000000E+00  0.0000000E+00 -0.2603723E-06  0.0000000E+00
         1   203      3 -0.2703563E-03 -0.9327654E-04  0.0000000E+00  0.0000000E+00 -0.6248963E-06  0.0000000E+00
         1   203      4 -0.3605581E-03 -0.1243702E-03  0.0000000E+00  0.0000000E+00 -0.1145718E-05  0.0000000E+00
         1   203      5 -0.4508021E-03 -0.1554645E-03  0.0000000E+00  0.0000000E+00 -0.1822891E-05  0.0000000E+00
         1   203      6 -0.5410886E-03 -0.1865594E-03  0.0000000E+00  0.0000000E+00 -0.2656471E-05  0.0000000E+00
         1   203      7 -0.6314182E-03 -0.2176548E-03  0.0000000E+00  0.0000000E+00 -0.3646511E-05  0.0000000E+00
         1   203      8 -0.7217912E-03 -0.2487506E-03  0.0000000E+00  0.0000000E+00 -0.4793066E-05  0.0000000E+00
         1   203      9 -0.8122080E-03 -0.2798468E-03  0.0000000E+00  0.0000000E+00 -0.6096190E-05  0.0000000E+00
         1   203     10 -0.1160373E-04 -0.2067516E-05  0.0000000E+00  0.0000000E+00  0.2653703E-01  0.1000000E-02

         1   204      0  0.0000000E+00  0.0000000E+00  0.0000000E+00  0.0000000E+00  0.0000000E+00  0.0000000E+00
         1   204      1  0.0000000E+00  0.0000000E+00  0.0000000E+00  0.0000000E+00  0.0000000E+00  0.0000000E+00
         1   204      2 -0.1957421E-03 -0.6218358E-04  0.0000000E+00  0.0000000E+00 -0.2606407E-06  0.0000000E+00
         1   204      3 -0.2936754E-03 -0.9327654E-04  0.0000000E+00  0.0000000E+00 -0.6255001E-06  0.0000000E+00
         1   204      4 -0.3916506E-03 -0.1243702E-03  0.0000000E+00  0.0000000E+00 -0.1146791E-05  0.0000000E+00
         1   204      5 -0.4896682E-03 -0.1554645E-03  0.0000000E+00  0.0000000E+00 -0.1824569E-05  0.0000000E+00
         1   204      6 -0.5877285E-03 -0.1865594E-03  0.0000000E+00  0.0000000E+00 -0.2658886E-05  0.0000000E+00
         1   204      7 -0.6858319E-03 -0.2176548E-03  0.0000000E+00  0.0000000E+00 -0.3649799E-05  0.0000000E+00
         1   204      8 -0.7839789E-03 -0.2487506E-03  0.0000000E+00  0.0000000E+00 -0.4797360E-05  0.0000000E+00
         1   204      9 -0.8821697E-03 -0.2798468E-03  0.0000000E+00  0.0000000E+00 -0.6101625E-05  0.0000000E+00
         1   204     10 -0.1212032E-04 -0.2067516E-05  0.0000000E+00  0.0000000E+00  0.2658645E-01  0.1000000E-02

         1   205      0  0.0000000E+00  0.0000000E+00  0.0000000E+00  0.0000000E+00  0.0000000E+00  0.0000000E+00
         1   205      1  0.0000000E+00  0.0000000E+00  0.0000000E+00  0.0000000E+00  0.0000000E+00  0.0000000E+00
         1   205      2 -0.2050697E-03 -0.6218358E-04  0.0000000E+00  0.0000000E+00 -0.2608017E-06  0.0000000E+00
         1   205      3 -0.3076669E-03 -0.9327654E-04  0.0000000E+00  0.0000000E+00 -0.6258623E-06  0.0000000E+00
         1   205      4 -0.4103061E-03 -0.1243702E-03  0.0000000E+00  0.0000000E+00 -0.1147435E-05  0.0000000E+00
         1   205      5 -0.5129879E-03 -0.1554645E-03  0.0000000E+00  0.0000000E+00 -0.1825575E-05  0.0000000E+00
         1   205      6 -0.6157124E-03 -0.1865594E-03  0.0000000E+00  0.0000000E+00 -0.2660335E-05  0.0000000E+00
         1   205      7 -0.7184801E-03 -0.2176548E-03  0.0000000E+00  0.0000000E+00 -0.3651771E-05  0.0000000E+00
         1   205      8 -0.8212914E-03 -0.2487506E-03  0.0000000E+00  0.0000000E+00 -0.4799936E-05  0.0000000E+00
         1   205      9 -0.9241467E-03 -0.2798468E-03  0.0000000E+00  0.0000000E+00 -0.6104885E-05  0.0000000E+00
         1   205     10 -0.1243027E-04 -0.2067516E-05  0.0000000E+00  0.0000000E+00  0.2661611E-01  0.1000000E-02

         1   206      0  0.0000000E+00  0.0000000E+00  0.0000000E+00  0.0000000E+00  0.0000000E+00  0.0000000E+00
         1   206      1  0.0000000E+00  0.0000000E+00  0.0000000E+00  0.0000000E+00  0.0000000E+00  0.0000000E+00
         1   206      2 -0.2206156E-03 -0.6218358E-04  0.0000000E+00  0.0000000E+00 -0.2610700E-06  0.0000000E+00
         1   206      3 -0.3309860E-03 -0.9327654E-04  0.0000000E+00  0.0000000E+00 -0.6264661E-06  0.0000000E+00
         1   206      4 -0.4413987E-03 -0.1243702E-03  0.0000000E+00  0.0000000E+00 -0.1148509E-05  0.0000000E+00
         1   206      5 -0.5518540E-03 -0.1554645E-03  0.0000000E+00  0.0000000E+00 -0.1827252E-05  0.0000000E+00
         1   206      6 -0.6623522E-03 -0.1865594E-03  0.0000000E+00  0.0000000E+00 -0.2662751E-05  0.0000000E+00
         1   206      7 -0.7728938E-03 -0.2176548E-03  0.0000000E+00  0.0000000E+00 -0.3655059E-05  0.0000000E+00
         1   206      8 -0.8834791E-03 -0.2487506E-03  0.0000000E+00  0.0000000E+00 -0.4804231E-05  0.0000000E+00
         1   206      9 -0.9941084E-03 -0.2798468E-03  0.0000000E+00  0.0000000E+00 -0.6110320E-05  0.0000000E+00
         1   206     10 -0.1294687E-04 -0.2067516E-05  0.0000000E+00  0.0000000E+00  0.2666553E-01  0.1000000E-02

         1   207      0  0.0000000E+00  0.0000000E+00  0.0000000E+00  0.0000000E+00  0.0000000E+00  0.0000000E+00
         1   207      1  0.0000000E+00  0.0000000E+00  0.0000000E+00  0.0000000E+00  0.0000000E+00  0.0000000E+00
         1   207      2 -0.2559799E-03 -0.7970842E-04  0.0000000E+00  0.0000000E+00 -0.2610246E-06  0.0000000E+00
         1   207      3 -0.3840343E-03 -0.1195685E-03  0.0000000E+00  0.0000000E+00 -0.6263635E-06  0.0000000E+00
         1   207      4 -0.5121321E-03 -0.1594324E-03  0.0000000E+00  0.0000000E+00 -0.1148325E-05  0.0000000E+00
         1   207      5 -0.6402735E-03 -0.1993001E-03  0.0000000E+00  0.0000000E+00 -0.1826964E-05  0.0000000E+00
         1   207      6 -0.7684590E-03 -0.2391716E-03  0.0000000E+00  0.0000000E+00 -0.2662334E-05  0.0000000E+00
         1   207      7 -0.8966889E-03 -0.2790468E-03  0.0000000E+00  0.0000000E+00 -0.3654489E-05  0.0000000E+00
         1   207      8 -0.1024964E-02 -0.3189257E-03  0.0000000E+00  0.0000000E+00 -0.4803483E-05  0.0000000E+00
         1   207      9 -0.1153283E-02 -0.3588083E-03  0.0000000E+00  0.0000000E+00 -0.6109370E-05  0.0000000E+00
         1   207     10 -0.1422569E-04 -0.3066322E-05  0.0000000E+00  0.0000000E+00  0.2676438E-01  0.1000000E-02

         1   208      0  0.0000000E+00  0.0000000E+00  0.0000000E+00  0.0000000E+00  0.0000000E+00  0.0000000E+00
         1   208      1  0.0000000E+00  0.0000000E+00  0.0000000E+00  0.0000000E+00  0.0000000E+00  0.0000000E+00
         1   208      2 -0.3015636E-03 -0.1032702E-03  0.0000000E+00  0.0000000E+00 -0.2610157E-06  0.0000000E+00
         1   208      3 -0.4524141E-03 -0.1549168E-03  0.0000000E+00  0.0000000E+00 -0.6263429E-06  0.0000000E+00
         1   208      4 -0.6033109E-03 -0.2065710E-03  0.0000000E+00  0.0000000E+00 -0.1148288E-05  0.0000000E+00
         1   208      5 -0.7542542E-03 -0.2582329E-03  0.0000000E+00  0.0000000E+00 -0.1826904E-05  0.0000000E+00
         1   208      6 -0.9052444E-03 -0.3099023E-03  0.0000000E+00  0.0000000E+00 -0.2662246E-05  0.0000000E+00
         1   208      7 -0.1056282E-02 -0.3615794E-03  0.0000000E+00  0.0000000E+00 -0.3654366E-05  0.0000000E+00
         1   208      8 -0.1207367E-02 -0.4132640E-03  0.0000000E+00  0.0000000E+00 -0.4803318E-05  0.0000000E+00
         1   208      9 -0.1358500E-02 -0.4649563E-03  0.0000000E+00  0.0000000E+00 -0.6109156E-05  0.0000000E+00
         1   208     10 -0.1607129E-04 -0.4346221E-05  0.0000000E+00  0.0000000E+00  0.2686323E-01  0.1000000E-02

         1   209      0  0.0000000E+00  0.0000000E+00  0.0000000E+00  0.0000000E+00  0.0000000E+00  0.0000000E+00
         1   209      1  0.0000000E+00  0.0000000E+00  0.0000000E+00  0.0000000E+00  0.0000000E+00  0.0000000E+00
         1   209      2 -0.3273812E-03 -0.1032702E-03  0.0000000E+00  0.0000000E+00 -0.2617558E-06  0.0000000E+00
         1   209      3 -0.4911433E-03 -0.1549168E-03  0.0000000E+00  0.0000000E+00 -0.6280084E-06  0.0000000E+00
         1   209      4 -0.6549536E-03 -0.2065710E-03  0.0000000E+00  0.0000000E+00 -0.1151249E-05  0.0000000E+00
         1   209      5 -0.8188124E-03 -0.2582329E-03  0.0000000E+00  0.0000000E+00 -0.1831532E-05  0.0000000E+00
         1   209      6 -0.9827200E-03 -0.3099023E-03  0.0000000E+00  0.0000000E+00 -0.2668911E-05  0.0000000E+00
         1   209      7 -0.1146677E-02 -0.3615794E-03  0.0000000E+00  0.0000000E+00 -0.3663439E-05  0.0000000E+00
         1   209      8 -0.1310683E-02 -0.4132640E-03  0.0000000E+00  0.0000000E+00 -0.4815170E-05  0.0000000E+00
         1   209      9 -0.1474739E-02 -0.4649563E-03  0.0000000E+00  0.0000000E+00 -0.6124158E-05  0.0000000E+00
         1   209     10 -0.1715724E-04 -0.4346221E-05  0.0000000E+00  0.0000000E+00  0.2691266E-01  0.1000000E-02

         1   210      0  0.0000000E+00  0.0000000E+00  0.0000000E+00  0.0000000E+00  0.0000000E+00  0.0000000E+00
         1   210      1  0.0000000E+00  0.0000000E+00  0.0000000E+00  0.0000000E+00  0.0000000E+00  0.0000000E+00
         1   210      2 -0.3428717E-03 -0.1032702E-03  0.0000000E+00  0.0000000E+00 -0.2621999E-06  0.0000000E+00
         1   210      3 -0.5143809E-03 -0.1549168E-03  0.0000000E+00  0.0000000E+00 -0.6290077E-06  0.0000000E+00
         1   210      4 -0.6859393E-03 -0.2065710E-03  0.0000000E+00  0.0000000E+00 -0.1153026E-05  0.0000000E+00
         1   210      5 -0.8575474E-03 -0.2582329E-03  0.0000000E+00  0.0000000E+00 -0.1834309E-05  0.0000000E+00
         1   210      6 -0.1029205E-02 -0.3099023E-03  0.0000000E+00  0.0000000E+00 -0.2672910E-05  0.0000000E+00
         1   210      7 -0.1200914E-02 -0.3615794E-03  0.0000000E+00  0.0000000E+00 -0.3668883E-05  0.0000000E+00
         1   210      8 -0.1372672E-02 -0.4132640E-03  0.0000000E+00  0.0000000E+00 -0.4822281E-05  0.0000000E+00
         1   210      9 -0.1544482E-02 -0.4649563E-03  0.0000000E+00  0.0000000E+00 -0.6133160E-05  0.0000000E+00
         1   210     10 -0.1780881E-04 -0.4346221E-05  0.0000000E+00  0.0000000E+00  0.2694231E-01  0.1000000E-02

         1   211      0  0.0000000E+00  0.0000000E+00  0.0000000E+00  0.0000000E+00  0.0000000E+00  0.0000000E+00
         1   211      1  0.0000000E+00  0.0000000E+00  0.0000000E+00  0.0000000E+00  0.0000000E+00  0.0000000E+00
         1   211      2 -0.3686893E-03 -0.1032702E-03  0.0000000E+00  0.0000000E+00 -0.2629400E-06  0.0000000E+00
         1   211      3 -0.5531101E-03 -0.1549168E-03  0.0000000E+00  0.0000000E+00 -0.6306732E-06  0.0000000E+00
         1   211      4 -0.7375821E-03 -0.2065710E-03  0.0000000E+00  0.0000000E+00 -0.1155987E-05  0.0000000E+00
         1   211      5 -0.9221056E-03 -0.2582329E-03  0.0000000E+00  0.0000000E+00 -0.1838936E-05  0.0000000E+00
         1   211      6 -0.1106681E-02 -0.3099023E-03  0.0000000E+00  0.0000000E+00 -0.2679574E-05  0.0000000E+00
         1   211      7 -0.1291308E-02 -0.3615794E-03  0.0000000E+00  0.0000000E+00 -0.3677956E-05  0.0000000E+00
         1   211      8 -0.1475988E-02 -0.4132640E-03  0.0000000E+00  0.0000000E+00 -0.4834134E-05  0.0000000E+00
         1   211      9 -0.1660721E-02 -0.4649563E-03  0.0000000E+00  0.0000000E+00 -0.6148163E-05  0.0000000E+00
         1   211     10 -0.1889476E-04 -0.4346221E-05  0.0000000E+00  0.0000000E+00  0.2699174E-01  0.1000000E-02

         1   212      0  0.0000000E+00  0.0000000E+00  0.0000000E+00  0.0000000E+00  0.0000000E+00  0.0000000E+00
         1   212      1  0.0000000E+00  0.0000000E+00  0.0000000E+00  0.0000000E+00  0.0000000E+00  0.0000000E+00
         1   212      2 -0.8525103E-03 -0.1032702E-03  0.0000000E+00  0.0000000E+00 -0.2768096E-06  0.0000000E+00
         1   212      3 -0.1278895E-02 -0.1549168E-03  0.0000000E+00  0.0000000E+00 -0.6618844E-06  0.0000000E+00
         1   212      4 -0.1705367E-02 -0.2065710E-03  0.0000000E+00  0.0000000E+00 -0.1211482E-05  0.0000000E+00
         1   212      5 -0.2131927E-02 -0.2582329E-03  0.0000000E+00  0.0000000E+00 -0.1925660E-05  0.0000000E+00
         1   212      6 -0.2558573E-02 -0.3099023E-03  0.0000000E+00  0.0000000E+00 -0.2804475E-05  0.0000000E+00
         1   212      7 -0.2985308E-02 -0.3615794E-03  0.0000000E+00  0.0000000E+00 -0.3847984E-05  0.0000000E+00
         1   212      8 -0.3412131E-02 -0.4132640E-03  0.0000000E+00  0.0000000E+00 -0.5056244E-05  0.0000000E+00
         1   212      9 -0.3839042E-02 -0.4649563E-03  0.0000000E+00  0.0000000E+00 -0.6429313E-05  0.0000000E+00
         1   212     10 -0.3924551E-04 -0.4346221E-05  0.0000000E+00  0.0000000E+00  0.2791796E-01  0.1000000E-02

         1   213      0  0.0000000E+00  0.0000000E+00  0.0000000E+00  0.0000000E+00  0.0000000E+00  0.0000000E+00
         1   213      1  0.0000000E+00  0.0000000E+00  0.0000000E+00  0.0000000E+00  0.0000000E+00  0.0000000E+00
         1   213      2 -0.8783278E-03 -0.1032702E-03  0.0000000E+00  0.0000000E+00 -0.2775497E-06  0.0000000E+00
         1   213      3 -0.1317624E-02 -0.1549168E-03  0.0000000E+00  0.0000000E+00 -0.6635499E-06  0.0000000E+00
         1   213      4 -0.1757010E-02 -0.2065710E-03  0.0000000E+00  0.0000000E+00 -0.1214443E-05  0.0000000E+00
         1   213      5 -0.2196485E-02 -0.2582329E-03  0.0000000E+00  0.0000000E+00 -0.1930288E-05  0.0000000E+00
         1   213      6 -0.2636049E-02 -0.3099023E-03  0.0000000E+00  0.0000000E+00 -0.2811140E-05  0.0000000E+00
         1   213      7 -0.3075703E-02 -0.3615794E-03  0.0000000E+00  0.0000000E+00 -0.3857057E-05  0.0000000E+00
         1   213      8 -0.3515447E-02 -0.4132640E-03  0.0000000E+00  0.0000000E+00 -0.5068097E-05  0.0000000E+00
         1   213      9 -0.3955281E-02 -0.4649563E-03  0.0000000E+00  0.0000000E+00 -0.6444316E-05  0.0000000E+00
         1   213     10 -0.4033146E-04 -0.4346221E-05  0.0000000E+00  0.0000000E+00  0.2796738E-01  0.1000000E-02

         1   214      0  0.0000000E+00  0.0000000E+00  0.0000000E+00  0.0000000E+00  0.0000000E+00  0.0000000E+00
         1   214      1  0.0000000E+00  0.0000000E+00  0.0000000E+00  0.0000000E+00  0.0000000E+00  0.0000000E+00
         1   214      2 -0.8938183E-03 -0.1032702E-03  0.0000000E+00  0.0000000E+00 -0.2779938E-06  0.0000000E+00
         1   214      3 -0.1340862E-02 -0.1549168E-03  0.0000000E+00  0.0000000E+00 -0.6645492E-06  0.0000000E+00
         1   214      4 -0.1787996E-02 -0.2065710E-03  0.0000000E+00  0.0000000E+00 -0.1216220E-05  0.0000000E+00
         1   214      5 -0.2235220E-02 -0.2582329E-03  0.0000000E+00  0.0000000E+00 -0.1933064E-05  0.0000000E+00
         1   214      6 -0.2682534E-02 -0.3099023E-03  0.0000000E+00  0.0000000E+00 -0.2815139E-05  0.0000000E+00
         1   214      7 -0.3129940E-02 -0.3615794E-03  0.0000000E+00  0.0000000E+00 -0.3862501E-05  0.0000000E+00
         1   214      8 -0.3577436E-02 -0.4132640E-03  0.0000000E+00  0.0000000E+00 -0.5075208E-05  0.0000000E+00
         1   214      9 -0.4025024E-02 -0.4649563E-03  0.0000000E+00  0.0000000E+00 -0.6453317E-05  0.0000000E+00
         1   214     10 -0.4098304E-04 -0.4346221E-05  0.0000000E+00  0.0000000E+00  0.2799704E-01  0.1000000E-02

         1   215      0  0.0000000E+00  0.0000000E+00  0.0000000E+00  0.0000000E+00  0.0000000E+00  0.0000000E+00
         1   215      1  0.0000000E+00  0.0000000E+00  0.0000000E+00  0.0000000E+00  0.0000000E+00  0.0000000E+00
         1   215      2 -0.9196359E-03 -0.1032702E-03  0.0000000E+00  0.0000000E+00 -0.2787339E-06  0.0000000E+00
         1   215      3 -0.1379591E-02 -0.1549168E-03  0.0000000E+00  0.0000000E+00 -0.6662147E-06  0.0000000E+00
         1   215      4 -0.1839638E-02 -0.2065710E-03  0.0000000E+00  0.0000000E+00 -0.1219182E-05  0.0000000E+00
         1   215      5 -0.2299778E-02 -0.2582329E-03  0.0000000E+00  0.0000000E+00 -0.1937692E-05  0.0000000E+00
         1   215      6 -0.2760010E-02 -0.3099023E-03  0.0000000E+00  0.0000000E+00 -0.2821804E-05  0.0000000E+00
         1   215      7 -0.3220335E-02 -0.3615794E-03  0.0000000E+00  0.0000000E+00 -0.3871574E-05  0.0000000E+00
         1   215      8 -0.3680752E-02 -0.4132640E-03  0.0000000E+00  0.0000000E+00 -0.5087060E-05  0.0000000E+00
         1   215      9 -0.4141263E-02 -0.4649563E-03  0.0000000E+00  0.0000000E+00 -0.6468320E-05  0.0000000E+00
         1   215     10 -0.4206899E-04 -0.4346221E-05  0.0000000E+00  0.0000000E+00  0.2804646E-01  0.1000000E-02

         1   216      0  0.0000000E+00  0.0000000E+00  0.0000000E+00  0.0000000E+00  0.0000000E+00  0.0000000E+00
         1   216      1  0.0000000E+00  0.0000000E+00  0.0000000E+00  0.0000000E+00  0.0000000E+00  0.0000000E+00
         1   216      2 -0.9492004E-03 -0.1452128E-04  0.0000000E+00  0.0000000E+00 -0.2941478E-06  0.0000000E+00
         1   216      3 -0.1423940E-02 -0.2178021E-04  0.0000000E+00  0.0000000E+00 -0.7009029E-06  0.0000000E+00
         1   216      4 -0.1898774E-02 -0.2903796E-04  0.0000000E+00  0.0000000E+00 -0.1280862E-05  0.0000000E+00
         1   216      5 -0.2373701E-02 -0.3629448E-04  0.0000000E+00  0.0000000E+00 -0.2034086E-05  0.0000000E+00
         1   216      6 -0.2848723E-02 -0.4354974E-04  0.0000000E+00  0.0000000E+00 -0.2960638E-05  0.0000000E+00
         1   216      7 -0.3323839E-02 -0.5080371E-04  0.0000000E+00  0.0000000E+00 -0.4060580E-05  0.0000000E+00
         1   216      8 -0.3799049E-02 -0.5805633E-04  0.0000000E+00  0.0000000E+00 -0.5333974E-05  0.0000000E+00
         1   216      9 -0.4274354E-02 -0.6530758E-04  0.0000000E+00  0.0000000E+00 -0.6780881E-05  0.0000000E+00
         1   216     10 -0.4323368E-04 -0.2967503E-06  0.0000000E+00  0.0000000E+00  0.2814531E-01  0.1000000E-02

         1   217      0  0.0000000E+00  0.0000000E+00  0.0000000E+00  0.0000000E+00  0.0000000E+00  0.0000000E+00
         1   217      1  0.0000000E+00  0.0000000E+00  0.0000000E+00  0.0000000E+00  0.0000000E+00  0.0000000E+00
         1   217      2 -0.9340430E-03  0.7491185E-04  0.0000000E+00  0.0000000E+00 -0.3094342E-06  0.0000000E+00
         1   217      3 -0.1401200E-02  0.1123826E-03  0.0000000E+00  0.0000000E+00 -0.7353040E-06  0.0000000E+00
         1   217      4 -0.1868448E-02  0.1498632E-03  0.0000000E+00  0.0000000E+00 -0.1342031E-05  0.0000000E+00
         1   217      5 -0.2335787E-02  0.1873539E-03  0.0000000E+00  0.0000000E+00 -0.2129682E-05  0.0000000E+00
         1   217      6 -0.2803217E-02  0.2248547E-03  0.0000000E+00  0.0000000E+00 -0.3098324E-05  0.0000000E+00
         1   217      7 -0.3270739E-02  0.2623656E-03  0.0000000E+00  0.0000000E+00 -0.4248023E-05  0.0000000E+00
         1   217      8 -0.3738352E-02  0.2998867E-03  0.0000000E+00  0.0000000E+00 -0.5578846E-05  0.0000000E+00
         1   217      9 -0.4206057E-02  0.3374181E-03  0.0000000E+00  0.0000000E+00 -0.7090859E-05  0.0000000E+00
         1   217     10 -0.4236324E-04  0.3766689E-05  0.0000000E+00  0.0000000E+00  0.2824416E-01  0.1000000E-02

         1   218      0  0.0000000E+00  0.0000000E+00  0.0000000E+00  0.0000000E+00  0.0000000E+00  0.0000000E+00
         1   218      1  0.0000000E+00  0.0000000E+00  0.0000000E+00  0.0000000E+00  0.0000000E+00  0.0000000E+00
         1   218      2 -0.9153150E-03  0.7491185E-04  0.0000000E+00  0.0000000E+00 -0.3098237E-06  0.0000000E+00
         1   218      3 -0.1373104E-02  0.1123826E-03  0.0000000E+00  0.0000000E+00 -0.7361805E-06  0.0000000E+00
         1   218      4 -0.1830982E-02  0.1498632E-03  0.0000000E+00  0.0000000E+00 -0.1343590E-05  0.0000000E+00
         1   218      5 -0.2288948E-02  0.1873539E-03  0.0000000E+00  0.0000000E+00 -0.2132118E-05  0.0000000E+00
         1   218      6 -0.2747003E-02  0.2248547E-03  0.0000000E+00  0.0000000E+00 -0.3101833E-05  0.0000000E+00
         1   218      7 -0.3205147E-02  0.2623656E-03  0.0000000E+00  0.0000000E+00 -0.4252800E-05  0.0000000E+00
         1   218      8 -0.3663380E-02  0.2998867E-03  0.0000000E+00  0.0000000E+00 -0.5585087E-05  0.0000000E+00
         1   218      9 -0.4121703E-02  0.3374181E-03  0.0000000E+00  0.0000000E+00 -0.7098760E-05  0.0000000E+00
         1   218     10 -0.4142209E-04  0.3766689E-05  0.0000000E+00  0.0000000E+00  0.2829358E-01  0.1000000E-02

         1   219      0  0.0000000E+00  0.0000000E+00  0.0000000E+00  0.0000000E+00  0.0000000E+00  0.0000000E+00
         1   219      1  0.0000000E+00  0.0000000E+00  0.0000000E+00  0.0000000E+00  0.0000000E+00  0.0000000E+00
         1   219      2 -0.9040782E-03  0.7491185E-04  0.0000000E+00  0.0000000E+00 -0.3100573E-06  0.0000000E+00
         1   219      3 -0.1356247E-02  0.1123826E-03  0.0000000E+00  0.0000000E+00 -0.7367064E-06  0.0000000E+00
         1   219      4 -0.1808503E-02  0.1498632E-03  0.0000000E+00  0.0000000E+00 -0.1344525E-05  0.0000000E+00
         1   219      5 -0.2260845E-02  0.1873539E-03  0.0000000E+00  0.0000000E+00 -0.2133580E-05  0.0000000E+00
         1   219      6 -0.2713275E-02  0.2248547E-03  0.0000000E+00  0.0000000E+00 -0.3103938E-05  0.0000000E+00
         1   219      7 -0.3165792E-02  0.2623656E-03  0.0000000E+00  0.0000000E+00 -0.4255666E-05  0.0000000E+00
         1   219      8 -0.3618397E-02  0.2998867E-03  0.0000000E+00  0.0000000E+00 -0.5588831E-05  0.0000000E+00
         1   219      9 -0.4071090E-02  0.3374181E-03  0.0000000E+00  0.0000000E+00 -0.7103501E-05  0.0000000E+00
         1   219     10 -0.4085740E-04  0.3766689E-05  0.0000000E+00  0.0000000E+00  0.2832324E-01  0.1000000E-02

         1   220      0  0.0000000E+00  0.0000000E+00  0.0000000E+00  0.0000000E+00  0.0000000E+00  0.0000000E+00
         1   220      1  0.0000000E+00  0.0000000E+00  0.0000000E+00  0.0000000E+00  0.0000000E+00  0.0000000E+00
         1   220      2 -0.8853503E-03  0.7491185E-04  0.0000000E+00  0.0000000E+00 -0.3104468E-06  0.0000000E+00
         1   220      3 -0.1328151E-02  0.1123826E-03  0.0000000E+00  0.0000000E+00 -0.7375829E-06  0.0000000E+00
         1   220      4 -0.1771037E-02  0.1498632E-03  0.0000000E+00  0.0000000E+00 -0.1346083E-05  0.0000000E+00
         1   220      5 -0.2214007E-02  0.1873539E-03  0.0000000E+00  0.0000000E+00 -0.2136016E-05  0.0000000E+00
         1   220      6 -0.2657062E-02  0.2248547E-03  0.0000000E+00  0.0000000E+00 -0.3107447E-05  0.0000000E+00
         1   220      7 -0.3100201E-02  0.2623656E-03  0.0000000E+00  0.0000000E+00 -0.4260443E-05  0.0000000E+00
         1   220      8 -0.3543426E-02  0.2998867E-03  0.0000000E+00  0.0000000E+00 -0.5595072E-05  0.0000000E+00
         1   220      9 -0.3986736E-02  0.3374181E-03  0.0000000E+00  0.0000000E+00 -0.7111402E-05  0.0000000E+00
         1   220     10 -0.3991625E-04  0.3766689E-05  0.0000000E+00  0.0000000E+00  0.2837266E-01  0.1000000E-02

         1   221      0  0.0000000E+00  0.0000000E+00  0.0000000E+00  0.0000000E+00  0.0000000E+00  0.0000000E+00
         1   221      1  0.0000000E+00  0.0000000E+00  0.0000000E+00  0.0000000E+00  0.0000000E+00  0.0000000E+00
         1   221      2 -0.5343883E-03  0.7491185E-04  0.0000000E+00  0.0000000E+00 -0.3177450E-06  0.0000000E+00
         1   221      3 -0.8016391E-03  0.1123826E-03  0.0000000E+00  0.0000000E+00 -0.7540081E-06  0.0000000E+00
         1   221      4 -0.1068928E-02  0.1498632E-03  0.0000000E+00  0.0000000E+00 -0.1375292E-05  0.0000000E+00
         1   221      5 -0.1336254E-02  0.1873539E-03  0.0000000E+00  0.0000000E+00 -0.2181666E-05  0.0000000E+00
         1   221      6 -0.1603617E-02  0.2248547E-03  0.0000000E+00  0.0000000E+00 -0.3173200E-05  0.0000000E+00
         1   221      7 -0.1871018E-02  0.2623656E-03  0.0000000E+00  0.0000000E+00 -0.4349965E-05  0.0000000E+00
         1   221      8 -0.2138456E-02  0.2998867E-03  0.0000000E+00  0.0000000E+00 -0.5712030E-05  0.0000000E+00
         1   221      9 -0.2405931E-02  0.3374181E-03  0.0000000E+00  0.0000000E+00 -0.7259466E-05  0.0000000E+00
         1   221     10 -0.2227910E-04  0.3766689E-05  0.0000000E+00  0.0000000E+00  0.2929888E-01  0.1000000E-02

         1   222      0  0.0000000E+00  0.0000000E+00  0.0000000E+00  0.0000000E+00  0.0000000E+00  0.0000000E+00
         1   222      1  0.0000000E+00  0.0000000E+00  0.0000000E+00  0.0000000E+00  0.0000000E+00  0.0000000E+00
         1   222      2 -0.5156603E-03  0.7491185E-04  0.0000000E+00  0.0000000E+00 -0.3181344E-06  0.0000000E+00
         1   222      3 -0.7735435E-03  0.1123826E-03  0.0000000E+00  0.0000000E+00 -0.7548846E-06  0.0000000E+00
         1   222      4 -0.1031462E-02  0.1498632E-03  0.0000000E+00  0.0000000E+00 -0.1376850E-05  0.0000000E+00
         1   222      5 -0.1289415E-02  0.1873539E-03  0.0000000E+00  0.0000000E+00 -0.2184102E-05  0.0000000E+00
         1   222      6 -0.1547404E-02  0.2248547E-03  0.0000000E+00  0.0000000E+00 -0.3176709E-05  0.0000000E+00
         1   222      7 -0.1805427E-02  0.2623656E-03  0.0000000E+00  0.0000000E+00 -0.4354742E-05  0.0000000E+00
         1   222      8 -0.2063485E-02  0.2998867E-03  0.0000000E+00  0.0000000E+00 -0.5718271E-05  0.0000000E+00
         1   222      9 -0.2321577E-02  0.3374181E-03  0.0000000E+00  0.0000000E+00 -0.7267367E-05  0.0000000E+00
         1   222     10 -0.2133795E-04  0.3766689E-05  0.0000000E+00  0.0000000E+00  0.2934831E-01  0.1000000E-02

         1   223      0  0.0000000E+00  0.0000000E+00  0.0000000E+00  0.0000000E+00  0.0000000E+00  0.0000000E+00
         1   223      1  0.0000000E+00  0.0000000E+00  0.0000000E+00  0.0000000E+00  0.0000000E+00  0.0000000E+00
         1   223      2 -0.5044235E-03  0.7491185E-04  0.0000000E+00  0.0000000E+00 -0.3183681E-06  0.0000000E+00
         1   223      3 -0.7566861E-03  0.1123826E-03  0.0000000E+00  0.0000000E+00 -0.7554105E-06  0.0000000E+00
         1   223      4 -0.1008982E-02  0.1498632E-03  0.0000000E+00  0.0000000E+00 -0.1377785E-05  0.0000000E+00
         1   223      5 -0.1261312E-02  0.1873539E-03  0.0000000E+00  0.0000000E+00 -0.2185563E-05  0.0000000E+00
         1   223      6 -0.1513675E-02  0.2248547E-03  0.0000000E+00  0.0000000E+00 -0.3178814E-05  0.0000000E+00
         1   223      7 -0.1766072E-02  0.2623656E-03  0.0000000E+00  0.0000000E+00 -0.4357608E-05  0.0000000E+00
         1   223      8 -0.2018502E-02  0.2998867E-03  0.0000000E+00  0.0000000E+00 -0.5722016E-05  0.0000000E+00
         1   223      9 -0.2270964E-02  0.3374181E-03  0.0000000E+00  0.0000000E+00 -0.7272108E-05  0.0000000E+00
         1   223     10 -0.2077326E-04  0.3766689E-05  0.0000000E+00  0.0000000E+00  0.2937796E-01  0.1000000E-02

         1   224      0  0.0000000E+00  0.0000000E+00  0.0000000E+00  0.0000000E+00  0.0000000E+00  0.0000000E+00
         1   224      1  0.0000000E+00  0.0000000E+00  0.0000000E+00  0.0000000E+00  0.0000000E+00  0.0000000E+00
         1   224      2 -0.4856956E-03  0.7491185E-04  0.0000000E+00  0.0000000E+00 -0.3187575E-06  0.0000000E+00
         1   224      3 -0.7285905E-03  0.1123826E-03  0.0000000E+00  0.0000000E+00 -0.7562870E-06  0.0000000E+00
         1   224      4 -0.9715166E-03  0.1498632E-03  0.0000000E+00  0.0000000E+00 -0.1379344E-05  0.0000000E+00
         1   224      5 -0.1214474E-02  0.1873539E-03  0.0000000E+00  0.0000000E+00 -0.2187999E-05  0.0000000E+00
         1   224      6 -0.1457462E-02  0.2248547E-03  0.0000000E+00  0.0000000E+00 -0.3182323E-05  0.0000000E+00
         1   224      7 -0.1700481E-02  0.2623656E-03  0.0000000E+00  0.0000000E+00 -0.4362385E-05  0.0000000E+00
         1   224      8 -0.1943530E-02  0.2998867E-03  0.0000000E+00  0.0000000E+00 -0.5728257E-05  0.0000000E+00
         1   224      9 -0.2186610E-02  0.3374181E-03  0.0000000E+00  0.0000000E+00 -0.7280009E-05  0.0000000E+00
         1   224     10 -0.1983211E-04  0.3766689E-05  0.0000000E+00  0.0000000E+00  0.2942739E-01  0.1000000E-02

         1   225      0  0.0000000E+00  0.0000000E+00  0.0000000E+00  0.0000000E+00  0.0000000E+00  0.0000000E+00
         1   225      1  0.0000000E+00  0.0000000E+00  0.0000000E+00  0.0000000E+00  0.0000000E+00  0.0000000E+00
         1   225      2 -0.4583098E-03  0.3501815E-04  0.0000000E+00  0.0000000E+00 -0.3158477E-06  0.0000000E+00
         1   225      3 -0.6875054E-03  0.5253832E-04  0.0000000E+00  0.0000000E+00 -0.7497392E-06  0.0000000E+00
         1   225      4 -0.9167278E-03  0.7006598E-04  0.0000000E+00  0.0000000E+00 -0.1367702E-05  0.0000000E+00
         1   225      5 -0.1145977E-02  0.8760121E-04  0.0000000E+00  0.0000000E+00 -0.2169807E-05  0.0000000E+00
         1   225      6 -0.1375252E-02  0.1051441E-03  0.0000000E+00  0.0000000E+00 -0.3156124E-05  0.0000000E+00
         1   225      7 -0.1604554E-02  0.1226947E-03  0.0000000E+00  0.0000000E+00 -0.4326723E-05  0.0000000E+00
         1   225      8 -0.1833882E-02  0.1402532E-03  0.0000000E+00  0.0000000E+00 -0.5681673E-05  0.0000000E+00
         1   225      9 -0.2063236E-02  0.1578196E-03  0.0000000E+00  0.0000000E+00 -0.7221046E-05  0.0000000E+00
         1   225     10 -0.1835813E-04  0.2153338E-05  0.0000000E+00  0.0000000E+00  0.2952624E-01  0.1000000E-02

         1   226      0  0.0000000E+00  0.0000000E+00  0.0000000E+00  0.0000000E+00  0.0000000E+00  0.0000000E+00
         1   226      1  0.0000000E+00  0.0000000E+00  0.0000000E+00  0.0000000E+00  0.0000000E+00  0.0000000E+00
         1   226      2 -0.4491710E-03  0.1649292E-05  0.0000000E+00  0.0000000E+00 -0.3132171E-06  0.0000000E+00
         1   226      3 -0.6737923E-03  0.2482210E-05  0.0000000E+00  0.0000000E+00 -0.7438197E-06  0.0000000E+00
         1   226      4 -0.8984373E-03  0.3320773E-05  0.0000000E+00  0.0000000E+00 -0.1357178E-05  0.0000000E+00
         1   226      5 -0.1123106E-02  0.4165076E-05  0.0000000E+00  0.0000000E+00 -0.2153361E-05  0.0000000E+00
         1   226      6 -0.1347797E-02  0.5015215E-05  0.0000000E+00  0.0000000E+00 -0.3132439E-05  0.0000000E+00
         1   226      7 -0.1572511E-02  0.5871289E-05  0.0000000E+00  0.0000000E+00 -0.4294481E-05  0.0000000E+00
         1   226      8 -0.1797248E-02  0.6733393E-05  0.0000000E+00  0.0000000E+00 -0.5639557E-05  0.0000000E+00
         1   226      9 -0.2022007E-02  0.7601625E-05  0.0000000E+00  0.0000000E+00 -0.7167738E-05  0.0000000E+00
         1   226     10 -0.1761473E-04  0.8310520E-06  0.0000000E+00  0.0000000E+00  0.2962509E-01  0.1000000E-02

         1   227      0  0.0000000E+00  0.0000000E+00  0.0000000E+00  0.0000000E+00  0.0000000E+00  0.0000000E+00
         1   227      1  0.0000000E+00  0.0000000E+00  0.0000000E+00  0.0000000E+00  0.0000000E+00  0.0000000E+00
         1   227      2 -0.4487587E-03  0.1649292E-05  0.0000000E+00  0.0000000E+00 -0.3132172E-06  0.0000000E+00
         1   227      3 -0.6731718E-03  0.2482210E-05  0.0000000E+00  0.0000000E+00 -0.7438201E-06  0.0000000E+00
         1   227      4 -0.8976071E-03  0.3320773E-05  0.0000000E+00  0.0000000E+00 -0.1357178E-05  0.0000000E+00
         1   227      5 -0.1122064E-02  0.4165076E-05  0.0000000E+00  0.0000000E+00 -0.2153362E-05  0.0000000E+00
         1   227      6 -0.1346543E-02  0.5015215E-05  0.0000000E+00  0.0000000E+00 -0.3132440E-05  0.0000000E+00
         1   227      7 -0.1571043E-02  0.5871289E-05  0.0000000E+00  0.0000000E+00 -0.4294483E-05  0.0000000E+00
         1   227      8 -0.1795565E-02  0.6733393E-05  0.0000000E+00  0.0000000E+00 -0.5639561E-05  0.0000000E+00
         1   227      9 -0.2020107E-02  0.7601625E-05  0.0000000E+00  0.0000000E+00 -0.7167742E-05  0.0000000E+00
         1   227     10 -0.1740708E-04  0.8310520E-06  0.0000000E+00  0.0000000E+00  0.2967451E-01  0.1000000E-02

         1   228      0  0.0000000E+00  0.0000000E+00  0.0000000E+00  0.0000000E+00  0.0000000E+00  0.0000000E+00
         1   228      1  0.0000000E+00  0.0000000E+00  0.0000000E+00  0.0000000E+00  0.0000000E+00  0.0000000E+00
         1   228      2 -0.4485113E-03  0.1649292E-05  0.0000000E+00  0.0000000E+00 -0.3132174E-06  0.0000000E+00
         1   228      3 -0.6727995E-03  0.2482210E-05  0.0000000E+00  0.0000000E+00 -0.7438203E-06  0.0000000E+00
         1   228      4 -0.8971090E-03  0.3320773E-05  0.0000000E+00  0.0000000E+00 -0.1357179E-05  0.0000000E+00
         1   228      5 -0.1121440E-02  0.4165076E-05  0.0000000E+00  0.0000000E+00 -0.2153363E-05  0.0000000E+00
         1   228      6 -0.1345791E-02  0.5015215E-05  0.0000000E+00  0.0000000E+00 -0.3132442E-05  0.0000000E+00
         1   228      7 -0.1570163E-02  0.5871289E-05  0.0000000E+00  0.0000000E+00 -0.4294485E-05  0.0000000E+00
         1   228      8 -0.1794555E-02  0.6733393E-05  0.0000000E+00  0.0000000E+00 -0.5639562E-05  0.0000000E+00
         1   228      9 -0.2018967E-02  0.7601625E-05  0.0000000E+00  0.0000000E+00 -0.7167744E-05  0.0000000E+00
         1   228     10 -0.1728249E-04  0.8310520E-06  0.0000000E+00  0.0000000E+00  0.2970417E-01  0.1000000E-02

         1   229      0  0.0000000E+00  0.0000000E+00  0.0000000E+00  0.0000000E+00  0.0000000E+00  0.0000000E+00
         1   229      1  0.0000000E+00  0.0000000E+00  0.0000000E+00  0.0000000E+00  0.0000000E+00  0.0000000E+00
         1   229      2 -0.4480990E-03  0.1649292E-05  0.0000000E+00  0.0000000E+00 -0.3132175E-06  0.0000000E+00
         1   229      3 -0.6721789E-03  0.2482210E-05  0.0000000E+00  0.0000000E+00 -0.7438208E-06  0.0000000E+00
         1   229      4 -0.8962788E-03  0.3320773E-05  0.0000000E+00  0.0000000E+00 -0.1357180E-05  0.0000000E+00
         1   229      5 -0.1120398E-02  0.4165076E-05  0.0000000E+00  0.0000000E+00 -0.2153364E-05  0.0000000E+00
         1   229      6 -0.1344537E-02  0.5015215E-05  0.0000000E+00  0.0000000E+00 -0.3132443E-05  0.0000000E+00
         1   229      7 -0.1568695E-02  0.5871289E-05  0.0000000E+00  0.0000000E+00 -0.4294487E-05  0.0000000E+00
         1   229      8 -0.1792871E-02  0.6733393E-05  0.0000000E+00  0.0000000E+00 -0.5639566E-05  0.0000000E+00
         1   229      9 -0.2017066E-02  0.7601625E-05  0.0000000E+00  0.0000000E+00 -0.7167748E-05  0.0000000E+00
         1   229     10 -0.1707484E-04  0.8310520E-06  0.0000000E+00  0.0000000E+00  0.2975359E-01  0.1000000E-02

         1   230      0  0.0000000E+00  0.0000000E+00  0.0000000E+00  0.0000000E+00  0.0000000E+00  0.0000000E+00
         1   230      1  0.0000000E+00  0.0000000E+00  0.0000000E+00  0.0000000E+00  0.0000000E+00  0.0000000E+00
         1   230      2 -0.4346095E-03  0.4096962E-05  0.0000000E+00  0.0000000E+00  0.5035146E-04  0.0000000E+00
         1   230      3 -0.6519060E-03  0.6153770E-05  0.0000000E+00  0.0000000E+00  0.7525411E-04  0.0000000E+00
         1   230      4 -0.8691960E-03  0.8216255E-05  0.0000000E+00  0.0000000E+00  0.9997453E-04  0.0000000E+00
         1   230      5 -0.1086479E-02  0.1028451E-04  0.0000000E+00  0.0000000E+00  0.1245126E-03  0.0000000E+00
         1   230      6 -0.1303754E-02  0.1235863E-04  0.0000000E+00  0.0000000E+00  0.1488682E-03  0.0000000E+00
         1   230      7 -0.1521020E-02  0.1443870E-04  0.0000000E+00  0.0000000E+00  0.1730411E-03  0.0000000E+00
         1   230      8 -0.1738276E-02  0.1652483E-04  0.0000000E+00  0.0000000E+00  0.1970313E-03  0.0000000E+00
         1   230      9 -0.1955522E-02  0.1861710E-04  0.0000000E+00  0.0000000E+00  0.2208387E-03  0.0000000E+00
         1   230     10  0.2545039E-03  0.1149173E-03  0.0000000E+00  0.0000000E+00  0.3067131E-01  0.1000000E-02

         1   231      0  0.0000000E+00  0.0000000E+00  0.0000000E+00  0.0000000E+00  0.0000000E+00  0.0000000E+00
         1   231      1  0.0000000E+00  0.0000000E+00  0.0000000E+00  0.0000000E+00  0.0000000E+00  0.0000000E+00
         1   231      2 -0.4335853E-03  0.4096962E-05  0.0000000E+00  0.0000000E+00  0.5035146E-04  0.0000000E+00
         1   231      3 -0.6503676E-03  0.6153770E-05  0.0000000E+00  0.0000000E+00  0.7525411E-04  0.0000000E+00
         1   231      4 -0.8671420E-03  0.8216255E-05  0.0000000E+00  0.0000000E+00  0.9997453E-04  0.0000000E+00
         1   231      5 -0.1083908E-02  0.1028451E-04  0.0000000E+00  0.0000000E+00  0.1245126E-03  0.0000000E+00
         1   231      6 -0.1300664E-02  0.1235863E-04  0.0000000E+00  0.0000000E+00  0.1488682E-03  0.0000000E+00
         1   231      7 -0.1517410E-02  0.1443870E-04  0.0000000E+00  0.0000000E+00  0.1730411E-03  0.0000000E+00
         1   231      8 -0.1734145E-02  0.1652483E-04  0.0000000E+00  0.0000000E+00  0.1970313E-03  0.0000000E+00
         1   231      9 -0.1950868E-02  0.1861710E-04  0.0000000E+00  0.0000000E+00  0.2208386E-03  0.0000000E+00
         1   231     10  0.2832173E-03  0.1149173E-03  0.0000000E+00  0.0000000E+00  0.3072074E-01  0.1000000E-02

         1   232      0  0.0000000E+00  0.0000000E+00  0.0000000E+00  0.0000000E+00  0.0000000E+00  0.0000000E+00
         1   232      1  0.0000000E+00  0.0000000E+00  0.0000000E+00  0.0000000E+00  0.0000000E+00  0.0000000E+00
         1   232      2 -0.4329707E-03  0.4096962E-05  0.0000000E+00  0.0000000E+00  0.5035146E-04  0.0000000E+00
         1   232      3 -0.6494445E-03  0.6153770E-05  0.0000000E+00  0.0000000E+00  0.7525411E-04  0.0000000E+00
         1   232      4 -0.8659095E-03  0.8216255E-05  0.0000000E+00  0.0000000E+00  0.9997452E-04  0.0000000E+00
         1   232      5 -0.1082365E-02  0.1028451E-04  0.0000000E+00  0.0000000E+00  0.1245126E-03  0.0000000E+00
         1   232      6 -0.1298810E-02  0.1235863E-04  0.0000000E+00  0.0000000E+00  0.1488682E-03  0.0000000E+00
         1   232      7 -0.1515244E-02  0.1443870E-04  0.0000000E+00  0.0000000E+00  0.1730411E-03  0.0000000E+00
         1   232      8 -0.1731666E-02  0.1652483E-04  0.0000000E+00  0.0000000E+00  0.1970313E-03  0.0000000E+00
         1   232      9 -0.1948076E-02  0.1861710E-04  0.0000000E+00  0.0000000E+00  0.2208386E-03  0.0000000E+00
         1   232     10  0.3004453E-03  0.1149173E-03  0.0000000E+00  0.0000000E+00  0.3075039E-01  0.1000000E-02

         1   233      0  0.0000000E+00  0.0000000E+00  0.0000000E+00  0.0000000E+00  0.0000000E+00  0.0000000E+00
         1   233      1  0.0000000E+00  0.0000000E+00  0.0000000E+00  0.0000000E+00  0.0000000E+00  0.0000000E+00
         1   233      2 -0.4319465E-03  0.4096962E-05  0.0000000E+00  0.0000000E+00  0.5035146E-04  0.0000000E+00
         1   233      3 -0.6479061E-03  0.6153770E-05  0.0000000E+00  0.0000000E+00  0.7525410E-04  0.0000000E+00
         1   233      4 -0.8638555E-03  0.8216255E-05  0.0000000E+00  0.0000000E+00  0.9997452E-04  0.0000000E+00
         1   233      5 -0.1079794E-02  0.1028451E-04  0.0000000E+00  0.0000000E+00  0.1245126E-03  0.0000000E+00
         1   233      6 -0.1295720E-02  0.1235863E-04  0.0000000E+00  0.0000000E+00  0.1488681E-03  0.0000000E+00
         1   233      7 -0.1511634E-02  0.1443870E-04  0.0000000E+00  0.0000000E+00  0.1730411E-03  0.0000000E+00
         1   233      8 -0.1727535E-02  0.1652483E-04  0.0000000E+00  0.0000000E+00  0.1970313E-03  0.0000000E+00
         1   233      9 -0.1943421E-02  0.1861710E-04  0.0000000E+00  0.0000000E+00  0.2208386E-03  0.0000000E+00
         1   233     10  0.3291587E-03  0.1149173E-03  0.0000000E+00  0.0000000E+00  0.3079982E-01  0.1000000E-02

         1   234      0  0.0000000E+00  0.0000000E+00  0.0000000E+00  0.0000000E+00  0.0000000E+00  0.0000000E+00
         1   234      1  0.0000000E+00  0.0000000E+00  0.0000000E+00  0.0000000E+00  0.0000000E+00  0.0000000E+00
         1   234      2 -0.4212037E-03  0.3872915E-04  0.0000000E+00  0.0000000E+00  0.5034874E-04  0.0000000E+00
         1   234      3 -0.6317881E-03  0.5810079E-04  0.0000000E+00  0.0000000E+00  0.7524799E-04  0.0000000E+00
         1   234      4 -0.8423596E-03  0.7747717E-04  0.0000000E+00  0.0000000E+00  0.9996364E-04  0.0000000E+00
         1   234      5 -0.1052917E-02  0.9685833E-04  0.0000000E+00  0.0000000E+00  0.1244956E-03  0.0000000E+00
         1   234      6 -0.1263461E-02  0.1162443E-03  0.0000000E+00  0.0000000E+00  0.1488437E-03  0.0000000E+00
         1   234      7 -0.1473989E-02  0.1356351E-03  0.0000000E+00  0.0000000E+00  0.1730078E-03  0.0000000E+00
         1   234      8 -0.1684501E-02  0.1550307E-03  0.0000000E+00  0.0000000E+00  0.1969878E-03  0.0000000E+00
         1   234      9 -0.1894996E-02  0.1744312E-03  0.0000000E+00  0.0000000E+00  0.2207836E-03  0.0000000E+00
         1   234     10  0.3795696E-03  0.8615804E-04  0.0000000E+00  0.0000000E+00  0.3089866E-01  0.1000000E-02

         1   235      0  0.0000000E+00  0.0000000E+00  0.0000000E+00  0.0000000E+00  0.0000000E+00  0.0000000E+00
         1   235      1  0.0000000E+00  0.0000000E+00  0.0000000E+00  0.0000000E+00  0.0000000E+00  0.0000000E+00
         1   235      2 -0.3934780E-03  0.7179978E-04  0.0000000E+00  0.0000000E+00  0.5034589E-04  0.0000000E+00
         1   235      3 -0.5901962E-03  0.1077052E-03  0.0000000E+00  0.0000000E+00  0.7524158E-04  0.0000000E+00
         1   235      4 -0.7868996E-03  0.1436142E-03  0.0000000E+00  0.0000000E+00  0.9995225E-04  0.0000000E+00
         1   235      5 -0.9835873E-03  0.1795268E-03  0.0000000E+00  0.0000000E+00  0.1244778E-03  0.0000000E+00
         1   235      6 -0.1180258E-02  0.2154429E-03  0.0000000E+00  0.0000000E+00  0.1488180E-03  0.0000000E+00
         1   235      7 -0.1376912E-02  0.2513626E-03  0.0000000E+00  0.0000000E+00  0.1729729E-03  0.0000000E+00
         1   235      8 -0.1573548E-02  0.2872857E-03  0.0000000E+00  0.0000000E+00  0.1969422E-03  0.0000000E+00
         1   235      9 -0.1770164E-02  0.3232122E-03  0.0000000E+00  0.0000000E+00  0.2207259E-03  0.0000000E+00
         1   235     10  0.4146900E-03  0.5392799E-04  0.0000000E+00  0.0000000E+00  0.3099751E-01  0.1000000E-02

         1   236      0  0.0000000E+00  0.0000000E+00  0.0000000E+00  0.0000000E+00  0.0000000E+00  0.0000000E+00
         1   236      1  0.0000000E+00  0.0000000E+00  0.0000000E+00  0.0000000E+00  0.0000000E+00  0.0000000E+00
         1   236      2 -0.3755280E-03  0.7179978E-04  0.0000000E+00  0.0000000E+00  0.5034553E-04  0.0000000E+00
         1   236      3 -0.5632699E-03  0.1077052E-03  0.0000000E+00  0.0000000E+00  0.7524077E-04  0.0000000E+00
         1   236      4 -0.7509961E-03  0.1436142E-03  0.0000000E+00  0.0000000E+00  0.9995082E-04  0.0000000E+00
         1   236      5 -0.9387056E-03  0.1795268E-03  0.0000000E+00  0.0000000E+00  0.1244755E-03  0.0000000E+00
         1   236      6 -0.1126398E-02  0.2154429E-03  0.0000000E+00  0.0000000E+00  0.1488148E-03  0.0000000E+00
         1   236      7 -0.1314071E-02  0.2513626E-03  0.0000000E+00  0.0000000E+00  0.1729685E-03  0.0000000E+00
         1   236      8 -0.1501726E-02  0.2872857E-03  0.0000000E+00  0.0000000E+00  0.1969365E-03  0.0000000E+00
         1   236      9 -0.1689361E-02  0.3232122E-03  0.0000000E+00  0.0000000E+00  0.2207186E-03  0.0000000E+00
         1   236     10  0.4281645E-03  0.5392799E-04  0.0000000E+00  0.0000000E+00  0.3104693E-01  0.1000000E-02

         1   237      0  0.0000000E+00  0.0000000E+00  0.0000000E+00  0.0000000E+00  0.0000000E+00  0.0000000E+00
         1   237      1  0.0000000E+00  0.0000000E+00  0.0000000E+00  0.0000000E+00  0.0000000E+00  0.0000000E+00
         1   237      2 -0.3647580E-03  0.7179978E-04  0.0000000E+00  0.0000000E+00  0.5034532E-04  0.0000000E+00
         1   237      3 -0.5471142E-03  0.1077052E-03  0.0000000E+00  0.0000000E+00  0.7524029E-04  0.0000000E+00
         1   237      4 -0.7294540E-03  0.1436142E-03  0.0000000E+00  0.0000000E+00  0.9994996E-04  0.0000000E+00
         1   237      5 -0.9117766E-03  0.1795268E-03  0.0000000E+00  0.0000000E+00  0.1244742E-03  0.0000000E+00
         1   237      6 -0.1094081E-02  0.2154429E-03  0.0000000E+00  0.0000000E+00  0.1488129E-03  0.0000000E+00
         1   237      7 -0.1276367E-02  0.2513626E-03  0.0000000E+00  0.0000000E+00  0.1729659E-03  0.0000000E+00
         1   237      8 -0.1458633E-02  0.2872857E-03  0.0000000E+00  0.0000000E+00  0.1969330E-03  0.0000000E+00
         1   237      9 -0.1640879E-02  0.3232122E-03  0.0000000E+00  0.0000000E+00  0.2207143E-03  0.0000000E+00
         1   237     10  0.4362493E-03  0.5392799E-04  0.0000000E+00  0.0000000E+00  0.3107659E-01  0.1000000E-02

         1   238      0  0.0000000E+00  0.0000000E+00  0.0000000E+00  0.0000000E+00  0.0000000E+00  0.0000000E+00
         1   238      1  0.0000000E+00  0.0000000E+00  0.0000000E+00  0.0000000E+00  0.0000000E+00  0.0000000E+00
         1   238      2 -0.3468081E-03  0.7179978E-04  0.0000000E+00  0.0000000E+00  0.5034496E-04  0.0000000E+00
         1   238      3 -0.5201879E-03  0.1077052E-03  0.0000000E+00  0.0000000E+00  0.7523948E-04  0.0000000E+00
         1   238      4 -0.6935504E-03  0.1436142E-03  0.0000000E+00  0.0000000E+00  0.9994853E-04  0.0000000E+00
         1   238      5 -0.8668949E-03  0.1795268E-03  0.0000000E+00  0.0000000E+00  0.1244720E-03  0.0000000E+00
         1   238      6 -0.1040220E-02  0.2154429E-03  0.0000000E+00  0.0000000E+00  0.1488097E-03  0.0000000E+00
         1   238      7 -0.1213526E-02  0.2513626E-03  0.0000000E+00  0.0000000E+00  0.1729615E-03  0.0000000E+00
         1   238      8 -0.1386812E-02  0.2872857E-03  0.0000000E+00  0.0000000E+00  0.1969273E-03  0.0000000E+00
         1   238      9 -0.1560076E-02  0.3232122E-03  0.0000000E+00  0.0000000E+00  0.2207070E-03  0.0000000E+00
         1   238     10  0.4497238E-03  0.5392799E-04  0.0000000E+00  0.0000000E+00  0.3112601E-01  0.1000000E-02

         1   239      0  0.0000000E+00  0.0000000E+00  0.0000000E+00  0.0000000E+00  0.0000000E+00  0.0000000E+00
         1   239      1  0.0000000E+00  0.0000000E+00  0.0000000E+00  0.0000000E+00  0.0000000E+00  0.0000000E+00
         1   239      2 -0.7396515E-05  0.7278130E-04  0.0000000E+00  0.0000000E+00  0.7066849E-04  0.0000000E+00
         1   239      3 -0.1104867E-04  0.1091768E-03  0.0000000E+00  0.0000000E+00  0.1057156E-03  0.0000000E+00
         1   239      4 -0.1466928E-04  0.1455754E-03  0.0000000E+00  0.0000000E+00  0.1405709E-03  0.0000000E+00
         1   239      5 -0.1825773E-04  0.1819771E-03  0.0000000E+00  0.0000000E+00  0.1752343E-03  0.0000000E+00
         1   239      6 -0.2181341E-04  0.2183819E-03  0.0000000E+00  0.0000000E+00  0.2097056E-03  0.0000000E+00
         1   239      7 -0.2533571E-04  0.2547898E-03  0.0000000E+00  0.0000000E+00  0.2439844E-03  0.0000000E+00
         1   239      8 -0.2882402E-04  0.2912006E-03  0.0000000E+00  0.0000000E+00  0.2780707E-03  0.0000000E+00
         1   239      9 -0.3227773E-04  0.3276143E-03  0.0000000E+00  0.0000000E+00  0.3119643E-03  0.0000000E+00
         1   239     10  0.9628384E-03  0.1647575E-03  0.0000000E+00  0.0000000E+00  0.3197633E-01  0.1000000E-02

         1   240      0  0.0000000E+00  0.0000000E+00  0.0000000E+00  0.0000000E+00  0.0000000E+00  0.0000000E+00
         1   240      1  0.0000000E+00  0.0000000E+00  0.0000000E+00  0.0000000E+00  0.0000000E+00  0.0000000E+00
         1   240      2  0.1079881E-04  0.7278130E-04  0.0000000E+00  0.0000000E+00  0.7066812E-04  0.0000000E+00
         1   240      3  0.1624552E-04  0.1091768E-03  0.0000000E+00  0.0000000E+00  0.1057147E-03  0.0000000E+00
         1   240      4  0.2172457E-04  0.1455754E-03  0.0000000E+00  0.0000000E+00  0.1405694E-03  0.0000000E+00
         1   240      5  0.2723656E-04  0.1819771E-03  0.0000000E+00  0.0000000E+00  0.1752320E-03  0.0000000E+00
         1   240      6  0.3278208E-04  0.2183819E-03  0.0000000E+00  0.0000000E+00  0.2097022E-03  0.0000000E+00
         1   240      7  0.3836173E-04  0.2547898E-03  0.0000000E+00  0.0000000E+00  0.2439799E-03  0.0000000E+00
         1   240      8  0.4397612E-04  0.2912006E-03  0.0000000E+00  0.0000000E+00  0.2780649E-03  0.0000000E+00
         1   240      9  0.4962585E-04  0.3276143E-03  0.0000000E+00  0.0000000E+00  0.3119568E-03  0.0000000E+00
         1   240     10  0.1004005E-02  0.1647575E-03  0.0000000E+00  0.0000000E+00  0.3202576E-01  0.1000000E-02

         1   241      0  0.0000000E+00  0.0000000E+00  0.0000000E+00  0.0000000E+00  0.0000000E+00  0.0000000E+00
         1   241      1  0.0000000E+00  0.0000000E+00  0.0000000E+00  0.0000000E+00  0.0000000E+00  0.0000000E+00
         1   241      2  0.2171600E-04  0.7278130E-04  0.0000000E+00  0.0000000E+00  0.7066790E-04  0.0000000E+00
         1   241      3  0.3262204E-04  0.1091768E-03  0.0000000E+00  0.0000000E+00  0.1057142E-03  0.0000000E+00
         1   241      4  0.4356088E-04  0.1455754E-03  0.0000000E+00  0.0000000E+00  0.1405685E-03  0.0000000E+00
         1   241      5  0.5453313E-04  0.1819771E-03  0.0000000E+00  0.0000000E+00  0.1752306E-03  0.0000000E+00
         1   241      6  0.6553937E-04  0.2183819E-03  0.0000000E+00  0.0000000E+00  0.2097003E-03  0.0000000E+00
         1   241      7  0.7658020E-04  0.2547898E-03  0.0000000E+00  0.0000000E+00  0.2439772E-03  0.0000000E+00
         1   241      8  0.8765621E-04  0.2912006E-03  0.0000000E+00  0.0000000E+00  0.2780613E-03  0.0000000E+00
         1   241      9  0.9876800E-04  0.3276143E-03  0.0000000E+00  0.0000000E+00  0.3119523E-03  0.0000000E+00
         1   241     10  0.1028705E-02  0.1647575E-03  0.0000000E+00  0.0000000E+00  0.3205541E-01  0.1000000E-02

         1   242      0  0.0000000E+00  0.0000000E+00  0.0000000E+00  0.0000000E+00  0.0000000E+00  0.0000000E+00
         1   242      1  0.0000000E+00  0.0000000E+00  0.0000000E+00  0.0000000E+00  0.0000000E+00  0.0000000E+00
         1   242      2  0.3991133E-04  0.7278130E-04  0.0000000E+00  0.0000000E+00  0.7066753E-04  0.0000000E+00
         1   242      3  0.5991623E-04  0.1091768E-03  0.0000000E+00  0.0000000E+00  0.1057134E-03  0.0000000E+00
         1   242      4  0.7995473E-04  0.1455754E-03  0.0000000E+00  0.0000000E+00  0.1405671E-03  0.0000000E+00
         1   242      5  0.1000274E-03  0.1819771E-03  0.0000000E+00  0.0000000E+00  0.1752283E-03  0.0000000E+00
         1   242      6  0.1201349E-03  0.2183819E-03  0.0000000E+00  0.0000000E+00  0.2096969E-03  0.0000000E+00
         1   242      7  0.1402776E-03  0.2547898E-03  0.0000000E+00  0.0000000E+00  0.2439727E-03  0.0000000E+00
         1   242      8  0.1604564E-03  0.2912006E-03  0.0000000E+00  0.0000000E+00  0.2780554E-03  0.0000000E+00
         1   242      9  0.1806716E-03  0.3276143E-03  0.0000000E+00  0.0000000E+00  0.3119449E-03  0.0000000E+00
         1   242     10  0.1069871E-02  0.1647575E-03  0.0000000E+00  0.0000000E+00  0.3210483E-01  0.1000000E-02

         1   243      0  0.0000000E+00  0.0000000E+00  0.0000000E+00  0.0000000E+00  0.0000000E+00  0.0000000E+00
         1   243      1  0.0000000E+00  0.0000000E+00  0.0000000E+00  0.0000000E+00  0.0000000E+00  0.0000000E+00
         1   243      2  0.7726440E-04  0.7708995E-04  0.0000000E+00  0.0000000E+00  0.7066680E-04  0.0000000E+00
         1   243      3  0.1159492E-03  0.1156435E-03  0.0000000E+00  0.0000000E+00  0.1057118E-03  0.0000000E+00
         1   243      4  0.1546698E-03  0.1542027E-03  0.0000000E+00  0.0000000E+00  0.1405642E-03  0.0000000E+00
         1   243      5  0.1934267E-03  0.1927677E-03  0.0000000E+00  0.0000000E+00  0.1752238E-03  0.0000000E+00
         1   243      6  0.2322206E-03  0.2313384E-03  0.0000000E+00  0.0000000E+00  0.2096904E-03  0.0000000E+00
         1   243      7  0.2710521E-03  0.2699147E-03  0.0000000E+00  0.0000000E+00  0.2439638E-03  0.0000000E+00
         1   243      8  0.3099216E-03  0.3084968E-03  0.0000000E+00  0.0000000E+00  0.2780438E-03  0.0000000E+00
         1   243      9  0.3488297E-03  0.3470845E-03  0.0000000E+00  0.0000000E+00  0.3119301E-03  0.0000000E+00
         1   243     10  0.1172484E-02  0.2471817E-03  0.0000000E+00  0.0000000E+00  0.3220369E-01  0.1000000E-02

         1   244      0  0.0000000E+00  0.0000000E+00  0.0000000E+00  0.0000000E+00  0.0000000E+00  0.0000000E+00
         1   244      1  0.0000000E+00  0.0000000E+00  0.0000000E+00  0.0000000E+00  0.0000000E+00  0.0000000E+00
         1   244      2  0.1174761E-03  0.8425073E-04  0.0000000E+00  0.0000000E+00  0.7066603E-04  0.0000000E+00
         1   244      3  0.1762719E-03  0.1263887E-03  0.0000000E+00  0.0000000E+00  0.1057100E-03  0.0000000E+00
         1   244      4  0.2351072E-03  0.1685352E-03  0.0000000E+00  0.0000000E+00  0.1405611E-03  0.0000000E+00
         1   244      5  0.2939823E-03  0.2106902E-03  0.0000000E+00  0.0000000E+00  0.1752189E-03  0.0000000E+00
         1   244      6  0.3528979E-03  0.2528537E-03  0.0000000E+00  0.0000000E+00  0.2096834E-03  0.0000000E+00
         1   244      7  0.4118547E-03  0.2950258E-03  0.0000000E+00  0.0000000E+00  0.2439543E-03  0.0000000E+00
         1   244      8  0.4708531E-03  0.3372065E-03  0.0000000E+00  0.0000000E+00  0.2780314E-03  0.0000000E+00
         1   244      9  0.5298937E-03  0.3793959E-03  0.0000000E+00  0.0000000E+00  0.3119145E-03  0.0000000E+00
         1   244     10  0.1318436E-02  0.3387427E-03  0.0000000E+00  0.0000000E+00  0.3230255E-01  0.1000000E-02

         1   245      0  0.0000000E+00  0.0000000E+00  0.0000000E+00  0.0000000E+00  0.0000000E+00  0.0000000E+00
         1   245      1  0.0000000E+00  0.0000000E+00  0.0000000E+00  0.0000000E+00  0.0000000E+00  0.0000000E+00
         1   245      2  0.1385387E-03  0.8425073E-04  0.0000000E+00  0.0000000E+00  0.7066554E-04  0.0000000E+00
         1   245      3  0.2078691E-03  0.1263887E-03  0.0000000E+00  0.0000000E+00  0.1057089E-03  0.0000000E+00
         1   245      4  0.2772410E-03  0.1685352E-03  0.0000000E+00  0.0000000E+00  0.1405591E-03  0.0000000E+00
         1   245      5  0.3466548E-03  0.2106902E-03  0.0000000E+00  0.0000000E+00  0.1752159E-03  0.0000000E+00
         1   245      6  0.4161114E-03  0.2528537E-03  0.0000000E+00  0.0000000E+00  0.2096790E-03  0.0000000E+00
         1   245      7  0.4856111E-03  0.2950258E-03  0.0000000E+00  0.0000000E+00  0.2439483E-03  0.0000000E+00
         1   245      8  0.5551547E-03  0.3372065E-03  0.0000000E+00  0.0000000E+00  0.2780235E-03  0.0000000E+00
         1   245      9  0.6247427E-03  0.3793959E-03  0.0000000E+00  0.0000000E+00  0.3119045E-03  0.0000000E+00
         1   245     10  0.1403075E-02  0.3387427E-03  0.0000000E+00  0.0000000E+00  0.3235197E-01  0.1000000E-02

         1   246      0  0.0000000E+00  0.0000000E+00  0.0000000E+00  0.0000000E+00  0.0000000E+00  0.0000000E+00
         1   246      1  0.0000000E+00  0.0000000E+00  0.0000000E+00  0.0000000E+00  0.0000000E+00  0.0000000E+00
         1   246      2  0.1511763E-03  0.8425073E-04  0.0000000E+00  0.0000000E+00  0.7066524E-04  0.0000000E+00
         1   246      3  0.2268274E-03  0.1263887E-03  0.0000000E+00  0.0000000E+00  0.1057083E-03  0.0000000E+00
         1   246      4  0.3025212E-03  0.1685352E-03  0.0000000E+00  0.0000000E+00  0.1405579E-03  0.0000000E+00
         1   246      5  0.3782584E-03  0.2106902E-03  0.0000000E+00  0.0000000E+00  0.1752140E-03  0.0000000E+00
         1   246      6  0.4540394E-03  0.2528537E-03  0.0000000E+00  0.0000000E+00  0.2096763E-03  0.0000000E+00
         1   246      7  0.5298650E-03  0.2950258E-03  0.0000000E+00  0.0000000E+00  0.2439447E-03  0.0000000E+00
         1   246      8  0.6057357E-03  0.3372065E-03  0.0000000E+00  0.0000000E+00  0.2780188E-03  0.0000000E+00
         1   246      9  0.6816521E-03  0.3793959E-03  0.0000000E+00  0.0000000E+00  0.3118985E-03  0.0000000E+00
         1   246     10  0.1453858E-02  0.3387427E-03  0.0000000E+00  0.0000000E+00  0.3238162E-01  0.1000000E-02

         1   247      0  0.0000000E+00  0.0000000E+00  0.0000000E+00  0.0000000E+00  0.0000000E+00  0.0000000E+00
         1   247      1  0.0000000E+00  0.0000000E+00  0.0000000E+00  0.0000000E+00  0.0000000E+00  0.0000000E+00
         1   247      2  0.1722390E-03  0.8425073E-04  0.0000000E+00  0.0000000E+00  0.7066475E-04  0.0000000E+00
         1   247      3  0.2584246E-03  0.1263887E-03  0.0000000E+00  0.0000000E+00  0.1057071E-03  0.0000000E+00
         1   247      4  0.3446550E-03  0.1685352E-03  0.0000000E+00  0.0000000E+00  0.1405559E-03  0.0000000E+00
         1   247      5  0.4309309E-03  0.2106902E-03  0.0000000E+00  0.0000000E+00  0.1752109E-03  0.0000000E+00
         1   247      6  0.5172528E-03  0.2528537E-03  0.0000000E+00  0.0000000E+00  0.2096719E-03  0.0000000E+00
         1   247      7  0.6036214E-03  0.2950258E-03  0.0000000E+00  0.0000000E+00  0.2439386E-03  0.0000000E+00
         1   247      8  0.6900373E-03  0.3372065E-03  0.0000000E+00  0.0000000E+00  0.2780109E-03  0.0000000E+00
         1   247      9  0.7765011E-03  0.3793959E-03  0.0000000E+00  0.0000000E+00  0.3118885E-03  0.0000000E+00
         1   247     10  0.1538497E-02  0.3387427E-03  0.0000000E+00  0.0000000E+00  0.3243104E-01  0.1000000E-02

         1   248      0  0.0000000E+00  0.0000000E+00  0.0000000E+00  0.0000000E+00  0.0000000E+00  0.0000000E+00
         1   248      1  0.0000000E+00  0.0000000E+00  0.0000000E+00  0.0000000E+00  0.0000000E+00  0.0000000E+00
         1   248      2  0.5630280E-03  0.8221102E-04  0.0000000E+00  0.0000000E+00  0.2845297E-04  0.0000000E+00
         1   248      3  0.8446704E-03  0.1233280E-03  0.0000000E+00  0.0000000E+00  0.4237129E-04  0.0000000E+00
         1   248      4  0.1126399E-02  0.1644526E-03  0.0000000E+00  0.0000000E+00  0.5608377E-04  0.0000000E+00
         1   248      5  0.1408216E-02  0.2055849E-03  0.0000000E+00  0.0000000E+00  0.6959013E-04  0.0000000E+00
         1   248      6  0.1690120E-02  0.2467249E-03  0.0000000E+00  0.0000000E+00  0.8289006E-04  0.0000000E+00
         1   248      7  0.1972114E-02  0.2878727E-03  0.0000000E+00  0.0000000E+00  0.9598326E-04  0.0000000E+00
         1   248      8  0.2254197E-02  0.3290283E-03  0.0000000E+00  0.0000000E+00  0.1088694E-03  0.0000000E+00
         1   248      9  0.2536370E-02  0.3701918E-03  0.0000000E+00  0.0000000E+00  0.1215483E-03  0.0000000E+00
         1   248     10  0.3365599E-02  0.4398811E-03  0.0000000E+00  0.0000000E+00  0.3308093E-01  0.1000000E-02

         1   249      0  0.0000000E+00  0.0000000E+00  0.0000000E+00  0.0000000E+00  0.0000000E+00  0.0000000E+00
         1   249      1  0.0000000E+00  0.0000000E+00  0.0000000E+00  0.0000000E+00  0.0000000E+00  0.0000000E+00
         1   249      2  0.5835808E-03  0.8221102E-04  0.0000000E+00  0.0000000E+00  0.2845250E-04  0.0000000E+00
         1   249      3  0.8755024E-03  0.1233280E-03  0.0000000E+00  0.0000000E+00  0.4237023E-04  0.0000000E+00
         1   249      4  0.1167512E-02  0.1644526E-03  0.0000000E+00  0.0000000E+00  0.5608190E-04  0.0000000E+00
         1   249      5  0.1459612E-02  0.2055849E-03  0.0000000E+00  0.0000000E+00  0.6958720E-04  0.0000000E+00
         1   249      6  0.1751801E-02  0.2467249E-03  0.0000000E+00  0.0000000E+00  0.8288583E-04  0.0000000E+00
         1   249      7  0.2044082E-02  0.2878727E-03  0.0000000E+00  0.0000000E+00  0.9597751E-04  0.0000000E+00
         1   249      8  0.2336454E-02  0.3290283E-03  0.0000000E+00  0.0000000E+00  0.1088619E-03  0.0000000E+00
         1   249      9  0.2628918E-02  0.3701918E-03  0.0000000E+00  0.0000000E+00  0.1215388E-03  0.0000000E+00
         1   249     10  0.3475508E-02  0.4398811E-03  0.0000000E+00  0.0000000E+00  0.3313034E-01  0.1000000E-02

         1   250      0  0.0000000E+00  0.0000000E+00  0.0000000E+00  0.0000000E+00  0.0000000E+00  0.0000000E+00
         1   250      1  0.0000000E+00  0.0000000E+00  0.0000000E+00  0.0000000E+00  0.0000000E+00  0.0000000E+00
         1   250      2  0.5959124E-03  0.8221026E-04  0.0000000E+00  0.0000000E+00  0.2845222E-04  0.0000000E+00
         1   250      3  0.8940014E-03  0.1233262E-03  0.0000000E+00  0.0000000E+00  0.4236960E-04  0.0000000E+00
         1   250      4  0.1192180E-02  0.1644495E-03  0.0000000E+00  0.0000000E+00  0.5608077E-04  0.0000000E+00
         1   250      5  0.1490449E-02  0.2055801E-03  0.0000000E+00  0.0000000E+00  0.6958544E-04  0.0000000E+00
         1   250      6  0.1788810E-02  0.2467181E-03  0.0000000E+00  0.0000000E+00  0.8288330E-04  0.0000000E+00
         1   250      7  0.2087262E-02  0.2878634E-03  0.0000000E+00  0.0000000E+00  0.9597406E-04  0.0000000E+00
         1   250      8  0.2385807E-02  0.3290162E-03  0.0000000E+00  0.0000000E+00  0.1088574E-03  0.0000000E+00
         1   250      9  0.2684446E-02  0.3701764E-03  0.0000000E+00  0.0000000E+00  0.1215331E-03  0.0000000E+00
         1   250     10  0.3541452E-02  0.4398542E-03  0.0000000E+00  0.0000000E+00  0.3315999E-01  0.1000000E-02

         1   251      0  0.0000000E+00  0.0000000E+00  0.0000000E+00  0.0000000E+00  0.0000000E+00  0.0000000E+00
         1   251      1  0.0000000E+00  0.0000000E+00  0.0000000E+00  0.0000000E+00  0.0000000E+00  0.0000000E+00
         1   251      2  0.6164650E-03  0.8221026E-04  0.0000000E+00  0.0000000E+00  0.2845175E-04  0.0000000E+00
         1   251      3  0.9248330E-03  0.1233262E-03  0.0000000E+00  0.0000000E+00  0.4236854E-04  0.0000000E+00
         1   251      4  0.1233292E-02  0.1644495E-03  0.0000000E+00  0.0000000E+00  0.5607890E-04  0.0000000E+00
         1   251      5  0.1541844E-02  0.2055801E-03  0.0000000E+00  0.0000000E+00  0.6958250E-04  0.0000000E+00
         1   251      6  0.1850489E-02  0.2467181E-03  0.0000000E+00  0.0000000E+00  0.8287907E-04  0.0000000E+00
         1   251      7  0.2159228E-02  0.2878634E-03  0.0000000E+00  0.0000000E+00  0.9596831E-04  0.0000000E+00
         1   251      8  0.2468061E-02  0.3290162E-03  0.0000000E+00  0.0000000E+00  0.1088499E-03  0.0000000E+00
         1   251      9  0.2776990E-02  0.3701764E-03  0.0000000E+00  0.0000000E+00  0.1215236E-03  0.0000000E+00
         1   251     10  0.3651354E-02  0.4398542E-03  0.0000000E+00  0.0000000E+00  0.3320940E-01  0.1000000E-02

         1   252      0  0.0000000E+00  0.0000000E+00  0.0000000E+00  0.0000000E+00  0.0000000E+00  0.0000000E+00
         1   252      1  0.0000000E+00  0.0000000E+00  0.0000000E+00  0.0000000E+00  0.0000000E+00  0.0000000E+00
         1   252      2  0.6448655E-03  0.3100868E-04  0.0000000E+00  0.0000000E+00  0.2844550E-04  0.0000000E+00
         1   252      3  0.9674365E-03  0.4651276E-04  0.0000000E+00  0.0000000E+00  0.4235447E-04  0.0000000E+00
         1   252      4  0.1290101E-02  0.6201663E-04  0.0000000E+00  0.0000000E+00  0.5605387E-04  0.0000000E+00
         1   252      5  0.1612859E-02  0.7752025E-04  0.0000000E+00  0.0000000E+00  0.6954339E-04  0.0000000E+00
         1   252      6  0.1935712E-02  0.9302360E-04  0.0000000E+00  0.0000000E+00  0.8282274E-04  0.0000000E+00
         1   252      7  0.2258661E-02  0.1085266E-03  0.0000000E+00  0.0000000E+00  0.9589161E-04  0.0000000E+00
         1   252      8  0.2581706E-02  0.1240293E-03  0.0000000E+00  0.0000000E+00  0.1087497E-03  0.0000000E+00
         1   252      9  0.2904849E-02  0.1395317E-03  0.0000000E+00  0.0000000E+00  0.1213967E-03  0.0000000E+00
         1   252     10  0.3796137E-02  0.1376443E-03  0.0000000E+00  0.0000000E+00  0.3330804E-01  0.1000000E-02

         1   253      0  0.0000000E+00  0.0000000E+00  0.0000000E+00  0.0000000E+00  0.0000000E+00  0.0000000E+00
         1   253      1  0.0000000E+00  0.0000000E+00  0.0000000E+00  0.0000000E+00  0.0000000E+00  0.0000000E+00
         1   253      2  0.6472650E-03 -0.2144318E-04  0.0000000E+00  0.0000000E+00  0.2843940E-04  0.0000000E+00
         1   253      3  0.9710328E-03 -0.3217613E-04  0.0000000E+00  0.0000000E+00  0.4234076E-04  0.0000000E+00
         1   253      4  0.1294892E-02 -0.4291678E-04  0.0000000E+00  0.0000000E+00  0.5602948E-04  0.0000000E+00
         1   253      5  0.1618843E-02 -0.5366524E-04  0.0000000E+00  0.0000000E+00  0.6950527E-04  0.0000000E+00
         1   253      6  0.1942887E-02 -0.6442159E-04  0.0000000E+00  0.0000000E+00  0.8276783E-04  0.0000000E+00
         1   253      7  0.2267024E-02 -0.7518595E-04  0.0000000E+00  0.0000000E+00  0.9581685E-04  0.0000000E+00
         1   253      8  0.2591256E-02 -0.8595839E-04  0.0000000E+00  0.0000000E+00  0.1086520E-03  0.0000000E+00
         1   253      9  0.2915583E-02 -0.9673903E-04  0.0000000E+00  0.0000000E+00  0.1212731E-03  0.0000000E+00
         1   253     10  0.3787997E-02 -0.1701105E-03  0.0000000E+00  0.0000000E+00  0.3340668E-01  0.1000000E-02

         1   254      0  0.0000000E+00  0.0000000E+00  0.0000000E+00  0.0000000E+00  0.0000000E+00  0.0000000E+00
         1   254      1  0.0000000E+00  0.0000000E+00  0.0000000E+00  0.0000000E+00  0.0000000E+00  0.0000000E+00
         1   254      2  0.6419042E-03 -0.2144318E-04  0.0000000E+00  0.0000000E+00  0.2843937E-04  0.0000000E+00
         1   254      3  0.9629887E-03 -0.3217613E-04  0.0000000E+00  0.0000000E+00  0.4234068E-04  0.0000000E+00
         1   254      4  0.1284163E-02 -0.4291678E-04  0.0000000E+00  0.0000000E+00  0.5602935E-04  0.0000000E+00
         1   254      5  0.1605427E-02 -0.5366524E-04  0.0000000E+00  0.0000000E+00  0.6950507E-04  0.0000000E+00
         1   254      6  0.1926781E-02 -0.6442159E-04  0.0000000E+00  0.0000000E+00  0.8276754E-04  0.0000000E+00
         1   254      7  0.2248228E-02 -0.7518595E-04  0.0000000E+00  0.0000000E+00  0.9581645E-04  0.0000000E+00
         1   254      8  0.2569766E-02 -0.8595839E-04  0.0000000E+00  0.0000000E+00  0.1086515E-03  0.0000000E+00
         1   254      9  0.2891398E-02 -0.9673903E-04  0.0000000E+00  0.0000000E+00  0.1212724E-03  0.0000000E+00
         1   254     10  0.3745493E-02 -0.1701105E-03  0.0000000E+00  0.0000000E+00  0.3345610E-01  0.1000000E-02

         1   255      0  0.0000000E+00  0.0000000E+00  0.0000000E+00  0.0000000E+00  0.0000000E+00  0.0000000E+00
         1   255      1  0.0000000E+00  0.0000000E+00  0.0000000E+00  0.0000000E+00  0.0000000E+00  0.0000000E+00
         1   255      2  0.6386877E-03 -0.2144318E-04  0.0000000E+00  0.0000000E+00  0.2843935E-04  0.0000000E+00
         1   255      3  0.9581623E-03 -0.3217613E-04  0.0000000E+00  0.0000000E+00  0.4234064E-04  0.0000000E+00
         1   255      4  0.1277725E-02 -0.4291678E-04  0.0000000E+00  0.0000000E+00  0.5602928E-04  0.0000000E+00
         1   255      5  0.1597377E-02 -0.5366524E-04  0.0000000E+00  0.0000000E+00  0.6950495E-04  0.0000000E+00
         1   255      6  0.1917118E-02 -0.6442159E-04  0.0000000E+00  0.0000000E+00  0.8276737E-04  0.0000000E+00
         1   255      7  0.2236950E-02 -0.7518595E-04  0.0000000E+00  0.0000000E+00  0.9581622E-04  0.0000000E+00
         1   255      8  0.2556873E-02 -0.8595839E-04  0.0000000E+00  0.0000000E+00  0.1086512E-03  0.0000000E+00
         1   255      9  0.2876887E-02 -0.9673903E-04  0.0000000E+00  0.0000000E+00  0.1212720E-03  0.0000000E+00
         1   255     10  0.3719991E-02 -0.1701105E-03  0.0000000E+00  0.0000000E+00  0.3348575E-01  0.1000000E-02

         1   256      0  0.0000000E+00  0.0000000E+00  0.0000000E+00  0.0000000E+00  0.0000000E+00  0.0000000E+00
         1   256      1  0.0000000E+00  0.0000000E+00  0.0000000E+00  0.0000000E+00  0.0000000E+00  0.0000000E+00
         1   256      2  0.6333269E-03 -0.2144318E-04  0.0000000E+00  0.0000000E+00  0.2843932E-04  0.0000000E+00
         1   256      3  0.9501183E-03 -0.3217613E-04  0.0000000E+00  0.0000000E+00  0.4234057E-04  0.0000000E+00
         1   256      4  0.1266996E-02 -0.4291678E-04  0.0000000E+00  0.0000000E+00  0.5602915E-04  0.0000000E+00
         1   256      5  0.1583960E-02 -0.5366524E-04  0.0000000E+00  0.0000000E+00  0.6950475E-04  0.0000000E+00
         1   256      6  0.1901013E-02 -0.6442159E-04  0.0000000E+00  0.0000000E+00  0.8276708E-04  0.0000000E+00
         1   256      7  0.2218153E-02 -0.7518595E-04  0.0000000E+00  0.0000000E+00  0.9581583E-04  0.0000000E+00
         1   256      8  0.2535383E-02 -0.8595839E-04  0.0000000E+00  0.0000000E+00  0.1086507E-03  0.0000000E+00
         1   256      9  0.2852703E-02 -0.9673903E-04  0.0000000E+00  0.0000000E+00  0.1212714E-03  0.0000000E+00
         1   256     10  0.3677487E-02 -0.1701105E-03  0.0000000E+00  0.0000000E+00  0.3353518E-01  0.1000000E-02

         1   257      0  0.0000000E+00  0.0000000E+00  0.0000000E+00  0.0000000E+00  0.0000000E+00  0.0000000E+00
         1   257      1  0.0000000E+00  0.0000000E+00  0.0000000E+00  0.0000000E+00  0.0000000E+00  0.0000000E+00
         1   257      2  0.5251035E-03 -0.2465549E-04  0.0000000E+00  0.0000000E+00 -0.3805308E-04  0.0000000E+00
         1   257      3  0.7877259E-03 -0.3699521E-04  0.0000000E+00  0.0000000E+00 -0.5741055E-04  0.0000000E+00
         1   257      4  0.1050396E-02 -0.4934305E-04  0.0000000E+00  0.0000000E+00 -0.7698912E-04  0.0000000E+00
         1   257      5  0.1313113E-02 -0.6169910E-04  0.0000000E+00  0.0000000E+00 -0.9678916E-04  0.0000000E+00
         1   257      6  0.1575878E-02 -0.7406347E-04  0.0000000E+00  0.0000000E+00 -0.1168110E-03  0.0000000E+00
         1   257      7  0.1838692E-02 -0.8643625E-04  0.0000000E+00  0.0000000E+00 -0.1370550E-03  0.0000000E+00
         1   257      8  0.2101554E-02 -0.9881755E-04  0.0000000E+00  0.0000000E+00 -0.1575216E-03  0.0000000E+00
         1   257      9  0.2364464E-02 -0.1112075E-03  0.0000000E+00  0.0000000E+00 -0.1782111E-03  0.0000000E+00
         1   257     10  0.3104265E-02 -0.7415714E-04  0.0000000E+00  0.0000000E+00  0.3407756E-01  0.1000000E-02

         1   258      0  0.0000000E+00  0.0000000E+00  0.0000000E+00  0.0000000E+00  0.0000000E+00  0.0000000E+00
         1   258      1  0.0000000E+00  0.0000000E+00  0.0000000E+00  0.0000000E+00  0.0000000E+00  0.0000000E+00
         1   258      2  0.5189396E-03 -0.2465549E-04  0.0000000E+00  0.0000000E+00 -0.3805312E-04  0.0000000E+00
         1   258      3  0.7784771E-03 -0.3699521E-04  0.0000000E+00  0.0000000E+00 -0.5741064E-04  0.0000000E+00
         1   258      4  0.1038060E-02 -0.4934305E-04  0.0000000E+00  0.0000000E+00 -0.7698929E-04  0.0000000E+00
         1   258      5  0.1297688E-02 -0.6169910E-04  0.0000000E+00  0.0000000E+00 -0.9678942E-04  0.0000000E+00
         1   258      6  0.1557363E-02 -0.7406347E-04  0.0000000E+00  0.0000000E+00 -0.1168114E-03  0.0000000E+00
         1   258      7  0.1817083E-02 -0.8643625E-04  0.0000000E+00  0.0000000E+00 -0.1370556E-03  0.0000000E+00
         1   258      8  0.2076849E-02 -0.9881755E-04  0.0000000E+00  0.0000000E+00 -0.1575223E-03  0.0000000E+00
         1   258      9  0.2336663E-02 -0.1112075E-03  0.0000000E+00  0.0000000E+00 -0.1782119E-03  0.0000000E+00
         1   258     10  0.3085736E-02 -0.7415714E-04  0.0000000E+00  0.0000000E+00  0.3412698E-01  0.1000000E-02

         1   259      0  0.0000000E+00  0.0000000E+00  0.0000000E+00  0.0000000E+00  0.0000000E+00  0.0000000E+00
         1   259      1  0.0000000E+00  0.0000000E+00  0.0000000E+00  0.0000000E+00  0.0000000E+00  0.0000000E+00
         1   259      2  0.5152412E-03 -0.2465760E-04  0.0000000E+00  0.0000000E+00 -0.3805314E-04  0.0000000E+00
         1   259      3  0.7729274E-03 -0.3699995E-04  0.0000000E+00  0.0000000E+00 -0.5741070E-04  0.0000000E+00
         1   259      4  0.1030658E-02 -0.4935148E-04  0.0000000E+00  0.0000000E+00 -0.7698939E-04  0.0000000E+00
         1   259      5  0.1288432E-02 -0.6171228E-04  0.0000000E+00  0.0000000E+00 -0.9678958E-04  0.0000000E+00
         1   259      6  0.1546252E-02 -0.7408245E-04  0.0000000E+00  0.0000000E+00 -0.1168116E-03  0.0000000E+00
         1   259      7  0.1804115E-02 -0.8646209E-04  0.0000000E+00  0.0000000E+00 -0.1370559E-03  0.0000000E+00
         1   259      8  0.2062024E-02 -0.9885131E-04  0.0000000E+00  0.0000000E+00 -0.1575227E-03  0.0000000E+00
         1   259      9  0.2319978E-02 -0.1112502E-03  0.0000000E+00  0.0000000E+00 -0.1782124E-03  0.0000000E+00
         1   259     10  0.3074613E-02 -0.7423193E-04  0.0000000E+00  0.0000000E+00  0.3415664E-01  0.1000000E-02

         1   260      0  0.0000000E+00  0.0000000E+00  0.0000000E+00  0.0000000E+00  0.0000000E+00  0.0000000E+00
         1   260      1  0.0000000E+00  0.0000000E+00  0.0000000E+00  0.0000000E+00  0.0000000E+00  0.0000000E+00
         1   260      2  0.5090768E-03 -0.2465760E-04  0.0000000E+00  0.0000000E+00 -0.3805319E-04  0.0000000E+00
         1   260      3  0.7636774E-03 -0.3699995E-04  0.0000000E+00  0.0000000E+00 -0.5741080E-04  0.0000000E+00
         1   260      4  0.1018320E-02 -0.4935148E-04  0.0000000E+00  0.0000000E+00 -0.7698956E-04  0.0000000E+00
         1   260      5  0.1273004E-02 -0.6171228E-04  0.0000000E+00  0.0000000E+00 -0.9678984E-04  0.0000000E+00
         1   260      6  0.1527731E-02 -0.7408245E-04  0.0000000E+00  0.0000000E+00 -0.1168120E-03  0.0000000E+00
         1   260      7  0.1782500E-02 -0.8646209E-04  0.0000000E+00  0.0000000E+00 -0.1370564E-03  0.0000000E+00
         1   260      8  0.2037311E-02 -0.9885131E-04  0.0000000E+00  0.0000000E+00 -0.1575234E-03  0.0000000E+00
         1   260      9  0.2292166E-02 -0.1112502E-03  0.0000000E+00  0.0000000E+00 -0.1782133E-03  0.0000000E+00
         1   260     10  0.3056065E-02 -0.7423193E-04  0.0000000E+00  0.0000000E+00  0.3420606E-01  0.1000000E-02

         1   261      0  0.0000000E+00  0.0000000E+00  0.0000000E+00  0.0000000E+00  0.0000000E+00  0.0000000E+00
         1   261      1  0.0000000E+00  0.0000000E+00  0.0000000E+00  0.0000000E+00  0.0000000E+00  0.0000000E+00
         1   261      2  0.5060893E-03  0.1267094E-04  0.0000000E+00  0.0000000E+00 -0.3804984E-04  0.0000000E+00
         1   261      3  0.7591905E-03  0.1899723E-04  0.0000000E+00  0.0000000E+00 -0.5740327E-04  0.0000000E+00
         1   261      4  0.1012330E-02  0.2531728E-04  0.0000000E+00  0.0000000E+00 -0.7697618E-04  0.0000000E+00
         1   261      5  0.1265507E-02  0.3163099E-04  0.0000000E+00  0.0000000E+00 -0.9676893E-04  0.0000000E+00
         1   261      6  0.1518723E-02  0.3793830E-04  0.0000000E+00  0.0000000E+00 -0.1167819E-03  0.0000000E+00
         1   261      7  0.1771976E-02  0.4423909E-04  0.0000000E+00  0.0000000E+00 -0.1370154E-03  0.0000000E+00
         1   261      8  0.2025269E-02  0.5053329E-04  0.0000000E+00  0.0000000E+00 -0.1574698E-03  0.0000000E+00
         1   261      9  0.2278600E-02  0.5682081E-04  0.0000000E+00  0.0000000E+00 -0.1781455E-03  0.0000000E+00
         1   261     10  0.3075223E-02  0.1511411E-03  0.0000000E+00  0.0000000E+00  0.3430503E-01  0.1000000E-02

         1   262      0  0.0000000E+00  0.0000000E+00  0.0000000E+00  0.0000000E+00  0.0000000E+00  0.0000000E+00
         1   262      1  0.0000000E+00  0.0000000E+00  0.0000000E+00  0.0000000E+00  0.0000000E+00  0.0000000E+00
         1   262      2  0.5218257E-03  0.5046828E-04  0.0000000E+00  0.0000000E+00 -0.3804654E-04  0.0000000E+00
         1   262      3  0.7827917E-03  0.7569726E-04  0.0000000E+00  0.0000000E+00 -0.5739585E-04  0.0000000E+00
         1   262      4  0.1043793E-02  0.1009227E-03  0.0000000E+00  0.0000000E+00 -0.7696298E-04  0.0000000E+00
         1   262      5  0.1304830E-02  0.1261445E-03  0.0000000E+00  0.0000000E+00 -0.9674831E-04  0.0000000E+00
         1   262      6  0.1565903E-02  0.1513627E-03  0.0000000E+00  0.0000000E+00 -0.1167522E-03  0.0000000E+00
         1   262      7  0.1827011E-02  0.1765770E-03  0.0000000E+00  0.0000000E+00 -0.1369750E-03  0.0000000E+00
         1   262      8  0.2088156E-02  0.2017875E-03  0.0000000E+00  0.0000000E+00 -0.1574170E-03  0.0000000E+00
         1   262      9  0.2349336E-02  0.2269940E-03  0.0000000E+00  0.0000000E+00 -0.1780786E-03  0.0000000E+00
         1   262     10  0.3208052E-02  0.3821009E-03  0.0000000E+00  0.0000000E+00  0.3440400E-01  0.1000000E-02

         1   263      0  0.0000000E+00  0.0000000E+00  0.0000000E+00  0.0000000E+00  0.0000000E+00  0.0000000E+00
         1   263      1  0.0000000E+00  0.0000000E+00  0.0000000E+00  0.0000000E+00  0.0000000E+00  0.0000000E+00
         1   263      2  0.5344428E-03  0.5046828E-04  0.0000000E+00  0.0000000E+00 -0.3804672E-04  0.0000000E+00
         1   263      3  0.8017160E-03  0.7569726E-04  0.0000000E+00  0.0000000E+00 -0.5739625E-04  0.0000000E+00
         1   263      4  0.1069024E-02  0.1009227E-03  0.0000000E+00  0.0000000E+00 -0.7696369E-04  0.0000000E+00
         1   263      5  0.1336366E-02  0.1261445E-03  0.0000000E+00  0.0000000E+00 -0.9674941E-04  0.0000000E+00
         1   263      6  0.1603744E-02  0.1513627E-03  0.0000000E+00  0.0000000E+00 -0.1167538E-03  0.0000000E+00
         1   263      7  0.1871156E-02  0.1765770E-03  0.0000000E+00  0.0000000E+00 -0.1369771E-03  0.0000000E+00
         1   263      8  0.2138603E-02  0.2017875E-03  0.0000000E+00  0.0000000E+00 -0.1574198E-03  0.0000000E+00
         1   263      9  0.2406085E-02  0.2269940E-03  0.0000000E+00  0.0000000E+00 -0.1780822E-03  0.0000000E+00
         1   263     10  0.3303524E-02  0.3821009E-03  0.0000000E+00  0.0000000E+00  0.3445342E-01  0.1000000E-02

         1   264      0  0.0000000E+00  0.0000000E+00  0.0000000E+00  0.0000000E+00  0.0000000E+00  0.0000000E+00
         1   264      1  0.0000000E+00  0.0000000E+00  0.0000000E+00  0.0000000E+00  0.0000000E+00  0.0000000E+00
         1   264      2  0.5420130E-03  0.5046828E-04  0.0000000E+00  0.0000000E+00 -0.3804683E-04  0.0000000E+00
         1   264      3  0.8130706E-03  0.7569726E-04  0.0000000E+00  0.0000000E+00 -0.5739648E-04  0.0000000E+00
         1   264      4  0.1084162E-02  0.1009227E-03  0.0000000E+00  0.0000000E+00 -0.7696412E-04  0.0000000E+00
         1   264      5  0.1355288E-02  0.1261445E-03  0.0000000E+00  0.0000000E+00 -0.9675008E-04  0.0000000E+00
         1   264      6  0.1626448E-02  0.1513627E-03  0.0000000E+00  0.0000000E+00 -0.1167547E-03  0.0000000E+00
         1   264      7  0.1897642E-02  0.1765770E-03  0.0000000E+00  0.0000000E+00 -0.1369784E-03  0.0000000E+00
         1   264      8  0.2168871E-02  0.2017875E-03  0.0000000E+00  0.0000000E+00 -0.1574215E-03  0.0000000E+00
         1   264      9  0.2440134E-02  0.2269940E-03  0.0000000E+00  0.0000000E+00 -0.1780844E-03  0.0000000E+00
         1   264     10  0.3360807E-02  0.3821009E-03  0.0000000E+00  0.0000000E+00  0.3448307E-01  0.1000000E-02

         1   265      0  0.0000000E+00  0.0000000E+00  0.0000000E+00  0.0000000E+00  0.0000000E+00  0.0000000E+00
         1   265      1  0.0000000E+00  0.0000000E+00  0.0000000E+00  0.0000000E+00  0.0000000E+00  0.0000000E+00
         1   265      2  0.5546301E-03  0.5046828E-04  0.0000000E+00  0.0000000E+00 -0.3804700E-04  0.0000000E+00
         1   265      3  0.8319949E-03  0.7569726E-04  0.0000000E+00  0.0000000E+00 -0.5739688E-04  0.0000000E+00
         1   265      4  0.1109393E-02  0.1009227E-03  0.0000000E+00  0.0000000E+00 -0.7696482E-04  0.0000000E+00
         1   265      5  0.1386824E-02  0.1261445E-03  0.0000000E+00  0.0000000E+00 -0.9675118E-04  0.0000000E+00
         1   265      6  0.1664289E-02  0.1513627E-03  0.0000000E+00  0.0000000E+00 -0.1167563E-03  0.0000000E+00
         1   265      7  0.1941787E-02  0.1765770E-03  0.0000000E+00  0.0000000E+00 -0.1369806E-03  0.0000000E+00
         1   265      8  0.2219318E-02  0.2017875E-03  0.0000000E+00  0.0000000E+00 -0.1574243E-03  0.0000000E+00
         1   265      9  0.2496883E-02  0.2269940E-03  0.0000000E+00  0.0000000E+00 -0.1780879E-03  0.0000000E+00
         1   265     10  0.3456279E-02  0.3821009E-03  0.0000000E+00  0.0000000E+00  0.3453248E-01  0.1000000E-02

         1   266      0  0.0000000E+00  0.0000000E+00  0.0000000E+00  0.0000000E+00  0.0000000E+00  0.0000000E+00
         1   266      1  0.0000000E+00  0.0000000E+00  0.0000000E+00  0.0000000E+00  0.0000000E+00  0.0000000E+00
         1   266      2  0.7828869E-03  0.4675913E-04  0.0000000E+00  0.0000000E+00 -0.1148212E-03  0.0000000E+00
         1   266      3  0.1174361E-02  0.7013308E-04  0.0000000E+00  0.0000000E+00 -0.1725659E-03  0.0000000E+00
         1   266      4  0.1565855E-02  0.9350319E-04  0.0000000E+00  0.0000000E+00 -0.2305337E-03  0.0000000E+00
         1   266      5  0.1957368E-02  0.1168694E-03  0.0000000E+00  0.0000000E+00 -0.2887252E-03  0.0000000E+00
         1   266      6  0.2348901E-02  0.1402316E-03  0.0000000E+00  0.0000000E+00 -0.3471405E-03  0.0000000E+00
         1   266      7  0.2740453E-02  0.1635896E-03  0.0000000E+00  0.0000000E+00 -0.4057800E-03  0.0000000E+00
         1   266      8  0.3132024E-02  0.1869436E-03  0.0000000E+00  0.0000000E+00 -0.4646441E-03  0.0000000E+00
         1   266      9  0.3523613E-02  0.2102933E-03  0.0000000E+00  0.0000000E+00 -0.5237331E-03  0.0000000E+00
         1   266     10  0.5460984E-02  0.4721164E-03  0.0000000E+00  0.0000000E+00  0.3495216E-01  0.1000000E-02

         1   267      0  0.0000000E+00  0.0000000E+00  0.0000000E+00  0.0000000E+00  0.0000000E+00  0.0000000E+00
         1   267      1  0.0000000E+00  0.0000000E+00  0.0000000E+00  0.0000000E+00  0.0000000E+00  0.0000000E+00
         1   267      2  0.7945766E-03  0.4675913E-04  0.0000000E+00  0.0000000E+00 -0.1148213E-03  0.0000000E+00
         1   267      3  0.1191894E-02  0.7013308E-04  0.0000000E+00  0.0000000E+00 -0.1725662E-03  0.0000000E+00
         1   267      4  0.1589231E-02  0.9350319E-04  0.0000000E+00  0.0000000E+00 -0.2305344E-03  0.0000000E+00
         1   267      5  0.1986586E-02  0.1168694E-03  0.0000000E+00  0.0000000E+00 -0.2887261E-03  0.0000000E+00
         1   267      6  0.2383959E-02  0.1402316E-03  0.0000000E+00  0.0000000E+00 -0.3471419E-03  0.0000000E+00
         1   267      7  0.2781351E-02  0.1635896E-03  0.0000000E+00  0.0000000E+00 -0.4057819E-03  0.0000000E+00
         1   267      8  0.3178760E-02  0.1869436E-03  0.0000000E+00  0.0000000E+00 -0.4646465E-03  0.0000000E+00
         1   267      9  0.3576186E-02  0.2102933E-03  0.0000000E+00  0.0000000E+00 -0.5237362E-03  0.0000000E+00
         1   267     10  0.5578947E-02  0.4721164E-03  0.0000000E+00  0.0000000E+00  0.3500157E-01  0.1000000E-02

         1   268      0  0.0000000E+00  0.0000000E+00  0.0000000E+00  0.0000000E+00  0.0000000E+00  0.0000000E+00
         1   268      1  0.0000000E+00  0.0000000E+00  0.0000000E+00  0.0000000E+00  0.0000000E+00  0.0000000E+00
         1   268      2  0.8015915E-03  0.4677298E-04  0.0000000E+00  0.0000000E+00 -0.1148214E-03  0.0000000E+00
         1   268      3  0.1202416E-02  0.7016425E-04  0.0000000E+00  0.0000000E+00 -0.1725664E-03  0.0000000E+00
         1   268      4  0.1603260E-02  0.9355861E-04  0.0000000E+00  0.0000000E+00 -0.2305347E-03  0.0000000E+00
         1   268      5  0.2004123E-02  0.1169560E-03  0.0000000E+00  0.0000000E+00 -0.2887267E-03  0.0000000E+00
         1   268      6  0.2405003E-02  0.1403562E-03  0.0000000E+00  0.0000000E+00 -0.3471427E-03  0.0000000E+00
         1   268      7  0.2805902E-02  0.1637594E-03  0.0000000E+00  0.0000000E+00 -0.4057830E-03  0.0000000E+00
         1   268      8  0.3206818E-02  0.1871653E-03  0.0000000E+00  0.0000000E+00 -0.4646480E-03  0.0000000E+00
         1   268      9  0.3607751E-02  0.2105739E-03  0.0000000E+00  0.0000000E+00 -0.5237380E-03  0.0000000E+00
         1   268     10  0.5649777E-02  0.4728019E-03  0.0000000E+00  0.0000000E+00  0.3503121E-01  0.1000000E-02

         1   269      0  0.0000000E+00  0.0000000E+00  0.0000000E+00  0.0000000E+00  0.0000000E+00  0.0000000E+00
         1   269      1  0.0000000E+00  0.0000000E+00  0.0000000E+00  0.0000000E+00  0.0000000E+00  0.0000000E+00
         1   269      2  0.8132848E-03  0.4677298E-04  0.0000000E+00  0.0000000E+00 -0.1148216E-03  0.0000000E+00
         1   269      3  0.1219957E-02  0.7016425E-04  0.0000000E+00  0.0000000E+00 -0.1725667E-03  0.0000000E+00
         1   269      4  0.1626650E-02  0.9355861E-04  0.0000000E+00  0.0000000E+00 -0.2305353E-03  0.0000000E+00
         1   269      5  0.2033362E-02  0.1169560E-03  0.0000000E+00  0.0000000E+00 -0.2887276E-03  0.0000000E+00
         1   269      6  0.2440092E-02  0.1403562E-03  0.0000000E+00  0.0000000E+00 -0.3471440E-03  0.0000000E+00
         1   269      7  0.2846842E-02  0.1637594E-03  0.0000000E+00  0.0000000E+00 -0.4057849E-03  0.0000000E+00
         1   269      8  0.3253609E-02  0.1871653E-03  0.0000000E+00  0.0000000E+00 -0.4646504E-03  0.0000000E+00
         1   269      9  0.3660395E-02  0.2105739E-03  0.0000000E+00  0.0000000E+00 -0.5237411E-03  0.0000000E+00
         1   269     10  0.5767911E-02  0.4728019E-03  0.0000000E+00  0.0000000E+00  0.3508062E-01  0.1000000E-02

         1   270      0  0.0000000E+00  0.0000000E+00  0.0000000E+00  0.0000000E+00  0.0000000E+00  0.0000000E+00
         1   270      1  0.0000000E+00  0.0000000E+00  0.0000000E+00  0.0000000E+00  0.0000000E+00  0.0000000E+00
         1   270      2  0.8201180E-03 -0.1953225E-04  0.0000000E+00  0.0000000E+00 -0.1148313E-03  0.0000000E+00
         1   270      3  0.1230209E-02 -0.2929613E-04  0.0000000E+00  0.0000000E+00 -0.1725887E-03  0.0000000E+00
         1   270      4  0.1640321E-02 -0.3905858E-04  0.0000000E+00  0.0000000E+00 -0.2305744E-03  0.0000000E+00
         1   270      5  0.2050453E-02 -0.4881965E-04  0.0000000E+00  0.0000000E+00 -0.2887886E-03  0.0000000E+00
         1   270      6  0.2460606E-02 -0.5857938E-04  0.0000000E+00  0.0000000E+00 -0.3472319E-03  0.0000000E+00
         1   270      7  0.2870778E-02 -0.6833783E-04  0.0000000E+00  0.0000000E+00 -0.4059044E-03  0.0000000E+00
         1   270      8  0.3280969E-02 -0.7809504E-04  0.0000000E+00  0.0000000E+00 -0.4648066E-03  0.0000000E+00
         1   270      9  0.3691179E-02 -0.8785106E-04  0.0000000E+00  0.0000000E+00 -0.5239388E-03  0.0000000E+00
         1   270     10  0.5886417E-02 -0.1168120E-06  0.0000000E+00  0.0000000E+00  0.3517897E-01  0.1000000E-02

         1   271      0  0.0000000E+00  0.0000000E+00  0.0000000E+00  0.0000000E+00  0.0000000E+00  0.0000000E+00
         1   271      1  0.0000000E+00  0.0000000E+00  0.0000000E+00  0.0000000E+00  0.0000000E+00  0.0000000E+00
         1   271      2  0.7938840E-03 -0.8504993E-04  0.0000000E+00  0.0000000E+00 -0.1148412E-03  0.0000000E+00
         1   271      3  0.1190858E-02 -0.1275753E-03  0.0000000E+00  0.0000000E+00 -0.1726109E-03  0.0000000E+00
         1   271      4  0.1587854E-02 -0.1701009E-03  0.0000000E+00  0.0000000E+00 -0.2306139E-03  0.0000000E+00
         1   271      5  0.1984871E-02 -0.2126268E-03  0.0000000E+00  0.0000000E+00 -0.2888504E-03  0.0000000E+00
         1   271      6  0.2381907E-02 -0.2551531E-03  0.0000000E+00  0.0000000E+00 -0.3473209E-03  0.0000000E+00
         1   271      7  0.2778964E-02 -0.2976796E-03  0.0000000E+00  0.0000000E+00 -0.4060256E-03  0.0000000E+00
         1   271      8  0.3176040E-02 -0.3402065E-03  0.0000000E+00  0.0000000E+00 -0.4649648E-03  0.0000000E+00
         1   271      9  0.3573135E-02 -0.3827338E-03  0.0000000E+00  0.0000000E+00 -0.5241391E-03  0.0000000E+00
         1   271     10  0.5767796E-02 -0.4730308E-03  0.0000000E+00  0.0000000E+00  0.3527732E-01  0.1000000E-02

         1   272      0  0.0000000E+00  0.0000000E+00  0.0000000E+00  0.0000000E+00  0.0000000E+00  0.0000000E+00
         1   272      1  0.0000000E+00  0.0000000E+00  0.0000000E+00  0.0000000E+00  0.0000000E+00  0.0000000E+00
         1   272      2  0.7726215E-03 -0.8504993E-04  0.0000000E+00  0.0000000E+00 -0.1148417E-03  0.0000000E+00
         1   272      3  0.1158965E-02 -0.1275753E-03  0.0000000E+00  0.0000000E+00 -0.1726121E-03  0.0000000E+00
         1   272      4  0.1545329E-02 -0.1701009E-03  0.0000000E+00  0.0000000E+00 -0.2306159E-03  0.0000000E+00
         1   272      5  0.1931714E-02 -0.2126268E-03  0.0000000E+00  0.0000000E+00 -0.2888536E-03  0.0000000E+00
         1   272      6  0.2318119E-02 -0.2551531E-03  0.0000000E+00  0.0000000E+00 -0.3473254E-03  0.0000000E+00
         1   272      7  0.2704544E-02 -0.2976796E-03  0.0000000E+00  0.0000000E+00 -0.4060317E-03  0.0000000E+00
         1   272      8  0.3090988E-02 -0.3402065E-03  0.0000000E+00  0.0000000E+00 -0.4649729E-03  0.0000000E+00
         1   272      9  0.3477451E-02 -0.3827338E-03  0.0000000E+00  0.0000000E+00 -0.5241492E-03  0.0000000E+00
         1   272     10  0.5649603E-02 -0.4730308E-03  0.0000000E+00  0.0000000E+00  0.3532673E-01  0.1000000E-02

         1   273      0  0.0000000E+00  0.0000000E+00  0.0000000E+00  0.0000000E+00  0.0000000E+00  0.0000000E+00
         1   273      1  0.0000000E+00  0.0000000E+00  0.0000000E+00  0.0000000E+00  0.0000000E+00  0.0000000E+00
         1   273      2  0.7598640E-03 -0.8504993E-04  0.0000000E+00  0.0000000E+00 -0.1148420E-03  0.0000000E+00
         1   273      3  0.1139828E-02 -0.1275753E-03  0.0000000E+00  0.0000000E+00 -0.1726128E-03  0.0000000E+00
         1   273      4  0.1519814E-02 -0.1701009E-03  0.0000000E+00  0.0000000E+00 -0.2306171E-03  0.0000000E+00
         1   273      5  0.1899820E-02 -0.2126268E-03  0.0000000E+00  0.0000000E+00 -0.2888555E-03  0.0000000E+00
         1   273      6  0.2279846E-02 -0.2551531E-03  0.0000000E+00  0.0000000E+00 -0.3473281E-03  0.0000000E+00
         1   273      7  0.2659892E-02 -0.2976796E-03  0.0000000E+00  0.0000000E+00 -0.4060354E-03  0.0000000E+00
         1   273      8  0.3039957E-02 -0.3402065E-03  0.0000000E+00  0.0000000E+00 -0.4649777E-03  0.0000000E+00
         1   273      9  0.3420041E-02 -0.3827338E-03  0.0000000E+00  0.0000000E+00 -0.5241553E-03  0.0000000E+00
         1   273     10  0.5578688E-02 -0.4730308E-03  0.0000000E+00  0.0000000E+00  0.3535637E-01  0.1000000E-02

         1   274      0  0.0000000E+00  0.0000000E+00  0.0000000E+00  0.0000000E+00  0.0000000E+00  0.0000000E+00
         1   274      1  0.0000000E+00  0.0000000E+00  0.0000000E+00  0.0000000E+00  0.0000000E+00  0.0000000E+00
         1   274      2  0.7386015E-03 -0.8504993E-04  0.0000000E+00  0.0000000E+00 -0.1148425E-03  0.0000000E+00
         1   274      3  0.1107935E-02 -0.1275753E-03  0.0000000E+00  0.0000000E+00 -0.1726139E-03  0.0000000E+00
         1   274      4  0.1477289E-02 -0.1701009E-03  0.0000000E+00  0.0000000E+00 -0.2306191E-03  0.0000000E+00
         1   274      5  0.1846663E-02 -0.2126268E-03  0.0000000E+00  0.0000000E+00 -0.2888586E-03  0.0000000E+00
         1   274      6  0.2216058E-02 -0.2551531E-03  0.0000000E+00  0.0000000E+00 -0.3473326E-03  0.0000000E+00
         1   274      7  0.2585472E-02 -0.2976796E-03  0.0000000E+00  0.0000000E+00 -0.4060416E-03  0.0000000E+00
         1   274      8  0.2954905E-02 -0.3402065E-03  0.0000000E+00  0.0000000E+00 -0.4649857E-03  0.0000000E+00
         1   274      9  0.3324358E-02 -0.3827338E-03  0.0000000E+00  0.0000000E+00 -0.5241655E-03  0.0000000E+00
         1   274     10  0.5460496E-02 -0.4730308E-03  0.0000000E+00  0.0000000E+00  0.3540578E-01  0.1000000E-02

         1   275      0  0.0000000E+00  0.0000000E+00  0.0000000E+00  0.0000000E+00  0.0000000E+00  0.0000000E+00
         1   275      1  0.0000000E+00  0.0000000E+00  0.0000000E+00  0.0000000E+00  0.0000000E+00  0.0000000E+00
         1   275      2  0.3322944E-03 -0.8802040E-04  0.0000000E+00  0.0000000E+00 -0.1763196E-03  0.0000000E+00
         1   275      3  0.4984613E-03 -0.1320318E-03  0.0000000E+00  0.0000000E+00 -0.2648404E-03  0.0000000E+00
         1   275      4  0.6646407E-03 -0.1760441E-03  0.0000000E+00  0.0000000E+00 -0.3536022E-03  0.0000000E+00
         1   275      5  0.8308320E-03 -0.2200573E-03  0.0000000E+00  0.0000000E+00 -0.4426053E-03  0.0000000E+00
         1   275      6  0.9970347E-03 -0.2640713E-03  0.0000000E+00  0.0000000E+00 -0.5318500E-03  0.0000000E+00
         1   275      7  0.1163248E-02 -0.3080862E-03  0.0000000E+00  0.0000000E+00 -0.6213366E-03  0.0000000E+00
         1   275      8  0.1329473E-02 -0.3521021E-03  0.0000000E+00  0.0000000E+00 -0.7110654E-03  0.0000000E+00
         1   275      9  0.1495707E-02 -0.3961188E-03  0.0000000E+00  0.0000000E+00 -0.8010367E-03  0.0000000E+00
         1   275     10  0.3451534E-02 -0.3830009E-03  0.0000000E+00  0.0000000E+00  0.3582576E-01  0.1000000E-02

         1   276      0  0.0000000E+00  0.0000000E+00  0.0000000E+00  0.0000000E+00  0.0000000E+00  0.0000000E+00
         1   276      1  0.0000000E+00  0.0000000E+00  0.0000000E+00  0.0000000E+00  0.0000000E+00  0.0000000E+00
         1   276      2  0.3102893E-03 -0.8802040E-04  0.0000000E+00  0.0000000E+00 -0.1763201E-03  0.0000000E+00
         1   276      3  0.4654534E-03 -0.1320318E-03  0.0000000E+00  0.0000000E+00 -0.2648416E-03  0.0000000E+00
         1   276      4  0.6206296E-03 -0.1760441E-03  0.0000000E+00  0.0000000E+00 -0.3536043E-03  0.0000000E+00
         1   276      5  0.7758177E-03 -0.2200573E-03  0.0000000E+00  0.0000000E+00 -0.4426086E-03  0.0000000E+00
         1   276      6  0.9310169E-03 -0.2640713E-03  0.0000000E+00  0.0000000E+00 -0.5318548E-03  0.0000000E+00
         1   276      7  0.1086227E-02 -0.3080862E-03  0.0000000E+00  0.0000000E+00 -0.6213432E-03  0.0000000E+00
         1   276      8  0.1241447E-02 -0.3521021E-03  0.0000000E+00  0.0000000E+00 -0.7110740E-03  0.0000000E+00
         1   276      9  0.1396677E-02 -0.3961188E-03  0.0000000E+00  0.0000000E+00 -0.8010476E-03  0.0000000E+00
         1   276     10  0.3355837E-02 -0.3830009E-03  0.0000000E+00  0.0000000E+00  0.3587517E-01  0.1000000E-02

         1   277      0  0.0000000E+00  0.0000000E+00  0.0000000E+00  0.0000000E+00  0.0000000E+00  0.0000000E+00
         1   277      1  0.0000000E+00  0.0000000E+00  0.0000000E+00  0.0000000E+00  0.0000000E+00  0.0000000E+00
         1   277      2  0.2970862E-03 -0.8802112E-04  0.0000000E+00  0.0000000E+00 -0.1763205E-03  0.0000000E+00
         1   277      3  0.4456485E-03 -0.1320335E-03  0.0000000E+00  0.0000000E+00 -0.2648423E-03  0.0000000E+00
         1   277      4  0.5942228E-03 -0.1760470E-03  0.0000000E+00  0.0000000E+00 -0.3536056E-03  0.0000000E+00
         1   277      5  0.7428087E-03 -0.2200618E-03  0.0000000E+00  0.0000000E+00 -0.4426107E-03  0.0000000E+00
         1   277      6  0.8914057E-03 -0.2640779E-03  0.0000000E+00  0.0000000E+00 -0.5318577E-03  0.0000000E+00
         1   277      7  0.1040013E-02 -0.3080952E-03  0.0000000E+00  0.0000000E+00 -0.6213471E-03  0.0000000E+00
         1   277      8  0.1188631E-02 -0.3521137E-03  0.0000000E+00  0.0000000E+00 -0.7110792E-03  0.0000000E+00
         1   277      9  0.1337258E-02 -0.3961336E-03  0.0000000E+00  0.0000000E+00 -0.8010541E-03  0.0000000E+00
         1   277     10  0.3298412E-02 -0.3830882E-03  0.0000000E+00  0.0000000E+00  0.3590482E-01  0.1000000E-02

         1   278      0  0.0000000E+00  0.0000000E+00  0.0000000E+00  0.0000000E+00  0.0000000E+00  0.0000000E+00
         1   278      1  0.0000000E+00  0.0000000E+00  0.0000000E+00  0.0000000E+00  0.0000000E+00  0.0000000E+00
         1   278      2  0.2750809E-03 -0.8802112E-04  0.0000000E+00  0.0000000E+00 -0.1763210E-03  0.0000000E+00
         1   278      3  0.4126401E-03 -0.1320335E-03  0.0000000E+00  0.0000000E+00 -0.2648435E-03  0.0000000E+00
         1   278      4  0.5502110E-03 -0.1760470E-03  0.0000000E+00  0.0000000E+00 -0.3536078E-03  0.0000000E+00
         1   278      5  0.6877933E-03 -0.2200618E-03  0.0000000E+00  0.0000000E+00 -0.4426140E-03  0.0000000E+00
         1   278      6  0.8253862E-03 -0.2640779E-03  0.0000000E+00  0.0000000E+00 -0.5318626E-03  0.0000000E+00
         1   278      7  0.9629895E-03 -0.3080952E-03  0.0000000E+00  0.0000000E+00 -0.6213537E-03  0.0000000E+00
         1   278      8  0.1100602E-02 -0.3521137E-03  0.0000000E+00  0.0000000E+00 -0.7110878E-03  0.0000000E+00
         1   278      9  0.1238225E-02 -0.3961336E-03  0.0000000E+00  0.0000000E+00 -0.8010650E-03  0.0000000E+00
         1   278     10  0.3202693E-02 -0.3830882E-03  0.0000000E+00  0.0000000E+00  0.3595424E-01  0.1000000E-02

         1   279      0  0.0000000E+00  0.0000000E+00  0.0000000E+00  0.0000000E+00  0.0000000E+00  0.0000000E+00
         1   279      1  0.0000000E+00  0.0000000E+00  0.0000000E+00  0.0000000E+00  0.0000000E+00  0.0000000E+00
         1   279      2  0.2358879E-03 -0.6923235E-04  0.0000000E+00  0.0000000E+00 -0.1763210E-03  0.0000000E+00
         1   279      3  0.3538501E-03 -0.1038490E-03  0.0000000E+00  0.0000000E+00 -0.2648435E-03  0.0000000E+00
         1   279      4  0.4718236E-03 -0.1384659E-03  0.0000000E+00  0.0000000E+00 -0.3536078E-03  0.0000000E+00
         1   279      5  0.5898080E-03 -0.1730833E-03  0.0000000E+00  0.0000000E+00 -0.4426140E-03  0.0000000E+00
         1   279      6  0.7078027E-03 -0.2077012E-03  0.0000000E+00  0.0000000E+00 -0.5318626E-03  0.0000000E+00
         1   279      7  0.8258072E-03 -0.2423195E-03  0.0000000E+00  0.0000000E+00 -0.6213538E-03  0.0000000E+00
         1   279      8  0.9438210E-03 -0.2769385E-03  0.0000000E+00  0.0000000E+00 -0.7110878E-03  0.0000000E+00
         1   279      9  0.1061843E-02 -0.3115581E-03  0.0000000E+00  0.0000000E+00 -0.8010650E-03  0.0000000E+00
         1   279     10  0.3069269E-02 -0.1525443E-03  0.0000000E+00  0.0000000E+00  0.3605321E-01  0.1000000E-02

         1   280      0  0.0000000E+00  0.0000000E+00  0.0000000E+00  0.0000000E+00  0.0000000E+00  0.0000000E+00
         1   280      1  0.0000000E+00  0.0000000E+00  0.0000000E+00  0.0000000E+00  0.0000000E+00  0.0000000E+00
         1   280      2  0.2054222E-03 -0.5300499E-04  0.0000000E+00  0.0000000E+00 -0.1763209E-03  0.0000000E+00
         1   280      3  0.3081516E-03 -0.7950658E-04  0.0000000E+00  0.0000000E+00 -0.2648433E-03  0.0000000E+00
         1   280      4  0.4108923E-03 -0.1060077E-03  0.0000000E+00  0.0000000E+00 -0.3536073E-03  0.0000000E+00
         1   280      5  0.5136440E-03 -0.1325084E-03  0.0000000E+00  0.0000000E+00 -0.4426133E-03  0.0000000E+00
         1   280      6  0.6164059E-03 -0.1590089E-03  0.0000000E+00  0.0000000E+00 -0.5318615E-03  0.0000000E+00
         1   280      7  0.7191776E-03 -0.1855091E-03  0.0000000E+00  0.0000000E+00 -0.6213523E-03  0.0000000E+00
         1   280      8  0.8219584E-03 -0.2120092E-03  0.0000000E+00  0.0000000E+00 -0.7110859E-03  0.0000000E+00
         1   280      9  0.9247478E-03 -0.2385094E-03  0.0000000E+00  0.0000000E+00 -0.8010626E-03  0.0000000E+00
         1   280     10  0.3049295E-02  0.7236110E-04  0.0000000E+00  0.0000000E+00  0.3615218E-01  0.1000000E-02

         1   281      0  0.0000000E+00  0.0000000E+00  0.0000000E+00  0.0000000E+00  0.0000000E+00  0.0000000E+00
         1   281      1  0.0000000E+00  0.0000000E+00  0.0000000E+00  0.0000000E+00  0.0000000E+00  0.0000000E+00
         1   281      2  0.1921709E-03 -0.5300499E-04  0.0000000E+00  0.0000000E+00 -0.1763211E-03  0.0000000E+00
         1   281      3  0.2882749E-03 -0.7950658E-04  0.0000000E+00  0.0000000E+00 -0.2648437E-03  0.0000000E+00
         1   281      4  0.3843904E-03 -0.1060077E-03  0.0000000E+00  0.0000000E+00 -0.3536081E-03  0.0000000E+00
         1   281      5  0.4805169E-03 -0.1325084E-03  0.0000000E+00  0.0000000E+00 -0.4426145E-03  0.0000000E+00
         1   281      6  0.5766537E-03 -0.1590089E-03  0.0000000E+00  0.0000000E+00 -0.5318633E-03  0.0000000E+00
         1   281      7  0.6728003E-03 -0.1855091E-03  0.0000000E+00  0.0000000E+00 -0.6213547E-03  0.0000000E+00
         1   281      8  0.7689561E-03 -0.2120092E-03  0.0000000E+00  0.0000000E+00 -0.7110890E-03  0.0000000E+00
         1   281      9  0.8651204E-03 -0.2385094E-03  0.0000000E+00  0.0000000E+00 -0.8010666E-03  0.0000000E+00
         1   281     10  0.3067376E-02  0.7236110E-04  0.0000000E+00  0.0000000E+00  0.3620160E-01  0.1000000E-02

         1   282      0  0.0000000E+00  0.0000000E+00  0.0000000E+00  0.0000000E+00  0.0000000E+00  0.0000000E+00
         1   282      1  0.0000000E+00  0.0000000E+00  0.0000000E+00  0.0000000E+00  0.0000000E+00  0.0000000E+00
         1   282      2  0.1842202E-03 -0.5300499E-04  0.0000000E+00  0.0000000E+00 -0.1763212E-03  0.0000000E+00
         1   282      3  0.2763489E-03 -0.7950658E-04  0.0000000E+00  0.0000000E+00 -0.2648440E-03  0.0000000E+00
         1   282      4  0.3684893E-03 -0.1060077E-03  0.0000000E+00  0.0000000E+00 -0.3536085E-03  0.0000000E+00
         1   282      5  0.4606406E-03 -0.1325084E-03  0.0000000E+00  0.0000000E+00 -0.4426152E-03  0.0000000E+00
         1   282      6  0.5528024E-03 -0.1590089E-03  0.0000000E+00  0.0000000E+00 -0.5318643E-03  0.0000000E+00
         1   282      7  0.6449739E-03 -0.1855091E-03  0.0000000E+00  0.0000000E+00 -0.6213561E-03  0.0000000E+00
         1   282      8  0.7371547E-03 -0.2120092E-03  0.0000000E+00  0.0000000E+00 -0.7110909E-03  0.0000000E+00
         1   282      9  0.8293440E-03 -0.2385094E-03  0.0000000E+00  0.0000000E+00 -0.8010689E-03  0.0000000E+00
         1   282     10  0.3078224E-02  0.7236110E-04  0.0000000E+00  0.0000000E+00  0.3623126E-01  0.1000000E-02

         1   283      0  0.0000000E+00  0.0000000E+00  0.0000000E+00  0.0000000E+00  0.0000000E+00  0.0000000E+00
         1   283      1  0.0000000E+00  0.0000000E+00  0.0000000E+00  0.0000000E+00  0.0000000E+00  0.0000000E+00
         1   283      2  0.1709689E-03 -0.5300499E-04  0.0000000E+00  0.0000000E+00 -0.1763214E-03  0.0000000E+00
         1   283      3  0.2564723E-03 -0.7950658E-04  0.0000000E+00  0.0000000E+00 -0.2648444E-03  0.0000000E+00
         1   283      4  0.3419873E-03 -0.1060077E-03  0.0000000E+00  0.0000000E+00 -0.3536093E-03  0.0000000E+00
         1   283      5  0.4275135E-03 -0.1325084E-03  0.0000000E+00  0.0000000E+00 -0.4426165E-03  0.0000000E+00
         1   283      6  0.5130501E-03 -0.1590089E-03  0.0000000E+00  0.0000000E+00 -0.5318661E-03  0.0000000E+00
         1   283      7  0.5985966E-03 -0.1855091E-03  0.0000000E+00  0.0000000E+00 -0.6213585E-03  0.0000000E+00
         1   283      8  0.6841524E-03 -0.2120092E-03  0.0000000E+00  0.0000000E+00 -0.7110940E-03  0.0000000E+00
         1   283      9  0.7697167E-03 -0.2385094E-03  0.0000000E+00  0.0000000E+00 -0.8010729E-03  0.0000000E+00
         1   283     10  0.3096304E-02  0.7236110E-04  0.0000000E+00  0.0000000E+00  0.3628068E-01  0.1000000E-02

         1   284      0  0.0000000E+00  0.0000000E+00  0.0000000E+00  0.0000000E+00  0.0000000E+00  0.0000000E+00
         1   284      1  0.0000000E+00  0.0000000E+00  0.0000000E+00  0.0000000E+00  0.0000000E+00  0.0000000E+00
         1   284      2 -0.7850073E-04 -0.5326175E-04  0.0000000E+00  0.0000000E+00 -0.1816325E-03  0.0000000E+00
         1   284      3 -0.1177294E-03 -0.7989211E-04  0.0000000E+00  0.0000000E+00 -0.2728162E-03  0.0000000E+00
         1   284      4 -0.1569449E-03 -0.1065222E-03  0.0000000E+00  0.0000000E+00 -0.3642450E-03  0.0000000E+00
         1   284      5 -0.1961484E-03 -0.1331522E-03  0.0000000E+00  0.0000000E+00 -0.4559193E-03  0.0000000E+00
         1   284      6 -0.2353410E-03 -0.1597821E-03  0.0000000E+00  0.0000000E+00 -0.5478391E-03  0.0000000E+00
         1   284      7 -0.2745236E-03 -0.1864121E-03  0.0000000E+00  0.0000000E+00 -0.6400046E-03  0.0000000E+00
         1   284      8 -0.3136973E-03 -0.2130422E-03  0.0000000E+00  0.0000000E+00 -0.7324162E-03  0.0000000E+00
         1   284      9 -0.3528632E-03 -0.2396725E-03  0.0000000E+00  0.0000000E+00 -0.8250739E-03  0.0000000E+00
         1   284     10  0.3661254E-02  0.1683815E-03  0.0000000E+00  0.0000000E+00  0.3682445E-01  0.1000000E-02

         1   285      0  0.0000000E+00  0.0000000E+00  0.0000000E+00  0.0000000E+00  0.0000000E+00  0.0000000E+00
         1   285      1  0.0000000E+00  0.0000000E+00  0.0000000E+00  0.0000000E+00  0.0000000E+00  0.0000000E+00
         1   285      2 -0.9181617E-04 -0.5326175E-04  0.0000000E+00  0.0000000E+00 -0.1816327E-03  0.0000000E+00
         1   285      3 -0.1377024E-03 -0.7989211E-04  0.0000000E+00  0.0000000E+00 -0.2728166E-03  0.0000000E+00
         1   285      4 -0.1835755E-03 -0.1065222E-03  0.0000000E+00  0.0000000E+00 -0.3642458E-03  0.0000000E+00
         1   285      5 -0.2294365E-03 -0.1331522E-03  0.0000000E+00  0.0000000E+00 -0.4559205E-03  0.0000000E+00
         1   285      6 -0.2752865E-03 -0.1597821E-03  0.0000000E+00  0.0000000E+00 -0.5478408E-03  0.0000000E+00
         1   285      7 -0.3211266E-03 -0.1864121E-03  0.0000000E+00  0.0000000E+00 -0.6400071E-03  0.0000000E+00
         1   285      8 -0.3669578E-03 -0.2130422E-03  0.0000000E+00  0.0000000E+00 -0.7324193E-03  0.0000000E+00
         1   285      9 -0.4127813E-03 -0.2396725E-03  0.0000000E+00  0.0000000E+00 -0.8250779E-03  0.0000000E+00
         1   285     10  0.3703326E-02  0.1683815E-03  0.0000000E+00  0.0000000E+00  0.3687387E-01  0.1000000E-02

         1   286      0  0.0000000E+00  0.0000000E+00  0.0000000E+00  0.0000000E+00  0.0000000E+00  0.0000000E+00
         1   286      1  0.0000000E+00  0.0000000E+00  0.0000000E+00  0.0000000E+00  0.0000000E+00  0.0000000E+00
         1   286      2 -0.9980544E-04 -0.5326177E-04  0.0000000E+00  0.0000000E+00 -0.1816328E-03  0.0000000E+00
         1   286      3 -0.1496862E-03 -0.7989215E-04  0.0000000E+00  0.0000000E+00 -0.2728169E-03  0.0000000E+00
         1   286      4 -0.1995538E-03 -0.1065223E-03  0.0000000E+00  0.0000000E+00 -0.3642463E-03  0.0000000E+00
         1   286      5 -0.2494093E-03 -0.1331523E-03  0.0000000E+00  0.0000000E+00 -0.4559212E-03  0.0000000E+00
         1   286      6 -0.2992538E-03 -0.1597823E-03  0.0000000E+00  0.0000000E+00 -0.5478419E-03  0.0000000E+00
         1   286      7 -0.3490884E-03 -0.1864123E-03  0.0000000E+00  0.0000000E+00 -0.6400085E-03  0.0000000E+00
         1   286      8 -0.3989142E-03 -0.2130425E-03  0.0000000E+00  0.0000000E+00 -0.7324212E-03  0.0000000E+00
         1   286      9 -0.4487322E-03 -0.2396729E-03  0.0000000E+00  0.0000000E+00 -0.8250803E-03  0.0000000E+00
         1   286     10  0.3728567E-02  0.1683514E-03  0.0000000E+00  0.0000000E+00  0.3690353E-01  0.1000000E-02

         1   287      0  0.0000000E+00  0.0000000E+00  0.0000000E+00  0.0000000E+00  0.0000000E+00  0.0000000E+00
         1   287      1  0.0000000E+00  0.0000000E+00  0.0000000E+00  0.0000000E+00  0.0000000E+00  0.0000000E+00
         1   287      2 -0.1131209E-03 -0.5326177E-04  0.0000000E+00  0.0000000E+00 -0.1816330E-03  0.0000000E+00
         1   287      3 -0.1696593E-03 -0.7989215E-04  0.0000000E+00  0.0000000E+00 -0.2728173E-03  0.0000000E+00
         1   287      4 -0.2261844E-03 -0.1065223E-03  0.0000000E+00  0.0000000E+00 -0.3642471E-03  0.0000000E+00
         1   287      5 -0.2826974E-03 -0.1331523E-03  0.0000000E+00  0.0000000E+00 -0.4559225E-03  0.0000000E+00
         1   287      6 -0.3391994E-03 -0.1597823E-03  0.0000000E+00  0.0000000E+00 -0.5478437E-03  0.0000000E+00
         1   287      7 -0.3956915E-03 -0.1864123E-03  0.0000000E+00  0.0000000E+00 -0.6400109E-03  0.0000000E+00
         1   287      8 -0.4521748E-03 -0.2130425E-03  0.0000000E+00  0.0000000E+00 -0.7324244E-03  0.0000000E+00
         1   287      9 -0.5086504E-03 -0.2396729E-03  0.0000000E+00  0.0000000E+00 -0.8250842E-03  0.0000000E+00
         1   287     10  0.3770631E-02  0.1683514E-03  0.0000000E+00  0.0000000E+00  0.3695295E-01  0.1000000E-02

         1   288      0  0.0000000E+00  0.0000000E+00  0.0000000E+00  0.0000000E+00  0.0000000E+00  0.0000000E+00
         1   288      1  0.0000000E+00  0.0000000E+00  0.0000000E+00  0.0000000E+00  0.0000000E+00  0.0000000E+00
         1   288      2 -0.1372920E-03 -0.4309668E-04  0.0000000E+00  0.0000000E+00 -0.1816336E-03  0.0000000E+00
         1   288      3 -0.2059162E-03 -0.6464630E-04  0.0000000E+00  0.0000000E+00 -0.2728186E-03  0.0000000E+00
         1   288      4 -0.2745273E-03 -0.8619677E-04  0.0000000E+00  0.0000000E+00 -0.3642493E-03  0.0000000E+00
         1   288      5 -0.3431264E-03 -0.1077481E-03  0.0000000E+00  0.0000000E+00 -0.4559259E-03  0.0000000E+00
         1   288      6 -0.4117147E-03 -0.1293002E-03  0.0000000E+00  0.0000000E+00 -0.5478487E-03  0.0000000E+00
         1   288      7 -0.4802933E-03 -0.1508532E-03  0.0000000E+00  0.0000000E+00 -0.6400177E-03  0.0000000E+00
         1   288      8 -0.5488634E-03 -0.1724070E-03  0.0000000E+00  0.0000000E+00 -0.7324332E-03  0.0000000E+00
         1   288      9 -0.6174260E-03 -0.1939617E-03  0.0000000E+00  0.0000000E+00 -0.8250955E-03  0.0000000E+00
         1   288     10  0.3778247E-02 -0.1379727E-03  0.0000000E+00  0.0000000E+00  0.3705159E-01  0.1000000E-02

         1   289      0  0.0000000E+00  0.0000000E+00  0.0000000E+00  0.0000000E+00  0.0000000E+00  0.0000000E+00
         1   289      1  0.0000000E+00  0.0000000E+00  0.0000000E+00  0.0000000E+00  0.0000000E+00  0.0000000E+00
         1   289      2 -0.1559276E-03 -0.3119393E-04  0.0000000E+00  0.0000000E+00 -0.1816341E-03  0.0000000E+00
         1   289      3 -0.2338705E-03 -0.4679390E-04  0.0000000E+00  0.0000000E+00 -0.2728197E-03  0.0000000E+00
         1   289      4 -0.3118011E-03 -0.6239576E-04  0.0000000E+00  0.0000000E+00 -0.3642513E-03  0.0000000E+00
         1   289      5 -0.3897204E-03 -0.7799940E-04  0.0000000E+00  0.0000000E+00 -0.4559291E-03  0.0000000E+00
         1   289      6 -0.4676296E-03 -0.9360473E-04  0.0000000E+00  0.0000000E+00 -0.5478532E-03  0.0000000E+00
         1   289      7 -0.5455296E-03 -0.1092117E-03  0.0000000E+00  0.0000000E+00 -0.6400239E-03  0.0000000E+00
         1   289      8 -0.6234217E-03 -0.1248201E-03  0.0000000E+00  0.0000000E+00 -0.7324413E-03  0.0000000E+00
         1   289      9 -0.7013069E-03 -0.1404300E-03  0.0000000E+00  0.0000000E+00 -0.8251057E-03  0.0000000E+00
         1   289     10  0.3633662E-02 -0.4387388E-03  0.0000000E+00  0.0000000E+00  0.3715023E-01  0.1000000E-02

         1   290      0  0.0000000E+00  0.0000000E+00  0.0000000E+00  0.0000000E+00  0.0000000E+00  0.0000000E+00
         1   290      1  0.0000000E+00  0.0000000E+00  0.0000000E+00  0.0000000E+00  0.0000000E+00  0.0000000E+00
         1   290      2 -0.1637260E-03 -0.3119393E-04  0.0000000E+00  0.0000000E+00 -0.1816342E-03  0.0000000E+00
         1   290      3 -0.2455690E-03 -0.4679390E-04  0.0000000E+00  0.0000000E+00 -0.2728199E-03  0.0000000E+00
         1   290      4 -0.3274001E-03 -0.6239576E-04  0.0000000E+00  0.0000000E+00 -0.3642516E-03  0.0000000E+00
         1   290      5 -0.4092203E-03 -0.7799940E-04  0.0000000E+00  0.0000000E+00 -0.4559295E-03  0.0000000E+00
         1   290      6 -0.4910308E-03 -0.9360473E-04  0.0000000E+00  0.0000000E+00 -0.5478538E-03  0.0000000E+00
         1   290      7 -0.5728325E-03 -0.1092117E-03  0.0000000E+00  0.0000000E+00 -0.6400247E-03  0.0000000E+00
         1   290      8 -0.6546267E-03 -0.1248201E-03  0.0000000E+00  0.0000000E+00 -0.7324424E-03  0.0000000E+00
         1   290      9 -0.7364144E-03 -0.1404300E-03  0.0000000E+00  0.0000000E+00 -0.8251071E-03  0.0000000E+00
         1   290     10  0.3524038E-02 -0.4387388E-03  0.0000000E+00  0.0000000E+00  0.3719964E-01  0.1000000E-02

         1   291      0  0.0000000E+00  0.0000000E+00  0.0000000E+00  0.0000000E+00  0.0000000E+00  0.0000000E+00
         1   291      1  0.0000000E+00  0.0000000E+00  0.0000000E+00  0.0000000E+00  0.0000000E+00  0.0000000E+00
         1   291      2 -0.1684051E-03 -0.3119393E-04  0.0000000E+00  0.0000000E+00 -0.1816342E-03  0.0000000E+00
         1   291      3 -0.2525881E-03 -0.4679390E-04  0.0000000E+00  0.0000000E+00 -0.2728200E-03  0.0000000E+00
         1   291      4 -0.3367594E-03 -0.6239576E-04  0.0000000E+00  0.0000000E+00 -0.3642518E-03  0.0000000E+00
         1   291      5 -0.4209202E-03 -0.7799940E-04  0.0000000E+00  0.0000000E+00 -0.4559298E-03  0.0000000E+00
         1   291      6 -0.5050715E-03 -0.9360473E-04  0.0000000E+00  0.0000000E+00 -0.5478542E-03  0.0000000E+00
         1   291      7 -0.5892143E-03 -0.1092117E-03  0.0000000E+00  0.0000000E+00 -0.6400252E-03  0.0000000E+00
         1   291      8 -0.6733498E-03 -0.1248201E-03  0.0000000E+00  0.0000000E+00 -0.7324431E-03  0.0000000E+00
         1   291      9 -0.7574789E-03 -0.1404300E-03  0.0000000E+00  0.0000000E+00 -0.8251079E-03  0.0000000E+00
         1   291     10  0.3458264E-02 -0.4387388E-03  0.0000000E+00  0.0000000E+00  0.3722929E-01  0.1000000E-02

         1   292      0  0.0000000E+00  0.0000000E+00  0.0000000E+00  0.0000000E+00  0.0000000E+00  0.0000000E+00
         1   292      1  0.0000000E+00  0.0000000E+00  0.0000000E+00  0.0000000E+00  0.0000000E+00  0.0000000E+00
         1   292      2 -0.1762036E-03 -0.3119393E-04  0.0000000E+00  0.0000000E+00 -0.1816343E-03  0.0000000E+00
         1   292      3 -0.2642866E-03 -0.4679390E-04  0.0000000E+00  0.0000000E+00 -0.2728201E-03  0.0000000E+00
         1   292      4 -0.3523584E-03 -0.6239576E-04  0.0000000E+00  0.0000000E+00 -0.3642520E-03  0.0000000E+00
         1   292      5 -0.4404201E-03 -0.7799940E-04  0.0000000E+00  0.0000000E+00 -0.4559302E-03  0.0000000E+00
         1   292      6 -0.5284727E-03 -0.9360473E-04  0.0000000E+00  0.0000000E+00 -0.5478548E-03  0.0000000E+00
         1   292      7 -0.6165172E-03 -0.1092117E-03  0.0000000E+00  0.0000000E+00 -0.6400261E-03  0.0000000E+00
         1   292      8 -0.7045548E-03 -0.1248201E-03  0.0000000E+00  0.0000000E+00 -0.7324442E-03  0.0000000E+00
         1   292      9 -0.7925864E-03 -0.1404300E-03  0.0000000E+00  0.0000000E+00 -0.8251093E-03  0.0000000E+00
         1   292     10  0.3348640E-02 -0.4387388E-03  0.0000000E+00  0.0000000E+00  0.3727870E-01  0.1000000E-02

         1   293      0  0.0000000E+00  0.0000000E+00  0.0000000E+00  0.0000000E+00  0.0000000E+00  0.0000000E+00
         1   293      1  0.0000000E+00  0.0000000E+00  0.0000000E+00  0.0000000E+00  0.0000000E+00  0.0000000E+00
         1   293      2 -0.3194357E-03 -0.2981968E-04  0.0000000E+00  0.0000000E+00 -0.1531872E-03  0.0000000E+00
         1   293      3 -0.4791478E-03 -0.4473269E-04  0.0000000E+00  0.0000000E+00 -0.2301520E-03  0.0000000E+00
         1   293      4 -0.6388568E-03 -0.5964768E-04  0.0000000E+00  0.0000000E+00 -0.3073643E-03  0.0000000E+00
         1   293      5 -0.7985633E-03 -0.7456455E-04  0.0000000E+00  0.0000000E+00 -0.3848243E-03  0.0000000E+00
         1   293      6 -0.9582680E-03 -0.8948320E-04  0.0000000E+00  0.0000000E+00 -0.4625320E-03  0.0000000E+00
         1   293      7 -0.1117971E-02 -0.1044035E-03  0.0000000E+00  0.0000000E+00 -0.5404877E-03  0.0000000E+00
         1   293      8 -0.1277674E-02 -0.1193255E-03  0.0000000E+00  0.0000000E+00 -0.6186912E-03  0.0000000E+00
         1   293      9 -0.1437377E-02 -0.1342489E-03  0.0000000E+00  0.0000000E+00 -0.6971428E-03  0.0000000E+00
         1   293     10  0.1527085E-02 -0.3375217E-03  0.0000000E+00  0.0000000E+00  0.3793022E-01  0.1000000E-02

         1   294      0  0.0000000E+00  0.0000000E+00  0.0000000E+00  0.0000000E+00  0.0000000E+00  0.0000000E+00
         1   294      1  0.0000000E+00  0.0000000E+00  0.0000000E+00  0.0000000E+00  0.0000000E+00  0.0000000E+00
         1   294      2 -0.3268906E-03 -0.2981968E-04  0.0000000E+00  0.0000000E+00 -0.1531873E-03  0.0000000E+00
         1   294      3 -0.4903309E-03 -0.4473269E-04  0.0000000E+00  0.0000000E+00 -0.2301521E-03  0.0000000E+00
         1   294      4 -0.6537687E-03 -0.5964768E-04  0.0000000E+00  0.0000000E+00 -0.3073646E-03  0.0000000E+00
         1   294      5 -0.8172045E-03 -0.7456455E-04  0.0000000E+00  0.0000000E+00 -0.3848247E-03  0.0000000E+00
         1   294      6 -0.9806388E-03 -0.8948320E-04  0.0000000E+00  0.0000000E+00 -0.4625326E-03  0.0000000E+00
         1   294      7 -0.1144072E-02 -0.1044035E-03  0.0000000E+00  0.0000000E+00 -0.5404884E-03  0.0000000E+00
         1   294      8 -0.1307505E-02 -0.1193255E-03  0.0000000E+00  0.0000000E+00 -0.6186922E-03  0.0000000E+00
         1   294      9 -0.1470939E-02 -0.1342489E-03  0.0000000E+00  0.0000000E+00 -0.6971441E-03  0.0000000E+00
         1   294     10  0.1442751E-02 -0.3375217E-03  0.0000000E+00  0.0000000E+00  0.3797964E-01  0.1000000E-02

         1   295      0  0.0000000E+00  0.0000000E+00  0.0000000E+00  0.0000000E+00  0.0000000E+00  0.0000000E+00
         1   295      1  0.0000000E+00  0.0000000E+00  0.0000000E+00  0.0000000E+00  0.0000000E+00  0.0000000E+00
         1   295      2 -0.3313636E-03 -0.2981968E-04  0.0000000E+00  0.0000000E+00 -0.1531873E-03  0.0000000E+00
         1   295      3 -0.4970408E-03 -0.4473269E-04  0.0000000E+00  0.0000000E+00 -0.2301522E-03  0.0000000E+00
         1   295      4 -0.6627158E-03 -0.5964768E-04  0.0000000E+00  0.0000000E+00 -0.3073647E-03  0.0000000E+00
         1   295      5 -0.8283891E-03 -0.7456455E-04  0.0000000E+00  0.0000000E+00 -0.3848249E-03  0.0000000E+00
         1   295      6 -0.9940613E-03 -0.8948320E-04  0.0000000E+00  0.0000000E+00 -0.4625329E-03  0.0000000E+00
         1   295      7 -0.1159733E-02 -0.1044035E-03  0.0000000E+00  0.0000000E+00 -0.5404889E-03  0.0000000E+00
         1   295      8 -0.1325404E-02 -0.1193255E-03  0.0000000E+00  0.0000000E+00 -0.6186928E-03  0.0000000E+00
         1   295      9 -0.1491076E-02 -0.1342489E-03  0.0000000E+00  0.0000000E+00 -0.6971448E-03  0.0000000E+00
         1   295     10  0.1392151E-02 -0.3375217E-03  0.0000000E+00  0.0000000E+00  0.3800929E-01  0.1000000E-02

         1   296      0  0.0000000E+00  0.0000000E+00  0.0000000E+00  0.0000000E+00  0.0000000E+00  0.0000000E+00
         1   296      1  0.0000000E+00  0.0000000E+00  0.0000000E+00  0.0000000E+00  0.0000000E+00  0.0000000E+00
         1   296      2 -0.3388185E-03 -0.2981968E-04  0.0000000E+00  0.0000000E+00 -0.1531874E-03  0.0000000E+00
         1   296      3 -0.5082240E-03 -0.4473269E-04  0.0000000E+00  0.0000000E+00 -0.2301524E-03  0.0000000E+00
         1   296      4 -0.6776278E-03 -0.5964768E-04  0.0000000E+00  0.0000000E+00 -0.3073650E-03  0.0000000E+00
         1   296      5 -0.8470303E-03 -0.7456455E-04  0.0000000E+00  0.0000000E+00 -0.3848253E-03  0.0000000E+00
         1   296      6 -0.1016432E-02 -0.8948320E-04  0.0000000E+00  0.0000000E+00 -0.4625335E-03  0.0000000E+00
         1   296      7 -0.1185834E-02 -0.1044035E-03  0.0000000E+00  0.0000000E+00 -0.5404896E-03  0.0000000E+00
         1   296      8 -0.1355236E-02 -0.1193255E-03  0.0000000E+00  0.0000000E+00 -0.6186938E-03  0.0000000E+00
         1   296      9 -0.1524639E-02 -0.1342489E-03  0.0000000E+00  0.0000000E+00 -0.6971461E-03  0.0000000E+00
         1   296     10  0.1307817E-02 -0.3375217E-03  0.0000000E+00  0.0000000E+00  0.3805871E-01  0.1000000E-02

         1   297      0  0.0000000E+00  0.0000000E+00  0.0000000E+00  0.0000000E+00  0.0000000E+00  0.0000000E+00
         1   297      1  0.0000000E+00  0.0000000E+00  0.0000000E+00  0.0000000E+00  0.0000000E+00  0.0000000E+00
         1   297      2 -0.3600878E-03 -0.5551908E-04  0.0000000E+00  0.0000000E+00 -0.1531861E-03  0.0000000E+00
         1   297      3 -0.5401296E-03 -0.8328157E-04  0.0000000E+00  0.0000000E+00 -0.2301493E-03  0.0000000E+00
         1   297      4 -0.7201705E-03 -0.1110459E-03  0.0000000E+00  0.0000000E+00 -0.3073596E-03  0.0000000E+00
         1   297      5 -0.9002111E-03 -0.1388121E-03  0.0000000E+00  0.0000000E+00 -0.3848169E-03  0.0000000E+00
         1   297      6 -0.1080252E-02 -0.1665801E-03  0.0000000E+00  0.0000000E+00 -0.4625215E-03  0.0000000E+00
         1   297      7 -0.1260293E-02 -0.1943498E-03  0.0000000E+00  0.0000000E+00 -0.5404732E-03  0.0000000E+00
         1   297      8 -0.1440336E-02 -0.2221211E-03  0.0000000E+00  0.0000000E+00 -0.6186724E-03  0.0000000E+00
         1   297      9 -0.1620380E-02 -0.2498939E-03  0.0000000E+00  0.0000000E+00 -0.6971190E-03  0.0000000E+00
         1   297     10  0.1162283E-02 -0.2467260E-03  0.0000000E+00  0.0000000E+00  0.3815757E-01  0.1000000E-02

         1   298      0  0.0000000E+00  0.0000000E+00  0.0000000E+00  0.0000000E+00  0.0000000E+00  0.0000000E+00
         1   298      1  0.0000000E+00  0.0000000E+00  0.0000000E+00  0.0000000E+00  0.0000000E+00  0.0000000E+00
         1   298      2 -0.3946795E-03 -0.8327253E-04  0.0000000E+00  0.0000000E+00 -0.1531849E-03  0.0000000E+00
         1   298      3 -0.5920185E-03 -0.1249116E-03  0.0000000E+00  0.0000000E+00 -0.2301467E-03  0.0000000E+00
         1   298      4 -0.7893576E-03 -0.1665526E-03  0.0000000E+00  0.0000000E+00 -0.3073549E-03  0.0000000E+00
         1   298      5 -0.9866973E-03 -0.2081954E-03  0.0000000E+00  0.0000000E+00 -0.3848095E-03  0.0000000E+00
         1   298      6 -0.1184038E-02 -0.2498400E-03  0.0000000E+00  0.0000000E+00 -0.4625108E-03  0.0000000E+00
         1   298      7 -0.1381380E-02 -0.2914864E-03  0.0000000E+00  0.0000000E+00 -0.5404587E-03  0.0000000E+00
         1   298      8 -0.1578725E-02 -0.3331346E-03  0.0000000E+00  0.0000000E+00 -0.6186534E-03  0.0000000E+00
         1   298      9 -0.1776071E-02 -0.3747844E-03  0.0000000E+00  0.0000000E+00 -0.6970949E-03  0.0000000E+00
         1   298     10  0.1059711E-02 -0.1650502E-03  0.0000000E+00  0.0000000E+00  0.3825643E-01  0.1000000E-02

         1   299      0  0.0000000E+00  0.0000000E+00  0.0000000E+00  0.0000000E+00  0.0000000E+00  0.0000000E+00
         1   299      1  0.0000000E+00  0.0000000E+00  0.0000000E+00  0.0000000E+00  0.0000000E+00  0.0000000E+00
         1   299      2 -0.4154976E-03 -0.8327253E-04  0.0000000E+00  0.0000000E+00 -0.1531853E-03  0.0000000E+00
         1   299      3 -0.6232464E-03 -0.1249116E-03  0.0000000E+00  0.0000000E+00 -0.2301478E-03  0.0000000E+00
         1   299      4 -0.8309957E-03 -0.1665526E-03  0.0000000E+00  0.0000000E+00 -0.3073568E-03  0.0000000E+00
         1   299      5 -0.1038746E-02 -0.2081954E-03  0.0000000E+00  0.0000000E+00 -0.3848125E-03  0.0000000E+00
         1   299      6 -0.1246498E-02 -0.2498400E-03  0.0000000E+00  0.0000000E+00 -0.4625151E-03  0.0000000E+00
         1   299      7 -0.1454252E-02 -0.2914864E-03  0.0000000E+00  0.0000000E+00 -0.5404646E-03  0.0000000E+00
         1   299      8 -0.1662008E-02 -0.3331346E-03  0.0000000E+00  0.0000000E+00 -0.6186611E-03  0.0000000E+00
         1   299      9 -0.1869768E-02 -0.3747844E-03  0.0000000E+00  0.0000000E+00 -0.6971047E-03  0.0000000E+00
         1   299     10  0.1018471E-02 -0.1650502E-03  0.0000000E+00  0.0000000E+00  0.3830585E-01  0.1000000E-02

         1   300      0  0.0000000E+00  0.0000000E+00  0.0000000E+00  0.0000000E+00  0.0000000E+00  0.0000000E+00
         1   300      1  0.0000000E+00  0.0000000E+00  0.0000000E+00  0.0000000E+00  0.0000000E+00  0.0000000E+00
         1   300      2 -0.4279885E-03 -0.8327253E-04  0.0000000E+00  0.0000000E+00 -0.1531856E-03  0.0000000E+00
         1   300      3 -0.6419831E-03 -0.1249116E-03  0.0000000E+00  0.0000000E+00 -0.2301484E-03  0.0000000E+00
         1   300      4 -0.8559786E-03 -0.1665526E-03  0.0000000E+00  0.0000000E+00 -0.3073579E-03  0.0000000E+00
         1   300      5 -0.1069975E-02 -0.2081954E-03  0.0000000E+00  0.0000000E+00 -0.3848143E-03  0.0000000E+00
         1   300      6 -0.1283974E-02 -0.2498400E-03  0.0000000E+00  0.0000000E+00 -0.4625177E-03  0.0000000E+00
         1   300      7 -0.1497975E-02 -0.2914864E-03  0.0000000E+00  0.0000000E+00 -0.5404681E-03  0.0000000E+00
         1   300      8 -0.1711978E-02 -0.3331346E-03  0.0000000E+00  0.0000000E+00 -0.6186657E-03  0.0000000E+00
         1   300      9 -0.1925985E-02 -0.3747844E-03  0.0000000E+00  0.0000000E+00 -0.6971105E-03  0.0000000E+00
         1   300     10  0.9937275E-03 -0.1650502E-03  0.0000000E+00  0.0000000E+00  0.3833550E-01  0.1000000E-02

         1   301      0  0.0000000E+00  0.0000000E+00  0.0000000E+00  0.0000000E+00  0.0000000E+00  0.0000000E+00
         1   301      1  0.0000000E+00  0.0000000E+00  0.0000000E+00  0.0000000E+00  0.0000000E+00  0.0000000E+00
         1   301      2 -0.4488066E-03 -0.8327253E-04  0.0000000E+00  0.0000000E+00 -0.1531861E-03  0.0000000E+00
         1   301      3 -0.6732110E-03 -0.1249116E-03  0.0000000E+00  0.0000000E+00 -0.2301495E-03  0.0000000E+00
         1   301      4 -0.8976168E-03 -0.1665526E-03  0.0000000E+00  0.0000000E+00 -0.3073599E-03  0.0000000E+00
         1   301      5 -0.1122024E-02 -0.2081954E-03  0.0000000E+00  0.0000000E+00 -0.3848173E-03  0.0000000E+00
         1   301      6 -0.1346434E-02 -0.2498400E-03  0.0000000E+00  0.0000000E+00 -0.4625220E-03  0.0000000E+00
         1   301      7 -0.1570847E-02 -0.2914864E-03  0.0000000E+00  0.0000000E+00 -0.5404740E-03  0.0000000E+00
         1   301      8 -0.1795262E-02 -0.3331346E-03  0.0000000E+00  0.0000000E+00 -0.6186734E-03  0.0000000E+00
         1   301      9 -0.2019681E-02 -0.3747844E-03  0.0000000E+00  0.0000000E+00 -0.6971203E-03  0.0000000E+00
         1   301     10  0.9524879E-03 -0.1650502E-03  0.0000000E+00  0.0000000E+00  0.3838493E-01  0.1000000E-02

         1   302      0  0.0000000E+00  0.0000000E+00  0.0000000E+00  0.0000000E+00  0.0000000E+00  0.0000000E+00
         1   302      1  0.0000000E+00  0.0000000E+00  0.0000000E+00  0.0000000E+00  0.0000000E+00  0.0000000E+00
         1   302      2 -0.8314385E-03 -0.7972337E-04  0.0000000E+00  0.0000000E+00 -0.7971305E-04  0.0000000E+00
         1   302      3 -0.1247164E-02 -0.1195885E-03  0.0000000E+00  0.0000000E+00 -0.1199467E-03  0.0000000E+00
         1   302      4 -0.1662893E-02 -0.1594559E-03  0.0000000E+00  0.0000000E+00 -0.1604319E-03  0.0000000E+00
         1   302      5 -0.2078628E-02 -0.1993256E-03  0.0000000E+00  0.0000000E+00 -0.2011686E-03  0.0000000E+00
         1   302      6 -0.2494368E-02 -0.2391975E-03  0.0000000E+00  0.0000000E+00 -0.2421570E-03  0.0000000E+00
         1   302      7 -0.2910113E-02 -0.2790715E-03  0.0000000E+00  0.0000000E+00 -0.2833970E-03  0.0000000E+00
         1   302      8 -0.3325863E-02 -0.3189478E-03  0.0000000E+00  0.0000000E+00 -0.3248888E-03  0.0000000E+00
         1   302      9 -0.3741620E-02 -0.3588261E-03  0.0000000E+00  0.0000000E+00 -0.3666323E-03  0.0000000E+00
         1   302     10  0.4381423E-03 -0.5415997E-04  0.0000000E+00  0.0000000E+00  0.3923650E-01  0.1000000E-02

         1   303      0  0.0000000E+00  0.0000000E+00  0.0000000E+00  0.0000000E+00  0.0000000E+00  0.0000000E+00
         1   303      1  0.0000000E+00  0.0000000E+00  0.0000000E+00  0.0000000E+00  0.0000000E+00  0.0000000E+00
         1   303      2 -0.8513693E-03 -0.7972337E-04  0.0000000E+00  0.0000000E+00 -0.7971349E-04  0.0000000E+00
         1   303      3 -0.1277061E-02 -0.1195885E-03  0.0000000E+00  0.0000000E+00 -0.1199477E-03  0.0000000E+00
         1   303      4 -0.1702757E-02 -0.1594559E-03  0.0000000E+00  0.0000000E+00 -0.1604337E-03  0.0000000E+00
         1   303      5 -0.2128459E-02 -0.1993256E-03  0.0000000E+00  0.0000000E+00 -0.2011714E-03  0.0000000E+00
         1   303      6 -0.2554167E-02 -0.2391975E-03  0.0000000E+00  0.0000000E+00 -0.2421610E-03  0.0000000E+00
         1   303      7 -0.2979880E-02 -0.2790715E-03  0.0000000E+00  0.0000000E+00 -0.2834024E-03  0.0000000E+00
         1   303      8 -0.3405600E-02 -0.3189478E-03  0.0000000E+00  0.0000000E+00 -0.3248958E-03  0.0000000E+00
         1   303      9 -0.3831327E-02 -0.3588261E-03  0.0000000E+00  0.0000000E+00 -0.3666412E-03  0.0000000E+00
         1   303     10  0.4246099E-03 -0.5415997E-04  0.0000000E+00  0.0000000E+00  0.3928593E-01  0.1000000E-02

         1   304      0  0.0000000E+00  0.0000000E+00  0.0000000E+00  0.0000000E+00  0.0000000E+00  0.0000000E+00
         1   304      1  0.0000000E+00  0.0000000E+00  0.0000000E+00  0.0000000E+00  0.0000000E+00  0.0000000E+00
         1   304      2 -0.8633278E-03 -0.7972337E-04  0.0000000E+00  0.0000000E+00 -0.7971375E-04  0.0000000E+00
         1   304      3 -0.1294999E-02 -0.1195885E-03  0.0000000E+00  0.0000000E+00 -0.1199483E-03  0.0000000E+00
         1   304      4 -0.1726676E-02 -0.1594559E-03  0.0000000E+00  0.0000000E+00 -0.1604347E-03  0.0000000E+00
         1   304      5 -0.2158358E-02 -0.1993256E-03  0.0000000E+00  0.0000000E+00 -0.2011731E-03  0.0000000E+00
         1   304      6 -0.2590047E-02 -0.2391975E-03  0.0000000E+00  0.0000000E+00 -0.2421633E-03  0.0000000E+00
         1   304      7 -0.3021741E-02 -0.2790715E-03  0.0000000E+00  0.0000000E+00 -0.2834057E-03  0.0000000E+00
         1   304      8 -0.3453443E-02 -0.3189478E-03  0.0000000E+00  0.0000000E+00 -0.3249001E-03  0.0000000E+00
         1   304      9 -0.3885151E-02 -0.3588261E-03  0.0000000E+00  0.0000000E+00 -0.3666466E-03  0.0000000E+00
         1   304     10  0.4164904E-03 -0.5415997E-04  0.0000000E+00  0.0000000E+00  0.3931558E-01  0.1000000E-02

         1   305      0  0.0000000E+00  0.0000000E+00  0.0000000E+00  0.0000000E+00  0.0000000E+00  0.0000000E+00
         1   305      1  0.0000000E+00  0.0000000E+00  0.0000000E+00  0.0000000E+00  0.0000000E+00  0.0000000E+00
         1   305      2 -0.8832586E-03 -0.7972337E-04  0.0000000E+00  0.0000000E+00 -0.7971419E-04  0.0000000E+00
         1   305      3 -0.1324896E-02 -0.1195885E-03  0.0000000E+00  0.0000000E+00 -0.1199493E-03  0.0000000E+00
         1   305      4 -0.1766540E-02 -0.1594559E-03  0.0000000E+00  0.0000000E+00 -0.1604365E-03  0.0000000E+00
         1   305      5 -0.2208190E-02 -0.1993256E-03  0.0000000E+00  0.0000000E+00 -0.2011758E-03  0.0000000E+00
         1   305      6 -0.2649846E-02 -0.2391975E-03  0.0000000E+00  0.0000000E+00 -0.2421673E-03  0.0000000E+00
         1   305      7 -0.3091509E-02 -0.2790715E-03  0.0000000E+00  0.0000000E+00 -0.2834111E-03  0.0000000E+00
         1   305      8 -0.3533179E-02 -0.3189478E-03  0.0000000E+00  0.0000000E+00 -0.3249071E-03  0.0000000E+00
         1   305      9 -0.3974857E-02 -0.3588261E-03  0.0000000E+00  0.0000000E+00 -0.3666555E-03  0.0000000E+00
         1   305     10  0.4029579E-03 -0.5415997E-04  0.0000000E+00  0.0000000E+00  0.3936501E-01  0.1000000E-02

         1   306      0  0.0000000E+00  0.0000000E+00  0.0000000E+00  0.0000000E+00  0.0000000E+00  0.0000000E+00
         1   306      1  0.0000000E+00  0.0000000E+00  0.0000000E+00  0.0000000E+00  0.0000000E+00  0.0000000E+00
         1   306      2 -0.9050455E-03 -0.7130182E-05  0.0000000E+00  0.0000000E+00 -0.7972613E-04  0.0000000E+00
         1   306      3 -0.1357578E-02 -0.1069799E-04  0.0000000E+00  0.0000000E+00 -0.1199761E-03  0.0000000E+00
         1   306      4 -0.1810118E-02 -0.1426754E-04  0.0000000E+00  0.0000000E+00 -0.1604842E-03  0.0000000E+00
         1   306      5 -0.2262664E-02 -0.1783878E-04  0.0000000E+00  0.0000000E+00 -0.2012504E-03  0.0000000E+00
         1   306      6 -0.2715219E-02 -0.2141165E-04  0.0000000E+00  0.0000000E+00 -0.2422747E-03  0.0000000E+00
         1   306      7 -0.3167781E-02 -0.2498610E-04  0.0000000E+00  0.0000000E+00 -0.2835572E-03  0.0000000E+00
         1   306      8 -0.3620351E-02 -0.2856207E-04  0.0000000E+00  0.0000000E+00 -0.3250980E-03  0.0000000E+00
         1   306      9 -0.4072930E-02 -0.3213951E-04  0.0000000E+00  0.0000000E+00 -0.3668972E-03  0.0000000E+00
         1   306     10  0.3679586E-03 -0.8544279E-04  0.0000000E+00  0.0000000E+00  0.3946385E-01  0.1000000E-02

         1   307      0  0.0000000E+00  0.0000000E+00  0.0000000E+00  0.0000000E+00  0.0000000E+00  0.0000000E+00
         1   307      1  0.0000000E+00  0.0000000E+00  0.0000000E+00  0.0000000E+00  0.0000000E+00  0.0000000E+00
         1   307      2 -0.8903409E-03  0.6575050E-04  0.0000000E+00  0.0000000E+00 -0.7973801E-04  0.0000000E+00
         1   307      3 -0.1335522E-02  0.9862388E-04  0.0000000E+00  0.0000000E+00 -0.1200029E-03  0.0000000E+00
         1   307      4 -0.1780711E-02  0.1314961E-03  0.0000000E+00  0.0000000E+00 -0.1605317E-03  0.0000000E+00
         1   307      5 -0.2225908E-02  0.1643673E-03  0.0000000E+00  0.0000000E+00 -0.2013246E-03  0.0000000E+00
         1   307      6 -0.2671113E-02  0.1972375E-03  0.0000000E+00  0.0000000E+00 -0.2423816E-03  0.0000000E+00
         1   307      7 -0.3116327E-02  0.2301068E-03  0.0000000E+00  0.0000000E+00 -0.2837028E-03  0.0000000E+00
         1   307      8 -0.3561549E-02  0.2629752E-03  0.0000000E+00  0.0000000E+00 -0.3252881E-03  0.0000000E+00
         1   307      9 -0.4006781E-02  0.2958430E-03  0.0000000E+00  0.0000000E+00 -0.3671378E-03  0.0000000E+00
         1   307     10  0.3181366E-03 -0.1132837E-03  0.0000000E+00  0.0000000E+00  0.3956270E-01  0.1000000E-02

         1   308      0  0.0000000E+00  0.0000000E+00  0.0000000E+00  0.0000000E+00  0.0000000E+00  0.0000000E+00
         1   308      1  0.0000000E+00  0.0000000E+00  0.0000000E+00  0.0000000E+00  0.0000000E+00  0.0000000E+00
         1   308      2 -0.8739032E-03  0.6575050E-04  0.0000000E+00  0.0000000E+00 -0.7973831E-04  0.0000000E+00
         1   308      3 -0.1310866E-02  0.9862388E-04  0.0000000E+00  0.0000000E+00 -0.1200036E-03  0.0000000E+00
         1   308      4 -0.1747837E-02  0.1314961E-03  0.0000000E+00  0.0000000E+00 -0.1605329E-03  0.0000000E+00
         1   308      5 -0.2184816E-02  0.1643673E-03  0.0000000E+00  0.0000000E+00 -0.2013265E-03  0.0000000E+00
         1   308      6 -0.2621804E-02  0.1972375E-03  0.0000000E+00  0.0000000E+00 -0.2423843E-03  0.0000000E+00
         1   308      7 -0.3058800E-02  0.2301068E-03  0.0000000E+00  0.0000000E+00 -0.2837065E-03  0.0000000E+00
         1   308      8 -0.3495806E-02  0.2629752E-03  0.0000000E+00  0.0000000E+00 -0.3252929E-03  0.0000000E+00
         1   308      9 -0.3932820E-02  0.2958430E-03  0.0000000E+00  0.0000000E+00 -0.3671438E-03  0.0000000E+00
         1   308     10  0.2898314E-03 -0.1132837E-03  0.0000000E+00  0.0000000E+00  0.3961212E-01  0.1000000E-02

         1   309      0  0.0000000E+00  0.0000000E+00  0.0000000E+00  0.0000000E+00  0.0000000E+00  0.0000000E+00
         1   309      1  0.0000000E+00  0.0000000E+00  0.0000000E+00  0.0000000E+00  0.0000000E+00  0.0000000E+00
         1   309      2 -0.8640407E-03  0.6575050E-04  0.0000000E+00  0.0000000E+00 -0.7973849E-04  0.0000000E+00
         1   309      3 -0.1296073E-02  0.9862388E-04  0.0000000E+00  0.0000000E+00 -0.1200040E-03  0.0000000E+00
         1   309      4 -0.1728113E-02  0.1314961E-03  0.0000000E+00  0.0000000E+00 -0.1605337E-03  0.0000000E+00
         1   309      5 -0.2160161E-02  0.1643673E-03  0.0000000E+00  0.0000000E+00 -0.2013276E-03  0.0000000E+00
         1   309      6 -0.2592218E-02  0.1972375E-03  0.0000000E+00  0.0000000E+00 -0.2423860E-03  0.0000000E+00
         1   309      7 -0.3024284E-02  0.2301068E-03  0.0000000E+00  0.0000000E+00 -0.2837087E-03  0.0000000E+00
         1   309      8 -0.3456359E-02  0.2629752E-03  0.0000000E+00  0.0000000E+00 -0.3252958E-03  0.0000000E+00
         1   309      9 -0.3888443E-02  0.2958430E-03  0.0000000E+00  0.0000000E+00 -0.3671475E-03  0.0000000E+00
         1   309     10  0.2728483E-03 -0.1132837E-03  0.0000000E+00  0.0000000E+00  0.3964178E-01  0.1000000E-02

         1   310      0  0.0000000E+00  0.0000000E+00  0.0000000E+00  0.0000000E+00  0.0000000E+00  0.0000000E+00
         1   310      1  0.0000000E+00  0.0000000E+00  0.0000000E+00  0.0000000E+00  0.0000000E+00  0.0000000E+00
         1   310      2 -0.8476030E-03  0.6575050E-04  0.0000000E+00  0.0000000E+00 -0.7973879E-04  0.0000000E+00
         1   310      3 -0.1271417E-02  0.9862388E-04  0.0000000E+00  0.0000000E+00 -0.1200046E-03  0.0000000E+00
         1   310      4 -0.1695239E-02  0.1314961E-03  0.0000000E+00  0.0000000E+00 -0.1605349E-03  0.0000000E+00
         1   310      5 -0.2119070E-02  0.1643673E-03  0.0000000E+00  0.0000000E+00 -0.2013295E-03  0.0000000E+00
         1   310      6 -0.2542909E-02  0.1972375E-03  0.0000000E+00  0.0000000E+00 -0.2423887E-03  0.0000000E+00
         1   310      7 -0.2966758E-02  0.2301068E-03  0.0000000E+00  0.0000000E+00 -0.2837123E-03  0.0000000E+00
         1   310      8 -0.3390615E-02  0.2629752E-03  0.0000000E+00  0.0000000E+00 -0.3253006E-03  0.0000000E+00
         1   310      9 -0.3814483E-02  0.2958430E-03  0.0000000E+00  0.0000000E+00 -0.3671535E-03  0.0000000E+00
         1   310     10  0.2445431E-03 -0.1132837E-03  0.0000000E+00  0.0000000E+00  0.3969120E-01  0.1000000E-02

         1   311      0  0.0000000E+00  0.0000000E+00  0.0000000E+00  0.0000000E+00  0.0000000E+00  0.0000000E+00
         1   311      1  0.0000000E+00  0.0000000E+00  0.0000000E+00  0.0000000E+00  0.0000000E+00  0.0000000E+00
         1   311      2 -0.5299405E-03  0.6956972E-04  0.0000000E+00  0.0000000E+00 -0.6785043E-06  0.0000000E+00
         1   311      3 -0.7949413E-03  0.1043524E-03  0.0000000E+00  0.0000000E+00 -0.1417101E-05  0.0000000E+00
         1   311      4 -0.1059962E-02  0.1391337E-03  0.0000000E+00  0.0000000E+00 -0.2421997E-05  0.0000000E+00
         1   311      5 -0.1325003E-02  0.1739137E-03  0.0000000E+00  0.0000000E+00 -0.3693245E-05  0.0000000E+00
         1   311      6 -0.1590064E-02  0.2086925E-03  0.0000000E+00  0.0000000E+00 -0.5230898E-05  0.0000000E+00
         1   311      7 -0.1855144E-02  0.2434702E-03  0.0000000E+00  0.0000000E+00 -0.7035007E-05  0.0000000E+00
         1   311      8 -0.2120244E-02  0.2782469E-03  0.0000000E+00  0.0000000E+00 -0.9105624E-05  0.0000000E+00
         1   311      9 -0.2385364E-02  0.3130225E-03  0.0000000E+00  0.0000000E+00 -0.1144280E-04  0.0000000E+00
         1   311     10 -0.1929020E-04  0.8363802E-06  0.0000000E+00  0.0000000E+00  0.4060963E-01  0.1000000E-02

         1   312      0  0.0000000E+00  0.0000000E+00  0.0000000E+00  0.0000000E+00  0.0000000E+00  0.0000000E+00
         1   312      1  0.0000000E+00  0.0000000E+00  0.0000000E+00  0.0000000E+00  0.0000000E+00  0.0000000E+00
         1   312      2 -0.5125481E-03  0.6956972E-04  0.0000000E+00  0.0000000E+00 -0.6788402E-06  0.0000000E+00
         1   312      3 -0.7688533E-03  0.1043524E-03  0.0000000E+00  0.0000000E+00 -0.1417857E-05  0.0000000E+00
         1   312      4 -0.1025179E-02  0.1391337E-03  0.0000000E+00  0.0000000E+00 -0.2423340E-05  0.0000000E+00
         1   312      5 -0.1281525E-02  0.1739137E-03  0.0000000E+00  0.0000000E+00 -0.3695344E-05  0.0000000E+00
         1   312      6 -0.1537891E-02  0.2086925E-03  0.0000000E+00  0.0000000E+00 -0.5233920E-05  0.0000000E+00
         1   312      7 -0.1794277E-02  0.2434702E-03  0.0000000E+00  0.0000000E+00 -0.7039121E-05  0.0000000E+00
         1   312      8 -0.2050683E-02  0.2782469E-03  0.0000000E+00  0.0000000E+00 -0.9110997E-05  0.0000000E+00
         1   312      9 -0.2307108E-02  0.3130225E-03  0.0000000E+00  0.0000000E+00 -0.1144960E-04  0.0000000E+00
         1   312     10 -0.1908122E-04  0.8363802E-06  0.0000000E+00  0.0000000E+00  0.4065905E-01  0.1000000E-02

         1   313      0  0.0000000E+00  0.0000000E+00  0.0000000E+00  0.0000000E+00  0.0000000E+00  0.0000000E+00
         1   313      1  0.0000000E+00  0.0000000E+00  0.0000000E+00  0.0000000E+00  0.0000000E+00  0.0000000E+00
         1   313      2 -0.5021126E-03  0.6956972E-04  0.0000000E+00  0.0000000E+00 -0.6790417E-06  0.0000000E+00
         1   313      3 -0.7532004E-03  0.1043524E-03  0.0000000E+00  0.0000000E+00 -0.1418310E-05  0.0000000E+00
         1   313      4 -0.1004309E-02  0.1391337E-03  0.0000000E+00  0.0000000E+00 -0.2424147E-05  0.0000000E+00
         1   313      5 -0.1255438E-02  0.1739137E-03  0.0000000E+00  0.0000000E+00 -0.3696604E-05  0.0000000E+00
         1   313      6 -0.1506587E-02  0.2086925E-03  0.0000000E+00  0.0000000E+00 -0.5235734E-05  0.0000000E+00
         1   313      7 -0.1757756E-02  0.2434702E-03  0.0000000E+00  0.0000000E+00 -0.7041589E-05  0.0000000E+00
         1   313      8 -0.2008946E-02  0.2782469E-03  0.0000000E+00  0.0000000E+00 -0.9114221E-05  0.0000000E+00
         1   313      9 -0.2260154E-02  0.3130225E-03  0.0000000E+00  0.0000000E+00 -0.1145368E-04  0.0000000E+00
         1   313     10 -0.1895583E-04  0.8363802E-06  0.0000000E+00  0.0000000E+00  0.4068871E-01  0.1000000E-02

         1   314      0  0.0000000E+00  0.0000000E+00  0.0000000E+00  0.0000000E+00  0.0000000E+00  0.0000000E+00
         1   314      1  0.0000000E+00  0.0000000E+00  0.0000000E+00  0.0000000E+00  0.0000000E+00  0.0000000E+00
         1   314      2 -0.4847202E-03  0.6956972E-04  0.0000000E+00  0.0000000E+00 -0.6793776E-06  0.0000000E+00
         1   314      3 -0.7271123E-03  0.1043524E-03  0.0000000E+00  0.0000000E+00 -0.1419066E-05  0.0000000E+00
         1   314      4 -0.9695254E-03  0.1391337E-03  0.0000000E+00  0.0000000E+00 -0.2425490E-05  0.0000000E+00
         1   314      5 -0.1211959E-02  0.1739137E-03  0.0000000E+00  0.0000000E+00 -0.3698703E-05  0.0000000E+00
         1   314      6 -0.1454414E-02  0.2086925E-03  0.0000000E+00  0.0000000E+00 -0.5238756E-05  0.0000000E+00
         1   314      7 -0.1696889E-02  0.2434702E-03  0.0000000E+00  0.0000000E+00 -0.7045702E-05  0.0000000E+00
         1   314      8 -0.1939384E-02  0.2782469E-03  0.0000000E+00  0.0000000E+00 -0.9119594E-05  0.0000000E+00
         1   314      9 -0.2181899E-02  0.3130225E-03  0.0000000E+00  0.0000000E+00 -0.1146048E-04  0.0000000E+00
         1   314     10 -0.1874685E-04  0.8363802E-06  0.0000000E+00  0.0000000E+00  0.4073813E-01  0.1000000E-02

         1   315      0  0.0000000E+00  0.0000000E+00  0.0000000E+00  0.0000000E+00  0.0000000E+00  0.0000000E+00
         1   315      1  0.0000000E+00  0.0000000E+00  0.0000000E+00  0.0000000E+00  0.0000000E+00  0.0000000E+00
         1   315      2 -0.4586878E-03  0.3487978E-04  0.0000000E+00  0.0000000E+00 -0.6768600E-06  0.0000000E+00
         1   315      3 -0.6880654E-03  0.5231506E-04  0.0000000E+00  0.0000000E+00 -0.1413400E-05  0.0000000E+00
         1   315      4 -0.9174651E-03  0.6974739E-04  0.0000000E+00  0.0000000E+00 -0.2415417E-05  0.0000000E+00
         1   315      5 -0.1146887E-02  0.8717687E-04  0.0000000E+00  0.0000000E+00 -0.3682962E-05  0.0000000E+00
         1   315      6 -0.1376330E-02  0.1046036E-03  0.0000000E+00  0.0000000E+00 -0.5216087E-05  0.0000000E+00
         1   315      7 -0.1605794E-02  0.1220277E-03  0.0000000E+00  0.0000000E+00 -0.7014844E-05  0.0000000E+00
         1   315      8 -0.1835280E-02  0.1394492E-03  0.0000000E+00  0.0000000E+00 -0.9079284E-05  0.0000000E+00
         1   315      9 -0.2064786E-02  0.1568683E-03  0.0000000E+00  0.0000000E+00 -0.1140946E-04  0.0000000E+00
         1   315     10 -0.1867280E-04 -0.5390870E-06  0.0000000E+00  0.0000000E+00  0.4083698E-01  0.1000000E-02

         1   316      0  0.0000000E+00  0.0000000E+00  0.0000000E+00  0.0000000E+00  0.0000000E+00  0.0000000E+00
         1   316      1  0.0000000E+00  0.0000000E+00  0.0000000E+00  0.0000000E+00  0.0000000E+00  0.0000000E+00
         1   316      2 -0.4508851E-03 -0.3558796E-05  0.0000000E+00  0.0000000E+00 -0.6738066E-06  0.0000000E+00
         1   316      3 -0.6763644E-03 -0.5345781E-05  0.0000000E+00  0.0000000E+00 -0.1406530E-05  0.0000000E+00
         1   316      4 -0.9018677E-03 -0.7137662E-05  0.0000000E+00  0.0000000E+00 -0.2403201E-05  0.0000000E+00
         1   316      5 -0.1127395E-02 -0.8934316E-05  0.0000000E+00  0.0000000E+00 -0.3663872E-05  0.0000000E+00
         1   316      6 -0.1352945E-02 -0.1073562E-04  0.0000000E+00  0.0000000E+00 -0.5188595E-05  0.0000000E+00
         1   316      7 -0.1578519E-02 -0.1254146E-04  0.0000000E+00  0.0000000E+00 -0.6977420E-05  0.0000000E+00
         1   316      8 -0.1804115E-02 -0.1435171E-04  0.0000000E+00  0.0000000E+00 -0.9030399E-05  0.0000000E+00
         1   316      9 -0.2029734E-02 -0.1616624E-04  0.0000000E+00  0.0000000E+00 -0.1134758E-04  0.0000000E+00
         1   316     10 -0.1934109E-04 -0.2144988E-05  0.0000000E+00  0.0000000E+00  0.4093583E-01  0.1000000E-02

         1   317      0  0.0000000E+00  0.0000000E+00  0.0000000E+00  0.0000000E+00  0.0000000E+00  0.0000000E+00
         1   317      1  0.0000000E+00  0.0000000E+00  0.0000000E+00  0.0000000E+00  0.0000000E+00  0.0000000E+00
         1   317      2 -0.4517748E-03 -0.3558796E-05  0.0000000E+00  0.0000000E+00 -0.6738075E-06  0.0000000E+00
         1   317      3 -0.6777008E-03 -0.5345781E-05  0.0000000E+00  0.0000000E+00 -0.1406532E-05  0.0000000E+00
         1   317      4 -0.9036521E-03 -0.7137662E-05  0.0000000E+00  0.0000000E+00 -0.2403205E-05  0.0000000E+00
         1   317      5 -0.1129628E-02 -0.8934316E-05  0.0000000E+00  0.0000000E+00 -0.3663878E-05  0.0000000E+00
         1   317      6 -0.1355629E-02 -0.1073562E-04  0.0000000E+00  0.0000000E+00 -0.5188603E-05  0.0000000E+00
         1   317      7 -0.1581654E-02 -0.1254146E-04  0.0000000E+00  0.0000000E+00 -0.6977431E-05  0.0000000E+00
         1   317      8 -0.1807703E-02 -0.1435171E-04  0.0000000E+00  0.0000000E+00 -0.9030413E-05  0.0000000E+00
         1   317      9 -0.2033776E-02 -0.1616624E-04  0.0000000E+00  0.0000000E+00 -0.1134760E-04  0.0000000E+00
         1   317     10 -0.1987704E-04 -0.2144988E-05  0.0000000E+00  0.0000000E+00  0.4098525E-01  0.1000000E-02

         1   318      0  0.0000000E+00  0.0000000E+00  0.0000000E+00  0.0000000E+00  0.0000000E+00  0.0000000E+00
         1   318      1  0.0000000E+00  0.0000000E+00  0.0000000E+00  0.0000000E+00  0.0000000E+00  0.0000000E+00
         1   318      2 -0.4523086E-03 -0.3558796E-05  0.0000000E+00  0.0000000E+00 -0.6738080E-06  0.0000000E+00
         1   318      3 -0.6785027E-03 -0.5345781E-05  0.0000000E+00  0.0000000E+00 -0.1406533E-05  0.0000000E+00
         1   318      4 -0.9047228E-03 -0.7137662E-05  0.0000000E+00  0.0000000E+00 -0.2403207E-05  0.0000000E+00
         1   318      5 -0.1130969E-02 -0.8934316E-05  0.0000000E+00  0.0000000E+00 -0.3663881E-05  0.0000000E+00
         1   318      6 -0.1357240E-02 -0.1073562E-04  0.0000000E+00  0.0000000E+00 -0.5188608E-05  0.0000000E+00
         1   318      7 -0.1583536E-02 -0.1254146E-04  0.0000000E+00  0.0000000E+00 -0.6977437E-05  0.0000000E+00
         1   318      8 -0.1809856E-02 -0.1435171E-04  0.0000000E+00  0.0000000E+00 -0.9030421E-05  0.0000000E+00
         1   318      9 -0.2036201E-02 -0.1616624E-04  0.0000000E+00  0.0000000E+00 -0.1134761E-04  0.0000000E+00
         1   318     10 -0.2019861E-04 -0.2144988E-05  0.0000000E+00  0.0000000E+00  0.4101491E-01  0.1000000E-02

         1   319      0  0.0000000E+00  0.0000000E+00  0.0000000E+00  0.0000000E+00  0.0000000E+00  0.0000000E+00
         1   319      1  0.0000000E+00  0.0000000E+00  0.0000000E+00  0.0000000E+00  0.0000000E+00  0.0000000E+00
         1   319      2 -0.4531983E-03 -0.3558796E-05  0.0000000E+00  0.0000000E+00 -0.6738089E-06  0.0000000E+00
         1   319      3 -0.6798392E-03 -0.5345781E-05  0.0000000E+00  0.0000000E+00 -0.1406535E-05  0.0000000E+00
         1   319      4 -0.9065072E-03 -0.7137662E-05  0.0000000E+00  0.0000000E+00 -0.2403210E-05  0.0000000E+00
         1   319      5 -0.1133202E-02 -0.8934316E-05  0.0000000E+00  0.0000000E+00 -0.3663887E-05  0.0000000E+00
         1   319      6 -0.1359923E-02 -0.1073562E-04  0.0000000E+00  0.0000000E+00 -0.5188616E-05  0.0000000E+00
         1   319      7 -0.1586671E-02 -0.1254146E-04  0.0000000E+00  0.0000000E+00 -0.6977448E-05  0.0000000E+00
         1   319      8 -0.1813444E-02 -0.1435171E-04  0.0000000E+00  0.0000000E+00 -0.9030436E-05  0.0000000E+00
         1   319      9 -0.2040242E-02 -0.1616624E-04  0.0000000E+00  0.0000000E+00 -0.1134763E-04  0.0000000E+00
         1   319     10 -0.2073456E-04 -0.2144988E-05  0.0000000E+00  0.0000000E+00  0.4106433E-01  0.1000000E-02

         1   320      0  0.0000000E+00  0.0000000E+00  0.0000000E+00  0.0000000E+00  0.0000000E+00  0.0000000E+00
         1   320      1  0.0000000E+00  0.0000000E+00  0.0000000E+00  0.0000000E+00  0.0000000E+00  0.0000000E+00
         1   320      2 -0.4698713E-03 -0.3558796E-05  0.0000000E+00  0.0000000E+00 -0.6738254E-06  0.0000000E+00
         1   320      3 -0.7048841E-03 -0.5345781E-05  0.0000000E+00  0.0000000E+00 -0.1406572E-05  0.0000000E+00
         1   320      4 -0.9399472E-03 -0.7137662E-05  0.0000000E+00  0.0000000E+00 -0.2403276E-05  0.0000000E+00
         1   320      5 -0.1175059E-02 -0.8934316E-05  0.0000000E+00  0.0000000E+00 -0.3663990E-05  0.0000000E+00
         1   320      6 -0.1410220E-02 -0.1073562E-04  0.0000000E+00  0.0000000E+00 -0.5188765E-05  0.0000000E+00
         1   320      7 -0.1645428E-02 -0.1254146E-04  0.0000000E+00  0.0000000E+00 -0.6977653E-05  0.0000000E+00
         1   320      8 -0.1880682E-02 -0.1435171E-04  0.0000000E+00  0.0000000E+00 -0.9030704E-05  0.0000000E+00
         1   320      9 -0.2115981E-02 -0.1616624E-04  0.0000000E+00  0.0000000E+00 -0.1134797E-04  0.0000000E+00
         1   320     10 -0.3077825E-04 -0.2144988E-05  0.0000000E+00  0.0000000E+00  0.4199055E-01  0.1000000E-02

         1   321      0  0.0000000E+00  0.0000000E+00  0.0000000E+00  0.0000000E+00  0.0000000E+00  0.0000000E+00
         1   321      1  0.0000000E+00  0.0000000E+00  0.0000000E+00  0.0000000E+00  0.0000000E+00  0.0000000E+00
         1   321      2 -0.4707610E-03 -0.3558796E-05  0.0000000E+00  0.0000000E+00 -0.6738263E-06  0.0000000E+00
         1   321      3 -0.7062206E-03 -0.5345781E-05  0.0000000E+00  0.0000000E+00 -0.1406574E-05  0.0000000E+00
         1   321      4 -0.9417316E-03 -0.7137662E-05  0.0000000E+00  0.0000000E+00 -0.2403280E-05  0.0000000E+00
         1   321      5 -0.1177293E-02 -0.8934316E-05  0.0000000E+00  0.0000000E+00 -0.3663996E-05  0.0000000E+00
         1   321      6 -0.1412904E-02 -0.1073562E-04  0.0000000E+00  0.0000000E+00 -0.5188773E-05  0.0000000E+00
         1   321      7 -0.1648563E-02 -0.1254146E-04  0.0000000E+00  0.0000000E+00 -0.6977664E-05  0.0000000E+00
         1   321      8 -0.1884270E-02 -0.1435171E-04  0.0000000E+00  0.0000000E+00 -0.9030718E-05  0.0000000E+00
         1   321      9 -0.2120023E-02 -0.1616624E-04  0.0000000E+00  0.0000000E+00 -0.1134799E-04  0.0000000E+00
         1   321     10 -0.3131420E-04 -0.2144988E-05  0.0000000E+00  0.0000000E+00  0.4203998E-01  0.1000000E-02

         1   322      0  0.0000000E+00  0.0000000E+00  0.0000000E+00  0.0000000E+00  0.0000000E+00  0.0000000E+00
         1   322      1  0.0000000E+00  0.0000000E+00  0.0000000E+00  0.0000000E+00  0.0000000E+00  0.0000000E+00
         1   322      2 -0.4712948E-03 -0.3558796E-05  0.0000000E+00  0.0000000E+00 -0.6738268E-06  0.0000000E+00
         1   322      3 -0.7070224E-03 -0.5345781E-05  0.0000000E+00  0.0000000E+00 -0.1406575E-05  0.0000000E+00
         1   322      4 -0.9428022E-03 -0.7137662E-05  0.0000000E+00  0.0000000E+00 -0.2403282E-05  0.0000000E+00
         1   322      5 -0.1178633E-02 -0.8934316E-05  0.0000000E+00  0.0000000E+00 -0.3663999E-05  0.0000000E+00
         1   322      6 -0.1414514E-02 -0.1073562E-04  0.0000000E+00  0.0000000E+00 -0.5188778E-05  0.0000000E+00
         1   322      7 -0.1650444E-02 -0.1254146E-04  0.0000000E+00  0.0000000E+00 -0.6977670E-05  0.0000000E+00
         1   322      8 -0.1886422E-02 -0.1435171E-04  0.0000000E+00  0.0000000E+00 -0.9030726E-05  0.0000000E+00
         1   322      9 -0.2122448E-02 -0.1616624E-04  0.0000000E+00  0.0000000E+00 -0.1134800E-04  0.0000000E+00
         1   322     10 -0.3163577E-04 -0.2144988E-05  0.0000000E+00  0.0000000E+00  0.4206963E-01  0.1000000E-02

         1   323      0  0.0000000E+00  0.0000000E+00  0.0000000E+00  0.0000000E+00  0.0000000E+00  0.0000000E+00
         1   323      1  0.0000000E+00  0.0000000E+00  0.0000000E+00  0.0000000E+00  0.0000000E+00  0.0000000E+00
         1   323      2 -0.4721845E-03 -0.3558796E-05  0.0000000E+00  0.0000000E+00 -0.6738277E-06  0.0000000E+00
         1   323      3 -0.7083589E-03 -0.5345781E-05  0.0000000E+00  0.0000000E+00 -0.1406577E-05  0.0000000E+00
         1   323      4 -0.9445866E-03 -0.7137662E-05  0.0000000E+00  0.0000000E+00 -0.2403286E-05  0.0000000E+00
         1   323      5 -0.1180867E-02 -0.8934316E-05  0.0000000E+00  0.0000000E+00 -0.3664005E-05  0.0000000E+00
         1   323      6 -0.1417198E-02 -0.1073562E-04  0.0000000E+00  0.0000000E+00 -0.5188786E-05  0.0000000E+00
         1   323      7 -0.1653580E-02 -0.1254146E-04  0.0000000E+00  0.0000000E+00 -0.6977681E-05  0.0000000E+00
         1   323      8 -0.1890010E-02 -0.1435171E-04  0.0000000E+00  0.0000000E+00 -0.9030741E-05  0.0000000E+00
         1   323      9 -0.2126489E-02 -0.1616624E-04  0.0000000E+00  0.0000000E+00 -0.1134802E-04  0.0000000E+00
         1   323     10 -0.3217172E-04 -0.2144988E-05  0.0000000E+00  0.0000000E+00  0.4211906E-01  0.1000000E-02

         1   324      0  0.0000000E+00  0.0000000E+00  0.0000000E+00  0.0000000E+00  0.0000000E+00  0.0000000E+00
         1   324      1  0.0000000E+00  0.0000000E+00  0.0000000E+00  0.0000000E+00  0.0000000E+00  0.0000000E+00
         1   324      2 -0.4628263E-03  0.4084382E-04  0.0000000E+00  0.0000000E+00 -0.6776130E-06  0.0000000E+00
         1   324      3 -0.6943235E-03  0.6126603E-04  0.0000000E+00  0.0000000E+00 -0.1415096E-05  0.0000000E+00
         1   324      4 -0.9258751E-03  0.8168847E-04  0.0000000E+00  0.0000000E+00 -0.2418434E-05  0.0000000E+00
         1   324      5 -0.1157480E-02  0.1021112E-03  0.0000000E+00  0.0000000E+00 -0.3687679E-05  0.0000000E+00
         1   324      6 -0.1389138E-02  0.1225341E-03  0.0000000E+00  0.0000000E+00 -0.5222885E-05  0.0000000E+00
         1   324      7 -0.1620846E-02  0.1429574E-03  0.0000000E+00  0.0000000E+00 -0.7024104E-05  0.0000000E+00
         1   324      8 -0.1852605E-02  0.1633810E-03  0.0000000E+00  0.0000000E+00 -0.9091387E-05  0.0000000E+00
         1   324      9 -0.2084414E-02  0.1838049E-03  0.0000000E+00  0.0000000E+00 -0.1142479E-04  0.0000000E+00
         1   324     10 -0.3247799E-04  0.9240499E-06  0.0000000E+00  0.0000000E+00  0.4221791E-01  0.1000000E-02

         1   325      0  0.0000000E+00  0.0000000E+00  0.0000000E+00  0.0000000E+00  0.0000000E+00  0.0000000E+00
         1   325      1  0.0000000E+00  0.0000000E+00  0.0000000E+00  0.0000000E+00  0.0000000E+00  0.0000000E+00
         1   325      2 -0.4316619E-03  0.8332207E-04  0.0000000E+00  0.0000000E+00 -0.6815733E-06  0.0000000E+00
         1   325      3 -0.6475747E-03  0.1249913E-03  0.0000000E+00  0.0000000E+00 -0.1424009E-05  0.0000000E+00
         1   325      4 -0.8635406E-03  0.1666658E-03  0.0000000E+00  0.0000000E+00 -0.2434282E-05  0.0000000E+00
         1   325      5 -0.1079559E-02  0.2083456E-03  0.0000000E+00  0.0000000E+00 -0.3712448E-05  0.0000000E+00
         1   325      6 -0.1295628E-02  0.2500306E-03  0.0000000E+00  0.0000000E+00 -0.5258560E-05  0.0000000E+00
         1   325      7 -0.1511746E-02  0.2917207E-03  0.0000000E+00  0.0000000E+00 -0.7072671E-05  0.0000000E+00
         1   325      8 -0.1727914E-02  0.3334159E-03  0.0000000E+00  0.0000000E+00 -0.9154836E-05  0.0000000E+00
         1   325      9 -0.1944130E-02  0.3751159E-03  0.0000000E+00  0.0000000E+00 -0.1150511E-04  0.0000000E+00
         1   325     10 -0.3125544E-04  0.3949590E-05  0.0000000E+00  0.0000000E+00  0.4231676E-01  0.1000000E-02

         1   326      0  0.0000000E+00  0.0000000E+00  0.0000000E+00  0.0000000E+00  0.0000000E+00  0.0000000E+00
         1   326      1  0.0000000E+00  0.0000000E+00  0.0000000E+00  0.0000000E+00  0.0000000E+00  0.0000000E+00
         1   326      2 -0.4108314E-03  0.8332207E-04  0.0000000E+00  0.0000000E+00 -0.6820551E-06  0.0000000E+00
         1   326      3 -0.6163269E-03  0.1249913E-03  0.0000000E+00  0.0000000E+00 -0.1425093E-05  0.0000000E+00
         1   326      4 -0.8218742E-03  0.1666658E-03  0.0000000E+00  0.0000000E+00 -0.2436210E-05  0.0000000E+00
         1   326      5 -0.1027472E-02  0.2083456E-03  0.0000000E+00  0.0000000E+00 -0.3715460E-05  0.0000000E+00
         1   326      6 -0.1233120E-02  0.2500306E-03  0.0000000E+00  0.0000000E+00 -0.5262898E-05  0.0000000E+00
         1   326      7 -0.1438816E-02  0.2917207E-03  0.0000000E+00  0.0000000E+00 -0.7078577E-05  0.0000000E+00
         1   326      8 -0.1644560E-02  0.3334159E-03  0.0000000E+00  0.0000000E+00 -0.9162550E-05  0.0000000E+00
         1   326      9 -0.1850351E-02  0.3751159E-03  0.0000000E+00  0.0000000E+00 -0.1151487E-04  0.0000000E+00
         1   326     10 -0.3026859E-04  0.3949590E-05  0.0000000E+00  0.0000000E+00  0.4236618E-01  0.1000000E-02

         1   327      0  0.0000000E+00  0.0000000E+00  0.0000000E+00  0.0000000E+00  0.0000000E+00  0.0000000E+00
         1   327      1  0.0000000E+00  0.0000000E+00  0.0000000E+00  0.0000000E+00  0.0000000E+00  0.0000000E+00
         1   327      2 -0.3983331E-03  0.8332207E-04  0.0000000E+00  0.0000000E+00 -0.6823442E-06  0.0000000E+00
         1   327      3 -0.5975782E-03  0.1249913E-03  0.0000000E+00  0.0000000E+00 -0.1425743E-05  0.0000000E+00
         1   327      4 -0.7968743E-03  0.1666658E-03  0.0000000E+00  0.0000000E+00 -0.2437367E-05  0.0000000E+00
         1   327      5 -0.9962204E-03  0.2083456E-03  0.0000000E+00  0.0000000E+00 -0.3717268E-05  0.0000000E+00
         1   327      6 -0.1195615E-02  0.2500306E-03  0.0000000E+00  0.0000000E+00 -0.5265501E-05  0.0000000E+00
         1   327      7 -0.1395058E-02  0.2917207E-03  0.0000000E+00  0.0000000E+00 -0.7082120E-05  0.0000000E+00
         1   327      8 -0.1594548E-02  0.3334159E-03  0.0000000E+00  0.0000000E+00 -0.9167179E-05  0.0000000E+00
         1   327      9 -0.1794083E-02  0.3751159E-03  0.0000000E+00  0.0000000E+00 -0.1152073E-04  0.0000000E+00
         1   327     10 -0.2967648E-04  0.3949590E-05  0.0000000E+00  0.0000000E+00  0.4239584E-01  0.1000000E-02

         1   328      0  0.0000000E+00  0.0000000E+00  0.0000000E+00  0.0000000E+00  0.0000000E+00  0.0000000E+00
         1   328      1  0.0000000E+00  0.0000000E+00  0.0000000E+00  0.0000000E+00  0.0000000E+00  0.0000000E+00
         1   328      2 -0.3775026E-03  0.8332207E-04  0.0000000E+00  0.0000000E+00 -0.6828260E-06  0.0000000E+00
         1   328      3 -0.5663304E-03  0.1249913E-03  0.0000000E+00  0.0000000E+00 -0.1426828E-05  0.0000000E+00
         1   328      4 -0.7552078E-03  0.1666658E-03  0.0000000E+00  0.0000000E+00 -0.2439294E-05  0.0000000E+00
         1   328      5 -0.9441339E-03  0.2083456E-03  0.0000000E+00  0.0000000E+00 -0.3720280E-05  0.0000000E+00
         1   328      6 -0.1133108E-02  0.2500306E-03  0.0000000E+00  0.0000000E+00 -0.5269839E-05  0.0000000E+00
         1   328      7 -0.1322128E-02  0.2917207E-03  0.0000000E+00  0.0000000E+00 -0.7088026E-05  0.0000000E+00
         1   328      8 -0.1511194E-02  0.3334159E-03  0.0000000E+00  0.0000000E+00 -0.9174894E-05  0.0000000E+00
         1   328      9 -0.1700304E-02  0.3751159E-03  0.0000000E+00  0.0000000E+00 -0.1153050E-04  0.0000000E+00
         1   328     10 -0.2868963E-04  0.3949590E-05  0.0000000E+00  0.0000000E+00  0.4244526E-01  0.1000000E-02

         1   329      0  0.0000000E+00  0.0000000E+00  0.0000000E+00  0.0000000E+00  0.0000000E+00  0.0000000E+00
         1   329      1  0.0000000E+00  0.0000000E+00  0.0000000E+00  0.0000000E+00  0.0000000E+00  0.0000000E+00
         1   329      2  0.1286130E-04  0.8332207E-04  0.0000000E+00  0.0000000E+00 -0.6918549E-06  0.0000000E+00
         1   329      3  0.1925375E-04  0.1249913E-03  0.0000000E+00  0.0000000E+00 -0.1447145E-05  0.0000000E+00
         1   329      4  0.2562157E-04  0.1666658E-03  0.0000000E+00  0.0000000E+00 -0.2475419E-05  0.0000000E+00
         1   329      5  0.3196541E-04  0.2083456E-03  0.0000000E+00  0.0000000E+00 -0.3776733E-05  0.0000000E+00
         1   329      6  0.3828592E-04  0.2500306E-03  0.0000000E+00  0.0000000E+00 -0.5351141E-05  0.0000000E+00
         1   329      7  0.4458372E-04  0.2917207E-03  0.0000000E+00  0.0000000E+00 -0.7198701E-05  0.0000000E+00
         1   329      8  0.5085946E-04  0.3334159E-03  0.0000000E+00  0.0000000E+00 -0.9319467E-05  0.0000000E+00
         1   329      9  0.5711378E-04  0.3751159E-03  0.0000000E+00  0.0000000E+00 -0.1171349E-04  0.0000000E+00
         1   329     10 -0.1019606E-04  0.3949590E-05  0.0000000E+00  0.0000000E+00  0.4337148E-01  0.1000000E-02

         1   330      0  0.0000000E+00  0.0000000E+00  0.0000000E+00  0.0000000E+00  0.0000000E+00  0.0000000E+00
         1   330      1  0.0000000E+00  0.0000000E+00  0.0000000E+00  0.0000000E+00  0.0000000E+00  0.0000000E+00
         1   330      2  0.3369182E-04  0.8332207E-04  0.0000000E+00  0.0000000E+00 -0.6923367E-06  0.0000000E+00
         1   330      3  0.5050157E-04  0.1249913E-03  0.0000000E+00  0.0000000E+00 -0.1448230E-05  0.0000000E+00
         1   330      4  0.6728803E-04  0.1666658E-03  0.0000000E+00  0.0000000E+00 -0.2477347E-05  0.0000000E+00
         1   330      5  0.8405183E-04  0.2083456E-03  0.0000000E+00  0.0000000E+00 -0.3779745E-05  0.0000000E+00
         1   330      6  0.1007936E-03  0.2500306E-03  0.0000000E+00  0.0000000E+00 -0.5355480E-05  0.0000000E+00
         1   330      7  0.1175139E-03  0.2917207E-03  0.0000000E+00  0.0000000E+00 -0.7204607E-05  0.0000000E+00
         1   330      8  0.1342134E-03  0.3334159E-03  0.0000000E+00  0.0000000E+00 -0.9327181E-05  0.0000000E+00
         1   330      9  0.1508928E-03  0.3751159E-03  0.0000000E+00  0.0000000E+00 -0.1172326E-04  0.0000000E+00
         1   330     10 -0.9209214E-05  0.3949590E-05  0.0000000E+00  0.0000000E+00  0.4342091E-01  0.1000000E-02

         1   331      0  0.0000000E+00  0.0000000E+00  0.0000000E+00  0.0000000E+00  0.0000000E+00  0.0000000E+00
         1   331      1  0.0000000E+00  0.0000000E+00  0.0000000E+00  0.0000000E+00  0.0000000E+00  0.0000000E+00
         1   331      2  0.4619013E-04  0.8332207E-04  0.0000000E+00  0.0000000E+00 -0.6926258E-06  0.0000000E+00
         1   331      3  0.6925026E-04  0.1249913E-03  0.0000000E+00  0.0000000E+00 -0.1448880E-05  0.0000000E+00
         1   331      4  0.9228790E-04  0.1666658E-03  0.0000000E+00  0.0000000E+00 -0.2478504E-05  0.0000000E+00
         1   331      5  0.1153037E-03  0.2083456E-03  0.0000000E+00  0.0000000E+00 -0.3781553E-05  0.0000000E+00
         1   331      6  0.1382982E-03  0.2500306E-03  0.0000000E+00  0.0000000E+00 -0.5358083E-05  0.0000000E+00
         1   331      7  0.1612720E-03  0.2917207E-03  0.0000000E+00  0.0000000E+00 -0.7208150E-05  0.0000000E+00
         1   331      8  0.1842258E-03  0.3334159E-03  0.0000000E+00  0.0000000E+00 -0.9331810E-05  0.0000000E+00
         1   331      9  0.2071602E-03  0.3751159E-03  0.0000000E+00  0.0000000E+00 -0.1172912E-04  0.0000000E+00
         1   331     10 -0.8617104E-05  0.3949590E-05  0.0000000E+00  0.0000000E+00  0.4345056E-01  0.1000000E-02

         1   332      0  0.0000000E+00  0.0000000E+00  0.0000000E+00  0.0000000E+00  0.0000000E+00  0.0000000E+00
         1   332      1  0.0000000E+00  0.0000000E+00  0.0000000E+00  0.0000000E+00  0.0000000E+00  0.0000000E+00
         1   332      2  0.6702065E-04  0.8332207E-04  0.0000000E+00  0.0000000E+00 -0.6931076E-06  0.0000000E+00
         1   332      3  0.1004981E-03  0.1249913E-03  0.0000000E+00  0.0000000E+00 -0.1449964E-05  0.0000000E+00
         1   332      4  0.1339544E-03  0.1666658E-03  0.0000000E+00  0.0000000E+00 -0.2480431E-05  0.0000000E+00
         1   332      5  0.1673901E-03  0.2083456E-03  0.0000000E+00  0.0000000E+00 -0.3784565E-05  0.0000000E+00
         1   332      6  0.2008058E-03  0.2500306E-03  0.0000000E+00  0.0000000E+00 -0.5362421E-05  0.0000000E+00
         1   332      7  0.2342022E-03  0.2917207E-03  0.0000000E+00  0.0000000E+00 -0.7214056E-05  0.0000000E+00
         1   332      8  0.2675798E-03  0.3334159E-03  0.0000000E+00  0.0000000E+00 -0.9339525E-05  0.0000000E+00
         1   332      9  0.3009392E-03  0.3751159E-03  0.0000000E+00  0.0000000E+00 -0.1173888E-04  0.0000000E+00
         1   332     10 -0.7630254E-05  0.3949590E-05  0.0000000E+00  0.0000000E+00  0.4349998E-01  0.1000000E-02

         1   333      0  0.0000000E+00  0.0000000E+00  0.0000000E+00  0.0000000E+00  0.0000000E+00  0.0000000E+00
         1   333      1  0.0000000E+00  0.0000000E+00  0.0000000E+00  0.0000000E+00  0.0000000E+00  0.0000000E+00
         1   333      2  0.1104030E-03  0.9081999E-04  0.0000000E+00  0.0000000E+00 -0.6940326E-06  0.0000000E+00
         1   333      3  0.1655750E-03  0.1362355E-03  0.0000000E+00  0.0000000E+00 -0.1452046E-05  0.0000000E+00
         1   333      4  0.2207280E-03  0.1816547E-03  0.0000000E+00  0.0000000E+00 -0.2484133E-05  0.0000000E+00
         1   333      5  0.2758628E-03  0.2270775E-03  0.0000000E+00  0.0000000E+00 -0.3790350E-05  0.0000000E+00
         1   333      6  0.3309798E-03  0.2725039E-03  0.0000000E+00  0.0000000E+00 -0.5370752E-05  0.0000000E+00
         1   333      7  0.3860795E-03  0.3179339E-03  0.0000000E+00  0.0000000E+00 -0.7225398E-05  0.0000000E+00
         1   333      8  0.4411626E-03  0.3633673E-03  0.0000000E+00  0.0000000E+00 -0.9354341E-05  0.0000000E+00
         1   333      9  0.4962295E-03  0.4088043E-03  0.0000000E+00  0.0000000E+00 -0.1175764E-04  0.0000000E+00
         1   333     10 -0.5804808E-05  0.3382025E-05  0.0000000E+00  0.0000000E+00  0.4359883E-01  0.1000000E-02

         1   334      0  0.0000000E+00  0.0000000E+00  0.0000000E+00  0.0000000E+00  0.0000000E+00  0.0000000E+00
         1   334      1  0.0000000E+00  0.0000000E+00  0.0000000E+00  0.0000000E+00  0.0000000E+00  0.0000000E+00
         1   334      2  0.1581349E-03  0.1006944E-03  0.0000000E+00  0.0000000E+00 -0.6950606E-06  0.0000000E+00
         1   334      3  0.2371751E-03  0.1510450E-03  0.0000000E+00  0.0000000E+00 -0.1454359E-05  0.0000000E+00
         1   334      4  0.3161980E-03  0.2013980E-03  0.0000000E+00  0.0000000E+00 -0.2488246E-05  0.0000000E+00
         1   334      5  0.3952039E-03  0.2517532E-03  0.0000000E+00  0.0000000E+00 -0.3796777E-05  0.0000000E+00
         1   334      6  0.4741935E-03  0.3021108E-03  0.0000000E+00  0.0000000E+00 -0.5380010E-05  0.0000000E+00
         1   334      7  0.5531674E-03  0.3524708E-03  0.0000000E+00  0.0000000E+00 -0.7237999E-05  0.0000000E+00
         1   334      8  0.6321261E-03  0.4028331E-03  0.0000000E+00  0.0000000E+00 -0.9370802E-05  0.0000000E+00
         1   334      9  0.7110701E-03  0.4531978E-03  0.0000000E+00  0.0000000E+00 -0.1177847E-04  0.0000000E+00
         1   334     10 -0.4211618E-05  0.3013842E-05  0.0000000E+00  0.0000000E+00  0.4369768E-01  0.1000000E-02

         1   335      0  0.0000000E+00  0.0000000E+00  0.0000000E+00  0.0000000E+00  0.0000000E+00  0.0000000E+00
         1   335      1  0.0000000E+00  0.0000000E+00  0.0000000E+00  0.0000000E+00  0.0000000E+00  0.0000000E+00
         1   335      2  0.1833085E-03  0.1006944E-03  0.0000000E+00  0.0000000E+00 -0.6957642E-06  0.0000000E+00
         1   335      3  0.2749364E-03  0.1510450E-03  0.0000000E+00  0.0000000E+00 -0.1455943E-05  0.0000000E+00
         1   335      4  0.3665474E-03  0.2013980E-03  0.0000000E+00  0.0000000E+00 -0.2491061E-05  0.0000000E+00
         1   335      5  0.4581422E-03  0.2517532E-03  0.0000000E+00  0.0000000E+00 -0.3801176E-05  0.0000000E+00
         1   335      6  0.5497212E-03  0.3021108E-03  0.0000000E+00  0.0000000E+00 -0.5386344E-05  0.0000000E+00
         1   335      7  0.6412851E-03  0.3524708E-03  0.0000000E+00  0.0000000E+00 -0.7246621E-05  0.0000000E+00
         1   335      8  0.7328344E-03  0.4028331E-03  0.0000000E+00  0.0000000E+00 -0.9382064E-05  0.0000000E+00
         1   335      9  0.8243696E-03  0.4531978E-03  0.0000000E+00  0.0000000E+00 -0.1179273E-04  0.0000000E+00
         1   335     10 -0.3458576E-05  0.3013842E-05  0.0000000E+00  0.0000000E+00  0.4374711E-01  0.1000000E-02

         1   336      0  0.0000000E+00  0.0000000E+00  0.0000000E+00  0.0000000E+00  0.0000000E+00  0.0000000E+00
         1   336      1  0.0000000E+00  0.0000000E+00  0.0000000E+00  0.0000000E+00  0.0000000E+00  0.0000000E+00
         1   336      2  0.1984127E-03  0.1006944E-03  0.0000000E+00  0.0000000E+00 -0.6961864E-06  0.0000000E+00
         1   336      3  0.2975932E-03  0.1510450E-03  0.0000000E+00  0.0000000E+00 -0.1456892E-05  0.0000000E+00
         1   336      4  0.3967571E-03  0.2013980E-03  0.0000000E+00  0.0000000E+00 -0.2492750E-05  0.0000000E+00
         1   336      5  0.4959052E-03  0.2517532E-03  0.0000000E+00  0.0000000E+00 -0.3803815E-05  0.0000000E+00
         1   336      6  0.5950379E-03  0.3021108E-03  0.0000000E+00  0.0000000E+00 -0.5390144E-05  0.0000000E+00
         1   336      7  0.6941557E-03  0.3524708E-03  0.0000000E+00  0.0000000E+00 -0.7251794E-05  0.0000000E+00
         1   336      8  0.7932593E-03  0.4028331E-03  0.0000000E+00  0.0000000E+00 -0.9388821E-05  0.0000000E+00
         1   336      9  0.8923492E-03  0.4531978E-03  0.0000000E+00  0.0000000E+00 -0.1180128E-04  0.0000000E+00
         1   336     10 -0.3006750E-05  0.3013842E-05  0.0000000E+00  0.0000000E+00  0.4377676E-01  0.1000000E-02

         1   337      0  0.0000000E+00  0.0000000E+00  0.0000000E+00  0.0000000E+00  0.0000000E+00  0.0000000E+00
         1   337      1  0.0000000E+00  0.0000000E+00  0.0000000E+00  0.0000000E+00  0.0000000E+00  0.0000000E+00
         1   337      2  0.2235863E-03  0.1006944E-03  0.0000000E+00  0.0000000E+00 -0.6968901E-06  0.0000000E+00
         1   337      3  0.3353544E-03  0.1510450E-03  0.0000000E+00  0.0000000E+00 -0.1458476E-05  0.0000000E+00
         1   337      4  0.4471066E-03  0.2013980E-03  0.0000000E+00  0.0000000E+00 -0.2495564E-05  0.0000000E+00
         1   337      5  0.5588435E-03  0.2517532E-03  0.0000000E+00  0.0000000E+00 -0.3808213E-05  0.0000000E+00
         1   337      6  0.6705656E-03  0.3021108E-03  0.0000000E+00  0.0000000E+00 -0.5396478E-05  0.0000000E+00
         1   337      7  0.7822734E-03  0.3524708E-03  0.0000000E+00  0.0000000E+00 -0.7260416E-05  0.0000000E+00
         1   337      8  0.8939676E-03  0.4028331E-03  0.0000000E+00  0.0000000E+00 -0.9400082E-05  0.0000000E+00
         1   337      9  0.1005649E-02  0.4531978E-03  0.0000000E+00  0.0000000E+00 -0.1181553E-04  0.0000000E+00
         1   337     10 -0.2253708E-05  0.3013842E-05  0.0000000E+00  0.0000000E+00  0.4382619E-01  0.1000000E-02

         1   338      0  0.0000000E+00  0.0000000E+00  0.0000000E+00  0.0000000E+00  0.0000000E+00  0.0000000E+00
         1   338      1  0.0000000E+00  0.0000000E+00  0.0000000E+00  0.0000000E+00  0.0000000E+00  0.0000000E+00
         1   338      2  0.6904199E-03  0.9815865E-04  0.0000000E+00  0.0000000E+00 -0.5317187E-04  0.0000000E+00
         1   338      3  0.1035628E-02  0.1472406E-03  0.0000000E+00  0.0000000E+00 -0.8017944E-04  0.0000000E+00
         1   338      4  0.1380835E-02  0.1963242E-03  0.0000000E+00  0.0000000E+00 -0.1074683E-03  0.0000000E+00
         1   338      5  0.1726042E-02  0.2454096E-03  0.0000000E+00  0.0000000E+00 -0.1350385E-03  0.0000000E+00
         1   338      6  0.2071249E-02  0.2944967E-03  0.0000000E+00  0.0000000E+00 -0.1628902E-03  0.0000000E+00
         1   338      7  0.2416458E-02  0.3435856E-03  0.0000000E+00  0.0000000E+00 -0.1910235E-03  0.0000000E+00
         1   338      8  0.2761668E-02  0.3926762E-03  0.0000000E+00  0.0000000E+00 -0.2194387E-03  0.0000000E+00
         1   338      9  0.3106881E-02  0.4417686E-03  0.0000000E+00  0.0000000E+00 -0.2481356E-03  0.0000000E+00
         1   338     10  0.2793105E-03  0.1169903E-03  0.0000000E+00  0.0000000E+00  0.4474164E-01  0.1000000E-02

         1   339      0  0.0000000E+00  0.0000000E+00  0.0000000E+00  0.0000000E+00  0.0000000E+00  0.0000000E+00
         1   339      1  0.0000000E+00  0.0000000E+00  0.0000000E+00  0.0000000E+00  0.0000000E+00  0.0000000E+00
         1   339      2  0.7149596E-03  0.9815865E-04  0.0000000E+00  0.0000000E+00 -0.5317254E-04  0.0000000E+00
         1   339      3  0.1072438E-02  0.1472406E-03  0.0000000E+00  0.0000000E+00 -0.8018095E-04  0.0000000E+00
         1   339      4  0.1429916E-02  0.1963242E-03  0.0000000E+00  0.0000000E+00 -0.1074709E-03  0.0000000E+00
         1   339      5  0.1787394E-02  0.2454096E-03  0.0000000E+00  0.0000000E+00 -0.1350427E-03  0.0000000E+00
         1   339      6  0.2144873E-02  0.2944967E-03  0.0000000E+00  0.0000000E+00 -0.1628962E-03  0.0000000E+00
         1   339      7  0.2502354E-02  0.3435856E-03  0.0000000E+00  0.0000000E+00 -0.1910317E-03  0.0000000E+00
         1   339      8  0.2859837E-02  0.3926762E-03  0.0000000E+00  0.0000000E+00 -0.2194494E-03  0.0000000E+00
         1   339      9  0.3217323E-02  0.4417686E-03  0.0000000E+00  0.0000000E+00 -0.2481492E-03  0.0000000E+00
         1   339     10  0.3085419E-03  0.1169903E-03  0.0000000E+00  0.0000000E+00  0.4479106E-01  0.1000000E-02

         1   340      0  0.0000000E+00  0.0000000E+00  0.0000000E+00  0.0000000E+00  0.0000000E+00  0.0000000E+00
         1   340      1  0.0000000E+00  0.0000000E+00  0.0000000E+00  0.0000000E+00  0.0000000E+00  0.0000000E+00
         1   340      2  0.7296834E-03  0.9815865E-04  0.0000000E+00  0.0000000E+00 -0.5317294E-04  0.0000000E+00
         1   340      3  0.1094524E-02  0.1472406E-03  0.0000000E+00  0.0000000E+00 -0.8018185E-04  0.0000000E+00
         1   340      4  0.1459364E-02  0.1963242E-03  0.0000000E+00  0.0000000E+00 -0.1074725E-03  0.0000000E+00
         1   340      5  0.1824206E-02  0.2454096E-03  0.0000000E+00  0.0000000E+00 -0.1350452E-03  0.0000000E+00
         1   340      6  0.2189048E-02  0.2944967E-03  0.0000000E+00  0.0000000E+00 -0.1628998E-03  0.0000000E+00
         1   340      7  0.2553892E-02  0.3435856E-03  0.0000000E+00  0.0000000E+00 -0.1910367E-03  0.0000000E+00
         1   340      8  0.2918739E-02  0.3926762E-03  0.0000000E+00  0.0000000E+00 -0.2194558E-03  0.0000000E+00
         1   340      9  0.3283588E-02  0.4417686E-03  0.0000000E+00  0.0000000E+00 -0.2481573E-03  0.0000000E+00
         1   340     10  0.3260807E-03  0.1169903E-03  0.0000000E+00  0.0000000E+00  0.4482072E-01  0.1000000E-02

         1   341      0  0.0000000E+00  0.0000000E+00  0.0000000E+00  0.0000000E+00  0.0000000E+00  0.0000000E+00
         1   341      1  0.0000000E+00  0.0000000E+00  0.0000000E+00  0.0000000E+00  0.0000000E+00  0.0000000E+00
         1   341      2  0.7542230E-03  0.9815865E-04  0.0000000E+00  0.0000000E+00 -0.5317361E-04  0.0000000E+00
         1   341      3  0.1131334E-02  0.1472406E-03  0.0000000E+00  0.0000000E+00 -0.8018335E-04  0.0000000E+00
         1   341      4  0.1508445E-02  0.1963242E-03  0.0000000E+00  0.0000000E+00 -0.1074752E-03  0.0000000E+00
         1   341      5  0.1885558E-02  0.2454096E-03  0.0000000E+00  0.0000000E+00 -0.1350493E-03  0.0000000E+00
         1   341      6  0.2262672E-02  0.2944967E-03  0.0000000E+00  0.0000000E+00 -0.1629058E-03  0.0000000E+00
         1   341      7  0.2639788E-02  0.3435856E-03  0.0000000E+00  0.0000000E+00 -0.1910448E-03  0.0000000E+00
         1   341      8  0.3016908E-02  0.3926762E-03  0.0000000E+00  0.0000000E+00 -0.2194665E-03  0.0000000E+00
         1   341      9  0.3394030E-02  0.4417686E-03  0.0000000E+00  0.0000000E+00 -0.2481708E-03  0.0000000E+00
         1   341     10  0.3553120E-03  0.1169903E-03  0.0000000E+00  0.0000000E+00  0.4487014E-01  0.1000000E-02

         1   342      0  0.0000000E+00  0.0000000E+00  0.0000000E+00  0.0000000E+00  0.0000000E+00  0.0000000E+00
         1   342      1  0.0000000E+00  0.0000000E+00  0.0000000E+00  0.0000000E+00  0.0000000E+00  0.0000000E+00
         1   342      2  0.7877669E-03  0.3556417E-04  0.0000000E+00  0.0000000E+00 -0.5318291E-04  0.0000000E+00
         1   342      3  0.1181651E-02  0.5334883E-04  0.0000000E+00  0.0000000E+00 -0.8020428E-04  0.0000000E+00
         1   342      4  0.1575537E-02  0.7113514E-04  0.0000000E+00  0.0000000E+00 -0.1075124E-03  0.0000000E+00
         1   342      5  0.1969424E-02  0.8892307E-04  0.0000000E+00  0.0000000E+00 -0.1351075E-03  0.0000000E+00
         1   342      6  0.2363314E-02  0.1067126E-03  0.0000000E+00  0.0000000E+00 -0.1629896E-03  0.0000000E+00
         1   342      7  0.2757207E-02  0.1245036E-03  0.0000000E+00  0.0000000E+00 -0.1911588E-03  0.0000000E+00
         1   342      8  0.3151104E-02  0.1422961E-03  0.0000000E+00  0.0000000E+00 -0.2196153E-03  0.0000000E+00
         1   342      9  0.3545005E-02  0.1600900E-03  0.0000000E+00  0.0000000E+00 -0.2483592E-03  0.0000000E+00
         1   342     10  0.4062251E-03  0.8608809E-04  0.0000000E+00  0.0000000E+00  0.4496899E-01  0.1000000E-02

         1   343      0  0.0000000E+00  0.0000000E+00  0.0000000E+00  0.0000000E+00  0.0000000E+00  0.0000000E+00
         1   343      1  0.0000000E+00  0.0000000E+00  0.0000000E+00  0.0000000E+00  0.0000000E+00  0.0000000E+00
         1   343      2  0.7895479E-03 -0.2846426E-04  0.0000000E+00  0.0000000E+00 -0.5319199E-04  0.0000000E+00
         1   343      3  0.1184324E-02 -0.4269393E-04  0.0000000E+00  0.0000000E+00 -0.8022470E-04  0.0000000E+00
         1   343      4  0.1579102E-02 -0.5692209E-04  0.0000000E+00  0.0000000E+00 -0.1075487E-03  0.0000000E+00
         1   343      5  0.1973883E-02 -0.7114883E-04  0.0000000E+00  0.0000000E+00 -0.1351642E-03  0.0000000E+00
         1   343      6  0.2368667E-02 -0.8537424E-04  0.0000000E+00  0.0000000E+00 -0.1630713E-03  0.0000000E+00
         1   343      7  0.2763454E-02 -0.9959841E-04  0.0000000E+00  0.0000000E+00 -0.1912700E-03  0.0000000E+00
         1   343      8  0.3158246E-02 -0.1138214E-03  0.0000000E+00  0.0000000E+00 -0.2197605E-03  0.0000000E+00
         1   343      9  0.3553043E-02 -0.1280434E-03  0.0000000E+00  0.0000000E+00 -0.2485430E-03  0.0000000E+00
         1   343     10  0.4407739E-03  0.5171795E-04  0.0000000E+00  0.0000000E+00  0.4506783E-01  0.1000000E-02

         1   344      0  0.0000000E+00  0.0000000E+00  0.0000000E+00  0.0000000E+00  0.0000000E+00  0.0000000E+00
         1   344      1  0.0000000E+00  0.0000000E+00  0.0000000E+00  0.0000000E+00  0.0000000E+00  0.0000000E+00
         1   344      2  0.7824318E-03 -0.2846426E-04  0.0000000E+00  0.0000000E+00 -0.5319204E-04  0.0000000E+00
         1   344      3  0.1173650E-02 -0.4269393E-04  0.0000000E+00  0.0000000E+00 -0.8022483E-04  0.0000000E+00
         1   344      4  0.1564871E-02 -0.5692209E-04  0.0000000E+00  0.0000000E+00 -0.1075490E-03  0.0000000E+00
         1   344      5  0.1956095E-02 -0.7114883E-04  0.0000000E+00  0.0000000E+00 -0.1351646E-03  0.0000000E+00
         1   344      6  0.2347323E-02 -0.8537424E-04  0.0000000E+00  0.0000000E+00 -0.1630718E-03  0.0000000E+00
         1   344      7  0.2738555E-02 -0.9959841E-04  0.0000000E+00  0.0000000E+00 -0.1912707E-03  0.0000000E+00
         1   344      8  0.3129791E-02 -0.1138214E-03  0.0000000E+00  0.0000000E+00 -0.2197614E-03  0.0000000E+00
         1   344      9  0.3521033E-02 -0.1280434E-03  0.0000000E+00  0.0000000E+00 -0.2485442E-03  0.0000000E+00
         1   344     10  0.4536962E-03  0.5171795E-04  0.0000000E+00  0.0000000E+00  0.4511726E-01  0.1000000E-02

         1   345      0  0.0000000E+00  0.0000000E+00  0.0000000E+00  0.0000000E+00  0.0000000E+00  0.0000000E+00
         1   345      1  0.0000000E+00  0.0000000E+00  0.0000000E+00  0.0000000E+00  0.0000000E+00  0.0000000E+00
         1   345      2  0.7781622E-03 -0.2846426E-04  0.0000000E+00  0.0000000E+00 -0.5319208E-04  0.0000000E+00
         1   345      3  0.1167246E-02 -0.4269393E-04  0.0000000E+00  0.0000000E+00 -0.8022491E-04  0.0000000E+00
         1   345      4  0.1556333E-02 -0.5692209E-04  0.0000000E+00  0.0000000E+00 -0.1075491E-03  0.0000000E+00
         1   345      5  0.1945423E-02 -0.7114883E-04  0.0000000E+00  0.0000000E+00 -0.1351648E-03  0.0000000E+00
         1   345      6  0.2334517E-02 -0.8537424E-04  0.0000000E+00  0.0000000E+00 -0.1630721E-03  0.0000000E+00
         1   345      7  0.2723615E-02 -0.9959841E-04  0.0000000E+00  0.0000000E+00 -0.1912711E-03  0.0000000E+00
         1   345      8  0.3112718E-02 -0.1138214E-03  0.0000000E+00  0.0000000E+00 -0.2197620E-03  0.0000000E+00
         1   345      9  0.3501826E-02 -0.1280434E-03  0.0000000E+00  0.0000000E+00 -0.2485448E-03  0.0000000E+00
         1   345     10  0.4614496E-03  0.5171795E-04  0.0000000E+00  0.0000000E+00  0.4514691E-01  0.1000000E-02

         1   346      0  0.0000000E+00  0.0000000E+00  0.0000000E+00  0.0000000E+00  0.0000000E+00  0.0000000E+00
         1   346      1  0.0000000E+00  0.0000000E+00  0.0000000E+00  0.0000000E+00  0.0000000E+00  0.0000000E+00
         1   346      2  0.7710461E-03 -0.2846426E-04  0.0000000E+00  0.0000000E+00 -0.5319213E-04  0.0000000E+00
         1   346      3  0.1156573E-02 -0.4269393E-04  0.0000000E+00  0.0000000E+00 -0.8022503E-04  0.0000000E+00
         1   346      4  0.1542103E-02 -0.5692209E-04  0.0000000E+00  0.0000000E+00 -0.1075493E-03  0.0000000E+00
         1   346      5  0.1927636E-02 -0.7114883E-04  0.0000000E+00  0.0000000E+00 -0.1351651E-03  0.0000000E+00
         1   346      6  0.2313173E-02 -0.8537424E-04  0.0000000E+00  0.0000000E+00 -0.1630726E-03  0.0000000E+00
         1   346      7  0.2698715E-02 -0.9959841E-04  0.0000000E+00  0.0000000E+00 -0.1912718E-03  0.0000000E+00
         1   346      8  0.3084262E-02 -0.1138214E-03  0.0000000E+00  0.0000000E+00 -0.2197629E-03  0.0000000E+00
         1   346      9  0.3469815E-02 -0.1280434E-03  0.0000000E+00  0.0000000E+00 -0.2485460E-03  0.0000000E+00
         1   346     10  0.4743719E-03  0.5171795E-04  0.0000000E+00  0.0000000E+00  0.4519634E-01  0.1000000E-02

         1   347      0  0.0000000E+00  0.0000000E+00  0.0000000E+00  0.0000000E+00  0.0000000E+00  0.0000000E+00
         1   347      1  0.0000000E+00  0.0000000E+00  0.0000000E+00  0.0000000E+00  0.0000000E+00  0.0000000E+00
         1   347      2  0.6282874E-03 -0.3234464E-04  0.0000000E+00  0.0000000E+00 -0.1335126E-03  0.0000000E+00
         1   347      3  0.9424418E-03 -0.4851464E-04  0.0000000E+00  0.0000000E+00 -0.2007084E-03  0.0000000E+00
         1   347      4  0.1256604E-02 -0.6468323E-04  0.0000000E+00  0.0000000E+00 -0.2681973E-03  0.0000000E+00
         1   347      5  0.1570773E-02 -0.8085049E-04  0.0000000E+00  0.0000000E+00 -0.3359796E-03  0.0000000E+00
         1   347      6  0.1884949E-02 -0.9701653E-04  0.0000000E+00  0.0000000E+00 -0.4040554E-03  0.0000000E+00
         1   347      7  0.2199133E-02 -0.1131814E-03  0.0000000E+00  0.0000000E+00 -0.4724249E-03  0.0000000E+00
         1   347      8  0.2513325E-02 -0.1293453E-03  0.0000000E+00  0.0000000E+00 -0.5410881E-03  0.0000000E+00
         1   347      9  0.2827524E-02 -0.1455082E-03  0.0000000E+00  0.0000000E+00 -0.6100454E-03  0.0000000E+00
         1   347     10  0.9768647E-03  0.1624403E-03  0.0000000E+00  0.0000000E+00  0.4604444E-01  0.1000000E-02

         1   348      0  0.0000000E+00  0.0000000E+00  0.0000000E+00  0.0000000E+00  0.0000000E+00  0.0000000E+00
         1   348      1  0.0000000E+00  0.0000000E+00  0.0000000E+00  0.0000000E+00  0.0000000E+00  0.0000000E+00
         1   348      2  0.6202012E-03 -0.3234464E-04  0.0000000E+00  0.0000000E+00 -0.1335127E-03  0.0000000E+00
         1   348      3  0.9303132E-03 -0.4851464E-04  0.0000000E+00  0.0000000E+00 -0.2007086E-03  0.0000000E+00
         1   348      4  0.1240433E-02 -0.6468323E-04  0.0000000E+00  0.0000000E+00 -0.2681976E-03  0.0000000E+00
         1   348      5  0.1550560E-02 -0.8085049E-04  0.0000000E+00  0.0000000E+00 -0.3359801E-03  0.0000000E+00
         1   348      6  0.1860695E-02 -0.9701653E-04  0.0000000E+00  0.0000000E+00 -0.4040561E-03  0.0000000E+00
         1   348      7  0.2170838E-02 -0.1131814E-03  0.0000000E+00  0.0000000E+00 -0.4724258E-03  0.0000000E+00
         1   348      8  0.2480988E-02 -0.1293453E-03  0.0000000E+00  0.0000000E+00 -0.5410893E-03  0.0000000E+00
         1   348      9  0.2791147E-02 -0.1455082E-03  0.0000000E+00  0.0000000E+00 -0.6100468E-03  0.0000000E+00
         1   348     10  0.1017452E-02  0.1624403E-03  0.0000000E+00  0.0000000E+00  0.4609386E-01  0.1000000E-02

         1   349      0  0.0000000E+00  0.0000000E+00  0.0000000E+00  0.0000000E+00  0.0000000E+00  0.0000000E+00
         1   349      1  0.0000000E+00  0.0000000E+00  0.0000000E+00  0.0000000E+00  0.0000000E+00  0.0000000E+00
         1   349      2  0.6153495E-03 -0.3234464E-04  0.0000000E+00  0.0000000E+00 -0.1335127E-03  0.0000000E+00
         1   349      3  0.9230360E-03 -0.4851464E-04  0.0000000E+00  0.0000000E+00 -0.2007087E-03  0.0000000E+00
         1   349      4  0.1230730E-02 -0.6468323E-04  0.0000000E+00  0.0000000E+00 -0.2681978E-03  0.0000000E+00
         1   349      5  0.1538433E-02 -0.8085049E-04  0.0000000E+00  0.0000000E+00 -0.3359804E-03  0.0000000E+00
         1   349      6  0.1846143E-02 -0.9701653E-04  0.0000000E+00  0.0000000E+00 -0.4040565E-03  0.0000000E+00
         1   349      7  0.2153861E-02 -0.1131814E-03  0.0000000E+00  0.0000000E+00 -0.4724263E-03  0.0000000E+00
         1   349      8  0.2461587E-02 -0.1293453E-03  0.0000000E+00  0.0000000E+00 -0.5410900E-03  0.0000000E+00
         1   349      9  0.2769321E-02 -0.1455082E-03  0.0000000E+00  0.0000000E+00 -0.6100477E-03  0.0000000E+00
         1   349     10  0.1041805E-02  0.1624403E-03  0.0000000E+00  0.0000000E+00  0.4612352E-01  0.1000000E-02

         1   350      0  0.0000000E+00  0.0000000E+00  0.0000000E+00  0.0000000E+00  0.0000000E+00  0.0000000E+00
         1   350      1  0.0000000E+00  0.0000000E+00  0.0000000E+00  0.0000000E+00  0.0000000E+00  0.0000000E+00
         1   350      2  0.6072633E-03 -0.3234464E-04  0.0000000E+00  0.0000000E+00 -0.1335128E-03  0.0000000E+00
         1   350      3  0.9109073E-03 -0.4851464E-04  0.0000000E+00  0.0000000E+00 -0.2007088E-03  0.0000000E+00
         1   350      4  0.1214560E-02 -0.6468323E-04  0.0000000E+00  0.0000000E+00 -0.2681981E-03  0.0000000E+00
         1   350      5  0.1518220E-02 -0.8085049E-04  0.0000000E+00  0.0000000E+00 -0.3359808E-03  0.0000000E+00
         1   350      6  0.1821889E-02 -0.9701653E-04  0.0000000E+00  0.0000000E+00 -0.4040571E-03  0.0000000E+00
         1   350      7  0.2125565E-02 -0.1131814E-03  0.0000000E+00  0.0000000E+00 -0.4724272E-03  0.0000000E+00
         1   350      8  0.2429250E-02 -0.1293453E-03  0.0000000E+00  0.0000000E+00 -0.5410912E-03  0.0000000E+00
         1   350      9  0.2732944E-02 -0.1455082E-03  0.0000000E+00  0.0000000E+00 -0.6100492E-03  0.0000000E+00
         1   350     10  0.1082392E-02  0.1624403E-03  0.0000000E+00  0.0000000E+00  0.4617294E-01  0.1000000E-02

         1   351      0  0.0000000E+00  0.0000000E+00  0.0000000E+00  0.0000000E+00  0.0000000E+00  0.0000000E+00
         1   351      1  0.0000000E+00  0.0000000E+00  0.0000000E+00  0.0000000E+00  0.0000000E+00  0.0000000E+00
         1   351      2  0.6022250E-03  0.1212930E-04  0.0000000E+00  0.0000000E+00 -0.1335081E-03  0.0000000E+00
         1   351      3  0.9033512E-03  0.1819723E-04  0.0000000E+00  0.0000000E+00 -0.2006981E-03  0.0000000E+00
         1   351      4  0.1204486E-02  0.2426720E-04  0.0000000E+00  0.0000000E+00 -0.2681791E-03  0.0000000E+00
         1   351      5  0.1505631E-02  0.3033912E-04  0.0000000E+00  0.0000000E+00 -0.3359512E-03  0.0000000E+00
         1   351      6  0.1806784E-02  0.3641291E-04  0.0000000E+00  0.0000000E+00 -0.4040145E-03  0.0000000E+00
         1   351      7  0.2107946E-02  0.4248845E-04  0.0000000E+00  0.0000000E+00 -0.4723691E-03  0.0000000E+00
         1   351      8  0.2409117E-02  0.4856566E-04  0.0000000E+00  0.0000000E+00 -0.5410153E-03  0.0000000E+00
         1   351      9  0.2710297E-02  0.5464444E-04  0.0000000E+00  0.0000000E+00 -0.6099531E-03  0.0000000E+00
         1   351     10  0.1184071E-02  0.2457508E-03  0.0000000E+00  0.0000000E+00  0.4627180E-01  0.1000000E-02

         1   352      0  0.0000000E+00  0.0000000E+00  0.0000000E+00  0.0000000E+00  0.0000000E+00  0.0000000E+00
         1   352      1  0.0000000E+00  0.0000000E+00  0.0000000E+00  0.0000000E+00  0.0000000E+00  0.0000000E+00
         1   352      2  0.6194673E-03  0.5705200E-04  0.0000000E+00  0.0000000E+00 -0.1335034E-03  0.0000000E+00
         1   352      3  0.9292166E-03  0.8558234E-04  0.0000000E+00  0.0000000E+00 -0.2006876E-03  0.0000000E+00
         1   352      4  0.1238976E-02  0.1141154E-03  0.0000000E+00  0.0000000E+00 -0.2681604E-03  0.0000000E+00
         1   352      5  0.1548746E-02  0.1426512E-03  0.0000000E+00  0.0000000E+00 -0.3359219E-03  0.0000000E+00
         1   352      6  0.1858526E-02  0.1711895E-03  0.0000000E+00  0.0000000E+00 -0.4039723E-03  0.0000000E+00
         1   352      7  0.2168315E-02  0.1997303E-03  0.0000000E+00  0.0000000E+00 -0.4723117E-03  0.0000000E+00
         1   352      8  0.2478115E-02  0.2282734E-03  0.0000000E+00  0.0000000E+00 -0.5409403E-03  0.0000000E+00
         1   352      9  0.2787925E-02  0.2568188E-03  0.0000000E+00  0.0000000E+00 -0.6098582E-03  0.0000000E+00
         1   352     10  0.1329518E-02  0.3381450E-03  0.0000000E+00  0.0000000E+00  0.4637066E-01  0.1000000E-02

         1   353      0  0.0000000E+00  0.0000000E+00  0.0000000E+00  0.0000000E+00  0.0000000E+00  0.0000000E+00
         1   353      1  0.0000000E+00  0.0000000E+00  0.0000000E+00  0.0000000E+00  0.0000000E+00  0.0000000E+00
         1   353      2  0.6337303E-03  0.5705200E-04  0.0000000E+00  0.0000000E+00 -0.1335036E-03  0.0000000E+00
         1   353      3  0.9506122E-03  0.8558234E-04  0.0000000E+00  0.0000000E+00 -0.2006881E-03  0.0000000E+00
         1   353      4  0.1267505E-02  0.1141154E-03  0.0000000E+00  0.0000000E+00 -0.2681613E-03  0.0000000E+00
         1   353      5  0.1584409E-02  0.1426512E-03  0.0000000E+00  0.0000000E+00 -0.3359233E-03  0.0000000E+00
         1   353      6  0.1901323E-02  0.1711895E-03  0.0000000E+00  0.0000000E+00 -0.4039743E-03  0.0000000E+00
         1   353      7  0.2218248E-02  0.1997303E-03  0.0000000E+00  0.0000000E+00 -0.4723144E-03  0.0000000E+00
         1   353      8  0.2535183E-02  0.2282734E-03  0.0000000E+00  0.0000000E+00 -0.5409439E-03  0.0000000E+00
         1   353      9  0.2852129E-02  0.2568188E-03  0.0000000E+00  0.0000000E+00 -0.6098628E-03  0.0000000E+00
         1   353     10  0.1414007E-02  0.3381450E-03  0.0000000E+00  0.0000000E+00  0.4642008E-01  0.1000000E-02

         1   354      0  0.0000000E+00  0.0000000E+00  0.0000000E+00  0.0000000E+00  0.0000000E+00  0.0000000E+00
         1   354      1  0.0000000E+00  0.0000000E+00  0.0000000E+00  0.0000000E+00  0.0000000E+00  0.0000000E+00
         1   354      2  0.6422881E-03  0.5705200E-04  0.0000000E+00  0.0000000E+00 -0.1335037E-03  0.0000000E+00
         1   354      3  0.9634496E-03  0.8558234E-04  0.0000000E+00  0.0000000E+00 -0.2006884E-03  0.0000000E+00
         1   354      4  0.1284622E-02  0.1141154E-03  0.0000000E+00  0.0000000E+00 -0.2681618E-03  0.0000000E+00
         1   354      5  0.1605806E-02  0.1426512E-03  0.0000000E+00  0.0000000E+00 -0.3359241E-03  0.0000000E+00
         1   354      6  0.1927001E-02  0.1711895E-03  0.0000000E+00  0.0000000E+00 -0.4039755E-03  0.0000000E+00
         1   354      7  0.2248208E-02  0.1997303E-03  0.0000000E+00  0.0000000E+00 -0.4723161E-03  0.0000000E+00
         1   354      8  0.2569424E-02  0.2282734E-03  0.0000000E+00  0.0000000E+00 -0.5409461E-03  0.0000000E+00
         1   354      9  0.2890652E-02  0.2568188E-03  0.0000000E+00  0.0000000E+00 -0.6098655E-03  0.0000000E+00
         1   354     10  0.1464701E-02  0.3381450E-03  0.0000000E+00  0.0000000E+00  0.4644973E-01  0.1000000E-02

         1   355      0  0.0000000E+00  0.0000000E+00  0.0000000E+00  0.0000000E+00  0.0000000E+00  0.0000000E+00
         1   355      1  0.0000000E+00  0.0000000E+00  0.0000000E+00  0.0000000E+00  0.0000000E+00  0.0000000E+00
         1   355      2  0.6565511E-03  0.5705200E-04  0.0000000E+00  0.0000000E+00 -0.1335040E-03  0.0000000E+00
         1   355      3  0.9848451E-03  0.8558234E-04  0.0000000E+00  0.0000000E+00 -0.2006889E-03  0.0000000E+00
         1   355      4  0.1313151E-02  0.1141154E-03  0.0000000E+00  0.0000000E+00 -0.2681627E-03  0.0000000E+00
         1   355      5  0.1641469E-02  0.1426512E-03  0.0000000E+00  0.0000000E+00 -0.3359256E-03  0.0000000E+00
         1   355      6  0.1969799E-02  0.1711895E-03  0.0000000E+00  0.0000000E+00 -0.4039776E-03  0.0000000E+00
         1   355      7  0.2298140E-02  0.1997303E-03  0.0000000E+00  0.0000000E+00 -0.4723189E-03  0.0000000E+00
         1   355      8  0.2626493E-02  0.2282734E-03  0.0000000E+00  0.0000000E+00 -0.5409497E-03  0.0000000E+00
         1   355      9  0.2954857E-02  0.2568188E-03  0.0000000E+00  0.0000000E+00 -0.6098701E-03  0.0000000E+00
         1   355     10  0.1549190E-02  0.3381450E-03  0.0000000E+00  0.0000000E+00  0.4649914E-01  0.1000000E-02

         1   356      0  0.0000000E+00  0.0000000E+00  0.0000000E+00  0.0000000E+00  0.0000000E+00  0.0000000E+00
         1   356      1  0.0000000E+00  0.0000000E+00  0.0000000E+00  0.0000000E+00  0.0000000E+00  0.0000000E+00
         1   356      2  0.9142036E-03  0.5269602E-04  0.0000000E+00  0.0000000E+00 -0.2236666E-03  0.0000000E+00
         1   356      3  0.1371351E-02  0.7904789E-04  0.0000000E+00  0.0000000E+00 -0.3359407E-03  0.0000000E+00
         1   356      4  0.1828529E-02  0.1054022E-03  0.0000000E+00  0.0000000E+00 -0.4485087E-03  0.0000000E+00
         1   356      5  0.2285735E-02  0.1317588E-03  0.0000000E+00  0.0000000E+00 -0.5613708E-03  0.0000000E+00
         1   356      6  0.2742970E-02  0.1581177E-03  0.0000000E+00  0.0000000E+00 -0.6745271E-03  0.0000000E+00
         1   356      7  0.3200233E-02  0.1844788E-03  0.0000000E+00  0.0000000E+00 -0.7879777E-03  0.0000000E+00
         1   356      8  0.3657522E-02  0.2108419E-03  0.0000000E+00  0.0000000E+00 -0.9017227E-03  0.0000000E+00
         1   356      9  0.4114839E-02  0.2372069E-03  0.0000000E+00  0.0000000E+00 -0.1015762E-02  0.0000000E+00
         1   356     10  0.3373368E-02  0.4392323E-03  0.0000000E+00  0.0000000E+00  0.4714798E-01  0.1000000E-02

         1   357      0  0.0000000E+00  0.0000000E+00  0.0000000E+00  0.0000000E+00  0.0000000E+00  0.0000000E+00
         1   357      1  0.0000000E+00  0.0000000E+00  0.0000000E+00  0.0000000E+00  0.0000000E+00  0.0000000E+00
         1   357      2  0.9273776E-03  0.5269602E-04  0.0000000E+00  0.0000000E+00 -0.2236668E-03  0.0000000E+00
         1   357      3  0.1391113E-02  0.7904789E-04  0.0000000E+00  0.0000000E+00 -0.3359411E-03  0.0000000E+00
         1   357      4  0.1854879E-02  0.1054022E-03  0.0000000E+00  0.0000000E+00 -0.4485095E-03  0.0000000E+00
         1   357      5  0.2318675E-02  0.1317588E-03  0.0000000E+00  0.0000000E+00 -0.5613720E-03  0.0000000E+00
         1   357      6  0.2782499E-02  0.1581177E-03  0.0000000E+00  0.0000000E+00 -0.6745288E-03  0.0000000E+00
         1   357      7  0.3246352E-02  0.1844788E-03  0.0000000E+00  0.0000000E+00 -0.7879800E-03  0.0000000E+00
         1   357      8  0.3710233E-02  0.2108419E-03  0.0000000E+00  0.0000000E+00 -0.9017258E-03  0.0000000E+00
         1   357      9  0.4174140E-02  0.2372069E-03  0.0000000E+00  0.0000000E+00 -0.1015766E-02  0.0000000E+00
         1   357     10  0.3483116E-02  0.4392323E-03  0.0000000E+00  0.0000000E+00  0.4719739E-01  0.1000000E-02

         1   358      0  0.0000000E+00  0.0000000E+00  0.0000000E+00  0.0000000E+00  0.0000000E+00  0.0000000E+00
         1   358      1  0.0000000E+00  0.0000000E+00  0.0000000E+00  0.0000000E+00  0.0000000E+00  0.0000000E+00
         1   358      2  0.9352819E-03  0.5269412E-04  0.0000000E+00  0.0000000E+00 -0.2236669E-03  0.0000000E+00
         1   358      3  0.1402970E-02  0.7904363E-04  0.0000000E+00  0.0000000E+00 -0.3359414E-03  0.0000000E+00
         1   358      4  0.1870689E-02  0.1053946E-03  0.0000000E+00  0.0000000E+00 -0.4485099E-03  0.0000000E+00
         1   358      5  0.2338438E-02  0.1317470E-03  0.0000000E+00  0.0000000E+00 -0.5613727E-03  0.0000000E+00
         1   358      6  0.2806216E-02  0.1581007E-03  0.0000000E+00  0.0000000E+00 -0.6745299E-03  0.0000000E+00
         1   358      7  0.3274022E-02  0.1844556E-03  0.0000000E+00  0.0000000E+00 -0.7879815E-03  0.0000000E+00
         1   358      8  0.3741857E-02  0.2108116E-03  0.0000000E+00  0.0000000E+00 -0.9017276E-03  0.0000000E+00
         1   358      9  0.4209719E-02  0.2371686E-03  0.0000000E+00  0.0000000E+00 -0.1015768E-02  0.0000000E+00
         1   358     10  0.3548962E-02  0.4392053E-03  0.0000000E+00  0.0000000E+00  0.4722704E-01  0.1000000E-02

         1   359      0  0.0000000E+00  0.0000000E+00  0.0000000E+00  0.0000000E+00  0.0000000E+00  0.0000000E+00
         1   359      1  0.0000000E+00  0.0000000E+00  0.0000000E+00  0.0000000E+00  0.0000000E+00  0.0000000E+00
         1   359      2  0.9484554E-03  0.5269412E-04  0.0000000E+00  0.0000000E+00 -0.2236671E-03  0.0000000E+00
         1   359      3  0.1422731E-02  0.7904363E-04  0.0000000E+00  0.0000000E+00 -0.3359418E-03  0.0000000E+00
         1   359      4  0.1897038E-02  0.1053946E-03  0.0000000E+00  0.0000000E+00 -0.4485107E-03  0.0000000E+00
         1   359      5  0.2371374E-02  0.1317470E-03  0.0000000E+00  0.0000000E+00 -0.5613739E-03  0.0000000E+00
         1   359      6  0.2845741E-02  0.1581007E-03  0.0000000E+00  0.0000000E+00 -0.6745316E-03  0.0000000E+00
         1   359      7  0.3320136E-02  0.1844556E-03  0.0000000E+00  0.0000000E+00 -0.7879838E-03  0.0000000E+00
         1   359      8  0.3794560E-02  0.2108116E-03  0.0000000E+00  0.0000000E+00 -0.9017307E-03  0.0000000E+00
         1   359      9  0.4269011E-02  0.2371686E-03  0.0000000E+00  0.0000000E+00 -0.1015772E-02  0.0000000E+00
         1   359     10  0.3658702E-02  0.4392053E-03  0.0000000E+00  0.0000000E+00  0.4727645E-01  0.1000000E-02

         1   360      0  0.0000000E+00  0.0000000E+00  0.0000000E+00  0.0000000E+00  0.0000000E+00  0.0000000E+00
         1   360      1  0.0000000E+00  0.0000000E+00  0.0000000E+00  0.0000000E+00  0.0000000E+00  0.0000000E+00
         1   360      2  0.9555042E-03 -0.2459390E-04  0.0000000E+00  0.0000000E+00 -0.2236804E-03  0.0000000E+00
         1   360      3  0.1433304E-02 -0.3689232E-04  0.0000000E+00  0.0000000E+00 -0.3359716E-03  0.0000000E+00
         1   360      4  0.1911136E-02 -0.4919176E-04  0.0000000E+00  0.0000000E+00 -0.4485637E-03  0.0000000E+00
         1   360      5  0.2388998E-02 -0.6149229E-04  0.0000000E+00  0.0000000E+00 -0.5614568E-03  0.0000000E+00
         1   360      6  0.2866889E-02 -0.7379393E-04  0.0000000E+00  0.0000000E+00 -0.6746509E-03  0.0000000E+00
         1   360      7  0.3344809E-02 -0.8609675E-04  0.0000000E+00  0.0000000E+00 -0.7881462E-03  0.0000000E+00
         1   360      8  0.3822758E-02 -0.9840078E-04  0.0000000E+00  0.0000000E+00 -0.9019428E-03  0.0000000E+00
         1   360      9  0.4300733E-02 -0.1107061E-03  0.0000000E+00  0.0000000E+00 -0.1016041E-02  0.0000000E+00
         1   360     10  0.3803015E-02  0.1364181E-03  0.0000000E+00  0.0000000E+00  0.4737509E-01  0.1000000E-02

         1   361      0  0.0000000E+00  0.0000000E+00  0.0000000E+00  0.0000000E+00  0.0000000E+00  0.0000000E+00
         1   361      1  0.0000000E+00  0.0000000E+00  0.0000000E+00  0.0000000E+00  0.0000000E+00  0.0000000E+00
         1   361      2  0.9240270E-03 -0.1008903E-03  0.0000000E+00  0.0000000E+00 -0.2236938E-03  0.0000000E+00
         1   361      3  0.1386087E-02 -0.1513408E-03  0.0000000E+00  0.0000000E+00 -0.3360019E-03  0.0000000E+00
         1   361      4  0.1848177E-02 -0.2017947E-03  0.0000000E+00  0.0000000E+00 -0.4486175E-03  0.0000000E+00
         1   361      5  0.2310296E-02 -0.2522522E-03  0.0000000E+00  0.0000000E+00 -0.5615408E-03  0.0000000E+00
         1   361      6  0.2772443E-02 -0.3027132E-03  0.0000000E+00  0.0000000E+00 -0.6747719E-03  0.0000000E+00
         1   361      7  0.3234619E-02 -0.3531777E-03  0.0000000E+00  0.0000000E+00 -0.7883109E-03  0.0000000E+00
         1   361      8  0.3696821E-02 -0.4036456E-03  0.0000000E+00  0.0000000E+00 -0.9021579E-03  0.0000000E+00
         1   361      9  0.4159049E-02 -0.4541170E-03  0.0000000E+00  0.0000000E+00 -0.1016313E-02  0.0000000E+00
         1   361     10  0.3794128E-02 -0.1718646E-03  0.0000000E+00  0.0000000E+00  0.4747373E-01  0.1000000E-02

         1   362      0  0.0000000E+00  0.0000000E+00  0.0000000E+00  0.0000000E+00  0.0000000E+00  0.0000000E+00
         1   362      1  0.0000000E+00  0.0000000E+00  0.0000000E+00  0.0000000E+00  0.0000000E+00  0.0000000E+00
         1   362      2  0.8988044E-03 -0.1008903E-03  0.0000000E+00  0.0000000E+00 -0.2236945E-03  0.0000000E+00
         1   362      3  0.1348252E-02 -0.1513408E-03  0.0000000E+00  0.0000000E+00 -0.3360034E-03  0.0000000E+00
         1   362      4  0.1797728E-02 -0.2017947E-03  0.0000000E+00  0.0000000E+00 -0.4486203E-03  0.0000000E+00
         1   362      5  0.2247233E-02 -0.2522522E-03  0.0000000E+00  0.0000000E+00 -0.5615452E-03  0.0000000E+00
         1   362      6  0.2696765E-02 -0.3027132E-03  0.0000000E+00  0.0000000E+00 -0.6747782E-03  0.0000000E+00
         1   362      7  0.3146324E-02 -0.3531777E-03  0.0000000E+00  0.0000000E+00 -0.7883195E-03  0.0000000E+00
         1   362      8  0.3595910E-02 -0.4036456E-03  0.0000000E+00  0.0000000E+00 -0.9021692E-03  0.0000000E+00
         1   362      9  0.4045520E-02 -0.4541170E-03  0.0000000E+00  0.0000000E+00 -0.1016327E-02  0.0000000E+00
         1   362     10  0.3751186E-02 -0.1718646E-03  0.0000000E+00  0.0000000E+00  0.4752315E-01  0.1000000E-02

         1   363      0  0.0000000E+00  0.0000000E+00  0.0000000E+00  0.0000000E+00  0.0000000E+00  0.0000000E+00
         1   363      1  0.0000000E+00  0.0000000E+00  0.0000000E+00  0.0000000E+00  0.0000000E+00  0.0000000E+00
         1   363      2  0.8836709E-03 -0.1008903E-03  0.0000000E+00  0.0000000E+00 -0.2236949E-03  0.0000000E+00
         1   363      3  0.1325551E-02 -0.1513408E-03  0.0000000E+00  0.0000000E+00 -0.3360044E-03  0.0000000E+00
         1   363      4  0.1767459E-02 -0.2017947E-03  0.0000000E+00  0.0000000E+00 -0.4486220E-03  0.0000000E+00
         1   363      5  0.2209395E-02 -0.2522522E-03  0.0000000E+00  0.0000000E+00 -0.5615478E-03  0.0000000E+00
         1   363      6  0.2651358E-02 -0.3027132E-03  0.0000000E+00  0.0000000E+00 -0.6747820E-03  0.0000000E+00
         1   363      7  0.3093348E-02 -0.3531777E-03  0.0000000E+00  0.0000000E+00 -0.7883247E-03  0.0000000E+00
         1   363      8  0.3535363E-02 -0.4036456E-03  0.0000000E+00  0.0000000E+00 -0.9021760E-03  0.0000000E+00
         1   363      9  0.3977403E-02 -0.4541170E-03  0.0000000E+00  0.0000000E+00 -0.1016336E-02  0.0000000E+00
         1   363     10  0.3725421E-02 -0.1718646E-03  0.0000000E+00  0.0000000E+00  0.4755280E-01  0.1000000E-02

         1   364      0  0.0000000E+00  0.0000000E+00  0.0000000E+00  0.0000000E+00  0.0000000E+00  0.0000000E+00
         1   364      1  0.0000000E+00  0.0000000E+00  0.0000000E+00  0.0000000E+00  0.0000000E+00  0.0000000E+00
         1   364      2  0.8584483E-03 -0.1008903E-03  0.0000000E+00  0.0000000E+00 -0.2236957E-03  0.0000000E+00
         1   364      3  0.1287715E-02 -0.1513408E-03  0.0000000E+00  0.0000000E+00 -0.3360060E-03  0.0000000E+00
         1   364      4  0.1717010E-02 -0.2017947E-03  0.0000000E+00  0.0000000E+00 -0.4486248E-03  0.0000000E+00
         1   364      5  0.2146332E-02 -0.2522522E-03  0.0000000E+00  0.0000000E+00 -0.5615523E-03  0.0000000E+00
         1   364      6  0.2575680E-02 -0.3027132E-03  0.0000000E+00  0.0000000E+00 -0.6747884E-03  0.0000000E+00
         1   364      7  0.3005053E-02 -0.3531777E-03  0.0000000E+00  0.0000000E+00 -0.7883334E-03  0.0000000E+00
         1   364      8  0.3434451E-02 -0.4036456E-03  0.0000000E+00  0.0000000E+00 -0.9021873E-03  0.0000000E+00
         1   364      9  0.3863873E-02 -0.4541170E-03  0.0000000E+00  0.0000000E+00 -0.1016350E-02  0.0000000E+00
         1   364     10  0.3682478E-02 -0.1718646E-03  0.0000000E+00  0.0000000E+00  0.4760222E-01  0.1000000E-02

         1   365      0  0.0000000E+00  0.0000000E+00  0.0000000E+00  0.0000000E+00  0.0000000E+00  0.0000000E+00
         1   365      1  0.0000000E+00  0.0000000E+00  0.0000000E+00  0.0000000E+00  0.0000000E+00  0.0000000E+00
         1   365      2  0.3766939E-03 -0.1043166E-03  0.0000000E+00  0.0000000E+00 -0.2946043E-03  0.0000000E+00
         1   365      3  0.5650443E-03 -0.1564813E-03  0.0000000E+00  0.0000000E+00 -0.4423826E-03  0.0000000E+00
         1   365      4  0.7533961E-03 -0.2086503E-03  0.0000000E+00  0.0000000E+00 -0.5904784E-03  0.0000000E+00
         1   365      5  0.9417485E-03 -0.2608236E-03  0.0000000E+00  0.0000000E+00 -0.7388917E-03  0.0000000E+00
         1   365      6  0.1130101E-02 -0.3130011E-03  0.0000000E+00  0.0000000E+00 -0.8876226E-03  0.0000000E+00
         1   365      7  0.1318453E-02 -0.3651829E-03  0.0000000E+00  0.0000000E+00 -0.1036671E-02  0.0000000E+00
         1   365      8  0.1506803E-02 -0.4173688E-03  0.0000000E+00  0.0000000E+00 -0.1186037E-02  0.0000000E+00
         1   365      9  0.1695152E-02 -0.4695589E-03  0.0000000E+00  0.0000000E+00 -0.1335721E-02  0.0000000E+00
         1   365     10  0.3101012E-02 -0.7591609E-04  0.0000000E+00  0.0000000E+00  0.4814451E-01  0.1000000E-02

         1   366      0  0.0000000E+00  0.0000000E+00  0.0000000E+00  0.0000000E+00  0.0000000E+00  0.0000000E+00
         1   366      1  0.0000000E+00  0.0000000E+00  0.0000000E+00  0.0000000E+00  0.0000000E+00  0.0000000E+00
         1   366      2  0.3506148E-03 -0.1043166E-03  0.0000000E+00  0.0000000E+00 -0.2946050E-03  0.0000000E+00
         1   366      3  0.5259240E-03 -0.1564813E-03  0.0000000E+00  0.0000000E+00 -0.4423843E-03  0.0000000E+00
         1   366      4  0.7012335E-03 -0.2086503E-03  0.0000000E+00  0.0000000E+00 -0.5904814E-03  0.0000000E+00
         1   366      5  0.8765426E-03 -0.2608236E-03  0.0000000E+00  0.0000000E+00 -0.7388964E-03  0.0000000E+00
         1   366      6  0.1051851E-02 -0.3130011E-03  0.0000000E+00  0.0000000E+00 -0.8876294E-03  0.0000000E+00
         1   366      7  0.1227157E-02 -0.3651829E-03  0.0000000E+00  0.0000000E+00 -0.1036680E-02  0.0000000E+00
         1   366      8  0.1402461E-02 -0.4173688E-03  0.0000000E+00  0.0000000E+00 -0.1186049E-02  0.0000000E+00
         1   366      9  0.1577762E-02 -0.4695589E-03  0.0000000E+00  0.0000000E+00 -0.1335736E-02  0.0000000E+00
         1   366     10  0.3082044E-02 -0.7591609E-04  0.0000000E+00  0.0000000E+00  0.4819393E-01  0.1000000E-02

         1   367      0  0.0000000E+00  0.0000000E+00  0.0000000E+00  0.0000000E+00  0.0000000E+00  0.0000000E+00
         1   367      1  0.0000000E+00  0.0000000E+00  0.0000000E+00  0.0000000E+00  0.0000000E+00  0.0000000E+00
         1   367      2  0.3349672E-03 -0.1043175E-03  0.0000000E+00  0.0000000E+00 -0.2946055E-03  0.0000000E+00
         1   367      3  0.5024516E-03 -0.1564834E-03  0.0000000E+00  0.0000000E+00 -0.4423853E-03  0.0000000E+00
         1   367      4  0.6699356E-03 -0.2086541E-03  0.0000000E+00  0.0000000E+00 -0.5904832E-03  0.0000000E+00
         1   367      5  0.8374186E-03 -0.2608294E-03  0.0000000E+00  0.0000000E+00 -0.7388993E-03  0.0000000E+00
         1   367      6  0.1004900E-02 -0.3130095E-03  0.0000000E+00  0.0000000E+00 -0.8876335E-03  0.0000000E+00
         1   367      7  0.1172379E-02 -0.3651942E-03  0.0000000E+00  0.0000000E+00 -0.1036686E-02  0.0000000E+00
         1   367      8  0.1339855E-02 -0.4173836E-03  0.0000000E+00  0.0000000E+00 -0.1186057E-02  0.0000000E+00
         1   367      9  0.1507327E-02 -0.4695777E-03  0.0000000E+00  0.0000000E+00 -0.1335746E-02  0.0000000E+00
         1   367     10  0.3070657E-02 -0.7599069E-04  0.0000000E+00  0.0000000E+00  0.4822359E-01  0.1000000E-02

         1   368      0  0.0000000E+00  0.0000000E+00  0.0000000E+00  0.0000000E+00  0.0000000E+00  0.0000000E+00
         1   368      1  0.0000000E+00  0.0000000E+00  0.0000000E+00  0.0000000E+00  0.0000000E+00  0.0000000E+00
         1   368      2  0.3088878E-03 -0.1043175E-03  0.0000000E+00  0.0000000E+00 -0.2946062E-03  0.0000000E+00
         1   368      3  0.4633308E-03 -0.1564834E-03  0.0000000E+00  0.0000000E+00 -0.4423870E-03  0.0000000E+00
         1   368      4  0.6177721E-03 -0.2086541E-03  0.0000000E+00  0.0000000E+00 -0.5904862E-03  0.0000000E+00
         1   368      5  0.7722113E-03 -0.2608294E-03  0.0000000E+00  0.0000000E+00 -0.7389040E-03  0.0000000E+00
         1   368      6  0.9266475E-03 -0.3130095E-03  0.0000000E+00  0.0000000E+00 -0.8876403E-03  0.0000000E+00
         1   368      7  0.1081080E-02 -0.3651942E-03  0.0000000E+00  0.0000000E+00 -0.1036695E-02  0.0000000E+00
         1   368      8  0.1235509E-02 -0.4173836E-03  0.0000000E+00  0.0000000E+00 -0.1186069E-02  0.0000000E+00
         1   368      9  0.1389932E-02 -0.4695777E-03  0.0000000E+00  0.0000000E+00 -0.1335761E-02  0.0000000E+00
         1   368     10  0.3051670E-02 -0.7599069E-04  0.0000000E+00  0.0000000E+00  0.4827301E-01  0.1000000E-02

         1   369      0  0.0000000E+00  0.0000000E+00  0.0000000E+00  0.0000000E+00  0.0000000E+00  0.0000000E+00
         1   369      1  0.0000000E+00  0.0000000E+00  0.0000000E+00  0.0000000E+00  0.0000000E+00  0.0000000E+00
         1   369      2  0.2621219E-03 -0.8332099E-04  0.0000000E+00  0.0000000E+00 -0.2946064E-03  0.0000000E+00
         1   369      3  0.3931782E-03 -0.1249888E-03  0.0000000E+00  0.0000000E+00 -0.4423873E-03  0.0000000E+00
         1   369      4  0.5242305E-03 -0.1666616E-03  0.0000000E+00  0.0000000E+00 -0.5904868E-03  0.0000000E+00
         1   369      5  0.6552783E-03 -0.2083394E-03  0.0000000E+00  0.0000000E+00 -0.7389049E-03  0.0000000E+00
         1   369      6  0.7863207E-03 -0.2500221E-03  0.0000000E+00  0.0000000E+00 -0.8876417E-03  0.0000000E+00
         1   369      7  0.9173572E-03 -0.2917099E-03  0.0000000E+00  0.0000000E+00 -0.1036697E-02  0.0000000E+00
         1   369      8  0.1048387E-02 -0.3334028E-03  0.0000000E+00  0.0000000E+00 -0.1186071E-02  0.0000000E+00
         1   369      9  0.1179410E-02 -0.3751007E-03  0.0000000E+00  0.0000000E+00 -0.1335764E-02  0.0000000E+00
         1   369     10  0.3069862E-02  0.1490238E-03  0.0000000E+00  0.0000000E+00  0.4837198E-01  0.1000000E-02

         1   370      0  0.0000000E+00  0.0000000E+00  0.0000000E+00  0.0000000E+00  0.0000000E+00  0.0000000E+00
         1   370      1  0.0000000E+00  0.0000000E+00  0.0000000E+00  0.0000000E+00  0.0000000E+00  0.0000000E+00
         1   370      2  0.2250537E-03 -0.6540712E-04  0.0000000E+00  0.0000000E+00 -0.2946064E-03  0.0000000E+00
         1   370      3  0.3375722E-03 -0.9811851E-04  0.0000000E+00  0.0000000E+00 -0.4423873E-03  0.0000000E+00
         1   370      4  0.4500841E-03 -0.1308352E-03  0.0000000E+00  0.0000000E+00 -0.5904868E-03  0.0000000E+00
         1   370      5  0.5625888E-03 -0.1635573E-03  0.0000000E+00  0.0000000E+00 -0.7389049E-03  0.0000000E+00
         1   370      6  0.6750856E-03 -0.1962849E-03  0.0000000E+00  0.0000000E+00 -0.8876416E-03  0.0000000E+00
         1   370      7  0.7875738E-03 -0.2290181E-03  0.0000000E+00  0.0000000E+00 -0.1036697E-02  0.0000000E+00
         1   370      8  0.9000527E-03 -0.2617569E-03  0.0000000E+00  0.0000000E+00 -0.1186071E-02  0.0000000E+00
         1   370      9  0.1012522E-02 -0.2945015E-03  0.0000000E+00  0.0000000E+00 -0.1335764E-02  0.0000000E+00
         1   370     10  0.3201527E-02  0.3795466E-03  0.0000000E+00  0.0000000E+00  0.4847095E-01  0.1000000E-02

         1   371      0  0.0000000E+00  0.0000000E+00  0.0000000E+00  0.0000000E+00  0.0000000E+00  0.0000000E+00
         1   371      1  0.0000000E+00  0.0000000E+00  0.0000000E+00  0.0000000E+00  0.0000000E+00  0.0000000E+00
         1   371      2  0.2087019E-03 -0.6540712E-04  0.0000000E+00  0.0000000E+00 -0.2946067E-03  0.0000000E+00
         1   371      3  0.3130425E-03 -0.9811851E-04  0.0000000E+00  0.0000000E+00 -0.4423880E-03  0.0000000E+00
         1   371      4  0.4173753E-03 -0.1308352E-03  0.0000000E+00  0.0000000E+00 -0.5904880E-03  0.0000000E+00
         1   371      5  0.5216995E-03 -0.1635573E-03  0.0000000E+00  0.0000000E+00 -0.7389067E-03  0.0000000E+00
         1   371      6  0.6260144E-03 -0.1962849E-03  0.0000000E+00  0.0000000E+00 -0.8876443E-03  0.0000000E+00
         1   371      7  0.7303193E-03 -0.2290181E-03  0.0000000E+00  0.0000000E+00 -0.1036701E-02  0.0000000E+00
         1   371      8  0.8346135E-03 -0.2617569E-03  0.0000000E+00  0.0000000E+00 -0.1186076E-02  0.0000000E+00
         1   371      9  0.9388962E-03 -0.2945015E-03  0.0000000E+00  0.0000000E+00 -0.1335770E-02  0.0000000E+00
         1   371     10  0.3296361E-02  0.3795466E-03  0.0000000E+00  0.0000000E+00  0.4852036E-01  0.1000000E-02

         1   372      0  0.0000000E+00  0.0000000E+00  0.0000000E+00  0.0000000E+00  0.0000000E+00  0.0000000E+00
         1   372      1  0.0000000E+00  0.0000000E+00  0.0000000E+00  0.0000000E+00  0.0000000E+00  0.0000000E+00
         1   372      2  0.1988909E-03 -0.6540712E-04  0.0000000E+00  0.0000000E+00 -0.2946068E-03  0.0000000E+00
         1   372      3  0.2983248E-03 -0.9811851E-04  0.0000000E+00  0.0000000E+00 -0.4423884E-03  0.0000000E+00
         1   372      4  0.3977500E-03 -0.1308352E-03  0.0000000E+00  0.0000000E+00 -0.5904887E-03  0.0000000E+00
         1   372      5  0.4971659E-03 -0.1635573E-03  0.0000000E+00  0.0000000E+00 -0.7389078E-03  0.0000000E+00
         1   372      6  0.5965717E-03 -0.1962849E-03  0.0000000E+00  0.0000000E+00 -0.8876459E-03  0.0000000E+00
         1   372      7  0.6959666E-03 -0.2290181E-03  0.0000000E+00  0.0000000E+00 -0.1036703E-02  0.0000000E+00
         1   372      8  0.7953499E-03 -0.2617569E-03  0.0000000E+00  0.0000000E+00 -0.1186079E-02  0.0000000E+00
         1   372      9  0.8947210E-03 -0.2945015E-03  0.0000000E+00  0.0000000E+00 -0.1335773E-02  0.0000000E+00
         1   372     10  0.3353262E-02  0.3795466E-03  0.0000000E+00  0.0000000E+00  0.4855001E-01  0.1000000E-02

         1   373      0  0.0000000E+00  0.0000000E+00  0.0000000E+00  0.0000000E+00  0.0000000E+00  0.0000000E+00
         1   373      1  0.0000000E+00  0.0000000E+00  0.0000000E+00  0.0000000E+00  0.0000000E+00  0.0000000E+00
         1   373      2  0.1825391E-03 -0.6540712E-04  0.0000000E+00  0.0000000E+00 -0.2946071E-03  0.0000000E+00
         1   373      3  0.2737951E-03 -0.9811851E-04  0.0000000E+00  0.0000000E+00 -0.4423890E-03  0.0000000E+00
         1   373      4  0.3650412E-03 -0.1308352E-03  0.0000000E+00  0.0000000E+00 -0.5904899E-03  0.0000000E+00
         1   373      5  0.4562766E-03 -0.1635573E-03  0.0000000E+00  0.0000000E+00 -0.7389097E-03  0.0000000E+00
         1   373      6  0.5475004E-03 -0.1962849E-03  0.0000000E+00  0.0000000E+00 -0.8876485E-03  0.0000000E+00
         1   373      7  0.6387120E-03 -0.2290181E-03  0.0000000E+00  0.0000000E+00 -0.1036706E-02  0.0000000E+00
         1   373      8  0.7299107E-03 -0.2617569E-03  0.0000000E+00  0.0000000E+00 -0.1186083E-02  0.0000000E+00
         1   373      9  0.8210956E-03 -0.2945015E-03  0.0000000E+00  0.0000000E+00 -0.1335779E-02  0.0000000E+00
         1   373     10  0.3448096E-02  0.3795466E-03  0.0000000E+00  0.0000000E+00  0.4859943E-01  0.1000000E-02

         1   374      0  0.0000000E+00  0.0000000E+00  0.0000000E+00  0.0000000E+00  0.0000000E+00  0.0000000E+00
         1   374      1  0.0000000E+00  0.0000000E+00  0.0000000E+00  0.0000000E+00  0.0000000E+00  0.0000000E+00
         1   374      2 -0.1249338E-03 -0.6556740E-04  0.0000000E+00  0.0000000E+00 -0.2979191E-03  0.0000000E+00
         1   374      3 -0.1874518E-03 -0.9835914E-04  0.0000000E+00  0.0000000E+00 -0.4473575E-03  0.0000000E+00
         1   374      4 -0.2500053E-03 -0.1311564E-03  0.0000000E+00  0.0000000E+00 -0.5971150E-03  0.0000000E+00
         1   374      5 -0.3125956E-03 -0.1639591E-03  0.0000000E+00  0.0000000E+00 -0.7471916E-03  0.0000000E+00
         1   374      6 -0.3752236E-03 -0.1967675E-03  0.0000000E+00  0.0000000E+00 -0.8975872E-03  0.0000000E+00
         1   374      7 -0.4378906E-03 -0.2295816E-03  0.0000000E+00  0.0000000E+00 -0.1048302E-02  0.0000000E+00
         1   374      8 -0.5005977E-03 -0.2624015E-03  0.0000000E+00  0.0000000E+00 -0.1199335E-02  0.0000000E+00
         1   374      9 -0.5633459E-03 -0.2952272E-03  0.0000000E+00  0.0000000E+00 -0.1350687E-02  0.0000000E+00
         1   374     10  0.5440993E-02  0.4696405E-03  0.0000000E+00  0.0000000E+00  0.4902073E-01  0.1000000E-02

         1   375      0  0.0000000E+00  0.0000000E+00  0.0000000E+00  0.0000000E+00  0.0000000E+00  0.0000000E+00
         1   375      1  0.0000000E+00  0.0000000E+00  0.0000000E+00  0.0000000E+00  0.0000000E+00  0.0000000E+00
         1   375      2 -0.1413256E-03 -0.6556740E-04  0.0000000E+00  0.0000000E+00 -0.2979194E-03  0.0000000E+00
         1   375      3 -0.2120416E-03 -0.9835914E-04  0.0000000E+00  0.0000000E+00 -0.4473582E-03  0.0000000E+00
         1   375      4 -0.2827944E-03 -0.1311564E-03  0.0000000E+00  0.0000000E+00 -0.5971162E-03  0.0000000E+00
         1   375      5 -0.3535854E-03 -0.1639591E-03  0.0000000E+00  0.0000000E+00 -0.7471935E-03  0.0000000E+00
         1   375      6 -0.4244155E-03 -0.1967675E-03  0.0000000E+00  0.0000000E+00 -0.8975899E-03  0.0000000E+00
         1   375      7 -0.4952860E-03 -0.2295816E-03  0.0000000E+00  0.0000000E+00 -0.1048305E-02  0.0000000E+00
         1   375      8 -0.5661980E-03 -0.2624015E-03  0.0000000E+00  0.0000000E+00 -0.1199340E-02  0.0000000E+00
         1   375      9 -0.6371527E-03 -0.2952272E-03  0.0000000E+00  0.0000000E+00 -0.1350693E-02  0.0000000E+00
         1   375     10  0.5558338E-02  0.4696405E-03  0.0000000E+00  0.0000000E+00  0.4907014E-01  0.1000000E-02

         1   376      0  0.0000000E+00  0.0000000E+00  0.0000000E+00  0.0000000E+00  0.0000000E+00  0.0000000E+00
         1   376      1  0.0000000E+00  0.0000000E+00  0.0000000E+00  0.0000000E+00  0.0000000E+00  0.0000000E+00
         1   376      2 -0.1511607E-03 -0.6556693E-04  0.0000000E+00  0.0000000E+00 -0.2979196E-03  0.0000000E+00
         1   376      3 -0.2267954E-03 -0.9835810E-04  0.0000000E+00  0.0000000E+00 -0.4473586E-03  0.0000000E+00
         1   376      4 -0.3024678E-03 -0.1311545E-03  0.0000000E+00  0.0000000E+00 -0.5971170E-03  0.0000000E+00
         1   376      5 -0.3781790E-03 -0.1639562E-03  0.0000000E+00  0.0000000E+00 -0.7471946E-03  0.0000000E+00
         1   376      6 -0.4539303E-03 -0.1967633E-03  0.0000000E+00  0.0000000E+00 -0.8975915E-03  0.0000000E+00
         1   376      7 -0.5297228E-03 -0.2295759E-03  0.0000000E+00  0.0000000E+00 -0.1048308E-02  0.0000000E+00
         1   376      8 -0.6055577E-03 -0.2623940E-03  0.0000000E+00  0.0000000E+00 -0.1199343E-02  0.0000000E+00
         1   376      9 -0.6814361E-03 -0.2952177E-03  0.0000000E+00  0.0000000E+00 -0.1350697E-02  0.0000000E+00
         1   376     10  0.5628796E-02  0.4703209E-03  0.0000000E+00  0.0000000E+00  0.4909978E-01  0.1000000E-02

         1   377      0  0.0000000E+00  0.0000000E+00  0.0000000E+00  0.0000000E+00  0.0000000E+00  0.0000000E+00
         1   377      1  0.0000000E+00  0.0000000E+00  0.0000000E+00  0.0000000E+00  0.0000000E+00  0.0000000E+00
         1   377      2 -0.1675525E-03 -0.6556693E-04  0.0000000E+00  0.0000000E+00 -0.2979199E-03  0.0000000E+00
         1   377      3 -0.2513849E-03 -0.9835810E-04  0.0000000E+00  0.0000000E+00 -0.4473593E-03  0.0000000E+00
         1   377      4 -0.3352564E-03 -0.1311545E-03  0.0000000E+00  0.0000000E+00 -0.5971181E-03  0.0000000E+00
         1   377      5 -0.4191681E-03 -0.1639562E-03  0.0000000E+00  0.0000000E+00 -0.7471965E-03  0.0000000E+00
         1   377      6 -0.5031212E-03 -0.1967633E-03  0.0000000E+00  0.0000000E+00 -0.8975942E-03  0.0000000E+00
         1   377      7 -0.5871168E-03 -0.2295759E-03  0.0000000E+00  0.0000000E+00 -0.1048311E-02  0.0000000E+00
         1   377      8 -0.6711562E-03 -0.2623940E-03  0.0000000E+00  0.0000000E+00 -0.1199347E-02  0.0000000E+00
         1   377      9 -0.7552405E-03 -0.2952177E-03  0.0000000E+00  0.0000000E+00 -0.1350703E-02  0.0000000E+00
         1   377     10  0.5746311E-02  0.4703209E-03  0.0000000E+00  0.0000000E+00  0.4914919E-01  0.1000000E-02

         1   378      0  0.0000000E+00  0.0000000E+00  0.0000000E+00  0.0000000E+00  0.0000000E+00  0.0000000E+00
         1   378      1  0.0000000E+00  0.0000000E+00  0.0000000E+00  0.0000000E+00  0.0000000E+00  0.0000000E+00
         1   378      2 -0.1967374E-03 -0.5077920E-04  0.0000000E+00  0.0000000E+00 -0.2979209E-03  0.0000000E+00
         1   378      3 -0.2951651E-03 -0.7617182E-04  0.0000000E+00  0.0000000E+00 -0.4473614E-03  0.0000000E+00
         1   378      4 -0.3936336E-03 -0.1015664E-03  0.0000000E+00  0.0000000E+00 -0.5971220E-03  0.0000000E+00
         1   378      5 -0.4921441E-03 -0.1269630E-03  0.0000000E+00  0.0000000E+00 -0.7472025E-03  0.0000000E+00
         1   378      6 -0.5906978E-03 -0.1523616E-03  0.0000000E+00  0.0000000E+00 -0.8976028E-03  0.0000000E+00
         1   378      7 -0.6892960E-03 -0.1777621E-03  0.0000000E+00  0.0000000E+00 -0.1048323E-02  0.0000000E+00
         1   378      8 -0.7879398E-03 -0.2031645E-03  0.0000000E+00  0.0000000E+00 -0.1199363E-02  0.0000000E+00
         1   378      9 -0.8866304E-03 -0.2285688E-03  0.0000000E+00  0.0000000E+00 -0.1350722E-02  0.0000000E+00
         1   378     10  0.5864020E-02 -0.8124427E-06  0.0000000E+00  0.0000000E+00  0.4924754E-01  0.1000000E-02

         1   379      0  0.0000000E+00  0.0000000E+00  0.0000000E+00  0.0000000E+00  0.0000000E+00  0.0000000E+00
         1   379      1  0.0000000E+00  0.0000000E+00  0.0000000E+00  0.0000000E+00  0.0000000E+00  0.0000000E+00
         1   379      2 -0.2179900E-03 -0.3394404E-04  0.0000000E+00  0.0000000E+00 -0.2979217E-03  0.0000000E+00
         1   379      3 -0.3270442E-03 -0.5091429E-04  0.0000000E+00  0.0000000E+00 -0.4473634E-03  0.0000000E+00
         1   379      4 -0.4361394E-03 -0.6788321E-04  0.0000000E+00  0.0000000E+00 -0.5971255E-03  0.0000000E+00
         1   379      5 -0.5452768E-03 -0.8485069E-04  0.0000000E+00  0.0000000E+00 -0.7472080E-03  0.0000000E+00
         1   379      6 -0.6544575E-03 -0.1018166E-03  0.0000000E+00  0.0000000E+00 -0.8976107E-03  0.0000000E+00
         1   379      7 -0.7636827E-03 -0.1187808E-03  0.0000000E+00  0.0000000E+00 -0.1048334E-02  0.0000000E+00
         1   379      8 -0.8729536E-03 -0.1357433E-03  0.0000000E+00  0.0000000E+00 -0.1199377E-02  0.0000000E+00
         1   379      9 -0.9822713E-03 -0.1527038E-03  0.0000000E+00  0.0000000E+00 -0.1350740E-02  0.0000000E+00
         1   379     10  0.5745505E-02 -0.4719131E-03  0.0000000E+00  0.0000000E+00  0.4934589E-01  0.1000000E-02

         1   380      0  0.0000000E+00  0.0000000E+00  0.0000000E+00  0.0000000E+00  0.0000000E+00  0.0000000E+00
         1   380      1  0.0000000E+00  0.0000000E+00  0.0000000E+00  0.0000000E+00  0.0000000E+00  0.0000000E+00
         1   380      2 -0.2264760E-03 -0.3394404E-04  0.0000000E+00  0.0000000E+00 -0.2979218E-03  0.0000000E+00
         1   380      3 -0.3397727E-03 -0.5091429E-04  0.0000000E+00  0.0000000E+00 -0.4473636E-03  0.0000000E+00
         1   380      4 -0.4531102E-03 -0.6788321E-04  0.0000000E+00  0.0000000E+00 -0.5971258E-03  0.0000000E+00
         1   380      5 -0.5664894E-03 -0.8485069E-04  0.0000000E+00  0.0000000E+00 -0.7472085E-03  0.0000000E+00
         1   380      6 -0.6799116E-03 -0.1018166E-03  0.0000000E+00  0.0000000E+00 -0.8976114E-03  0.0000000E+00
         1   380      7 -0.7933779E-03 -0.1187808E-03  0.0000000E+00  0.0000000E+00 -0.1048335E-02  0.0000000E+00
         1   380      8 -0.9068894E-03 -0.1357433E-03  0.0000000E+00  0.0000000E+00 -0.1199378E-02  0.0000000E+00
         1   380      9 -0.1020447E-02 -0.1527038E-03  0.0000000E+00  0.0000000E+00 -0.1350742E-02  0.0000000E+00
         1   380     10  0.5627592E-02 -0.4719131E-03  0.0000000E+00  0.0000000E+00  0.4939530E-01  0.1000000E-02

         1   381      0  0.0000000E+00  0.0000000E+00  0.0000000E+00  0.0000000E+00  0.0000000E+00  0.0000000E+00
         1   381      1  0.0000000E+00  0.0000000E+00  0.0000000E+00  0.0000000E+00  0.0000000E+00  0.0000000E+00
         1   381      2 -0.2315676E-03 -0.3394404E-04  0.0000000E+00  0.0000000E+00 -0.2979219E-03  0.0000000E+00
         1   381      3 -0.3474099E-03 -0.5091429E-04  0.0000000E+00  0.0000000E+00 -0.4473637E-03  0.0000000E+00
         1   381      4 -0.4632927E-03 -0.6788321E-04  0.0000000E+00  0.0000000E+00 -0.5971260E-03  0.0000000E+00
         1   381      5 -0.5792170E-03 -0.8485069E-04  0.0000000E+00  0.0000000E+00 -0.7472088E-03  0.0000000E+00
         1   381      6 -0.6951841E-03 -0.1018166E-03  0.0000000E+00  0.0000000E+00 -0.8976119E-03  0.0000000E+00
         1   381      7 -0.8111951E-03 -0.1187808E-03  0.0000000E+00  0.0000000E+00 -0.1048335E-02  0.0000000E+00
         1   381      8 -0.9272509E-03 -0.1357433E-03  0.0000000E+00  0.0000000E+00 -0.1199379E-02  0.0000000E+00
         1   381      9 -0.1043353E-02 -0.1527038E-03  0.0000000E+00  0.0000000E+00 -0.1350743E-02  0.0000000E+00
         1   381     10  0.5556844E-02 -0.4719131E-03  0.0000000E+00  0.0000000E+00  0.4942495E-01  0.1000000E-02

         1   382      0  0.0000000E+00  0.0000000E+00  0.0000000E+00  0.0000000E+00  0.0000000E+00  0.0000000E+00
         1   382      1  0.0000000E+00  0.0000000E+00  0.0000000E+00  0.0000000E+00  0.0000000E+00  0.0000000E+00
         1   382      2 -0.2400536E-03 -0.3394404E-04  0.0000000E+00  0.0000000E+00 -0.2979220E-03  0.0000000E+00
         1   382      3 -0.3601384E-03 -0.5091429E-04  0.0000000E+00  0.0000000E+00 -0.4473639E-03  0.0000000E+00
         1   382      4 -0.4802635E-03 -0.6788321E-04  0.0000000E+00  0.0000000E+00 -0.5971263E-03  0.0000000E+00
         1   382      5 -0.6004297E-03 -0.8485069E-04  0.0000000E+00  0.0000000E+00 -0.7472093E-03  0.0000000E+00
         1   382      6 -0.7206383E-03 -0.1018166E-03  0.0000000E+00  0.0000000E+00 -0.8976126E-03  0.0000000E+00
         1   382      7 -0.8408903E-03 -0.1187808E-03  0.0000000E+00  0.0000000E+00 -0.1048336E-02  0.0000000E+00
         1   382      8 -0.9611867E-03 -0.1357433E-03  0.0000000E+00  0.0000000E+00 -0.1199380E-02  0.0000000E+00
         1   382      9 -0.1081529E-02 -0.1527038E-03  0.0000000E+00  0.0000000E+00 -0.1350744E-02  0.0000000E+00
         1   382     10  0.5438931E-02 -0.4719131E-03  0.0000000E+00  0.0000000E+00  0.4947436E-01  0.1000000E-02

         1   383      0  0.0000000E+00  0.0000000E+00  0.0000000E+00  0.0000000E+00  0.0000000E+00  0.0000000E+00
         1   383      1  0.0000000E+00  0.0000000E+00  0.0000000E+00  0.0000000E+00  0.0000000E+00  0.0000000E+00
         1   383      2 -0.3952877E-03 -0.3218243E-04  0.0000000E+00  0.0000000E+00 -0.2614567E-03  0.0000000E+00
         1   383      3 -0.5929789E-03 -0.4827169E-04  0.0000000E+00  0.0000000E+00 -0.3926612E-03  0.0000000E+00
         1   383      4 -0.7907024E-03 -0.6435950E-04  0.0000000E+00  0.0000000E+00 -0.5241829E-03  0.0000000E+00
         1   383      5 -0.9884587E-03 -0.8044572E-04  0.0000000E+00  0.0000000E+00 -0.6560217E-03  0.0000000E+00
         1   383      6 -0.1186248E-02 -0.9653024E-04  0.0000000E+00  0.0000000E+00 -0.7881773E-03  0.0000000E+00
         1   383      7 -0.1384072E-02 -0.1126129E-03  0.0000000E+00  0.0000000E+00 -0.9206497E-03  0.0000000E+00
         1   383      8 -0.1581930E-02 -0.1286937E-03  0.0000000E+00  0.0000000E+00 -0.1053439E-02  0.0000000E+00
         1   383      9 -0.1779823E-02 -0.1447724E-03  0.0000000E+00  0.0000000E+00 -0.1186544E-02  0.0000000E+00
         1   383     10  0.3435463E-02 -0.3817788E-03  0.0000000E+00  0.0000000E+00  0.4989649E-01  0.1000000E-02

         1   384      0  0.0000000E+00  0.0000000E+00  0.0000000E+00  0.0000000E+00  0.0000000E+00  0.0000000E+00
         1   384      1  0.0000000E+00  0.0000000E+00  0.0000000E+00  0.0000000E+00  0.0000000E+00  0.0000000E+00
         1   384      2 -0.4033333E-03 -0.3218243E-04  0.0000000E+00  0.0000000E+00 -0.2614568E-03  0.0000000E+00
         1   384      3 -0.6050469E-03 -0.4827169E-04  0.0000000E+00  0.0000000E+00 -0.3926613E-03  0.0000000E+00
         1   384      4 -0.8067923E-03 -0.6435950E-04  0.0000000E+00  0.0000000E+00 -0.5241832E-03  0.0000000E+00
         1   384      5 -0.1008570E-02 -0.8044572E-04  0.0000000E+00  0.0000000E+00 -0.6560221E-03  0.0000000E+00
         1   384      6 -0.1210381E-02 -0.9653024E-04  0.0000000E+00  0.0000000E+00 -0.7881780E-03  0.0000000E+00
         1   384      7 -0.1412225E-02 -0.1126129E-03  0.0000000E+00  0.0000000E+00 -0.9206506E-03  0.0000000E+00
         1   384      8 -0.1614103E-02 -0.1286937E-03  0.0000000E+00  0.0000000E+00 -0.1053440E-02  0.0000000E+00
         1   384      9 -0.1816016E-02 -0.1447724E-03  0.0000000E+00  0.0000000E+00 -0.1186545E-02  0.0000000E+00
         1   384     10  0.3340071E-02 -0.3817788E-03  0.0000000E+00  0.0000000E+00  0.4994591E-01  0.1000000E-02

         1   385      0  0.0000000E+00  0.0000000E+00  0.0000000E+00  0.0000000E+00  0.0000000E+00  0.0000000E+00
         1   385      1  0.0000000E+00  0.0000000E+00  0.0000000E+00  0.0000000E+00  0.0000000E+00  0.0000000E+00
         1   385      2 -0.4081608E-03 -0.3218373E-04  0.0000000E+00  0.0000000E+00 -0.2614568E-03  0.0000000E+00
         1   385      3 -0.6122878E-03 -0.4827461E-04  0.0000000E+00  0.0000000E+00 -0.3926614E-03  0.0000000E+00
         1   385      4 -0.8164466E-03 -0.6436469E-04  0.0000000E+00  0.0000000E+00 -0.5241833E-03  0.0000000E+00
         1   385      5 -0.1020638E-02 -0.8045383E-04  0.0000000E+00  0.0000000E+00 -0.6560224E-03  0.0000000E+00
         1   385      6 -0.1224861E-02 -0.9654193E-04  0.0000000E+00  0.0000000E+00 -0.7881783E-03  0.0000000E+00
         1   385      7 -0.1429118E-02 -0.1126289E-03  0.0000000E+00  0.0000000E+00 -0.9206511E-03  0.0000000E+00
         1   385      8 -0.1633409E-02 -0.1287145E-03  0.0000000E+00  0.0000000E+00 -0.1053441E-02  0.0000000E+00
         1   385      9 -0.1837734E-02 -0.1447987E-03  0.0000000E+00  0.0000000E+00 -0.1186546E-02  0.0000000E+00
         1   385     10  0.3282829E-02 -0.3818652E-03  0.0000000E+00  0.0000000E+00  0.4997556E-01  0.1000000E-02

         1   386      0  0.0000000E+00  0.0000000E+00  0.0000000E+00  0.0000000E+00  0.0000000E+00  0.0000000E+00
         1   386      1  0.0000000E+00  0.0000000E+00  0.0000000E+00  0.0000000E+00  0.0000000E+00  0.0000000E+00
         1   386      2 -0.4162067E-03 -0.3218373E-04  0.0000000E+00  0.0000000E+00 -0.2614569E-03  0.0000000E+00
         1   386      3 -0.6243565E-03 -0.4827461E-04  0.0000000E+00  0.0000000E+00 -0.3926616E-03  0.0000000E+00
         1   386      4 -0.8325378E-03 -0.6436469E-04  0.0000000E+00  0.0000000E+00 -0.5241836E-03  0.0000000E+00
         1   386      5 -0.1040751E-02 -0.8045383E-04  0.0000000E+00  0.0000000E+00 -0.6560228E-03  0.0000000E+00
         1   386      6 -0.1248997E-02 -0.9654193E-04  0.0000000E+00  0.0000000E+00 -0.7881790E-03  0.0000000E+00
         1   386      7 -0.1457275E-02 -0.1126289E-03  0.0000000E+00  0.0000000E+00 -0.9206520E-03  0.0000000E+00
         1   386      8 -0.1665588E-02 -0.1287145E-03  0.0000000E+00  0.0000000E+00 -0.1053442E-02  0.0000000E+00
         1   386      9 -0.1873933E-02 -0.1447987E-03  0.0000000E+00  0.0000000E+00 -0.1186548E-02  0.0000000E+00
         1   386     10  0.3187416E-02 -0.3818652E-03  0.0000000E+00  0.0000000E+00  0.5002497E-01  0.1000000E-02

         1   387      0  0.0000000E+00  0.0000000E+00  0.0000000E+00  0.0000000E+00  0.0000000E+00  0.0000000E+00
         1   387      1  0.0000000E+00  0.0000000E+00  0.0000000E+00  0.0000000E+00  0.0000000E+00  0.0000000E+00
         1   387      2 -0.4400970E-03 -0.6367077E-04  0.0000000E+00  0.0000000E+00 -0.2614548E-03  0.0000000E+00
         1   387      3 -0.6601922E-03 -0.9550859E-04  0.0000000E+00  0.0000000E+00 -0.3926569E-03  0.0000000E+00
         1   387      4 -0.8803192E-03 -0.1273479E-03  0.0000000E+00  0.0000000E+00 -0.5241754E-03  0.0000000E+00
         1   387      5 -0.1100478E-02 -0.1591887E-03  0.0000000E+00  0.0000000E+00 -0.6560099E-03  0.0000000E+00
         1   387      6 -0.1320670E-02 -0.1910308E-03  0.0000000E+00  0.0000000E+00 -0.7881604E-03  0.0000000E+00
         1   387      7 -0.1540894E-02 -0.2228742E-03  0.0000000E+00  0.0000000E+00 -0.9206266E-03  0.0000000E+00
         1   387      8 -0.1761152E-02 -0.2547187E-03  0.0000000E+00  0.0000000E+00 -0.1053409E-02  0.0000000E+00
         1   387      9 -0.1981444E-02 -0.2865643E-03  0.0000000E+00  0.0000000E+00 -0.1186506E-02  0.0000000E+00
         1   387     10  0.3054324E-02 -0.1524322E-03  0.0000000E+00  0.0000000E+00  0.5012394E-01  0.1000000E-02

         1   388      0  0.0000000E+00  0.0000000E+00  0.0000000E+00  0.0000000E+00  0.0000000E+00  0.0000000E+00
         1   388      1  0.0000000E+00  0.0000000E+00  0.0000000E+00  0.0000000E+00  0.0000000E+00  0.0000000E+00
         1   388      2 -0.4802696E-03 -0.9751345E-04  0.0000000E+00  0.0000000E+00 -0.2614529E-03  0.0000000E+00
         1   388      3 -0.7204533E-03 -0.1462761E-03  0.0000000E+00  0.0000000E+00 -0.3926528E-03  0.0000000E+00
         1   388      4 -0.9606700E-03 -0.1950427E-03  0.0000000E+00  0.0000000E+00 -0.5241679E-03  0.0000000E+00
         1   388      5 -0.1200920E-02 -0.2438131E-03  0.0000000E+00  0.0000000E+00 -0.6559983E-03  0.0000000E+00
         1   388      6 -0.1441204E-02 -0.2925873E-03  0.0000000E+00  0.0000000E+00 -0.7881436E-03  0.0000000E+00
         1   388      7 -0.1681522E-02 -0.3413652E-03  0.0000000E+00  0.0000000E+00 -0.9206038E-03  0.0000000E+00
         1   388      8 -0.1921875E-02 -0.3901468E-03  0.0000000E+00  0.0000000E+00 -0.1053379E-02  0.0000000E+00
         1   388      9 -0.2162262E-02 -0.4389320E-03  0.0000000E+00  0.0000000E+00 -0.1186468E-02  0.0000000E+00
         1   388     10  0.3034131E-02  0.7136644E-04  0.0000000E+00  0.0000000E+00  0.5022291E-01  0.1000000E-02

         1   389      0  0.0000000E+00  0.0000000E+00  0.0000000E+00  0.0000000E+00  0.0000000E+00  0.0000000E+00
         1   389      1  0.0000000E+00  0.0000000E+00  0.0000000E+00  0.0000000E+00  0.0000000E+00  0.0000000E+00
         1   389      2 -0.5046480E-03 -0.9751345E-04  0.0000000E+00  0.0000000E+00 -0.2614536E-03  0.0000000E+00
         1   389      3 -0.7570223E-03 -0.1462761E-03  0.0000000E+00  0.0000000E+00 -0.3926542E-03  0.0000000E+00
         1   389      4 -0.1009431E-02 -0.1950427E-03  0.0000000E+00  0.0000000E+00 -0.5241706E-03  0.0000000E+00
         1   389      5 -0.1261873E-02 -0.2438131E-03  0.0000000E+00  0.0000000E+00 -0.6560024E-03  0.0000000E+00
         1   389      6 -0.1514351E-02 -0.2925873E-03  0.0000000E+00  0.0000000E+00 -0.7881496E-03  0.0000000E+00
         1   389      7 -0.1766864E-02 -0.3413652E-03  0.0000000E+00  0.0000000E+00 -0.9206119E-03  0.0000000E+00
         1   389      8 -0.2019412E-02 -0.3901468E-03  0.0000000E+00  0.0000000E+00 -0.1053389E-02  0.0000000E+00
         1   389      9 -0.2271995E-02 -0.4389320E-03  0.0000000E+00  0.0000000E+00 -0.1186482E-02  0.0000000E+00
         1   389     10  0.3051963E-02  0.7136644E-04  0.0000000E+00  0.0000000E+00  0.5027233E-01  0.1000000E-02

         1   390      0  0.0000000E+00  0.0000000E+00  0.0000000E+00  0.0000000E+00  0.0000000E+00  0.0000000E+00
         1   390      1  0.0000000E+00  0.0000000E+00  0.0000000E+00  0.0000000E+00  0.0000000E+00  0.0000000E+00
         1   390      2 -0.5192750E-03 -0.9751345E-04  0.0000000E+00  0.0000000E+00 -0.2614540E-03  0.0000000E+00
         1   390      3 -0.7789637E-03 -0.1462761E-03  0.0000000E+00  0.0000000E+00 -0.3926551E-03  0.0000000E+00
         1   390      4 -0.1038687E-02 -0.1950427E-03  0.0000000E+00  0.0000000E+00 -0.5241721E-03  0.0000000E+00
         1   390      5 -0.1298445E-02 -0.2438131E-03  0.0000000E+00  0.0000000E+00 -0.6560049E-03  0.0000000E+00
         1   390      6 -0.1558239E-02 -0.2925873E-03  0.0000000E+00  0.0000000E+00 -0.7881531E-03  0.0000000E+00
         1   390      7 -0.1818068E-02 -0.3413652E-03  0.0000000E+00  0.0000000E+00 -0.9206168E-03  0.0000000E+00
         1   390      8 -0.2077934E-02 -0.3901468E-03  0.0000000E+00  0.0000000E+00 -0.1053396E-02  0.0000000E+00
         1   390      9 -0.2337835E-02 -0.4389320E-03  0.0000000E+00  0.0000000E+00 -0.1186490E-02  0.0000000E+00
         1   390     10  0.3062662E-02  0.7136644E-04  0.0000000E+00  0.0000000E+00  0.5030199E-01  0.1000000E-02

         1   391      0  0.0000000E+00  0.0000000E+00  0.0000000E+00  0.0000000E+00  0.0000000E+00  0.0000000E+00
         1   391      1  0.0000000E+00  0.0000000E+00  0.0000000E+00  0.0000000E+00  0.0000000E+00  0.0000000E+00
         1   391      2 -0.5436534E-03 -0.9751345E-04  0.0000000E+00  0.0000000E+00 -0.2614547E-03  0.0000000E+00
         1   391      3 -0.8155328E-03 -0.1462761E-03  0.0000000E+00  0.0000000E+00 -0.3926566E-03  0.0000000E+00
         1   391      4 -0.1087448E-02 -0.1950427E-03  0.0000000E+00  0.0000000E+00 -0.5241748E-03  0.0000000E+00
         1   391      5 -0.1359399E-02 -0.2438131E-03  0.0000000E+00  0.0000000E+00 -0.6560090E-03  0.0000000E+00
         1   391      6 -0.1631386E-02 -0.2925873E-03  0.0000000E+00  0.0000000E+00 -0.7881591E-03  0.0000000E+00
         1   391      7 -0.1903410E-02 -0.3413652E-03  0.0000000E+00  0.0000000E+00 -0.9206249E-03  0.0000000E+00
         1   391      8 -0.2175470E-02 -0.3901468E-03  0.0000000E+00  0.0000000E+00 -0.1053406E-02  0.0000000E+00
         1   391      9 -0.2447568E-02 -0.4389320E-03  0.0000000E+00  0.0000000E+00 -0.1186503E-02  0.0000000E+00
         1   391     10  0.3080493E-02  0.7136644E-04  0.0000000E+00  0.0000000E+00  0.5035141E-01  0.1000000E-02

         1   392      0  0.0000000E+00  0.0000000E+00  0.0000000E+00  0.0000000E+00  0.0000000E+00  0.0000000E+00
         1   392      1  0.0000000E+00  0.0000000E+00  0.0000000E+00  0.0000000E+00  0.0000000E+00  0.0000000E+00
         1   392      2 -0.9914846E-03 -0.9325781E-04  0.0000000E+00  0.0000000E+00 -0.1733551E-03  0.0000000E+00
         1   392      3 -0.1487295E-02 -0.1398932E-03  0.0000000E+00  0.0000000E+00 -0.2605102E-03  0.0000000E+00
         1   392      4 -0.1983151E-02 -0.1865329E-03  0.0000000E+00  0.0000000E+00 -0.3479837E-03  0.0000000E+00
         1   392      5 -0.2479052E-02 -0.2331767E-03  0.0000000E+00  0.0000000E+00 -0.4357751E-03  0.0000000E+00
         1   392      6 -0.2975000E-02 -0.2798247E-03  0.0000000E+00  0.0000000E+00 -0.5238843E-03  0.0000000E+00
         1   392      7 -0.3470992E-02 -0.3264768E-03  0.0000000E+00  0.0000000E+00 -0.6123112E-03  0.0000000E+00
         1   392      8 -0.3967031E-02 -0.3731329E-03  0.0000000E+00  0.0000000E+00 -0.7010556E-03  0.0000000E+00
         1   392      9 -0.4463115E-02 -0.4197930E-03  0.0000000E+00  0.0000000E+00 -0.7901173E-03  0.0000000E+00
         1   392     10  0.3641009E-02  0.1674868E-03  0.0000000E+00  0.0000000E+00  0.5089725E-01  0.1000000E-02

         1   393      0  0.0000000E+00  0.0000000E+00  0.0000000E+00  0.0000000E+00  0.0000000E+00  0.0000000E+00
         1   393      1  0.0000000E+00  0.0000000E+00  0.0000000E+00  0.0000000E+00  0.0000000E+00  0.0000000E+00
         1   393      2 -0.1014799E-02 -0.9325781E-04  0.0000000E+00  0.0000000E+00 -0.1733557E-03  0.0000000E+00
         1   393      3 -0.1522268E-02 -0.1398932E-03  0.0000000E+00  0.0000000E+00 -0.2605116E-03  0.0000000E+00
         1   393      4 -0.2029784E-02 -0.1865329E-03  0.0000000E+00  0.0000000E+00 -0.3479861E-03  0.0000000E+00
         1   393      5 -0.2537347E-02 -0.2331767E-03  0.0000000E+00  0.0000000E+00 -0.4357788E-03  0.0000000E+00
         1   393      6 -0.3044956E-02 -0.2798247E-03  0.0000000E+00  0.0000000E+00 -0.5238898E-03  0.0000000E+00
         1   393      7 -0.3552612E-02 -0.3264768E-03  0.0000000E+00  0.0000000E+00 -0.6123186E-03  0.0000000E+00
         1   393      8 -0.4060314E-02 -0.3731329E-03  0.0000000E+00  0.0000000E+00 -0.7010653E-03  0.0000000E+00
         1   393      9 -0.4568063E-02 -0.4197930E-03  0.0000000E+00  0.0000000E+00 -0.7901295E-03  0.0000000E+00
         1   393     10  0.3682857E-02  0.1674868E-03  0.0000000E+00  0.0000000E+00  0.5094667E-01  0.1000000E-02

         1   394      0  0.0000000E+00  0.0000000E+00  0.0000000E+00  0.0000000E+00  0.0000000E+00  0.0000000E+00
         1   394      1  0.0000000E+00  0.0000000E+00  0.0000000E+00  0.0000000E+00  0.0000000E+00  0.0000000E+00
         1   394      2 -0.1028788E-02 -0.9326008E-04  0.0000000E+00  0.0000000E+00 -0.1733560E-03  0.0000000E+00
         1   394      3 -0.1543253E-02 -0.1398983E-03  0.0000000E+00  0.0000000E+00 -0.2605124E-03  0.0000000E+00
         1   394      4 -0.2057765E-02 -0.1865420E-03  0.0000000E+00  0.0000000E+00 -0.3479875E-03  0.0000000E+00
         1   394      5 -0.2572324E-02 -0.2331910E-03  0.0000000E+00  0.0000000E+00 -0.4357811E-03  0.0000000E+00
         1   394      6 -0.3086931E-02 -0.2798452E-03  0.0000000E+00  0.0000000E+00 -0.5238930E-03  0.0000000E+00
         1   394      7 -0.3601585E-02 -0.3265047E-03  0.0000000E+00  0.0000000E+00 -0.6123231E-03  0.0000000E+00
         1   394      8 -0.4116287E-02 -0.3731693E-03  0.0000000E+00  0.0000000E+00 -0.7010711E-03  0.0000000E+00
         1   394      9 -0.4631036E-02 -0.4198391E-03  0.0000000E+00  0.0000000E+00 -0.7901368E-03  0.0000000E+00
         1   394     10  0.3707964E-02  0.1674570E-03  0.0000000E+00  0.0000000E+00  0.5097633E-01  0.1000000E-02

         1   395      0  0.0000000E+00  0.0000000E+00  0.0000000E+00  0.0000000E+00  0.0000000E+00  0.0000000E+00
         1   395      1  0.0000000E+00  0.0000000E+00  0.0000000E+00  0.0000000E+00  0.0000000E+00  0.0000000E+00
         1   395      2 -0.1052103E-02 -0.9326008E-04  0.0000000E+00  0.0000000E+00 -0.1733566E-03  0.0000000E+00
         1   395      3 -0.1578227E-02 -0.1398983E-03  0.0000000E+00  0.0000000E+00 -0.2605138E-03  0.0000000E+00
         1   395      4 -0.2104400E-02 -0.1865420E-03  0.0000000E+00  0.0000000E+00 -0.3479899E-03  0.0000000E+00
         1   395      5 -0.2630622E-02 -0.2331910E-03  0.0000000E+00  0.0000000E+00 -0.4357849E-03  0.0000000E+00
         1   395      6 -0.3156892E-02 -0.2798452E-03  0.0000000E+00  0.0000000E+00 -0.5238985E-03  0.0000000E+00
         1   395      7 -0.3683211E-02 -0.3265047E-03  0.0000000E+00  0.0000000E+00 -0.6123305E-03  0.0000000E+00
         1   395      8 -0.4209579E-02 -0.3731693E-03  0.0000000E+00  0.0000000E+00 -0.7010807E-03  0.0000000E+00
         1   395      9 -0.4735995E-02 -0.4198391E-03  0.0000000E+00  0.0000000E+00 -0.7901491E-03  0.0000000E+00
         1   395     10  0.3749805E-02  0.1674570E-03  0.0000000E+00  0.0000000E+00  0.5102575E-01  0.1000000E-02

         1   396      0  0.0000000E+00  0.0000000E+00  0.0000000E+00  0.0000000E+00  0.0000000E+00  0.0000000E+00
         1   396      1  0.0000000E+00  0.0000000E+00  0.0000000E+00  0.0000000E+00  0.0000000E+00  0.0000000E+00
         1   396      2 -0.1077209E-02 -0.6824273E-05  0.0000000E+00  0.0000000E+00 -0.1733735E-03  0.0000000E+00
         1   396      3 -0.1615889E-02 -0.1023858E-04  0.0000000E+00  0.0000000E+00 -0.2605518E-03  0.0000000E+00
         1   396      4 -0.2154619E-02 -0.1365426E-04  0.0000000E+00  0.0000000E+00 -0.3480575E-03  0.0000000E+00
         1   396      5 -0.2693399E-02 -0.1707124E-04  0.0000000E+00  0.0000000E+00 -0.4358905E-03  0.0000000E+00
         1   396      6 -0.3232230E-02 -0.2048946E-04  0.0000000E+00  0.0000000E+00 -0.5240505E-03  0.0000000E+00
         1   396      7 -0.3771111E-02 -0.2390885E-04  0.0000000E+00  0.0000000E+00 -0.6125375E-03  0.0000000E+00
         1   396      8 -0.4310043E-02 -0.2732935E-04  0.0000000E+00  0.0000000E+00 -0.7013511E-03  0.0000000E+00
         1   396      9 -0.4849024E-02 -0.3075091E-04  0.0000000E+00  0.0000000E+00 -0.7904913E-03  0.0000000E+00
         1   396     10  0.3757397E-02 -0.1371759E-03  0.0000000E+00  0.0000000E+00  0.5112440E-01  0.1000000E-02

         1   397      0  0.0000000E+00  0.0000000E+00  0.0000000E+00  0.0000000E+00  0.0000000E+00  0.0000000E+00
         1   397      1  0.0000000E+00  0.0000000E+00  0.0000000E+00  0.0000000E+00  0.0000000E+00  0.0000000E+00
         1   397      2 -0.1058881E-02  0.7988669E-04  0.0000000E+00  0.0000000E+00 -0.1733903E-03  0.0000000E+00
         1   397      3 -0.1588397E-02  0.1198340E-03  0.0000000E+00  0.0000000E+00 -0.2605897E-03  0.0000000E+00
         1   397      4 -0.2117963E-02  0.1597840E-03  0.0000000E+00  0.0000000E+00 -0.3481249E-03  0.0000000E+00
         1   397      5 -0.2647578E-02  0.1997368E-03  0.0000000E+00  0.0000000E+00 -0.4359957E-03  0.0000000E+00
         1   397      6 -0.3177244E-02  0.2396925E-03  0.0000000E+00  0.0000000E+00 -0.5242021E-03  0.0000000E+00
         1   397      7 -0.3706959E-02  0.2796510E-03  0.0000000E+00  0.0000000E+00 -0.6127438E-03  0.0000000E+00
         1   397      8 -0.4236725E-02  0.3196126E-03  0.0000000E+00  0.0000000E+00 -0.7016206E-03  0.0000000E+00
         1   397      9 -0.4766540E-02  0.3595771E-03  0.0000000E+00  0.0000000E+00 -0.7908324E-03  0.0000000E+00
         1   397     10  0.3613627E-02 -0.4362829E-03  0.0000000E+00  0.0000000E+00  0.5122304E-01  0.1000000E-02

         1   398      0  0.0000000E+00  0.0000000E+00  0.0000000E+00  0.0000000E+00  0.0000000E+00  0.0000000E+00
         1   398      1  0.0000000E+00  0.0000000E+00  0.0000000E+00  0.0000000E+00  0.0000000E+00  0.0000000E+00
         1   398      2 -0.1038910E-02  0.7988669E-04  0.0000000E+00  0.0000000E+00 -0.1733908E-03  0.0000000E+00
         1   398      3 -0.1558438E-02  0.1198340E-03  0.0000000E+00  0.0000000E+00 -0.2605907E-03  0.0000000E+00
         1   398      4 -0.2078017E-02  0.1597840E-03  0.0000000E+00  0.0000000E+00 -0.3481266E-03  0.0000000E+00
         1   398      5 -0.2597644E-02  0.1997368E-03  0.0000000E+00  0.0000000E+00 -0.4359985E-03  0.0000000E+00
         1   398      6 -0.3117321E-02  0.2396925E-03  0.0000000E+00  0.0000000E+00 -0.5242061E-03  0.0000000E+00
         1   398      7 -0.3637047E-02  0.2796510E-03  0.0000000E+00  0.0000000E+00 -0.6127492E-03  0.0000000E+00
         1   398      8 -0.4156821E-02  0.3196126E-03  0.0000000E+00  0.0000000E+00 -0.7016277E-03  0.0000000E+00
         1   398      9 -0.4676645E-02  0.3595771E-03  0.0000000E+00  0.0000000E+00 -0.7908414E-03  0.0000000E+00
         1   398     10  0.3504617E-02 -0.4362829E-03  0.0000000E+00  0.0000000E+00  0.5127245E-01  0.1000000E-02

         1   399      0  0.0000000E+00  0.0000000E+00  0.0000000E+00  0.0000000E+00  0.0000000E+00  0.0000000E+00
         1   399      1  0.0000000E+00  0.0000000E+00  0.0000000E+00  0.0000000E+00  0.0000000E+00  0.0000000E+00
         1   399      2 -0.1026927E-02  0.7988669E-04  0.0000000E+00  0.0000000E+00 -0.1733911E-03  0.0000000E+00
         1   399      3 -0.1540463E-02  0.1198340E-03  0.0000000E+00  0.0000000E+00 -0.2605913E-03  0.0000000E+00
         1   399      4 -0.2054049E-02  0.1597840E-03  0.0000000E+00  0.0000000E+00 -0.3481277E-03  0.0000000E+00
         1   399      5 -0.2567684E-02  0.1997368E-03  0.0000000E+00  0.0000000E+00 -0.4360001E-03  0.0000000E+00
         1   399      6 -0.3081367E-02  0.2396925E-03  0.0000000E+00  0.0000000E+00 -0.5242085E-03  0.0000000E+00
         1   399      7 -0.3595099E-02  0.2796510E-03  0.0000000E+00  0.0000000E+00 -0.6127525E-03  0.0000000E+00
         1   399      8 -0.4108879E-02  0.3196126E-03  0.0000000E+00  0.0000000E+00 -0.7016320E-03  0.0000000E+00
         1   399      9 -0.4622709E-02  0.3595771E-03  0.0000000E+00  0.0000000E+00 -0.7908468E-03  0.0000000E+00
         1   399     10  0.3439210E-02 -0.4362829E-03  0.0000000E+00  0.0000000E+00  0.5130209E-01  0.1000000E-02

         1   400      0  0.0000000E+00  0.0000000E+00  0.0000000E+00  0.0000000E+00  0.0000000E+00  0.0000000E+00
         1   400      1  0.0000000E+00  0.0000000E+00  0.0000000E+00  0.0000000E+00  0.0000000E+00  0.0000000E+00
         1   400      2 -0.1006955E-02  0.7988669E-04  0.0000000E+00  0.0000000E+00 -0.1733915E-03  0.0000000E+00
         1   400      3 -0.1510505E-02  0.1198340E-03  0.0000000E+00  0.0000000E+00 -0.2605923E-03  0.0000000E+00
         1   400      4 -0.2014103E-02  0.1597840E-03  0.0000000E+00  0.0000000E+00 -0.3481295E-03  0.0000000E+00
         1   400      5 -0.2517749E-02  0.1997368E-03  0.0000000E+00  0.0000000E+00 -0.4360029E-03  0.0000000E+00
         1   400      6 -0.3021444E-02  0.2396925E-03  0.0000000E+00  0.0000000E+00 -0.5242125E-03  0.0000000E+00
         1   400      7 -0.3525186E-02  0.2796510E-03  0.0000000E+00  0.0000000E+00 -0.6127579E-03  0.0000000E+00
         1   400      8 -0.4028976E-02  0.3196126E-03  0.0000000E+00  0.0000000E+00 -0.7016391E-03  0.0000000E+00
         1   400      9 -0.4532814E-02  0.3595771E-03  0.0000000E+00  0.0000000E+00 -0.7908558E-03  0.0000000E+00
         1   400     10  0.3330200E-02 -0.4362829E-03  0.0000000E+00  0.0000000E+00  0.5135151E-01  0.1000000E-02

         1   401      0  0.0000000E+00  0.0000000E+00  0.0000000E+00  0.0000000E+00  0.0000000E+00  0.0000000E+00
         1   401      1  0.0000000E+00  0.0000000E+00  0.0000000E+00  0.0000000E+00  0.0000000E+00  0.0000000E+00
         1   401      2 -0.6212946E-03  0.8440082E-04  0.0000000E+00  0.0000000E+00 -0.7994463E-04  0.0000000E+00
         1   401      3 -0.9320092E-03  0.1266049E-03  0.0000000E+00  0.0000000E+00 -0.1204218E-03  0.0000000E+00
         1   401      4 -0.1242768E-02  0.1688115E-03  0.0000000E+00  0.0000000E+00 -0.1612352E-03  0.0000000E+00
         1   401      5 -0.1553571E-02  0.2110208E-03  0.0000000E+00  0.0000000E+00 -0.2023849E-03  0.0000000E+00
         1   401      6 -0.1864417E-02  0.2532326E-03  0.0000000E+00  0.0000000E+00 -0.2438705E-03  0.0000000E+00
         1   401      7 -0.2175307E-02  0.2954473E-03  0.0000000E+00  0.0000000E+00 -0.2856921E-03  0.0000000E+00
         1   401      8 -0.2486239E-02  0.3376647E-03  0.0000000E+00  0.0000000E+00 -0.3278494E-03  0.0000000E+00
         1   401      9 -0.2797214E-02  0.3798849E-03  0.0000000E+00  0.0000000E+00 -0.3703422E-03  0.0000000E+00
         1   401     10  0.1520336E-02 -0.3349957E-03  0.0000000E+00  0.0000000E+00  0.5200448E-01  0.1000000E-02

         1   402      0  0.0000000E+00  0.0000000E+00  0.0000000E+00  0.0000000E+00  0.0000000E+00  0.0000000E+00
         1   402      1  0.0000000E+00  0.0000000E+00  0.0000000E+00  0.0000000E+00  0.0000000E+00  0.0000000E+00
         1   402      2 -0.6001944E-03  0.8440082E-04  0.0000000E+00  0.0000000E+00 -0.7994513E-04  0.0000000E+00
         1   402      3 -0.9003580E-03  0.1266049E-03  0.0000000E+00  0.0000000E+00 -0.1204229E-03  0.0000000E+00
         1   402      4 -0.1200565E-02  0.1688115E-03  0.0000000E+00  0.0000000E+00 -0.1612372E-03  0.0000000E+00
         1   402      5 -0.1500816E-02  0.2110208E-03  0.0000000E+00  0.0000000E+00 -0.2023879E-03  0.0000000E+00
         1   402      6 -0.1801109E-02  0.2532326E-03  0.0000000E+00  0.0000000E+00 -0.2438750E-03  0.0000000E+00
         1   402      7 -0.2101445E-02  0.2954473E-03  0.0000000E+00  0.0000000E+00 -0.2856981E-03  0.0000000E+00
         1   402      8 -0.2401823E-02  0.3376647E-03  0.0000000E+00  0.0000000E+00 -0.3278573E-03  0.0000000E+00
         1   402      9 -0.2702242E-02  0.3798849E-03  0.0000000E+00  0.0000000E+00 -0.3703523E-03  0.0000000E+00
         1   402     10  0.1436634E-02 -0.3349957E-03  0.0000000E+00  0.0000000E+00  0.5205389E-01  0.1000000E-02

         1   403      0  0.0000000E+00  0.0000000E+00  0.0000000E+00  0.0000000E+00  0.0000000E+00  0.0000000E+00
         1   403      1  0.0000000E+00  0.0000000E+00  0.0000000E+00  0.0000000E+00  0.0000000E+00  0.0000000E+00
         1   403      2 -0.5875343E-03  0.8440082E-04  0.0000000E+00  0.0000000E+00 -0.7994543E-04  0.0000000E+00
         1   403      3 -0.8813672E-03  0.1266049E-03  0.0000000E+00  0.0000000E+00 -0.1204235E-03  0.0000000E+00
         1   403      4 -0.1175243E-02  0.1688115E-03  0.0000000E+00  0.0000000E+00 -0.1612384E-03  0.0000000E+00
         1   403      5 -0.1469163E-02  0.2110208E-03  0.0000000E+00  0.0000000E+00 -0.2023898E-03  0.0000000E+00
         1   403      6 -0.1763124E-02  0.2532326E-03  0.0000000E+00  0.0000000E+00 -0.2438776E-03  0.0000000E+00
         1   403      7 -0.2057128E-02  0.2954473E-03  0.0000000E+00  0.0000000E+00 -0.2857018E-03  0.0000000E+00
         1   403      8 -0.2351173E-02  0.3376647E-03  0.0000000E+00  0.0000000E+00 -0.3278620E-03  0.0000000E+00
         1   403      9 -0.2645260E-02  0.3798849E-03  0.0000000E+00  0.0000000E+00 -0.3703583E-03  0.0000000E+00
         1   403     10  0.1386412E-02 -0.3349957E-03  0.0000000E+00  0.0000000E+00  0.5208354E-01  0.1000000E-02

         1   404      0  0.0000000E+00  0.0000000E+00  0.0000000E+00  0.0000000E+00  0.0000000E+00  0.0000000E+00
         1   404      1  0.0000000E+00  0.0000000E+00  0.0000000E+00  0.0000000E+00  0.0000000E+00  0.0000000E+00
         1   404      2 -0.5664341E-03  0.8440082E-04  0.0000000E+00  0.0000000E+00 -0.7994592E-04  0.0000000E+00
         1   404      3 -0.8497160E-03  0.1266049E-03  0.0000000E+00  0.0000000E+00 -0.1204246E-03  0.0000000E+00
         1   404      4 -0.1133041E-02  0.1688115E-03  0.0000000E+00  0.0000000E+00 -0.1612404E-03  0.0000000E+00
         1   404      5 -0.1416407E-02  0.2110208E-03  0.0000000E+00  0.0000000E+00 -0.2023929E-03  0.0000000E+00
         1   404      6 -0.1699816E-02  0.2532326E-03  0.0000000E+00  0.0000000E+00 -0.2438821E-03  0.0000000E+00
         1   404      7 -0.1983266E-02  0.2954473E-03  0.0000000E+00  0.0000000E+00 -0.2857078E-03  0.0000000E+00
         1   404      8 -0.2266757E-02  0.3376647E-03  0.0000000E+00  0.0000000E+00 -0.3278699E-03  0.0000000E+00
         1   404      9 -0.2550288E-02  0.3798849E-03  0.0000000E+00  0.0000000E+00 -0.3703683E-03  0.0000000E+00
         1   404     10  0.1302710E-02 -0.3349957E-03  0.0000000E+00  0.0000000E+00  0.5213296E-01  0.1000000E-02

         1   405      0  0.0000000E+00  0.0000000E+00  0.0000000E+00  0.0000000E+00  0.0000000E+00  0.0000000E+00
         1   405      1  0.0000000E+00  0.0000000E+00  0.0000000E+00  0.0000000E+00  0.0000000E+00  0.0000000E+00
         1   405      2 -0.5344521E-03  0.4392027E-04  0.0000000E+00  0.0000000E+00 -0.7994255E-04  0.0000000E+00
         1   405      3 -0.8017423E-03  0.6587934E-04  0.0000000E+00  0.0000000E+00 -0.1204171E-03  0.0000000E+00
         1   405      4 -0.1069075E-02  0.8783783E-04  0.0000000E+00  0.0000000E+00 -0.1612269E-03  0.0000000E+00
         1   405      5 -0.1336449E-02  0.1097958E-03  0.0000000E+00  0.0000000E+00 -0.2023718E-03  0.0000000E+00
         1   405      6 -0.1603864E-02  0.1317534E-03  0.0000000E+00  0.0000000E+00 -0.2438517E-03  0.0000000E+00
         1   405      7 -0.1871320E-02  0.1537108E-03  0.0000000E+00  0.0000000E+00 -0.2856665E-03  0.0000000E+00
         1   405      8 -0.2138817E-02  0.1756679E-03  0.0000000E+00  0.0000000E+00 -0.3278159E-03  0.0000000E+00
         1   405      9 -0.2406353E-02  0.1976249E-03  0.0000000E+00  0.0000000E+00 -0.3702999E-03  0.0000000E+00
         1   405     10  0.1158351E-02 -0.2445323E-03  0.0000000E+00  0.0000000E+00  0.5223182E-01  0.1000000E-02

         1   406      0  0.0000000E+00  0.0000000E+00  0.0000000E+00  0.0000000E+00  0.0000000E+00  0.0000000E+00
         1   406      1  0.0000000E+00  0.0000000E+00  0.0000000E+00  0.0000000E+00  0.0000000E+00  0.0000000E+00
         1   406      2 -0.5222433E-03  0.5064661E-05  0.0000000E+00  0.0000000E+00 -0.7993900E-04  0.0000000E+00
         1   406      3 -0.7834310E-03  0.7591139E-05  0.0000000E+00  0.0000000E+00 -0.1204091E-03  0.0000000E+00
         1   406      4 -0.1044662E-02  0.1011390E-04  0.0000000E+00  0.0000000E+00 -0.1612127E-03  0.0000000E+00
         1   406      5 -0.1305935E-02  0.1263306E-04  0.0000000E+00  0.0000000E+00 -0.2023496E-03  0.0000000E+00
         1   406      6 -0.1567251E-02  0.1514877E-04  0.0000000E+00  0.0000000E+00 -0.2438198E-03  0.0000000E+00
         1   406      7 -0.1828609E-02  0.1766116E-04  0.0000000E+00  0.0000000E+00 -0.2856230E-03  0.0000000E+00
         1   406      8 -0.2090007E-02  0.2017037E-04  0.0000000E+00  0.0000000E+00 -0.3277591E-03  0.0000000E+00
         1   406      9 -0.2351446E-02  0.2267652E-04  0.0000000E+00  0.0000000E+00 -0.3702280E-03  0.0000000E+00
         1   406     10  0.1056810E-02 -0.1631077E-03  0.0000000E+00  0.0000000E+00  0.5233068E-01  0.1000000E-02

         1   407      0  0.0000000E+00  0.0000000E+00  0.0000000E+00  0.0000000E+00  0.0000000E+00  0.0000000E+00
         1   407      1  0.0000000E+00  0.0000000E+00  0.0000000E+00  0.0000000E+00  0.0000000E+00  0.0000000E+00
         1   407      2 -0.5209772E-03  0.5064661E-05  0.0000000E+00  0.0000000E+00 -0.7993900E-04  0.0000000E+00
         1   407      3 -0.7815332E-03  0.7591139E-05  0.0000000E+00  0.0000000E+00 -0.1204091E-03  0.0000000E+00
         1   407      4 -0.1042133E-02  0.1011390E-04  0.0000000E+00  0.0000000E+00 -0.1612127E-03  0.0000000E+00
         1   407      5 -0.1302777E-02  0.1263306E-04  0.0000000E+00  0.0000000E+00 -0.2023496E-03  0.0000000E+00
         1   407      6 -0.1563464E-02  0.1514877E-04  0.0000000E+00  0.0000000E+00 -0.2438198E-03  0.0000000E+00
         1   407      7 -0.1824193E-02  0.1766116E-04  0.0000000E+00  0.0000000E+00 -0.2856230E-03  0.0000000E+00
         1   407      8 -0.2084965E-02  0.2017037E-04  0.0000000E+00  0.0000000E+00 -0.3277591E-03  0.0000000E+00
         1   407      9 -0.2345777E-02  0.2267652E-04  0.0000000E+00  0.0000000E+00 -0.3702280E-03  0.0000000E+00
         1   407     10  0.1016055E-02 -0.1631077E-03  0.0000000E+00  0.0000000E+00  0.5238010E-01  0.1000000E-02

         1   408      0  0.0000000E+00  0.0000000E+00  0.0000000E+00  0.0000000E+00  0.0000000E+00  0.0000000E+00
         1   408      1  0.0000000E+00  0.0000000E+00  0.0000000E+00  0.0000000E+00  0.0000000E+00  0.0000000E+00
         1   408      2 -0.5202175E-03  0.5064661E-05  0.0000000E+00  0.0000000E+00 -0.7993900E-04  0.0000000E+00
         1   408      3 -0.7803945E-03  0.7591139E-05  0.0000000E+00  0.0000000E+00 -0.1204091E-03  0.0000000E+00
         1   408      4 -0.1040616E-02  0.1011390E-04  0.0000000E+00  0.0000000E+00 -0.1612127E-03  0.0000000E+00
         1   408      5 -0.1300882E-02  0.1263306E-04  0.0000000E+00  0.0000000E+00 -0.2023496E-03  0.0000000E+00
         1   408      6 -0.1561192E-02  0.1514877E-04  0.0000000E+00  0.0000000E+00 -0.2438198E-03  0.0000000E+00
         1   408      7 -0.1821544E-02  0.1766116E-04  0.0000000E+00  0.0000000E+00 -0.2856230E-03  0.0000000E+00
         1   408      8 -0.2081939E-02  0.2017037E-04  0.0000000E+00  0.0000000E+00 -0.3277592E-03  0.0000000E+00
         1   408      9 -0.2342376E-02  0.2267652E-04  0.0000000E+00  0.0000000E+00 -0.3702280E-03  0.0000000E+00
         1   408     10  0.9916026E-03 -0.1631077E-03  0.0000000E+00  0.0000000E+00  0.5240976E-01  0.1000000E-02

         1   409      0  0.0000000E+00  0.0000000E+00  0.0000000E+00  0.0000000E+00  0.0000000E+00  0.0000000E+00
         1   409      1  0.0000000E+00  0.0000000E+00  0.0000000E+00  0.0000000E+00  0.0000000E+00  0.0000000E+00
         1   409      2 -0.5189513E-03  0.5064661E-05  0.0000000E+00  0.0000000E+00 -0.7993900E-04  0.0000000E+00
         1   409      3 -0.7784967E-03  0.7591139E-05  0.0000000E+00  0.0000000E+00 -0.1204091E-03  0.0000000E+00
         1   409      4 -0.1038088E-02  0.1011390E-04  0.0000000E+00  0.0000000E+00 -0.1612127E-03  0.0000000E+00
         1   409      5 -0.1297724E-02  0.1263306E-04  0.0000000E+00  0.0000000E+00 -0.2023496E-03  0.0000000E+00
         1   409      6 -0.1557404E-02  0.1514877E-04  0.0000000E+00  0.0000000E+00 -0.2438198E-03  0.0000000E+00
         1   409      7 -0.1817129E-02  0.1766116E-04  0.0000000E+00  0.0000000E+00 -0.2856231E-03  0.0000000E+00
         1   409      8 -0.2076897E-02  0.2017037E-04  0.0000000E+00  0.0000000E+00 -0.3277592E-03  0.0000000E+00
         1   409      9 -0.2336707E-02  0.2267652E-04  0.0000000E+00  0.0000000E+00 -0.3702281E-03  0.0000000E+00
         1   409     10  0.9508483E-03 -0.1631077E-03  0.0000000E+00  0.0000000E+00  0.5245918E-01  0.1000000E-02

         1   410      0  0.0000000E+00  0.0000000E+00  0.0000000E+00  0.0000000E+00  0.0000000E+00  0.0000000E+00
         1   410      1  0.0000000E+00  0.0000000E+00  0.0000000E+00  0.0000000E+00  0.0000000E+00  0.0000000E+00
         1   410      2 -0.4886140E-03  0.7858542E-05  0.0000000E+00  0.0000000E+00 -0.2210806E-04  0.0000000E+00
         1   410      3 -0.7330177E-03  0.1178241E-04  0.0000000E+00  0.0000000E+00 -0.3365361E-04  0.0000000E+00
         1   410      4 -0.9774843E-03  0.1570285E-04  0.0000000E+00  0.0000000E+00 -0.4552679E-04  0.0000000E+00
         1   410      5 -0.1222013E-02  0.1961999E-04  0.0000000E+00  0.0000000E+00 -0.5772754E-04  0.0000000E+00
         1   410      6 -0.1466601E-02  0.2353395E-04  0.0000000E+00  0.0000000E+00 -0.7025582E-04  0.0000000E+00
         1   410      7 -0.1711249E-02  0.2744487E-04  0.0000000E+00  0.0000000E+00 -0.8311158E-04  0.0000000E+00
         1   410      8 -0.1955955E-02  0.3135288E-04  0.0000000E+00  0.0000000E+00 -0.9629478E-04  0.0000000E+00
         1   410      9 -0.2200717E-02  0.3525810E-04  0.0000000E+00  0.0000000E+00 -0.1098054E-03  0.0000000E+00
         1   410     10  0.4455807E-03 -0.5223351E-04  0.0000000E+00  0.0000000E+00  0.5331043E-01  0.1000000E-02

         1   411      0  0.0000000E+00  0.0000000E+00  0.0000000E+00  0.0000000E+00  0.0000000E+00  0.0000000E+00
         1   411      1  0.0000000E+00  0.0000000E+00  0.0000000E+00  0.0000000E+00  0.0000000E+00  0.0000000E+00
         1   411      2 -0.4866493E-03  0.7858542E-05  0.0000000E+00  0.0000000E+00 -0.2210806E-04  0.0000000E+00
         1   411      3 -0.7300721E-03  0.1178241E-04  0.0000000E+00  0.0000000E+00 -0.3365362E-04  0.0000000E+00
         1   411      4 -0.9735586E-03  0.1570285E-04  0.0000000E+00  0.0000000E+00 -0.4552680E-04  0.0000000E+00
         1   411      5 -0.1217108E-02  0.1961999E-04  0.0000000E+00  0.0000000E+00 -0.5772756E-04  0.0000000E+00
         1   411      6 -0.1460718E-02  0.2353395E-04  0.0000000E+00  0.0000000E+00 -0.7025586E-04  0.0000000E+00
         1   411      7 -0.1704388E-02  0.2744487E-04  0.0000000E+00  0.0000000E+00 -0.8311163E-04  0.0000000E+00
         1   411      8 -0.1948117E-02  0.3135288E-04  0.0000000E+00  0.0000000E+00 -0.9629485E-04  0.0000000E+00
         1   411      9 -0.2191903E-02  0.3525810E-04  0.0000000E+00  0.0000000E+00 -0.1098055E-03  0.0000000E+00
         1   411     10  0.4325295E-03 -0.5223351E-04  0.0000000E+00  0.0000000E+00  0.5335985E-01  0.1000000E-02

         1   412      0  0.0000000E+00  0.0000000E+00  0.0000000E+00  0.0000000E+00  0.0000000E+00  0.0000000E+00
         1   412      1  0.0000000E+00  0.0000000E+00  0.0000000E+00  0.0000000E+00  0.0000000E+00  0.0000000E+00
         1   412      2 -0.4854705E-03  0.7858542E-05  0.0000000E+00  0.0000000E+00 -0.2210806E-04  0.0000000E+00
         1   412      3 -0.7283047E-03  0.1178241E-04  0.0000000E+00  0.0000000E+00 -0.3365363E-04  0.0000000E+00
         1   412      4 -0.9712032E-03  0.1570285E-04  0.0000000E+00  0.0000000E+00 -0.4552681E-04  0.0000000E+00
         1   412      5 -0.1214165E-02  0.1961999E-04  0.0000000E+00  0.0000000E+00 -0.5772758E-04  0.0000000E+00
         1   412      6 -0.1457188E-02  0.2353395E-04  0.0000000E+00  0.0000000E+00 -0.7025588E-04  0.0000000E+00
         1   412      7 -0.1700271E-02  0.2744487E-04  0.0000000E+00  0.0000000E+00 -0.8311166E-04  0.0000000E+00
         1   412      8 -0.1943414E-02  0.3135288E-04  0.0000000E+00  0.0000000E+00 -0.9629489E-04  0.0000000E+00
         1   412      9 -0.2186614E-02  0.3525810E-04  0.0000000E+00  0.0000000E+00 -0.1098055E-03  0.0000000E+00
         1   412     10  0.4246988E-03 -0.5223351E-04  0.0000000E+00  0.0000000E+00  0.5338950E-01  0.1000000E-02

         1   413      0  0.0000000E+00  0.0000000E+00  0.0000000E+00  0.0000000E+00  0.0000000E+00  0.0000000E+00
         1   413      1  0.0000000E+00  0.0000000E+00  0.0000000E+00  0.0000000E+00  0.0000000E+00  0.0000000E+00
         1   413      2 -0.4835059E-03  0.7858542E-05  0.0000000E+00  0.0000000E+00 -0.2210807E-04  0.0000000E+00
         1   413      3 -0.7253591E-03  0.1178241E-04  0.0000000E+00  0.0000000E+00 -0.3365364E-04  0.0000000E+00
         1   413      4 -0.9672775E-03  0.1570285E-04  0.0000000E+00  0.0000000E+00 -0.4552683E-04  0.0000000E+00
         1   413      5 -0.1209260E-02  0.1961999E-04  0.0000000E+00  0.0000000E+00 -0.5772761E-04  0.0000000E+00
         1   413      6 -0.1451304E-02  0.2353395E-04  0.0000000E+00  0.0000000E+00 -0.7025592E-04  0.0000000E+00
         1   413      7 -0.1693410E-02  0.2744487E-04  0.0000000E+00  0.0000000E+00 -0.8311172E-04  0.0000000E+00
         1   413      8 -0.1935576E-02  0.3135288E-04  0.0000000E+00  0.0000000E+00 -0.9629496E-04  0.0000000E+00
         1   413      9 -0.2177800E-02  0.3525810E-04  0.0000000E+00  0.0000000E+00 -0.1098056E-03  0.0000000E+00
         1   413     10  0.4116477E-03 -0.5223351E-04  0.0000000E+00  0.0000000E+00  0.5343893E-01  0.1000000E-02

         1   414      0  0.0000000E+00  0.0000000E+00  0.0000000E+00  0.0000000E+00  0.0000000E+00  0.0000000E+00
         1   414      1  0.0000000E+00  0.0000000E+00  0.0000000E+00  0.0000000E+00  0.0000000E+00  0.0000000E+00
         1   414      2 -0.4698556E-03  0.4655864E-04  0.0000000E+00  0.0000000E+00 -0.2211149E-04  0.0000000E+00
         1   414      3 -0.7048843E-03  0.6984073E-04  0.0000000E+00  0.0000000E+00 -0.3366133E-04  0.0000000E+00
         1   414      4 -0.9399785E-03  0.9312469E-04  0.0000000E+00  0.0000000E+00 -0.4554052E-04  0.0000000E+00
         1   414      5 -0.1175137E-02  0.1164105E-03  0.0000000E+00  0.0000000E+00 -0.5774899E-04  0.0000000E+00
         1   414      6 -0.1410358E-02  0.1396983E-03  0.0000000E+00  0.0000000E+00 -0.7028673E-04  0.0000000E+00
         1   414      7 -0.1645641E-02  0.1629880E-03  0.0000000E+00  0.0000000E+00 -0.8315366E-04  0.0000000E+00
         1   414      8 -0.1880983E-02  0.1862797E-03  0.0000000E+00  0.0000000E+00 -0.9634976E-04  0.0000000E+00
         1   414      9 -0.2116385E-02  0.2095733E-03  0.0000000E+00  0.0000000E+00 -0.1098750E-03  0.0000000E+00
         1   414     10  0.3774296E-03 -0.8425326E-04  0.0000000E+00  0.0000000E+00  0.5353778E-01  0.1000000E-02

         1   415      0  0.0000000E+00  0.0000000E+00  0.0000000E+00  0.0000000E+00  0.0000000E+00  0.0000000E+00
         1   415      1  0.0000000E+00  0.0000000E+00  0.0000000E+00  0.0000000E+00  0.0000000E+00  0.0000000E+00
         1   415      2 -0.4372606E-03  0.8338149E-04  0.0000000E+00  0.0000000E+00 -0.2211508E-04  0.0000000E+00
         1   415      3 -0.6559884E-03  0.1250831E-03  0.0000000E+00  0.0000000E+00 -0.3366942E-04  0.0000000E+00
         1   415      4 -0.8747794E-03  0.1667917E-03  0.0000000E+00  0.0000000E+00 -0.4555489E-04  0.0000000E+00
         1   415      5 -0.1093632E-02  0.2085074E-03  0.0000000E+00  0.0000000E+00 -0.5777147E-04  0.0000000E+00
         1   415      6 -0.1312546E-02  0.2502300E-03  0.0000000E+00  0.0000000E+00 -0.7031910E-04  0.0000000E+00
         1   415      7 -0.1531519E-02  0.2919594E-03  0.0000000E+00  0.0000000E+00 -0.8319773E-04  0.0000000E+00
         1   415      8 -0.1750549E-02  0.3336956E-03  0.0000000E+00  0.0000000E+00 -0.9640733E-04  0.0000000E+00
         1   415      9 -0.1969637E-02  0.3754385E-03  0.0000000E+00  0.0000000E+00 -0.1099479E-03  0.0000000E+00
         1   415     10  0.3280073E-03 -0.1128790E-03  0.0000000E+00  0.0000000E+00  0.5363662E-01  0.1000000E-02

         1   416      0  0.0000000E+00  0.0000000E+00  0.0000000E+00  0.0000000E+00  0.0000000E+00  0.0000000E+00
         1   416      1  0.0000000E+00  0.0000000E+00  0.0000000E+00  0.0000000E+00  0.0000000E+00  0.0000000E+00
         1   416      2 -0.4164152E-03  0.8338149E-04  0.0000000E+00  0.0000000E+00 -0.2211556E-04  0.0000000E+00
         1   416      3 -0.6247176E-03  0.1250831E-03  0.0000000E+00  0.0000000E+00 -0.3367050E-04  0.0000000E+00
         1   416      4 -0.8330815E-03  0.1667917E-03  0.0000000E+00  0.0000000E+00 -0.4555683E-04  0.0000000E+00
         1   416      5 -0.1041506E-02  0.2085074E-03  0.0000000E+00  0.0000000E+00 -0.5777449E-04  0.0000000E+00
         1   416      6 -0.1249988E-02  0.2502300E-03  0.0000000E+00  0.0000000E+00 -0.7032344E-04  0.0000000E+00
         1   416      7 -0.1458529E-02  0.2919594E-03  0.0000000E+00  0.0000000E+00 -0.8320365E-04  0.0000000E+00
         1   416      8 -0.1667125E-02  0.3336956E-03  0.0000000E+00  0.0000000E+00 -0.9641506E-04  0.0000000E+00
         1   416      9 -0.1875777E-02  0.3754385E-03  0.0000000E+00  0.0000000E+00 -0.1099576E-03  0.0000000E+00
         1   416     10  0.2998032E-03 -0.1128790E-03  0.0000000E+00  0.0000000E+00  0.5368605E-01  0.1000000E-02

         1   417      0  0.0000000E+00  0.0000000E+00  0.0000000E+00  0.0000000E+00  0.0000000E+00  0.0000000E+00
         1   417      1  0.0000000E+00  0.0000000E+00  0.0000000E+00  0.0000000E+00  0.0000000E+00  0.0000000E+00
         1   417      2 -0.4039080E-03  0.8338149E-04  0.0000000E+00  0.0000000E+00 -0.2211585E-04  0.0000000E+00
         1   417      3 -0.6059552E-03  0.1250831E-03  0.0000000E+00  0.0000000E+00 -0.3367115E-04  0.0000000E+00
         1   417      4 -0.8080627E-03  0.1667917E-03  0.0000000E+00  0.0000000E+00 -0.4555798E-04  0.0000000E+00
         1   417      5 -0.1010229E-02  0.2085074E-03  0.0000000E+00  0.0000000E+00 -0.5777630E-04  0.0000000E+00
         1   417      6 -0.1212454E-02  0.2502300E-03  0.0000000E+00  0.0000000E+00 -0.7032605E-04  0.0000000E+00
         1   417      7 -0.1414735E-02  0.2919594E-03  0.0000000E+00  0.0000000E+00 -0.8320720E-04  0.0000000E+00
         1   417      8 -0.1617071E-02  0.3336956E-03  0.0000000E+00  0.0000000E+00 -0.9641970E-04  0.0000000E+00
         1   417      9 -0.1819461E-02  0.3754385E-03  0.0000000E+00  0.0000000E+00 -0.1099635E-03  0.0000000E+00
         1   417     10  0.2828808E-03 -0.1128790E-03  0.0000000E+00  0.0000000E+00  0.5371570E-01  0.1000000E-02

         1   418      0  0.0000000E+00  0.0000000E+00  0.0000000E+00  0.0000000E+00  0.0000000E+00  0.0000000E+00
         1   418      1  0.0000000E+00  0.0000000E+00  0.0000000E+00  0.0000000E+00  0.0000000E+00  0.0000000E+00
         1   418      2 -0.3830626E-03  0.8338149E-04  0.0000000E+00  0.0000000E+00 -0.2211633E-04  0.0000000E+00
         1   418      3 -0.5746844E-03  0.1250831E-03  0.0000000E+00  0.0000000E+00 -0.3367224E-04  0.0000000E+00
         1   418      4 -0.7663648E-03  0.1667917E-03  0.0000000E+00  0.0000000E+00 -0.4555991E-04  0.0000000E+00
         1   418      5 -0.9581026E-03  0.2085074E-03  0.0000000E+00  0.0000000E+00 -0.5777931E-04  0.0000000E+00
         1   418      6 -0.1149896E-02  0.2502300E-03  0.0000000E+00  0.0000000E+00 -0.7033039E-04  0.0000000E+00
         1   418      7 -0.1341745E-02  0.2919594E-03  0.0000000E+00  0.0000000E+00 -0.8321311E-04  0.0000000E+00
         1   418      8 -0.1533647E-02  0.3336956E-03  0.0000000E+00  0.0000000E+00 -0.9642743E-04  0.0000000E+00
         1   418      9 -0.1725602E-02  0.3754385E-03  0.0000000E+00  0.0000000E+00 -0.1099733E-03  0.0000000E+00
         1   418     10  0.2546767E-03 -0.1128790E-03  0.0000000E+00  0.0000000E+00  0.5376512E-01  0.1000000E-02

         1   419      0  0.0000000E+00  0.0000000E+00  0.0000000E+00  0.0000000E+00  0.0000000E+00  0.0000000E+00
         1   419      1  0.0000000E+00  0.0000000E+00  0.0000000E+00  0.0000000E+00  0.0000000E+00  0.0000000E+00
         1   419      2  0.1084284E-04  0.8441273E-04  0.0000000E+00  0.0000000E+00 -0.7611603E-06  0.0000000E+00
         1   419      3  0.1622094E-04  0.1266296E-03  0.0000000E+00  0.0000000E+00 -0.1638754E-05  0.0000000E+00
         1   419      4  0.2157130E-04  0.1688534E-03  0.0000000E+00  0.0000000E+00 -0.2847797E-05  0.0000000E+00
         1   419      5  0.2689477E-04  0.2110840E-03  0.0000000E+00  0.0000000E+00 -0.4388373E-05  0.0000000E+00
         1   419      6  0.3219219E-04  0.2533213E-03  0.0000000E+00  0.0000000E+00 -0.6260561E-05  0.0000000E+00
         1   419      7  0.3746442E-04  0.2955652E-03  0.0000000E+00  0.0000000E+00 -0.8464442E-05  0.0000000E+00
         1   419      8  0.4271232E-04  0.3378156E-03  0.0000000E+00  0.0000000E+00 -0.1100010E-04  0.0000000E+00
         1   419      9  0.4793673E-04  0.3800725E-03  0.0000000E+00  0.0000000E+00 -0.1386761E-04  0.0000000E+00
         1   419     10 -0.7401020E-05  0.1180033E-05  0.0000000E+00  0.0000000E+00  0.5468228E-01  0.1000000E-02

         1   420      0  0.0000000E+00  0.0000000E+00  0.0000000E+00  0.0000000E+00  0.0000000E+00  0.0000000E+00
         1   420      1  0.0000000E+00  0.0000000E+00  0.0000000E+00  0.0000000E+00  0.0000000E+00  0.0000000E+00
         1   420      2  0.3194602E-04  0.8441273E-04  0.0000000E+00  0.0000000E+00 -0.7616548E-06  0.0000000E+00
         1   420      3  0.4787835E-04  0.1266296E-03  0.0000000E+00  0.0000000E+00 -0.1639866E-05  0.0000000E+00
         1   420      4  0.6378466E-04  0.1688534E-03  0.0000000E+00  0.0000000E+00 -0.2849776E-05  0.0000000E+00
         1   420      5  0.7966577E-04  0.2110840E-03  0.0000000E+00  0.0000000E+00 -0.4391465E-05  0.0000000E+00
         1   420      6  0.9552252E-04  0.2533213E-03  0.0000000E+00  0.0000000E+00 -0.6265014E-05  0.0000000E+00
         1   420      7  0.1113557E-03  0.2955652E-03  0.0000000E+00  0.0000000E+00 -0.8470505E-05  0.0000000E+00
         1   420      8  0.1271662E-03  0.3378156E-03  0.0000000E+00  0.0000000E+00 -0.1100802E-04  0.0000000E+00
         1   420      9  0.1429549E-03  0.3800725E-03  0.0000000E+00  0.0000000E+00 -0.1387763E-04  0.0000000E+00
         1   420     10 -0.7106175E-05  0.1180033E-05  0.0000000E+00  0.0000000E+00  0.5473171E-01  0.1000000E-02

         1   421      0  0.0000000E+00  0.0000000E+00  0.0000000E+00  0.0000000E+00  0.0000000E+00  0.0000000E+00
         1   421      1  0.0000000E+00  0.0000000E+00  0.0000000E+00  0.0000000E+00  0.0000000E+00  0.0000000E+00
         1   421      2  0.4460793E-04  0.8441273E-04  0.0000000E+00  0.0000000E+00 -0.7619515E-06  0.0000000E+00
         1   421      3  0.6687280E-04  0.1266296E-03  0.0000000E+00  0.0000000E+00 -0.1640534E-05  0.0000000E+00
         1   421      4  0.8911267E-04  0.1688534E-03  0.0000000E+00  0.0000000E+00 -0.2850963E-05  0.0000000E+00
         1   421      5  0.1113284E-03  0.2110840E-03  0.0000000E+00  0.0000000E+00 -0.4393320E-05  0.0000000E+00
         1   421      6  0.1335207E-03  0.2533213E-03  0.0000000E+00  0.0000000E+00 -0.6267686E-05  0.0000000E+00
         1   421      7  0.1556905E-03  0.2955652E-03  0.0000000E+00  0.0000000E+00 -0.8474142E-05  0.0000000E+00
         1   421      8  0.1778386E-03  0.3378156E-03  0.0000000E+00  0.0000000E+00 -0.1101277E-04  0.0000000E+00
         1   421      9  0.1999657E-03  0.3800725E-03  0.0000000E+00  0.0000000E+00 -0.1388365E-04  0.0000000E+00
         1   421     10 -0.6929269E-05  0.1180033E-05  0.0000000E+00  0.0000000E+00  0.5476136E-01  0.1000000E-02

         1   422      0  0.0000000E+00  0.0000000E+00  0.0000000E+00  0.0000000E+00  0.0000000E+00  0.0000000E+00
         1   422      1  0.0000000E+00  0.0000000E+00  0.0000000E+00  0.0000000E+00  0.0000000E+00  0.0000000E+00
         1   422      2  0.6571112E-04  0.8441273E-04  0.0000000E+00  0.0000000E+00 -0.7624460E-06  0.0000000E+00
         1   422      3  0.9853020E-04  0.1266296E-03  0.0000000E+00  0.0000000E+00 -0.1641647E-05  0.0000000E+00
         1   422      4  0.1313260E-03  0.1688534E-03  0.0000000E+00  0.0000000E+00 -0.2852942E-05  0.0000000E+00
         1   422      5  0.1640994E-03  0.2110840E-03  0.0000000E+00  0.0000000E+00 -0.4396412E-05  0.0000000E+00
         1   422      6  0.1968510E-03  0.2533213E-03  0.0000000E+00  0.0000000E+00 -0.6272139E-05  0.0000000E+00
         1   422      7  0.2295818E-03  0.2955652E-03  0.0000000E+00  0.0000000E+00 -0.8480205E-05  0.0000000E+00
         1   422      8  0.2622925E-03  0.3378156E-03  0.0000000E+00  0.0000000E+00 -0.1102069E-04  0.0000000E+00
         1   422      9  0.2949839E-03  0.3800725E-03  0.0000000E+00  0.0000000E+00 -0.1389367E-04  0.0000000E+00
         1   422     10 -0.6634424E-05  0.1180033E-05  0.0000000E+00  0.0000000E+00  0.5481079E-01  0.1000000E-02

         1   423      0  0.0000000E+00  0.0000000E+00  0.0000000E+00  0.0000000E+00  0.0000000E+00  0.0000000E+00
         1   423      1  0.0000000E+00  0.0000000E+00  0.0000000E+00  0.0000000E+00  0.0000000E+00  0.0000000E+00
         1   423      2  0.1093930E-03  0.9085146E-04  0.0000000E+00  0.0000000E+00 -0.7634036E-06  0.0000000E+00
         1   423      3  0.1640576E-03  0.1362852E-03  0.0000000E+00  0.0000000E+00 -0.1643802E-05  0.0000000E+00
         1   423      4  0.2187020E-03  0.1817243E-03  0.0000000E+00  0.0000000E+00 -0.2856774E-05  0.0000000E+00
         1   423      5  0.2733270E-03  0.2271686E-03  0.0000000E+00  0.0000000E+00 -0.4402401E-05  0.0000000E+00
         1   423      6  0.3279332E-03  0.2726181E-03  0.0000000E+00  0.0000000E+00 -0.6280765E-05  0.0000000E+00
         1   423      7  0.3825215E-03  0.3180728E-03  0.0000000E+00  0.0000000E+00 -0.8491947E-05  0.0000000E+00
         1   423      8  0.4370926E-03  0.3635326E-03  0.0000000E+00  0.0000000E+00 -0.1103603E-04  0.0000000E+00
         1   423      9  0.4916473E-03  0.4089976E-03  0.0000000E+00  0.0000000E+00 -0.1391309E-04  0.0000000E+00
         1   423     10 -0.6163723E-05  0.7096002E-06  0.0000000E+00  0.0000000E+00  0.5490964E-01  0.1000000E-02

         1   424      0  0.0000000E+00  0.0000000E+00  0.0000000E+00  0.0000000E+00  0.0000000E+00  0.0000000E+00
         1   424      1  0.0000000E+00  0.0000000E+00  0.0000000E+00  0.0000000E+00  0.0000000E+00  0.0000000E+00
         1   424      2  0.1574683E-03  0.1021290E-03  0.0000000E+00  0.0000000E+00 -0.7644181E-06  0.0000000E+00
         1   424      3  0.2361740E-03  0.1531990E-03  0.0000000E+00  0.0000000E+00 -0.1646085E-05  0.0000000E+00
         1   424      4  0.3148617E-03  0.2042727E-03  0.0000000E+00  0.0000000E+00 -0.2860833E-05  0.0000000E+00
         1   424      5  0.3935321E-03  0.2553500E-03  0.0000000E+00  0.0000000E+00 -0.4408745E-05  0.0000000E+00
         1   424      6  0.4721861E-03  0.3064312E-03  0.0000000E+00  0.0000000E+00 -0.6289903E-05  0.0000000E+00
         1   424      7  0.5508244E-03  0.3575160E-03  0.0000000E+00  0.0000000E+00 -0.8504387E-05  0.0000000E+00
         1   424      8  0.6294477E-03  0.4086047E-03  0.0000000E+00  0.0000000E+00 -0.1105228E-04  0.0000000E+00
         1   424      9  0.7080567E-03  0.4596971E-03  0.0000000E+00  0.0000000E+00 -0.1393366E-04  0.0000000E+00
         1   424     10 -0.5937652E-05  0.1983762E-06  0.0000000E+00  0.0000000E+00  0.5500849E-01  0.1000000E-02

         1   425      0  0.0000000E+00  0.0000000E+00  0.0000000E+00  0.0000000E+00  0.0000000E+00  0.0000000E+00
         1   425      1  0.0000000E+00  0.0000000E+00  0.0000000E+00  0.0000000E+00  0.0000000E+00  0.0000000E+00
         1   425      2  0.1830006E-03  0.1021290E-03  0.0000000E+00  0.0000000E+00 -0.7651420E-06  0.0000000E+00
         1   425      3  0.2744738E-03  0.1531990E-03  0.0000000E+00  0.0000000E+00 -0.1647714E-05  0.0000000E+00
         1   425      4  0.3659299E-03  0.2042727E-03  0.0000000E+00  0.0000000E+00 -0.2863729E-05  0.0000000E+00
         1   425      5  0.4573697E-03  0.2553500E-03  0.0000000E+00  0.0000000E+00 -0.4413270E-05  0.0000000E+00
         1   425      6  0.5487939E-03  0.3064312E-03  0.0000000E+00  0.0000000E+00 -0.6296419E-05  0.0000000E+00
         1   425      7  0.6402034E-03  0.3575160E-03  0.0000000E+00  0.0000000E+00 -0.8513257E-05  0.0000000E+00
         1   425      8  0.7315988E-03  0.4086047E-03  0.0000000E+00  0.0000000E+00 -0.1106387E-04  0.0000000E+00
         1   425      9  0.8229810E-03  0.4596971E-03  0.0000000E+00  0.0000000E+00 -0.1394833E-04  0.0000000E+00
         1   425     10 -0.5888085E-05  0.1983762E-06  0.0000000E+00  0.0000000E+00  0.5505791E-01  0.1000000E-02

         1   426      0  0.0000000E+00  0.0000000E+00  0.0000000E+00  0.0000000E+00  0.0000000E+00  0.0000000E+00
         1   426      1  0.0000000E+00  0.0000000E+00  0.0000000E+00  0.0000000E+00  0.0000000E+00  0.0000000E+00
         1   426      2  0.1983199E-03  0.1021290E-03  0.0000000E+00  0.0000000E+00 -0.7655763E-06  0.0000000E+00
         1   426      3  0.2974536E-03  0.1531990E-03  0.0000000E+00  0.0000000E+00 -0.1648691E-05  0.0000000E+00
         1   426      4  0.3965708E-03  0.2042727E-03  0.0000000E+00  0.0000000E+00 -0.2865467E-05  0.0000000E+00
         1   426      5  0.4956722E-03  0.2553500E-03  0.0000000E+00  0.0000000E+00 -0.4415985E-05  0.0000000E+00
         1   426      6  0.5947586E-03  0.3064312E-03  0.0000000E+00  0.0000000E+00 -0.6300329E-05  0.0000000E+00
         1   426      7  0.6938308E-03  0.3575160E-03  0.0000000E+00  0.0000000E+00 -0.8518579E-05  0.0000000E+00
         1   426      8  0.7928895E-03  0.4086047E-03  0.0000000E+00  0.0000000E+00 -0.1107082E-04  0.0000000E+00
         1   426      9  0.8919356E-03  0.4596971E-03  0.0000000E+00  0.0000000E+00 -0.1395713E-04  0.0000000E+00
         1   426     10 -0.5858346E-05  0.1983762E-06  0.0000000E+00  0.0000000E+00  0.5508757E-01  0.1000000E-02

         1   427      0  0.0000000E+00  0.0000000E+00  0.0000000E+00  0.0000000E+00  0.0000000E+00  0.0000000E+00
         1   427      1  0.0000000E+00  0.0000000E+00  0.0000000E+00  0.0000000E+00  0.0000000E+00  0.0000000E+00
         1   427      2  0.2238522E-03  0.1021290E-03  0.0000000E+00  0.0000000E+00 -0.7663001E-06  0.0000000E+00
         1   427      3  0.3357534E-03  0.1531990E-03  0.0000000E+00  0.0000000E+00 -0.1650320E-05  0.0000000E+00
         1   427      4  0.4476389E-03  0.2042727E-03  0.0000000E+00  0.0000000E+00 -0.2868362E-05  0.0000000E+00
         1   427      5  0.5595097E-03  0.2553500E-03  0.0000000E+00  0.0000000E+00 -0.4420510E-05  0.0000000E+00
         1   427      6  0.6713664E-03  0.3064312E-03  0.0000000E+00  0.0000000E+00 -0.6306845E-05  0.0000000E+00
         1   427      7  0.7832098E-03  0.3575160E-03  0.0000000E+00  0.0000000E+00 -0.8527450E-05  0.0000000E+00
         1   427      8  0.8950407E-03  0.4086047E-03  0.0000000E+00  0.0000000E+00 -0.1108240E-04  0.0000000E+00
         1   427      9  0.1006860E-02  0.4596971E-03  0.0000000E+00  0.0000000E+00 -0.1397179E-04  0.0000000E+00
         1   427     10 -0.5808779E-05  0.1983762E-06  0.0000000E+00  0.0000000E+00  0.5513699E-01  0.1000000E-02

         1   428      0  0.0000000E+00  0.0000000E+00  0.0000000E+00  0.0000000E+00  0.0000000E+00  0.0000000E+00
         1   428      1  0.0000000E+00  0.0000000E+00  0.0000000E+00  0.0000000E+00  0.0000000E+00  0.0000000E+00
         1   428      2  0.7023267E-03  0.1021290E-03  0.0000000E+00  0.0000000E+00 -0.7798649E-06  0.0000000E+00
         1   428      3  0.1053491E-02  0.1531990E-03  0.0000000E+00  0.0000000E+00 -0.1680843E-05  0.0000000E+00
         1   428      4  0.1404656E-02  0.2042727E-03  0.0000000E+00  0.0000000E+00 -0.2922629E-05  0.0000000E+00
         1   428      5  0.1755825E-02  0.2553500E-03  0.0000000E+00  0.0000000E+00 -0.4505308E-05  0.0000000E+00
         1   428      6  0.2106996E-02  0.3064312E-03  0.0000000E+00  0.0000000E+00 -0.6428964E-05  0.0000000E+00
         1   428      7  0.2458172E-02  0.3575160E-03  0.0000000E+00  0.0000000E+00 -0.8693678E-05  0.0000000E+00
         1   428      8  0.2809354E-02  0.4086047E-03  0.0000000E+00  0.0000000E+00 -0.1129954E-04  0.0000000E+00
         1   428      9  0.3160541E-02  0.4596971E-03  0.0000000E+00  0.0000000E+00 -0.1424662E-04  0.0000000E+00
         1   428     10 -0.4879902E-05  0.1983762E-06  0.0000000E+00  0.0000000E+00  0.5606321E-01  0.1000000E-02

         1   429      0  0.0000000E+00  0.0000000E+00  0.0000000E+00  0.0000000E+00  0.0000000E+00  0.0000000E+00
         1   429      1  0.0000000E+00  0.0000000E+00  0.0000000E+00  0.0000000E+00  0.0000000E+00  0.0000000E+00
         1   429      2  0.7278590E-03  0.1021290E-03  0.0000000E+00  0.0000000E+00 -0.7805887E-06  0.0000000E+00
         1   429      3  0.1091790E-02  0.1531990E-03  0.0000000E+00  0.0000000E+00 -0.1682471E-05  0.0000000E+00
         1   429      4  0.1455725E-02  0.2042727E-03  0.0000000E+00  0.0000000E+00 -0.2925525E-05  0.0000000E+00
         1   429      5  0.1819662E-02  0.2553500E-03  0.0000000E+00  0.0000000E+00 -0.4509833E-05  0.0000000E+00
         1   429      6  0.2183604E-02  0.3064312E-03  0.0000000E+00  0.0000000E+00 -0.6435480E-05  0.0000000E+00
         1   429      7  0.2547551E-02  0.3575160E-03  0.0000000E+00  0.0000000E+00 -0.8702548E-05  0.0000000E+00
         1   429      8  0.2911505E-02  0.4086047E-03  0.0000000E+00  0.0000000E+00 -0.1131112E-04  0.0000000E+00
         1   429      9  0.3275466E-02  0.4596971E-03  0.0000000E+00  0.0000000E+00 -0.1426128E-04  0.0000000E+00
         1   429     10 -0.4830336E-05  0.1983762E-06  0.0000000E+00  0.0000000E+00  0.5611264E-01  0.1000000E-02

         1   430      0  0.0000000E+00  0.0000000E+00  0.0000000E+00  0.0000000E+00  0.0000000E+00  0.0000000E+00
         1   430      1  0.0000000E+00  0.0000000E+00  0.0000000E+00  0.0000000E+00  0.0000000E+00  0.0000000E+00
         1   430      2  0.7431783E-03  0.1021290E-03  0.0000000E+00  0.0000000E+00 -0.7810231E-06  0.0000000E+00
         1   430      3  0.1114770E-02  0.1531990E-03  0.0000000E+00  0.0000000E+00 -0.1683449E-05  0.0000000E+00
         1   430      4  0.1486366E-02  0.2042727E-03  0.0000000E+00  0.0000000E+00 -0.2927263E-05  0.0000000E+00
         1   430      5  0.1857965E-02  0.2553500E-03  0.0000000E+00  0.0000000E+00 -0.4512548E-05  0.0000000E+00
         1   430      6  0.2229569E-02  0.3064312E-03  0.0000000E+00  0.0000000E+00 -0.6439390E-05  0.0000000E+00
         1   430      7  0.2601179E-02  0.3575160E-03  0.0000000E+00  0.0000000E+00 -0.8707871E-05  0.0000000E+00
         1   430      8  0.2972796E-02  0.4086047E-03  0.0000000E+00  0.0000000E+00 -0.1131807E-04  0.0000000E+00
         1   430      9  0.3344420E-02  0.4596971E-03  0.0000000E+00  0.0000000E+00 -0.1427008E-04  0.0000000E+00
         1   430     10 -0.4800596E-05  0.1983762E-06  0.0000000E+00  0.0000000E+00  0.5614229E-01  0.1000000E-02

         1   431      0  0.0000000E+00  0.0000000E+00  0.0000000E+00  0.0000000E+00  0.0000000E+00  0.0000000E+00
         1   431      1  0.0000000E+00  0.0000000E+00  0.0000000E+00  0.0000000E+00  0.0000000E+00  0.0000000E+00
         1   431      2  0.7687106E-03  0.1021290E-03  0.0000000E+00  0.0000000E+00 -0.7817469E-06  0.0000000E+00
         1   431      3  0.1153070E-02  0.1531990E-03  0.0000000E+00  0.0000000E+00 -0.1685077E-05  0.0000000E+00
         1   431      4  0.1537434E-02  0.2042727E-03  0.0000000E+00  0.0000000E+00 -0.2930158E-05  0.0000000E+00
         1   431      5  0.1921802E-02  0.2553500E-03  0.0000000E+00  0.0000000E+00 -0.4517073E-05  0.0000000E+00
         1   431      6  0.2306177E-02  0.3064312E-03  0.0000000E+00  0.0000000E+00 -0.6445906E-05  0.0000000E+00
         1   431      7  0.2690558E-02  0.3575160E-03  0.0000000E+00  0.0000000E+00 -0.8716741E-05  0.0000000E+00
         1   431      8  0.3074947E-02  0.4086047E-03  0.0000000E+00  0.0000000E+00 -0.1132966E-04  0.0000000E+00
         1   431      9  0.3459344E-02  0.4596971E-03  0.0000000E+00  0.0000000E+00 -0.1428475E-04  0.0000000E+00
         1   431     10 -0.4751029E-05  0.1983762E-06  0.0000000E+00  0.0000000E+00  0.5619172E-01  0.1000000E-02

         1   432      0  0.0000000E+00  0.0000000E+00  0.0000000E+00  0.0000000E+00  0.0000000E+00  0.0000000E+00
         1   432      1  0.0000000E+00  0.0000000E+00  0.0000000E+00  0.0000000E+00  0.0000000E+00  0.0000000E+00
         1   432      2  0.8012644E-03  0.2757267E-04  0.0000000E+00  0.0000000E+00 -0.7928716E-06  0.0000000E+00
         1   432      3  0.1201903E-02  0.4136395E-04  0.0000000E+00  0.0000000E+00 -0.1710108E-05  0.0000000E+00
         1   432      4  0.1602548E-02  0.5515843E-04  0.0000000E+00  0.0000000E+00 -0.2974659E-05  0.0000000E+00
         1   432      5  0.2003200E-02  0.6895605E-04  0.0000000E+00  0.0000000E+00 -0.4586606E-05  0.0000000E+00
         1   432      6  0.2403859E-02  0.8275676E-04  0.0000000E+00  0.0000000E+00 -0.6546035E-05  0.0000000E+00
         1   432      7  0.2804527E-02  0.9656048E-04  0.0000000E+00  0.0000000E+00 -0.8853031E-05  0.0000000E+00
         1   432      8  0.3205204E-02  0.1103672E-03  0.0000000E+00  0.0000000E+00 -0.1150768E-04  0.0000000E+00
         1   432      9  0.3605891E-02  0.1241767E-03  0.0000000E+00  0.0000000E+00 -0.1451005E-04  0.0000000E+00
         1   432     10 -0.4540853E-05  0.6394786E-06  0.0000000E+00  0.0000000E+00  0.5629057E-01  0.1000000E-02

         1   433      0  0.0000000E+00  0.0000000E+00  0.0000000E+00  0.0000000E+00  0.0000000E+00  0.0000000E+00
         1   433      1  0.0000000E+00  0.0000000E+00  0.0000000E+00  0.0000000E+00  0.0000000E+00  0.0000000E+00
         1   433      2  0.7960664E-03 -0.4828278E-04  0.0000000E+00  0.0000000E+00 -0.8037918E-06  0.0000000E+00
         1   433      3  0.1194109E-02 -0.7242000E-04  0.0000000E+00  0.0000000E+00 -0.1734679E-05  0.0000000E+00
         1   433      4  0.1592158E-02 -0.9655464E-04  0.0000000E+00  0.0000000E+00 -0.3018341E-05  0.0000000E+00
         1   433      5  0.1990216E-02 -0.1206868E-03  0.0000000E+00  0.0000000E+00 -0.4654860E-05  0.0000000E+00
         1   433      6  0.2388283E-02 -0.1448168E-03  0.0000000E+00  0.0000000E+00 -0.6644323E-05  0.0000000E+00
         1   433      7  0.2786359E-02 -0.1689445E-03  0.0000000E+00  0.0000000E+00 -0.8986814E-05  0.0000000E+00
         1   433      8  0.3184446E-02 -0.1930703E-03  0.0000000E+00  0.0000000E+00 -0.1168242E-04  0.0000000E+00
         1   433      9  0.3582545E-02 -0.2171943E-03  0.0000000E+00  0.0000000E+00 -0.1473121E-04  0.0000000E+00
         1   433     10 -0.4116927E-05  0.1050479E-05  0.0000000E+00  0.0000000E+00  0.5638941E-01  0.1000000E-02

         1   434      0  0.0000000E+00  0.0000000E+00  0.0000000E+00  0.0000000E+00  0.0000000E+00  0.0000000E+00
         1   434      1  0.0000000E+00  0.0000000E+00  0.0000000E+00  0.0000000E+00  0.0000000E+00  0.0000000E+00
         1   434      2  0.7839957E-03 -0.4828278E-04  0.0000000E+00  0.0000000E+00 -0.8039536E-06  0.0000000E+00
         1   434      3  0.1176004E-02 -0.7242000E-04  0.0000000E+00  0.0000000E+00 -0.1735043E-05  0.0000000E+00
         1   434      4  0.1568020E-02 -0.9655464E-04  0.0000000E+00  0.0000000E+00 -0.3018988E-05  0.0000000E+00
         1   434      5  0.1960044E-02 -0.1206868E-03  0.0000000E+00  0.0000000E+00 -0.4655871E-05  0.0000000E+00
         1   434      6  0.2352078E-02 -0.1448168E-03  0.0000000E+00  0.0000000E+00 -0.6645779E-05  0.0000000E+00
         1   434      7  0.2744123E-02 -0.1689445E-03  0.0000000E+00  0.0000000E+00 -0.8988795E-05  0.0000000E+00
         1   434      8  0.3136178E-02 -0.1930703E-03  0.0000000E+00  0.0000000E+00 -0.1168500E-04  0.0000000E+00
         1   434      9  0.3528246E-02 -0.2171943E-03  0.0000000E+00  0.0000000E+00 -0.1473449E-04  0.0000000E+00
         1   434     10 -0.3854453E-05  0.1050479E-05  0.0000000E+00  0.0000000E+00  0.5643884E-01  0.1000000E-02

         1   435      0  0.0000000E+00  0.0000000E+00  0.0000000E+00  0.0000000E+00  0.0000000E+00  0.0000000E+00
         1   435      1  0.0000000E+00  0.0000000E+00  0.0000000E+00  0.0000000E+00  0.0000000E+00  0.0000000E+00
         1   435      2  0.7767533E-03 -0.4828278E-04  0.0000000E+00  0.0000000E+00 -0.8040507E-06  0.0000000E+00
         1   435      3  0.1165141E-02 -0.7242000E-04  0.0000000E+00  0.0000000E+00 -0.1735262E-05  0.0000000E+00
         1   435      4  0.1553536E-02 -0.9655464E-04  0.0000000E+00  0.0000000E+00 -0.3019376E-05  0.0000000E+00
         1   435      5  0.1941941E-02 -0.1206868E-03  0.0000000E+00  0.0000000E+00 -0.4656478E-05  0.0000000E+00
         1   435      6  0.2330356E-02 -0.1448168E-03  0.0000000E+00  0.0000000E+00 -0.6646652E-05  0.0000000E+00
         1   435      7  0.2718781E-02 -0.1689445E-03  0.0000000E+00  0.0000000E+00 -0.8989983E-05  0.0000000E+00
         1   435      8  0.3107218E-02 -0.1930703E-03  0.0000000E+00  0.0000000E+00 -0.1168656E-04  0.0000000E+00
         1   435      9  0.3495667E-02 -0.2171943E-03  0.0000000E+00  0.0000000E+00 -0.1473645E-04  0.0000000E+00
         1   435     10 -0.3696969E-05  0.1050479E-05  0.0000000E+00  0.0000000E+00  0.5646849E-01  0.1000000E-02

         1   436      0  0.0000000E+00  0.0000000E+00  0.0000000E+00  0.0000000E+00  0.0000000E+00  0.0000000E+00
         1   436      1  0.0000000E+00  0.0000000E+00  0.0000000E+00  0.0000000E+00  0.0000000E+00  0.0000000E+00
         1   436      2  0.7646826E-03 -0.4828278E-04  0.0000000E+00  0.0000000E+00 -0.8042125E-06  0.0000000E+00
         1   436      3  0.1147036E-02 -0.7242000E-04  0.0000000E+00  0.0000000E+00 -0.1735626E-05  0.0000000E+00
         1   436      4  0.1529398E-02 -0.9655464E-04  0.0000000E+00  0.0000000E+00 -0.3020023E-05  0.0000000E+00
         1   436      5  0.1911770E-02 -0.1206868E-03  0.0000000E+00  0.0000000E+00 -0.4657489E-05  0.0000000E+00
         1   436      6  0.2294152E-02 -0.1448168E-03  0.0000000E+00  0.0000000E+00 -0.6648107E-05  0.0000000E+00
         1   436      7  0.2676545E-02 -0.1689445E-03  0.0000000E+00  0.0000000E+00 -0.8991964E-05  0.0000000E+00
         1   436      8  0.3058950E-02 -0.1930703E-03  0.0000000E+00  0.0000000E+00 -0.1168914E-04  0.0000000E+00
         1   436      9  0.3441368E-02 -0.2171943E-03  0.0000000E+00  0.0000000E+00 -0.1473973E-04  0.0000000E+00
         1   436     10 -0.3434495E-05  0.1050479E-05  0.0000000E+00  0.0000000E+00  0.5651792E-01  0.1000000E-02

         1   437      0  0.0000000E+00  0.0000000E+00  0.0000000E+00  0.0000000E+00  0.0000000E+00  0.0000000E+00
         1   437      1  0.0000000E+00  0.0000000E+00  0.0000000E+00  0.0000000E+00  0.0000000E+00  0.0000000E+00
         1   437      2  0.5384778E-03 -0.4828278E-04  0.0000000E+00  0.0000000E+00 -0.8072443E-06  0.0000000E+00
         1   437      3  0.8077480E-03 -0.7242000E-04  0.0000000E+00  0.0000000E+00 -0.1742446E-05  0.0000000E+00
         1   437      4  0.1077039E-02 -0.9655464E-04  0.0000000E+00  0.0000000E+00 -0.3032147E-05  0.0000000E+00
         1   437      5  0.1346352E-02 -0.1206868E-03  0.0000000E+00  0.0000000E+00 -0.4676431E-05  0.0000000E+00
         1   437      6  0.1615685E-02 -0.1448168E-03  0.0000000E+00  0.0000000E+00 -0.6675382E-05  0.0000000E+00
         1   437      7  0.1885040E-02 -0.1689445E-03  0.0000000E+00  0.0000000E+00 -0.9029083E-05  0.0000000E+00
         1   437      8  0.2154416E-02 -0.1930703E-03  0.0000000E+00  0.0000000E+00 -0.1173762E-04  0.0000000E+00
         1   437      9  0.2423813E-02 -0.2171943E-03  0.0000000E+00  0.0000000E+00 -0.1480108E-04  0.0000000E+00
         1   437     10  0.1484269E-05  0.1050479E-05  0.0000000E+00  0.0000000E+00  0.5744414E-01  0.1000000E-02

         1   438      0  0.0000000E+00  0.0000000E+00  0.0000000E+00  0.0000000E+00  0.0000000E+00  0.0000000E+00
         1   438      1  0.0000000E+00  0.0000000E+00  0.0000000E+00  0.0000000E+00  0.0000000E+00  0.0000000E+00
         1   438      2  0.5264071E-03 -0.4828278E-04  0.0000000E+00  0.0000000E+00 -0.8074061E-06  0.0000000E+00
         1   438      3  0.7896430E-03 -0.7242000E-04  0.0000000E+00  0.0000000E+00 -0.1742810E-05  0.0000000E+00
         1   438      4  0.1052901E-02 -0.9655464E-04  0.0000000E+00  0.0000000E+00 -0.3032794E-05  0.0000000E+00
         1   438      5  0.1316180E-02 -0.1206868E-03  0.0000000E+00  0.0000000E+00 -0.4677442E-05  0.0000000E+00
         1   438      6  0.1579481E-02 -0.1448168E-03  0.0000000E+00  0.0000000E+00 -0.6676837E-05  0.0000000E+00
         1   438      7  0.1842804E-02 -0.1689445E-03  0.0000000E+00  0.0000000E+00 -0.9031064E-05  0.0000000E+00
         1   438      8  0.2106148E-02 -0.1930703E-03  0.0000000E+00  0.0000000E+00 -0.1174021E-04  0.0000000E+00
         1   438      9  0.2369515E-02 -0.2171943E-03  0.0000000E+00  0.0000000E+00 -0.1480435E-04  0.0000000E+00
         1   438     10  0.1746743E-05  0.1050479E-05  0.0000000E+00  0.0000000E+00  0.5749356E-01  0.1000000E-02

         1   439      0  0.0000000E+00  0.0000000E+00  0.0000000E+00  0.0000000E+00  0.0000000E+00  0.0000000E+00
         1   439      1  0.0000000E+00  0.0000000E+00  0.0000000E+00  0.0000000E+00  0.0000000E+00  0.0000000E+00
         1   439      2  0.5191647E-03 -0.4828278E-04  0.0000000E+00  0.0000000E+00 -0.8075031E-06  0.0000000E+00
         1   439      3  0.7787800E-03 -0.7242000E-04  0.0000000E+00  0.0000000E+00 -0.1743029E-05  0.0000000E+00
         1   439      4  0.1038417E-02 -0.9655464E-04  0.0000000E+00  0.0000000E+00 -0.3033182E-05  0.0000000E+00
         1   439      5  0.1298077E-02 -0.1206868E-03  0.0000000E+00  0.0000000E+00 -0.4678048E-05  0.0000000E+00
         1   439      6  0.1557758E-02 -0.1448168E-03  0.0000000E+00  0.0000000E+00 -0.6677710E-05  0.0000000E+00
         1   439      7  0.1817462E-02 -0.1689445E-03  0.0000000E+00  0.0000000E+00 -0.9032253E-05  0.0000000E+00
         1   439      8  0.2077188E-02 -0.1930703E-03  0.0000000E+00  0.0000000E+00 -0.1174176E-04  0.0000000E+00
         1   439      9  0.2336935E-02 -0.2171943E-03  0.0000000E+00  0.0000000E+00 -0.1480631E-04  0.0000000E+00
         1   439     10  0.1904227E-05  0.1050479E-05  0.0000000E+00  0.0000000E+00  0.5752322E-01  0.1000000E-02

         1   440      0  0.0000000E+00  0.0000000E+00  0.0000000E+00  0.0000000E+00  0.0000000E+00  0.0000000E+00
         1   440      1  0.0000000E+00  0.0000000E+00  0.0000000E+00  0.0000000E+00  0.0000000E+00  0.0000000E+00
         1   440      2  0.5070940E-03 -0.4828278E-04  0.0000000E+00  0.0000000E+00 -0.8076649E-06  0.0000000E+00
         1   440      3  0.7606750E-03 -0.7242000E-04  0.0000000E+00  0.0000000E+00 -0.1743393E-05  0.0000000E+00
         1   440      4  0.1014279E-02 -0.9655464E-04  0.0000000E+00  0.0000000E+00 -0.3033829E-05  0.0000000E+00
         1   440      5  0.1267905E-02 -0.1206868E-03  0.0000000E+00  0.0000000E+00 -0.4679059E-05  0.0000000E+00
         1   440      6  0.1521554E-02 -0.1448168E-03  0.0000000E+00  0.0000000E+00 -0.6679166E-05  0.0000000E+00
         1   440      7  0.1775226E-02 -0.1689445E-03  0.0000000E+00  0.0000000E+00 -0.9034233E-05  0.0000000E+00
         1   440      8  0.2028920E-02 -0.1930703E-03  0.0000000E+00  0.0000000E+00 -0.1174435E-04  0.0000000E+00
         1   440      9  0.2282637E-02 -0.2171943E-03  0.0000000E+00  0.0000000E+00 -0.1480959E-04  0.0000000E+00
         1   440     10  0.2166701E-05  0.1050479E-05  0.0000000E+00  0.0000000E+00  0.5757264E-01  0.1000000E-02

         1   441      0  0.0000000E+00  0.0000000E+00  0.0000000E+00  0.0000000E+00  0.0000000E+00  0.0000000E+00
         1   441      1  0.0000000E+00  0.0000000E+00  0.0000000E+00  0.0000000E+00  0.0000000E+00  0.0000000E+00
         1   441      2  0.4935724E-03 -0.5994592E-05  0.0000000E+00  0.0000000E+00 -0.8040298E-06  0.0000000E+00
         1   441      3  0.7403955E-03 -0.8984717E-05  0.0000000E+00  0.0000000E+00 -0.1735213E-05  0.0000000E+00
         1   441      4  0.9872431E-03 -0.1197027E-04  0.0000000E+00  0.0000000E+00 -0.3019286E-05  0.0000000E+00
         1   441      5  0.1234115E-02 -0.1495140E-04  0.0000000E+00  0.0000000E+00 -0.4656332E-05  0.0000000E+00
         1   441      6  0.1481011E-02 -0.1792827E-04  0.0000000E+00  0.0000000E+00 -0.6646436E-05  0.0000000E+00
         1   441      7  0.1727932E-02 -0.2090103E-04  0.0000000E+00  0.0000000E+00 -0.8989680E-05  0.0000000E+00
         1   441      8  0.1974876E-02 -0.2386983E-04  0.0000000E+00  0.0000000E+00 -0.1168615E-04  0.0000000E+00
         1   441      9  0.2221844E-02 -0.2683484E-04  0.0000000E+00  0.0000000E+00 -0.1473592E-04  0.0000000E+00
         1   441     10  0.2741429E-05  0.1257823E-05  0.0000000E+00  0.0000000E+00  0.5767149E-01  0.1000000E-02

         1   442      0  0.0000000E+00  0.0000000E+00  0.0000000E+00  0.0000000E+00  0.0000000E+00  0.0000000E+00
         1   442      1  0.0000000E+00  0.0000000E+00  0.0000000E+00  0.0000000E+00  0.0000000E+00  0.0000000E+00
         1   442      2  0.4996871E-03  0.3052842E-04  0.0000000E+00  0.0000000E+00 -0.8008436E-06  0.0000000E+00
         1   442      3  0.7495718E-03  0.4580268E-04  0.0000000E+00  0.0000000E+00 -0.1728043E-05  0.0000000E+00
         1   442      4  0.9994837E-03  0.6108341E-04  0.0000000E+00  0.0000000E+00 -0.3006538E-05  0.0000000E+00
         1   442      5  0.1249423E-02  0.7637044E-04  0.0000000E+00  0.0000000E+00 -0.4636413E-05  0.0000000E+00
         1   442      6  0.1499389E-02  0.9166362E-04  0.0000000E+00  0.0000000E+00 -0.6617749E-05  0.0000000E+00
         1   442      7  0.1749381E-02  0.1069628E-03  0.0000000E+00  0.0000000E+00 -0.8950629E-05  0.0000000E+00
         1   442      8  0.1999400E-02  0.1222677E-03  0.0000000E+00  0.0000000E+00 -0.1163514E-04  0.0000000E+00
         1   442      9  0.2249445E-02  0.1375783E-03  0.0000000E+00  0.0000000E+00 -0.1467136E-04  0.0000000E+00
         1   442     10  0.3424526E-05  0.1484471E-05  0.0000000E+00  0.0000000E+00  0.5777034E-01  0.1000000E-02

         1   443      0  0.0000000E+00  0.0000000E+00  0.0000000E+00  0.0000000E+00  0.0000000E+00  0.0000000E+00
         1   443      1  0.0000000E+00  0.0000000E+00  0.0000000E+00  0.0000000E+00  0.0000000E+00  0.0000000E+00
         1   443      2  0.5073192E-03  0.3052842E-04  0.0000000E+00  0.0000000E+00 -0.8009082E-06  0.0000000E+00
         1   443      3  0.7610225E-03  0.4580268E-04  0.0000000E+00  0.0000000E+00 -0.1728189E-05  0.0000000E+00
         1   443      4  0.1014755E-02  0.6108341E-04  0.0000000E+00  0.0000000E+00 -0.3006797E-05  0.0000000E+00
         1   443      5  0.1268515E-02  0.7637044E-04  0.0000000E+00  0.0000000E+00 -0.4636817E-05  0.0000000E+00
         1   443      6  0.1522304E-02  0.9166362E-04  0.0000000E+00  0.0000000E+00 -0.6618332E-05  0.0000000E+00
         1   443      7  0.1776122E-02  0.1069628E-03  0.0000000E+00  0.0000000E+00 -0.8951423E-05  0.0000000E+00
         1   443      8  0.2029967E-02  0.1222677E-03  0.0000000E+00  0.0000000E+00 -0.1163618E-04  0.0000000E+00
         1   443      9  0.2283840E-02  0.1375783E-03  0.0000000E+00  0.0000000E+00 -0.1467267E-04  0.0000000E+00
         1   443     10  0.3795437E-05  0.1484471E-05  0.0000000E+00  0.0000000E+00  0.5781977E-01  0.1000000E-02

         1   444      0  0.0000000E+00  0.0000000E+00  0.0000000E+00  0.0000000E+00  0.0000000E+00  0.0000000E+00
         1   444      1  0.0000000E+00  0.0000000E+00  0.0000000E+00  0.0000000E+00  0.0000000E+00  0.0000000E+00
         1   444      2  0.5118984E-03  0.3052842E-04  0.0000000E+00  0.0000000E+00 -0.8009470E-06  0.0000000E+00
         1   444      3  0.7678929E-03  0.4580268E-04  0.0000000E+00  0.0000000E+00 -0.1728276E-05  0.0000000E+00
         1   444      4  0.1023917E-02  0.6108341E-04  0.0000000E+00  0.0000000E+00 -0.3006953E-05  0.0000000E+00
         1   444      5  0.1279971E-02  0.7637044E-04  0.0000000E+00  0.0000000E+00 -0.4637060E-05  0.0000000E+00
         1   444      6  0.1536054E-02  0.9166362E-04  0.0000000E+00  0.0000000E+00 -0.6618682E-05  0.0000000E+00
         1   444      7  0.1792166E-02  0.1069628E-03  0.0000000E+00  0.0000000E+00 -0.8951900E-05  0.0000000E+00
         1   444      8  0.2048307E-02  0.1222677E-03  0.0000000E+00  0.0000000E+00 -0.1163680E-04  0.0000000E+00
         1   444      9  0.2304477E-02  0.1375783E-03  0.0000000E+00  0.0000000E+00 -0.1467346E-04  0.0000000E+00
         1   444     10  0.4017985E-05  0.1484471E-05  0.0000000E+00  0.0000000E+00  0.5784942E-01  0.1000000E-02

         1   445      0  0.0000000E+00  0.0000000E+00  0.0000000E+00  0.0000000E+00  0.0000000E+00  0.0000000E+00
         1   445      1  0.0000000E+00  0.0000000E+00  0.0000000E+00  0.0000000E+00  0.0000000E+00  0.0000000E+00
         1   445      2  0.5195305E-03  0.3052842E-04  0.0000000E+00  0.0000000E+00 -0.8010117E-06  0.0000000E+00
         1   445      3  0.7793435E-03  0.4580268E-04  0.0000000E+00  0.0000000E+00 -0.1728422E-05  0.0000000E+00
         1   445      4  0.1039188E-02  0.6108341E-04  0.0000000E+00  0.0000000E+00 -0.3007212E-05  0.0000000E+00
         1   445      5  0.1299064E-02  0.7637044E-04  0.0000000E+00  0.0000000E+00 -0.4637465E-05  0.0000000E+00
         1   445      6  0.1558970E-02  0.9166362E-04  0.0000000E+00  0.0000000E+00 -0.6619265E-05  0.0000000E+00
         1   445      7  0.1818907E-02  0.1069628E-03  0.0000000E+00  0.0000000E+00 -0.8952694E-05  0.0000000E+00
         1   445      8  0.2078874E-02  0.1222677E-03  0.0000000E+00  0.0000000E+00 -0.1163784E-04  0.0000000E+00
         1   445      9  0.2338871E-02  0.1375783E-03  0.0000000E+00  0.0000000E+00 -0.1467477E-04  0.0000000E+00
         1   445     10  0.4388896E-05  0.1484471E-05  0.0000000E+00  0.0000000E+00  0.5789885E-01  0.1000000E-02

         1   446      0  0.0000000E+00  0.0000000E+00  0.0000000E+00  0.0000000E+00  0.0000000E+00  0.0000000E+00
         1   446      1  0.0000000E+00  0.0000000E+00  0.0000000E+00  0.0000000E+00  0.0000000E+00  0.0000000E+00
         1   446      2  0.6552228E-03  0.2727081E-04  0.0000000E+00  0.0000000E+00 -0.6823072E-04  0.0000000E+00
         1   446      3  0.9829311E-03  0.4091576E-04  0.0000000E+00  0.0000000E+00 -0.1028827E-03  0.0000000E+00
         1   446      4  0.1310703E-02  0.5456687E-04  0.0000000E+00  0.0000000E+00 -0.1378925E-03  0.0000000E+00
         1   446      5  0.1638536E-02  0.6822396E-04  0.0000000E+00  0.0000000E+00 -0.1732601E-03  0.0000000E+00
         1   446      6  0.1966431E-02  0.8188689E-04  0.0000000E+00  0.0000000E+00 -0.2089855E-03  0.0000000E+00
         1   446      7  0.2294386E-02  0.9555547E-04  0.0000000E+00  0.0000000E+00 -0.2450686E-03  0.0000000E+00
         1   446      8  0.2622400E-02  0.1092296E-03  0.0000000E+00  0.0000000E+00 -0.2815096E-03  0.0000000E+00
         1   446      9  0.2950471E-02  0.1229090E-03  0.0000000E+00  0.0000000E+00 -0.3183084E-03  0.0000000E+00
         1   446     10  0.2787371E-03  0.1154441E-03  0.0000000E+00  0.0000000E+00  0.5881395E-01  0.1000000E-02

         1   447      0  0.0000000E+00  0.0000000E+00  0.0000000E+00  0.0000000E+00  0.0000000E+00  0.0000000E+00
         1   447      1  0.0000000E+00  0.0000000E+00  0.0000000E+00  0.0000000E+00  0.0000000E+00  0.0000000E+00
         1   447      2  0.6620405E-03  0.2727081E-04  0.0000000E+00  0.0000000E+00 -0.6823077E-04  0.0000000E+00
         1   447      3  0.9931601E-03  0.4091576E-04  0.0000000E+00  0.0000000E+00 -0.1028828E-03  0.0000000E+00
         1   447      4  0.1324344E-02  0.5456687E-04  0.0000000E+00  0.0000000E+00 -0.1378927E-03  0.0000000E+00
         1   447      5  0.1655592E-02  0.6822396E-04  0.0000000E+00  0.0000000E+00 -0.1732604E-03  0.0000000E+00
         1   447      6  0.1986903E-02  0.8188689E-04  0.0000000E+00  0.0000000E+00 -0.2089859E-03  0.0000000E+00
         1   447      7  0.2318275E-02  0.9555547E-04  0.0000000E+00  0.0000000E+00 -0.2450693E-03  0.0000000E+00
         1   447      8  0.2649707E-02  0.1092296E-03  0.0000000E+00  0.0000000E+00 -0.2815104E-03  0.0000000E+00
         1   447      9  0.2981199E-02  0.1229090E-03  0.0000000E+00  0.0000000E+00 -0.3183094E-03  0.0000000E+00
         1   447     10  0.3075821E-03  0.1154441E-03  0.0000000E+00  0.0000000E+00  0.5886337E-01  0.1000000E-02

         1   448      0  0.0000000E+00  0.0000000E+00  0.0000000E+00  0.0000000E+00  0.0000000E+00  0.0000000E+00
         1   448      1  0.0000000E+00  0.0000000E+00  0.0000000E+00  0.0000000E+00  0.0000000E+00  0.0000000E+00
         1   448      2  0.6661311E-03  0.2727081E-04  0.0000000E+00  0.0000000E+00 -0.6823080E-04  0.0000000E+00
         1   448      3  0.9992974E-03  0.4091576E-04  0.0000000E+00  0.0000000E+00 -0.1028829E-03  0.0000000E+00
         1   448      4  0.1332529E-02  0.5456687E-04  0.0000000E+00  0.0000000E+00 -0.1378929E-03  0.0000000E+00
         1   448      5  0.1665826E-02  0.6822396E-04  0.0000000E+00  0.0000000E+00 -0.1732606E-03  0.0000000E+00
         1   448      6  0.1999186E-02  0.8188689E-04  0.0000000E+00  0.0000000E+00 -0.2089862E-03  0.0000000E+00
         1   448      7  0.2332608E-02  0.9555547E-04  0.0000000E+00  0.0000000E+00 -0.2450697E-03  0.0000000E+00
         1   448      8  0.2666092E-02  0.1092296E-03  0.0000000E+00  0.0000000E+00 -0.2815109E-03  0.0000000E+00
         1   448      9  0.2999635E-02  0.1229090E-03  0.0000000E+00  0.0000000E+00 -0.3183101E-03  0.0000000E+00
         1   448     10  0.3248891E-03  0.1154441E-03  0.0000000E+00  0.0000000E+00  0.5889303E-01  0.1000000E-02

         1   449      0  0.0000000E+00  0.0000000E+00  0.0000000E+00  0.0000000E+00  0.0000000E+00  0.0000000E+00
         1   449      1  0.0000000E+00  0.0000000E+00  0.0000000E+00  0.0000000E+00  0.0000000E+00  0.0000000E+00
         1   449      2  0.6729488E-03  0.2727081E-04  0.0000000E+00  0.0000000E+00 -0.6823085E-04  0.0000000E+00
         1   449      3  0.1009526E-02  0.4091576E-04  0.0000000E+00  0.0000000E+00 -0.1028830E-03  0.0000000E+00
         1   449      4  0.1346171E-02  0.5456687E-04  0.0000000E+00  0.0000000E+00 -0.1378931E-03  0.0000000E+00
         1   449      5  0.1682882E-02  0.6822396E-04  0.0000000E+00  0.0000000E+00 -0.1732609E-03  0.0000000E+00
         1   449      6  0.2019658E-02  0.8188689E-04  0.0000000E+00  0.0000000E+00 -0.2089867E-03  0.0000000E+00
         1   449      7  0.2356497E-02  0.9555547E-04  0.0000000E+00  0.0000000E+00 -0.2450703E-03  0.0000000E+00
         1   449      8  0.2693399E-02  0.1092296E-03  0.0000000E+00  0.0000000E+00 -0.2815118E-03  0.0000000E+00
         1   449      9  0.3030362E-02  0.1229090E-03  0.0000000E+00  0.0000000E+00 -0.3183111E-03  0.0000000E+00
         1   449     10  0.3537342E-03  0.1154441E-03  0.0000000E+00  0.0000000E+00  0.5894245E-01  0.1000000E-02

         1   450      0  0.0000000E+00  0.0000000E+00  0.0000000E+00  0.0000000E+00  0.0000000E+00  0.0000000E+00
         1   450      1  0.0000000E+00  0.0000000E+00  0.0000000E+00  0.0000000E+00  0.0000000E+00  0.0000000E+00
         1   450      2  0.6729258E-03 -0.2736270E-04  0.0000000E+00  0.0000000E+00 -0.6823746E-04  0.0000000E+00
         1   450      3  0.1009494E-02 -0.4104298E-04  0.0000000E+00  0.0000000E+00 -0.1028979E-03  0.0000000E+00
         1   450      4  0.1346132E-02 -0.5472264E-04  0.0000000E+00  0.0000000E+00 -0.1379195E-03  0.0000000E+00
         1   450      5  0.1682837E-02 -0.6840174E-04  0.0000000E+00  0.0000000E+00 -0.1733023E-03  0.0000000E+00
         1   450      6  0.2019609E-02 -0.8208036E-04  0.0000000E+00  0.0000000E+00 -0.2090462E-03  0.0000000E+00
         1   450      7  0.2356446E-02 -0.9575855E-04  0.0000000E+00  0.0000000E+00 -0.2451513E-03  0.0000000E+00
         1   450      8  0.2693347E-02 -0.1094364E-03  0.0000000E+00  0.0000000E+00 -0.2816176E-03  0.0000000E+00
         1   450      9  0.3030311E-02 -0.1231139E-03  0.0000000E+00  0.0000000E+00 -0.3184451E-03  0.0000000E+00
         1   450     10  0.4039115E-03  0.8469984E-04  0.0000000E+00  0.0000000E+00  0.5904130E-01  0.1000000E-02

         1   451      0  0.0000000E+00  0.0000000E+00  0.0000000E+00  0.0000000E+00  0.0000000E+00  0.0000000E+00
         1   451      1  0.0000000E+00  0.0000000E+00  0.0000000E+00  0.0000000E+00  0.0000000E+00  0.0000000E+00
         1   451      2  0.6457702E-03 -0.8089293E-04  0.0000000E+00  0.0000000E+00 -0.6824421E-04  0.0000000E+00
         1   451      3  0.9687596E-03 -0.1213469E-03  0.0000000E+00  0.0000000E+00 -0.1029131E-03  0.0000000E+00
         1   451      4  0.1291817E-02 -0.1618057E-03  0.0000000E+00  0.0000000E+00 -0.1379465E-03  0.0000000E+00
         1   451      5  0.1614940E-02 -0.2022695E-03  0.0000000E+00  0.0000000E+00 -0.1733445E-03  0.0000000E+00
         1   451      6  0.1938130E-02 -0.2427381E-03  0.0000000E+00  0.0000000E+00 -0.2091070E-03  0.0000000E+00
         1   451      7  0.2261383E-02 -0.2832116E-03  0.0000000E+00  0.0000000E+00 -0.2452341E-03  0.0000000E+00
         1   451      8  0.2584699E-02 -0.3236898E-03  0.0000000E+00  0.0000000E+00 -0.2817258E-03  0.0000000E+00
         1   451      9  0.2908077E-02 -0.3641728E-03  0.0000000E+00  0.0000000E+00 -0.3185821E-03  0.0000000E+00
         1   451     10  0.4378179E-03  0.5054353E-04  0.0000000E+00  0.0000000E+00  0.5914014E-01  0.1000000E-02

         1   452      0  0.0000000E+00  0.0000000E+00  0.0000000E+00  0.0000000E+00  0.0000000E+00  0.0000000E+00
         1   452      1  0.0000000E+00  0.0000000E+00  0.0000000E+00  0.0000000E+00  0.0000000E+00  0.0000000E+00
         1   452      2  0.6255470E-03 -0.8089293E-04  0.0000000E+00  0.0000000E+00 -0.6824467E-04  0.0000000E+00
         1   452      3  0.9384229E-03 -0.1213469E-03  0.0000000E+00  0.0000000E+00 -0.1029141E-03  0.0000000E+00
         1   452      4  0.1251365E-02 -0.1618057E-03  0.0000000E+00  0.0000000E+00 -0.1379484E-03  0.0000000E+00
         1   452      5  0.1564373E-02 -0.2022695E-03  0.0000000E+00  0.0000000E+00 -0.1733474E-03  0.0000000E+00
         1   452      6  0.1877445E-02 -0.2427381E-03  0.0000000E+00  0.0000000E+00 -0.2091111E-03  0.0000000E+00
         1   452      7  0.2190580E-02 -0.2832116E-03  0.0000000E+00  0.0000000E+00 -0.2452397E-03  0.0000000E+00
         1   452      8  0.2503776E-02 -0.3236898E-03  0.0000000E+00  0.0000000E+00 -0.2817331E-03  0.0000000E+00
         1   452      9  0.2817034E-02 -0.3641728E-03  0.0000000E+00  0.0000000E+00 -0.3185913E-03  0.0000000E+00
         1   452     10  0.4504468E-03  0.5054353E-04  0.0000000E+00  0.0000000E+00  0.5918957E-01  0.1000000E-02

         1   453      0  0.0000000E+00  0.0000000E+00  0.0000000E+00  0.0000000E+00  0.0000000E+00  0.0000000E+00
         1   453      1  0.0000000E+00  0.0000000E+00  0.0000000E+00  0.0000000E+00  0.0000000E+00  0.0000000E+00
         1   453      2  0.6134131E-03 -0.8089293E-04  0.0000000E+00  0.0000000E+00 -0.6824494E-04  0.0000000E+00
         1   453      3  0.9202208E-03 -0.1213469E-03  0.0000000E+00  0.0000000E+00 -0.1029147E-03  0.0000000E+00
         1   453      4  0.1227094E-02 -0.1618057E-03  0.0000000E+00  0.0000000E+00 -0.1379494E-03  0.0000000E+00
         1   453      5  0.1534033E-02 -0.2022695E-03  0.0000000E+00  0.0000000E+00 -0.1733491E-03  0.0000000E+00
         1   453      6  0.1841034E-02 -0.2427381E-03  0.0000000E+00  0.0000000E+00 -0.2091136E-03  0.0000000E+00
         1   453      7  0.2148098E-02 -0.2832116E-03  0.0000000E+00  0.0000000E+00 -0.2452431E-03  0.0000000E+00
         1   453      8  0.2455223E-02 -0.3236898E-03  0.0000000E+00  0.0000000E+00 -0.2817375E-03  0.0000000E+00
         1   453      9  0.2762408E-02 -0.3641728E-03  0.0000000E+00  0.0000000E+00 -0.3185968E-03  0.0000000E+00
         1   453     10  0.4580241E-03  0.5054353E-04  0.0000000E+00  0.0000000E+00  0.5921922E-01  0.1000000E-02

         1   454      0  0.0000000E+00  0.0000000E+00  0.0000000E+00  0.0000000E+00  0.0000000E+00  0.0000000E+00
         1   454      1  0.0000000E+00  0.0000000E+00  0.0000000E+00  0.0000000E+00  0.0000000E+00  0.0000000E+00
         1   454      2  0.5931898E-03 -0.8089293E-04  0.0000000E+00  0.0000000E+00 -0.6824539E-04  0.0000000E+00
         1   454      3  0.8898841E-03 -0.1213469E-03  0.0000000E+00  0.0000000E+00 -0.1029158E-03  0.0000000E+00
         1   454      4  0.1186643E-02 -0.1618057E-03  0.0000000E+00  0.0000000E+00 -0.1379513E-03  0.0000000E+00
         1   454      5  0.1483465E-02 -0.2022695E-03  0.0000000E+00  0.0000000E+00 -0.1733519E-03  0.0000000E+00
         1   454      6  0.1780350E-02 -0.2427381E-03  0.0000000E+00  0.0000000E+00 -0.2091177E-03  0.0000000E+00
         1   454      7  0.2077295E-02 -0.2832116E-03  0.0000000E+00  0.0000000E+00 -0.2452486E-03  0.0000000E+00
         1   454      8  0.2374301E-02 -0.3236898E-03  0.0000000E+00  0.0000000E+00 -0.2817447E-03  0.0000000E+00
         1   454      9  0.2671364E-02 -0.3641728E-03  0.0000000E+00  0.0000000E+00 -0.3186060E-03  0.0000000E+00
         1   454     10  0.4706530E-03  0.5054353E-04  0.0000000E+00  0.0000000E+00  0.5926865E-01  0.1000000E-02

         1   455      0  0.0000000E+00  0.0000000E+00  0.0000000E+00  0.0000000E+00  0.0000000E+00  0.0000000E+00
         1   455      1  0.0000000E+00  0.0000000E+00  0.0000000E+00  0.0000000E+00  0.0000000E+00  0.0000000E+00
         1   455      2  0.2081587E-03 -0.8311586E-04  0.0000000E+00  0.0000000E+00 -0.1142499E-03  0.0000000E+00
         1   455      3  0.3122937E-03 -0.1246823E-03  0.0000000E+00  0.0000000E+00 -0.1719383E-03  0.0000000E+00
         1   455      4  0.4164643E-03 -0.1662544E-03  0.0000000E+00  0.0000000E+00 -0.2300021E-03  0.0000000E+00
         1   455      5  0.5206696E-03 -0.2078321E-03  0.0000000E+00  0.0000000E+00 -0.2884413E-03  0.0000000E+00
         1   455      6  0.6249084E-03 -0.2494154E-03  0.0000000E+00  0.0000000E+00 -0.3472558E-03  0.0000000E+00
         1   455      7  0.7291797E-03 -0.2910042E-03  0.0000000E+00  0.0000000E+00 -0.4064453E-03  0.0000000E+00
         1   455      8  0.8334825E-03 -0.3325984E-03  0.0000000E+00  0.0000000E+00 -0.4660099E-03  0.0000000E+00
         1   455      9  0.9378157E-03 -0.3741981E-03  0.0000000E+00  0.0000000E+00 -0.5259494E-03  0.0000000E+00
         1   455     10  0.9677180E-03  0.1613016E-03  0.0000000E+00  0.0000000E+00  0.6011749E-01  0.1000000E-02

         1   456      0  0.0000000E+00  0.0000000E+00  0.0000000E+00  0.0000000E+00  0.0000000E+00  0.0000000E+00
         1   456      1  0.0000000E+00  0.0000000E+00  0.0000000E+00  0.0000000E+00  0.0000000E+00  0.0000000E+00
         1   456      2  0.1873798E-03 -0.8311586E-04  0.0000000E+00  0.0000000E+00 -0.1142504E-03  0.0000000E+00
         1   456      3  0.2811231E-03 -0.1246823E-03  0.0000000E+00  0.0000000E+00 -0.1719393E-03  0.0000000E+00
         1   456      4  0.3749007E-03 -0.1662544E-03  0.0000000E+00  0.0000000E+00 -0.2300040E-03  0.0000000E+00
         1   456      5  0.4687115E-03 -0.2078321E-03  0.0000000E+00  0.0000000E+00 -0.2884443E-03  0.0000000E+00
         1   456      6  0.5625545E-03 -0.2494154E-03  0.0000000E+00  0.0000000E+00 -0.3472601E-03  0.0000000E+00
         1   456      7  0.6564287E-03 -0.2910042E-03  0.0000000E+00  0.0000000E+00 -0.4064512E-03  0.0000000E+00
         1   456      8  0.7503329E-03 -0.3325984E-03  0.0000000E+00  0.0000000E+00 -0.4660176E-03  0.0000000E+00
         1   456      9  0.8442662E-03 -0.3741981E-03  0.0000000E+00  0.0000000E+00 -0.5259591E-03  0.0000000E+00
         1   456     10  0.1008021E-02  0.1613016E-03  0.0000000E+00  0.0000000E+00  0.6016691E-01  0.1000000E-02

         1   457      0  0.0000000E+00  0.0000000E+00  0.0000000E+00  0.0000000E+00  0.0000000E+00  0.0000000E+00
         1   457      1  0.0000000E+00  0.0000000E+00  0.0000000E+00  0.0000000E+00  0.0000000E+00  0.0000000E+00
         1   457      2  0.1749124E-03 -0.8311586E-04  0.0000000E+00  0.0000000E+00 -0.1142506E-03  0.0000000E+00
         1   457      3  0.2624208E-03 -0.1246823E-03  0.0000000E+00  0.0000000E+00 -0.1719400E-03  0.0000000E+00
         1   457      4  0.3499626E-03 -0.1662544E-03  0.0000000E+00  0.0000000E+00 -0.2300052E-03  0.0000000E+00
         1   457      5  0.4375367E-03 -0.2078321E-03  0.0000000E+00  0.0000000E+00 -0.2884461E-03  0.0000000E+00
         1   457      6  0.5251422E-03 -0.2494154E-03  0.0000000E+00  0.0000000E+00 -0.3472627E-03  0.0000000E+00
         1   457      7  0.6127780E-03 -0.2910042E-03  0.0000000E+00  0.0000000E+00 -0.4064547E-03  0.0000000E+00
         1   457      8  0.7004431E-03 -0.3325984E-03  0.0000000E+00  0.0000000E+00 -0.4660222E-03  0.0000000E+00
         1   457      9  0.7881365E-03 -0.3741981E-03  0.0000000E+00  0.0000000E+00 -0.5259649E-03  0.0000000E+00
         1   457     10  0.1032203E-02  0.1613016E-03  0.0000000E+00  0.0000000E+00  0.6019657E-01  0.1000000E-02

         1   458      0  0.0000000E+00  0.0000000E+00  0.0000000E+00  0.0000000E+00  0.0000000E+00  0.0000000E+00
         1   458      1  0.0000000E+00  0.0000000E+00  0.0000000E+00  0.0000000E+00  0.0000000E+00  0.0000000E+00
         1   458      2  0.1541334E-03 -0.8311586E-04  0.0000000E+00  0.0000000E+00 -0.1142511E-03  0.0000000E+00
         1   458      3  0.2312502E-03 -0.1246823E-03  0.0000000E+00  0.0000000E+00 -0.1719411E-03  0.0000000E+00
         1   458      4  0.3083990E-03 -0.1662544E-03  0.0000000E+00  0.0000000E+00 -0.2300071E-03  0.0000000E+00
         1   458      5  0.3855787E-03 -0.2078321E-03  0.0000000E+00  0.0000000E+00 -0.2884491E-03  0.0000000E+00
         1   458      6  0.4627884E-03 -0.2494154E-03  0.0000000E+00  0.0000000E+00 -0.3472670E-03  0.0000000E+00
         1   458      7  0.5400270E-03 -0.2910042E-03  0.0000000E+00  0.0000000E+00 -0.4064606E-03  0.0000000E+00
         1   458      8  0.6172935E-03 -0.3325984E-03  0.0000000E+00  0.0000000E+00 -0.4660299E-03  0.0000000E+00
         1   458      9  0.6945869E-03 -0.3741981E-03  0.0000000E+00  0.0000000E+00 -0.5259746E-03  0.0000000E+00
         1   458     10  0.1072506E-02  0.1613016E-03  0.0000000E+00  0.0000000E+00  0.6024599E-01  0.1000000E-02

         1   459      0  0.0000000E+00  0.0000000E+00  0.0000000E+00  0.0000000E+00  0.0000000E+00  0.0000000E+00
         1   459      1  0.0000000E+00  0.0000000E+00  0.0000000E+00  0.0000000E+00  0.0000000E+00  0.0000000E+00
         1   459      2  0.1151708E-03 -0.7321331E-04  0.0000000E+00  0.0000000E+00 -0.1142517E-03  0.0000000E+00
         1   459      3  0.1728029E-03 -0.1098249E-03  0.0000000E+00  0.0000000E+00 -0.1719424E-03  0.0000000E+00
         1   459      4  0.2304648E-03 -0.1464399E-03  0.0000000E+00  0.0000000E+00 -0.2300095E-03  0.0000000E+00
         1   459      5  0.2881553E-03 -0.1830583E-03  0.0000000E+00  0.0000000E+00 -0.2884529E-03  0.0000000E+00
         1   459      6  0.3458736E-03 -0.2196802E-03  0.0000000E+00  0.0000000E+00 -0.3472724E-03  0.0000000E+00
         1   459      7  0.4036186E-03 -0.2563055E-03  0.0000000E+00  0.0000000E+00 -0.4064680E-03  0.0000000E+00
         1   459      8  0.4613892E-03 -0.2929343E-03  0.0000000E+00  0.0000000E+00 -0.4660396E-03  0.0000000E+00
         1   459      9  0.5191845E-03 -0.3295667E-03  0.0000000E+00  0.0000000E+00 -0.5259869E-03  0.0000000E+00
         1   459     10  0.1173430E-02  0.2438574E-03  0.0000000E+00  0.0000000E+00  0.6034485E-01  0.1000000E-02

         1   460      0  0.0000000E+00  0.0000000E+00  0.0000000E+00  0.0000000E+00  0.0000000E+00  0.0000000E+00
         1   460      1  0.0000000E+00  0.0000000E+00  0.0000000E+00  0.0000000E+00  0.0000000E+00  0.0000000E+00
         1   460      2  0.8046923E-04 -0.6601946E-04  0.0000000E+00  0.0000000E+00 -0.1142523E-03  0.0000000E+00
         1   460      3  0.1207489E-03 -0.9903079E-04  0.0000000E+00  0.0000000E+00 -0.1719437E-03  0.0000000E+00
         1   460      4  0.1610571E-03 -0.1320433E-03  0.0000000E+00  0.0000000E+00 -0.2300117E-03  0.0000000E+00
         1   460      5  0.2013930E-03 -0.1650572E-03  0.0000000E+00  0.0000000E+00 -0.2884563E-03  0.0000000E+00
         1   460      6  0.2417553E-03 -0.1980725E-03  0.0000000E+00  0.0000000E+00 -0.3472773E-03  0.0000000E+00
         1   460      7  0.2821430E-03 -0.2310894E-03  0.0000000E+00  0.0000000E+00 -0.4064747E-03  0.0000000E+00
         1   460      8  0.3225551E-03 -0.2641080E-03  0.0000000E+00  0.0000000E+00 -0.4660482E-03  0.0000000E+00
         1   460      9  0.3629906E-03 -0.2971283E-03  0.0000000E+00  0.0000000E+00 -0.5259979E-03  0.0000000E+00
         1   460     10  0.1317728E-02  0.3354271E-03  0.0000000E+00  0.0000000E+00  0.6044371E-01  0.1000000E-02

         1   461      0  0.0000000E+00  0.0000000E+00  0.0000000E+00  0.0000000E+00  0.0000000E+00  0.0000000E+00
         1   461      1  0.0000000E+00  0.0000000E+00  0.0000000E+00  0.0000000E+00  0.0000000E+00  0.0000000E+00
         1   461      2  0.6396436E-04 -0.6601946E-04  0.0000000E+00  0.0000000E+00 -0.1142526E-03  0.0000000E+00
         1   461      3  0.9599118E-04 -0.9903079E-04  0.0000000E+00  0.0000000E+00 -0.1719443E-03  0.0000000E+00
         1   461      4  0.1280463E-03 -0.1320433E-03  0.0000000E+00  0.0000000E+00 -0.2300129E-03  0.0000000E+00
         1   461      5  0.1601287E-03 -0.1650572E-03  0.0000000E+00  0.0000000E+00 -0.2884582E-03  0.0000000E+00
         1   461      6  0.1922371E-03 -0.1980725E-03  0.0000000E+00  0.0000000E+00 -0.3472801E-03  0.0000000E+00
         1   461      7  0.2243707E-03 -0.2310894E-03  0.0000000E+00  0.0000000E+00 -0.4064784E-03  0.0000000E+00
         1   461      8  0.2565281E-03 -0.2641080E-03  0.0000000E+00  0.0000000E+00 -0.4660531E-03  0.0000000E+00
         1   461      9  0.2887085E-03 -0.2971283E-03  0.0000000E+00  0.0000000E+00 -0.5260040E-03  0.0000000E+00
         1   461     10  0.1401538E-02  0.3354271E-03  0.0000000E+00  0.0000000E+00  0.6049313E-01  0.1000000E-02

         1   462      0  0.0000000E+00  0.0000000E+00  0.0000000E+00  0.0000000E+00  0.0000000E+00  0.0000000E+00
         1   462      1  0.0000000E+00  0.0000000E+00  0.0000000E+00  0.0000000E+00  0.0000000E+00  0.0000000E+00
         1   462      2  0.5406144E-04 -0.6601946E-04  0.0000000E+00  0.0000000E+00 -0.1142528E-03  0.0000000E+00
         1   462      3  0.8113656E-04 -0.9903079E-04  0.0000000E+00  0.0000000E+00 -0.1719447E-03  0.0000000E+00
         1   462      4  0.1082398E-03 -0.1320433E-03  0.0000000E+00  0.0000000E+00 -0.2300136E-03  0.0000000E+00
         1   462      5  0.1353701E-03 -0.1650572E-03  0.0000000E+00  0.0000000E+00 -0.2884593E-03  0.0000000E+00
         1   462      6  0.1625262E-03 -0.1980725E-03  0.0000000E+00  0.0000000E+00 -0.3472817E-03  0.0000000E+00
         1   462      7  0.1897072E-03 -0.2310894E-03  0.0000000E+00  0.0000000E+00 -0.4064806E-03  0.0000000E+00
         1   462      8  0.2169119E-03 -0.2641080E-03  0.0000000E+00  0.0000000E+00 -0.4660560E-03  0.0000000E+00
         1   462      9  0.2441392E-03 -0.2971283E-03  0.0000000E+00  0.0000000E+00 -0.5260077E-03  0.0000000E+00
         1   462     10  0.1451824E-02  0.3354271E-03  0.0000000E+00  0.0000000E+00  0.6052278E-01  0.1000000E-02

         1   463      0  0.0000000E+00  0.0000000E+00  0.0000000E+00  0.0000000E+00  0.0000000E+00  0.0000000E+00
         1   463      1  0.0000000E+00  0.0000000E+00  0.0000000E+00  0.0000000E+00  0.0000000E+00  0.0000000E+00
         1   463      2  0.3755658E-04 -0.6601946E-04  0.0000000E+00  0.0000000E+00 -0.1142531E-03  0.0000000E+00
         1   463      3  0.5637886E-04 -0.9903079E-04  0.0000000E+00  0.0000000E+00 -0.1719454E-03  0.0000000E+00
         1   463      4  0.7522897E-04 -0.1320433E-03  0.0000000E+00  0.0000000E+00 -0.2300148E-03  0.0000000E+00
         1   463      5  0.9410576E-04 -0.1650572E-03  0.0000000E+00  0.0000000E+00 -0.2884612E-03  0.0000000E+00
         1   463      6  0.1130081E-03 -0.1980725E-03  0.0000000E+00  0.0000000E+00 -0.3472844E-03  0.0000000E+00
         1   463      7  0.1319349E-03 -0.2310894E-03  0.0000000E+00  0.0000000E+00 -0.4064843E-03  0.0000000E+00
         1   463      8  0.1508849E-03 -0.2641080E-03  0.0000000E+00  0.0000000E+00 -0.4660608E-03  0.0000000E+00
         1   463      9  0.1698571E-03 -0.2971283E-03  0.0000000E+00  0.0000000E+00 -0.5260138E-03  0.0000000E+00
         1   463     10  0.1535634E-02  0.3354271E-03  0.0000000E+00  0.0000000E+00  0.6057219E-01  0.1000000E-02

         1   464      0  0.0000000E+00  0.0000000E+00  0.0000000E+00  0.0000000E+00  0.0000000E+00  0.0000000E+00
         1   464      1  0.0000000E+00  0.0000000E+00  0.0000000E+00  0.0000000E+00  0.0000000E+00  0.0000000E+00
         1   464      2 -0.2708950E-03 -0.6537297E-04  0.0000000E+00  0.0000000E+00 -0.1008657E-03  0.0000000E+00
         1   464      3 -0.4063060E-03 -0.9806169E-04  0.0000000E+00  0.0000000E+00 -0.1518733E-03  0.0000000E+00
         1   464      4 -0.5416950E-03 -0.1307520E-03  0.0000000E+00  0.0000000E+00 -0.2032636E-03  0.0000000E+00
         1   464      5 -0.6770635E-03 -0.1634441E-03  0.0000000E+00  0.0000000E+00 -0.2550364E-03  0.0000000E+00
         1   464      6 -0.8124132E-03 -0.1961381E-03  0.0000000E+00  0.0000000E+00 -0.3071914E-03  0.0000000E+00
         1   464      7 -0.9477457E-03 -0.2288339E-03  0.0000000E+00  0.0000000E+00 -0.3597283E-03  0.0000000E+00
         1   464      8 -0.1083063E-02 -0.2615319E-03  0.0000000E+00  0.0000000E+00 -0.4126469E-03  0.0000000E+00
         1   464      9 -0.1218366E-02 -0.2942319E-03  0.0000000E+00  0.0000000E+00 -0.4659469E-03  0.0000000E+00
         1   464     10  0.3347313E-02  0.4366244E-03  0.0000000E+00  0.0000000E+00  0.6122331E-01  0.1000000E-02

         1   465      0  0.0000000E+00  0.0000000E+00  0.0000000E+00  0.0000000E+00  0.0000000E+00  0.0000000E+00
         1   465      1  0.0000000E+00  0.0000000E+00  0.0000000E+00  0.0000000E+00  0.0000000E+00  0.0000000E+00
         1   465      2 -0.2872382E-03 -0.6537297E-04  0.0000000E+00  0.0000000E+00 -0.1008660E-03  0.0000000E+00
         1   465      3 -0.4308214E-03 -0.9806169E-04  0.0000000E+00  0.0000000E+00 -0.1518739E-03  0.0000000E+00
         1   465      4 -0.5743830E-03 -0.1307520E-03  0.0000000E+00  0.0000000E+00 -0.2032648E-03  0.0000000E+00
         1   465      5 -0.7179245E-03 -0.1634441E-03  0.0000000E+00  0.0000000E+00 -0.2550382E-03  0.0000000E+00
         1   465      6 -0.8614477E-03 -0.1961381E-03  0.0000000E+00  0.0000000E+00 -0.3071940E-03  0.0000000E+00
         1   465      7 -0.1004954E-02 -0.2288339E-03  0.0000000E+00  0.0000000E+00 -0.3597319E-03  0.0000000E+00
         1   465      8 -0.1148446E-02 -0.2615319E-03  0.0000000E+00  0.0000000E+00 -0.4126517E-03  0.0000000E+00
         1   465      9 -0.1291924E-02 -0.2942319E-03  0.0000000E+00  0.0000000E+00 -0.4659529E-03  0.0000000E+00
         1   465     10  0.3456409E-02  0.4366244E-03  0.0000000E+00  0.0000000E+00  0.6127272E-01  0.1000000E-02

         1   466      0  0.0000000E+00  0.0000000E+00  0.0000000E+00  0.0000000E+00  0.0000000E+00  0.0000000E+00
         1   466      1  0.0000000E+00  0.0000000E+00  0.0000000E+00  0.0000000E+00  0.0000000E+00  0.0000000E+00
         1   466      2 -0.2970442E-03 -0.6537316E-04  0.0000000E+00  0.0000000E+00 -0.1008662E-03  0.0000000E+00
         1   466      3 -0.4455307E-03 -0.9806211E-04  0.0000000E+00  0.0000000E+00 -0.1518743E-03  0.0000000E+00
         1   466      4 -0.5939958E-03 -0.1307528E-03  0.0000000E+00  0.0000000E+00 -0.2032655E-03  0.0000000E+00
         1   466      5 -0.7424412E-03 -0.1634453E-03  0.0000000E+00  0.0000000E+00 -0.2550393E-03  0.0000000E+00
         1   466      6 -0.8908685E-03 -0.1961397E-03  0.0000000E+00  0.0000000E+00 -0.3071956E-03  0.0000000E+00
         1   466      7 -0.1039279E-02 -0.2288362E-03  0.0000000E+00  0.0000000E+00 -0.3597341E-03  0.0000000E+00
         1   466      8 -0.1187676E-02 -0.2615348E-03  0.0000000E+00  0.0000000E+00 -0.4126545E-03  0.0000000E+00
         1   466      9 -0.1336059E-02 -0.2942357E-03  0.0000000E+00  0.0000000E+00 -0.4659565E-03  0.0000000E+00
         1   466     10  0.3521864E-02  0.4365979E-03  0.0000000E+00  0.0000000E+00  0.6130236E-01  0.1000000E-02

         1   467      0  0.0000000E+00  0.0000000E+00  0.0000000E+00  0.0000000E+00  0.0000000E+00  0.0000000E+00
         1   467      1  0.0000000E+00  0.0000000E+00  0.0000000E+00  0.0000000E+00  0.0000000E+00  0.0000000E+00
         1   467      2 -0.3133874E-03 -0.6537316E-04  0.0000000E+00  0.0000000E+00 -0.1008665E-03  0.0000000E+00
         1   467      3 -0.4700462E-03 -0.9806211E-04  0.0000000E+00  0.0000000E+00 -0.1518750E-03  0.0000000E+00
         1   467      4 -0.6266840E-03 -0.1307528E-03  0.0000000E+00  0.0000000E+00 -0.2032667E-03  0.0000000E+00
         1   467      5 -0.7833025E-03 -0.1634453E-03  0.0000000E+00  0.0000000E+00 -0.2550412E-03  0.0000000E+00
         1   467      6 -0.9399034E-03 -0.1961397E-03  0.0000000E+00  0.0000000E+00 -0.3071983E-03  0.0000000E+00
         1   467      7 -0.1096489E-02 -0.2288362E-03  0.0000000E+00  0.0000000E+00 -0.3597378E-03  0.0000000E+00
         1   467      8 -0.1253059E-02 -0.2615348E-03  0.0000000E+00  0.0000000E+00 -0.4126592E-03  0.0000000E+00
         1   467      9 -0.1409618E-02 -0.2942357E-03  0.0000000E+00  0.0000000E+00 -0.4659625E-03  0.0000000E+00
         1   467     10  0.3630953E-02  0.4365979E-03  0.0000000E+00  0.0000000E+00  0.6135178E-01  0.1000000E-02

         1   468      0  0.0000000E+00  0.0000000E+00  0.0000000E+00  0.0000000E+00  0.0000000E+00  0.0000000E+00
         1   468      1  0.0000000E+00  0.0000000E+00  0.0000000E+00  0.0000000E+00  0.0000000E+00  0.0000000E+00
         1   468      2 -0.3395362E-03 -0.3886883E-04  0.0000000E+00  0.0000000E+00 -0.1008684E-03  0.0000000E+00
         1   468      3 -0.5092712E-03 -0.5830837E-04  0.0000000E+00  0.0000000E+00 -0.1518794E-03  0.0000000E+00
         1   468      4 -0.6789865E-03 -0.7775130E-04  0.0000000E+00  0.0000000E+00 -0.2032744E-03  0.0000000E+00
         1   468      5 -0.8486838E-03 -0.9719756E-04  0.0000000E+00  0.0000000E+00 -0.2550533E-03  0.0000000E+00
         1   468      6 -0.1018365E-02 -0.1166471E-03  0.0000000E+00  0.0000000E+00 -0.3072157E-03  0.0000000E+00
         1   468      7 -0.1188031E-02 -0.1361000E-03  0.0000000E+00  0.0000000E+00 -0.3597615E-03  0.0000000E+00
         1   468      8 -0.1357685E-02 -0.1555561E-03  0.0000000E+00  0.0000000E+00 -0.4126902E-03  0.0000000E+00
         1   468      9 -0.1527328E-02 -0.1750153E-03  0.0000000E+00  0.0000000E+00 -0.4660017E-03  0.0000000E+00
         1   468     10  0.3774530E-02  0.1360925E-03  0.0000000E+00  0.0000000E+00  0.6145041E-01  0.1000000E-02

         1   469      0  0.0000000E+00  0.0000000E+00  0.0000000E+00  0.0000000E+00  0.0000000E+00  0.0000000E+00
         1   469      1  0.0000000E+00  0.0000000E+00  0.0000000E+00  0.0000000E+00  0.0000000E+00  0.0000000E+00
         1   469      2 -0.3519947E-03 -0.1079730E-04  0.0000000E+00  0.0000000E+00 -0.1008702E-03  0.0000000E+00
         1   469      3 -0.5279622E-03 -0.1620364E-04  0.0000000E+00  0.0000000E+00 -0.1518835E-03  0.0000000E+00
         1   469      4 -0.7039121E-03 -0.2161486E-04  0.0000000E+00  0.0000000E+00 -0.2032817E-03  0.0000000E+00
         1   469      5 -0.8798460E-03 -0.2703081E-04  0.0000000E+00  0.0000000E+00 -0.2550647E-03  0.0000000E+00
         1   469      6 -0.1055766E-02 -0.3245130E-04  0.0000000E+00  0.0000000E+00 -0.3072322E-03  0.0000000E+00
         1   469      7 -0.1231673E-02 -0.3787617E-04  0.0000000E+00  0.0000000E+00 -0.3597839E-03  0.0000000E+00
         1   469      8 -0.1407569E-02 -0.4330523E-04  0.0000000E+00  0.0000000E+00 -0.4127195E-03  0.0000000E+00
         1   469      9 -0.1583456E-02 -0.4873832E-04  0.0000000E+00  0.0000000E+00 -0.4660387E-03  0.0000000E+00
         1   469     10  0.3766056E-02 -0.1698951E-03  0.0000000E+00  0.0000000E+00  0.6154906E-01  0.1000000E-02

         1   470      0  0.0000000E+00  0.0000000E+00  0.0000000E+00  0.0000000E+00  0.0000000E+00  0.0000000E+00
         1   470      1  0.0000000E+00  0.0000000E+00  0.0000000E+00  0.0000000E+00  0.0000000E+00  0.0000000E+00
         1   470      2 -0.3546940E-03 -0.1079730E-04  0.0000000E+00  0.0000000E+00 -0.1008703E-03  0.0000000E+00
         1   470      3 -0.5320132E-03 -0.1620364E-04  0.0000000E+00  0.0000000E+00 -0.1518835E-03  0.0000000E+00
         1   470      4 -0.7093158E-03 -0.2161486E-04  0.0000000E+00  0.0000000E+00 -0.2032818E-03  0.0000000E+00
         1   470      5 -0.8866037E-03 -0.2703081E-04  0.0000000E+00  0.0000000E+00 -0.2550648E-03  0.0000000E+00
         1   470      6 -0.1063878E-02 -0.3245130E-04  0.0000000E+00  0.0000000E+00 -0.3072323E-03  0.0000000E+00
         1   470      7 -0.1241142E-02 -0.3787617E-04  0.0000000E+00  0.0000000E+00 -0.3597840E-03  0.0000000E+00
         1   470      8 -0.1418395E-02 -0.4330523E-04  0.0000000E+00  0.0000000E+00 -0.4127196E-03  0.0000000E+00
         1   470      9 -0.1595640E-02 -0.4873832E-04  0.0000000E+00  0.0000000E+00 -0.4660389E-03  0.0000000E+00
         1   470     10  0.3723606E-02 -0.1698951E-03  0.0000000E+00  0.0000000E+00  0.6159848E-01  0.1000000E-02

         1   471      0  0.0000000E+00  0.0000000E+00  0.0000000E+00  0.0000000E+00  0.0000000E+00  0.0000000E+00
         1   471      1  0.0000000E+00  0.0000000E+00  0.0000000E+00  0.0000000E+00  0.0000000E+00  0.0000000E+00
         1   471      2 -0.3563136E-03 -0.1079730E-04  0.0000000E+00  0.0000000E+00 -0.1008703E-03  0.0000000E+00
         1   471      3 -0.5344437E-03 -0.1620364E-04  0.0000000E+00  0.0000000E+00 -0.1518835E-03  0.0000000E+00
         1   471      4 -0.7125581E-03 -0.2161486E-04  0.0000000E+00  0.0000000E+00 -0.2032818E-03  0.0000000E+00
         1   471      5 -0.8906584E-03 -0.2703081E-04  0.0000000E+00  0.0000000E+00 -0.2550648E-03  0.0000000E+00
         1   471      6 -0.1068746E-02 -0.3245130E-04  0.0000000E+00  0.0000000E+00 -0.3072323E-03  0.0000000E+00
         1   471      7 -0.1246823E-02 -0.3787617E-04  0.0000000E+00  0.0000000E+00 -0.3597840E-03  0.0000000E+00
         1   471      8 -0.1424891E-02 -0.4330523E-04  0.0000000E+00  0.0000000E+00 -0.4127197E-03  0.0000000E+00
         1   471      9 -0.1602951E-02 -0.4873832E-04  0.0000000E+00  0.0000000E+00 -0.4660390E-03  0.0000000E+00
         1   471     10  0.3698136E-02 -0.1698951E-03  0.0000000E+00  0.0000000E+00  0.6162813E-01  0.1000000E-02

         1   472      0  0.0000000E+00  0.0000000E+00  0.0000000E+00  0.0000000E+00  0.0000000E+00  0.0000000E+00
         1   472      1  0.0000000E+00  0.0000000E+00  0.0000000E+00  0.0000000E+00  0.0000000E+00  0.0000000E+00
         1   472      2 -0.3590130E-03 -0.1079730E-04  0.0000000E+00  0.0000000E+00 -0.1008703E-03  0.0000000E+00
         1   472      3 -0.5384946E-03 -0.1620364E-04  0.0000000E+00  0.0000000E+00 -0.1518835E-03  0.0000000E+00
         1   472      4 -0.7179618E-03 -0.2161486E-04  0.0000000E+00  0.0000000E+00 -0.2032818E-03  0.0000000E+00
         1   472      5 -0.8974161E-03 -0.2703081E-04  0.0000000E+00  0.0000000E+00 -0.2550649E-03  0.0000000E+00
         1   472      6 -0.1076859E-02 -0.3245130E-04  0.0000000E+00  0.0000000E+00 -0.3072324E-03  0.0000000E+00
         1   472      7 -0.1256292E-02 -0.3787617E-04  0.0000000E+00  0.0000000E+00 -0.3597841E-03  0.0000000E+00
         1   472      8 -0.1435717E-02 -0.4330523E-04  0.0000000E+00  0.0000000E+00 -0.4127198E-03  0.0000000E+00
         1   472      9 -0.1615136E-02 -0.4873832E-04  0.0000000E+00  0.0000000E+00 -0.4660392E-03  0.0000000E+00
         1   472     10  0.3655685E-02 -0.1698951E-03  0.0000000E+00  0.0000000E+00  0.6167756E-01  0.1000000E-02

         1   473      0  0.0000000E+00  0.0000000E+00  0.0000000E+00  0.0000000E+00  0.0000000E+00  0.0000000E+00
         1   473      1  0.0000000E+00  0.0000000E+00  0.0000000E+00  0.0000000E+00  0.0000000E+00  0.0000000E+00
         1   473      2 -0.4047353E-03 -0.8679505E-05  0.0000000E+00  0.0000000E+00 -0.5703359E-04  0.0000000E+00
         1   473      3 -0.6071136E-03 -0.1302700E-04  0.0000000E+00  0.0000000E+00 -0.8612967E-04  0.0000000E+00
         1   473      4 -0.8095000E-03 -0.1737941E-04  0.0000000E+00  0.0000000E+00 -0.1156114E-03  0.0000000E+00
         1   473      5 -0.1011895E-02 -0.2173656E-04  0.0000000E+00  0.0000000E+00 -0.1454784E-03  0.0000000E+00
         1   473      6 -0.1214300E-02 -0.2609827E-04  0.0000000E+00  0.0000000E+00 -0.1757301E-03  0.0000000E+00
         1   473      7 -0.1416715E-02 -0.3046436E-04  0.0000000E+00  0.0000000E+00 -0.2063664E-03  0.0000000E+00
         1   473      8 -0.1619141E-02 -0.3483465E-04  0.0000000E+00  0.0000000E+00 -0.2373866E-03  0.0000000E+00
         1   473      9 -0.1821579E-02 -0.3920896E-04  0.0000000E+00  0.0000000E+00 -0.2687904E-03  0.0000000E+00
         1   473     10  0.3083750E-02 -0.7382451E-04  0.0000000E+00  0.0000000E+00  0.6222237E-01  0.1000000E-02

         1   474      0  0.0000000E+00  0.0000000E+00  0.0000000E+00  0.0000000E+00  0.0000000E+00  0.0000000E+00
         1   474      1  0.0000000E+00  0.0000000E+00  0.0000000E+00  0.0000000E+00  0.0000000E+00  0.0000000E+00
         1   474      2 -0.4069051E-03 -0.8679505E-05  0.0000000E+00  0.0000000E+00 -0.5703360E-04  0.0000000E+00
         1   474      3 -0.6103703E-03 -0.1302700E-04  0.0000000E+00  0.0000000E+00 -0.8612968E-04  0.0000000E+00
         1   474      4 -0.8138448E-03 -0.1737941E-04  0.0000000E+00  0.0000000E+00 -0.1156114E-03  0.0000000E+00
         1   474      5 -0.1017329E-02 -0.2173656E-04  0.0000000E+00  0.0000000E+00 -0.1454784E-03  0.0000000E+00
         1   474      6 -0.1220825E-02 -0.2609827E-04  0.0000000E+00  0.0000000E+00 -0.1757302E-03  0.0000000E+00
         1   474      7 -0.1424331E-02 -0.3046436E-04  0.0000000E+00  0.0000000E+00 -0.2063664E-03  0.0000000E+00
         1   474      8 -0.1627850E-02 -0.3483465E-04  0.0000000E+00  0.0000000E+00 -0.2373867E-03  0.0000000E+00
         1   474      9 -0.1831381E-02 -0.3920896E-04  0.0000000E+00  0.0000000E+00 -0.2687905E-03  0.0000000E+00
         1   474     10  0.3065304E-02 -0.7382451E-04  0.0000000E+00  0.0000000E+00  0.6227179E-01  0.1000000E-02

         1   475      0  0.0000000E+00  0.0000000E+00  0.0000000E+00  0.0000000E+00  0.0000000E+00  0.0000000E+00
         1   475      1  0.0000000E+00  0.0000000E+00  0.0000000E+00  0.0000000E+00  0.0000000E+00  0.0000000E+00
         1   475      2 -0.4082072E-03 -0.8680815E-05  0.0000000E+00  0.0000000E+00 -0.5703360E-04  0.0000000E+00
         1   475      3 -0.6123246E-03 -0.1302994E-04  0.0000000E+00  0.0000000E+00 -0.8612969E-04  0.0000000E+00
         1   475      4 -0.8164521E-03 -0.1738465E-04  0.0000000E+00  0.0000000E+00 -0.1156114E-03  0.0000000E+00
         1   475      5 -0.1020590E-02 -0.2174474E-04  0.0000000E+00  0.0000000E+00 -0.1454784E-03  0.0000000E+00
         1   475      6 -0.1224740E-02 -0.2611006E-04  0.0000000E+00  0.0000000E+00 -0.1757302E-03  0.0000000E+00
         1   475      7 -0.1428902E-02 -0.3048040E-04  0.0000000E+00  0.0000000E+00 -0.2063665E-03  0.0000000E+00
         1   475      8 -0.1633077E-02 -0.3485560E-04  0.0000000E+00  0.0000000E+00 -0.2373867E-03  0.0000000E+00
         1   475      9 -0.1837265E-02 -0.3923548E-04  0.0000000E+00  0.0000000E+00 -0.2687906E-03  0.0000000E+00
         1   475     10  0.3054231E-02 -0.7389831E-04  0.0000000E+00  0.0000000E+00  0.6230144E-01  0.1000000E-02

         1   476      0  0.0000000E+00  0.0000000E+00  0.0000000E+00  0.0000000E+00  0.0000000E+00  0.0000000E+00
         1   476      1  0.0000000E+00  0.0000000E+00  0.0000000E+00  0.0000000E+00  0.0000000E+00  0.0000000E+00
         1   476      2 -0.4103774E-03 -0.8680815E-05  0.0000000E+00  0.0000000E+00 -0.5703361E-04  0.0000000E+00
         1   476      3 -0.6155821E-03 -0.1302994E-04  0.0000000E+00  0.0000000E+00 -0.8612970E-04  0.0000000E+00
         1   476      4 -0.8207983E-03 -0.1738465E-04  0.0000000E+00  0.0000000E+00 -0.1156115E-03  0.0000000E+00
         1   476      5 -0.1026027E-02 -0.2174474E-04  0.0000000E+00  0.0000000E+00 -0.1454784E-03  0.0000000E+00
         1   476      6 -0.1231268E-02 -0.2611006E-04  0.0000000E+00  0.0000000E+00 -0.1757303E-03  0.0000000E+00
         1   476      7 -0.1436522E-02 -0.3048040E-04  0.0000000E+00  0.0000000E+00 -0.2063665E-03  0.0000000E+00
         1   476      8 -0.1641791E-02 -0.3485560E-04  0.0000000E+00  0.0000000E+00 -0.2373868E-03  0.0000000E+00
         1   476      9 -0.1847074E-02 -0.3923548E-04  0.0000000E+00  0.0000000E+00 -0.2687907E-03  0.0000000E+00
         1   476     10  0.3035767E-02 -0.7389831E-04  0.0000000E+00  0.0000000E+00  0.6235087E-01  0.1000000E-02

         1   477      0  0.0000000E+00  0.0000000E+00  0.0000000E+00  0.0000000E+00  0.0000000E+00  0.0000000E+00
         1   477      1  0.0000000E+00  0.0000000E+00  0.0000000E+00  0.0000000E+00  0.0000000E+00  0.0000000E+00
         1   477      2 -0.4223359E-03 -0.3930041E-04  0.0000000E+00  0.0000000E+00 -0.5703143E-04  0.0000000E+00
         1   477      3 -0.6335246E-03 -0.5896069E-04  0.0000000E+00  0.0000000E+00 -0.8612481E-04  0.0000000E+00
         1   477      4 -0.8447278E-03 -0.7862749E-04  0.0000000E+00  0.0000000E+00 -0.1156028E-03  0.0000000E+00
         1   477      5 -0.1055946E-02 -0.9830070E-04  0.0000000E+00  0.0000000E+00 -0.1454648E-03  0.0000000E+00
         1   477      6 -0.1267180E-02 -0.1179802E-03  0.0000000E+00  0.0000000E+00 -0.1757107E-03  0.0000000E+00
         1   477      7 -0.1478430E-02 -0.1376657E-03  0.0000000E+00  0.0000000E+00 -0.2063399E-03  0.0000000E+00
         1   477      8 -0.1689697E-02 -0.1573573E-03  0.0000000E+00  0.0000000E+00 -0.2373520E-03  0.0000000E+00
         1   477      9 -0.1900981E-02 -0.1770547E-03  0.0000000E+00  0.0000000E+00 -0.2687466E-03  0.0000000E+00
         1   477     10  0.3054717E-02  0.1499749E-03  0.0000000E+00  0.0000000E+00  0.6244984E-01  0.1000000E-02

         1   478      0  0.0000000E+00  0.0000000E+00  0.0000000E+00  0.0000000E+00  0.0000000E+00  0.0000000E+00
         1   478      1  0.0000000E+00  0.0000000E+00  0.0000000E+00  0.0000000E+00  0.0000000E+00  0.0000000E+00
         1   478      2 -0.4499198E-03 -0.7137402E-04  0.0000000E+00  0.0000000E+00 -0.5702938E-04  0.0000000E+00
         1   478      3 -0.6749059E-03 -0.1070728E-03  0.0000000E+00  0.0000000E+00 -0.8612019E-04  0.0000000E+00
         1   478      4 -0.8999100E-03 -0.1427794E-03  0.0000000E+00  0.0000000E+00 -0.1155945E-03  0.0000000E+00
         1   478      5 -0.1124933E-02 -0.1784935E-03  0.0000000E+00  0.0000000E+00 -0.1454520E-03  0.0000000E+00
         1   478      6 -0.1349974E-02 -0.2142152E-03  0.0000000E+00  0.0000000E+00 -0.1756922E-03  0.0000000E+00
         1   478      7 -0.1575036E-02 -0.2499443E-03  0.0000000E+00  0.0000000E+00 -0.2063147E-03  0.0000000E+00
         1   478      8 -0.1800117E-02 -0.2856808E-03  0.0000000E+00  0.0000000E+00 -0.2373192E-03  0.0000000E+00
         1   478      9 -0.2025219E-02 -0.3214244E-03  0.0000000E+00  0.0000000E+00 -0.2687051E-03  0.0000000E+00
         1   478     10  0.3186580E-02  0.3793917E-03  0.0000000E+00  0.0000000E+00  0.6254880E-01  0.1000000E-02

         1   479      0  0.0000000E+00  0.0000000E+00  0.0000000E+00  0.0000000E+00  0.0000000E+00  0.0000000E+00
         1   479      1  0.0000000E+00  0.0000000E+00  0.0000000E+00  0.0000000E+00  0.0000000E+00  0.0000000E+00
         1   479      2 -0.4677633E-03 -0.7137402E-04  0.0000000E+00  0.0000000E+00 -0.5702973E-04  0.0000000E+00
         1   479      3 -0.7016741E-03 -0.1070728E-03  0.0000000E+00  0.0000000E+00 -0.8612099E-04  0.0000000E+00
         1   479      4 -0.9356049E-03 -0.1427794E-03  0.0000000E+00  0.0000000E+00 -0.1155960E-03  0.0000000E+00
         1   479      5 -0.1169556E-02 -0.1784935E-03  0.0000000E+00  0.0000000E+00 -0.1454542E-03  0.0000000E+00
         1   479      6 -0.1403528E-02 -0.2142152E-03  0.0000000E+00  0.0000000E+00 -0.1756954E-03  0.0000000E+00
         1   479      7 -0.1637522E-02 -0.2499443E-03  0.0000000E+00  0.0000000E+00 -0.2063191E-03  0.0000000E+00
         1   479      8 -0.1871537E-02 -0.2856808E-03  0.0000000E+00  0.0000000E+00 -0.2373248E-03  0.0000000E+00
         1   479      9 -0.2105575E-02 -0.3214244E-03  0.0000000E+00  0.0000000E+00 -0.2687122E-03  0.0000000E+00
         1   479     10  0.3281376E-02  0.3793917E-03  0.0000000E+00  0.0000000E+00  0.6259822E-01  0.1000000E-02

         1   480      0  0.0000000E+00  0.0000000E+00  0.0000000E+00  0.0000000E+00  0.0000000E+00  0.0000000E+00
         1   480      1  0.0000000E+00  0.0000000E+00  0.0000000E+00  0.0000000E+00  0.0000000E+00  0.0000000E+00
         1   480      2 -0.4784694E-03 -0.7137402E-04  0.0000000E+00  0.0000000E+00 -0.5702994E-04  0.0000000E+00
         1   480      3 -0.7177350E-03 -0.1070728E-03  0.0000000E+00  0.0000000E+00 -0.8612147E-04  0.0000000E+00
         1   480      4 -0.9570218E-03 -0.1427794E-03  0.0000000E+00  0.0000000E+00 -0.1155968E-03  0.0000000E+00
         1   480      5 -0.1196330E-02 -0.1784935E-03  0.0000000E+00  0.0000000E+00 -0.1454556E-03  0.0000000E+00
         1   480      6 -0.1435661E-02 -0.2142152E-03  0.0000000E+00  0.0000000E+00 -0.1756973E-03  0.0000000E+00
         1   480      7 -0.1675013E-02 -0.2499443E-03  0.0000000E+00  0.0000000E+00 -0.2063217E-03  0.0000000E+00
         1   480      8 -0.1914389E-02 -0.2856808E-03  0.0000000E+00  0.0000000E+00 -0.2373282E-03  0.0000000E+00
         1   480      9 -0.2153789E-02 -0.3214244E-03  0.0000000E+00  0.0000000E+00 -0.2687165E-03  0.0000000E+00
         1   480     10  0.3338253E-02  0.3793917E-03  0.0000000E+00  0.0000000E+00  0.6262787E-01  0.1000000E-02

         1   481      0  0.0000000E+00  0.0000000E+00  0.0000000E+00  0.0000000E+00  0.0000000E+00  0.0000000E+00
         1   481      1  0.0000000E+00  0.0000000E+00  0.0000000E+00  0.0000000E+00  0.0000000E+00  0.0000000E+00
         1   481      2 -0.4963129E-03 -0.7137402E-04  0.0000000E+00  0.0000000E+00 -0.5703030E-04  0.0000000E+00
         1   481      3 -0.7445032E-03 -0.1070728E-03  0.0000000E+00  0.0000000E+00 -0.8612226E-04  0.0000000E+00
         1   481      4 -0.9927166E-03 -0.1427794E-03  0.0000000E+00  0.0000000E+00 -0.1155982E-03  0.0000000E+00
         1   481      5 -0.1240954E-02 -0.1784935E-03  0.0000000E+00  0.0000000E+00 -0.1454578E-03  0.0000000E+00
         1   481      6 -0.1489214E-02 -0.2142152E-03  0.0000000E+00  0.0000000E+00 -0.1757005E-03  0.0000000E+00
         1   481      7 -0.1737500E-02 -0.2499443E-03  0.0000000E+00  0.0000000E+00 -0.2063260E-03  0.0000000E+00
         1   481      8 -0.1985809E-02 -0.2856808E-03  0.0000000E+00  0.0000000E+00 -0.2373339E-03  0.0000000E+00
         1   481      9 -0.2234145E-02 -0.3214244E-03  0.0000000E+00  0.0000000E+00 -0.2687237E-03  0.0000000E+00
         1   481     10  0.3433048E-02  0.3793917E-03  0.0000000E+00  0.0000000E+00  0.6267728E-01  0.1000000E-02

         1   482      0  0.0000000E+00  0.0000000E+00  0.0000000E+00  0.0000000E+00  0.0000000E+00  0.0000000E+00
         1   482      1  0.0000000E+00  0.0000000E+00  0.0000000E+00  0.0000000E+00  0.0000000E+00  0.0000000E+00
         1   482      2 -0.8228273E-03 -0.6771678E-04  0.0000000E+00  0.0000000E+00  0.1867754E-04  0.0000000E+00
         1   482      3 -0.1234322E-02 -0.1015871E-03  0.0000000E+00  0.0000000E+00  0.2744056E-04  0.0000000E+00
         1   482      4 -0.1645870E-02 -0.1354653E-03  0.0000000E+00  0.0000000E+00  0.3582030E-04  0.0000000E+00
         1   482      5 -0.2057472E-02 -0.1693512E-03  0.0000000E+00  0.0000000E+00  0.4381719E-04  0.0000000E+00
         1   482      6 -0.2469128E-02 -0.2032447E-03  0.0000000E+00  0.0000000E+00  0.5143167E-04  0.0000000E+00
         1   482      7 -0.2880838E-02 -0.2371457E-03  0.0000000E+00  0.0000000E+00  0.5866417E-04  0.0000000E+00
         1   482      8 -0.3292601E-02 -0.2710542E-03  0.0000000E+00  0.0000000E+00  0.6551510E-04  0.0000000E+00
         1   482      9 -0.3704418E-02 -0.3049700E-03  0.0000000E+00  0.0000000E+00  0.7198490E-04  0.0000000E+00
         1   482     10  0.5425416E-02  0.4695703E-03  0.0000000E+00  0.0000000E+00  0.6310034E-01  0.1000000E-02

         1   483      0  0.0000000E+00  0.0000000E+00  0.0000000E+00  0.0000000E+00  0.0000000E+00  0.0000000E+00
         1   483      1  0.0000000E+00  0.0000000E+00  0.0000000E+00  0.0000000E+00  0.0000000E+00  0.0000000E+00
         1   483      2 -0.8397565E-03 -0.6771678E-04  0.0000000E+00  0.0000000E+00  0.1867723E-04  0.0000000E+00
         1   483      3 -0.1259719E-02 -0.1015871E-03  0.0000000E+00  0.0000000E+00  0.2743984E-04  0.0000000E+00
         1   483      4 -0.1679737E-02 -0.1354653E-03  0.0000000E+00  0.0000000E+00  0.3581902E-04  0.0000000E+00
         1   483      5 -0.2099810E-02 -0.1693512E-03  0.0000000E+00  0.0000000E+00  0.4381520E-04  0.0000000E+00
         1   483      6 -0.2519939E-02 -0.2032447E-03  0.0000000E+00  0.0000000E+00  0.5142881E-04  0.0000000E+00
         1   483      7 -0.2940124E-02 -0.2371457E-03  0.0000000E+00  0.0000000E+00  0.5866026E-04  0.0000000E+00
         1   483      8 -0.3360365E-02 -0.2710542E-03  0.0000000E+00  0.0000000E+00  0.6551000E-04  0.0000000E+00
         1   483      9 -0.3780660E-02 -0.3049700E-03  0.0000000E+00  0.0000000E+00  0.7197844E-04  0.0000000E+00
         1   483     10  0.5542743E-02  0.4695703E-03  0.0000000E+00  0.0000000E+00  0.6314975E-01  0.1000000E-02

         1   484      0  0.0000000E+00  0.0000000E+00  0.0000000E+00  0.0000000E+00  0.0000000E+00  0.0000000E+00
         1   484      1  0.0000000E+00  0.0000000E+00  0.0000000E+00  0.0000000E+00  0.0000000E+00  0.0000000E+00
         1   484      2 -0.8499129E-03 -0.6770125E-04  0.0000000E+00  0.0000000E+00  0.1867704E-04  0.0000000E+00
         1   484      3 -0.1274954E-02 -0.1015522E-03  0.0000000E+00  0.0000000E+00  0.2743941E-04  0.0000000E+00
         1   484      4 -0.1700052E-02 -0.1354032E-03  0.0000000E+00  0.0000000E+00  0.3581826E-04  0.0000000E+00
         1   484      5 -0.2125206E-02 -0.1692541E-03  0.0000000E+00  0.0000000E+00  0.4381401E-04  0.0000000E+00
         1   484      6 -0.2550416E-02 -0.2031049E-03  0.0000000E+00  0.0000000E+00  0.5142709E-04  0.0000000E+00
         1   484      7 -0.2975682E-02 -0.2369555E-03  0.0000000E+00  0.0000000E+00  0.5865792E-04  0.0000000E+00
         1   484      8 -0.3401004E-02 -0.2708057E-03  0.0000000E+00  0.0000000E+00  0.6550694E-04  0.0000000E+00
         1   484      9 -0.3826382E-02 -0.3046554E-03  0.0000000E+00  0.0000000E+00  0.7197457E-04  0.0000000E+00
         1   484     10  0.5613190E-02  0.4702470E-03  0.0000000E+00  0.0000000E+00  0.6317939E-01  0.1000000E-02

         1   485      0  0.0000000E+00  0.0000000E+00  0.0000000E+00  0.0000000E+00  0.0000000E+00  0.0000000E+00
         1   485      1  0.0000000E+00  0.0000000E+00  0.0000000E+00  0.0000000E+00  0.0000000E+00  0.0000000E+00
         1   485      2 -0.8668382E-03 -0.6770125E-04  0.0000000E+00  0.0000000E+00  0.1867672E-04  0.0000000E+00
         1   485      3 -0.1300342E-02 -0.1015522E-03  0.0000000E+00  0.0000000E+00  0.2743869E-04  0.0000000E+00
         1   485      4 -0.1733903E-02 -0.1354032E-03  0.0000000E+00  0.0000000E+00  0.3581699E-04  0.0000000E+00
         1   485      5 -0.2167519E-02 -0.1692541E-03  0.0000000E+00  0.0000000E+00  0.4381202E-04  0.0000000E+00
         1   485      6 -0.2601192E-02 -0.2031049E-03  0.0000000E+00  0.0000000E+00  0.5142423E-04  0.0000000E+00
         1   485      7 -0.3034921E-02 -0.2369555E-03  0.0000000E+00  0.0000000E+00  0.5865403E-04  0.0000000E+00
         1   485      8 -0.3468706E-02 -0.2708057E-03  0.0000000E+00  0.0000000E+00  0.6550185E-04  0.0000000E+00
         1   485      9 -0.3902546E-02 -0.3046554E-03  0.0000000E+00  0.0000000E+00  0.7196813E-04  0.0000000E+00
         1   485     10  0.5730687E-02  0.4702470E-03  0.0000000E+00  0.0000000E+00  0.6322880E-01  0.1000000E-02

         1   486      0  0.0000000E+00  0.0000000E+00  0.0000000E+00  0.0000000E+00  0.0000000E+00  0.0000000E+00
         1   486      1  0.0000000E+00  0.0000000E+00  0.0000000E+00  0.0000000E+00  0.0000000E+00  0.0000000E+00
         1   486      2 -0.8829855E-03  0.3329885E-05  0.0000000E+00  0.0000000E+00  0.1866540E-04  0.0000000E+00
         1   486      3 -0.1324562E-02  0.5001359E-05  0.0000000E+00  0.0000000E+00  0.2741323E-04  0.0000000E+00
         1   486      4 -0.1766193E-02  0.6677313E-05  0.0000000E+00  0.0000000E+00  0.3577172E-04  0.0000000E+00
         1   486      5 -0.2207879E-02  0.8357841E-05  0.0000000E+00  0.0000000E+00  0.4374128E-04  0.0000000E+00
         1   486      6 -0.2649621E-02  0.1004304E-04  0.0000000E+00  0.0000000E+00  0.5132234E-04  0.0000000E+00
         1   486      7 -0.3091417E-02  0.1173299E-04  0.0000000E+00  0.0000000E+00  0.5851533E-04  0.0000000E+00
         1   486      8 -0.3533268E-02  0.1342781E-04  0.0000000E+00  0.0000000E+00  0.6532067E-04  0.0000000E+00
         1   486      9 -0.3975173E-02  0.1512757E-04  0.0000000E+00  0.0000000E+00  0.7173880E-04  0.0000000E+00
         1   486     10  0.5848674E-02  0.3703849E-06  0.0000000E+00  0.0000000E+00  0.6332716E-01  0.1000000E-02

         1   487      0  0.0000000E+00  0.0000000E+00  0.0000000E+00  0.0000000E+00  0.0000000E+00  0.0000000E+00
         1   487      1  0.0000000E+00  0.0000000E+00  0.0000000E+00  0.0000000E+00  0.0000000E+00  0.0000000E+00
         1   487      2 -0.8635307E-03  0.7422676E-04  0.0000000E+00  0.0000000E+00  0.1865406E-04  0.0000000E+00
         1   487      3 -0.1295374E-02  0.1113532E-03  0.0000000E+00  0.0000000E+00  0.2738772E-04  0.0000000E+00
         1   487      4 -0.1727270E-02  0.1484886E-03  0.0000000E+00  0.0000000E+00  0.3572635E-04  0.0000000E+00
         1   487      5 -0.2159218E-02  0.1856328E-03  0.0000000E+00  0.0000000E+00  0.4367038E-04  0.0000000E+00
         1   487      6 -0.2591217E-02  0.2227861E-03  0.0000000E+00  0.0000000E+00  0.5122024E-04  0.0000000E+00
         1   487      7 -0.3023267E-02  0.2599484E-03  0.0000000E+00  0.0000000E+00  0.5837634E-04  0.0000000E+00
         1   487      8 -0.3455368E-02  0.2971199E-03  0.0000000E+00  0.0000000E+00  0.6513912E-04  0.0000000E+00
         1   487      9 -0.3887520E-02  0.3343006E-03  0.0000000E+00  0.0000000E+00  0.7150899E-04  0.0000000E+00
         1   487     10  0.5731055E-02 -0.4695211E-03  0.0000000E+00  0.0000000E+00  0.6342551E-01  0.1000000E-02

         1   488      0  0.0000000E+00  0.0000000E+00  0.0000000E+00  0.0000000E+00  0.0000000E+00  0.0000000E+00
         1   488      1  0.0000000E+00  0.0000000E+00  0.0000000E+00  0.0000000E+00  0.0000000E+00  0.0000000E+00
         1   488      2 -0.8449740E-03  0.7422676E-04  0.0000000E+00  0.0000000E+00  0.1865368E-04  0.0000000E+00
         1   488      3 -0.1267536E-02  0.1113532E-03  0.0000000E+00  0.0000000E+00  0.2738686E-04  0.0000000E+00
         1   488      4 -0.1690148E-02  0.1484886E-03  0.0000000E+00  0.0000000E+00  0.3572482E-04  0.0000000E+00
         1   488      5 -0.2112809E-02  0.1856328E-03  0.0000000E+00  0.0000000E+00  0.4366799E-04  0.0000000E+00
         1   488      6 -0.2535520E-02  0.2227861E-03  0.0000000E+00  0.0000000E+00  0.5121679E-04  0.0000000E+00
         1   488      7 -0.2958280E-02  0.2599484E-03  0.0000000E+00  0.0000000E+00  0.5837165E-04  0.0000000E+00
         1   488      8 -0.3381088E-02  0.2971199E-03  0.0000000E+00  0.0000000E+00  0.6513299E-04  0.0000000E+00
         1   488      9 -0.3803945E-02  0.3343006E-03  0.0000000E+00  0.0000000E+00  0.7150123E-04  0.0000000E+00
         1   488     10  0.5613740E-02 -0.4695211E-03  0.0000000E+00  0.0000000E+00  0.6347492E-01  0.1000000E-02

         1   489      0  0.0000000E+00  0.0000000E+00  0.0000000E+00  0.0000000E+00  0.0000000E+00  0.0000000E+00
         1   489      1  0.0000000E+00  0.0000000E+00  0.0000000E+00  0.0000000E+00  0.0000000E+00  0.0000000E+00
         1   489      2 -0.8338400E-03  0.7422676E-04  0.0000000E+00  0.0000000E+00  0.1865345E-04  0.0000000E+00
         1   489      3 -0.1250833E-02  0.1113532E-03  0.0000000E+00  0.0000000E+00  0.2738634E-04  0.0000000E+00
         1   489      4 -0.1667875E-02  0.1484886E-03  0.0000000E+00  0.0000000E+00  0.3572390E-04  0.0000000E+00
         1   489      5 -0.2084964E-02  0.1856328E-03  0.0000000E+00  0.0000000E+00  0.4366656E-04  0.0000000E+00
         1   489      6 -0.2502102E-02  0.2227861E-03  0.0000000E+00  0.0000000E+00  0.5121473E-04  0.0000000E+00
         1   489      7 -0.2919287E-02  0.2599484E-03  0.0000000E+00  0.0000000E+00  0.5836884E-04  0.0000000E+00
         1   489      8 -0.3336520E-02  0.2971199E-03  0.0000000E+00  0.0000000E+00  0.6512931E-04  0.0000000E+00
         1   489      9 -0.3753800E-02  0.3343006E-03  0.0000000E+00  0.0000000E+00  0.7149658E-04  0.0000000E+00
         1   489     10  0.5543350E-02 -0.4695211E-03  0.0000000E+00  0.0000000E+00  0.6350456E-01  0.1000000E-02

         1   490      0  0.0000000E+00  0.0000000E+00  0.0000000E+00  0.0000000E+00  0.0000000E+00  0.0000000E+00
         1   490      1  0.0000000E+00  0.0000000E+00  0.0000000E+00  0.0000000E+00  0.0000000E+00  0.0000000E+00
         1   490      2 -0.8152833E-03  0.7422676E-04  0.0000000E+00  0.0000000E+00  0.1865307E-04  0.0000000E+00
         1   490      3 -0.1222995E-02  0.1113532E-03  0.0000000E+00  0.0000000E+00  0.2738548E-04  0.0000000E+00
         1   490      4 -0.1630753E-02  0.1484886E-03  0.0000000E+00  0.0000000E+00  0.3572237E-04  0.0000000E+00
         1   490      5 -0.2038556E-02  0.1856328E-03  0.0000000E+00  0.0000000E+00  0.4366416E-04  0.0000000E+00
         1   490      6 -0.2446406E-02  0.2227861E-03  0.0000000E+00  0.0000000E+00  0.5121128E-04  0.0000000E+00
         1   490      7 -0.2854300E-02  0.2599484E-03  0.0000000E+00  0.0000000E+00  0.5836415E-04  0.0000000E+00
         1   490      8 -0.3262240E-02  0.2971199E-03  0.0000000E+00  0.0000000E+00  0.6512319E-04  0.0000000E+00
         1   490      9 -0.3670225E-02  0.3343006E-03  0.0000000E+00  0.0000000E+00  0.7148882E-04  0.0000000E+00
         1   490     10  0.5426035E-02 -0.4695211E-03  0.0000000E+00  0.0000000E+00  0.6355397E-01  0.1000000E-02

         1   491      0  0.0000000E+00  0.0000000E+00  0.0000000E+00  0.0000000E+00  0.0000000E+00  0.0000000E+00
         1   491      1  0.0000000E+00  0.0000000E+00  0.0000000E+00  0.0000000E+00  0.0000000E+00  0.0000000E+00
         1   491      2 -0.4584997E-03  0.7775812E-04  0.0000000E+00  0.0000000E+00  0.9175637E-04  0.0000000E+00
         1   491      3 -0.6877679E-03  0.1166500E-03  0.0000000E+00  0.0000000E+00  0.1370391E-03  0.0000000E+00
         1   491      4 -0.9170473E-03  0.1555504E-03  0.0000000E+00  0.0000000E+00  0.1819253E-03  0.0000000E+00
         1   491      5 -0.1146337E-02  0.1944596E-03  0.0000000E+00  0.0000000E+00  0.2264155E-03  0.0000000E+00
         1   491      6 -0.1375638E-02  0.2333776E-03  0.0000000E+00  0.0000000E+00  0.2705098E-03  0.0000000E+00
         1   491      7 -0.1604947E-02  0.2723044E-03  0.0000000E+00  0.0000000E+00  0.3142088E-03  0.0000000E+00
         1   491      8 -0.1834265E-02  0.3112401E-03  0.0000000E+00  0.0000000E+00  0.3575128E-03  0.0000000E+00
         1   491      9 -0.2063592E-02  0.3501849E-03  0.0000000E+00  0.0000000E+00  0.4004222E-03  0.0000000E+00
         1   491     10  0.3433889E-02 -0.3793465E-03  0.0000000E+00  0.0000000E+00  0.6397694E-01  0.1000000E-02

         1   492      0  0.0000000E+00  0.0000000E+00  0.0000000E+00  0.0000000E+00  0.0000000E+00  0.0000000E+00
         1   492      1  0.0000000E+00  0.0000000E+00  0.0000000E+00  0.0000000E+00  0.0000000E+00  0.0000000E+00
         1   492      2 -0.4390602E-03  0.7775812E-04  0.0000000E+00  0.0000000E+00  0.9175595E-04  0.0000000E+00
         1   492      3 -0.6586054E-03  0.1166500E-03  0.0000000E+00  0.0000000E+00  0.1370382E-03  0.0000000E+00
         1   492      4 -0.8781597E-03  0.1555504E-03  0.0000000E+00  0.0000000E+00  0.1819237E-03  0.0000000E+00
         1   492      5 -0.1097722E-02  0.1944596E-03  0.0000000E+00  0.0000000E+00  0.2264128E-03  0.0000000E+00
         1   492      6 -0.1317293E-02  0.2333776E-03  0.0000000E+00  0.0000000E+00  0.2705061E-03  0.0000000E+00
         1   492      7 -0.1536871E-02  0.2723044E-03  0.0000000E+00  0.0000000E+00  0.3142037E-03  0.0000000E+00
         1   492      8 -0.1756455E-02  0.3112401E-03  0.0000000E+00  0.0000000E+00  0.3575061E-03  0.0000000E+00
         1   492      9 -0.1976045E-02  0.3501849E-03  0.0000000E+00  0.0000000E+00  0.4004137E-03  0.0000000E+00
         1   492     10  0.3339105E-02 -0.3793465E-03  0.0000000E+00  0.0000000E+00  0.6402636E-01  0.1000000E-02

         1   493      0  0.0000000E+00  0.0000000E+00  0.0000000E+00  0.0000000E+00  0.0000000E+00  0.0000000E+00
         1   493      1  0.0000000E+00  0.0000000E+00  0.0000000E+00  0.0000000E+00  0.0000000E+00  0.0000000E+00
         1   493      2 -0.4273966E-03  0.7775664E-04  0.0000000E+00  0.0000000E+00  0.9175570E-04  0.0000000E+00
         1   493      3 -0.6411081E-03  0.1166466E-03  0.0000000E+00  0.0000000E+00  0.1370376E-03  0.0000000E+00
         1   493      4 -0.8548276E-03  0.1555445E-03  0.0000000E+00  0.0000000E+00  0.1819227E-03  0.0000000E+00
         1   493      5 -0.1068554E-02  0.1944504E-03  0.0000000E+00  0.0000000E+00  0.2264113E-03  0.0000000E+00
         1   493      6 -0.1282287E-02  0.2333642E-03  0.0000000E+00  0.0000000E+00  0.2705038E-03  0.0000000E+00
         1   493      7 -0.1496027E-02  0.2722862E-03  0.0000000E+00  0.0000000E+00  0.3142006E-03  0.0000000E+00
         1   493      8 -0.1709771E-02  0.3112164E-03  0.0000000E+00  0.0000000E+00  0.3575021E-03  0.0000000E+00
         1   493      9 -0.1923520E-02  0.3501549E-03  0.0000000E+00  0.0000000E+00  0.4004085E-03  0.0000000E+00
         1   493     10  0.3282228E-02 -0.3794329E-03  0.0000000E+00  0.0000000E+00  0.6405601E-01  0.1000000E-02

         1   494      0  0.0000000E+00  0.0000000E+00  0.0000000E+00  0.0000000E+00  0.0000000E+00  0.0000000E+00
         1   494      1  0.0000000E+00  0.0000000E+00  0.0000000E+00  0.0000000E+00  0.0000000E+00  0.0000000E+00
         1   494      2 -0.4079575E-03  0.7775664E-04  0.0000000E+00  0.0000000E+00  0.9175528E-04  0.0000000E+00
         1   494      3 -0.6119465E-03  0.1166466E-03  0.0000000E+00  0.0000000E+00  0.1370366E-03  0.0000000E+00
         1   494      4 -0.8159414E-03  0.1555445E-03  0.0000000E+00  0.0000000E+00  0.1819210E-03  0.0000000E+00
         1   494      5 -0.1019942E-02  0.1944504E-03  0.0000000E+00  0.0000000E+00  0.2264086E-03  0.0000000E+00
         1   494      6 -0.1223946E-02  0.2333642E-03  0.0000000E+00  0.0000000E+00  0.2705000E-03  0.0000000E+00
         1   494      7 -0.1427955E-02  0.2722862E-03  0.0000000E+00  0.0000000E+00  0.3141955E-03  0.0000000E+00
         1   494      8 -0.1631967E-02  0.3112164E-03  0.0000000E+00  0.0000000E+00  0.3574953E-03  0.0000000E+00
         1   494      9 -0.1835981E-02  0.3501549E-03  0.0000000E+00  0.0000000E+00  0.4004000E-03  0.0000000E+00
         1   494     10  0.3187422E-02 -0.3794329E-03  0.0000000E+00  0.0000000E+00  0.6410542E-01  0.1000000E-02

         1   495      0  0.0000000E+00  0.0000000E+00  0.0000000E+00  0.0000000E+00  0.0000000E+00  0.0000000E+00
         1   495      1  0.0000000E+00  0.0000000E+00  0.0000000E+00  0.0000000E+00  0.0000000E+00  0.0000000E+00
         1   495      2 -0.3763864E-03  0.4891563E-04  0.0000000E+00  0.0000000E+00  0.9175673E-04  0.0000000E+00
         1   495      3 -0.5645842E-03  0.7338457E-04  0.0000000E+00  0.0000000E+00  0.1370399E-03  0.0000000E+00
         1   495      4 -0.7527840E-03  0.9786110E-04  0.0000000E+00  0.0000000E+00  0.1819268E-03  0.0000000E+00
         1   495      5 -0.9409853E-03  0.1223454E-03  0.0000000E+00  0.0000000E+00  0.2264177E-03  0.0000000E+00
         1   495      6 -0.1129187E-02  0.1468375E-03  0.0000000E+00  0.0000000E+00  0.2705130E-03  0.0000000E+00
         1   495      7 -0.1317389E-02  0.1713376E-03  0.0000000E+00  0.0000000E+00  0.3142132E-03  0.0000000E+00
         1   495      8 -0.1505590E-02  0.1958458E-03  0.0000000E+00  0.0000000E+00  0.3575185E-03  0.0000000E+00
         1   495      9 -0.1693789E-02  0.2203622E-03  0.0000000E+00  0.0000000E+00  0.4004293E-03  0.0000000E+00
         1   495     10  0.3055554E-02 -0.1499544E-03  0.0000000E+00  0.0000000E+00  0.6420439E-01  0.1000000E-02

         1   496      0  0.0000000E+00  0.0000000E+00  0.0000000E+00  0.0000000E+00  0.0000000E+00  0.0000000E+00
         1   496      1  0.0000000E+00  0.0000000E+00  0.0000000E+00  0.0000000E+00  0.0000000E+00  0.0000000E+00
         1   496      2 -0.3587406E-03  0.2188437E-04  0.0000000E+00  0.0000000E+00  0.9175831E-04  0.0000000E+00
         1   496      3 -0.5381100E-03  0.3283754E-04  0.0000000E+00  0.0000000E+00  0.1370435E-03  0.0000000E+00
         1   496      4 -0.7174776E-03  0.4379830E-04  0.0000000E+00  0.0000000E+00  0.1819331E-03  0.0000000E+00
         1   496      5 -0.8968428E-03  0.5476682E-04  0.0000000E+00  0.0000000E+00  0.2264276E-03  0.0000000E+00
         1   496      6 -0.1076205E-02  0.6574329E-04  0.0000000E+00  0.0000000E+00  0.2705273E-03  0.0000000E+00
         1   496      7 -0.1255562E-02  0.7672790E-04  0.0000000E+00  0.0000000E+00  0.3142326E-03  0.0000000E+00
         1   496      8 -0.1434915E-02  0.8772085E-04  0.0000000E+00  0.0000000E+00  0.3575438E-03  0.0000000E+00
         1   496      9 -0.1614262E-02  0.9872231E-04  0.0000000E+00  0.0000000E+00  0.4004614E-03  0.0000000E+00
         1   496     10  0.3036629E-02  0.7398119E-04  0.0000000E+00  0.0000000E+00  0.6430336E-01  0.1000000E-02

         1   497      0  0.0000000E+00  0.0000000E+00  0.0000000E+00  0.0000000E+00  0.0000000E+00  0.0000000E+00
         1   497      1  0.0000000E+00  0.0000000E+00  0.0000000E+00  0.0000000E+00  0.0000000E+00  0.0000000E+00
         1   497      2 -0.3532695E-03  0.2188437E-04  0.0000000E+00  0.0000000E+00  0.9175828E-04  0.0000000E+00
         1   497      3 -0.5299006E-03  0.3283754E-04  0.0000000E+00  0.0000000E+00  0.1370434E-03  0.0000000E+00
         1   497      4 -0.7065281E-03  0.4379830E-04  0.0000000E+00  0.0000000E+00  0.1819330E-03  0.0000000E+00
         1   497      5 -0.8831511E-03  0.5476682E-04  0.0000000E+00  0.0000000E+00  0.2264274E-03  0.0000000E+00
         1   497      6 -0.1059769E-02  0.6574329E-04  0.0000000E+00  0.0000000E+00  0.2705270E-03  0.0000000E+00
         1   497      7 -0.1236380E-02  0.7672790E-04  0.0000000E+00  0.0000000E+00  0.3142322E-03  0.0000000E+00
         1   497      8 -0.1412985E-02  0.8772085E-04  0.0000000E+00  0.0000000E+00  0.3575433E-03  0.0000000E+00
         1   497      9 -0.1589581E-02  0.9872231E-04  0.0000000E+00  0.0000000E+00  0.4004607E-03  0.0000000E+00
         1   497     10  0.3055114E-02  0.7398119E-04  0.0000000E+00  0.0000000E+00  0.6435278E-01  0.1000000E-02

         1   498      0  0.0000000E+00  0.0000000E+00  0.0000000E+00  0.0000000E+00  0.0000000E+00  0.0000000E+00
         1   498      1  0.0000000E+00  0.0000000E+00  0.0000000E+00  0.0000000E+00  0.0000000E+00  0.0000000E+00
         1   498      2 -0.3499868E-03  0.2188437E-04  0.0000000E+00  0.0000000E+00  0.9175826E-04  0.0000000E+00
         1   498      3 -0.5249749E-03  0.3283754E-04  0.0000000E+00  0.0000000E+00  0.1370433E-03  0.0000000E+00
         1   498      4 -0.6999583E-03  0.4379830E-04  0.0000000E+00  0.0000000E+00  0.1819329E-03  0.0000000E+00
         1   498      5 -0.8749361E-03  0.5476682E-04  0.0000000E+00  0.0000000E+00  0.2264273E-03  0.0000000E+00
         1   498      6 -0.1049907E-02  0.6574329E-04  0.0000000E+00  0.0000000E+00  0.2705268E-03  0.0000000E+00
         1   498      7 -0.1224871E-02  0.7672790E-04  0.0000000E+00  0.0000000E+00  0.3142319E-03  0.0000000E+00
         1   498      8 -0.1399827E-02  0.8772085E-04  0.0000000E+00  0.0000000E+00  0.3575430E-03  0.0000000E+00
         1   498      9 -0.1574773E-02  0.9872231E-04  0.0000000E+00  0.0000000E+00  0.4004603E-03  0.0000000E+00
         1   498     10  0.3066205E-02  0.7398119E-04  0.0000000E+00  0.0000000E+00  0.6438244E-01  0.1000000E-02

         1   499      0  0.0000000E+00  0.0000000E+00  0.0000000E+00  0.0000000E+00  0.0000000E+00  0.0000000E+00
         1   499      1  0.0000000E+00  0.0000000E+00  0.0000000E+00  0.0000000E+00  0.0000000E+00  0.0000000E+00
         1   499      2 -0.3445157E-03  0.2188437E-04  0.0000000E+00  0.0000000E+00  0.9175823E-04  0.0000000E+00
         1   499      3 -0.5167655E-03  0.3283754E-04  0.0000000E+00  0.0000000E+00  0.1370433E-03  0.0000000E+00
         1   499      4 -0.6890087E-03  0.4379830E-04  0.0000000E+00  0.0000000E+00  0.1819328E-03  0.0000000E+00
         1   499      5 -0.8612444E-03  0.5476682E-04  0.0000000E+00  0.0000000E+00  0.2264270E-03  0.0000000E+00
         1   499      6 -0.1033472E-02  0.6574329E-04  0.0000000E+00  0.0000000E+00  0.2705265E-03  0.0000000E+00
         1   499      7 -0.1205689E-02  0.7672790E-04  0.0000000E+00  0.0000000E+00  0.3142315E-03  0.0000000E+00
         1   499      8 -0.1377897E-02  0.8772085E-04  0.0000000E+00  0.0000000E+00  0.3575424E-03  0.0000000E+00
         1   499      9 -0.1550092E-02  0.9872231E-04  0.0000000E+00  0.0000000E+00  0.4004596E-03  0.0000000E+00
         1   499     10  0.3084690E-02  0.7398119E-04  0.0000000E+00  0.0000000E+00  0.6443186E-01  0.1000000E-02

         1   500      0  0.0000000E+00  0.0000000E+00  0.0000000E+00  0.0000000E+00  0.0000000E+00  0.0000000E+00
         1   500      1  0.0000000E+00  0.0000000E+00  0.0000000E+00  0.0000000E+00  0.0000000E+00  0.0000000E+00
         1   500      2 -0.2379754E-03  0.2349950E-04  0.0000000E+00  0.0000000E+00  0.1251908E-03  0.0000000E+00
         1   500      3 -0.3569052E-03  0.3526001E-04  0.0000000E+00  0.0000000E+00  0.1871877E-03  0.0000000E+00
         1   500      4 -0.4757941E-03  0.4702793E-04  0.0000000E+00  0.0000000E+00  0.2487859E-03  0.0000000E+00
         1   500      5 -0.5946402E-03  0.5880344E-04  0.0000000E+00  0.0000000E+00  0.3099855E-03  0.0000000E+00
         1   500      6 -0.7134417E-03  0.7058672E-04  0.0000000E+00  0.0000000E+00  0.3707869E-03  0.0000000E+00
         1   500      7 -0.8321968E-03  0.8237796E-04  0.0000000E+00  0.0000000E+00  0.4311901E-03  0.0000000E+00
         1   500      8 -0.9509037E-03  0.9417732E-04  0.0000000E+00  0.0000000E+00  0.4911954E-03  0.0000000E+00
         1   500      9 -0.1069561E-02  0.1059850E-03  0.0000000E+00  0.0000000E+00  0.5508031E-03  0.0000000E+00
         1   500     10  0.3657344E-02  0.1700446E-03  0.0000000E+00  0.0000000E+00  0.6497652E-01  0.1000000E-02

         1   501      0  0.0000000E+00  0.0000000E+00  0.0000000E+00  0.0000000E+00  0.0000000E+00  0.0000000E+00
         1   501      1  0.0000000E+00  0.0000000E+00  0.0000000E+00  0.0000000E+00  0.0000000E+00  0.0000000E+00
         1   501      2 -0.2321005E-03  0.2349950E-04  0.0000000E+00  0.0000000E+00  0.1251908E-03  0.0000000E+00
         1   501      3 -0.3480902E-03  0.3526001E-04  0.0000000E+00  0.0000000E+00  0.1871876E-03  0.0000000E+00
         1   501      4 -0.4640371E-03  0.4702793E-04  0.0000000E+00  0.0000000E+00  0.2487857E-03  0.0000000E+00
         1   501      5 -0.5799393E-03  0.5880344E-04  0.0000000E+00  0.0000000E+00  0.3099853E-03  0.0000000E+00
         1   501      6 -0.6957950E-03  0.7058672E-04  0.0000000E+00  0.0000000E+00  0.3707865E-03  0.0000000E+00
         1   501      7 -0.8116023E-03  0.8237796E-04  0.0000000E+00  0.0000000E+00  0.4311896E-03  0.0000000E+00
         1   501      8 -0.9273594E-03  0.9417732E-04  0.0000000E+00  0.0000000E+00  0.4911948E-03  0.0000000E+00
         1   501      9 -0.1043064E-02  0.1059850E-03  0.0000000E+00  0.0000000E+00  0.5508023E-03  0.0000000E+00
         1   501     10  0.3699832E-02  0.1700446E-03  0.0000000E+00  0.0000000E+00  0.6502595E-01  0.1000000E-02

         1   502      0  0.0000000E+00  0.0000000E+00  0.0000000E+00  0.0000000E+00  0.0000000E+00  0.0000000E+00
         1   502      1  0.0000000E+00  0.0000000E+00  0.0000000E+00  0.0000000E+00  0.0000000E+00  0.0000000E+00
         1   502      2 -0.2285756E-03  0.2349939E-04  0.0000000E+00  0.0000000E+00  0.1251908E-03  0.0000000E+00
         1   502      3 -0.3428013E-03  0.3525975E-04  0.0000000E+00  0.0000000E+00  0.1871876E-03  0.0000000E+00
         1   502      4 -0.4569830E-03  0.4702747E-04  0.0000000E+00  0.0000000E+00  0.2487856E-03  0.0000000E+00
         1   502      5 -0.5711189E-03  0.5880272E-04  0.0000000E+00  0.0000000E+00  0.3099851E-03  0.0000000E+00
         1   502      6 -0.6852071E-03  0.7058568E-04  0.0000000E+00  0.0000000E+00  0.3707863E-03  0.0000000E+00
         1   502      7 -0.7992457E-03  0.8237654E-04  0.0000000E+00  0.0000000E+00  0.4311893E-03  0.0000000E+00
         1   502      8 -0.9132330E-03  0.9417548E-04  0.0000000E+00  0.0000000E+00  0.4911944E-03  0.0000000E+00
         1   502      9 -0.1027167E-02  0.1059827E-03  0.0000000E+00  0.0000000E+00  0.5508018E-03  0.0000000E+00
         1   502     10  0.3725322E-02  0.1700145E-03  0.0000000E+00  0.0000000E+00  0.6505560E-01  0.1000000E-02

         1   503      0  0.0000000E+00  0.0000000E+00  0.0000000E+00  0.0000000E+00  0.0000000E+00  0.0000000E+00
         1   503      1  0.0000000E+00  0.0000000E+00  0.0000000E+00  0.0000000E+00  0.0000000E+00  0.0000000E+00
         1   503      2 -0.2227008E-03  0.2349939E-04  0.0000000E+00  0.0000000E+00  0.1251907E-03  0.0000000E+00
         1   503      3 -0.3339863E-03  0.3525975E-04  0.0000000E+00  0.0000000E+00  0.1871875E-03  0.0000000E+00
         1   503      4 -0.4452261E-03  0.4702747E-04  0.0000000E+00  0.0000000E+00  0.2487855E-03  0.0000000E+00
         1   503      5 -0.5564182E-03  0.5880272E-04  0.0000000E+00  0.0000000E+00  0.3099849E-03  0.0000000E+00
         1   503      6 -0.6675607E-03  0.7058568E-04  0.0000000E+00  0.0000000E+00  0.3707860E-03  0.0000000E+00
         1   503      7 -0.7786516E-03  0.8237654E-04  0.0000000E+00  0.0000000E+00  0.4311889E-03  0.0000000E+00
         1   503      8 -0.8896891E-03  0.9417548E-04  0.0000000E+00  0.0000000E+00  0.4911938E-03  0.0000000E+00
         1   503      9 -0.1000671E-02  0.1059827E-03  0.0000000E+00  0.0000000E+00  0.5508010E-03  0.0000000E+00
         1   503     10  0.3767802E-02  0.1700145E-03  0.0000000E+00  0.0000000E+00  0.6510502E-01  0.1000000E-02

         1   504      0  0.0000000E+00  0.0000000E+00  0.0000000E+00  0.0000000E+00  0.0000000E+00  0.0000000E+00
         1   504      1  0.0000000E+00  0.0000000E+00  0.0000000E+00  0.0000000E+00  0.0000000E+00  0.0000000E+00
         1   504      2 -0.2065405E-03  0.4092371E-04  0.0000000E+00  0.0000000E+00  0.1251899E-03  0.0000000E+00
         1   504      3 -0.3097419E-03  0.6139081E-04  0.0000000E+00  0.0000000E+00  0.1871857E-03  0.0000000E+00
         1   504      4 -0.4128948E-03  0.8186143E-04  0.0000000E+00  0.0000000E+00  0.2487822E-03  0.0000000E+00
         1   504      5 -0.5159972E-03  0.1023356E-03  0.0000000E+00  0.0000000E+00  0.3099798E-03  0.0000000E+00
         1   504      6 -0.6190472E-03  0.1228134E-03  0.0000000E+00  0.0000000E+00  0.3707786E-03  0.0000000E+00
         1   504      7 -0.7220428E-03  0.1432947E-03  0.0000000E+00  0.0000000E+00  0.4311789E-03  0.0000000E+00
         1   504      8 -0.8249820E-03  0.1637797E-03  0.0000000E+00  0.0000000E+00  0.4911808E-03  0.0000000E+00
         1   504      9 -0.9278628E-03  0.1842682E-03  0.0000000E+00  0.0000000E+00  0.5507845E-03  0.0000000E+00
         1   504     10  0.3776300E-02 -0.1361158E-03  0.0000000E+00  0.0000000E+00  0.6520367E-01  0.1000000E-02

         1   505      0  0.0000000E+00  0.0000000E+00  0.0000000E+00  0.0000000E+00  0.0000000E+00  0.0000000E+00
         1   505      1  0.0000000E+00  0.0000000E+00  0.0000000E+00  0.0000000E+00  0.0000000E+00  0.0000000E+00
         1   505      2 -0.1820524E-03  0.5669798E-04  0.0000000E+00  0.0000000E+00  0.1251890E-03  0.0000000E+00
         1   505      3 -0.2730086E-03  0.8504658E-04  0.0000000E+00  0.0000000E+00  0.1871837E-03  0.0000000E+00
         1   505      4 -0.3639155E-03  0.1133947E-03  0.0000000E+00  0.0000000E+00  0.2487787E-03  0.0000000E+00
         1   505      5 -0.4547712E-03  0.1417423E-03  0.0000000E+00  0.0000000E+00  0.3099743E-03  0.0000000E+00
         1   505      6 -0.5455737E-03  0.1700892E-03  0.0000000E+00  0.0000000E+00  0.3707707E-03  0.0000000E+00
         1   505      7 -0.6363211E-03  0.1984352E-03  0.0000000E+00  0.0000000E+00  0.4311680E-03  0.0000000E+00
         1   505      8 -0.7270115E-03  0.2267802E-03  0.0000000E+00  0.0000000E+00  0.4911666E-03  0.0000000E+00
         1   505      9 -0.8176429E-03  0.2551241E-03  0.0000000E+00  0.0000000E+00  0.5507666E-03  0.0000000E+00
         1   505     10  0.3632676E-02 -0.4367629E-03  0.0000000E+00  0.0000000E+00  0.6530230E-01  0.1000000E-02

         1   506      0  0.0000000E+00  0.0000000E+00  0.0000000E+00  0.0000000E+00  0.0000000E+00  0.0000000E+00
         1   506      1  0.0000000E+00  0.0000000E+00  0.0000000E+00  0.0000000E+00  0.0000000E+00  0.0000000E+00
         1   506      2 -0.1678779E-03  0.5669798E-04  0.0000000E+00  0.0000000E+00  0.1251888E-03  0.0000000E+00
         1   506      3 -0.2517470E-03  0.8504658E-04  0.0000000E+00  0.0000000E+00  0.1871832E-03  0.0000000E+00
         1   506      4 -0.3355668E-03  0.1133947E-03  0.0000000E+00  0.0000000E+00  0.2487778E-03  0.0000000E+00
         1   506      5 -0.4193356E-03  0.1417423E-03  0.0000000E+00  0.0000000E+00  0.3099729E-03  0.0000000E+00
         1   506      6 -0.5030514E-03  0.1700892E-03  0.0000000E+00  0.0000000E+00  0.3707687E-03  0.0000000E+00
         1   506      7 -0.5867124E-03  0.1984352E-03  0.0000000E+00  0.0000000E+00  0.4311653E-03  0.0000000E+00
         1   506      8 -0.6703165E-03  0.2267802E-03  0.0000000E+00  0.0000000E+00  0.4911631E-03  0.0000000E+00
         1   506      9 -0.7538618E-03  0.2551241E-03  0.0000000E+00  0.0000000E+00  0.5507621E-03  0.0000000E+00
         1   506     10  0.3523546E-02 -0.4367629E-03  0.0000000E+00  0.0000000E+00  0.6535171E-01  0.1000000E-02

         1   507      0  0.0000000E+00  0.0000000E+00  0.0000000E+00  0.0000000E+00  0.0000000E+00  0.0000000E+00
         1   507      1  0.0000000E+00  0.0000000E+00  0.0000000E+00  0.0000000E+00  0.0000000E+00  0.0000000E+00
         1   507      2 -0.1593732E-03  0.5669798E-04  0.0000000E+00  0.0000000E+00  0.1251887E-03  0.0000000E+00
         1   507      3 -0.2389900E-03  0.8504658E-04  0.0000000E+00  0.0000000E+00  0.1871829E-03  0.0000000E+00
         1   507      4 -0.3185576E-03  0.1133947E-03  0.0000000E+00  0.0000000E+00  0.2487773E-03  0.0000000E+00
         1   507      5 -0.3980743E-03  0.1417423E-03  0.0000000E+00  0.0000000E+00  0.3099720E-03  0.0000000E+00
         1   507      6 -0.4775381E-03  0.1700892E-03  0.0000000E+00  0.0000000E+00  0.3707674E-03  0.0000000E+00
         1   507      7 -0.5569471E-03  0.1984352E-03  0.0000000E+00  0.0000000E+00  0.4311637E-03  0.0000000E+00
         1   507      8 -0.6362994E-03  0.2267802E-03  0.0000000E+00  0.0000000E+00  0.4911609E-03  0.0000000E+00
         1   507      9 -0.7155932E-03  0.2551241E-03  0.0000000E+00  0.0000000E+00  0.5507594E-03  0.0000000E+00
         1   507     10  0.3458068E-02 -0.4367629E-03  0.0000000E+00  0.0000000E+00  0.6538136E-01  0.1000000E-02

         1   508      0  0.0000000E+00  0.0000000E+00  0.0000000E+00  0.0000000E+00  0.0000000E+00  0.0000000E+00
         1   508      1  0.0000000E+00  0.0000000E+00  0.0000000E+00  0.0000000E+00  0.0000000E+00  0.0000000E+00
         1   508      2 -0.1451987E-03  0.5669798E-04  0.0000000E+00  0.0000000E+00  0.1251884E-03  0.0000000E+00
         1   508      3 -0.2177283E-03  0.8504658E-04  0.0000000E+00  0.0000000E+00  0.1871824E-03  0.0000000E+00
         1   508      4 -0.2902089E-03  0.1133947E-03  0.0000000E+00  0.0000000E+00  0.2487764E-03  0.0000000E+00
         1   508      5 -0.3626387E-03  0.1417423E-03  0.0000000E+00  0.0000000E+00  0.3099707E-03  0.0000000E+00
         1   508      6 -0.4350158E-03  0.1700892E-03  0.0000000E+00  0.0000000E+00  0.3707654E-03  0.0000000E+00
         1   508      7 -0.5073383E-03  0.1984352E-03  0.0000000E+00  0.0000000E+00  0.4311609E-03  0.0000000E+00
         1   508      8 -0.5796044E-03  0.2267802E-03  0.0000000E+00  0.0000000E+00  0.4911574E-03  0.0000000E+00
         1   508      9 -0.6518122E-03  0.2551241E-03  0.0000000E+00  0.0000000E+00  0.5507549E-03  0.0000000E+00
         1   508     10  0.3348938E-02 -0.4367629E-03  0.0000000E+00  0.0000000E+00  0.6543077E-01  0.1000000E-02

         1   509      0  0.0000000E+00  0.0000000E+00  0.0000000E+00  0.0000000E+00  0.0000000E+00  0.0000000E+00
         1   509      1  0.0000000E+00  0.0000000E+00  0.0000000E+00  0.0000000E+00  0.0000000E+00  0.0000000E+00
         1   509      2  0.1211620E-03  0.5676423E-04  0.0000000E+00  0.0000000E+00  0.1265639E-03  0.0000000E+00
         1   509      3  0.1818093E-03  0.8514527E-04  0.0000000E+00  0.0000000E+00  0.1892346E-03  0.0000000E+00
         1   509      4  0.2425022E-03  0.1135254E-03  0.0000000E+00  0.0000000E+00  0.2514978E-03  0.0000000E+00
         1   509      5  0.3032421E-03  0.1419045E-03  0.0000000E+00  0.0000000E+00  0.3133536E-03  0.0000000E+00
         1   509      6  0.3640302E-03  0.1702824E-03  0.0000000E+00  0.0000000E+00  0.3748020E-03  0.0000000E+00
         1   509      7  0.4248675E-03  0.1986589E-03  0.0000000E+00  0.0000000E+00  0.4358431E-03  0.0000000E+00
         1   509      8  0.4857554E-03  0.2270340E-03  0.0000000E+00  0.0000000E+00  0.4964768E-03  0.0000000E+00
         1   509      9  0.5466950E-03  0.2554074E-03  0.0000000E+00  0.0000000E+00  0.5567033E-03  0.0000000E+00
         1   509     10  0.1536592E-02 -0.3355727E-03  0.0000000E+00  0.0000000E+00  0.6608174E-01  0.1000000E-02

         1   510      0  0.0000000E+00  0.0000000E+00  0.0000000E+00  0.0000000E+00  0.0000000E+00  0.0000000E+00
         1   510      1  0.0000000E+00  0.0000000E+00  0.0000000E+00  0.0000000E+00  0.0000000E+00  0.0000000E+00
         1   510      2  0.1353531E-03  0.5676423E-04  0.0000000E+00  0.0000000E+00  0.1265637E-03  0.0000000E+00
         1   510      3  0.2030956E-03  0.8514527E-04  0.0000000E+00  0.0000000E+00  0.1892341E-03  0.0000000E+00
         1   510      4  0.2708836E-03  0.1135254E-03  0.0000000E+00  0.0000000E+00  0.2514969E-03  0.0000000E+00
         1   510      5  0.3387183E-03  0.1419045E-03  0.0000000E+00  0.0000000E+00  0.3133522E-03  0.0000000E+00
         1   510      6  0.4066008E-03  0.1702824E-03  0.0000000E+00  0.0000000E+00  0.3748000E-03  0.0000000E+00
         1   510      7  0.4745322E-03  0.1986589E-03  0.0000000E+00  0.0000000E+00  0.4358404E-03  0.0000000E+00
         1   510      8  0.5425139E-03  0.2270340E-03  0.0000000E+00  0.0000000E+00  0.4964733E-03  0.0000000E+00
         1   510      9  0.6105468E-03  0.2554074E-03  0.0000000E+00  0.0000000E+00  0.5566988E-03  0.0000000E+00
         1   510     10  0.1452745E-02 -0.3355727E-03  0.0000000E+00  0.0000000E+00  0.6613116E-01  0.1000000E-02

         1   511      0  0.0000000E+00  0.0000000E+00  0.0000000E+00  0.0000000E+00  0.0000000E+00  0.0000000E+00
         1   511      1  0.0000000E+00  0.0000000E+00  0.0000000E+00  0.0000000E+00  0.0000000E+00  0.0000000E+00
         1   511      2  0.1438677E-03  0.5676423E-04  0.0000000E+00  0.0000000E+00  0.1265635E-03  0.0000000E+00
         1   511      3  0.2158674E-03  0.8514527E-04  0.0000000E+00  0.0000000E+00  0.1892338E-03  0.0000000E+00
         1   511      4  0.2879124E-03  0.1135254E-03  0.0000000E+00  0.0000000E+00  0.2514964E-03  0.0000000E+00
         1   511      5  0.3600039E-03  0.1419045E-03  0.0000000E+00  0.0000000E+00  0.3133514E-03  0.0000000E+00
         1   511      6  0.4321431E-03  0.1702824E-03  0.0000000E+00  0.0000000E+00  0.3747988E-03  0.0000000E+00
         1   511      7  0.5043311E-03  0.1986589E-03  0.0000000E+00  0.0000000E+00  0.4358387E-03  0.0000000E+00
         1   511      8  0.5765690E-03  0.2270340E-03  0.0000000E+00  0.0000000E+00  0.4964711E-03  0.0000000E+00
         1   511      9  0.6488579E-03  0.2554074E-03  0.0000000E+00  0.0000000E+00  0.5566961E-03  0.0000000E+00
         1   511     10  0.1402437E-02 -0.3355727E-03  0.0000000E+00  0.0000000E+00  0.6616081E-01  0.1000000E-02

         1   512      0  0.0000000E+00  0.0000000E+00  0.0000000E+00  0.0000000E+00  0.0000000E+00  0.0000000E+00
         1   512      1  0.0000000E+00  0.0000000E+00  0.0000000E+00  0.0000000E+00  0.0000000E+00  0.0000000E+00
         1   512      2  0.1580588E-03  0.5676423E-04  0.0000000E+00  0.0000000E+00  0.1265633E-03  0.0000000E+00
         1   512      3  0.2371537E-03  0.8514527E-04  0.0000000E+00  0.0000000E+00  0.1892333E-03  0.0000000E+00
         1   512      4  0.3162937E-03  0.1135254E-03  0.0000000E+00  0.0000000E+00  0.2514955E-03  0.0000000E+00
         1   512      5  0.3954801E-03  0.1419045E-03  0.0000000E+00  0.0000000E+00  0.3133500E-03  0.0000000E+00
         1   512      6  0.4747137E-03  0.1702824E-03  0.0000000E+00  0.0000000E+00  0.3747968E-03  0.0000000E+00
         1   512      7  0.5539958E-03  0.1986589E-03  0.0000000E+00  0.0000000E+00  0.4358360E-03  0.0000000E+00
         1   512      8  0.6333275E-03  0.2270340E-03  0.0000000E+00  0.0000000E+00  0.4964675E-03  0.0000000E+00
         1   512      9  0.7127098E-03  0.2554074E-03  0.0000000E+00  0.0000000E+00  0.5566916E-03  0.0000000E+00
         1   512     10  0.1318591E-02 -0.3355727E-03  0.0000000E+00  0.0000000E+00  0.6621022E-01  0.1000000E-02

         1   513      0  0.0000000E+00  0.0000000E+00  0.0000000E+00  0.0000000E+00  0.0000000E+00  0.0000000E+00
         1   513      1  0.0000000E+00  0.0000000E+00  0.0000000E+00  0.0000000E+00  0.0000000E+00  0.0000000E+00
         1   513      2  0.1895396E-03  0.6954572E-04  0.0000000E+00  0.0000000E+00  0.1265631E-03  0.0000000E+00
         1   513      3  0.2843755E-03  0.1043224E-03  0.0000000E+00  0.0000000E+00  0.1892329E-03  0.0000000E+00
         1   513      4  0.3792570E-03  0.1391014E-03  0.0000000E+00  0.0000000E+00  0.2514949E-03  0.0000000E+00
         1   513      5  0.4741851E-03  0.1738828E-03  0.0000000E+00  0.0000000E+00  0.3133490E-03  0.0000000E+00
         1   513      6  0.5691608E-03  0.2086665E-03  0.0000000E+00  0.0000000E+00  0.3747954E-03  0.0000000E+00
         1   513      7  0.6641852E-03  0.2434525E-03  0.0000000E+00  0.0000000E+00  0.4358341E-03  0.0000000E+00
         1   513      8  0.7592593E-03  0.2782406E-03  0.0000000E+00  0.0000000E+00  0.4964651E-03  0.0000000E+00
         1   513      9  0.8543841E-03  0.3130308E-03  0.0000000E+00  0.0000000E+00  0.5566884E-03  0.0000000E+00
         1   513     10  0.1174236E-02 -0.2439417E-03  0.0000000E+00  0.0000000E+00  0.6630908E-01  0.1000000E-02

         1   514      0  0.0000000E+00  0.0000000E+00  0.0000000E+00  0.0000000E+00  0.0000000E+00  0.0000000E+00
         1   514      1  0.0000000E+00  0.0000000E+00  0.0000000E+00  0.0000000E+00  0.0000000E+00  0.0000000E+00
         1   514      2  0.2280328E-03  0.8490022E-04  0.0000000E+00  0.0000000E+00  0.1265629E-03  0.0000000E+00
         1   514      3  0.3421185E-03  0.1273591E-03  0.0000000E+00  0.0000000E+00  0.1892323E-03  0.0000000E+00
         1   514      4  0.4562518E-03  0.1698238E-03  0.0000000E+00  0.0000000E+00  0.2514938E-03  0.0000000E+00
         1   514      5  0.5704338E-03  0.2122944E-03  0.0000000E+00  0.0000000E+00  0.3133474E-03  0.0000000E+00
         1   514      6  0.6846654E-03  0.2547708E-03  0.0000000E+00  0.0000000E+00  0.3747931E-03  0.0000000E+00
         1   514      7  0.7989476E-03  0.2972532E-03  0.0000000E+00  0.0000000E+00  0.4358310E-03  0.0000000E+00
         1   514      8  0.9132816E-03  0.3397414E-03  0.0000000E+00  0.0000000E+00  0.4964610E-03  0.0000000E+00
         1   514      9  0.1027668E-02  0.3822355E-03  0.0000000E+00  0.0000000E+00  0.5566833E-03  0.0000000E+00
         1   514     10  0.1073284E-02 -0.1613276E-03  0.0000000E+00  0.0000000E+00  0.6640794E-01  0.1000000E-02

         1   515      0  0.0000000E+00  0.0000000E+00  0.0000000E+00  0.0000000E+00  0.0000000E+00  0.0000000E+00
         1   515      1  0.0000000E+00  0.0000000E+00  0.0000000E+00  0.0000000E+00  0.0000000E+00  0.0000000E+00
         1   515      2  0.2492579E-03  0.8490022E-04  0.0000000E+00  0.0000000E+00  0.1265624E-03  0.0000000E+00
         1   515      3  0.3739583E-03  0.1273591E-03  0.0000000E+00  0.0000000E+00  0.1892312E-03  0.0000000E+00
         1   515      4  0.4987078E-03  0.1698238E-03  0.0000000E+00  0.0000000E+00  0.2514918E-03  0.0000000E+00
         1   515      5  0.6235074E-03  0.2122944E-03  0.0000000E+00  0.0000000E+00  0.3133443E-03  0.0000000E+00
         1   515      6  0.7483581E-03  0.2547708E-03  0.0000000E+00  0.0000000E+00  0.3747886E-03  0.0000000E+00
         1   515      7  0.8732609E-03  0.2972532E-03  0.0000000E+00  0.0000000E+00  0.4358248E-03  0.0000000E+00
         1   515      8  0.9982170E-03  0.3397414E-03  0.0000000E+00  0.0000000E+00  0.4964530E-03  0.0000000E+00
         1   515      9  0.1123227E-02  0.3822355E-03  0.0000000E+00  0.0000000E+00  0.5566731E-03  0.0000000E+00
         1   515     10  0.1032975E-02 -0.1613276E-03  0.0000000E+00  0.0000000E+00  0.6645736E-01  0.1000000E-02

         1   516      0  0.0000000E+00  0.0000000E+00  0.0000000E+00  0.0000000E+00  0.0000000E+00  0.0000000E+00
         1   516      1  0.0000000E+00  0.0000000E+00  0.0000000E+00  0.0000000E+00  0.0000000E+00  0.0000000E+00
         1   516      2  0.2619929E-03  0.8490022E-04  0.0000000E+00  0.0000000E+00  0.1265621E-03  0.0000000E+00
         1   516      3  0.3930622E-03  0.1273591E-03  0.0000000E+00  0.0000000E+00  0.1892305E-03  0.0000000E+00
         1   516      4  0.5241814E-03  0.1698238E-03  0.0000000E+00  0.0000000E+00  0.2514906E-03  0.0000000E+00
         1   516      5  0.6553515E-03  0.2122944E-03  0.0000000E+00  0.0000000E+00  0.3133424E-03  0.0000000E+00
         1   516      6  0.7865737E-03  0.2547708E-03  0.0000000E+00  0.0000000E+00  0.3747859E-03  0.0000000E+00
         1   516      7  0.9178489E-03  0.2972532E-03  0.0000000E+00  0.0000000E+00  0.4358212E-03  0.0000000E+00
         1   516      8  0.1049178E-02  0.3397414E-03  0.0000000E+00  0.0000000E+00  0.4964482E-03  0.0000000E+00
         1   516      9  0.1180563E-02  0.3822355E-03  0.0000000E+00  0.0000000E+00  0.5566671E-03  0.0000000E+00
         1   516     10  0.1008789E-02 -0.1613276E-03  0.0000000E+00  0.0000000E+00  0.6648702E-01  0.1000000E-02

         1   517      0  0.0000000E+00  0.0000000E+00  0.0000000E+00  0.0000000E+00  0.0000000E+00  0.0000000E+00
         1   517      1  0.0000000E+00  0.0000000E+00  0.0000000E+00  0.0000000E+00  0.0000000E+00  0.0000000E+00
         1   517      2  0.2832179E-03  0.8490022E-04  0.0000000E+00  0.0000000E+00  0.1265616E-03  0.0000000E+00
         1   517      3  0.4249019E-03  0.1273591E-03  0.0000000E+00  0.0000000E+00  0.1892294E-03  0.0000000E+00
         1   517      4  0.5666373E-03  0.1698238E-03  0.0000000E+00  0.0000000E+00  0.2514886E-03  0.0000000E+00
         1   517      5  0.7084251E-03  0.2122944E-03  0.0000000E+00  0.0000000E+00  0.3133393E-03  0.0000000E+00
         1   517      6  0.8502664E-03  0.2547708E-03  0.0000000E+00  0.0000000E+00  0.3747814E-03  0.0000000E+00
         1   517      7  0.9921622E-03  0.2972532E-03  0.0000000E+00  0.0000000E+00  0.4358150E-03  0.0000000E+00
         1   517      8  0.1134114E-02  0.3397414E-03  0.0000000E+00  0.0000000E+00  0.4964402E-03  0.0000000E+00
         1   517      9  0.1276122E-02  0.3822355E-03  0.0000000E+00  0.0000000E+00  0.5566569E-03  0.0000000E+00
         1   517     10  0.9684794E-03 -0.1613276E-03  0.0000000E+00  0.0000000E+00  0.6653644E-01  0.1000000E-02

         1   518      0  0.0000000E+00  0.0000000E+00  0.0000000E+00  0.0000000E+00  0.0000000E+00  0.0000000E+00
         1   518      1  0.0000000E+00  0.0000000E+00  0.0000000E+00  0.0000000E+00  0.0000000E+00  0.0000000E+00
         1   518      2  0.6756035E-03  0.8224060E-04  0.0000000E+00  0.0000000E+00  0.7151807E-04  0.0000000E+00
         1   518      3  0.1013526E-02  0.1233684E-03  0.0000000E+00  0.0000000E+00  0.1066456E-03  0.0000000E+00
         1   518      4  0.1351531E-02  0.1645013E-03  0.0000000E+00  0.0000000E+00  0.1413521E-03  0.0000000E+00
         1   518      5  0.1689618E-02  0.2056392E-03  0.0000000E+00  0.0000000E+00  0.1756374E-03  0.0000000E+00
         1   518      6  0.2027790E-02  0.2467822E-03  0.0000000E+00  0.0000000E+00  0.2095013E-03  0.0000000E+00
         1   518      7  0.2366047E-02  0.2879302E-03  0.0000000E+00  0.0000000E+00  0.2429440E-03  0.0000000E+00
         1   518      8  0.2704391E-02  0.3290833E-03  0.0000000E+00  0.0000000E+00  0.2759651E-03  0.0000000E+00
         1   518      9  0.3042822E-02  0.3702414E-03  0.0000000E+00  0.0000000E+00  0.3085648E-03  0.0000000E+00
         1   518     10  0.4712831E-03 -0.5057343E-04  0.0000000E+00  0.0000000E+00  0.6738520E-01  0.1000000E-02

         1   519      0  0.0000000E+00  0.0000000E+00  0.0000000E+00  0.0000000E+00  0.0000000E+00  0.0000000E+00
         1   519      1  0.0000000E+00  0.0000000E+00  0.0000000E+00  0.0000000E+00  0.0000000E+00  0.0000000E+00
         1   519      2  0.6961636E-03  0.8224060E-04  0.0000000E+00  0.0000000E+00  0.7151760E-04  0.0000000E+00
         1   519      3  0.1044368E-02  0.1233684E-03  0.0000000E+00  0.0000000E+00  0.1066446E-03  0.0000000E+00
         1   519      4  0.1392656E-02  0.1645013E-03  0.0000000E+00  0.0000000E+00  0.1413502E-03  0.0000000E+00
         1   519      5  0.1741028E-02  0.2056392E-03  0.0000000E+00  0.0000000E+00  0.1756344E-03  0.0000000E+00
         1   519      6  0.2089486E-02  0.2467822E-03  0.0000000E+00  0.0000000E+00  0.2094971E-03  0.0000000E+00
         1   519      7  0.2438030E-02  0.2879302E-03  0.0000000E+00  0.0000000E+00  0.2429382E-03  0.0000000E+00
         1   519      8  0.2786662E-02  0.3290833E-03  0.0000000E+00  0.0000000E+00  0.2759576E-03  0.0000000E+00
         1   519      9  0.3135382E-02  0.3702414E-03  0.0000000E+00  0.0000000E+00  0.3085552E-03  0.0000000E+00
         1   519     10  0.4586467E-03 -0.5057343E-04  0.0000000E+00  0.0000000E+00  0.6743463E-01  0.1000000E-02

         1   520      0  0.0000000E+00  0.0000000E+00  0.0000000E+00  0.0000000E+00  0.0000000E+00  0.0000000E+00
         1   520      1  0.0000000E+00  0.0000000E+00  0.0000000E+00  0.0000000E+00  0.0000000E+00  0.0000000E+00
         1   520      2  0.7084997E-03  0.8224060E-04  0.0000000E+00  0.0000000E+00  0.7151732E-04  0.0000000E+00
         1   520      3  0.1062873E-02  0.1233684E-03  0.0000000E+00  0.0000000E+00  0.1066439E-03  0.0000000E+00
         1   520      4  0.1417331E-02  0.1645013E-03  0.0000000E+00  0.0000000E+00  0.1413491E-03  0.0000000E+00
         1   520      5  0.1771874E-02  0.2056392E-03  0.0000000E+00  0.0000000E+00  0.1756327E-03  0.0000000E+00
         1   520      6  0.2126503E-02  0.2467822E-03  0.0000000E+00  0.0000000E+00  0.2094946E-03  0.0000000E+00
         1   520      7  0.2481220E-02  0.2879302E-03  0.0000000E+00  0.0000000E+00  0.2429348E-03  0.0000000E+00
         1   520      8  0.2836024E-02  0.3290833E-03  0.0000000E+00  0.0000000E+00  0.2759531E-03  0.0000000E+00
         1   520      9  0.3190918E-02  0.3702414E-03  0.0000000E+00  0.0000000E+00  0.3085495E-03  0.0000000E+00
         1   520     10  0.4510649E-03 -0.5057343E-04  0.0000000E+00  0.0000000E+00  0.6746428E-01  0.1000000E-02

         1   521      0  0.0000000E+00  0.0000000E+00  0.0000000E+00  0.0000000E+00  0.0000000E+00  0.0000000E+00
         1   521      1  0.0000000E+00  0.0000000E+00  0.0000000E+00  0.0000000E+00  0.0000000E+00  0.0000000E+00
         1   521      2  0.7290599E-03  0.8224060E-04  0.0000000E+00  0.0000000E+00  0.7151685E-04  0.0000000E+00
         1   521      3  0.1093716E-02  0.1233684E-03  0.0000000E+00  0.0000000E+00  0.1066429E-03  0.0000000E+00
         1   521      4  0.1458457E-02  0.1645013E-03  0.0000000E+00  0.0000000E+00  0.1413472E-03  0.0000000E+00
         1   521      5  0.1823284E-02  0.2056392E-03  0.0000000E+00  0.0000000E+00  0.1756297E-03  0.0000000E+00
         1   521      6  0.2188199E-02  0.2467822E-03  0.0000000E+00  0.0000000E+00  0.2094904E-03  0.0000000E+00
         1   521      7  0.2553202E-02  0.2879302E-03  0.0000000E+00  0.0000000E+00  0.2429290E-03  0.0000000E+00
         1   521      8  0.2918295E-02  0.3290833E-03  0.0000000E+00  0.0000000E+00  0.2759456E-03  0.0000000E+00
         1   521      9  0.3283479E-02  0.3702414E-03  0.0000000E+00  0.0000000E+00  0.3085400E-03  0.0000000E+00
         1   521     10  0.4384286E-03 -0.5057343E-04  0.0000000E+00  0.0000000E+00  0.6751371E-01  0.1000000E-02

         1   522      0  0.0000000E+00  0.0000000E+00  0.0000000E+00  0.0000000E+00  0.0000000E+00  0.0000000E+00
         1   522      1  0.0000000E+00  0.0000000E+00  0.0000000E+00  0.0000000E+00  0.0000000E+00  0.0000000E+00
         1   522      2  0.7552056E-03  0.2198935E-04  0.0000000E+00  0.0000000E+00  0.7150843E-04  0.0000000E+00
         1   522      3  0.1132935E-02  0.3298130E-04  0.0000000E+00  0.0000000E+00  0.1066239E-03  0.0000000E+00
         1   522      4  0.1510751E-02  0.4397133E-04  0.0000000E+00  0.0000000E+00  0.1413135E-03  0.0000000E+00
         1   522      5  0.1888654E-02  0.5495935E-04  0.0000000E+00  0.0000000E+00  0.1755771E-03  0.0000000E+00
         1   522      6  0.2266645E-02  0.6594528E-04  0.0000000E+00  0.0000000E+00  0.2094145E-03  0.0000000E+00
         1   522      7  0.2644726E-02  0.7692903E-04  0.0000000E+00  0.0000000E+00  0.2428258E-03  0.0000000E+00
         1   522      8  0.3022896E-02  0.8791053E-04  0.0000000E+00  0.0000000E+00  0.2758107E-03  0.0000000E+00
         1   522      9  0.3401158E-02  0.9888967E-04  0.0000000E+00  0.0000000E+00  0.3083693E-03  0.0000000E+00
         1   522     10  0.4044951E-03 -0.8477820E-04  0.0000000E+00  0.0000000E+00  0.6761255E-01  0.1000000E-02

         1   523      0  0.0000000E+00  0.0000000E+00  0.0000000E+00  0.0000000E+00  0.0000000E+00  0.0000000E+00
         1   523      1  0.0000000E+00  0.0000000E+00  0.0000000E+00  0.0000000E+00  0.0000000E+00  0.0000000E+00
         1   523      2  0.7509013E-03 -0.3914852E-04  0.0000000E+00  0.0000000E+00  0.7150015E-04  0.0000000E+00
         1   523      3  0.1126475E-02 -0.5873565E-04  0.0000000E+00  0.0000000E+00  0.1066053E-03  0.0000000E+00
         1   523      4  0.1502132E-02 -0.7833159E-04  0.0000000E+00  0.0000000E+00  0.1412804E-03  0.0000000E+00
         1   523      5  0.1877873E-02 -0.9793650E-04  0.0000000E+00  0.0000000E+00  0.1755253E-03  0.0000000E+00
         1   523      6  0.2253700E-02 -0.1175506E-03  0.0000000E+00  0.0000000E+00  0.2093399E-03  0.0000000E+00
         1   523      7  0.2629613E-02 -0.1371739E-03  0.0000000E+00  0.0000000E+00  0.2427242E-03  0.0000000E+00
         1   523      8  0.3005614E-02 -0.1568068E-03  0.0000000E+00  0.0000000E+00  0.2756780E-03  0.0000000E+00
         1   523      9  0.3381703E-02 -0.1764493E-03  0.0000000E+00  0.0000000E+00  0.3082012E-03  0.0000000E+00
         1   523     10  0.3542670E-03 -0.1155678E-03  0.0000000E+00  0.0000000E+00  0.6771140E-01  0.1000000E-02

         1   524      0  0.0000000E+00  0.0000000E+00  0.0000000E+00  0.0000000E+00  0.0000000E+00  0.0000000E+00
         1   524      1  0.0000000E+00  0.0000000E+00  0.0000000E+00  0.0000000E+00  0.0000000E+00  0.0000000E+00
         1   524      2  0.7411141E-03 -0.3914852E-04  0.0000000E+00  0.0000000E+00  0.7150004E-04  0.0000000E+00
         1   524      3  0.1111791E-02 -0.5873565E-04  0.0000000E+00  0.0000000E+00  0.1066051E-03  0.0000000E+00
         1   524      4  0.1482549E-02 -0.7833159E-04  0.0000000E+00  0.0000000E+00  0.1412799E-03  0.0000000E+00
         1   524      5  0.1853389E-02 -0.9793650E-04  0.0000000E+00  0.0000000E+00  0.1755246E-03  0.0000000E+00
         1   524      6  0.2224313E-02 -0.1175506E-03  0.0000000E+00  0.0000000E+00  0.2093389E-03  0.0000000E+00
         1   524      7  0.2595320E-02 -0.1371739E-03  0.0000000E+00  0.0000000E+00  0.2427229E-03  0.0000000E+00
         1   524      8  0.2966412E-02 -0.1568068E-03  0.0000000E+00  0.0000000E+00  0.2756763E-03  0.0000000E+00
         1   524      9  0.3337591E-02 -0.1764493E-03  0.0000000E+00  0.0000000E+00  0.3081991E-03  0.0000000E+00
         1   524     10  0.3253911E-03 -0.1155678E-03  0.0000000E+00  0.0000000E+00  0.6776082E-01  0.1000000E-02

         1   525      0  0.0000000E+00  0.0000000E+00  0.0000000E+00  0.0000000E+00  0.0000000E+00  0.0000000E+00
         1   525      1  0.0000000E+00  0.0000000E+00  0.0000000E+00  0.0000000E+00  0.0000000E+00  0.0000000E+00
         1   525      2  0.7352419E-03 -0.3914852E-04  0.0000000E+00  0.0000000E+00  0.7149998E-04  0.0000000E+00
         1   525      3  0.1102981E-02 -0.5873565E-04  0.0000000E+00  0.0000000E+00  0.1066049E-03  0.0000000E+00
         1   525      4  0.1470799E-02 -0.7833159E-04  0.0000000E+00  0.0000000E+00  0.1412797E-03  0.0000000E+00
         1   525      5  0.1838699E-02 -0.9793650E-04  0.0000000E+00  0.0000000E+00  0.1755242E-03  0.0000000E+00
         1   525      6  0.2206680E-02 -0.1175506E-03  0.0000000E+00  0.0000000E+00  0.2093384E-03  0.0000000E+00
         1   525      7  0.2574744E-02 -0.1371739E-03  0.0000000E+00  0.0000000E+00  0.2427221E-03  0.0000000E+00
         1   525      8  0.2942891E-02 -0.1568068E-03  0.0000000E+00  0.0000000E+00  0.2756752E-03  0.0000000E+00
         1   525      9  0.3311123E-02 -0.1764493E-03  0.0000000E+00  0.0000000E+00  0.3081978E-03  0.0000000E+00
         1   525     10  0.3080656E-03 -0.1155678E-03  0.0000000E+00  0.0000000E+00  0.6779048E-01  0.1000000E-02

         1   526      0  0.0000000E+00  0.0000000E+00  0.0000000E+00  0.0000000E+00  0.0000000E+00  0.0000000E+00
         1   526      1  0.0000000E+00  0.0000000E+00  0.0000000E+00  0.0000000E+00  0.0000000E+00  0.0000000E+00
         1   526      2  0.7254547E-03 -0.3914852E-04  0.0000000E+00  0.0000000E+00  0.7149987E-04  0.0000000E+00
         1   526      3  0.1088297E-02 -0.5873565E-04  0.0000000E+00  0.0000000E+00  0.1066047E-03  0.0000000E+00
         1   526      4  0.1451217E-02 -0.7833159E-04  0.0000000E+00  0.0000000E+00  0.1412793E-03  0.0000000E+00
         1   526      5  0.1814215E-02 -0.9793650E-04  0.0000000E+00  0.0000000E+00  0.1755235E-03  0.0000000E+00
         1   526      6  0.2177292E-02 -0.1175506E-03  0.0000000E+00  0.0000000E+00  0.2093374E-03  0.0000000E+00
         1   526      7  0.2540450E-02 -0.1371739E-03  0.0000000E+00  0.0000000E+00  0.2427208E-03  0.0000000E+00
         1   526      8  0.2903690E-02 -0.1568068E-03  0.0000000E+00  0.0000000E+00  0.2756735E-03  0.0000000E+00
         1   526      9  0.3267011E-02 -0.1764493E-03  0.0000000E+00  0.0000000E+00  0.3081956E-03  0.0000000E+00
         1   526     10  0.2791896E-03 -0.1155678E-03  0.0000000E+00  0.0000000E+00  0.6783990E-01  0.1000000E-02

         1   527      0  0.0000000E+00  0.0000000E+00  0.0000000E+00  0.0000000E+00  0.0000000E+00  0.0000000E+00
         1   527      1  0.0000000E+00  0.0000000E+00  0.0000000E+00  0.0000000E+00  0.0000000E+00  0.0000000E+00
         1   527      2  0.5334446E-03 -0.4263957E-04  0.0000000E+00  0.0000000E+00 -0.7608177E-06  0.0000000E+00
         1   527      3  0.8002149E-03 -0.6397285E-04  0.0000000E+00  0.0000000E+00 -0.1798057E-05  0.0000000E+00
         1   527      4  0.1067017E-02 -0.8531536E-04  0.0000000E+00  0.0000000E+00 -0.3273387E-05  0.0000000E+00
         1   527      5  0.1333852E-02 -0.1066673E-03  0.0000000E+00  0.0000000E+00 -0.5186959E-05  0.0000000E+00
         1   527      6  0.1600718E-02 -0.1280287E-03  0.0000000E+00  0.0000000E+00 -0.7538926E-05  0.0000000E+00
         1   527      7  0.1867617E-02 -0.1493999E-03  0.0000000E+00  0.0000000E+00 -0.1032944E-04  0.0000000E+00
         1   527      8  0.2134549E-02 -0.1707811E-03  0.0000000E+00  0.0000000E+00 -0.1355865E-04  0.0000000E+00
         1   527      9  0.2401513E-02 -0.1921723E-03  0.0000000E+00  0.0000000E+00 -0.1722672E-04  0.0000000E+00
         1   527     10  0.4259041E-05 -0.1609030E-05  0.0000000E+00  0.0000000E+00  0.6875499E-01  0.1000000E-02

         1   528      0  0.0000000E+00  0.0000000E+00  0.0000000E+00  0.0000000E+00  0.0000000E+00  0.0000000E+00
         1   528      1  0.0000000E+00  0.0000000E+00  0.0000000E+00  0.0000000E+00  0.0000000E+00  0.0000000E+00
         1   528      2  0.5227847E-03 -0.4263957E-04  0.0000000E+00  0.0000000E+00 -0.7609439E-06  0.0000000E+00
         1   528      3  0.7842217E-03 -0.6397285E-04  0.0000000E+00  0.0000000E+00 -0.1798341E-05  0.0000000E+00
         1   528      4  0.1045688E-02 -0.8531536E-04  0.0000000E+00  0.0000000E+00 -0.3273892E-05  0.0000000E+00
         1   528      5  0.1307185E-02 -0.1066673E-03  0.0000000E+00  0.0000000E+00 -0.5187749E-05  0.0000000E+00
         1   528      6  0.1568711E-02 -0.1280287E-03  0.0000000E+00  0.0000000E+00 -0.7540064E-05  0.0000000E+00
         1   528      7  0.1830267E-02 -0.1493999E-03  0.0000000E+00  0.0000000E+00 -0.1033099E-04  0.0000000E+00
         1   528      8  0.2091854E-02 -0.1707811E-03  0.0000000E+00  0.0000000E+00 -0.1356068E-04  0.0000000E+00
         1   528      9  0.2353470E-02 -0.1921723E-03  0.0000000E+00  0.0000000E+00 -0.1722928E-04  0.0000000E+00
         1   528     10  0.3857007E-05 -0.1609030E-05  0.0000000E+00  0.0000000E+00  0.6880441E-01  0.1000000E-02

         1   529      0  0.0000000E+00  0.0000000E+00  0.0000000E+00  0.0000000E+00  0.0000000E+00  0.0000000E+00
         1   529      1  0.0000000E+00  0.0000000E+00  0.0000000E+00  0.0000000E+00  0.0000000E+00  0.0000000E+00
         1   529      2  0.5163888E-03 -0.4263957E-04  0.0000000E+00  0.0000000E+00 -0.7610196E-06  0.0000000E+00
         1   529      3  0.7746257E-03 -0.6397285E-04  0.0000000E+00  0.0000000E+00 -0.1798512E-05  0.0000000E+00
         1   529      4  0.1032891E-02 -0.8531536E-04  0.0000000E+00  0.0000000E+00 -0.3274195E-05  0.0000000E+00
         1   529      5  0.1291185E-02 -0.1066673E-03  0.0000000E+00  0.0000000E+00 -0.5188223E-05  0.0000000E+00
         1   529      6  0.1549507E-02 -0.1280287E-03  0.0000000E+00  0.0000000E+00 -0.7540746E-05  0.0000000E+00
         1   529      7  0.1807857E-02 -0.1493999E-03  0.0000000E+00  0.0000000E+00 -0.1033192E-04  0.0000000E+00
         1   529      8  0.2066236E-02 -0.1707811E-03  0.0000000E+00  0.0000000E+00 -0.1356189E-04  0.0000000E+00
         1   529      9  0.2324644E-02 -0.1921723E-03  0.0000000E+00  0.0000000E+00 -0.1723082E-04  0.0000000E+00
         1   529     10  0.3615787E-05 -0.1609030E-05  0.0000000E+00  0.0000000E+00  0.6883407E-01  0.1000000E-02

         1   530      0  0.0000000E+00  0.0000000E+00  0.0000000E+00  0.0000000E+00  0.0000000E+00  0.0000000E+00
         1   530      1  0.0000000E+00  0.0000000E+00  0.0000000E+00  0.0000000E+00  0.0000000E+00  0.0000000E+00
         1   530      2  0.5057289E-03 -0.4263957E-04  0.0000000E+00  0.0000000E+00 -0.7611457E-06  0.0000000E+00
         1   530      3  0.7586325E-03 -0.6397285E-04  0.0000000E+00  0.0000000E+00 -0.1798796E-05  0.0000000E+00
         1   530      4  0.1011562E-02 -0.8531536E-04  0.0000000E+00  0.0000000E+00 -0.3274700E-05  0.0000000E+00
         1   530      5  0.1264518E-02 -0.1066673E-03  0.0000000E+00  0.0000000E+00 -0.5189012E-05  0.0000000E+00
         1   530      6  0.1517500E-02 -0.1280287E-03  0.0000000E+00  0.0000000E+00 -0.7541884E-05  0.0000000E+00
         1   530      7  0.1770507E-02 -0.1493999E-03  0.0000000E+00  0.0000000E+00 -0.1033347E-04  0.0000000E+00
         1   530      8  0.2023541E-02 -0.1707811E-03  0.0000000E+00  0.0000000E+00 -0.1356392E-04  0.0000000E+00
         1   530      9  0.2276601E-02 -0.1921723E-03  0.0000000E+00  0.0000000E+00 -0.1723338E-04  0.0000000E+00
         1   530     10  0.3213752E-05 -0.1609030E-05  0.0000000E+00  0.0000000E+00  0.6888349E-01  0.1000000E-02

         1   531      0  0.0000000E+00  0.0000000E+00  0.0000000E+00  0.0000000E+00  0.0000000E+00  0.0000000E+00
         1   531      1  0.0000000E+00  0.0000000E+00  0.0000000E+00  0.0000000E+00  0.0000000E+00  0.0000000E+00
         1   531      2  0.4936331E-03 -0.5892157E-05  0.0000000E+00  0.0000000E+00 -0.7579804E-06  0.0000000E+00
         1   531      3  0.7404828E-03 -0.8849073E-05  0.0000000E+00  0.0000000E+00 -0.1791673E-05  0.0000000E+00
         1   531      4  0.9873544E-03 -0.1181345E-04  0.0000000E+00  0.0000000E+00 -0.3262037E-05  0.0000000E+00
         1   531      5  0.1234248E-02 -0.1478547E-04  0.0000000E+00  0.0000000E+00 -0.5169224E-05  0.0000000E+00
         1   531      6  0.1481163E-02 -0.1776530E-04  0.0000000E+00  0.0000000E+00 -0.7513386E-05  0.0000000E+00
         1   531      7  0.1728099E-02 -0.2075313E-04  0.0000000E+00  0.0000000E+00 -0.1029468E-04  0.0000000E+00
         1   531      8  0.1975058E-02 -0.2374913E-04  0.0000000E+00  0.0000000E+00 -0.1351325E-04  0.0000000E+00
         1   531      9  0.2222037E-02 -0.2675348E-04  0.0000000E+00  0.0000000E+00 -0.1716925E-04  0.0000000E+00
         1   531     10  0.2464132E-05 -0.1400323E-05  0.0000000E+00  0.0000000E+00  0.6898234E-01  0.1000000E-02

         1   532      0  0.0000000E+00  0.0000000E+00  0.0000000E+00  0.0000000E+00  0.0000000E+00  0.0000000E+00
         1   532      1  0.0000000E+00  0.0000000E+00  0.0000000E+00  0.0000000E+00  0.0000000E+00  0.0000000E+00
         1   532      2  0.5011705E-03  0.3614827E-04  0.0000000E+00  0.0000000E+00 -0.7543191E-06  0.0000000E+00
         1   532      3  0.7517842E-03  0.5421417E-04  0.0000000E+00  0.0000000E+00 -0.1783434E-05  0.0000000E+00
         1   532      4  0.1002416E-02  0.7227432E-04  0.0000000E+00  0.0000000E+00 -0.3247389E-05  0.0000000E+00
         1   532      5  0.1253067E-02  0.9032852E-04  0.0000000E+00  0.0000000E+00 -0.5146334E-05  0.0000000E+00
         1   532      6  0.1503736E-02  0.1083766E-03  0.0000000E+00  0.0000000E+00 -0.7480423E-05  0.0000000E+00
         1   532      7  0.1754423E-02  0.1264183E-03  0.0000000E+00  0.0000000E+00 -0.1024981E-04  0.0000000E+00
         1   532      8  0.2005127E-02  0.1444536E-03  0.0000000E+00  0.0000000E+00 -0.1345463E-04  0.0000000E+00
         1   532      9  0.2255850E-02  0.1624821E-03  0.0000000E+00  0.0000000E+00 -0.1709506E-04  0.0000000E+00
         1   532     10  0.1811795E-05 -0.1219686E-05  0.0000000E+00  0.0000000E+00  0.6908119E-01  0.1000000E-02

         1   533      0  0.0000000E+00  0.0000000E+00  0.0000000E+00  0.0000000E+00  0.0000000E+00  0.0000000E+00
         1   533      1  0.0000000E+00  0.0000000E+00  0.0000000E+00  0.0000000E+00  0.0000000E+00  0.0000000E+00
         1   533      2  0.5102076E-03  0.3614827E-04  0.0000000E+00  0.0000000E+00 -0.7544097E-06  0.0000000E+00
         1   533      3  0.7653377E-03  0.5421417E-04  0.0000000E+00  0.0000000E+00 -0.1783638E-05  0.0000000E+00
         1   533      4  0.1020485E-02  0.7227432E-04  0.0000000E+00  0.0000000E+00 -0.3247751E-05  0.0000000E+00
         1   533      5  0.1275649E-02  0.9032852E-04  0.0000000E+00  0.0000000E+00 -0.5146901E-05  0.0000000E+00
         1   533      6  0.1530830E-02  0.1083766E-03  0.0000000E+00  0.0000000E+00 -0.7481238E-05  0.0000000E+00
         1   533      7  0.1786027E-02  0.1264183E-03  0.0000000E+00  0.0000000E+00 -0.1025091E-04  0.0000000E+00
         1   533      8  0.2041241E-02  0.1444536E-03  0.0000000E+00  0.0000000E+00 -0.1345608E-04  0.0000000E+00
         1   533      9  0.2296470E-02  0.1624821E-03  0.0000000E+00  0.0000000E+00 -0.1709689E-04  0.0000000E+00
         1   533     10  0.1507043E-05 -0.1219686E-05  0.0000000E+00  0.0000000E+00  0.6913061E-01  0.1000000E-02

         1   534      0  0.0000000E+00  0.0000000E+00  0.0000000E+00  0.0000000E+00  0.0000000E+00  0.0000000E+00
         1   534      1  0.0000000E+00  0.0000000E+00  0.0000000E+00  0.0000000E+00  0.0000000E+00  0.0000000E+00
         1   534      2  0.5156299E-03  0.3614827E-04  0.0000000E+00  0.0000000E+00 -0.7544642E-06  0.0000000E+00
         1   534      3  0.7734698E-03  0.5421417E-04  0.0000000E+00  0.0000000E+00 -0.1783761E-05  0.0000000E+00
         1   534      4  0.1031326E-02  0.7227432E-04  0.0000000E+00  0.0000000E+00 -0.3247969E-05  0.0000000E+00
         1   534      5  0.1289198E-02  0.9032852E-04  0.0000000E+00  0.0000000E+00 -0.5147240E-05  0.0000000E+00
         1   534      6  0.1547087E-02  0.1083766E-03  0.0000000E+00  0.0000000E+00 -0.7481727E-05  0.0000000E+00
         1   534      7  0.1804990E-02  0.1264183E-03  0.0000000E+00  0.0000000E+00 -0.1025158E-04  0.0000000E+00
         1   534      8  0.2062909E-02  0.1444536E-03  0.0000000E+00  0.0000000E+00 -0.1345695E-04  0.0000000E+00
         1   534      9  0.2320843E-02  0.1624821E-03  0.0000000E+00  0.0000000E+00 -0.1709799E-04  0.0000000E+00
         1   534     10  0.1324191E-05 -0.1219686E-05  0.0000000E+00  0.0000000E+00  0.6916027E-01  0.1000000E-02

         1   535      0  0.0000000E+00  0.0000000E+00  0.0000000E+00  0.0000000E+00  0.0000000E+00  0.0000000E+00
         1   535      1  0.0000000E+00  0.0000000E+00  0.0000000E+00  0.0000000E+00  0.0000000E+00  0.0000000E+00
         1   535      2  0.5246669E-03  0.3614827E-04  0.0000000E+00  0.0000000E+00 -0.7545548E-06  0.0000000E+00
         1   535      3  0.7870234E-03  0.5421417E-04  0.0000000E+00  0.0000000E+00 -0.1783965E-05  0.0000000E+00
         1   535      4  0.1049395E-02  0.7227432E-04  0.0000000E+00  0.0000000E+00 -0.3248331E-05  0.0000000E+00
         1   535      5  0.1311781E-02  0.9032852E-04  0.0000000E+00  0.0000000E+00 -0.5147807E-05  0.0000000E+00
         1   535      6  0.1574181E-02  0.1083766E-03  0.0000000E+00  0.0000000E+00 -0.7482542E-05  0.0000000E+00
         1   535      7  0.1836595E-02  0.1264183E-03  0.0000000E+00  0.0000000E+00 -0.1025269E-04  0.0000000E+00
         1   535      8  0.2099022E-02  0.1444536E-03  0.0000000E+00  0.0000000E+00 -0.1345840E-04  0.0000000E+00
         1   535      9  0.2361463E-02  0.1624821E-03  0.0000000E+00  0.0000000E+00 -0.1709982E-04  0.0000000E+00
         1   535     10  0.1019439E-05 -0.1219686E-05  0.0000000E+00  0.0000000E+00  0.6920969E-01  0.1000000E-02

         1   536      0  0.0000000E+00  0.0000000E+00  0.0000000E+00  0.0000000E+00  0.0000000E+00  0.0000000E+00
         1   536      1  0.0000000E+00  0.0000000E+00  0.0000000E+00  0.0000000E+00  0.0000000E+00  0.0000000E+00
         1   536      2  0.6940216E-03  0.3614827E-04  0.0000000E+00  0.0000000E+00 -0.7562542E-06  0.0000000E+00
         1   536      3  0.1041017E-02  0.5421417E-04  0.0000000E+00  0.0000000E+00 -0.1787787E-05  0.0000000E+00
         1   536      4  0.1388000E-02  0.7227432E-04  0.0000000E+00  0.0000000E+00 -0.3255125E-05  0.0000000E+00
         1   536      5  0.1734970E-02  0.9032852E-04  0.0000000E+00  0.0000000E+00 -0.5158418E-05  0.0000000E+00
         1   536      6  0.2081925E-02  0.1083766E-03  0.0000000E+00  0.0000000E+00 -0.7497817E-05  0.0000000E+00
         1   536      7  0.2428865E-02  0.1264183E-03  0.0000000E+00  0.0000000E+00 -0.1027347E-04  0.0000000E+00
         1   536      8  0.2775787E-02  0.1444536E-03  0.0000000E+00  0.0000000E+00 -0.1348554E-04  0.0000000E+00
         1   536      9  0.3122692E-02  0.1624821E-03  0.0000000E+00  0.0000000E+00 -0.1713416E-04  0.0000000E+00
         1   536     10 -0.4691618E-05 -0.1219686E-05  0.0000000E+00  0.0000000E+00  0.7013591E-01  0.1000000E-02

         1   537      0  0.0000000E+00  0.0000000E+00  0.0000000E+00  0.0000000E+00  0.0000000E+00  0.0000000E+00
         1   537      1  0.0000000E+00  0.0000000E+00  0.0000000E+00  0.0000000E+00  0.0000000E+00  0.0000000E+00
         1   537      2  0.7030587E-03  0.3614827E-04  0.0000000E+00  0.0000000E+00 -0.7563449E-06  0.0000000E+00
         1   537      3  0.1054570E-02  0.5421417E-04  0.0000000E+00  0.0000000E+00 -0.1787991E-05  0.0000000E+00
         1   537      4  0.1406068E-02  0.7227432E-04  0.0000000E+00  0.0000000E+00 -0.3255487E-05  0.0000000E+00
         1   537      5  0.1757552E-02  0.9032852E-04  0.0000000E+00  0.0000000E+00 -0.5158984E-05  0.0000000E+00
         1   537      6  0.2109019E-02  0.1083766E-03  0.0000000E+00  0.0000000E+00 -0.7498632E-05  0.0000000E+00
         1   537      7  0.2460469E-02  0.1264183E-03  0.0000000E+00  0.0000000E+00 -0.1027458E-04  0.0000000E+00
         1   537      8  0.2811901E-02  0.1444536E-03  0.0000000E+00  0.0000000E+00 -0.1348698E-04  0.0000000E+00
         1   537      9  0.3163312E-02  0.1624821E-03  0.0000000E+00  0.0000000E+00 -0.1713599E-04  0.0000000E+00
         1   537     10 -0.4996371E-05 -0.1219686E-05  0.0000000E+00  0.0000000E+00  0.7018534E-01  0.1000000E-02

         1   538      0  0.0000000E+00  0.0000000E+00  0.0000000E+00  0.0000000E+00  0.0000000E+00  0.0000000E+00
         1   538      1  0.0000000E+00  0.0000000E+00  0.0000000E+00  0.0000000E+00  0.0000000E+00  0.0000000E+00
         1   538      2  0.7084809E-03  0.3614827E-04  0.0000000E+00  0.0000000E+00 -0.7563993E-06  0.0000000E+00
         1   538      3  0.1062702E-02  0.5421417E-04  0.0000000E+00  0.0000000E+00 -0.1788113E-05  0.0000000E+00
         1   538      4  0.1416910E-02  0.7227432E-04  0.0000000E+00  0.0000000E+00 -0.3255705E-05  0.0000000E+00
         1   538      5  0.1771101E-02  0.9032852E-04  0.0000000E+00  0.0000000E+00 -0.5159324E-05  0.0000000E+00
         1   538      6  0.2125276E-02  0.1083766E-03  0.0000000E+00  0.0000000E+00 -0.7499121E-05  0.0000000E+00
         1   538      7  0.2479432E-02  0.1264183E-03  0.0000000E+00  0.0000000E+00 -0.1027525E-04  0.0000000E+00
         1   538      8  0.2833569E-02  0.1444536E-03  0.0000000E+00  0.0000000E+00 -0.1348785E-04  0.0000000E+00
         1   538      9  0.3187684E-02  0.1624821E-03  0.0000000E+00  0.0000000E+00 -0.1713709E-04  0.0000000E+00
         1   538     10 -0.5179222E-05 -0.1219686E-05  0.0000000E+00  0.0000000E+00  0.7021499E-01  0.1000000E-02

         1   539      0  0.0000000E+00  0.0000000E+00  0.0000000E+00  0.0000000E+00  0.0000000E+00  0.0000000E+00
         1   539      1  0.0000000E+00  0.0000000E+00  0.0000000E+00  0.0000000E+00  0.0000000E+00  0.0000000E+00
         1   539      2  0.7175180E-03  0.3614827E-04  0.0000000E+00  0.0000000E+00 -0.7564900E-06  0.0000000E+00
         1   539      3  0.1076256E-02  0.5421417E-04  0.0000000E+00  0.0000000E+00 -0.1788317E-05  0.0000000E+00
         1   539      4  0.1434978E-02  0.7227432E-04  0.0000000E+00  0.0000000E+00 -0.3256067E-05  0.0000000E+00
         1   539      5  0.1793683E-02  0.9032852E-04  0.0000000E+00  0.0000000E+00 -0.5159890E-05  0.0000000E+00
         1   539      6  0.2152370E-02  0.1083766E-03  0.0000000E+00  0.0000000E+00 -0.7499936E-05  0.0000000E+00
         1   539      7  0.2511037E-02  0.1264183E-03  0.0000000E+00  0.0000000E+00 -0.1027636E-04  0.0000000E+00
         1   539      8  0.2869682E-02  0.1444536E-03  0.0000000E+00  0.0000000E+00 -0.1348930E-04  0.0000000E+00
         1   539      9  0.3228305E-02  0.1624821E-03  0.0000000E+00  0.0000000E+00 -0.1713892E-04  0.0000000E+00
         1   539     10 -0.5483974E-05 -0.1219686E-05  0.0000000E+00  0.0000000E+00  0.7026442E-01  0.1000000E-02

         1   540      0  0.0000000E+00  0.0000000E+00  0.0000000E+00  0.0000000E+00  0.0000000E+00  0.0000000E+00
         1   540      1  0.0000000E+00  0.0000000E+00  0.0000000E+00  0.0000000E+00  0.0000000E+00  0.0000000E+00
         1   540      2  0.7185469E-03 -0.3204884E-04  0.0000000E+00  0.0000000E+00 -0.7653050E-06  0.0000000E+00
         1   540      3  0.1077796E-02 -0.4807934E-04  0.0000000E+00  0.0000000E+00 -0.1808150E-05  0.0000000E+00
         1   540      4  0.1437026E-02 -0.6411398E-04  0.0000000E+00  0.0000000E+00 -0.3291324E-05  0.0000000E+00
         1   540      5  0.1796237E-02 -0.8015282E-04  0.0000000E+00  0.0000000E+00 -0.5214976E-05  0.0000000E+00
         1   540      6  0.2155427E-02 -0.9619591E-04  0.0000000E+00  0.0000000E+00 -0.7579256E-05  0.0000000E+00
         1   540      7  0.2514594E-02 -0.1122433E-03  0.0000000E+00  0.0000000E+00 -0.1038431E-04  0.0000000E+00
         1   540      8  0.2873738E-02 -0.1282951E-03  0.0000000E+00  0.0000000E+00 -0.1363030E-04  0.0000000E+00
         1   540      9  0.3232856E-02 -0.1443514E-03  0.0000000E+00  0.0000000E+00 -0.1731736E-04  0.0000000E+00
         1   540     10 -0.5959617E-05 -0.6764379E-06  0.0000000E+00  0.0000000E+00  0.7036327E-01  0.1000000E-02
