# number of rays:      11
# iteration   EID   ray    X              A              Y              B              T              D
         0     0      0  0.0000000E+00  0.0000000E+00  0.0000000E+00  0.0000000E+00  0.0000000E+00  0.0000000E+00
         0     0      1  0.0000000E+00  0.0000000E+00  0.0000000E+00  0.0000000E+00  0.0000000E+00  0.0000000E+00
         0     0      2  0.1000000E-02  0.0000000E+00  0.0000000E+00  0.0000000E+00  0.0000000E+00  0.0000000E+00
         0     0      3  0.1500000E-02  0.0000000E+00  0.0000000E+00  0.0000000E+00  0.0000000E+00  0.0000000E+00
         0     0      4  0.2000000E-02  0.0000000E+00  0.0000000E+00  0.0000000E+00  0.0000000E+00  0.0000000E+00
         0     0      5  0.2500000E-02  0.0000000E+00  0.0000000E+00  0.0000000E+00  0.0000000E+00  0.0000000E+00
         0     0      6  0.3000000E-02  0.0000000E+00  0.0000000E+00  0.0000000E+00  0.0000000E+00  0.0000000E+00
         0     0      7  0.3500000E-02  0.0000000E+00  0.0000000E+00  0.0000000E+00  0.0000000E+00  0.0000000E+00
         0     0      8  0.4000000E-02  0.0000000E+00  0.0000000E+00  0.0000000E+00  0.0000000E+00  0.0000000E+00
         0     0      9  0.4500000E-02  0.0000000E+00  0.0000000E+00  0.0000000E+00  0.0000000E+00  0.0000000E+00
         0     0     10  0.0000000E+00  0.0000000E+00  0.0000000E+00  0.0000000E+00  0.0000000E+00  0.1000000E-02

         1     1      0  0.0000000E+00  0.0000000E+00  0.0000000E+00  0.0000000E+00  0.0000000E+00  0.0000000E+00
         1     1      1  0.0000000E+00  0.0000000E+00  0.0000000E+00  0.0000000E+00  0.0000000E+00  0.0000000E+00
         1     1      2  0.9764423E-03 -0.9385904E-04  0.0000000E+00  0.0000000E+00 -0.1700487E-07  0.0000000E+00
         1     1      3  0.1464663E-02 -0.1407886E-03  0.0000000E+00  0.0000000E+00 -0.3826096E-07  0.0000000E+00
         1     1      4  0.1952885E-02 -0.1877181E-03  0.0000000E+00  0.0000000E+00 -0.6801948E-07  0.0000000E+00
         1     1      5  0.2441106E-02 -0.2346477E-03  0.0000000E+00  0.0000000E+00 -0.1062804E-06  0.0000000E+00
         1     1      6  0.2929327E-02 -0.2815772E-03  0.0000000E+00  0.0000000E+00 -0.1530438E-06  0.0000000E+00
         1     1      7  0.3417548E-02 -0.3285068E-03  0.0000000E+00  0.0000000E+00 -0.2083097E-06  0.0000000E+00
         1     1      8  0.3905769E-02 -0.3754365E-03  0.0000000E+00  0.0000000E+00 -0.2720779E-06  0.0000000E+00
         1     1      9  0.4393990E-02 -0.4223661E-03  0.0000000E+00  0.0000000E+00 -0.3443486E-06  0.0000000E+00
         1     1     10  0.0000000E+00  0.0000000E+00  0.0000000E+00  0.0000000E+00  0.9884948E-04  0.1000000E-02

         1     2      0  0.0000000E+00  0.0000000E+00  0.0000000E+00  0.0000000E+00  0.0000000E+00  0.0000000E+00
         1     2      1  0.0000000E+00  0.0000000E+00  0.0000000E+00  0.0000000E+00  0.0000000E+00  0.0000000E+00
         1     2      2  0.9529775E-03 -0.9385904E-04  0.0000000E+00  0.0000000E+00 -0.1761623E-07  0.0000000E+00
         1     2      3  0.1429466E-02 -0.1407886E-03  0.0000000E+00  0.0000000E+00 -0.3963652E-07  0.0000000E+00
         1     2      4  0.1905955E-02 -0.1877181E-03  0.0000000E+00  0.0000000E+00 -0.7046492E-07  0.0000000E+00
         1     2      5  0.2382444E-02 -0.2346477E-03  0.0000000E+00  0.0000000E+00 -0.1101014E-06  0.0000000E+00
         1     2      6  0.2858933E-02 -0.2815772E-03  0.0000000E+00  0.0000000E+00 -0.1585461E-06  0.0000000E+00
         1     2      7  0.3335421E-02 -0.3285068E-03  0.0000000E+00  0.0000000E+00 -0.2157988E-06  0.0000000E+00
         1     2      8  0.3811910E-02 -0.3754365E-03  0.0000000E+00  0.0000000E+00 -0.2818597E-06  0.0000000E+00
         1     2      9  0.4288399E-02 -0.4223661E-03  0.0000000E+00  0.0000000E+00 -0.3567287E-06  0.0000000E+00
         1     2     10  0.0000000E+00  0.0000000E+00  0.0000000E+00  0.0000000E+00  0.1482742E-03  0.1000000E-02

         1     3      0  0.0000000E+00  0.0000000E+00  0.0000000E+00  0.0000000E+00  0.0000000E+00  0.0000000E+00
         1     3      1  0.0000000E+00  0.0000000E+00  0.0000000E+00  0.0000000E+00  0.0000000E+00  0.0000000E+00
         1     3      2  0.9388987E-03 -0.9385904E-04  0.0000000E+00  0.0000000E+00 -0.1798305E-07  0.0000000E+00
         1     3      3  0.1408348E-02 -0.1407886E-03  0.0000000E+00  0.0000000E+00 -0.4046186E-07  0.0000000E+00
         1     3      4  0.1877797E-02 -0.1877181E-03  0.0000000E+00  0.0000000E+00 -0.7193219E-07  0.0000000E+00
         1     3      5  0.2347247E-02 -0.2346477E-03  0.0000000E+00  0.0000000E+00 -0.1123940E-06  0.0000000E+00
         1     3      6  0.2816696E-02 -0.2815772E-03  0.0000000E+00  0.0000000E+00 -0.1618474E-06  0.0000000E+00
         1     3      7  0.3286145E-02 -0.3285068E-03  0.0000000E+00  0.0000000E+00 -0.2202923E-06  0.0000000E+00
         1     3      8  0.3755594E-02 -0.3754365E-03  0.0000000E+00  0.0000000E+00 -0.2877288E-06  0.0000000E+00
         1     3      9  0.4225044E-02 -0.4223661E-03  0.0000000E+00  0.0000000E+00 -0.3641567E-06  0.0000000E+00
         1     3     10  0.0000000E+00  0.0000000E+00  0.0000000E+00  0.0000000E+00  0.1779291E-03  0.1000000E-02

         1     4      0  0.0000000E+00  0.0000000E+00  0.0000000E+00  0.0000000E+00  0.0000000E+00  0.0000000E+00
         1     4      1  0.0000000E+00  0.0000000E+00  0.0000000E+00  0.0000000E+00  0.0000000E+00  0.0000000E+00
         1     4      2  0.9154339E-03 -0.9385904E-04  0.0000000E+00  0.0000000E+00 -0.1859441E-07  0.0000000E+00
         1     4      3  0.1373151E-02 -0.1407886E-03  0.0000000E+00  0.0000000E+00 -0.4183742E-07  0.0000000E+00
         1     4      4  0.1830868E-02 -0.1877181E-03  0.0000000E+00  0.0000000E+00 -0.7437763E-07  0.0000000E+00
         1     4      5  0.2288585E-02 -0.2346477E-03  0.0000000E+00  0.0000000E+00 -0.1162150E-06  0.0000000E+00
         1     4      6  0.2746302E-02 -0.2815772E-03  0.0000000E+00  0.0000000E+00 -0.1673497E-06  0.0000000E+00
         1     4      7  0.3204018E-02 -0.3285068E-03  0.0000000E+00  0.0000000E+00 -0.2277815E-06  0.0000000E+00
         1     4      8  0.3661735E-02 -0.3754365E-03  0.0000000E+00  0.0000000E+00 -0.2975106E-06  0.0000000E+00
         1     4      9  0.4119452E-02 -0.4223661E-03  0.0000000E+00  0.0000000E+00 -0.3765368E-06  0.0000000E+00
         1     4     10  0.0000000E+00  0.0000000E+00  0.0000000E+00  0.0000000E+00  0.2273538E-03  0.1000000E-02

         1     5      0  0.0000000E+00  0.0000000E+00  0.0000000E+00  0.0000000E+00  0.0000000E+00  0.0000000E+00
         1     5      1  0.0000000E+00  0.0000000E+00  0.0000000E+00  0.0000000E+00  0.0000000E+00  0.0000000E+00
         1     5      2  0.4757044E-03 -0.9385904E-04  0.0000000E+00  0.0000000E+00 -0.3005129E-07  0.0000000E+00
         1     5      3  0.7135565E-03 -0.1407886E-03  0.0000000E+00  0.0000000E+00 -0.6761542E-07  0.0000000E+00
         1     5      4  0.9514085E-03 -0.1877181E-03  0.0000000E+00  0.0000000E+00 -0.1202052E-06  0.0000000E+00
         1     5      5  0.1189260E-02 -0.2346477E-03  0.0000000E+00  0.0000000E+00 -0.1878206E-06  0.0000000E+00
         1     5      6  0.1427112E-02 -0.2815772E-03  0.0000000E+00  0.0000000E+00 -0.2704618E-06  0.0000000E+00
         1     5      7  0.1664964E-02 -0.3285068E-03  0.0000000E+00  0.0000000E+00 -0.3681286E-06  0.0000000E+00
         1     5      8  0.1902815E-02 -0.3754365E-03  0.0000000E+00  0.0000000E+00 -0.4808211E-06  0.0000000E+00
         1     5      9  0.2140666E-02 -0.4223661E-03  0.0000000E+00  0.0000000E+00 -0.6085393E-06  0.0000000E+00
         1     5     10  0.0000000E+00  0.0000000E+00  0.0000000E+00  0.0000000E+00  0.1153573E-02  0.1000000E-02

         1     6      0  0.0000000E+00  0.0000000E+00  0.0000000E+00  0.0000000E+00  0.0000000E+00  0.0000000E+00
         1     6      1  0.0000000E+00  0.0000000E+00  0.0000000E+00  0.0000000E+00  0.0000000E+00  0.0000000E+00
         1     6      2  0.4522396E-03 -0.9385904E-04  0.0000000E+00  0.0000000E+00 -0.3066265E-07  0.0000000E+00
         1     6      3  0.6783593E-03 -0.1407886E-03  0.0000000E+00  0.0000000E+00 -0.6899098E-07  0.0000000E+00
         1     6      4  0.9044790E-03 -0.1877181E-03  0.0000000E+00  0.0000000E+00 -0.1226506E-06  0.0000000E+00
         1     6      5  0.1130598E-02 -0.2346477E-03  0.0000000E+00  0.0000000E+00 -0.1916416E-06  0.0000000E+00
         1     6      6  0.1356718E-02 -0.2815772E-03  0.0000000E+00  0.0000000E+00 -0.2759640E-06  0.0000000E+00
         1     6      7  0.1582837E-02 -0.3285068E-03  0.0000000E+00  0.0000000E+00 -0.3756177E-06  0.0000000E+00
         1     6      8  0.1808956E-02 -0.3754365E-03  0.0000000E+00  0.0000000E+00 -0.4906029E-06  0.0000000E+00
         1     6      9  0.2035075E-02 -0.4223661E-03  0.0000000E+00  0.0000000E+00 -0.6209194E-06  0.0000000E+00
         1     6     10  0.0000000E+00  0.0000000E+00  0.0000000E+00  0.0000000E+00  0.1202998E-02  0.1000000E-02

         1     7      0  0.0000000E+00  0.0000000E+00  0.0000000E+00  0.0000000E+00  0.0000000E+00  0.0000000E+00
         1     7      1  0.0000000E+00  0.0000000E+00  0.0000000E+00  0.0000000E+00  0.0000000E+00  0.0000000E+00
         1     7      2  0.4381607E-03 -0.9385904E-04  0.0000000E+00  0.0000000E+00 -0.3102947E-07  0.0000000E+00
         1     7      3  0.6572410E-03 -0.1407886E-03  0.0000000E+00  0.0000000E+00 -0.6981631E-07  0.0000000E+00
         1     7      4  0.8763212E-03 -0.1877181E-03  0.0000000E+00  0.0000000E+00 -0.1241179E-06  0.0000000E+00
         1     7      5  0.1095401E-02 -0.2346477E-03  0.0000000E+00  0.0000000E+00 -0.1939342E-06  0.0000000E+00
         1     7      6  0.1314481E-02 -0.2815772E-03  0.0000000E+00  0.0000000E+00 -0.2792654E-06  0.0000000E+00
         1     7      7  0.1533561E-02 -0.3285068E-03  0.0000000E+00  0.0000000E+00 -0.3801113E-06  0.0000000E+00
         1     7      8  0.1752641E-02 -0.3754365E-03  0.0000000E+00  0.0000000E+00 -0.4964719E-06  0.0000000E+00
         1     7      9  0.1971720E-02 -0.4223661E-03  0.0000000E+00  0.0000000E+00 -0.6283474E-06  0.0000000E+00
         1     7     10  0.0000000E+00  0.0000000E+00  0.0000000E+00  0.0000000E+00  0.1232653E-02  0.1000000E-02

         1     8      0  0.0000000E+00  0.0000000E+00  0.0000000E+00  0.0000000E+00  0.0000000E+00  0.0000000E+00
         1     8      1  0.0000000E+00  0.0000000E+00  0.0000000E+00  0.0000000E+00  0.0000000E+00  0.0000000E+00
         1     8      2  0.4146960E-03 -0.9385904E-04  0.0000000E+00  0.0000000E+00 -0.3164083E-07  0.0000000E+00
         1     8      3  0.6220439E-03 -0.1407886E-03  0.0000000E+00  0.0000000E+00 -0.7119187E-07  0.0000000E+00
         1     8      4  0.8293917E-03 -0.1877181E-03  0.0000000E+00  0.0000000E+00 -0.1265633E-06  0.0000000E+00
         1     8      5  0.1036739E-02 -0.2346477E-03  0.0000000E+00  0.0000000E+00 -0.1977553E-06  0.0000000E+00
         1     8      6  0.1244087E-02 -0.2815772E-03  0.0000000E+00  0.0000000E+00 -0.2847676E-06  0.0000000E+00
         1     8      7  0.1451434E-02 -0.3285068E-03  0.0000000E+00  0.0000000E+00 -0.3876004E-06  0.0000000E+00
         1     8      8  0.1658782E-02 -0.3754365E-03  0.0000000E+00  0.0000000E+00 -0.5062537E-06  0.0000000E+00
         1     8      9  0.1866128E-02 -0.4223661E-03  0.0000000E+00  0.0000000E+00 -0.6407275E-06  0.0000000E+00
         1     8     10  0.0000000E+00  0.0000000E+00  0.0000000E+00  0.0000000E+00  0.1282078E-02  0.1000000E-02

         1     9      0  0.0000000E+00  0.0000000E+00  0.0000000E+00  0.0000000E+00  0.0000000E+00  0.0000000E+00
         1     9      1  0.0000000E+00  0.0000000E+00  0.0000000E+00  0.0000000E+00  0.0000000E+00  0.0000000E+00
         1     9      2  0.3762586E-03 -0.6043327E-04  0.0000000E+00  0.0000000E+00 -0.3012479E-07  0.0000000E+00
         1     9      3  0.5643879E-03 -0.9064992E-04  0.0000000E+00  0.0000000E+00 -0.6778079E-07  0.0000000E+00
         1     9      4  0.7525170E-03 -0.1208666E-03  0.0000000E+00  0.0000000E+00 -0.1204992E-06  0.0000000E+00
         1     9      5  0.9406460E-03 -0.1510833E-03  0.0000000E+00  0.0000000E+00 -0.1882800E-06  0.0000000E+00
         1     9      6  0.1128775E-02 -0.1813000E-03  0.0000000E+00  0.0000000E+00 -0.2711233E-06  0.0000000E+00
         1     9      7  0.1316904E-02 -0.2115168E-03  0.0000000E+00  0.0000000E+00 -0.3690290E-06  0.0000000E+00
         1     9      8  0.1505032E-02 -0.2417336E-03  0.0000000E+00  0.0000000E+00 -0.4819972E-06  0.0000000E+00
         1     9      9  0.1693160E-02 -0.2719505E-03  0.0000000E+00  0.0000000E+00 -0.6100280E-06  0.0000000E+00
         1     9     10  0.0000000E+00  0.0000000E+00  0.0000000E+00  0.0000000E+00  0.1380927E-02  0.1000000E-02

         1    10      0  0.0000000E+00  0.0000000E+00  0.0000000E+00  0.0000000E+00  0.0000000E+00  0.0000000E+00
         1    10      1  0.0000000E+00  0.0000000E+00  0.0000000E+00  0.0000000E+00  0.0000000E+00  0.0000000E+00
         1    10      2  0.3528162E-03 -0.3362455E-04  0.0000000E+00  0.0000000E+00 -0.2870144E-07  0.0000000E+00
         1    10      3  0.5292242E-03 -0.5043685E-04  0.0000000E+00  0.0000000E+00 -0.6457825E-07  0.0000000E+00
         1    10      4  0.7056321E-03 -0.6724918E-04  0.0000000E+00  0.0000000E+00 -0.1148058E-06  0.0000000E+00
         1    10      5  0.8820399E-03 -0.8406155E-04  0.0000000E+00  0.0000000E+00 -0.1793841E-06  0.0000000E+00
         1    10      6  0.1058447E-02 -0.1008740E-03  0.0000000E+00  0.0000000E+00 -0.2583132E-06  0.0000000E+00
         1    10      7  0.1234855E-02 -0.1176864E-03  0.0000000E+00  0.0000000E+00 -0.3515930E-06  0.0000000E+00
         1    10      8  0.1411262E-02 -0.1344990E-03  0.0000000E+00  0.0000000E+00 -0.4592237E-06  0.0000000E+00
         1    10      9  0.1587669E-02 -0.1513116E-03  0.0000000E+00  0.0000000E+00 -0.5812053E-06  0.0000000E+00
         1    10     10  0.0000000E+00  0.0000000E+00  0.0000000E+00  0.0000000E+00  0.1479777E-02  0.1000000E-02

         1    11      0  0.0000000E+00  0.0000000E+00  0.0000000E+00  0.0000000E+00  0.0000000E+00  0.0000000E+00
         1    11      1  0.0000000E+00  0.0000000E+00  0.0000000E+00  0.0000000E+00  0.0000000E+00  0.0000000E+00
         1    11      2  0.3444101E-03 -0.3362455E-04  0.0000000E+00  0.0000000E+00 -0.2877990E-07  0.0000000E+00
         1    11      3  0.5166150E-03 -0.5043685E-04  0.0000000E+00  0.0000000E+00 -0.6475479E-07  0.0000000E+00
         1    11      4  0.6888198E-03 -0.6724918E-04  0.0000000E+00  0.0000000E+00 -0.1151196E-06  0.0000000E+00
         1    11      5  0.8610245E-03 -0.8406155E-04  0.0000000E+00  0.0000000E+00 -0.1798745E-06  0.0000000E+00
         1    11      6  0.1033229E-02 -0.1008740E-03  0.0000000E+00  0.0000000E+00 -0.2590193E-06  0.0000000E+00
         1    11      7  0.1205433E-02 -0.1176864E-03  0.0000000E+00  0.0000000E+00 -0.3525542E-06  0.0000000E+00
         1    11      8  0.1377637E-02 -0.1344990E-03  0.0000000E+00  0.0000000E+00 -0.4604791E-06  0.0000000E+00
         1    11      9  0.1549841E-02 -0.1513116E-03  0.0000000E+00  0.0000000E+00 -0.5827942E-06  0.0000000E+00
         1    11     10  0.0000000E+00  0.0000000E+00  0.0000000E+00  0.0000000E+00  0.1529201E-02  0.1000000E-02

         1    12      0  0.0000000E+00  0.0000000E+00  0.0000000E+00  0.0000000E+00  0.0000000E+00  0.0000000E+00
         1    12      1  0.0000000E+00  0.0000000E+00  0.0000000E+00  0.0000000E+00  0.0000000E+00  0.0000000E+00
         1    12      2  0.3393664E-03 -0.3362455E-04  0.0000000E+00  0.0000000E+00 -0.2882698E-07  0.0000000E+00
         1    12      3  0.5090495E-03 -0.5043685E-04  0.0000000E+00  0.0000000E+00 -0.6486071E-07  0.0000000E+00
         1    12      4  0.6787324E-03 -0.6724918E-04  0.0000000E+00  0.0000000E+00 -0.1153079E-06  0.0000000E+00
         1    12      5  0.8484152E-03 -0.8406155E-04  0.0000000E+00  0.0000000E+00 -0.1801687E-06  0.0000000E+00
         1    12      6  0.1018098E-02 -0.1008740E-03  0.0000000E+00  0.0000000E+00 -0.2594430E-06  0.0000000E+00
         1    12      7  0.1187780E-02 -0.1176864E-03  0.0000000E+00  0.0000000E+00 -0.3531309E-06  0.0000000E+00
         1    12      8  0.1357462E-02 -0.1344990E-03  0.0000000E+00  0.0000000E+00 -0.4612324E-06  0.0000000E+00
         1    12      9  0.1527144E-02 -0.1513116E-03  0.0000000E+00  0.0000000E+00 -0.5837475E-06  0.0000000E+00
         1    12     10  0.0000000E+00  0.0000000E+00  0.0000000E+00  0.0000000E+00  0.1558856E-02  0.1000000E-02

         1    13      0  0.0000000E+00  0.0000000E+00  0.0000000E+00  0.0000000E+00  0.0000000E+00  0.0000000E+00
         1    13      1  0.0000000E+00  0.0000000E+00  0.0000000E+00  0.0000000E+00  0.0000000E+00  0.0000000E+00
         1    13      2  0.3309602E-03 -0.3362455E-04  0.0000000E+00  0.0000000E+00 -0.2890544E-07  0.0000000E+00
         1    13      3  0.4964403E-03 -0.5043685E-04  0.0000000E+00  0.0000000E+00 -0.6503725E-07  0.0000000E+00
         1    13      4  0.6619201E-03 -0.6724918E-04  0.0000000E+00  0.0000000E+00 -0.1156218E-06  0.0000000E+00
         1    13      5  0.8273999E-03 -0.8406155E-04  0.0000000E+00  0.0000000E+00 -0.1806591E-06  0.0000000E+00
         1    13      6  0.9928794E-03 -0.1008740E-03  0.0000000E+00  0.0000000E+00 -0.2601492E-06  0.0000000E+00
         1    13      7  0.1158359E-02 -0.1176864E-03  0.0000000E+00  0.0000000E+00 -0.3540921E-06  0.0000000E+00
         1    13      8  0.1323838E-02 -0.1344990E-03  0.0000000E+00  0.0000000E+00 -0.4624878E-06  0.0000000E+00
         1    13      9  0.1489316E-02 -0.1513116E-03  0.0000000E+00  0.0000000E+00 -0.5853364E-06  0.0000000E+00
         1    13     10  0.0000000E+00  0.0000000E+00  0.0000000E+00  0.0000000E+00  0.1608281E-02  0.1000000E-02

         1    14      0  0.0000000E+00  0.0000000E+00  0.0000000E+00  0.0000000E+00  0.0000000E+00  0.0000000E+00
         1    14      1  0.0000000E+00  0.0000000E+00  0.0000000E+00  0.0000000E+00  0.0000000E+00  0.0000000E+00
         1    14      2  0.1698255E-03 -0.3501334E-04  0.0000000E+00  0.0000000E+00 -0.2877439E-04  0.0000000E+00
         1    14      3  0.2547362E-03 -0.5252014E-04  0.0000000E+00  0.0000000E+00 -0.4318441E-04  0.0000000E+00
         1    14      4  0.3396454E-03 -0.7002705E-04  0.0000000E+00  0.0000000E+00 -0.5760963E-04  0.0000000E+00
         1    14      5  0.4245529E-03 -0.8753406E-04  0.0000000E+00  0.0000000E+00 -0.7205004E-04  0.0000000E+00
         1    14      6  0.5094588E-03 -0.1050412E-03  0.0000000E+00  0.0000000E+00 -0.8650565E-04  0.0000000E+00
         1    14      7  0.5943629E-03 -0.1225484E-03  0.0000000E+00  0.0000000E+00 -0.1009764E-03  0.0000000E+00
         1    14      8  0.6792651E-03 -0.1400558E-03  0.0000000E+00  0.0000000E+00 -0.1154624E-03  0.0000000E+00
         1    14      9  0.7641654E-03 -0.1575634E-03  0.0000000E+00  0.0000000E+00 -0.1299635E-03  0.0000000E+00
         1    14     10  0.2674838E-03  0.1140030E-03  0.0000000E+00  0.0000000E+00  0.2524282E-02  0.1000000E-02

         1    15      0  0.0000000E+00  0.0000000E+00  0.0000000E+00  0.0000000E+00  0.0000000E+00  0.0000000E+00
         1    15      1  0.0000000E+00  0.0000000E+00  0.0000000E+00  0.0000000E+00  0.0000000E+00  0.0000000E+00
         1    15      2  0.1610722E-03 -0.3501334E-04  0.0000000E+00  0.0000000E+00 -0.2877448E-04  0.0000000E+00
         1    15      3  0.2416062E-03 -0.5252014E-04  0.0000000E+00  0.0000000E+00 -0.4318460E-04  0.0000000E+00
         1    15      4  0.3221386E-03 -0.7002705E-04  0.0000000E+00  0.0000000E+00 -0.5760997E-04  0.0000000E+00
         1    15      5  0.4026694E-03 -0.8753406E-04  0.0000000E+00  0.0000000E+00 -0.7205057E-04  0.0000000E+00
         1    15      6  0.4831985E-03 -0.1050412E-03  0.0000000E+00  0.0000000E+00 -0.8650641E-04  0.0000000E+00
         1    15      7  0.5637258E-03 -0.1225484E-03  0.0000000E+00  0.0000000E+00 -0.1009775E-03  0.0000000E+00
         1    15      8  0.6442512E-03 -0.1400558E-03  0.0000000E+00  0.0000000E+00 -0.1154638E-03  0.0000000E+00
         1    15      9  0.7247746E-03 -0.1575634E-03  0.0000000E+00  0.0000000E+00 -0.1299652E-03  0.0000000E+00
         1    15     10  0.2959688E-03  0.1140030E-03  0.0000000E+00  0.0000000E+00  0.2573706E-02  0.1000000E-02

         1    16      0  0.0000000E+00  0.0000000E+00  0.0000000E+00  0.0000000E+00  0.0000000E+00  0.0000000E+00
         1    16      1  0.0000000E+00  0.0000000E+00  0.0000000E+00  0.0000000E+00  0.0000000E+00  0.0000000E+00
         1    16      2  0.1558202E-03 -0.3501334E-04  0.0000000E+00  0.0000000E+00 -0.2877453E-04  0.0000000E+00
         1    16      3  0.2337281E-03 -0.5252014E-04  0.0000000E+00  0.0000000E+00 -0.4318471E-04  0.0000000E+00
         1    16      4  0.3116345E-03 -0.7002705E-04  0.0000000E+00  0.0000000E+00 -0.5761017E-04  0.0000000E+00
         1    16      5  0.3895393E-03 -0.8753406E-04  0.0000000E+00  0.0000000E+00 -0.7205089E-04  0.0000000E+00
         1    16      6  0.4674423E-03 -0.1050412E-03  0.0000000E+00  0.0000000E+00 -0.8650687E-04  0.0000000E+00
         1    16      7  0.5453435E-03 -0.1225484E-03  0.0000000E+00  0.0000000E+00 -0.1009781E-03  0.0000000E+00
         1    16      8  0.6232428E-03 -0.1400558E-03  0.0000000E+00  0.0000000E+00 -0.1154646E-03  0.0000000E+00
         1    16      9  0.7011401E-03 -0.1575634E-03  0.0000000E+00  0.0000000E+00 -0.1299663E-03  0.0000000E+00
         1    16     10  0.3130597E-03  0.1140030E-03  0.0000000E+00  0.0000000E+00  0.2603360E-02  0.1000000E-02

         1    17      0  0.0000000E+00  0.0000000E+00  0.0000000E+00  0.0000000E+00  0.0000000E+00  0.0000000E+00
         1    17      1  0.0000000E+00  0.0000000E+00  0.0000000E+00  0.0000000E+00  0.0000000E+00  0.0000000E+00
         1    17      2  0.1470669E-03 -0.3501334E-04  0.0000000E+00  0.0000000E+00 -0.2877461E-04  0.0000000E+00
         1    17      3  0.2205981E-03 -0.5252014E-04  0.0000000E+00  0.0000000E+00 -0.4318491E-04  0.0000000E+00
         1    17      4  0.2941278E-03 -0.7002705E-04  0.0000000E+00  0.0000000E+00 -0.5761051E-04  0.0000000E+00
         1    17      5  0.3676558E-03 -0.8753406E-04  0.0000000E+00  0.0000000E+00 -0.7205143E-04  0.0000000E+00
         1    17      6  0.4411820E-03 -0.1050412E-03  0.0000000E+00  0.0000000E+00 -0.8650764E-04  0.0000000E+00
         1    17      7  0.5147064E-03 -0.1225484E-03  0.0000000E+00  0.0000000E+00 -0.1009791E-03  0.0000000E+00
         1    17      8  0.5882288E-03 -0.1400558E-03  0.0000000E+00  0.0000000E+00 -0.1154659E-03  0.0000000E+00
         1    17      9  0.6617492E-03 -0.1575634E-03  0.0000000E+00  0.0000000E+00 -0.1299680E-03  0.0000000E+00
         1    17     10  0.3415447E-03  0.1140030E-03  0.0000000E+00  0.0000000E+00  0.2652784E-02  0.1000000E-02

         1    18      0  0.0000000E+00  0.0000000E+00  0.0000000E+00  0.0000000E+00  0.0000000E+00  0.0000000E+00
         1    18      1  0.0000000E+00  0.0000000E+00  0.0000000E+00  0.0000000E+00  0.0000000E+00  0.0000000E+00
         1    18      2  0.1267131E-03 -0.4612698E-04  0.0000000E+00  0.0000000E+00 -0.2877512E-04  0.0000000E+00
         1    18      3  0.1900675E-03 -0.6919042E-04  0.0000000E+00  0.0000000E+00 -0.4318604E-04  0.0000000E+00
         1    18      4  0.2534202E-03 -0.9225383E-04  0.0000000E+00  0.0000000E+00 -0.5761253E-04  0.0000000E+00
         1    18      5  0.3167713E-03 -0.1153172E-03  0.0000000E+00  0.0000000E+00 -0.7205458E-04  0.0000000E+00
         1    18      6  0.3801206E-03 -0.1383806E-03  0.0000000E+00  0.0000000E+00 -0.8651217E-04  0.0000000E+00
         1    18      7  0.4434680E-03 -0.1614439E-03  0.0000000E+00  0.0000000E+00 -0.1009853E-03  0.0000000E+00
         1    18      8  0.5068134E-03 -0.1845072E-03  0.0000000E+00  0.0000000E+00 -0.1154740E-03  0.0000000E+00
         1    18      9  0.5701567E-03 -0.2075705E-03  0.0000000E+00  0.0000000E+00 -0.1299782E-03  0.0000000E+00
         1    18     10  0.3912522E-03  0.8426706E-04  0.0000000E+00  0.0000000E+00  0.2751630E-02  0.1000000E-02

         1    19      0  0.0000000E+00  0.0000000E+00  0.0000000E+00  0.0000000E+00  0.0000000E+00  0.0000000E+00
         1    19      1  0.0000000E+00  0.0000000E+00  0.0000000E+00  0.0000000E+00  0.0000000E+00  0.0000000E+00
         1    19      2  0.1012503E-03 -0.5538077E-04  0.0000000E+00  0.0000000E+00 -0.2877567E-04  0.0000000E+00
         1    19      3  0.1518733E-03 -0.8307093E-04  0.0000000E+00  0.0000000E+00 -0.4318728E-04  0.0000000E+00
         1    19      4  0.2024947E-03 -0.1107609E-03  0.0000000E+00  0.0000000E+00 -0.5761473E-04  0.0000000E+00
         1    19      5  0.2531145E-03 -0.1384508E-03  0.0000000E+00  0.0000000E+00 -0.7205801E-04  0.0000000E+00
         1    19      6  0.3037326E-03 -0.1661404E-03  0.0000000E+00  0.0000000E+00 -0.8651713E-04  0.0000000E+00
         1    19      7  0.3543488E-03 -0.1938299E-03  0.0000000E+00  0.0000000E+00 -0.1009921E-03  0.0000000E+00
         1    19      8  0.4049632E-03 -0.2215193E-03  0.0000000E+00  0.0000000E+00 -0.1154828E-03  0.0000000E+00
         1    19      9  0.4555754E-03 -0.2492084E-03  0.0000000E+00  0.0000000E+00 -0.1299893E-03  0.0000000E+00
         1    19     10  0.4251988E-03  0.5113651E-04  0.0000000E+00  0.0000000E+00  0.2850477E-02  0.1000000E-02

         1    20      0  0.0000000E+00  0.0000000E+00  0.0000000E+00  0.0000000E+00  0.0000000E+00  0.0000000E+00
         1    20      1  0.0000000E+00  0.0000000E+00  0.0000000E+00  0.0000000E+00  0.0000000E+00  0.0000000E+00
         1    20      2  0.8740509E-04 -0.5538077E-04  0.0000000E+00  0.0000000E+00 -0.2877588E-04  0.0000000E+00
         1    20      3  0.1311055E-03 -0.8307093E-04  0.0000000E+00  0.0000000E+00 -0.4318776E-04  0.0000000E+00
         1    20      4  0.1748045E-03 -0.1107609E-03  0.0000000E+00  0.0000000E+00 -0.5761558E-04  0.0000000E+00
         1    20      5  0.2185018E-03 -0.1384508E-03  0.0000000E+00  0.0000000E+00 -0.7205934E-04  0.0000000E+00
         1    20      6  0.2621975E-03 -0.1661404E-03  0.0000000E+00  0.0000000E+00 -0.8651904E-04  0.0000000E+00
         1    20      7  0.3058914E-03 -0.1938299E-03  0.0000000E+00  0.0000000E+00 -0.1009947E-03  0.0000000E+00
         1    20      8  0.3495833E-03 -0.2215193E-03  0.0000000E+00  0.0000000E+00 -0.1154862E-03  0.0000000E+00
         1    20      9  0.3932733E-03 -0.2492084E-03  0.0000000E+00  0.0000000E+00 -0.1299937E-03  0.0000000E+00
         1    20     10  0.4379758E-03  0.5113651E-04  0.0000000E+00  0.0000000E+00  0.2899901E-02  0.1000000E-02

         1    21      0  0.0000000E+00  0.0000000E+00  0.0000000E+00  0.0000000E+00  0.0000000E+00  0.0000000E+00
         1    21      1  0.0000000E+00  0.0000000E+00  0.0000000E+00  0.0000000E+00  0.0000000E+00  0.0000000E+00
         1    21      2  0.7909797E-04 -0.5538077E-04  0.0000000E+00  0.0000000E+00 -0.2877601E-04  0.0000000E+00
         1    21      3  0.1186449E-03 -0.8307093E-04  0.0000000E+00  0.0000000E+00 -0.4318804E-04  0.0000000E+00
         1    21      4  0.1581904E-03 -0.1107609E-03  0.0000000E+00  0.0000000E+00 -0.5761609E-04  0.0000000E+00
         1    21      5  0.1977342E-03 -0.1384508E-03  0.0000000E+00  0.0000000E+00 -0.7206014E-04  0.0000000E+00
         1    21      6  0.2372764E-03 -0.1661404E-03  0.0000000E+00  0.0000000E+00 -0.8652019E-04  0.0000000E+00
         1    21      7  0.2768169E-03 -0.1938299E-03  0.0000000E+00  0.0000000E+00 -0.1009962E-03  0.0000000E+00
         1    21      8  0.3163555E-03 -0.2215193E-03  0.0000000E+00  0.0000000E+00 -0.1154882E-03  0.0000000E+00
         1    21      9  0.3558921E-03 -0.2492084E-03  0.0000000E+00  0.0000000E+00 -0.1299962E-03  0.0000000E+00
         1    21     10  0.4456420E-03  0.5113651E-04  0.0000000E+00  0.0000000E+00  0.2929556E-02  0.1000000E-02

         1    22      0  0.0000000E+00  0.0000000E+00  0.0000000E+00  0.0000000E+00  0.0000000E+00  0.0000000E+00
         1    22      1  0.0000000E+00  0.0000000E+00  0.0000000E+00  0.0000000E+00  0.0000000E+00  0.0000000E+00
         1    22      2  0.6525278E-04 -0.5538077E-04  0.0000000E+00  0.0000000E+00 -0.2877622E-04  0.0000000E+00
         1    22      3  0.9787718E-04 -0.8307093E-04  0.0000000E+00  0.0000000E+00 -0.4318852E-04  0.0000000E+00
         1    22      4  0.1305001E-03 -0.1107609E-03  0.0000000E+00  0.0000000E+00 -0.5761694E-04  0.0000000E+00
         1    22      5  0.1631215E-03 -0.1384508E-03  0.0000000E+00  0.0000000E+00 -0.7206147E-04  0.0000000E+00
         1    22      6  0.1957413E-03 -0.1661404E-03  0.0000000E+00  0.0000000E+00 -0.8652211E-04  0.0000000E+00
         1    22      7  0.2283594E-03 -0.1938299E-03  0.0000000E+00  0.0000000E+00 -0.1009988E-03  0.0000000E+00
         1    22      8  0.2609756E-03 -0.2215193E-03  0.0000000E+00  0.0000000E+00 -0.1154917E-03  0.0000000E+00
         1    22      9  0.2935900E-03 -0.2492084E-03  0.0000000E+00  0.0000000E+00 -0.1300005E-03  0.0000000E+00
         1    22     10  0.4584191E-03  0.5113651E-04  0.0000000E+00  0.0000000E+00  0.2978980E-02  0.1000000E-02

         1    23      0  0.0000000E+00  0.0000000E+00  0.0000000E+00  0.0000000E+00  0.0000000E+00  0.0000000E+00
         1    23      1  0.0000000E+00  0.0000000E+00  0.0000000E+00  0.0000000E+00  0.0000000E+00  0.0000000E+00
         1    23      2 -0.1939305E-03 -0.5502434E-04  0.0000000E+00  0.0000000E+00 -0.2139444E-04  0.0000000E+00
         1    23      3 -0.2908967E-03 -0.8253656E-04  0.0000000E+00  0.0000000E+00 -0.3211868E-04  0.0000000E+00
         1    23      4 -0.3878635E-03 -0.1100488E-03  0.0000000E+00  0.0000000E+00 -0.4286090E-04  0.0000000E+00
         1    23      5 -0.4848312E-03 -0.1375611E-03  0.0000000E+00  0.0000000E+00 -0.5362109E-04  0.0000000E+00
         1    23      6 -0.5817997E-03 -0.1650734E-03  0.0000000E+00  0.0000000E+00 -0.6439924E-04  0.0000000E+00
         1    23      7 -0.6787690E-03 -0.1925857E-03  0.0000000E+00  0.0000000E+00 -0.7519533E-04  0.0000000E+00
         1    23      8 -0.7757393E-03 -0.2200980E-03  0.0000000E+00  0.0000000E+00 -0.8600934E-04  0.0000000E+00
         1    23      9 -0.8727106E-03 -0.2476103E-03  0.0000000E+00  0.0000000E+00 -0.9684126E-04  0.0000000E+00
         1    23     10  0.9584066E-03  0.1619543E-03  0.0000000E+00  0.0000000E+00  0.3829058E-02  0.1000000E-02

         1    24      0  0.0000000E+00  0.0000000E+00  0.0000000E+00  0.0000000E+00  0.0000000E+00  0.0000000E+00
         1    24      1  0.0000000E+00  0.0000000E+00  0.0000000E+00  0.0000000E+00  0.0000000E+00  0.0000000E+00
         1    24      2 -0.2076866E-03 -0.5502434E-04  0.0000000E+00  0.0000000E+00 -0.2139465E-04  0.0000000E+00
         1    24      3 -0.3115308E-03 -0.8253656E-04  0.0000000E+00  0.0000000E+00 -0.3211915E-04  0.0000000E+00
         1    24      4 -0.4153758E-03 -0.1100488E-03  0.0000000E+00  0.0000000E+00 -0.4286174E-04  0.0000000E+00
         1    24      5 -0.5192215E-03 -0.1375611E-03  0.0000000E+00  0.0000000E+00 -0.5362241E-04  0.0000000E+00
         1    24      6 -0.6230680E-03 -0.1650734E-03  0.0000000E+00  0.0000000E+00 -0.6440113E-04  0.0000000E+00
         1    24      7 -0.7269154E-03 -0.1925857E-03  0.0000000E+00  0.0000000E+00 -0.7519790E-04  0.0000000E+00
         1    24      8 -0.8307638E-03 -0.2200980E-03  0.0000000E+00  0.0000000E+00 -0.8601270E-04  0.0000000E+00
         1    24      9 -0.9346132E-03 -0.2476103E-03  0.0000000E+00  0.0000000E+00 -0.9684551E-04  0.0000000E+00
         1    24     10  0.9988727E-03  0.1619543E-03  0.0000000E+00  0.0000000E+00  0.3878481E-02  0.1000000E-02

         1    25      0  0.0000000E+00  0.0000000E+00  0.0000000E+00  0.0000000E+00  0.0000000E+00  0.0000000E+00
         1    25      1  0.0000000E+00  0.0000000E+00  0.0000000E+00  0.0000000E+00  0.0000000E+00  0.0000000E+00
         1    25      2 -0.2159402E-03 -0.5502434E-04  0.0000000E+00  0.0000000E+00 -0.2139478E-04  0.0000000E+00
         1    25      3 -0.3239113E-03 -0.8253656E-04  0.0000000E+00  0.0000000E+00 -0.3211943E-04  0.0000000E+00
         1    25      4 -0.4318831E-03 -0.1100488E-03  0.0000000E+00  0.0000000E+00 -0.4286224E-04  0.0000000E+00
         1    25      5 -0.5398556E-03 -0.1375611E-03  0.0000000E+00  0.0000000E+00 -0.5362319E-04  0.0000000E+00
         1    25      6 -0.6478290E-03 -0.1650734E-03  0.0000000E+00  0.0000000E+00 -0.6440227E-04  0.0000000E+00
         1    25      7 -0.7558033E-03 -0.1925857E-03  0.0000000E+00  0.0000000E+00 -0.7519945E-04  0.0000000E+00
         1    25      8 -0.8637785E-03 -0.2200980E-03  0.0000000E+00  0.0000000E+00 -0.8601472E-04  0.0000000E+00
         1    25      9 -0.9717548E-03 -0.2476103E-03  0.0000000E+00  0.0000000E+00 -0.9684807E-04  0.0000000E+00
         1    25     10  0.1023152E-02  0.1619543E-03  0.0000000E+00  0.0000000E+00  0.3908135E-02  0.1000000E-02

         1    26      0  0.0000000E+00  0.0000000E+00  0.0000000E+00  0.0000000E+00  0.0000000E+00  0.0000000E+00
         1    26      1  0.0000000E+00  0.0000000E+00  0.0000000E+00  0.0000000E+00  0.0000000E+00  0.0000000E+00
         1    26      2 -0.2296963E-03 -0.5502434E-04  0.0000000E+00  0.0000000E+00 -0.2139499E-04  0.0000000E+00
         1    26      3 -0.3445454E-03 -0.8253656E-04  0.0000000E+00  0.0000000E+00 -0.3211991E-04  0.0000000E+00
         1    26      4 -0.4593953E-03 -0.1100488E-03  0.0000000E+00  0.0000000E+00 -0.4286309E-04  0.0000000E+00
         1    26      5 -0.5742459E-03 -0.1375611E-03  0.0000000E+00  0.0000000E+00 -0.5362451E-04  0.0000000E+00
         1    26      6 -0.6890974E-03 -0.1650734E-03  0.0000000E+00  0.0000000E+00 -0.6440416E-04  0.0000000E+00
         1    26      7 -0.8039497E-03 -0.1925857E-03  0.0000000E+00  0.0000000E+00 -0.7520202E-04  0.0000000E+00
         1    26      8 -0.9188030E-03 -0.2200980E-03  0.0000000E+00  0.0000000E+00 -0.8601808E-04  0.0000000E+00
         1    26      9 -0.1033657E-02 -0.2476103E-03  0.0000000E+00  0.0000000E+00 -0.9685232E-04  0.0000000E+00
         1    26     10  0.1063618E-02  0.1619543E-03  0.0000000E+00  0.0000000E+00  0.3957558E-02  0.1000000E-02

         1    27      0  0.0000000E+00  0.0000000E+00  0.0000000E+00  0.0000000E+00  0.0000000E+00  0.0000000E+00
         1    27      1  0.0000000E+00  0.0000000E+00  0.0000000E+00  0.0000000E+00  0.0000000E+00  0.0000000E+00
         1    27      2 -0.2616270E-03 -0.7309072E-04  0.0000000E+00  0.0000000E+00 -0.2139477E-04  0.0000000E+00
         1    27      3 -0.3924415E-03 -0.1096362E-03  0.0000000E+00  0.0000000E+00 -0.3211941E-04  0.0000000E+00
         1    27      4 -0.5232568E-03 -0.1461818E-03  0.0000000E+00  0.0000000E+00 -0.4286221E-04  0.0000000E+00
         1    27      5 -0.6540728E-03 -0.1827274E-03  0.0000000E+00  0.0000000E+00 -0.5362313E-04  0.0000000E+00
         1    27      6 -0.7848898E-03 -0.2192732E-03  0.0000000E+00  0.0000000E+00 -0.6440218E-04  0.0000000E+00
         1    27      7 -0.9157076E-03 -0.2558190E-03  0.0000000E+00  0.0000000E+00 -0.7519933E-04  0.0000000E+00
         1    27      8 -0.1046526E-02 -0.2923649E-03  0.0000000E+00  0.0000000E+00 -0.8601456E-04  0.0000000E+00
         1    27      9 -0.1177346E-02 -0.3289108E-03  0.0000000E+00  0.0000000E+00 -0.9684787E-04  0.0000000E+00
         1    27     10  0.1164706E-02  0.2438627E-03  0.0000000E+00  0.0000000E+00  0.4056418E-02  0.1000000E-02

         1    28      0  0.0000000E+00  0.0000000E+00  0.0000000E+00  0.0000000E+00  0.0000000E+00  0.0000000E+00
         1    28      1  0.0000000E+00  0.0000000E+00  0.0000000E+00  0.0000000E+00  0.0000000E+00  0.0000000E+00
         1    28      2 -0.3032372E-03 -0.9386127E-04  0.0000000E+00  0.0000000E+00 -0.2139469E-04  0.0000000E+00
         1    28      3 -0.4548569E-03 -0.1407921E-03  0.0000000E+00  0.0000000E+00 -0.3211924E-04  0.0000000E+00
         1    28      4 -0.6064774E-03 -0.1877231E-03  0.0000000E+00  0.0000000E+00 -0.4286189E-04  0.0000000E+00
         1    28      5 -0.7580987E-03 -0.2346542E-03  0.0000000E+00  0.0000000E+00 -0.5362265E-04  0.0000000E+00
         1    28      6 -0.9097210E-03 -0.2815855E-03  0.0000000E+00  0.0000000E+00 -0.6440148E-04  0.0000000E+00
         1    28      7 -0.1061344E-02 -0.3285169E-03  0.0000000E+00  0.0000000E+00 -0.7519838E-04  0.0000000E+00
         1    28      8 -0.1212968E-02 -0.3754485E-03  0.0000000E+00  0.0000000E+00 -0.8601332E-04  0.0000000E+00
         1    28      9 -0.1364594E-02 -0.4223802E-03  0.0000000E+00  0.0000000E+00 -0.9684629E-04  0.0000000E+00
         1    28     10  0.1308846E-02  0.3347853E-03  0.0000000E+00  0.0000000E+00  0.4155276E-02  0.1000000E-02

         1    29      0  0.0000000E+00  0.0000000E+00  0.0000000E+00  0.0000000E+00  0.0000000E+00  0.0000000E+00
         1    29      1  0.0000000E+00  0.0000000E+00  0.0000000E+00  0.0000000E+00  0.0000000E+00  0.0000000E+00
         1    29      2 -0.3267025E-03 -0.9386127E-04  0.0000000E+00  0.0000000E+00 -0.2139530E-04  0.0000000E+00
         1    29      3 -0.4900549E-03 -0.1407921E-03  0.0000000E+00  0.0000000E+00 -0.3212061E-04  0.0000000E+00
         1    29      4 -0.6534081E-03 -0.1877231E-03  0.0000000E+00  0.0000000E+00 -0.4286434E-04  0.0000000E+00
         1    29      5 -0.8167623E-03 -0.2346542E-03  0.0000000E+00  0.0000000E+00 -0.5362647E-04  0.0000000E+00
         1    29      6 -0.9801174E-03 -0.2815855E-03  0.0000000E+00  0.0000000E+00 -0.6440698E-04  0.0000000E+00
         1    29      7 -0.1143473E-02 -0.3285169E-03  0.0000000E+00  0.0000000E+00 -0.7520587E-04  0.0000000E+00
         1    29      8 -0.1306831E-02 -0.3754485E-03  0.0000000E+00  0.0000000E+00 -0.8602310E-04  0.0000000E+00
         1    29      9 -0.1470189E-02 -0.4223802E-03  0.0000000E+00  0.0000000E+00 -0.9685867E-04  0.0000000E+00
         1    29     10  0.1392495E-02  0.3347853E-03  0.0000000E+00  0.0000000E+00  0.4204692E-02  0.1000000E-02

         1    30      0  0.0000000E+00  0.0000000E+00  0.0000000E+00  0.0000000E+00  0.0000000E+00  0.0000000E+00
         1    30      1  0.0000000E+00  0.0000000E+00  0.0000000E+00  0.0000000E+00  0.0000000E+00  0.0000000E+00
         1    30      2 -0.3407817E-03 -0.9386127E-04  0.0000000E+00  0.0000000E+00 -0.2139567E-04  0.0000000E+00
         1    30      3 -0.5111737E-03 -0.1407921E-03  0.0000000E+00  0.0000000E+00 -0.3212144E-04  0.0000000E+00
         1    30      4 -0.6815666E-03 -0.1877231E-03  0.0000000E+00  0.0000000E+00 -0.4286581E-04  0.0000000E+00
         1    30      5 -0.8519604E-03 -0.2346542E-03  0.0000000E+00  0.0000000E+00 -0.5362876E-04  0.0000000E+00
         1    30      6 -0.1022355E-02 -0.2815855E-03  0.0000000E+00  0.0000000E+00 -0.6441028E-04  0.0000000E+00
         1    30      7 -0.1192751E-02 -0.3285169E-03  0.0000000E+00  0.0000000E+00 -0.7521036E-04  0.0000000E+00
         1    30      8 -0.1363148E-02 -0.3754485E-03  0.0000000E+00  0.0000000E+00 -0.8602897E-04  0.0000000E+00
         1    30      9 -0.1533546E-02 -0.4223802E-03  0.0000000E+00  0.0000000E+00 -0.9686610E-04  0.0000000E+00
         1    30     10  0.1442685E-02  0.3347853E-03  0.0000000E+00  0.0000000E+00  0.4234343E-02  0.1000000E-02

         1    31      0  0.0000000E+00  0.0000000E+00  0.0000000E+00  0.0000000E+00  0.0000000E+00  0.0000000E+00
         1    31      1  0.0000000E+00  0.0000000E+00  0.0000000E+00  0.0000000E+00  0.0000000E+00  0.0000000E+00
         1    31      2 -0.3642470E-03 -0.9386127E-04  0.0000000E+00  0.0000000E+00 -0.2139628E-04  0.0000000E+00
         1    31      3 -0.5463717E-03 -0.1407921E-03  0.0000000E+00  0.0000000E+00 -0.3212281E-04  0.0000000E+00
         1    31      4 -0.7284974E-03 -0.1877231E-03  0.0000000E+00  0.0000000E+00 -0.4286825E-04  0.0000000E+00
         1    31      5 -0.9106240E-03 -0.2346542E-03  0.0000000E+00  0.0000000E+00 -0.5363258E-04  0.0000000E+00
         1    31      6 -0.1092752E-02 -0.2815855E-03  0.0000000E+00  0.0000000E+00 -0.6441579E-04  0.0000000E+00
         1    31      7 -0.1274880E-02 -0.3285169E-03  0.0000000E+00  0.0000000E+00 -0.7521785E-04  0.0000000E+00
         1    31      8 -0.1457010E-02 -0.3754485E-03  0.0000000E+00  0.0000000E+00 -0.8603875E-04  0.0000000E+00
         1    31      9 -0.1639141E-02 -0.4223802E-03  0.0000000E+00  0.0000000E+00 -0.9687848E-04  0.0000000E+00
         1    31     10  0.1526335E-02  0.3347853E-03  0.0000000E+00  0.0000000E+00  0.4283760E-02  0.1000000E-02

         1    32      0  0.0000000E+00  0.0000000E+00  0.0000000E+00  0.0000000E+00  0.0000000E+00  0.0000000E+00
         1    32      1  0.0000000E+00  0.0000000E+00  0.0000000E+00  0.0000000E+00  0.0000000E+00  0.0000000E+00
         1    32      2 -0.7973670E-03 -0.9064130E-04  0.0000000E+00  0.0000000E+00  0.4526541E-04  0.0000000E+00
         1    32      3 -0.1196044E-02 -0.1359630E-03  0.0000000E+00  0.0000000E+00  0.6786050E-04  0.0000000E+00
         1    32      4 -0.1594718E-02 -0.1812854E-03  0.0000000E+00  0.0000000E+00  0.9043056E-04  0.0000000E+00
         1    32      5 -0.1993388E-02 -0.2266084E-03  0.0000000E+00  0.0000000E+00  0.1129756E-03  0.0000000E+00
         1    32      6 -0.2392054E-02 -0.2719322E-03  0.0000000E+00  0.0000000E+00  0.1354956E-03  0.0000000E+00
         1    32      7 -0.2790716E-02 -0.3172567E-03  0.0000000E+00  0.0000000E+00  0.1579907E-03  0.0000000E+00
         1    32      8 -0.3189375E-02 -0.3625818E-03  0.0000000E+00  0.0000000E+00  0.1804609E-03  0.0000000E+00
         1    32      9 -0.3588030E-02 -0.4079077E-03  0.0000000E+00  0.0000000E+00  0.2029061E-03  0.0000000E+00
         1    32     10  0.3335141E-02  0.4360421E-03  0.0000000E+00  0.0000000E+00  0.4936105E-02  0.1000000E-02

         1    33      0  0.0000000E+00  0.0000000E+00  0.0000000E+00  0.0000000E+00  0.0000000E+00  0.0000000E+00
         1    33      1  0.0000000E+00  0.0000000E+00  0.0000000E+00  0.0000000E+00  0.0000000E+00  0.0000000E+00
         1    33      2 -0.8200273E-03 -0.9064130E-04  0.0000000E+00  0.0000000E+00  0.4526484E-04  0.0000000E+00
         1    33      3 -0.1230035E-02 -0.1359630E-03  0.0000000E+00  0.0000000E+00  0.6785922E-04  0.0000000E+00
         1    33      4 -0.1640039E-02 -0.1812854E-03  0.0000000E+00  0.0000000E+00  0.9042828E-04  0.0000000E+00
         1    33      5 -0.2050040E-02 -0.2266084E-03  0.0000000E+00  0.0000000E+00  0.1129720E-03  0.0000000E+00
         1    33      6 -0.2460037E-02 -0.2719322E-03  0.0000000E+00  0.0000000E+00  0.1354905E-03  0.0000000E+00
         1    33      7 -0.2870030E-02 -0.3172567E-03  0.0000000E+00  0.0000000E+00  0.1579837E-03  0.0000000E+00
         1    33      8 -0.3280020E-02 -0.3625818E-03  0.0000000E+00  0.0000000E+00  0.1804517E-03  0.0000000E+00
         1    33      9 -0.3690007E-02 -0.4079077E-03  0.0000000E+00  0.0000000E+00  0.2028945E-03  0.0000000E+00
         1    33     10  0.3444091E-02  0.4360421E-03  0.0000000E+00  0.0000000E+00  0.4985516E-02  0.1000000E-02

         1    34      0  0.0000000E+00  0.0000000E+00  0.0000000E+00  0.0000000E+00  0.0000000E+00  0.0000000E+00
         1    34      1  0.0000000E+00  0.0000000E+00  0.0000000E+00  0.0000000E+00  0.0000000E+00  0.0000000E+00
         1    34      2 -0.8336235E-03 -0.9064130E-04  0.0000000E+00  0.0000000E+00  0.4526449E-04  0.0000000E+00
         1    34      3 -0.1250430E-02 -0.1359630E-03  0.0000000E+00  0.0000000E+00  0.6785845E-04  0.0000000E+00
         1    34      4 -0.1667232E-02 -0.1812854E-03  0.0000000E+00  0.0000000E+00  0.9042691E-04  0.0000000E+00
         1    34      5 -0.2084031E-02 -0.2266084E-03  0.0000000E+00  0.0000000E+00  0.1129699E-03  0.0000000E+00
         1    34      6 -0.2500827E-02 -0.2719322E-03  0.0000000E+00  0.0000000E+00  0.1354874E-03  0.0000000E+00
         1    34      7 -0.2917619E-02 -0.3172567E-03  0.0000000E+00  0.0000000E+00  0.1579795E-03  0.0000000E+00
         1    34      8 -0.3334408E-02 -0.3625818E-03  0.0000000E+00  0.0000000E+00  0.1804463E-03  0.0000000E+00
         1    34      9 -0.3751193E-02 -0.4079077E-03  0.0000000E+00  0.0000000E+00  0.2028876E-03  0.0000000E+00
         1    34     10  0.3509461E-02  0.4360421E-03  0.0000000E+00  0.0000000E+00  0.5015163E-02  0.1000000E-02

         1    35      0  0.0000000E+00  0.0000000E+00  0.0000000E+00  0.0000000E+00  0.0000000E+00  0.0000000E+00
         1    35      1  0.0000000E+00  0.0000000E+00  0.0000000E+00  0.0000000E+00  0.0000000E+00  0.0000000E+00
         1    35      2 -0.8562838E-03 -0.9064130E-04  0.0000000E+00  0.0000000E+00  0.4526392E-04  0.0000000E+00
         1    35      3 -0.1284420E-02 -0.1359630E-03  0.0000000E+00  0.0000000E+00  0.6785717E-04  0.0000000E+00
         1    35      4 -0.1712554E-02 -0.1812854E-03  0.0000000E+00  0.0000000E+00  0.9042463E-04  0.0000000E+00
         1    35      5 -0.2140683E-02 -0.2266084E-03  0.0000000E+00  0.0000000E+00  0.1129663E-03  0.0000000E+00
         1    35      6 -0.2568810E-02 -0.2719322E-03  0.0000000E+00  0.0000000E+00  0.1354823E-03  0.0000000E+00
         1    35      7 -0.2996933E-02 -0.3172567E-03  0.0000000E+00  0.0000000E+00  0.1579726E-03  0.0000000E+00
         1    35      8 -0.3425053E-02 -0.3625818E-03  0.0000000E+00  0.0000000E+00  0.1804371E-03  0.0000000E+00
         1    35      9 -0.3853170E-02 -0.4079077E-03  0.0000000E+00  0.0000000E+00  0.2028760E-03  0.0000000E+00
         1    35     10  0.3618411E-02  0.4360421E-03  0.0000000E+00  0.0000000E+00  0.5064575E-02  0.1000000E-02

         1    36      0  0.0000000E+00  0.0000000E+00  0.0000000E+00  0.0000000E+00  0.0000000E+00  0.0000000E+00
         1    36      1  0.0000000E+00  0.0000000E+00  0.0000000E+00  0.0000000E+00  0.0000000E+00  0.0000000E+00
         1    36      2 -0.8840367E-03 -0.1999592E-04  0.0000000E+00  0.0000000E+00  0.4525245E-04  0.0000000E+00
         1    36      3 -0.1326050E-02 -0.2999532E-04  0.0000000E+00  0.0000000E+00  0.6783134E-04  0.0000000E+00
         1    36      4 -0.1768061E-02 -0.3999567E-04  0.0000000E+00  0.0000000E+00  0.9037872E-04  0.0000000E+00
         1    36      5 -0.2210069E-02 -0.4999695E-04  0.0000000E+00  0.0000000E+00  0.1128946E-03  0.0000000E+00
         1    36      6 -0.2652074E-02 -0.5999918E-04  0.0000000E+00  0.0000000E+00  0.1353790E-03  0.0000000E+00
         1    36      7 -0.3094076E-02 -0.7000233E-04  0.0000000E+00  0.0000000E+00  0.1578320E-03  0.0000000E+00
         1    36      8 -0.3536075E-02 -0.8000641E-04  0.0000000E+00  0.0000000E+00  0.1802535E-03  0.0000000E+00
         1    36      9 -0.3978071E-02 -0.9001140E-04  0.0000000E+00  0.0000000E+00  0.2026436E-03  0.0000000E+00
         1    36     10  0.3761965E-02  0.1365556E-03  0.0000000E+00  0.0000000E+00  0.5163214E-02  0.1000000E-02

         1    37      0  0.0000000E+00  0.0000000E+00  0.0000000E+00  0.0000000E+00  0.0000000E+00  0.0000000E+00
         1    37      1  0.0000000E+00  0.0000000E+00  0.0000000E+00  0.0000000E+00  0.0000000E+00  0.0000000E+00
         1    37      2 -0.8761452E-03  0.5145569E-04  0.0000000E+00  0.0000000E+00  0.4524111E-04  0.0000000E+00
         1    37      3 -0.1314214E-02  0.7718176E-04  0.0000000E+00  0.0000000E+00  0.6780583E-04  0.0000000E+00
         1    37      4 -0.1752280E-02  0.1029067E-03  0.0000000E+00  0.0000000E+00  0.9033337E-04  0.0000000E+00
         1    37      5 -0.2190344E-02  0.1286304E-03  0.0000000E+00  0.0000000E+00  0.1128237E-03  0.0000000E+00
         1    37      6 -0.2628405E-02  0.1543530E-03  0.0000000E+00  0.0000000E+00  0.1352770E-03  0.0000000E+00
         1    37      7 -0.3066464E-02  0.1800745E-03  0.0000000E+00  0.0000000E+00  0.1576931E-03  0.0000000E+00
         1    37      8 -0.3504521E-02  0.2057949E-03  0.0000000E+00  0.0000000E+00  0.1800721E-03  0.0000000E+00
         1    37      9 -0.3942576E-02  0.2315142E-03  0.0000000E+00  0.0000000E+00  0.2024140E-03  0.0000000E+00
         1    37     10  0.3753973E-02 -0.1684318E-03  0.0000000E+00  0.0000000E+00  0.5261858E-02  0.1000000E-02

         1    38      0  0.0000000E+00  0.0000000E+00  0.0000000E+00  0.0000000E+00  0.0000000E+00  0.0000000E+00
         1    38      1  0.0000000E+00  0.0000000E+00  0.0000000E+00  0.0000000E+00  0.0000000E+00  0.0000000E+00
         1    38      2 -0.8632813E-03  0.5145569E-04  0.0000000E+00  0.0000000E+00  0.4524093E-04  0.0000000E+00
         1    38      3 -0.1294918E-02  0.7718176E-04  0.0000000E+00  0.0000000E+00  0.6780542E-04  0.0000000E+00
         1    38      4 -0.1726553E-02  0.1029067E-03  0.0000000E+00  0.0000000E+00  0.9033263E-04  0.0000000E+00
         1    38      5 -0.2158186E-02  0.1286304E-03  0.0000000E+00  0.0000000E+00  0.1128226E-03  0.0000000E+00
         1    38      6 -0.2589817E-02  0.1543530E-03  0.0000000E+00  0.0000000E+00  0.1352753E-03  0.0000000E+00
         1    38      7 -0.3021446E-02  0.1800745E-03  0.0000000E+00  0.0000000E+00  0.1576908E-03  0.0000000E+00
         1    38      8 -0.3453073E-02  0.2057949E-03  0.0000000E+00  0.0000000E+00  0.1800692E-03  0.0000000E+00
         1    38      9 -0.3884697E-02  0.2315142E-03  0.0000000E+00  0.0000000E+00  0.2024103E-03  0.0000000E+00
         1    38     10  0.3711889E-02 -0.1684318E-03  0.0000000E+00  0.0000000E+00  0.5311281E-02  0.1000000E-02

         1    39      0  0.0000000E+00  0.0000000E+00  0.0000000E+00  0.0000000E+00  0.0000000E+00  0.0000000E+00
         1    39      1  0.0000000E+00  0.0000000E+00  0.0000000E+00  0.0000000E+00  0.0000000E+00  0.0000000E+00
         1    39      2 -0.8555629E-03  0.5145569E-04  0.0000000E+00  0.0000000E+00  0.4524081E-04  0.0000000E+00
         1    39      3 -0.1283341E-02  0.7718176E-04  0.0000000E+00  0.0000000E+00  0.6780517E-04  0.0000000E+00
         1    39      4 -0.1711117E-02  0.1029067E-03  0.0000000E+00  0.0000000E+00  0.9033219E-04  0.0000000E+00
         1    39      5 -0.2138892E-02  0.1286304E-03  0.0000000E+00  0.0000000E+00  0.1128219E-03  0.0000000E+00
         1    39      6 -0.2566664E-02  0.1543530E-03  0.0000000E+00  0.0000000E+00  0.1352743E-03  0.0000000E+00
         1    39      7 -0.2994435E-02  0.1800745E-03  0.0000000E+00  0.0000000E+00  0.1576895E-03  0.0000000E+00
         1    39      8 -0.3422203E-02  0.2057949E-03  0.0000000E+00  0.0000000E+00  0.1800674E-03  0.0000000E+00
         1    39      9 -0.3849970E-02  0.2315142E-03  0.0000000E+00  0.0000000E+00  0.2024081E-03  0.0000000E+00
         1    39     10  0.3686638E-02 -0.1684318E-03  0.0000000E+00  0.0000000E+00  0.5340935E-02  0.1000000E-02

         1    40      0  0.0000000E+00  0.0000000E+00  0.0000000E+00  0.0000000E+00  0.0000000E+00  0.0000000E+00
         1    40      1  0.0000000E+00  0.0000000E+00  0.0000000E+00  0.0000000E+00  0.0000000E+00  0.0000000E+00
         1    40      2 -0.8426990E-03  0.5145569E-04  0.0000000E+00  0.0000000E+00  0.4524063E-04  0.0000000E+00
         1    40      3 -0.1264046E-02  0.7718176E-04  0.0000000E+00  0.0000000E+00  0.6780476E-04  0.0000000E+00
         1    40      4 -0.1685391E-02  0.1029067E-03  0.0000000E+00  0.0000000E+00  0.9033146E-04  0.0000000E+00
         1    40      5 -0.2106734E-02  0.1286304E-03  0.0000000E+00  0.0000000E+00  0.1128208E-03  0.0000000E+00
         1    40      6 -0.2528076E-02  0.1543530E-03  0.0000000E+00  0.0000000E+00  0.1352727E-03  0.0000000E+00
         1    40      7 -0.2949416E-02  0.1800745E-03  0.0000000E+00  0.0000000E+00  0.1576872E-03  0.0000000E+00
         1    40      8 -0.3370755E-02  0.2057949E-03  0.0000000E+00  0.0000000E+00  0.1800645E-03  0.0000000E+00
         1    40      9 -0.3792092E-02  0.2315142E-03  0.0000000E+00  0.0000000E+00  0.2024044E-03  0.0000000E+00
         1    40     10  0.3644553E-02 -0.1684318E-03  0.0000000E+00  0.0000000E+00  0.5390357E-02  0.1000000E-02

         1    41      0  0.0000000E+00  0.0000000E+00  0.0000000E+00  0.0000000E+00  0.0000000E+00  0.0000000E+00
         1    41      1  0.0000000E+00  0.0000000E+00  0.0000000E+00  0.0000000E+00  0.0000000E+00  0.0000000E+00
         1    41      2 -0.5917795E-03  0.5543300E-04  0.0000000E+00  0.0000000E+00  0.1275710E-03  0.0000000E+00
         1    41      3 -0.8876827E-03  0.8314747E-04  0.0000000E+00  0.0000000E+00  0.1912972E-03  0.0000000E+00
         1    41      4 -0.1183595E-02  0.1108606E-03  0.0000000E+00  0.0000000E+00  0.2549839E-03  0.0000000E+00
         1    41      5 -0.1479516E-02  0.1385724E-03  0.0000000E+00  0.0000000E+00  0.3186311E-03  0.0000000E+00
         1    41      6 -0.1775446E-02  0.1662829E-03  0.0000000E+00  0.0000000E+00  0.3822388E-03  0.0000000E+00
         1    41      7 -0.2071385E-02  0.1939921E-03  0.0000000E+00  0.0000000E+00  0.4458072E-03  0.0000000E+00
         1    41      8 -0.2367333E-02  0.2217000E-03  0.0000000E+00  0.0000000E+00  0.5093361E-03  0.0000000E+00
         1    41      9 -0.2663290E-02  0.2494067E-03  0.0000000E+00  0.0000000E+00  0.5728257E-03  0.0000000E+00
         1    41     10  0.3079586E-02 -0.7231879E-04  0.0000000E+00  0.0000000E+00  0.5936046E-02  0.1000000E-02

         1    42      0  0.0000000E+00  0.0000000E+00  0.0000000E+00  0.0000000E+00  0.0000000E+00  0.0000000E+00
         1    42      1  0.0000000E+00  0.0000000E+00  0.0000000E+00  0.0000000E+00  0.0000000E+00  0.0000000E+00
         1    42      2 -0.5779213E-03  0.5543300E-04  0.0000000E+00  0.0000000E+00  0.1275708E-03  0.0000000E+00
         1    42      3 -0.8668959E-03  0.8314747E-04  0.0000000E+00  0.0000000E+00  0.1912967E-03  0.0000000E+00
         1    42      4 -0.1155880E-02  0.1108606E-03  0.0000000E+00  0.0000000E+00  0.2549830E-03  0.0000000E+00
         1    42      5 -0.1444873E-02  0.1385724E-03  0.0000000E+00  0.0000000E+00  0.3186297E-03  0.0000000E+00
         1    42      6 -0.1733875E-02  0.1662829E-03  0.0000000E+00  0.0000000E+00  0.3822369E-03  0.0000000E+00
         1    42      7 -0.2022887E-02  0.1939921E-03  0.0000000E+00  0.0000000E+00  0.4458046E-03  0.0000000E+00
         1    42      8 -0.2311908E-02  0.2217000E-03  0.0000000E+00  0.0000000E+00  0.5093327E-03  0.0000000E+00
         1    42      9 -0.2600938E-02  0.2494067E-03  0.0000000E+00  0.0000000E+00  0.5728214E-03  0.0000000E+00
         1    42     10  0.3061516E-02 -0.7231879E-04  0.0000000E+00  0.0000000E+00  0.5985470E-02  0.1000000E-02

         1    43      0  0.0000000E+00  0.0000000E+00  0.0000000E+00  0.0000000E+00  0.0000000E+00  0.0000000E+00
         1    43      1  0.0000000E+00  0.0000000E+00  0.0000000E+00  0.0000000E+00  0.0000000E+00  0.0000000E+00
         1    43      2 -0.5696063E-03  0.5543300E-04  0.0000000E+00  0.0000000E+00  0.1275706E-03  0.0000000E+00
         1    43      3 -0.8544238E-03  0.8314747E-04  0.0000000E+00  0.0000000E+00  0.1912964E-03  0.0000000E+00
         1    43      4 -0.1139251E-02  0.1108606E-03  0.0000000E+00  0.0000000E+00  0.2549825E-03  0.0000000E+00
         1    43      5 -0.1424087E-02  0.1385724E-03  0.0000000E+00  0.0000000E+00  0.3186289E-03  0.0000000E+00
         1    43      6 -0.1708933E-02  0.1662829E-03  0.0000000E+00  0.0000000E+00  0.3822358E-03  0.0000000E+00
         1    43      7 -0.1993788E-02  0.1939921E-03  0.0000000E+00  0.0000000E+00  0.4458030E-03  0.0000000E+00
         1    43      8 -0.2278653E-02  0.2217000E-03  0.0000000E+00  0.0000000E+00  0.5093307E-03  0.0000000E+00
         1    43      9 -0.2563527E-02  0.2494067E-03  0.0000000E+00  0.0000000E+00  0.5728188E-03  0.0000000E+00
         1    43     10  0.3050674E-02 -0.7231879E-04  0.0000000E+00  0.0000000E+00  0.6015125E-02  0.1000000E-02

         1    44      0  0.0000000E+00  0.0000000E+00  0.0000000E+00  0.0000000E+00  0.0000000E+00  0.0000000E+00
         1    44      1  0.0000000E+00  0.0000000E+00  0.0000000E+00  0.0000000E+00  0.0000000E+00  0.0000000E+00
         1    44      2 -0.5557481E-03  0.5543300E-04  0.0000000E+00  0.0000000E+00  0.1275704E-03  0.0000000E+00
         1    44      3 -0.8336369E-03  0.8314747E-04  0.0000000E+00  0.0000000E+00  0.1912959E-03  0.0000000E+00
         1    44      4 -0.1111536E-02  0.1108606E-03  0.0000000E+00  0.0000000E+00  0.2549816E-03  0.0000000E+00
         1    44      5 -0.1389444E-02  0.1385724E-03  0.0000000E+00  0.0000000E+00  0.3186276E-03  0.0000000E+00
         1    44      6 -0.1667362E-02  0.1662829E-03  0.0000000E+00  0.0000000E+00  0.3822338E-03  0.0000000E+00
         1    44      7 -0.1945290E-02  0.1939921E-03  0.0000000E+00  0.0000000E+00  0.4458004E-03  0.0000000E+00
         1    44      8 -0.2223228E-02  0.2217000E-03  0.0000000E+00  0.0000000E+00  0.5093272E-03  0.0000000E+00
         1    44      9 -0.2501176E-02  0.2494067E-03  0.0000000E+00  0.0000000E+00  0.5728145E-03  0.0000000E+00
         1    44     10  0.3032604E-02 -0.7231879E-04  0.0000000E+00  0.0000000E+00  0.6064549E-02  0.1000000E-02

         1    45      0  0.0000000E+00  0.0000000E+00  0.0000000E+00  0.0000000E+00  0.0000000E+00  0.0000000E+00
         1    45      1  0.0000000E+00  0.0000000E+00  0.0000000E+00  0.0000000E+00  0.0000000E+00  0.0000000E+00
         1    45      2 -0.5381415E-03  0.1520973E-04  0.0000000E+00  0.0000000E+00  0.1275741E-03  0.0000000E+00
         1    45      3 -0.8072283E-03  0.2281142E-04  0.0000000E+00  0.0000000E+00  0.1913043E-03  0.0000000E+00
         1    45      4 -0.1076326E-02  0.3041103E-04  0.0000000E+00  0.0000000E+00  0.2549965E-03  0.0000000E+00
         1    45      5 -0.1345434E-02  0.3800856E-04  0.0000000E+00  0.0000000E+00  0.3186508E-03  0.0000000E+00
         1    45      6 -0.1614553E-02  0.4560404E-04  0.0000000E+00  0.0000000E+00  0.3822673E-03  0.0000000E+00
         1    45      7 -0.1883682E-02  0.5319747E-04  0.0000000E+00  0.0000000E+00  0.4458459E-03  0.0000000E+00
         1    45      8 -0.2152822E-02  0.6078887E-04  0.0000000E+00  0.0000000E+00  0.5093867E-03  0.0000000E+00
         1    45      9 -0.2421973E-02  0.6837826E-04  0.0000000E+00  0.0000000E+00  0.5728898E-03  0.0000000E+00
         1    45     10  0.3052291E-02  0.1513490E-03  0.0000000E+00  0.0000000E+00  0.6163518E-02  0.1000000E-02

         1    46      0  0.0000000E+00  0.0000000E+00  0.0000000E+00  0.0000000E+00  0.0000000E+00  0.0000000E+00
         1    46      1  0.0000000E+00  0.0000000E+00  0.0000000E+00  0.0000000E+00  0.0000000E+00  0.0000000E+00
         1    46      2 -0.5404447E-03 -0.2445083E-04  0.0000000E+00  0.0000000E+00  0.1275779E-03  0.0000000E+00
         1    46      3 -0.8106850E-03 -0.3668066E-04  0.0000000E+00  0.0000000E+00  0.1913128E-03  0.0000000E+00
         1    46      4 -0.1080937E-02 -0.4891341E-04  0.0000000E+00  0.0000000E+00  0.2550116E-03  0.0000000E+00
         1    46      5 -0.1351201E-02 -0.6114907E-04  0.0000000E+00  0.0000000E+00  0.3186745E-03  0.0000000E+00
         1    46      6 -0.1621477E-02 -0.7338761E-04  0.0000000E+00  0.0000000E+00  0.3823013E-03  0.0000000E+00
         1    46      7 -0.1891765E-02 -0.8562901E-04  0.0000000E+00  0.0000000E+00  0.4458922E-03  0.0000000E+00
         1    46      8 -0.2162065E-02 -0.9787326E-04  0.0000000E+00  0.0000000E+00  0.5094472E-03  0.0000000E+00
         1    46      9 -0.2432376E-02 -0.1101203E-03  0.0000000E+00  0.0000000E+00  0.5729663E-03  0.0000000E+00
         1    46     10  0.3184800E-02  0.3806111E-03  0.0000000E+00  0.0000000E+00  0.6262484E-02  0.1000000E-02

         1    47      0  0.0000000E+00  0.0000000E+00  0.0000000E+00  0.0000000E+00  0.0000000E+00  0.0000000E+00
         1    47      1  0.0000000E+00  0.0000000E+00  0.0000000E+00  0.0000000E+00  0.0000000E+00  0.0000000E+00
         1    47      2 -0.5465574E-03 -0.2445083E-04  0.0000000E+00  0.0000000E+00  0.1275779E-03  0.0000000E+00
         1    47      3 -0.8198551E-03 -0.3668066E-04  0.0000000E+00  0.0000000E+00  0.1913127E-03  0.0000000E+00
         1    47      4 -0.1093166E-02 -0.4891341E-04  0.0000000E+00  0.0000000E+00  0.2550115E-03  0.0000000E+00
         1    47      5 -0.1366489E-02 -0.6114907E-04  0.0000000E+00  0.0000000E+00  0.3186742E-03  0.0000000E+00
         1    47      6 -0.1639824E-02 -0.7338761E-04  0.0000000E+00  0.0000000E+00  0.3823009E-03  0.0000000E+00
         1    47      7 -0.1913172E-02 -0.8562901E-04  0.0000000E+00  0.0000000E+00  0.4458917E-03  0.0000000E+00
         1    47      8 -0.2186533E-02 -0.9787326E-04  0.0000000E+00  0.0000000E+00  0.5094466E-03  0.0000000E+00
         1    47      9 -0.2459906E-02 -0.1101203E-03  0.0000000E+00  0.0000000E+00  0.5729655E-03  0.0000000E+00
         1    47     10  0.3279900E-02  0.3806111E-03  0.0000000E+00  0.0000000E+00  0.6311899E-02  0.1000000E-02

         1    48      0  0.0000000E+00  0.0000000E+00  0.0000000E+00  0.0000000E+00  0.0000000E+00  0.0000000E+00
         1    48      1  0.0000000E+00  0.0000000E+00  0.0000000E+00  0.0000000E+00  0.0000000E+00  0.0000000E+00
         1    48      2 -0.5502250E-03 -0.2445083E-04  0.0000000E+00  0.0000000E+00  0.1275779E-03  0.0000000E+00
         1    48      3 -0.8253572E-03 -0.3668066E-04  0.0000000E+00  0.0000000E+00  0.1913126E-03  0.0000000E+00
         1    48      4 -0.1100503E-02 -0.4891341E-04  0.0000000E+00  0.0000000E+00  0.2550114E-03  0.0000000E+00
         1    48      5 -0.1375661E-02 -0.6114907E-04  0.0000000E+00  0.0000000E+00  0.3186740E-03  0.0000000E+00
         1    48      6 -0.1650832E-02 -0.7338761E-04  0.0000000E+00  0.0000000E+00  0.3823007E-03  0.0000000E+00
         1    48      7 -0.1926017E-02 -0.8562901E-04  0.0000000E+00  0.0000000E+00  0.4458914E-03  0.0000000E+00
         1    48      8 -0.2201214E-02 -0.9787326E-04  0.0000000E+00  0.0000000E+00  0.5094462E-03  0.0000000E+00
         1    48      9 -0.2476424E-02 -0.1101203E-03  0.0000000E+00  0.0000000E+00  0.5729650E-03  0.0000000E+00
         1    48     10  0.3336960E-02  0.3806111E-03  0.0000000E+00  0.0000000E+00  0.6341548E-02  0.1000000E-02

         1    49      0  0.0000000E+00  0.0000000E+00  0.0000000E+00  0.0000000E+00  0.0000000E+00  0.0000000E+00
         1    49      1  0.0000000E+00  0.0000000E+00  0.0000000E+00  0.0000000E+00  0.0000000E+00  0.0000000E+00
         1    49      2 -0.5563377E-03 -0.2445083E-04  0.0000000E+00  0.0000000E+00  0.1275778E-03  0.0000000E+00
         1    49      3 -0.8345274E-03 -0.3668066E-04  0.0000000E+00  0.0000000E+00  0.1913125E-03  0.0000000E+00
         1    49      4 -0.1112731E-02 -0.4891341E-04  0.0000000E+00  0.0000000E+00  0.2550112E-03  0.0000000E+00
         1    49      5 -0.1390948E-02 -0.6114907E-04  0.0000000E+00  0.0000000E+00  0.3186738E-03  0.0000000E+00
         1    49      6 -0.1669179E-02 -0.7338761E-04  0.0000000E+00  0.0000000E+00  0.3823003E-03  0.0000000E+00
         1    49      7 -0.1947424E-02 -0.8562901E-04  0.0000000E+00  0.0000000E+00  0.4458909E-03  0.0000000E+00
         1    49      8 -0.2225682E-02 -0.9787326E-04  0.0000000E+00  0.0000000E+00  0.5094455E-03  0.0000000E+00
         1    49      9 -0.2503954E-02 -0.1101203E-03  0.0000000E+00  0.0000000E+00  0.5729641E-03  0.0000000E+00
         1    49     10  0.3432060E-02  0.3806111E-03  0.0000000E+00  0.0000000E+00  0.6390963E-02  0.1000000E-02

         1    50      0  0.0000000E+00  0.0000000E+00  0.0000000E+00  0.0000000E+00  0.0000000E+00  0.0000000E+00
         1    50      1  0.0000000E+00  0.0000000E+00  0.0000000E+00  0.0000000E+00  0.0000000E+00  0.0000000E+00
         1    50      2 -0.6631959E-03 -0.2106924E-04  0.0000000E+00  0.0000000E+00  0.1975743E-03  0.0000000E+00
         1    50      3 -0.9948326E-03 -0.3160817E-04  0.0000000E+00  0.0000000E+00  0.2963095E-03  0.0000000E+00
         1    50      4 -0.1326495E-02 -0.4214996E-04  0.0000000E+00  0.0000000E+00  0.3950101E-03  0.0000000E+00
         1    50      5 -0.1658183E-02 -0.5269458E-04  0.0000000E+00  0.0000000E+00  0.4936761E-03  0.0000000E+00
         1    50      6 -0.1989896E-02 -0.6324202E-04  0.0000000E+00  0.0000000E+00  0.5923075E-03  0.0000000E+00
         1    50      7 -0.2321634E-02 -0.7379225E-04  0.0000000E+00  0.0000000E+00  0.6909044E-03  0.0000000E+00
         1    50      8 -0.2653398E-02 -0.8434527E-04  0.0000000E+00  0.0000000E+00  0.7894667E-03  0.0000000E+00
         1    50      9 -0.2985186E-02 -0.9490104E-04  0.0000000E+00  0.0000000E+00  0.8879945E-03  0.0000000E+00
         1    50     10  0.5430127E-02  0.4707793E-03  0.0000000E+00  0.0000000E+00  0.6813802E-02  0.1000000E-02

         1    51      0  0.0000000E+00  0.0000000E+00  0.0000000E+00  0.0000000E+00  0.0000000E+00  0.0000000E+00
         1    51      1  0.0000000E+00  0.0000000E+00  0.0000000E+00  0.0000000E+00  0.0000000E+00  0.0000000E+00
         1    51      2 -0.6684632E-03 -0.2106924E-04  0.0000000E+00  0.0000000E+00  0.1975743E-03  0.0000000E+00
         1    51      3 -0.1002735E-02 -0.3160817E-04  0.0000000E+00  0.0000000E+00  0.2963094E-03  0.0000000E+00
         1    51      4 -0.1337032E-02 -0.4214996E-04  0.0000000E+00  0.0000000E+00  0.3950100E-03  0.0000000E+00
         1    51      5 -0.1671356E-02 -0.5269458E-04  0.0000000E+00  0.0000000E+00  0.4936759E-03  0.0000000E+00
         1    51      6 -0.2005707E-02 -0.6324202E-04  0.0000000E+00  0.0000000E+00  0.5923072E-03  0.0000000E+00
         1    51      7 -0.2340083E-02 -0.7379225E-04  0.0000000E+00  0.0000000E+00  0.6909040E-03  0.0000000E+00
         1    51      8 -0.2674484E-02 -0.8434527E-04  0.0000000E+00  0.0000000E+00  0.7894662E-03  0.0000000E+00
         1    51      9 -0.3008912E-02 -0.9490104E-04  0.0000000E+00  0.0000000E+00  0.8879939E-03  0.0000000E+00
         1    51     10  0.5547757E-02  0.4707793E-03  0.0000000E+00  0.0000000E+00  0.6863212E-02  0.1000000E-02

         1    52      0  0.0000000E+00  0.0000000E+00  0.0000000E+00  0.0000000E+00  0.0000000E+00  0.0000000E+00
         1    52      1  0.0000000E+00  0.0000000E+00  0.0000000E+00  0.0000000E+00  0.0000000E+00  0.0000000E+00
         1    52      2 -0.6716236E-03 -0.2106924E-04  0.0000000E+00  0.0000000E+00  0.1975742E-03  0.0000000E+00
         1    52      3 -0.1007476E-02 -0.3160817E-04  0.0000000E+00  0.0000000E+00  0.2963094E-03  0.0000000E+00
         1    52      4 -0.1343355E-02 -0.4214996E-04  0.0000000E+00  0.0000000E+00  0.3950099E-03  0.0000000E+00
         1    52      5 -0.1679261E-02 -0.5269458E-04  0.0000000E+00  0.0000000E+00  0.4936758E-03  0.0000000E+00
         1    52      6 -0.2015193E-02 -0.6324202E-04  0.0000000E+00  0.0000000E+00  0.5923071E-03  0.0000000E+00
         1    52      7 -0.2351151E-02 -0.7379225E-04  0.0000000E+00  0.0000000E+00  0.6909038E-03  0.0000000E+00
         1    52      8 -0.2687136E-02 -0.8434527E-04  0.0000000E+00  0.0000000E+00  0.7894659E-03  0.0000000E+00
         1    52      9 -0.3023147E-02 -0.9490104E-04  0.0000000E+00  0.0000000E+00  0.8879935E-03  0.0000000E+00
         1    52     10  0.5618334E-02  0.4707793E-03  0.0000000E+00  0.0000000E+00  0.6892857E-02  0.1000000E-02

         1    53      0  0.0000000E+00  0.0000000E+00  0.0000000E+00  0.0000000E+00  0.0000000E+00  0.0000000E+00
         1    53      1  0.0000000E+00  0.0000000E+00  0.0000000E+00  0.0000000E+00  0.0000000E+00  0.0000000E+00
         1    53      2 -0.6768909E-03 -0.2106924E-04  0.0000000E+00  0.0000000E+00  0.1975742E-03  0.0000000E+00
         1    53      3 -0.1015378E-02 -0.3160817E-04  0.0000000E+00  0.0000000E+00  0.2963093E-03  0.0000000E+00
         1    53      4 -0.1353892E-02 -0.4214996E-04  0.0000000E+00  0.0000000E+00  0.3950098E-03  0.0000000E+00
         1    53      5 -0.1692434E-02 -0.5269458E-04  0.0000000E+00  0.0000000E+00  0.4936756E-03  0.0000000E+00
         1    53      6 -0.2031003E-02 -0.6324202E-04  0.0000000E+00  0.0000000E+00  0.5923068E-03  0.0000000E+00
         1    53      7 -0.2369599E-02 -0.7379225E-04  0.0000000E+00  0.0000000E+00  0.6909034E-03  0.0000000E+00
         1    53      8 -0.2708222E-02 -0.8434527E-04  0.0000000E+00  0.0000000E+00  0.7894654E-03  0.0000000E+00
         1    53      9 -0.3046872E-02 -0.9490104E-04  0.0000000E+00  0.0000000E+00  0.8879929E-03  0.0000000E+00
         1    53     10  0.5735964E-02  0.4707793E-03  0.0000000E+00  0.0000000E+00  0.6942267E-02  0.1000000E-02

         1    54      0  0.0000000E+00  0.0000000E+00  0.0000000E+00  0.0000000E+00  0.0000000E+00  0.0000000E+00
         1    54      1  0.0000000E+00  0.0000000E+00  0.0000000E+00  0.0000000E+00  0.0000000E+00  0.0000000E+00
         1    54      2 -0.6737085E-03  0.3375606E-04  0.0000000E+00  0.0000000E+00  0.1975675E-03  0.0000000E+00
         1    54      3 -0.1010606E-02  0.5063321E-04  0.0000000E+00  0.0000000E+00  0.2962943E-03  0.0000000E+00
         1    54      4 -0.1347531E-02  0.6750977E-04  0.0000000E+00  0.0000000E+00  0.3949831E-03  0.0000000E+00
         1    54      5 -0.1684485E-02  0.8438576E-04  0.0000000E+00  0.0000000E+00  0.4936339E-03  0.0000000E+00
         1    54      6 -0.2021466E-02  0.1012612E-03  0.0000000E+00  0.0000000E+00  0.5922468E-03  0.0000000E+00
         1    54      7 -0.2358476E-02  0.1181360E-03  0.0000000E+00  0.0000000E+00  0.6908218E-03  0.0000000E+00
         1    54      8 -0.2695513E-02  0.1350103E-03  0.0000000E+00  0.0000000E+00  0.7893588E-03  0.0000000E+00
         1    54      9 -0.3032578E-02  0.1518841E-03  0.0000000E+00  0.0000000E+00  0.8878579E-03  0.0000000E+00
         1    54     10  0.5854109E-02  0.4680494E-06  0.0000000E+00  0.0000000E+00  0.7040619E-02  0.1000000E-02

         1    55      0  0.0000000E+00  0.0000000E+00  0.0000000E+00  0.0000000E+00  0.0000000E+00  0.0000000E+00
         1    55      1  0.0000000E+00  0.0000000E+00  0.0000000E+00  0.0000000E+00  0.0000000E+00  0.0000000E+00
         1    55      2 -0.6433620E-03  0.8722032E-04  0.0000000E+00  0.0000000E+00  0.1975607E-03  0.0000000E+00
         1    55      3 -0.9650854E-03  0.1308331E-03  0.0000000E+00  0.0000000E+00  0.2962789E-03  0.0000000E+00
         1    55      4 -0.1286837E-02  0.1744475E-03  0.0000000E+00  0.0000000E+00  0.3949557E-03  0.0000000E+00
         1    55      5 -0.1608616E-02  0.2180636E-03  0.0000000E+00  0.0000000E+00  0.4935912E-03  0.0000000E+00
         1    55      6 -0.1930424E-02  0.2616815E-03  0.0000000E+00  0.0000000E+00  0.5921852E-03  0.0000000E+00
         1    55      7 -0.2252258E-02  0.3053011E-03  0.0000000E+00  0.0000000E+00  0.6907379E-03  0.0000000E+00
         1    55      8 -0.2574120E-02  0.3489223E-03  0.0000000E+00  0.0000000E+00  0.7892493E-03  0.0000000E+00
         1    55      9 -0.2896010E-02  0.3925452E-03  0.0000000E+00  0.0000000E+00  0.8877193E-03  0.0000000E+00
         1    55     10  0.5736429E-02 -0.4698621E-03  0.0000000E+00  0.0000000E+00  0.7138972E-02  0.1000000E-02

         1    56      0  0.0000000E+00  0.0000000E+00  0.0000000E+00  0.0000000E+00  0.0000000E+00  0.0000000E+00
         1    56      1  0.0000000E+00  0.0000000E+00  0.0000000E+00  0.0000000E+00  0.0000000E+00  0.0000000E+00
         1    56      2 -0.6215569E-03  0.8722032E-04  0.0000000E+00  0.0000000E+00  0.1975602E-03  0.0000000E+00
         1    56      3 -0.9323772E-03  0.1308331E-03  0.0000000E+00  0.0000000E+00  0.2962777E-03  0.0000000E+00
         1    56      4 -0.1243225E-02  0.1744475E-03  0.0000000E+00  0.0000000E+00  0.3949536E-03  0.0000000E+00
         1    56      5 -0.1554100E-02  0.2180636E-03  0.0000000E+00  0.0000000E+00  0.4935879E-03  0.0000000E+00
         1    56      6 -0.1865003E-02  0.2616815E-03  0.0000000E+00  0.0000000E+00  0.5921805E-03  0.0000000E+00
         1    56      7 -0.2175933E-02  0.3053011E-03  0.0000000E+00  0.0000000E+00  0.6907315E-03  0.0000000E+00
         1    56      8 -0.2486890E-02  0.3489223E-03  0.0000000E+00  0.0000000E+00  0.7892408E-03  0.0000000E+00
         1    56      9 -0.2797874E-02  0.3925452E-03  0.0000000E+00  0.0000000E+00  0.8877086E-03  0.0000000E+00
         1    56     10  0.5619028E-02 -0.4698621E-03  0.0000000E+00  0.0000000E+00  0.7188381E-02  0.1000000E-02

         1    57      0  0.0000000E+00  0.0000000E+00  0.0000000E+00  0.0000000E+00  0.0000000E+00  0.0000000E+00
         1    57      1  0.0000000E+00  0.0000000E+00  0.0000000E+00  0.0000000E+00  0.0000000E+00  0.0000000E+00
         1    57      2 -0.6084739E-03  0.8722032E-04  0.0000000E+00  0.0000000E+00  0.1975599E-03  0.0000000E+00
         1    57      3 -0.9127522E-03  0.1308331E-03  0.0000000E+00  0.0000000E+00  0.2962770E-03  0.0000000E+00
         1    57      4 -0.1217058E-02  0.1744475E-03  0.0000000E+00  0.0000000E+00  0.3949524E-03  0.0000000E+00
         1    57      5 -0.1521391E-02  0.2180636E-03  0.0000000E+00  0.0000000E+00  0.4935859E-03  0.0000000E+00
         1    57      6 -0.1825751E-02  0.2616815E-03  0.0000000E+00  0.0000000E+00  0.5921776E-03  0.0000000E+00
         1    57      7 -0.2130138E-02  0.3053011E-03  0.0000000E+00  0.0000000E+00  0.6907276E-03  0.0000000E+00
         1    57      8 -0.2434552E-02  0.3489223E-03  0.0000000E+00  0.0000000E+00  0.7892358E-03  0.0000000E+00
         1    57      9 -0.2738992E-02  0.3925452E-03  0.0000000E+00  0.0000000E+00  0.8877022E-03  0.0000000E+00
         1    57     10  0.5548588E-02 -0.4698621E-03  0.0000000E+00  0.0000000E+00  0.7218027E-02  0.1000000E-02

         1    58      0  0.0000000E+00  0.0000000E+00  0.0000000E+00  0.0000000E+00  0.0000000E+00  0.0000000E+00
         1    58      1  0.0000000E+00  0.0000000E+00  0.0000000E+00  0.0000000E+00  0.0000000E+00  0.0000000E+00
         1    58      2 -0.5866688E-03  0.8722032E-04  0.0000000E+00  0.0000000E+00  0.1975593E-03  0.0000000E+00
         1    58      3 -0.8800440E-03  0.1308331E-03  0.0000000E+00  0.0000000E+00  0.2962758E-03  0.0000000E+00
         1    58      4 -0.1173446E-02  0.1744475E-03  0.0000000E+00  0.0000000E+00  0.3949503E-03  0.0000000E+00
         1    58      5 -0.1466875E-02  0.2180636E-03  0.0000000E+00  0.0000000E+00  0.4935826E-03  0.0000000E+00
         1    58      6 -0.1760331E-02  0.2616815E-03  0.0000000E+00  0.0000000E+00  0.5921729E-03  0.0000000E+00
         1    58      7 -0.2053813E-02  0.3053011E-03  0.0000000E+00  0.0000000E+00  0.6907211E-03  0.0000000E+00
         1    58      8 -0.2347321E-02  0.3489223E-03  0.0000000E+00  0.0000000E+00  0.7892273E-03  0.0000000E+00
         1    58      9 -0.2640856E-02  0.3925452E-03  0.0000000E+00  0.0000000E+00  0.8876915E-03  0.0000000E+00
         1    58     10  0.5431188E-02 -0.4698621E-03  0.0000000E+00  0.0000000E+00  0.7267436E-02  0.1000000E-02

         1    59      0  0.0000000E+00  0.0000000E+00  0.0000000E+00  0.0000000E+00  0.0000000E+00  0.0000000E+00
         1    59      1  0.0000000E+00  0.0000000E+00  0.0000000E+00  0.0000000E+00  0.0000000E+00  0.0000000E+00
         1    59      2 -0.1722271E-03  0.8932369E-04  0.0000000E+00  0.0000000E+00  0.2411075E-03  0.0000000E+00
         1    59      3 -0.2583769E-03  0.1339876E-03  0.0000000E+00  0.0000000E+00  0.3615946E-03  0.0000000E+00
         1    59      4 -0.3445506E-03  0.1786528E-03  0.0000000E+00  0.0000000E+00  0.4820372E-03  0.0000000E+00
         1    59      5 -0.4307482E-03  0.2233194E-03  0.0000000E+00  0.0000000E+00  0.6024355E-03  0.0000000E+00
         1    59      6 -0.5169695E-03  0.2679874E-03  0.0000000E+00  0.0000000E+00  0.7227893E-03  0.0000000E+00
         1    59      7 -0.6032144E-03  0.3126567E-03  0.0000000E+00  0.0000000E+00  0.8430987E-03  0.0000000E+00
         1    59      8 -0.6894827E-03  0.3573273E-03  0.0000000E+00  0.0000000E+00  0.9633636E-03  0.0000000E+00
         1    59      9 -0.7757744E-03  0.4019993E-03  0.0000000E+00  0.0000000E+00  0.1083584E-02  0.0000000E+00
         1    59     10  0.3437384E-02 -0.3797115E-03  0.0000000E+00  0.0000000E+00  0.7689911E-02  0.1000000E-02

         1    60      0  0.0000000E+00  0.0000000E+00  0.0000000E+00  0.0000000E+00  0.0000000E+00  0.0000000E+00
         1    60      1  0.0000000E+00  0.0000000E+00  0.0000000E+00  0.0000000E+00  0.0000000E+00  0.0000000E+00
         1    60      2 -0.1498962E-03  0.8932369E-04  0.0000000E+00  0.0000000E+00  0.2411069E-03  0.0000000E+00
         1    60      3 -0.2248800E-03  0.1339876E-03  0.0000000E+00  0.0000000E+00  0.3615933E-03  0.0000000E+00
         1    60      4 -0.2998874E-03  0.1786528E-03  0.0000000E+00  0.0000000E+00  0.4820350E-03  0.0000000E+00
         1    60      5 -0.3749184E-03  0.2233194E-03  0.0000000E+00  0.0000000E+00  0.6024320E-03  0.0000000E+00
         1    60      6 -0.4499727E-03  0.2679874E-03  0.0000000E+00  0.0000000E+00  0.7227843E-03  0.0000000E+00
         1    60      7 -0.5250502E-03  0.3126567E-03  0.0000000E+00  0.0000000E+00  0.8430919E-03  0.0000000E+00
         1    60      8 -0.6001509E-03  0.3573273E-03  0.0000000E+00  0.0000000E+00  0.9633548E-03  0.0000000E+00
         1    60      9 -0.6752745E-03  0.4019993E-03  0.0000000E+00  0.0000000E+00  0.1083573E-02  0.0000000E+00
         1    60     10  0.3342509E-02 -0.3797115E-03  0.0000000E+00  0.0000000E+00  0.7739326E-02  0.1000000E-02

         1    61      0  0.0000000E+00  0.0000000E+00  0.0000000E+00  0.0000000E+00  0.0000000E+00  0.0000000E+00
         1    61      1  0.0000000E+00  0.0000000E+00  0.0000000E+00  0.0000000E+00  0.0000000E+00  0.0000000E+00
         1    61      2 -0.1364976E-03  0.8932369E-04  0.0000000E+00  0.0000000E+00  0.2411066E-03  0.0000000E+00
         1    61      3 -0.2047819E-03  0.1339876E-03  0.0000000E+00  0.0000000E+00  0.3615926E-03  0.0000000E+00
         1    61      4 -0.2730895E-03  0.1786528E-03  0.0000000E+00  0.0000000E+00  0.4820337E-03  0.0000000E+00
         1    61      5 -0.3414204E-03  0.2233194E-03  0.0000000E+00  0.0000000E+00  0.6024299E-03  0.0000000E+00
         1    61      6 -0.4097746E-03  0.2679874E-03  0.0000000E+00  0.0000000E+00  0.7227813E-03  0.0000000E+00
         1    61      7 -0.4781517E-03  0.3126567E-03  0.0000000E+00  0.0000000E+00  0.8430878E-03  0.0000000E+00
         1    61      8 -0.5465518E-03  0.3573273E-03  0.0000000E+00  0.0000000E+00  0.9633495E-03  0.0000000E+00
         1    61      9 -0.6149747E-03  0.4019993E-03  0.0000000E+00  0.0000000E+00  0.1083566E-02  0.0000000E+00
         1    61     10  0.3285584E-02 -0.3797115E-03  0.0000000E+00  0.0000000E+00  0.7768975E-02  0.1000000E-02

         1    62      0  0.0000000E+00  0.0000000E+00  0.0000000E+00  0.0000000E+00  0.0000000E+00  0.0000000E+00
         1    62      1  0.0000000E+00  0.0000000E+00  0.0000000E+00  0.0000000E+00  0.0000000E+00  0.0000000E+00
         1    62      2 -0.1141667E-03  0.8932369E-04  0.0000000E+00  0.0000000E+00  0.2411060E-03  0.0000000E+00
         1    62      3 -0.1712850E-03  0.1339876E-03  0.0000000E+00  0.0000000E+00  0.3615913E-03  0.0000000E+00
         1    62      4 -0.2284263E-03  0.1786528E-03  0.0000000E+00  0.0000000E+00  0.4820315E-03  0.0000000E+00
         1    62      5 -0.2855906E-03  0.2233194E-03  0.0000000E+00  0.0000000E+00  0.6024265E-03  0.0000000E+00
         1    62      6 -0.3427777E-03  0.2679874E-03  0.0000000E+00  0.0000000E+00  0.7227763E-03  0.0000000E+00
         1    62      7 -0.3999875E-03  0.3126567E-03  0.0000000E+00  0.0000000E+00  0.8430810E-03  0.0000000E+00
         1    62      8 -0.4572200E-03  0.3573273E-03  0.0000000E+00  0.0000000E+00  0.9633406E-03  0.0000000E+00
         1    62      9 -0.5144748E-03  0.4019993E-03  0.0000000E+00  0.0000000E+00  0.1083555E-02  0.0000000E+00
         1    62     10  0.3190709E-02 -0.3797115E-03  0.0000000E+00  0.0000000E+00  0.7818389E-02  0.1000000E-02

         1    63      0  0.0000000E+00  0.0000000E+00  0.0000000E+00  0.0000000E+00  0.0000000E+00  0.0000000E+00
         1    63      1  0.0000000E+00  0.0000000E+00  0.0000000E+00  0.0000000E+00  0.0000000E+00  0.0000000E+00
         1    63      2 -0.7134175E-04  0.8250238E-04  0.0000000E+00  0.0000000E+00  0.2411051E-03  0.0000000E+00
         1    63      3 -0.1070471E-03  0.1237531E-03  0.0000000E+00  0.0000000E+00  0.3615893E-03  0.0000000E+00
         1    63      4 -0.1427753E-03  0.1650034E-03  0.0000000E+00  0.0000000E+00  0.4820279E-03  0.0000000E+00
         1    63      5 -0.1785262E-03  0.2062534E-03  0.0000000E+00  0.0000000E+00  0.6024208E-03  0.0000000E+00
         1    63      6 -0.2142997E-03  0.2475032E-03  0.0000000E+00  0.0000000E+00  0.7227682E-03  0.0000000E+00
         1    63      7 -0.2500957E-03  0.2887525E-03  0.0000000E+00  0.0000000E+00  0.8430700E-03  0.0000000E+00
         1    63      8 -0.2859139E-03  0.3300016E-03  0.0000000E+00  0.0000000E+00  0.9633261E-03  0.0000000E+00
         1    63      9 -0.3217544E-03  0.3712504E-03  0.0000000E+00  0.0000000E+00  0.1083537E-02  0.0000000E+00
         1    63     10  0.3058761E-02 -0.1499943E-03  0.0000000E+00  0.0000000E+00  0.7917356E-02  0.1000000E-02

         1    64      0  0.0000000E+00  0.0000000E+00  0.0000000E+00  0.0000000E+00  0.0000000E+00  0.0000000E+00
         1    64      1  0.0000000E+00  0.0000000E+00  0.0000000E+00  0.0000000E+00  0.0000000E+00  0.0000000E+00
         1    64      2 -0.3115624E-04  0.7873344E-04  0.0000000E+00  0.0000000E+00  0.2411043E-03  0.0000000E+00
         1    64      3 -0.4676975E-04  0.1180971E-03  0.0000000E+00  0.0000000E+00  0.3615873E-03  0.0000000E+00
         1    64      4 -0.6240667E-04  0.1574587E-03  0.0000000E+00  0.0000000E+00  0.4820244E-03  0.0000000E+00
         1    64      5 -0.7806689E-04  0.1968183E-03  0.0000000E+00  0.0000000E+00  0.6024155E-03  0.0000000E+00
         1    64      6 -0.9375026E-04  0.2361759E-03  0.0000000E+00  0.0000000E+00  0.7227605E-03  0.0000000E+00
         1    64      7 -0.1094567E-03  0.2755315E-03  0.0000000E+00  0.0000000E+00  0.8430594E-03  0.0000000E+00
         1    64      8 -0.1251860E-03  0.3148851E-03  0.0000000E+00  0.0000000E+00  0.9633124E-03  0.0000000E+00
         1    64      9 -0.1409380E-03  0.3542368E-03  0.0000000E+00  0.0000000E+00  0.1083519E-02  0.0000000E+00
         1    64     10  0.3039875E-02  0.7417854E-04  0.0000000E+00  0.0000000E+00  0.8016326E-02  0.1000000E-02

         1    65      0  0.0000000E+00  0.0000000E+00  0.0000000E+00  0.0000000E+00  0.0000000E+00  0.0000000E+00
         1    65      1  0.0000000E+00  0.0000000E+00  0.0000000E+00  0.0000000E+00  0.0000000E+00  0.0000000E+00
         1    65      2 -0.1147288E-04  0.7873344E-04  0.0000000E+00  0.0000000E+00  0.2411038E-03  0.0000000E+00
         1    65      3 -0.1724547E-04  0.1180971E-03  0.0000000E+00  0.0000000E+00  0.3615864E-03  0.0000000E+00
         1    65      4 -0.2304200E-04  0.1574587E-03  0.0000000E+00  0.0000000E+00  0.4820227E-03  0.0000000E+00
         1    65      5 -0.2886231E-04  0.1968183E-03  0.0000000E+00  0.0000000E+00  0.6024128E-03  0.0000000E+00
         1    65      6 -0.3470629E-04  0.2361759E-03  0.0000000E+00  0.0000000E+00  0.7227566E-03  0.0000000E+00
         1    65      7 -0.4057379E-04  0.2755315E-03  0.0000000E+00  0.0000000E+00  0.8430542E-03  0.0000000E+00
         1    65      8 -0.4646469E-04  0.3148851E-03  0.0000000E+00  0.0000000E+00  0.9633055E-03  0.0000000E+00
         1    65      9 -0.5237884E-04  0.3542368E-03  0.0000000E+00  0.0000000E+00  0.1083511E-02  0.0000000E+00
         1    65     10  0.3058410E-02  0.7417854E-04  0.0000000E+00  0.0000000E+00  0.8065750E-02  0.1000000E-02

         1    66      0  0.0000000E+00  0.0000000E+00  0.0000000E+00  0.0000000E+00  0.0000000E+00  0.0000000E+00
         1    66      1  0.0000000E+00  0.0000000E+00  0.0000000E+00  0.0000000E+00  0.0000000E+00  0.0000000E+00
         1    66      2  0.3371369E-06  0.7873344E-04  0.0000000E+00  0.0000000E+00  0.2411036E-03  0.0000000E+00
         1    66      3  0.4690878E-06  0.1180971E-03  0.0000000E+00  0.0000000E+00  0.3615858E-03  0.0000000E+00
         1    66      4  0.5768075E-06  0.1574587E-03  0.0000000E+00  0.0000000E+00  0.4820217E-03  0.0000000E+00
         1    66      5  0.6604314E-06  0.1968183E-03  0.0000000E+00  0.0000000E+00  0.6024111E-03  0.0000000E+00
         1    66      6  0.7200950E-06  0.2361759E-03  0.0000000E+00  0.0000000E+00  0.7227543E-03  0.0000000E+00
         1    66      7  0.7559338E-06  0.2755315E-03  0.0000000E+00  0.0000000E+00  0.8430510E-03  0.0000000E+00
         1    66      8  0.7680831E-06  0.3148851E-03  0.0000000E+00  0.0000000E+00  0.9633014E-03  0.0000000E+00
         1    66      9  0.7566784E-06  0.3542368E-03  0.0000000E+00  0.0000000E+00  0.1083505E-02  0.0000000E+00
         1    66     10  0.3069530E-02  0.7417854E-04  0.0000000E+00  0.0000000E+00  0.8095405E-02  0.1000000E-02

         1    67      0  0.0000000E+00  0.0000000E+00  0.0000000E+00  0.0000000E+00  0.0000000E+00  0.0000000E+00
         1    67      1  0.0000000E+00  0.0000000E+00  0.0000000E+00  0.0000000E+00  0.0000000E+00  0.0000000E+00
         1    67      2  0.2002050E-04  0.7873344E-04  0.0000000E+00  0.0000000E+00  0.2411031E-03  0.0000000E+00
         1    67      3  0.2999336E-04  0.1180971E-03  0.0000000E+00  0.0000000E+00  0.3615848E-03  0.0000000E+00
         1    67      4  0.3994148E-04  0.1574587E-03  0.0000000E+00  0.0000000E+00  0.4820199E-03  0.0000000E+00
         1    67      5  0.4986501E-04  0.1968183E-03  0.0000000E+00  0.0000000E+00  0.6024085E-03  0.0000000E+00
         1    67      6  0.5976407E-04  0.2361759E-03  0.0000000E+00  0.0000000E+00  0.7227504E-03  0.0000000E+00
         1    67      7  0.6963881E-04  0.2755315E-03  0.0000000E+00  0.0000000E+00  0.8430457E-03  0.0000000E+00
         1    67      8  0.7948936E-04  0.3148851E-03  0.0000000E+00  0.0000000E+00  0.9632945E-03  0.0000000E+00
         1    67      9  0.8931587E-04  0.3542368E-03  0.0000000E+00  0.0000000E+00  0.1083497E-02  0.0000000E+00
         1    67     10  0.3088065E-02  0.7417854E-04  0.0000000E+00  0.0000000E+00  0.8144829E-02  0.1000000E-02

         1    68      0  0.0000000E+00  0.0000000E+00  0.0000000E+00  0.0000000E+00  0.0000000E+00  0.0000000E+00
         1    68      1  0.0000000E+00  0.0000000E+00  0.0000000E+00  0.0000000E+00  0.0000000E+00  0.0000000E+00
         1    68      2  0.3870381E-03  0.7760392E-04  0.0000000E+00  0.0000000E+00  0.2177310E-03  0.0000000E+00
         1    68      3  0.5805075E-03  0.1164025E-03  0.0000000E+00  0.0000000E+00  0.3265255E-03  0.0000000E+00
         1    68      4  0.7739441E-03  0.1551988E-03  0.0000000E+00  0.0000000E+00  0.4352727E-03  0.0000000E+00
         1    68      5  0.9673481E-03  0.1939928E-03  0.0000000E+00  0.0000000E+00  0.5439726E-03  0.0000000E+00
         1    68      6  0.1160720E-02  0.2327846E-03  0.0000000E+00  0.0000000E+00  0.6526251E-03  0.0000000E+00
         1    68      7  0.1354059E-02  0.2715742E-03  0.0000000E+00  0.0000000E+00  0.7612303E-03  0.0000000E+00
         1    68      8  0.1547367E-02  0.3103616E-03  0.0000000E+00  0.0000000E+00  0.8697880E-03  0.0000000E+00
         1    68      9  0.1740642E-02  0.3491468E-03  0.0000000E+00  0.0000000E+00  0.9782983E-03  0.0000000E+00
         1    68     10  0.3661595E-02  0.1702208E-03  0.0000000E+00  0.0000000E+00  0.8689053E-02  0.1000000E-02

         1    69      0  0.0000000E+00  0.0000000E+00  0.0000000E+00  0.0000000E+00  0.0000000E+00  0.0000000E+00
         1    69      1  0.0000000E+00  0.0000000E+00  0.0000000E+00  0.0000000E+00  0.0000000E+00  0.0000000E+00
         1    69      2  0.4064390E-03  0.7760392E-04  0.0000000E+00  0.0000000E+00  0.2177305E-03  0.0000000E+00
         1    69      3  0.6096081E-03  0.1164025E-03  0.0000000E+00  0.0000000E+00  0.3265246E-03  0.0000000E+00
         1    69      4  0.8127438E-03  0.1551988E-03  0.0000000E+00  0.0000000E+00  0.4352711E-03  0.0000000E+00
         1    69      5  0.1015846E-02  0.1939928E-03  0.0000000E+00  0.0000000E+00  0.5439700E-03  0.0000000E+00
         1    69      6  0.1218916E-02  0.2327846E-03  0.0000000E+00  0.0000000E+00  0.6526214E-03  0.0000000E+00
         1    69      7  0.1421953E-02  0.2715742E-03  0.0000000E+00  0.0000000E+00  0.7612252E-03  0.0000000E+00
         1    69      8  0.1624957E-02  0.3103616E-03  0.0000000E+00  0.0000000E+00  0.8697813E-03  0.0000000E+00
         1    69      9  0.1827929E-02  0.3491468E-03  0.0000000E+00  0.0000000E+00  0.9782899E-03  0.0000000E+00
         1    69     10  0.3704127E-02  0.1702208E-03  0.0000000E+00  0.0000000E+00  0.8738476E-02  0.1000000E-02

         1    70      0  0.0000000E+00  0.0000000E+00  0.0000000E+00  0.0000000E+00  0.0000000E+00  0.0000000E+00
         1    70      1  0.0000000E+00  0.0000000E+00  0.0000000E+00  0.0000000E+00  0.0000000E+00  0.0000000E+00
         1    70      2  0.4180796E-03  0.7760392E-04  0.0000000E+00  0.0000000E+00  0.2177303E-03  0.0000000E+00
         1    70      3  0.6270685E-03  0.1164025E-03  0.0000000E+00  0.0000000E+00  0.3265240E-03  0.0000000E+00
         1    70      4  0.8360236E-03  0.1551988E-03  0.0000000E+00  0.0000000E+00  0.4352701E-03  0.0000000E+00
         1    70      5  0.1044945E-02  0.1939928E-03  0.0000000E+00  0.0000000E+00  0.5439684E-03  0.0000000E+00
         1    70      6  0.1253834E-02  0.2327846E-03  0.0000000E+00  0.0000000E+00  0.6526191E-03  0.0000000E+00
         1    70      7  0.1462689E-02  0.2715742E-03  0.0000000E+00  0.0000000E+00  0.7612221E-03  0.0000000E+00
         1    70      8  0.1671511E-02  0.3103616E-03  0.0000000E+00  0.0000000E+00  0.8697773E-03  0.0000000E+00
         1    70      9  0.1880301E-02  0.3491468E-03  0.0000000E+00  0.0000000E+00  0.9782848E-03  0.0000000E+00
         1    70     10  0.3729646E-02  0.1702208E-03  0.0000000E+00  0.0000000E+00  0.8768130E-02  0.1000000E-02

         1    71      0  0.0000000E+00  0.0000000E+00  0.0000000E+00  0.0000000E+00  0.0000000E+00  0.0000000E+00
         1    71      1  0.0000000E+00  0.0000000E+00  0.0000000E+00  0.0000000E+00  0.0000000E+00  0.0000000E+00
         1    71      2  0.4374806E-03  0.7760392E-04  0.0000000E+00  0.0000000E+00  0.2177299E-03  0.0000000E+00
         1    71      3  0.6561691E-03  0.1164025E-03  0.0000000E+00  0.0000000E+00  0.3265231E-03  0.0000000E+00
         1    71      4  0.8748233E-03  0.1551988E-03  0.0000000E+00  0.0000000E+00  0.4352684E-03  0.0000000E+00
         1    71      5  0.1093443E-02  0.1939928E-03  0.0000000E+00  0.0000000E+00  0.5439658E-03  0.0000000E+00
         1    71      6  0.1312030E-02  0.2327846E-03  0.0000000E+00  0.0000000E+00  0.6526154E-03  0.0000000E+00
         1    71      7  0.1530582E-02  0.2715742E-03  0.0000000E+00  0.0000000E+00  0.7612170E-03  0.0000000E+00
         1    71      8  0.1749102E-02  0.3103616E-03  0.0000000E+00  0.0000000E+00  0.8697706E-03  0.0000000E+00
         1    71      9  0.1967588E-02  0.3491468E-03  0.0000000E+00  0.0000000E+00  0.9782763E-03  0.0000000E+00
         1    71     10  0.3772177E-02  0.1702208E-03  0.0000000E+00  0.0000000E+00  0.8817552E-02  0.1000000E-02

         1    72      0  0.0000000E+00  0.0000000E+00  0.0000000E+00  0.0000000E+00  0.0000000E+00  0.0000000E+00
         1    72      1  0.0000000E+00  0.0000000E+00  0.0000000E+00  0.0000000E+00  0.0000000E+00  0.0000000E+00
         1    72      2  0.4672018E-03  0.4087987E-04  0.0000000E+00  0.0000000E+00  0.2177264E-03  0.0000000E+00
         1    72      3  0.7007503E-03  0.6132063E-04  0.0000000E+00  0.0000000E+00  0.3265152E-03  0.0000000E+00
         1    72      4  0.9342640E-03  0.8176192E-04  0.0000000E+00  0.0000000E+00  0.4352545E-03  0.0000000E+00
         1    72      5  0.1167743E-02  0.1022038E-03  0.0000000E+00  0.0000000E+00  0.5439441E-03  0.0000000E+00
         1    72      6  0.1401188E-02  0.1226461E-03  0.0000000E+00  0.0000000E+00  0.6525841E-03  0.0000000E+00
         1    72      7  0.1634599E-02  0.1430890E-03  0.0000000E+00  0.0000000E+00  0.7611744E-03  0.0000000E+00
         1    72      8  0.1867976E-02  0.1635324E-03  0.0000000E+00  0.0000000E+00  0.8697151E-03  0.0000000E+00
         1    72      9  0.2101320E-02  0.1839764E-03  0.0000000E+00  0.0000000E+00  0.9782060E-03  0.0000000E+00
         1    72     10  0.3780690E-02 -0.1362652E-03  0.0000000E+00  0.0000000E+00  0.8916194E-02  0.1000000E-02

         1    73      0  0.0000000E+00  0.0000000E+00  0.0000000E+00  0.0000000E+00  0.0000000E+00  0.0000000E+00
         1    73      1  0.0000000E+00  0.0000000E+00  0.0000000E+00  0.0000000E+00  0.0000000E+00  0.0000000E+00
         1    73      2  0.4780854E-03  0.2507533E-05  0.0000000E+00  0.0000000E+00  0.2177231E-03  0.0000000E+00
         1    73      3  0.7170771E-03  0.3766320E-05  0.0000000E+00  0.0000000E+00  0.3265078E-03  0.0000000E+00
         1    73      4  0.9560351E-03  0.5028424E-05  0.0000000E+00  0.0000000E+00  0.4352412E-03  0.0000000E+00
         1    73      5  0.1194960E-02  0.6293825E-05  0.0000000E+00  0.0000000E+00  0.5439233E-03  0.0000000E+00
         1    73      6  0.1433851E-02  0.7562499E-05  0.0000000E+00  0.0000000E+00  0.6525542E-03  0.0000000E+00
         1    73      7  0.1672709E-02  0.8834426E-05  0.0000000E+00  0.0000000E+00  0.7611337E-03  0.0000000E+00
         1    73      8  0.1911534E-02  0.1010958E-04  0.0000000E+00  0.0000000E+00  0.8696619E-03  0.0000000E+00
         1    73      9  0.2150326E-02  0.1138795E-04  0.0000000E+00  0.0000000E+00  0.9781387E-03  0.0000000E+00
         1    73     10  0.3636903E-02 -0.4372620E-03  0.0000000E+00  0.0000000E+00  0.9014832E-02  0.1000000E-02

         1    74      0  0.0000000E+00  0.0000000E+00  0.0000000E+00  0.0000000E+00  0.0000000E+00  0.0000000E+00
         1    74      1  0.0000000E+00  0.0000000E+00  0.0000000E+00  0.0000000E+00  0.0000000E+00  0.0000000E+00
         1    74      2  0.4787123E-03  0.2507533E-05  0.0000000E+00  0.0000000E+00  0.2177231E-03  0.0000000E+00
         1    74      3  0.7180187E-03  0.3766320E-05  0.0000000E+00  0.0000000E+00  0.3265078E-03  0.0000000E+00
         1    74      4  0.9572922E-03  0.5028424E-05  0.0000000E+00  0.0000000E+00  0.4352412E-03  0.0000000E+00
         1    74      5  0.1196533E-02  0.6293825E-05  0.0000000E+00  0.0000000E+00  0.5439233E-03  0.0000000E+00
         1    74      6  0.1435741E-02  0.7562499E-05  0.0000000E+00  0.0000000E+00  0.6525542E-03  0.0000000E+00
         1    74      7  0.1674917E-02  0.8834426E-05  0.0000000E+00  0.0000000E+00  0.7611337E-03  0.0000000E+00
         1    74      8  0.1914061E-02  0.1010958E-04  0.0000000E+00  0.0000000E+00  0.8696619E-03  0.0000000E+00
         1    74      9  0.2153173E-02  0.1138795E-04  0.0000000E+00  0.0000000E+00  0.9781387E-03  0.0000000E+00
         1    74     10  0.3527648E-02 -0.4372620E-03  0.0000000E+00  0.0000000E+00  0.9064243E-02  0.1000000E-02

         1    75      0  0.0000000E+00  0.0000000E+00  0.0000000E+00  0.0000000E+00  0.0000000E+00  0.0000000E+00
         1    75      1  0.0000000E+00  0.0000000E+00  0.0000000E+00  0.0000000E+00  0.0000000E+00  0.0000000E+00
         1    75      2  0.4790884E-03  0.2507533E-05  0.0000000E+00  0.0000000E+00  0.2177231E-03  0.0000000E+00
         1    75      3  0.7185836E-03  0.3766320E-05  0.0000000E+00  0.0000000E+00  0.3265078E-03  0.0000000E+00
         1    75      4  0.9580464E-03  0.5028424E-05  0.0000000E+00  0.0000000E+00  0.4352412E-03  0.0000000E+00
         1    75      5  0.1197477E-02  0.6293825E-05  0.0000000E+00  0.0000000E+00  0.5439233E-03  0.0000000E+00
         1    75      6  0.1436876E-02  0.7562499E-05  0.0000000E+00  0.0000000E+00  0.6525542E-03  0.0000000E+00
         1    75      7  0.1676242E-02  0.8834426E-05  0.0000000E+00  0.0000000E+00  0.7611337E-03  0.0000000E+00
         1    75      8  0.1915578E-02  0.1010958E-04  0.0000000E+00  0.0000000E+00  0.8696619E-03  0.0000000E+00
         1    75      9  0.2154881E-02  0.1138795E-04  0.0000000E+00  0.0000000E+00  0.9781387E-03  0.0000000E+00
         1    75     10  0.3462095E-02 -0.4372620E-03  0.0000000E+00  0.0000000E+00  0.9093890E-02  0.1000000E-02

         1    76      0  0.0000000E+00  0.0000000E+00  0.0000000E+00  0.0000000E+00  0.0000000E+00  0.0000000E+00
         1    76      1  0.0000000E+00  0.0000000E+00  0.0000000E+00  0.0000000E+00  0.0000000E+00  0.0000000E+00
         1    76      2  0.4797153E-03  0.2507533E-05  0.0000000E+00  0.0000000E+00  0.2177231E-03  0.0000000E+00
         1    76      3  0.7195252E-03  0.3766320E-05  0.0000000E+00  0.0000000E+00  0.3265078E-03  0.0000000E+00
         1    76      4  0.9593035E-03  0.5028424E-05  0.0000000E+00  0.0000000E+00  0.4352412E-03  0.0000000E+00
         1    76      5  0.1199050E-02  0.6293825E-05  0.0000000E+00  0.0000000E+00  0.5439233E-03  0.0000000E+00
         1    76      6  0.1438766E-02  0.7562499E-05  0.0000000E+00  0.0000000E+00  0.6525542E-03  0.0000000E+00
         1    76      7  0.1678451E-02  0.8834426E-05  0.0000000E+00  0.0000000E+00  0.7611337E-03  0.0000000E+00
         1    76      8  0.1918105E-02  0.1010958E-04  0.0000000E+00  0.0000000E+00  0.8696619E-03  0.0000000E+00
         1    76      9  0.2157728E-02  0.1138795E-04  0.0000000E+00  0.0000000E+00  0.9781387E-03  0.0000000E+00
         1    76     10  0.3352841E-02 -0.4372620E-03  0.0000000E+00  0.0000000E+00  0.9143301E-02  0.1000000E-02

         1    77      0  0.0000000E+00  0.0000000E+00  0.0000000E+00  0.0000000E+00  0.0000000E+00  0.0000000E+00
         1    77      1  0.0000000E+00  0.0000000E+00  0.0000000E+00  0.0000000E+00  0.0000000E+00  0.0000000E+00
         1    77      2  0.4852073E-03 -0.1681305E-06  0.0000000E+00  0.0000000E+00  0.1623385E-03  0.0000000E+00
         1    77      3  0.7277874E-03 -0.2469849E-06  0.0000000E+00  0.0000000E+00  0.2434345E-03  0.0000000E+00
         1    77      4  0.9703519E-03 -0.3223958E-06  0.0000000E+00  0.0000000E+00  0.3244817E-03  0.0000000E+00
         1    77      5  0.1212901E-02 -0.3943858E-06  0.0000000E+00  0.0000000E+00  0.4054801E-03  0.0000000E+00
         1    77      6  0.1455434E-02 -0.4629775E-06  0.0000000E+00  0.0000000E+00  0.4864295E-03  0.0000000E+00
         1    77      7  0.1697952E-02 -0.5281938E-06  0.0000000E+00  0.0000000E+00  0.5673300E-03  0.0000000E+00
         1    77      8  0.1940455E-02 -0.5900572E-06  0.0000000E+00  0.0000000E+00  0.6481815E-03  0.0000000E+00
         1    77      9  0.2182943E-02 -0.6485906E-06  0.0000000E+00  0.0000000E+00  0.7289840E-03  0.0000000E+00
         1    77     10  0.1538117E-02 -0.3360869E-03  0.0000000E+00  0.0000000E+00  0.9793954E-02  0.1000000E-02

         1    78      0  0.0000000E+00  0.0000000E+00  0.0000000E+00  0.0000000E+00  0.0000000E+00  0.0000000E+00
         1    78      1  0.0000000E+00  0.0000000E+00  0.0000000E+00  0.0000000E+00  0.0000000E+00  0.0000000E+00
         1    78      2  0.4851653E-03 -0.1681305E-06  0.0000000E+00  0.0000000E+00  0.1623385E-03  0.0000000E+00
         1    78      3  0.7277257E-03 -0.2469849E-06  0.0000000E+00  0.0000000E+00  0.2434345E-03  0.0000000E+00
         1    78      4  0.9702713E-03 -0.3223958E-06  0.0000000E+00  0.0000000E+00  0.3244817E-03  0.0000000E+00
         1    78      5  0.1212802E-02 -0.3943858E-06  0.0000000E+00  0.0000000E+00  0.4054801E-03  0.0000000E+00
         1    78      6  0.1455318E-02 -0.4629775E-06  0.0000000E+00  0.0000000E+00  0.4864295E-03  0.0000000E+00
         1    78      7  0.1697820E-02 -0.5281938E-06  0.0000000E+00  0.0000000E+00  0.5673300E-03  0.0000000E+00
         1    78      8  0.1940308E-02 -0.5900572E-06  0.0000000E+00  0.0000000E+00  0.6481815E-03  0.0000000E+00
         1    78      9  0.2182780E-02 -0.6485906E-06  0.0000000E+00  0.0000000E+00  0.7289840E-03  0.0000000E+00
         1    78     10  0.1454142E-02 -0.3360869E-03  0.0000000E+00  0.0000000E+00  0.9843371E-02  0.1000000E-02

         1    79      0  0.0000000E+00  0.0000000E+00  0.0000000E+00  0.0000000E+00  0.0000000E+00  0.0000000E+00
         1    79      1  0.0000000E+00  0.0000000E+00  0.0000000E+00  0.0000000E+00  0.0000000E+00  0.0000000E+00
         1    79      2  0.4851401E-03 -0.1681305E-06  0.0000000E+00  0.0000000E+00  0.1623385E-03  0.0000000E+00
         1    79      3  0.7276886E-03 -0.2469849E-06  0.0000000E+00  0.0000000E+00  0.2434345E-03  0.0000000E+00
         1    79      4  0.9702229E-03 -0.3223958E-06  0.0000000E+00  0.0000000E+00  0.3244817E-03  0.0000000E+00
         1    79      5  0.1212743E-02 -0.3943858E-06  0.0000000E+00  0.0000000E+00  0.4054801E-03  0.0000000E+00
         1    79      6  0.1455249E-02 -0.4629775E-06  0.0000000E+00  0.0000000E+00  0.4864295E-03  0.0000000E+00
         1    79      7  0.1697741E-02 -0.5281938E-06  0.0000000E+00  0.0000000E+00  0.5673300E-03  0.0000000E+00
         1    79      8  0.1940219E-02 -0.5900572E-06  0.0000000E+00  0.0000000E+00  0.6481815E-03  0.0000000E+00
         1    79      9  0.2182683E-02 -0.6485906E-06  0.0000000E+00  0.0000000E+00  0.7289840E-03  0.0000000E+00
         1    79     10  0.1403757E-02 -0.3360869E-03  0.0000000E+00  0.0000000E+00  0.9873021E-02  0.1000000E-02

         1    80      0  0.0000000E+00  0.0000000E+00  0.0000000E+00  0.0000000E+00  0.0000000E+00  0.0000000E+00
         1    80      1  0.0000000E+00  0.0000000E+00  0.0000000E+00  0.0000000E+00  0.0000000E+00  0.0000000E+00
         1    80      2  0.4850981E-03 -0.1681305E-06  0.0000000E+00  0.0000000E+00  0.1623385E-03  0.0000000E+00
         1    80      3  0.7276269E-03 -0.2469849E-06  0.0000000E+00  0.0000000E+00  0.2434345E-03  0.0000000E+00
         1    80      4  0.9701423E-03 -0.3223958E-06  0.0000000E+00  0.0000000E+00  0.3244817E-03  0.0000000E+00
         1    80      5  0.1212644E-02 -0.3943858E-06  0.0000000E+00  0.0000000E+00  0.4054801E-03  0.0000000E+00
         1    80      6  0.1455133E-02 -0.4629775E-06  0.0000000E+00  0.0000000E+00  0.4864295E-03  0.0000000E+00
         1    80      7  0.1697609E-02 -0.5281938E-06  0.0000000E+00  0.0000000E+00  0.5673300E-03  0.0000000E+00
         1    80      8  0.1940072E-02 -0.5900572E-06  0.0000000E+00  0.0000000E+00  0.6481815E-03  0.0000000E+00
         1    80      9  0.2182521E-02 -0.6485906E-06  0.0000000E+00  0.0000000E+00  0.7289840E-03  0.0000000E+00
         1    80     10  0.1319782E-02 -0.3360869E-03  0.0000000E+00  0.0000000E+00  0.9922438E-02  0.1000000E-02

         1    81      0  0.0000000E+00  0.0000000E+00  0.0000000E+00  0.0000000E+00  0.0000000E+00  0.0000000E+00
         1    81      1  0.0000000E+00  0.0000000E+00  0.0000000E+00  0.0000000E+00  0.0000000E+00  0.0000000E+00
         1    81      2  0.4939871E-03  0.3583369E-04  0.0000000E+00  0.0000000E+00  0.1623415E-03  0.0000000E+00
         1    81      3  0.7409627E-03  0.5375434E-04  0.0000000E+00  0.0000000E+00  0.2434414E-03  0.0000000E+00
         1    81      4  0.9879265E-03  0.7167750E-04  0.0000000E+00  0.0000000E+00  0.3244940E-03  0.0000000E+00
         1    81      5  0.1234878E-02  0.8960316E-04  0.0000000E+00  0.0000000E+00  0.4054993E-03  0.0000000E+00
         1    81      6  0.1481818E-02  0.1075313E-03  0.0000000E+00  0.0000000E+00  0.4864571E-03  0.0000000E+00
         1    81      7  0.1728747E-02  0.1254619E-03  0.0000000E+00  0.0000000E+00  0.5673676E-03  0.0000000E+00
         1    81      8  0.1975663E-02  0.1433949E-03  0.0000000E+00  0.0000000E+00  0.6482306E-03  0.0000000E+00
         1    81      9  0.2222568E-02  0.1613304E-03  0.0000000E+00  0.0000000E+00  0.7290462E-03  0.0000000E+00
         1    81     10  0.1175190E-02 -0.2443770E-03  0.0000000E+00  0.0000000E+00  0.1002130E-01  0.1000000E-02

         1    82      0  0.0000000E+00  0.0000000E+00  0.0000000E+00  0.0000000E+00  0.0000000E+00  0.0000000E+00
         1    82      1  0.0000000E+00  0.0000000E+00  0.0000000E+00  0.0000000E+00  0.0000000E+00  0.0000000E+00
         1    82      2  0.5211524E-03  0.7316126E-04  0.0000000E+00  0.0000000E+00  0.1623445E-03  0.0000000E+00
         1    82      3  0.7817123E-03  0.1097444E-03  0.0000000E+00  0.0000000E+00  0.2434480E-03  0.0000000E+00
         1    82      4  0.1042261E-02  0.1463293E-03  0.0000000E+00  0.0000000E+00  0.3245058E-03  0.0000000E+00
         1    82      5  0.1302799E-02  0.1829158E-03  0.0000000E+00  0.0000000E+00  0.4055176E-03  0.0000000E+00
         1    82      6  0.1563327E-02  0.2195039E-03  0.0000000E+00  0.0000000E+00  0.4864836E-03  0.0000000E+00
         1    82      7  0.1823843E-02  0.2560937E-03  0.0000000E+00  0.0000000E+00  0.5674036E-03  0.0000000E+00
         1    82      8  0.2084349E-02  0.2926851E-03  0.0000000E+00  0.0000000E+00  0.6482777E-03  0.0000000E+00
         1    82      9  0.2344845E-02  0.3292781E-03  0.0000000E+00  0.0000000E+00  0.7291057E-03  0.0000000E+00
         1    82     10  0.1074037E-02 -0.1617002E-03  0.0000000E+00  0.0000000E+00  0.1012016E-01  0.1000000E-02

         1    83      0  0.0000000E+00  0.0000000E+00  0.0000000E+00  0.0000000E+00  0.0000000E+00  0.0000000E+00
         1    83      1  0.0000000E+00  0.0000000E+00  0.0000000E+00  0.0000000E+00  0.0000000E+00  0.0000000E+00
         1    83      2  0.5394427E-03  0.7316126E-04  0.0000000E+00  0.0000000E+00  0.1623441E-03  0.0000000E+00
         1    83      3  0.8091484E-03  0.1097444E-03  0.0000000E+00  0.0000000E+00  0.2434472E-03  0.0000000E+00
         1    83      4  0.1078844E-02  0.1463293E-03  0.0000000E+00  0.0000000E+00  0.3245043E-03  0.0000000E+00
         1    83      5  0.1348528E-02  0.1829158E-03  0.0000000E+00  0.0000000E+00  0.4055153E-03  0.0000000E+00
         1    83      6  0.1618203E-02  0.2195039E-03  0.0000000E+00  0.0000000E+00  0.4864803E-03  0.0000000E+00
         1    83      7  0.1887867E-02  0.2560937E-03  0.0000000E+00  0.0000000E+00  0.5673991E-03  0.0000000E+00
         1    83      8  0.2157521E-02  0.2926851E-03  0.0000000E+00  0.0000000E+00  0.6482717E-03  0.0000000E+00
         1    83      9  0.2427164E-02  0.3292781E-03  0.0000000E+00  0.0000000E+00  0.7290982E-03  0.0000000E+00
         1    83     10  0.1033635E-02 -0.1617002E-03  0.0000000E+00  0.0000000E+00  0.1016958E-01  0.1000000E-02

         1    84      0  0.0000000E+00  0.0000000E+00  0.0000000E+00  0.0000000E+00  0.0000000E+00  0.0000000E+00
         1    84      1  0.0000000E+00  0.0000000E+00  0.0000000E+00  0.0000000E+00  0.0000000E+00  0.0000000E+00
         1    84      2  0.5504169E-03  0.7316126E-04  0.0000000E+00  0.0000000E+00  0.1623439E-03  0.0000000E+00
         1    84      3  0.8256100E-03  0.1097444E-03  0.0000000E+00  0.0000000E+00  0.2434467E-03  0.0000000E+00
         1    84      4  0.1100793E-02  0.1463293E-03  0.0000000E+00  0.0000000E+00  0.3245034E-03  0.0000000E+00
         1    84      5  0.1375966E-02  0.1829158E-03  0.0000000E+00  0.0000000E+00  0.4055139E-03  0.0000000E+00
         1    84      6  0.1651128E-02  0.2195039E-03  0.0000000E+00  0.0000000E+00  0.4864783E-03  0.0000000E+00
         1    84      7  0.1926281E-02  0.2560937E-03  0.0000000E+00  0.0000000E+00  0.5673963E-03  0.0000000E+00
         1    84      8  0.2201424E-02  0.2926851E-03  0.0000000E+00  0.0000000E+00  0.6482682E-03  0.0000000E+00
         1    84      9  0.2476556E-02  0.3292781E-03  0.0000000E+00  0.0000000E+00  0.7290937E-03  0.0000000E+00
         1    84     10  0.1009393E-02 -0.1617002E-03  0.0000000E+00  0.0000000E+00  0.1019923E-01  0.1000000E-02

         1    85      0  0.0000000E+00  0.0000000E+00  0.0000000E+00  0.0000000E+00  0.0000000E+00  0.0000000E+00
         1    85      1  0.0000000E+00  0.0000000E+00  0.0000000E+00  0.0000000E+00  0.0000000E+00  0.0000000E+00
         1    85      2  0.5687073E-03  0.7316126E-04  0.0000000E+00  0.0000000E+00  0.1623435E-03  0.0000000E+00
         1    85      3  0.8530461E-03  0.1097444E-03  0.0000000E+00  0.0000000E+00  0.2434459E-03  0.0000000E+00
         1    85      4  0.1137375E-02  0.1463293E-03  0.0000000E+00  0.0000000E+00  0.3245019E-03  0.0000000E+00
         1    85      5  0.1421695E-02  0.1829158E-03  0.0000000E+00  0.0000000E+00  0.4055116E-03  0.0000000E+00
         1    85      6  0.1706004E-02  0.2195039E-03  0.0000000E+00  0.0000000E+00  0.4864749E-03  0.0000000E+00
         1    85      7  0.1990304E-02  0.2560937E-03  0.0000000E+00  0.0000000E+00  0.5673918E-03  0.0000000E+00
         1    85      8  0.2274595E-02  0.2926851E-03  0.0000000E+00  0.0000000E+00  0.6482622E-03  0.0000000E+00
         1    85      9  0.2558876E-02  0.3292781E-03  0.0000000E+00  0.0000000E+00  0.7290862E-03  0.0000000E+00
         1    85     10  0.9689907E-03 -0.1617002E-03  0.0000000E+00  0.0000000E+00  0.1024866E-01  0.1000000E-02

         1    86      0  0.0000000E+00  0.0000000E+00  0.0000000E+00  0.0000000E+00  0.0000000E+00  0.0000000E+00
         1    86      1  0.0000000E+00  0.0000000E+00  0.0000000E+00  0.0000000E+00  0.0000000E+00  0.0000000E+00
         1    86      2  0.9026439E-03  0.6908066E-04  0.0000000E+00  0.0000000E+00  0.7788387E-04  0.0000000E+00
         1    86      3  0.1353972E-02  0.1036231E-03  0.0000000E+00  0.0000000E+00  0.1167510E-03  0.0000000E+00
         1    86      4  0.1805304E-02  0.1381668E-03  0.0000000E+00  0.0000000E+00  0.1555681E-03  0.0000000E+00
         1    86      5  0.2256639E-02  0.1727119E-03  0.0000000E+00  0.0000000E+00  0.1943353E-03  0.0000000E+00
         1    86      6  0.2707979E-02  0.2072584E-03  0.0000000E+00  0.0000000E+00  0.2330525E-03  0.0000000E+00
         1    86      7  0.3159323E-02  0.2418061E-03  0.0000000E+00  0.0000000E+00  0.2717196E-03  0.0000000E+00
         1    86      8  0.3610670E-02  0.2763552E-03  0.0000000E+00  0.0000000E+00  0.3103366E-03  0.0000000E+00
         1    86      9  0.4062021E-02  0.3109055E-03  0.0000000E+00  0.0000000E+00  0.3489036E-03  0.0000000E+00
         1    86     10  0.4700508E-03 -0.5094398E-04  0.0000000E+00  0.0000000E+00  0.1109746E-01  0.1000000E-02

         1    87      0  0.0000000E+00  0.0000000E+00  0.0000000E+00  0.0000000E+00  0.0000000E+00  0.0000000E+00
         1    87      1  0.0000000E+00  0.0000000E+00  0.0000000E+00  0.0000000E+00  0.0000000E+00  0.0000000E+00
         1    87      2  0.9199140E-03  0.6908066E-04  0.0000000E+00  0.0000000E+00  0.7788354E-04  0.0000000E+00
         1    87      3  0.1379878E-02  0.1036231E-03  0.0000000E+00  0.0000000E+00  0.1167502E-03  0.0000000E+00
         1    87      4  0.1839845E-02  0.1381668E-03  0.0000000E+00  0.0000000E+00  0.1555668E-03  0.0000000E+00
         1    87      5  0.2299817E-02  0.1727119E-03  0.0000000E+00  0.0000000E+00  0.1943333E-03  0.0000000E+00
         1    87      6  0.2759794E-02  0.2072584E-03  0.0000000E+00  0.0000000E+00  0.2330495E-03  0.0000000E+00
         1    87      7  0.3219774E-02  0.2418061E-03  0.0000000E+00  0.0000000E+00  0.2717156E-03  0.0000000E+00
         1    87      8  0.3679759E-02  0.2763552E-03  0.0000000E+00  0.0000000E+00  0.3103313E-03  0.0000000E+00
         1    87      9  0.4139748E-02  0.3109055E-03  0.0000000E+00  0.0000000E+00  0.3488968E-03  0.0000000E+00
         1    87     10  0.4573218E-03 -0.5094398E-04  0.0000000E+00  0.0000000E+00  0.1114688E-01  0.1000000E-02

         1    88      0  0.0000000E+00  0.0000000E+00  0.0000000E+00  0.0000000E+00  0.0000000E+00  0.0000000E+00
         1    88      1  0.0000000E+00  0.0000000E+00  0.0000000E+00  0.0000000E+00  0.0000000E+00  0.0000000E+00
         1    88      2  0.9302761E-03  0.6908066E-04  0.0000000E+00  0.0000000E+00  0.7788334E-04  0.0000000E+00
         1    88      3  0.1395421E-02  0.1036231E-03  0.0000000E+00  0.0000000E+00  0.1167498E-03  0.0000000E+00
         1    88      4  0.1860570E-02  0.1381668E-03  0.0000000E+00  0.0000000E+00  0.1555660E-03  0.0000000E+00
         1    88      5  0.2325724E-02  0.1727119E-03  0.0000000E+00  0.0000000E+00  0.1943320E-03  0.0000000E+00
         1    88      6  0.2790883E-02  0.2072584E-03  0.0000000E+00  0.0000000E+00  0.2330477E-03  0.0000000E+00
         1    88      7  0.3256045E-02  0.2418061E-03  0.0000000E+00  0.0000000E+00  0.2717131E-03  0.0000000E+00
         1    88      8  0.3721212E-02  0.2763552E-03  0.0000000E+00  0.0000000E+00  0.3103282E-03  0.0000000E+00
         1    88      9  0.4186384E-02  0.3109055E-03  0.0000000E+00  0.0000000E+00  0.3488928E-03  0.0000000E+00
         1    88     10  0.4496845E-03 -0.5094398E-04  0.0000000E+00  0.0000000E+00  0.1117654E-01  0.1000000E-02

         1    89      0  0.0000000E+00  0.0000000E+00  0.0000000E+00  0.0000000E+00  0.0000000E+00  0.0000000E+00
         1    89      1  0.0000000E+00  0.0000000E+00  0.0000000E+00  0.0000000E+00  0.0000000E+00  0.0000000E+00
         1    89      2  0.9475463E-03  0.6908066E-04  0.0000000E+00  0.0000000E+00  0.7788301E-04  0.0000000E+00
         1    89      3  0.1421327E-02  0.1036231E-03  0.0000000E+00  0.0000000E+00  0.1167490E-03  0.0000000E+00
         1    89      4  0.1895112E-02  0.1381668E-03  0.0000000E+00  0.0000000E+00  0.1555647E-03  0.0000000E+00
         1    89      5  0.2368902E-02  0.1727119E-03  0.0000000E+00  0.0000000E+00  0.1943299E-03  0.0000000E+00
         1    89      6  0.2842697E-02  0.2072584E-03  0.0000000E+00  0.0000000E+00  0.2330447E-03  0.0000000E+00
         1    89      7  0.3316497E-02  0.2418061E-03  0.0000000E+00  0.0000000E+00  0.2717091E-03  0.0000000E+00
         1    89      8  0.3790301E-02  0.2763552E-03  0.0000000E+00  0.0000000E+00  0.3103229E-03  0.0000000E+00
         1    89      9  0.4264110E-02  0.3109055E-03  0.0000000E+00  0.0000000E+00  0.3488861E-03  0.0000000E+00
         1    89     10  0.4369555E-03 -0.5094398E-04  0.0000000E+00  0.0000000E+00  0.1122596E-01  0.1000000E-02

         1    90      0  0.0000000E+00  0.0000000E+00  0.0000000E+00  0.0000000E+00  0.0000000E+00  0.0000000E+00
         1    90      1  0.0000000E+00  0.0000000E+00  0.0000000E+00  0.0000000E+00  0.0000000E+00  0.0000000E+00
         1    90      2  0.9627516E-03 -0.8464661E-05  0.0000000E+00  0.0000000E+00  0.7786957E-04  0.0000000E+00
         1    90      3  0.1444136E-02 -0.1269556E-04  0.0000000E+00  0.0000000E+00  0.1167188E-03  0.0000000E+00
         1    90      4  0.1925525E-02 -0.1692552E-04  0.0000000E+00  0.0000000E+00  0.1555109E-03  0.0000000E+00
         1    90      5  0.2406920E-02 -0.2115456E-04  0.0000000E+00  0.0000000E+00  0.1942459E-03  0.0000000E+00
         1    90      6  0.2888320E-02 -0.2538270E-04  0.0000000E+00  0.0000000E+00  0.2329238E-03  0.0000000E+00
         1    90      7  0.3369725E-02 -0.2960994E-04  0.0000000E+00  0.0000000E+00  0.2715444E-03  0.0000000E+00
         1    90      8  0.3851136E-02 -0.3383630E-04  0.0000000E+00  0.0000000E+00  0.3101078E-03  0.0000000E+00
         1    90      9  0.4332552E-02 -0.3806179E-04  0.0000000E+00  0.0000000E+00  0.3486139E-03  0.0000000E+00
         1    90     10  0.4028678E-03 -0.8502294E-04  0.0000000E+00  0.0000000E+00  0.1132481E-01  0.1000000E-02

         1    91      0  0.0000000E+00  0.0000000E+00  0.0000000E+00  0.0000000E+00  0.0000000E+00  0.0000000E+00
         1    91      1  0.0000000E+00  0.0000000E+00  0.0000000E+00  0.0000000E+00  0.0000000E+00  0.0000000E+00
         1    91      2  0.9391386E-03 -0.8566868E-04  0.0000000E+00  0.0000000E+00  0.7785606E-04  0.0000000E+00
         1    91      3  0.1408717E-02 -0.1285023E-03  0.0000000E+00  0.0000000E+00  0.1166884E-03  0.0000000E+00
         1    91      4  0.1878300E-02 -0.1713354E-03  0.0000000E+00  0.0000000E+00  0.1554569E-03  0.0000000E+00
         1    91      5  0.2347890E-02 -0.2141681E-03  0.0000000E+00  0.0000000E+00  0.1941615E-03  0.0000000E+00
         1    91      6  0.2817485E-02 -0.2570003E-03  0.0000000E+00  0.0000000E+00  0.2328022E-03  0.0000000E+00
         1    91      7  0.3287086E-02 -0.2998321E-03  0.0000000E+00  0.0000000E+00  0.2713789E-03  0.0000000E+00
         1    91      8  0.3756692E-02 -0.3426635E-03  0.0000000E+00  0.0000000E+00  0.3098917E-03  0.0000000E+00
         1    91      9  0.4226304E-02 -0.3854944E-03  0.0000000E+00  0.0000000E+00  0.3483404E-03  0.0000000E+00
         1    91     10  0.3525511E-03 -0.1156769E-03  0.0000000E+00  0.0000000E+00  0.1142366E-01  0.1000000E-02

         1    92      0  0.0000000E+00  0.0000000E+00  0.0000000E+00  0.0000000E+00  0.0000000E+00  0.0000000E+00
         1    92      1  0.0000000E+00  0.0000000E+00  0.0000000E+00  0.0000000E+00  0.0000000E+00  0.0000000E+00
         1    92      2  0.9177214E-03 -0.8566868E-04  0.0000000E+00  0.0000000E+00  0.7785555E-04  0.0000000E+00
         1    92      3  0.1376591E-02 -0.1285023E-03  0.0000000E+00  0.0000000E+00  0.1166873E-03  0.0000000E+00
         1    92      4  0.1835467E-02 -0.1713354E-03  0.0000000E+00  0.0000000E+00  0.1554549E-03  0.0000000E+00
         1    92      5  0.2294348E-02 -0.2141681E-03  0.0000000E+00  0.0000000E+00  0.1941583E-03  0.0000000E+00
         1    92      6  0.2753235E-02 -0.2570003E-03  0.0000000E+00  0.0000000E+00  0.2327976E-03  0.0000000E+00
         1    92      7  0.3212128E-02 -0.2998321E-03  0.0000000E+00  0.0000000E+00  0.2713727E-03  0.0000000E+00
         1    92      8  0.3671026E-02 -0.3426635E-03  0.0000000E+00  0.0000000E+00  0.3098835E-03  0.0000000E+00
         1    92      9  0.4129931E-02 -0.3854944E-03  0.0000000E+00  0.0000000E+00  0.3483301E-03  0.0000000E+00
         1    92     10  0.3236479E-03 -0.1156769E-03  0.0000000E+00  0.0000000E+00  0.1147308E-01  0.1000000E-02

         1    93      0  0.0000000E+00  0.0000000E+00  0.0000000E+00  0.0000000E+00  0.0000000E+00  0.0000000E+00
         1    93      1  0.0000000E+00  0.0000000E+00  0.0000000E+00  0.0000000E+00  0.0000000E+00  0.0000000E+00
         1    93      2  0.9048711E-03 -0.8566868E-04  0.0000000E+00  0.0000000E+00  0.7785525E-04  0.0000000E+00
         1    93      3  0.1357316E-02 -0.1285023E-03  0.0000000E+00  0.0000000E+00  0.1166866E-03  0.0000000E+00
         1    93      4  0.1809766E-02 -0.1713354E-03  0.0000000E+00  0.0000000E+00  0.1554536E-03  0.0000000E+00
         1    93      5  0.2262223E-02 -0.2141681E-03  0.0000000E+00  0.0000000E+00  0.1941564E-03  0.0000000E+00
         1    93      6  0.2714685E-02 -0.2570003E-03  0.0000000E+00  0.0000000E+00  0.2327949E-03  0.0000000E+00
         1    93      7  0.3167153E-02 -0.2998321E-03  0.0000000E+00  0.0000000E+00  0.2713690E-03  0.0000000E+00
         1    93      8  0.3619627E-02 -0.3426635E-03  0.0000000E+00  0.0000000E+00  0.3098786E-03  0.0000000E+00
         1    93      9  0.4072106E-02 -0.3854944E-03  0.0000000E+00  0.0000000E+00  0.3483239E-03  0.0000000E+00
         1    93     10  0.3063060E-03 -0.1156769E-03  0.0000000E+00  0.0000000E+00  0.1150273E-01  0.1000000E-02

         1    94      0  0.0000000E+00  0.0000000E+00  0.0000000E+00  0.0000000E+00  0.0000000E+00  0.0000000E+00
         1    94      1  0.0000000E+00  0.0000000E+00  0.0000000E+00  0.0000000E+00  0.0000000E+00  0.0000000E+00
         1    94      2  0.8834540E-03 -0.8566868E-04  0.0000000E+00  0.0000000E+00  0.7785474E-04  0.0000000E+00
         1    94      3  0.1325190E-02 -0.1285023E-03  0.0000000E+00  0.0000000E+00  0.1166854E-03  0.0000000E+00
         1    94      4  0.1766932E-02 -0.1713354E-03  0.0000000E+00  0.0000000E+00  0.1554516E-03  0.0000000E+00
         1    94      5  0.2208681E-02 -0.2141681E-03  0.0000000E+00  0.0000000E+00  0.1941532E-03  0.0000000E+00
         1    94      6  0.2650435E-02 -0.2570003E-03  0.0000000E+00  0.0000000E+00  0.2327903E-03  0.0000000E+00
         1    94      7  0.3092195E-02 -0.2998321E-03  0.0000000E+00  0.0000000E+00  0.2713627E-03  0.0000000E+00
         1    94      8  0.3533961E-02 -0.3426635E-03  0.0000000E+00  0.0000000E+00  0.3098705E-03  0.0000000E+00
         1    94      9  0.3975733E-02 -0.3854944E-03  0.0000000E+00  0.0000000E+00  0.3483136E-03  0.0000000E+00
         1    94     10  0.2774028E-03 -0.1156769E-03  0.0000000E+00  0.0000000E+00  0.1155216E-01  0.1000000E-02

         1    95      0  0.0000000E+00  0.0000000E+00  0.0000000E+00  0.0000000E+00  0.0000000E+00  0.0000000E+00
         1    95      1  0.0000000E+00  0.0000000E+00  0.0000000E+00  0.0000000E+00  0.0000000E+00  0.0000000E+00
         1    95      2  0.4723835E-03 -0.8942930E-04  0.0000000E+00  0.0000000E+00  0.2208372E-07  0.0000000E+00
         1    95      3  0.7085749E-03 -0.1341440E-03  0.0000000E+00  0.0000000E+00 -0.7241174E-07  0.0000000E+00
         1    95      4  0.9447660E-03 -0.1788587E-03  0.0000000E+00  0.0000000E+00 -0.2373018E-06  0.0000000E+00
         1    95      5  0.1180957E-02 -0.2235734E-03  0.0000000E+00  0.0000000E+00 -0.4726139E-06  0.0000000E+00
         1    95      6  0.1417146E-02 -0.2682883E-03  0.0000000E+00  0.0000000E+00 -0.7783754E-06  0.0000000E+00
         1    95      7  0.1653336E-02 -0.3130032E-03  0.0000000E+00  0.0000000E+00 -0.1154614E-05  0.0000000E+00
         1    95      8  0.1889524E-02 -0.3577181E-03  0.0000000E+00  0.0000000E+00 -0.1601356E-05  0.0000000E+00
         1    95      9  0.2125711E-02 -0.4024332E-03  0.0000000E+00  0.0000000E+00 -0.2118630E-05  0.0000000E+00
         1    95     10  0.1986756E-05 -0.1706862E-05  0.0000000E+00  0.0000000E+00  0.1246748E-01  0.1000000E-02

         1    96      0  0.0000000E+00  0.0000000E+00  0.0000000E+00  0.0000000E+00  0.0000000E+00  0.0000000E+00
         1    96      1  0.0000000E+00  0.0000000E+00  0.0000000E+00  0.0000000E+00  0.0000000E+00  0.0000000E+00
         1    96      2  0.4500262E-03 -0.8942930E-04  0.0000000E+00  0.0000000E+00  0.2152870E-07  0.0000000E+00
         1    96      3  0.6750389E-03 -0.1341440E-03  0.0000000E+00  0.0000000E+00 -0.7366053E-07  0.0000000E+00
         1    96      4  0.9000513E-03 -0.1788587E-03  0.0000000E+00  0.0000000E+00 -0.2395219E-06  0.0000000E+00
         1    96      5  0.1125063E-02 -0.2235734E-03  0.0000000E+00  0.0000000E+00 -0.4760828E-06  0.0000000E+00
         1    96      6  0.1350074E-02 -0.2682883E-03  0.0000000E+00  0.0000000E+00 -0.7833705E-06  0.0000000E+00
         1    96      7  0.1575085E-02 -0.3130032E-03  0.0000000E+00  0.0000000E+00 -0.1161412E-05  0.0000000E+00
         1    96      8  0.1800094E-02 -0.3577181E-03  0.0000000E+00  0.0000000E+00 -0.1610236E-05  0.0000000E+00
         1    96      9  0.2025103E-02 -0.4024332E-03  0.0000000E+00  0.0000000E+00 -0.2129869E-05  0.0000000E+00
         1    96     10  0.1560278E-05 -0.1706862E-05  0.0000000E+00  0.0000000E+00  0.1251690E-01  0.1000000E-02

         1    97      0  0.0000000E+00  0.0000000E+00  0.0000000E+00  0.0000000E+00  0.0000000E+00  0.0000000E+00
         1    97      1  0.0000000E+00  0.0000000E+00  0.0000000E+00  0.0000000E+00  0.0000000E+00  0.0000000E+00
         1    97      2  0.4366118E-03 -0.8942930E-04  0.0000000E+00  0.0000000E+00  0.2119570E-07  0.0000000E+00
         1    97      3  0.6549173E-03 -0.1341440E-03  0.0000000E+00  0.0000000E+00 -0.7440980E-07  0.0000000E+00
         1    97      4  0.8732225E-03 -0.1788587E-03  0.0000000E+00  0.0000000E+00 -0.2408539E-06  0.0000000E+00
         1    97      5  0.1091527E-02 -0.2235734E-03  0.0000000E+00  0.0000000E+00 -0.4781641E-06  0.0000000E+00
         1    97      6  0.1309831E-02 -0.2682883E-03  0.0000000E+00  0.0000000E+00 -0.7863676E-06  0.0000000E+00
         1    97      7  0.1528134E-02 -0.3130032E-03  0.0000000E+00  0.0000000E+00 -0.1165492E-05  0.0000000E+00
         1    97      8  0.1746437E-02 -0.3577181E-03  0.0000000E+00  0.0000000E+00 -0.1615564E-05  0.0000000E+00
         1    97      9  0.1964738E-02 -0.4024332E-03  0.0000000E+00  0.0000000E+00 -0.2136612E-05  0.0000000E+00
         1    97     10  0.1304390E-05 -0.1706862E-05  0.0000000E+00  0.0000000E+00  0.1254656E-01  0.1000000E-02

         1    98      0  0.0000000E+00  0.0000000E+00  0.0000000E+00  0.0000000E+00  0.0000000E+00  0.0000000E+00
         1    98      1  0.0000000E+00  0.0000000E+00  0.0000000E+00  0.0000000E+00  0.0000000E+00  0.0000000E+00
         1    98      2  0.4142545E-03 -0.8942930E-04  0.0000000E+00  0.0000000E+00  0.2064068E-07  0.0000000E+00
         1    98      3  0.6213814E-03 -0.1341440E-03  0.0000000E+00  0.0000000E+00 -0.7565858E-07  0.0000000E+00
         1    98      4  0.8285078E-03 -0.1788587E-03  0.0000000E+00  0.0000000E+00 -0.2430740E-06  0.0000000E+00
         1    98      5  0.1035634E-02 -0.2235734E-03  0.0000000E+00  0.0000000E+00 -0.4816329E-06  0.0000000E+00
         1    98      6  0.1242759E-02 -0.2682883E-03  0.0000000E+00  0.0000000E+00 -0.7913628E-06  0.0000000E+00
         1    98      7  0.1449884E-02 -0.3130032E-03  0.0000000E+00  0.0000000E+00 -0.1172291E-05  0.0000000E+00
         1    98      8  0.1657007E-02 -0.3577181E-03  0.0000000E+00  0.0000000E+00 -0.1624445E-05  0.0000000E+00
         1    98      9  0.1864130E-02 -0.4024332E-03  0.0000000E+00  0.0000000E+00 -0.2147851E-05  0.0000000E+00
         1    98     10  0.8779118E-06 -0.1706862E-05  0.0000000E+00  0.0000000E+00  0.1259598E-01  0.1000000E-02

         1    99      0  0.0000000E+00  0.0000000E+00  0.0000000E+00  0.0000000E+00  0.0000000E+00  0.0000000E+00
         1    99      1  0.0000000E+00  0.0000000E+00  0.0000000E+00  0.0000000E+00  0.0000000E+00  0.0000000E+00
         1    99      2  0.3769276E-03 -0.6033684E-04  0.0000000E+00  0.0000000E+00  0.2190344E-07  0.0000000E+00
         1    99      3  0.5653910E-03 -0.9050532E-04  0.0000000E+00  0.0000000E+00 -0.7281738E-07  0.0000000E+00
         1    99      4  0.7538540E-03 -0.1206739E-03  0.0000000E+00  0.0000000E+00 -0.2380230E-06  0.0000000E+00
         1    99      5  0.9423165E-03 -0.1508425E-03  0.0000000E+00  0.0000000E+00 -0.4737408E-06  0.0000000E+00
         1    99      6  0.1130778E-02 -0.1810112E-03  0.0000000E+00  0.0000000E+00 -0.7799981E-06  0.0000000E+00
         1    99      7  0.1319239E-02 -0.2111801E-03  0.0000000E+00  0.0000000E+00 -0.1156822E-05  0.0000000E+00
         1    99      8  0.1507699E-02 -0.2413491E-03  0.0000000E+00  0.0000000E+00 -0.1604241E-05  0.0000000E+00
         1    99      9  0.1696158E-02 -0.2715183E-03  0.0000000E+00  0.0000000E+00 -0.2122281E-05  0.0000000E+00
         1    99     10  0.3593145E-07 -0.1673271E-05  0.0000000E+00  0.0000000E+00  0.1269483E-01  0.1000000E-02

         1   100      0  0.0000000E+00  0.0000000E+00  0.0000000E+00  0.0000000E+00  0.0000000E+00  0.0000000E+00
         1   100      1  0.0000000E+00  0.0000000E+00  0.0000000E+00  0.0000000E+00  0.0000000E+00  0.0000000E+00
         1   100      2  0.3545664E-03 -0.2942389E-04  0.0000000E+00  0.0000000E+00  0.2362310E-07  0.0000000E+00
         1   100      3  0.5318492E-03 -0.4413592E-04  0.0000000E+00  0.0000000E+00 -0.6894816E-07  0.0000000E+00
         1   100      4  0.7091315E-03 -0.5884805E-04  0.0000000E+00  0.0000000E+00 -0.2311444E-06  0.0000000E+00
         1   100      5  0.8864132E-03 -0.7356032E-04  0.0000000E+00  0.0000000E+00 -0.4629930E-06  0.0000000E+00
         1   100      6  0.1063694E-02 -0.8827277E-04  0.0000000E+00  0.0000000E+00 -0.7645214E-06  0.0000000E+00
         1   100      7  0.1240974E-02 -0.1029854E-03  0.0000000E+00  0.0000000E+00 -0.1135757E-05  0.0000000E+00
         1   100      8  0.1418253E-02 -0.1176983E-03  0.0000000E+00  0.0000000E+00 -0.1576727E-05  0.0000000E+00
         1   100      9  0.1595531E-02 -0.1324115E-03  0.0000000E+00  0.0000000E+00 -0.2087459E-05  0.0000000E+00
         1   100     10 -0.8053933E-06 -0.1705777E-05  0.0000000E+00  0.0000000E+00  0.1279368E-01  0.1000000E-02

         1   101      0  0.0000000E+00  0.0000000E+00  0.0000000E+00  0.0000000E+00  0.0000000E+00  0.0000000E+00
         1   101      1  0.0000000E+00  0.0000000E+00  0.0000000E+00  0.0000000E+00  0.0000000E+00  0.0000000E+00
         1   101      2  0.3472104E-03 -0.2942389E-04  0.0000000E+00  0.0000000E+00  0.2356301E-07  0.0000000E+00
         1   101      3  0.5208152E-03 -0.4413592E-04  0.0000000E+00  0.0000000E+00 -0.6908334E-07  0.0000000E+00
         1   101      4  0.6944195E-03 -0.5884805E-04  0.0000000E+00  0.0000000E+00 -0.2313847E-06  0.0000000E+00
         1   101      5  0.8680231E-03 -0.7356032E-04  0.0000000E+00  0.0000000E+00 -0.4633685E-06  0.0000000E+00
         1   101      6  0.1041626E-02 -0.8827277E-04  0.0000000E+00  0.0000000E+00 -0.7650621E-06  0.0000000E+00
         1   101      7  0.1215228E-02 -0.1029854E-03  0.0000000E+00  0.0000000E+00 -0.1136493E-05  0.0000000E+00
         1   101      8  0.1388828E-02 -0.1176983E-03  0.0000000E+00  0.0000000E+00 -0.1577688E-05  0.0000000E+00
         1   101      9  0.1562428E-02 -0.1324115E-03  0.0000000E+00  0.0000000E+00 -0.2088676E-05  0.0000000E+00
         1   101     10 -0.1231601E-05 -0.1705777E-05  0.0000000E+00  0.0000000E+00  0.1284310E-01  0.1000000E-02

         1   102      0  0.0000000E+00  0.0000000E+00  0.0000000E+00  0.0000000E+00  0.0000000E+00  0.0000000E+00
         1   102      1  0.0000000E+00  0.0000000E+00  0.0000000E+00  0.0000000E+00  0.0000000E+00  0.0000000E+00
         1   102      2  0.3427968E-03 -0.2942389E-04  0.0000000E+00  0.0000000E+00  0.2352696E-07  0.0000000E+00
         1   102      3  0.5141948E-03 -0.4413592E-04  0.0000000E+00  0.0000000E+00 -0.6916446E-07  0.0000000E+00
         1   102      4  0.6855923E-03 -0.5884805E-04  0.0000000E+00  0.0000000E+00 -0.2315289E-06  0.0000000E+00
         1   102      5  0.8569891E-03 -0.7356032E-04  0.0000000E+00  0.0000000E+00 -0.4635938E-06  0.0000000E+00
         1   102      6  0.1028385E-02 -0.8827277E-04  0.0000000E+00  0.0000000E+00 -0.7653866E-06  0.0000000E+00
         1   102      7  0.1199780E-02 -0.1029854E-03  0.0000000E+00  0.0000000E+00 -0.1136935E-05  0.0000000E+00
         1   102      8  0.1371174E-02 -0.1176983E-03  0.0000000E+00  0.0000000E+00 -0.1578265E-05  0.0000000E+00
         1   102      9  0.1542566E-02 -0.1324115E-03  0.0000000E+00  0.0000000E+00 -0.2089406E-05  0.0000000E+00
         1   102     10 -0.1487325E-05 -0.1705777E-05  0.0000000E+00  0.0000000E+00  0.1287276E-01  0.1000000E-02

         1   103      0  0.0000000E+00  0.0000000E+00  0.0000000E+00  0.0000000E+00  0.0000000E+00  0.0000000E+00
         1   103      1  0.0000000E+00  0.0000000E+00  0.0000000E+00  0.0000000E+00  0.0000000E+00  0.0000000E+00
         1   103      2  0.3354409E-03 -0.2942389E-04  0.0000000E+00  0.0000000E+00  0.2346688E-07  0.0000000E+00
         1   103      3  0.5031608E-03 -0.4413592E-04  0.0000000E+00  0.0000000E+00 -0.6929964E-07  0.0000000E+00
         1   103      4  0.6708803E-03 -0.5884805E-04  0.0000000E+00  0.0000000E+00 -0.2317693E-06  0.0000000E+00
         1   103      5  0.8385990E-03 -0.7356032E-04  0.0000000E+00  0.0000000E+00 -0.4639694E-06  0.0000000E+00
         1   103      6  0.1006317E-02 -0.8827277E-04  0.0000000E+00  0.0000000E+00 -0.7659273E-06  0.0000000E+00
         1   103      7  0.1174034E-02 -0.1029854E-03  0.0000000E+00  0.0000000E+00 -0.1137671E-05  0.0000000E+00
         1   103      8  0.1341749E-02 -0.1176983E-03  0.0000000E+00  0.0000000E+00 -0.1579227E-05  0.0000000E+00
         1   103      9  0.1509463E-02 -0.1324115E-03  0.0000000E+00  0.0000000E+00 -0.2090623E-05  0.0000000E+00
         1   103     10 -0.1913533E-05 -0.1705777E-05  0.0000000E+00  0.0000000E+00  0.1292218E-01  0.1000000E-02

         1   104      0  0.0000000E+00  0.0000000E+00  0.0000000E+00  0.0000000E+00  0.0000000E+00  0.0000000E+00
         1   104      1  0.0000000E+00  0.0000000E+00  0.0000000E+00  0.0000000E+00  0.0000000E+00  0.0000000E+00
         1   104      2  0.1975899E-03 -0.2942389E-04  0.0000000E+00  0.0000000E+00  0.2234094E-07  0.0000000E+00
         1   104      3  0.2963841E-03 -0.4413592E-04  0.0000000E+00  0.0000000E+00 -0.7183301E-07  0.0000000E+00
         1   104      4  0.3951772E-03 -0.5884805E-04  0.0000000E+00  0.0000000E+00 -0.2362731E-06  0.0000000E+00
         1   104      5  0.4939689E-03 -0.7356032E-04  0.0000000E+00  0.0000000E+00 -0.4710066E-06  0.0000000E+00
         1   104      6  0.5927589E-03 -0.8827277E-04  0.0000000E+00  0.0000000E+00 -0.7760610E-06  0.0000000E+00
         1   104      7  0.6915468E-03 -0.1029854E-03  0.0000000E+00  0.0000000E+00 -0.1151464E-05  0.0000000E+00
         1   104      8  0.7903323E-03 -0.1176983E-03  0.0000000E+00  0.0000000E+00 -0.1597242E-05  0.0000000E+00
         1   104      9  0.8891151E-03 -0.1324115E-03  0.0000000E+00  0.0000000E+00 -0.2113424E-05  0.0000000E+00
         1   104     10 -0.9900664E-05 -0.1705777E-05  0.0000000E+00  0.0000000E+00  0.1384840E-01  0.1000000E-02

         1   105      0  0.0000000E+00  0.0000000E+00  0.0000000E+00  0.0000000E+00  0.0000000E+00  0.0000000E+00
         1   105      1  0.0000000E+00  0.0000000E+00  0.0000000E+00  0.0000000E+00  0.0000000E+00  0.0000000E+00
         1   105      2  0.1902340E-03 -0.2942389E-04  0.0000000E+00  0.0000000E+00  0.2228086E-07  0.0000000E+00
         1   105      3  0.2853501E-03 -0.4413592E-04  0.0000000E+00  0.0000000E+00 -0.7196820E-07  0.0000000E+00
         1   105      4  0.3804651E-03 -0.5884805E-04  0.0000000E+00  0.0000000E+00 -0.2365134E-06  0.0000000E+00
         1   105      5  0.4755788E-03 -0.7356032E-04  0.0000000E+00  0.0000000E+00 -0.4713821E-06  0.0000000E+00
         1   105      6  0.5706907E-03 -0.8827277E-04  0.0000000E+00  0.0000000E+00 -0.7766018E-06  0.0000000E+00
         1   105      7  0.6658004E-03 -0.1029854E-03  0.0000000E+00  0.0000000E+00 -0.1152200E-05  0.0000000E+00
         1   105      8  0.7609077E-03 -0.1176983E-03  0.0000000E+00  0.0000000E+00 -0.1598204E-05  0.0000000E+00
         1   105      9  0.8560122E-03 -0.1324115E-03  0.0000000E+00  0.0000000E+00 -0.2114641E-05  0.0000000E+00
         1   105     10 -0.1032687E-04 -0.1705777E-05  0.0000000E+00  0.0000000E+00  0.1389783E-01  0.1000000E-02

         1   106      0  0.0000000E+00  0.0000000E+00  0.0000000E+00  0.0000000E+00  0.0000000E+00  0.0000000E+00
         1   106      1  0.0000000E+00  0.0000000E+00  0.0000000E+00  0.0000000E+00  0.0000000E+00  0.0000000E+00
         1   106      2  0.1858204E-03 -0.2942389E-04  0.0000000E+00  0.0000000E+00  0.2224481E-07  0.0000000E+00
         1   106      3  0.2787297E-03 -0.4413592E-04  0.0000000E+00  0.0000000E+00 -0.7204931E-07  0.0000000E+00
         1   106      4  0.3716379E-03 -0.5884805E-04  0.0000000E+00  0.0000000E+00 -0.2366576E-06  0.0000000E+00
         1   106      5  0.4645447E-03 -0.7356032E-04  0.0000000E+00  0.0000000E+00 -0.4716074E-06  0.0000000E+00
         1   106      6  0.5574498E-03 -0.8827277E-04  0.0000000E+00  0.0000000E+00 -0.7769262E-06  0.0000000E+00
         1   106      7  0.6503526E-03 -0.1029854E-03  0.0000000E+00  0.0000000E+00 -0.1152641E-05  0.0000000E+00
         1   106      8  0.7432530E-03 -0.1176983E-03  0.0000000E+00  0.0000000E+00 -0.1598781E-05  0.0000000E+00
         1   106      9  0.8361505E-03 -0.1324115E-03  0.0000000E+00  0.0000000E+00 -0.2115371E-05  0.0000000E+00
         1   106     10 -0.1058260E-04 -0.1705777E-05  0.0000000E+00  0.0000000E+00  0.1392748E-01  0.1000000E-02

         1   107      0  0.0000000E+00  0.0000000E+00  0.0000000E+00  0.0000000E+00  0.0000000E+00  0.0000000E+00
         1   107      1  0.0000000E+00  0.0000000E+00  0.0000000E+00  0.0000000E+00  0.0000000E+00  0.0000000E+00
         1   107      2  0.1784644E-03 -0.2942389E-04  0.0000000E+00  0.0000000E+00  0.2218473E-07  0.0000000E+00
         1   107      3  0.2676957E-03 -0.4413592E-04  0.0000000E+00  0.0000000E+00 -0.7218449E-07  0.0000000E+00
         1   107      4  0.3569259E-03 -0.5884805E-04  0.0000000E+00  0.0000000E+00 -0.2368979E-06  0.0000000E+00
         1   107      5  0.4461547E-03 -0.7356032E-04  0.0000000E+00  0.0000000E+00 -0.4719829E-06  0.0000000E+00
         1   107      6  0.5353816E-03 -0.8827277E-04  0.0000000E+00  0.0000000E+00 -0.7774670E-06  0.0000000E+00
         1   107      7  0.6246063E-03 -0.1029854E-03  0.0000000E+00  0.0000000E+00 -0.1153378E-05  0.0000000E+00
         1   107      8  0.7138284E-03 -0.1176983E-03  0.0000000E+00  0.0000000E+00 -0.1599742E-05  0.0000000E+00
         1   107      9  0.8030476E-03 -0.1324115E-03  0.0000000E+00  0.0000000E+00 -0.2116588E-05  0.0000000E+00
         1   107     10 -0.1100880E-04 -0.1705777E-05  0.0000000E+00  0.0000000E+00  0.1397691E-01  0.1000000E-02

         1   108      0  0.0000000E+00  0.0000000E+00  0.0000000E+00  0.0000000E+00  0.0000000E+00  0.0000000E+00
         1   108      1  0.0000000E+00  0.0000000E+00  0.0000000E+00  0.0000000E+00  0.0000000E+00  0.0000000E+00
         1   108      2  0.1596640E-03 -0.4548122E-04  0.0000000E+00  0.0000000E+00  0.2149934E-07  0.0000000E+00
         1   108      3  0.2394950E-03 -0.6822184E-04  0.0000000E+00  0.0000000E+00 -0.7372662E-07  0.0000000E+00
         1   108      4  0.3193250E-03 -0.9096245E-04  0.0000000E+00  0.0000000E+00 -0.2396395E-06  0.0000000E+00
         1   108      5  0.3991534E-03 -0.1137031E-03  0.0000000E+00  0.0000000E+00 -0.4762666E-06  0.0000000E+00
         1   108      6  0.4789800E-03 -0.1364437E-03  0.0000000E+00  0.0000000E+00 -0.7836353E-06  0.0000000E+00
         1   108      7  0.5588043E-03 -0.1591843E-03  0.0000000E+00  0.0000000E+00 -0.1161773E-05  0.0000000E+00
         1   108      8  0.6386259E-03 -0.1819249E-03  0.0000000E+00  0.0000000E+00 -0.1610708E-05  0.0000000E+00
         1   108      9  0.7184446E-03 -0.2046655E-03  0.0000000E+00  0.0000000E+00 -0.2130466E-05  0.0000000E+00
         1   108     10 -0.1159541E-04 -0.6327140E-06  0.0000000E+00  0.0000000E+00  0.1407576E-01  0.1000000E-02

         1   109      0  0.0000000E+00  0.0000000E+00  0.0000000E+00  0.0000000E+00  0.0000000E+00  0.0000000E+00
         1   109      1  0.0000000E+00  0.0000000E+00  0.0000000E+00  0.0000000E+00  0.0000000E+00  0.0000000E+00
         1   109      2  0.1333409E-03 -0.5939570E-04  0.0000000E+00  0.0000000E+00  0.2074674E-07  0.0000000E+00
         1   109      3  0.2000104E-03 -0.8909346E-04  0.0000000E+00  0.0000000E+00 -0.7541996E-07  0.0000000E+00
         1   109      4  0.2666789E-03 -0.1187911E-03  0.0000000E+00  0.0000000E+00 -0.2426498E-06  0.0000000E+00
         1   109      5  0.3333459E-03 -0.1484886E-03  0.0000000E+00  0.0000000E+00 -0.4809702E-06  0.0000000E+00
         1   109      6  0.4000110E-03 -0.1781860E-03  0.0000000E+00  0.0000000E+00 -0.7904085E-06  0.0000000E+00
         1   109      7  0.4666740E-03 -0.2078831E-03  0.0000000E+00  0.0000000E+00 -0.1170992E-05  0.0000000E+00
         1   109      8  0.5333343E-03 -0.2375800E-03  0.0000000E+00  0.0000000E+00 -0.1622749E-05  0.0000000E+00
         1   109      9  0.5999918E-03 -0.2672766E-03  0.0000000E+00  0.0000000E+00 -0.2145705E-05  0.0000000E+00
         1   109     10 -0.1163620E-04  0.4701324E-06  0.0000000E+00  0.0000000E+00  0.1417461E-01  0.1000000E-02

         1   110      0  0.0000000E+00  0.0000000E+00  0.0000000E+00  0.0000000E+00  0.0000000E+00  0.0000000E+00
         1   110      1  0.0000000E+00  0.0000000E+00  0.0000000E+00  0.0000000E+00  0.0000000E+00  0.0000000E+00
         1   110      2  0.1184920E-03 -0.5939570E-04  0.0000000E+00  0.0000000E+00  0.2050191E-07  0.0000000E+00
         1   110      3  0.1777371E-03 -0.8909346E-04  0.0000000E+00  0.0000000E+00 -0.7597082E-07  0.0000000E+00
         1   110      4  0.2369811E-03 -0.1187911E-03  0.0000000E+00  0.0000000E+00 -0.2436291E-06  0.0000000E+00
         1   110      5  0.2962237E-03 -0.1484886E-03  0.0000000E+00  0.0000000E+00 -0.4825004E-06  0.0000000E+00
         1   110      6  0.3554645E-03 -0.1781860E-03  0.0000000E+00  0.0000000E+00 -0.7926119E-06  0.0000000E+00
         1   110      7  0.4147032E-03 -0.2078831E-03  0.0000000E+00  0.0000000E+00 -0.1173991E-05  0.0000000E+00
         1   110      8  0.4739394E-03 -0.2375800E-03  0.0000000E+00  0.0000000E+00 -0.1626666E-05  0.0000000E+00
         1   110      9  0.5331727E-03 -0.2672766E-03  0.0000000E+00  0.0000000E+00 -0.2150663E-05  0.0000000E+00
         1   110     10 -0.1151873E-04  0.4701324E-06  0.0000000E+00  0.0000000E+00  0.1422403E-01  0.1000000E-02

         1   111      0  0.0000000E+00  0.0000000E+00  0.0000000E+00  0.0000000E+00  0.0000000E+00  0.0000000E+00
         1   111      1  0.0000000E+00  0.0000000E+00  0.0000000E+00  0.0000000E+00  0.0000000E+00  0.0000000E+00
         1   111      2  0.1095826E-03 -0.5939570E-04  0.0000000E+00  0.0000000E+00  0.2035502E-07  0.0000000E+00
         1   111      3  0.1643731E-03 -0.8909346E-04  0.0000000E+00  0.0000000E+00 -0.7630133E-07  0.0000000E+00
         1   111      4  0.2191624E-03 -0.1187911E-03  0.0000000E+00  0.0000000E+00 -0.2442167E-06  0.0000000E+00
         1   111      5  0.2739504E-03 -0.1484886E-03  0.0000000E+00  0.0000000E+00 -0.4834184E-06  0.0000000E+00
         1   111      6  0.3287366E-03 -0.1781860E-03  0.0000000E+00  0.0000000E+00 -0.7939340E-06  0.0000000E+00
         1   111      7  0.3835207E-03 -0.2078831E-03  0.0000000E+00  0.0000000E+00 -0.1175791E-05  0.0000000E+00
         1   111      8  0.4383024E-03 -0.2375800E-03  0.0000000E+00  0.0000000E+00 -0.1629016E-05  0.0000000E+00
         1   111      9  0.4930812E-03 -0.2672766E-03  0.0000000E+00  0.0000000E+00 -0.2153637E-05  0.0000000E+00
         1   111     10 -0.1144825E-04  0.4701324E-06  0.0000000E+00  0.0000000E+00  0.1425369E-01  0.1000000E-02

         1   112      0  0.0000000E+00  0.0000000E+00  0.0000000E+00  0.0000000E+00  0.0000000E+00  0.0000000E+00
         1   112      1  0.0000000E+00  0.0000000E+00  0.0000000E+00  0.0000000E+00  0.0000000E+00  0.0000000E+00
         1   112      2  0.9473370E-04 -0.5939570E-04  0.0000000E+00  0.0000000E+00  0.2011019E-07  0.0000000E+00
         1   112      3  0.1420997E-03 -0.8909346E-04  0.0000000E+00  0.0000000E+00 -0.7685218E-07  0.0000000E+00
         1   112      4  0.1894647E-03 -0.1187911E-03  0.0000000E+00  0.0000000E+00 -0.2451960E-06  0.0000000E+00
         1   112      5  0.2368283E-03 -0.1484886E-03  0.0000000E+00  0.0000000E+00 -0.4849486E-06  0.0000000E+00
         1   112      6  0.2841901E-03 -0.1781860E-03  0.0000000E+00  0.0000000E+00 -0.7961374E-06  0.0000000E+00
         1   112      7  0.3315500E-03 -0.2078831E-03  0.0000000E+00  0.0000000E+00 -0.1178790E-05  0.0000000E+00
         1   112      8  0.3789074E-03 -0.2375800E-03  0.0000000E+00  0.0000000E+00 -0.1632933E-05  0.0000000E+00
         1   112      9  0.4262620E-03 -0.2672766E-03  0.0000000E+00  0.0000000E+00 -0.2158595E-05  0.0000000E+00
         1   112     10 -0.1133078E-04  0.4701324E-06  0.0000000E+00  0.0000000E+00  0.1430311E-01  0.1000000E-02

         1   113      0  0.0000000E+00  0.0000000E+00  0.0000000E+00  0.0000000E+00  0.0000000E+00  0.0000000E+00
         1   113      1  0.0000000E+00  0.0000000E+00  0.0000000E+00  0.0000000E+00  0.0000000E+00  0.0000000E+00
         1   113      2 -0.1835351E-03 -0.5939570E-04  0.0000000E+00  0.0000000E+00  0.1552218E-07  0.0000000E+00
         1   113      3 -0.2753032E-03 -0.8909346E-04  0.0000000E+00  0.0000000E+00 -0.8717519E-07  0.0000000E+00
         1   113      4 -0.3670717E-03 -0.1187911E-03  0.0000000E+00  0.0000000E+00 -0.2635479E-06  0.0000000E+00
         1   113      5 -0.4588410E-03 -0.1484886E-03  0.0000000E+00  0.0000000E+00 -0.5136234E-06  0.0000000E+00
         1   113      6 -0.5506111E-03 -0.1781860E-03  0.0000000E+00  0.0000000E+00 -0.8374289E-06  0.0000000E+00
         1   113      7 -0.6423823E-03 -0.2078831E-03  0.0000000E+00  0.0000000E+00 -0.1234992E-05  0.0000000E+00
         1   113      8 -0.7341548E-03 -0.2375800E-03  0.0000000E+00  0.0000000E+00 -0.1706339E-05  0.0000000E+00
         1   113      9 -0.8259287E-03 -0.2672766E-03  0.0000000E+00  0.0000000E+00 -0.2251499E-05  0.0000000E+00
         1   113     10 -0.9129433E-05  0.4701324E-06  0.0000000E+00  0.0000000E+00  0.1522933E-01  0.1000000E-02

         1   114      0  0.0000000E+00  0.0000000E+00  0.0000000E+00  0.0000000E+00  0.0000000E+00  0.0000000E+00
         1   114      1  0.0000000E+00  0.0000000E+00  0.0000000E+00  0.0000000E+00  0.0000000E+00  0.0000000E+00
         1   114      2 -0.1983841E-03 -0.5939570E-04  0.0000000E+00  0.0000000E+00  0.1527736E-07  0.0000000E+00
         1   114      3 -0.2975765E-03 -0.8909346E-04  0.0000000E+00  0.0000000E+00 -0.8772604E-07  0.0000000E+00
         1   114      4 -0.3967695E-03 -0.1187911E-03  0.0000000E+00  0.0000000E+00 -0.2645272E-06  0.0000000E+00
         1   114      5 -0.4959631E-03 -0.1484886E-03  0.0000000E+00  0.0000000E+00 -0.5151536E-06  0.0000000E+00
         1   114      6 -0.5951576E-03 -0.1781860E-03  0.0000000E+00  0.0000000E+00 -0.8396323E-06  0.0000000E+00
         1   114      7 -0.6943531E-03 -0.2078831E-03  0.0000000E+00  0.0000000E+00 -0.1237991E-05  0.0000000E+00
         1   114      8 -0.7935498E-03 -0.2375800E-03  0.0000000E+00  0.0000000E+00 -0.1710257E-05  0.0000000E+00
         1   114      9 -0.8927478E-03 -0.2672766E-03  0.0000000E+00  0.0000000E+00 -0.2256457E-05  0.0000000E+00
         1   114     10 -0.9011965E-05  0.4701324E-06  0.0000000E+00  0.0000000E+00  0.1527876E-01  0.1000000E-02

         1   115      0  0.0000000E+00  0.0000000E+00  0.0000000E+00  0.0000000E+00  0.0000000E+00  0.0000000E+00
         1   115      1  0.0000000E+00  0.0000000E+00  0.0000000E+00  0.0000000E+00  0.0000000E+00  0.0000000E+00
         1   115      2 -0.2072934E-03 -0.5939570E-04  0.0000000E+00  0.0000000E+00  0.1513046E-07  0.0000000E+00
         1   115      3 -0.3109405E-03 -0.8909346E-04  0.0000000E+00  0.0000000E+00 -0.8805655E-07  0.0000000E+00
         1   115      4 -0.4145881E-03 -0.1187911E-03  0.0000000E+00  0.0000000E+00 -0.2651148E-06  0.0000000E+00
         1   115      5 -0.5182364E-03 -0.1484886E-03  0.0000000E+00  0.0000000E+00 -0.5160716E-06  0.0000000E+00
         1   115      6 -0.6218855E-03 -0.1781860E-03  0.0000000E+00  0.0000000E+00 -0.8409544E-06  0.0000000E+00
         1   115      7 -0.7255356E-03 -0.2078831E-03  0.0000000E+00  0.0000000E+00 -0.1239790E-05  0.0000000E+00
         1   115      8 -0.8291868E-03 -0.2375800E-03  0.0000000E+00  0.0000000E+00 -0.1712607E-05  0.0000000E+00
         1   115      9 -0.9328393E-03 -0.2672766E-03  0.0000000E+00  0.0000000E+00 -0.2259431E-05  0.0000000E+00
         1   115     10 -0.8941484E-05  0.4701324E-06  0.0000000E+00  0.0000000E+00  0.1530841E-01  0.1000000E-02

         1   116      0  0.0000000E+00  0.0000000E+00  0.0000000E+00  0.0000000E+00  0.0000000E+00  0.0000000E+00
         1   116      1  0.0000000E+00  0.0000000E+00  0.0000000E+00  0.0000000E+00  0.0000000E+00  0.0000000E+00
         1   116      2 -0.2221424E-03 -0.5939570E-04  0.0000000E+00  0.0000000E+00  0.1488564E-07  0.0000000E+00
         1   116      3 -0.3332139E-03 -0.8909346E-04  0.0000000E+00  0.0000000E+00 -0.8860741E-07  0.0000000E+00
         1   116      4 -0.4442859E-03 -0.1187911E-03  0.0000000E+00  0.0000000E+00 -0.2660941E-06  0.0000000E+00
         1   116      5 -0.5553586E-03 -0.1484886E-03  0.0000000E+00  0.0000000E+00 -0.5176018E-06  0.0000000E+00
         1   116      6 -0.6664320E-03 -0.1781860E-03  0.0000000E+00  0.0000000E+00 -0.8431578E-06  0.0000000E+00
         1   116      7 -0.7775063E-03 -0.2078831E-03  0.0000000E+00  0.0000000E+00 -0.1242789E-05  0.0000000E+00
         1   116      8 -0.8885818E-03 -0.2375800E-03  0.0000000E+00  0.0000000E+00 -0.1716524E-05  0.0000000E+00
         1   116      9 -0.9996585E-03 -0.2672766E-03  0.0000000E+00  0.0000000E+00 -0.2264389E-05  0.0000000E+00
         1   116     10 -0.8824016E-05  0.4701324E-06  0.0000000E+00  0.0000000E+00  0.1535783E-01  0.1000000E-02

         1   117      0  0.0000000E+00  0.0000000E+00  0.0000000E+00  0.0000000E+00  0.0000000E+00  0.0000000E+00
         1   117      1  0.0000000E+00  0.0000000E+00  0.0000000E+00  0.0000000E+00  0.0000000E+00  0.0000000E+00
         1   117      2 -0.2567777E-03 -0.7963487E-04  0.0000000E+00  0.0000000E+00  0.1507701E-07  0.0000000E+00
         1   117      3 -0.3851669E-03 -0.1194522E-03  0.0000000E+00  0.0000000E+00 -0.8817682E-07  0.0000000E+00
         1   117      4 -0.5135565E-03 -0.1592696E-03  0.0000000E+00  0.0000000E+00 -0.2653286E-06  0.0000000E+00
         1   117      5 -0.6419466E-03 -0.1990868E-03  0.0000000E+00  0.0000000E+00 -0.5164057E-06  0.0000000E+00
         1   117      6 -0.7703375E-03 -0.2389039E-03  0.0000000E+00  0.0000000E+00 -0.8414353E-06  0.0000000E+00
         1   117      7 -0.8987292E-03 -0.2787208E-03  0.0000000E+00  0.0000000E+00 -0.1240445E-05  0.0000000E+00
         1   117      8 -0.1027122E-02 -0.3185377E-03  0.0000000E+00  0.0000000E+00 -0.1713462E-05  0.0000000E+00
         1   117      9 -0.1155516E-02 -0.3583543E-03  0.0000000E+00  0.0000000E+00 -0.2260513E-05  0.0000000E+00
         1   117     10 -0.8775019E-05 -0.2733409E-06  0.0000000E+00  0.0000000E+00  0.1545668E-01  0.1000000E-02

         1   118      0  0.0000000E+00  0.0000000E+00  0.0000000E+00  0.0000000E+00  0.0000000E+00  0.0000000E+00
         1   118      1  0.0000000E+00  0.0000000E+00  0.0000000E+00  0.0000000E+00  0.0000000E+00  0.0000000E+00
         1   118      2 -0.3015904E-03 -0.1001666E-03  0.0000000E+00  0.0000000E+00  0.1497775E-07  0.0000000E+00
         1   118      3 -0.4523859E-03 -0.1502498E-03  0.0000000E+00  0.0000000E+00 -0.8840015E-07  0.0000000E+00
         1   118      4 -0.6031818E-03 -0.2003330E-03  0.0000000E+00  0.0000000E+00 -0.2657256E-06  0.0000000E+00
         1   118      5 -0.7539782E-03 -0.2504162E-03  0.0000000E+00  0.0000000E+00 -0.5170260E-06  0.0000000E+00
         1   118      6 -0.9047753E-03 -0.3004992E-03  0.0000000E+00  0.0000000E+00 -0.8423285E-06  0.0000000E+00
         1   118      7 -0.1055573E-02 -0.3505823E-03  0.0000000E+00  0.0000000E+00 -0.1241660E-05  0.0000000E+00
         1   118      8 -0.1206372E-02 -0.4006652E-03  0.0000000E+00  0.0000000E+00 -0.1715049E-05  0.0000000E+00
         1   118      9 -0.1357172E-02 -0.4507480E-03  0.0000000E+00  0.0000000E+00 -0.2262522E-05  0.0000000E+00
         1   118     10 -0.9074632E-05 -0.9294562E-06  0.0000000E+00  0.0000000E+00  0.1555553E-01  0.1000000E-02

         1   119      0  0.0000000E+00  0.0000000E+00  0.0000000E+00  0.0000000E+00  0.0000000E+00  0.0000000E+00
         1   119      1  0.0000000E+00  0.0000000E+00  0.0000000E+00  0.0000000E+00  0.0000000E+00  0.0000000E+00
         1   119      2 -0.3266320E-03 -0.1001666E-03  0.0000000E+00  0.0000000E+00  0.1428146E-07  0.0000000E+00
         1   119      3 -0.4899483E-03 -0.1502498E-03  0.0000000E+00  0.0000000E+00 -0.8996680E-07  0.0000000E+00
         1   119      4 -0.6532650E-03 -0.2003330E-03  0.0000000E+00  0.0000000E+00 -0.2685108E-06  0.0000000E+00
         1   119      5 -0.8165822E-03 -0.2504162E-03  0.0000000E+00  0.0000000E+00 -0.5213778E-06  0.0000000E+00
         1   119      6 -0.9799001E-03 -0.3004992E-03  0.0000000E+00  0.0000000E+00 -0.8485950E-06  0.0000000E+00
         1   119      7 -0.1143219E-02 -0.3505823E-03  0.0000000E+00  0.0000000E+00 -0.1250190E-05  0.0000000E+00
         1   119      8 -0.1306538E-02 -0.4006652E-03  0.0000000E+00  0.0000000E+00 -0.1726190E-05  0.0000000E+00
         1   119      9 -0.1469859E-02 -0.4507480E-03  0.0000000E+00  0.0000000E+00 -0.2276622E-05  0.0000000E+00
         1   119     10 -0.9306867E-05 -0.9294562E-06  0.0000000E+00  0.0000000E+00  0.1560496E-01  0.1000000E-02

         1   120      0  0.0000000E+00  0.0000000E+00  0.0000000E+00  0.0000000E+00  0.0000000E+00  0.0000000E+00
         1   120      1  0.0000000E+00  0.0000000E+00  0.0000000E+00  0.0000000E+00  0.0000000E+00  0.0000000E+00
         1   120      2 -0.3416570E-03 -0.1001666E-03  0.0000000E+00  0.0000000E+00  0.1386369E-07  0.0000000E+00
         1   120      3 -0.5124858E-03 -0.1502498E-03  0.0000000E+00  0.0000000E+00 -0.9090679E-07  0.0000000E+00
         1   120      4 -0.6833150E-03 -0.2003330E-03  0.0000000E+00  0.0000000E+00 -0.2701819E-06  0.0000000E+00
         1   120      5 -0.8541447E-03 -0.2504162E-03  0.0000000E+00  0.0000000E+00 -0.5239888E-06  0.0000000E+00
         1   120      6 -0.1024975E-02 -0.3004992E-03  0.0000000E+00  0.0000000E+00 -0.8523550E-06  0.0000000E+00
         1   120      7 -0.1195806E-02 -0.3505823E-03  0.0000000E+00  0.0000000E+00 -0.1255308E-05  0.0000000E+00
         1   120      8 -0.1366638E-02 -0.4006652E-03  0.0000000E+00  0.0000000E+00 -0.1732874E-05  0.0000000E+00
         1   120      9 -0.1537471E-02 -0.4507480E-03  0.0000000E+00  0.0000000E+00 -0.2285082E-05  0.0000000E+00
         1   120     10 -0.9446208E-05 -0.9294562E-06  0.0000000E+00  0.0000000E+00  0.1563461E-01  0.1000000E-02

         1   121      0  0.0000000E+00  0.0000000E+00  0.0000000E+00  0.0000000E+00  0.0000000E+00  0.0000000E+00
         1   121      1  0.0000000E+00  0.0000000E+00  0.0000000E+00  0.0000000E+00  0.0000000E+00  0.0000000E+00
         1   121      2 -0.3666986E-03 -0.1001666E-03  0.0000000E+00  0.0000000E+00  0.1316740E-07  0.0000000E+00
         1   121      3 -0.5500483E-03 -0.1502498E-03  0.0000000E+00  0.0000000E+00 -0.9247344E-07  0.0000000E+00
         1   121      4 -0.7333982E-03 -0.2003330E-03  0.0000000E+00  0.0000000E+00 -0.2729670E-06  0.0000000E+00
         1   121      5 -0.9167487E-03 -0.2504162E-03  0.0000000E+00  0.0000000E+00 -0.5283406E-06  0.0000000E+00
         1   121      6 -0.1100100E-02 -0.3004992E-03  0.0000000E+00  0.0000000E+00 -0.8586216E-06  0.0000000E+00
         1   121      7 -0.1283452E-02 -0.3505823E-03  0.0000000E+00  0.0000000E+00 -0.1263837E-05  0.0000000E+00
         1   121      8 -0.1466804E-02 -0.4006652E-03  0.0000000E+00  0.0000000E+00 -0.1744015E-05  0.0000000E+00
         1   121      9 -0.1650158E-02 -0.4507480E-03  0.0000000E+00  0.0000000E+00 -0.2299181E-05  0.0000000E+00
         1   121     10 -0.9678443E-05 -0.9294562E-06  0.0000000E+00  0.0000000E+00  0.1568404E-01  0.1000000E-02

         1   122      0  0.0000000E+00  0.0000000E+00  0.0000000E+00  0.0000000E+00  0.0000000E+00  0.0000000E+00
         1   122      1  0.0000000E+00  0.0000000E+00  0.0000000E+00  0.0000000E+00  0.0000000E+00  0.0000000E+00
         1   122      2 -0.8291987E-03 -0.9685166E-04  0.0000000E+00  0.0000000E+00  0.6864102E-04  0.0000000E+00
         1   122      3 -0.1243789E-02 -0.1452784E-03  0.0000000E+00  0.0000000E+00  0.1028387E-03  0.0000000E+00
         1   122      4 -0.1658374E-02 -0.1937058E-03  0.0000000E+00  0.0000000E+00  0.1369544E-03  0.0000000E+00
         1   122      5 -0.2072953E-02 -0.2421337E-03  0.0000000E+00  0.0000000E+00  0.1709882E-03  0.0000000E+00
         1   122      6 -0.2487527E-02 -0.2905622E-03  0.0000000E+00  0.0000000E+00  0.2049400E-03  0.0000000E+00
         1   122      7 -0.2902095E-02 -0.3389912E-03  0.0000000E+00  0.0000000E+00  0.2388099E-03  0.0000000E+00
         1   122      8 -0.3316657E-02 -0.3874208E-03  0.0000000E+00  0.0000000E+00  0.2725977E-03  0.0000000E+00
         1   122      9 -0.3731214E-02 -0.4358510E-03  0.0000000E+00  0.0000000E+00  0.3063036E-03  0.0000000E+00
         1   122     10  0.2535969E-03  0.1131389E-03  0.0000000E+00  0.0000000E+00  0.1660139E-01  0.1000000E-02

         1   123      0  0.0000000E+00  0.0000000E+00  0.0000000E+00  0.0000000E+00  0.0000000E+00  0.0000000E+00
         1   123      1  0.0000000E+00  0.0000000E+00  0.0000000E+00  0.0000000E+00  0.0000000E+00  0.0000000E+00
         1   123      2 -0.8534116E-03 -0.9685166E-04  0.0000000E+00  0.0000000E+00  0.6864037E-04  0.0000000E+00
         1   123      3 -0.1280109E-02 -0.1452784E-03  0.0000000E+00  0.0000000E+00  0.1028372E-03  0.0000000E+00
         1   123      4 -0.1706801E-02 -0.1937058E-03  0.0000000E+00  0.0000000E+00  0.1369518E-03  0.0000000E+00
         1   123      5 -0.2133487E-02 -0.2421337E-03  0.0000000E+00  0.0000000E+00  0.1709841E-03  0.0000000E+00
         1   123      6 -0.2560167E-02 -0.2905622E-03  0.0000000E+00  0.0000000E+00  0.2049342E-03  0.0000000E+00
         1   123      7 -0.2986843E-02 -0.3389912E-03  0.0000000E+00  0.0000000E+00  0.2388019E-03  0.0000000E+00
         1   123      8 -0.3413513E-02 -0.3874208E-03  0.0000000E+00  0.0000000E+00  0.2725873E-03  0.0000000E+00
         1   123      9 -0.3840177E-02 -0.4358510E-03  0.0000000E+00  0.0000000E+00  0.3062904E-03  0.0000000E+00
         1   123     10  0.2818659E-03  0.1131389E-03  0.0000000E+00  0.0000000E+00  0.1665081E-01  0.1000000E-02

         1   124      0  0.0000000E+00  0.0000000E+00  0.0000000E+00  0.0000000E+00  0.0000000E+00  0.0000000E+00
         1   124      1  0.0000000E+00  0.0000000E+00  0.0000000E+00  0.0000000E+00  0.0000000E+00  0.0000000E+00
         1   124      2 -0.8679393E-03 -0.9685166E-04  0.0000000E+00  0.0000000E+00  0.6863998E-04  0.0000000E+00
         1   124      3 -0.1301901E-02 -0.1452784E-03  0.0000000E+00  0.0000000E+00  0.1028363E-03  0.0000000E+00
         1   124      4 -0.1735856E-02 -0.1937058E-03  0.0000000E+00  0.0000000E+00  0.1369502E-03  0.0000000E+00
         1   124      5 -0.2169807E-02 -0.2421337E-03  0.0000000E+00  0.0000000E+00  0.1709817E-03  0.0000000E+00
         1   124      6 -0.2603752E-02 -0.2905622E-03  0.0000000E+00  0.0000000E+00  0.2049306E-03  0.0000000E+00
         1   124      7 -0.3037691E-02 -0.3389912E-03  0.0000000E+00  0.0000000E+00  0.2387971E-03  0.0000000E+00
         1   124      8 -0.3471626E-02 -0.3874208E-03  0.0000000E+00  0.0000000E+00  0.2725811E-03  0.0000000E+00
         1   124      9 -0.3905555E-02 -0.4358510E-03  0.0000000E+00  0.0000000E+00  0.3062825E-03  0.0000000E+00
         1   124     10  0.2988273E-03  0.1131389E-03  0.0000000E+00  0.0000000E+00  0.1668047E-01  0.1000000E-02

         1   125      0  0.0000000E+00  0.0000000E+00  0.0000000E+00  0.0000000E+00  0.0000000E+00  0.0000000E+00
         1   125      1  0.0000000E+00  0.0000000E+00  0.0000000E+00  0.0000000E+00  0.0000000E+00  0.0000000E+00
         1   125      2 -0.8921522E-03 -0.9685166E-04  0.0000000E+00  0.0000000E+00  0.6863933E-04  0.0000000E+00
         1   125      3 -0.1338220E-02 -0.1452784E-03  0.0000000E+00  0.0000000E+00  0.1028349E-03  0.0000000E+00
         1   125      4 -0.1784283E-02 -0.1937058E-03  0.0000000E+00  0.0000000E+00  0.1369476E-03  0.0000000E+00
         1   125      5 -0.2230340E-02 -0.2421337E-03  0.0000000E+00  0.0000000E+00  0.1709776E-03  0.0000000E+00
         1   125      6 -0.2676392E-02 -0.2905622E-03  0.0000000E+00  0.0000000E+00  0.2049248E-03  0.0000000E+00
         1   125      7 -0.3122439E-02 -0.3389912E-03  0.0000000E+00  0.0000000E+00  0.2387891E-03  0.0000000E+00
         1   125      8 -0.3568481E-02 -0.3874208E-03  0.0000000E+00  0.0000000E+00  0.2725707E-03  0.0000000E+00
         1   125      9 -0.4014518E-02 -0.4358510E-03  0.0000000E+00  0.0000000E+00  0.3062693E-03  0.0000000E+00
         1   125     10  0.3270964E-03  0.1131389E-03  0.0000000E+00  0.0000000E+00  0.1672989E-01  0.1000000E-02

         1   126      0  0.0000000E+00  0.0000000E+00  0.0000000E+00  0.0000000E+00  0.0000000E+00  0.0000000E+00
         1   126      1  0.0000000E+00  0.0000000E+00  0.0000000E+00  0.0000000E+00  0.0000000E+00  0.0000000E+00
         1   126      2 -0.9222664E-03 -0.2319840E-04  0.0000000E+00  0.0000000E+00  0.6862682E-04  0.0000000E+00
         1   126      3 -0.1383392E-02 -0.3479915E-04  0.0000000E+00  0.0000000E+00  0.1028067E-03  0.0000000E+00
         1   126      4 -0.1844513E-02 -0.4640091E-04  0.0000000E+00  0.0000000E+00  0.1368976E-03  0.0000000E+00
         1   126      5 -0.2305628E-02 -0.5800365E-04  0.0000000E+00  0.0000000E+00  0.1708994E-03  0.0000000E+00
         1   126      6 -0.2766739E-02 -0.6960736E-04  0.0000000E+00  0.0000000E+00  0.2048122E-03  0.0000000E+00
         1   126      7 -0.3227846E-02 -0.8121201E-04  0.0000000E+00  0.0000000E+00  0.2386358E-03  0.0000000E+00
         1   126      8 -0.3688947E-02 -0.9281759E-04  0.0000000E+00  0.0000000E+00  0.2723704E-03  0.0000000E+00
         1   126      9 -0.4150044E-02 -0.1044241E-03  0.0000000E+00  0.0000000E+00  0.3060159E-03  0.0000000E+00
         1   126     10  0.3766660E-03  0.8458109E-04  0.0000000E+00  0.0000000E+00  0.1682874E-01  0.1000000E-02

         1   127      0  0.0000000E+00  0.0000000E+00  0.0000000E+00  0.0000000E+00  0.0000000E+00  0.0000000E+00
         1   127      1  0.0000000E+00  0.0000000E+00  0.0000000E+00  0.0000000E+00  0.0000000E+00  0.0000000E+00
         1   127      2 -0.9151946E-03  0.5139022E-04  0.0000000E+00  0.0000000E+00  0.6861447E-04  0.0000000E+00
         1   127      3 -0.1372785E-02  0.7708321E-04  0.0000000E+00  0.0000000E+00  0.1027789E-03  0.0000000E+00
         1   127      4 -0.1830372E-02  0.1027748E-03  0.0000000E+00  0.0000000E+00  0.1368482E-03  0.0000000E+00
         1   127      5 -0.2287953E-02  0.1284651E-03  0.0000000E+00  0.0000000E+00  0.1708222E-03  0.0000000E+00
         1   127      6 -0.2745531E-02  0.1541540E-03  0.0000000E+00  0.0000000E+00  0.2047011E-03  0.0000000E+00
         1   127      7 -0.3203105E-02  0.1798417E-03  0.0000000E+00  0.0000000E+00  0.2384846E-03  0.0000000E+00
         1   127      8 -0.3660674E-02  0.2055281E-03  0.0000000E+00  0.0000000E+00  0.2721729E-03  0.0000000E+00
         1   127      9 -0.4118239E-02  0.2312132E-03  0.0000000E+00  0.0000000E+00  0.3057660E-03  0.0000000E+00
         1   127     10  0.4110622E-03  0.5261608E-04  0.0000000E+00  0.0000000E+00  0.1692759E-01  0.1000000E-02

         1   128      0  0.0000000E+00  0.0000000E+00  0.0000000E+00  0.0000000E+00  0.0000000E+00  0.0000000E+00
         1   128      1  0.0000000E+00  0.0000000E+00  0.0000000E+00  0.0000000E+00  0.0000000E+00  0.0000000E+00
         1   128      2 -0.9023470E-03  0.5139022E-04  0.0000000E+00  0.0000000E+00  0.6861429E-04  0.0000000E+00
         1   128      3 -0.1353514E-02  0.7708321E-04  0.0000000E+00  0.0000000E+00  0.1027785E-03  0.0000000E+00
         1   128      4 -0.1804678E-02  0.1027748E-03  0.0000000E+00  0.0000000E+00  0.1368475E-03  0.0000000E+00
         1   128      5 -0.2255837E-02  0.1284651E-03  0.0000000E+00  0.0000000E+00  0.1708211E-03  0.0000000E+00
         1   128      6 -0.2706993E-02  0.1541540E-03  0.0000000E+00  0.0000000E+00  0.2046994E-03  0.0000000E+00
         1   128      7 -0.3158144E-02  0.1798417E-03  0.0000000E+00  0.0000000E+00  0.2384824E-03  0.0000000E+00
         1   128      8 -0.3609292E-02  0.2055281E-03  0.0000000E+00  0.0000000E+00  0.2721700E-03  0.0000000E+00
         1   128      9 -0.4060436E-02  0.2312132E-03  0.0000000E+00  0.0000000E+00  0.3057622E-03  0.0000000E+00
         1   128     10  0.4242089E-03  0.5261608E-04  0.0000000E+00  0.0000000E+00  0.1697701E-01  0.1000000E-02

         1   129      0  0.0000000E+00  0.0000000E+00  0.0000000E+00  0.0000000E+00  0.0000000E+00  0.0000000E+00
         1   129      1  0.0000000E+00  0.0000000E+00  0.0000000E+00  0.0000000E+00  0.0000000E+00  0.0000000E+00
         1   129      2 -0.8946385E-03  0.5139022E-04  0.0000000E+00  0.0000000E+00  0.6861418E-04  0.0000000E+00
         1   129      3 -0.1341952E-02  0.7708321E-04  0.0000000E+00  0.0000000E+00  0.1027783E-03  0.0000000E+00
         1   129      4 -0.1789262E-02  0.1027748E-03  0.0000000E+00  0.0000000E+00  0.1368470E-03  0.0000000E+00
         1   129      5 -0.2236567E-02  0.1284651E-03  0.0000000E+00  0.0000000E+00  0.1708204E-03  0.0000000E+00
         1   129      6 -0.2683870E-02  0.1541540E-03  0.0000000E+00  0.0000000E+00  0.2046984E-03  0.0000000E+00
         1   129      7 -0.3131168E-02  0.1798417E-03  0.0000000E+00  0.0000000E+00  0.2384810E-03  0.0000000E+00
         1   129      8 -0.3578463E-02  0.2055281E-03  0.0000000E+00  0.0000000E+00  0.2721682E-03  0.0000000E+00
         1   129      9 -0.4025754E-02  0.2312132E-03  0.0000000E+00  0.0000000E+00  0.3057600E-03  0.0000000E+00
         1   129     10  0.4320970E-03  0.5261608E-04  0.0000000E+00  0.0000000E+00  0.1700666E-01  0.1000000E-02

         1   130      0  0.0000000E+00  0.0000000E+00  0.0000000E+00  0.0000000E+00  0.0000000E+00  0.0000000E+00
         1   130      1  0.0000000E+00  0.0000000E+00  0.0000000E+00  0.0000000E+00  0.0000000E+00  0.0000000E+00
         1   130      2 -0.8817909E-03  0.5139022E-04  0.0000000E+00  0.0000000E+00  0.6861399E-04  0.0000000E+00
         1   130      3 -0.1322681E-02  0.7708321E-04  0.0000000E+00  0.0000000E+00  0.1027779E-03  0.0000000E+00
         1   130      4 -0.1763568E-02  0.1027748E-03  0.0000000E+00  0.0000000E+00  0.1368463E-03  0.0000000E+00
         1   130      5 -0.2204451E-02  0.1284651E-03  0.0000000E+00  0.0000000E+00  0.1708193E-03  0.0000000E+00
         1   130      6 -0.2645331E-02  0.1541540E-03  0.0000000E+00  0.0000000E+00  0.2046968E-03  0.0000000E+00
         1   130      7 -0.3086208E-02  0.1798417E-03  0.0000000E+00  0.0000000E+00  0.2384788E-03  0.0000000E+00
         1   130      8 -0.3527081E-02  0.2055281E-03  0.0000000E+00  0.0000000E+00  0.2721653E-03  0.0000000E+00
         1   130      9 -0.3967951E-02  0.2312132E-03  0.0000000E+00  0.0000000E+00  0.3057563E-03  0.0000000E+00
         1   130     10  0.4452437E-03  0.5261608E-04  0.0000000E+00  0.0000000E+00  0.1705609E-01  0.1000000E-02

         1   131      0  0.0000000E+00  0.0000000E+00  0.0000000E+00  0.0000000E+00  0.0000000E+00  0.0000000E+00
         1   131      1  0.0000000E+00  0.0000000E+00  0.0000000E+00  0.0000000E+00  0.0000000E+00  0.0000000E+00
         1   131      2 -0.6306717E-03  0.5558377E-04  0.0000000E+00  0.0000000E+00  0.1554203E-03  0.0000000E+00
         1   131      3 -0.9460206E-03  0.8337327E-04  0.0000000E+00  0.0000000E+00  0.2329839E-03  0.0000000E+00
         1   131      4 -0.1261378E-02  0.1111612E-03  0.0000000E+00  0.0000000E+00  0.3104498E-03  0.0000000E+00
         1   131      5 -0.1576744E-02  0.1389476E-03  0.0000000E+00  0.0000000E+00  0.3878180E-03  0.0000000E+00
         1   131      6 -0.1892118E-02  0.1667326E-03  0.0000000E+00  0.0000000E+00  0.4650884E-03  0.0000000E+00
         1   131      7 -0.2207500E-02  0.1945160E-03  0.0000000E+00  0.0000000E+00  0.5422611E-03  0.0000000E+00
         1   131      8 -0.2522890E-02  0.2222980E-03  0.0000000E+00  0.0000000E+00  0.6193359E-03  0.0000000E+00
         1   131      9 -0.2838289E-02  0.2500786E-03  0.0000000E+00  0.0000000E+00  0.6963130E-03  0.0000000E+00
         1   131     10  0.9522994E-03  0.1634872E-03  0.0000000E+00  0.0000000E+00  0.1790727E-01  0.1000000E-02

         1   132      0  0.0000000E+00  0.0000000E+00  0.0000000E+00  0.0000000E+00  0.0000000E+00  0.0000000E+00
         1   132      1  0.0000000E+00  0.0000000E+00  0.0000000E+00  0.0000000E+00  0.0000000E+00  0.0000000E+00
         1   132      2 -0.6167758E-03  0.5558377E-04  0.0000000E+00  0.0000000E+00  0.1554201E-03  0.0000000E+00
         1   132      3 -0.9251772E-03  0.8337327E-04  0.0000000E+00  0.0000000E+00  0.2329834E-03  0.0000000E+00
         1   132      4 -0.1233588E-02  0.1111612E-03  0.0000000E+00  0.0000000E+00  0.3104489E-03  0.0000000E+00
         1   132      5 -0.1542007E-02  0.1389476E-03  0.0000000E+00  0.0000000E+00  0.3878166E-03  0.0000000E+00
         1   132      6 -0.1850435E-02  0.1667326E-03  0.0000000E+00  0.0000000E+00  0.4650865E-03  0.0000000E+00
         1   132      7 -0.2158871E-02  0.1945160E-03  0.0000000E+00  0.0000000E+00  0.5422584E-03  0.0000000E+00
         1   132      8 -0.2467316E-02  0.2222980E-03  0.0000000E+00  0.0000000E+00  0.6193325E-03  0.0000000E+00
         1   132      9 -0.2775769E-02  0.2500786E-03  0.0000000E+00  0.0000000E+00  0.6963087E-03  0.0000000E+00
         1   132     10  0.9931485E-03  0.1634872E-03  0.0000000E+00  0.0000000E+00  0.1795670E-01  0.1000000E-02

         1   133      0  0.0000000E+00  0.0000000E+00  0.0000000E+00  0.0000000E+00  0.0000000E+00  0.0000000E+00
         1   133      1  0.0000000E+00  0.0000000E+00  0.0000000E+00  0.0000000E+00  0.0000000E+00  0.0000000E+00
         1   133      2 -0.6084382E-03  0.5558377E-04  0.0000000E+00  0.0000000E+00  0.1554199E-03  0.0000000E+00
         1   133      3 -0.9126712E-03  0.8337327E-04  0.0000000E+00  0.0000000E+00  0.2329831E-03  0.0000000E+00
         1   133      4 -0.1216913E-02  0.1111612E-03  0.0000000E+00  0.0000000E+00  0.3104484E-03  0.0000000E+00
         1   133      5 -0.1521165E-02  0.1389476E-03  0.0000000E+00  0.0000000E+00  0.3878158E-03  0.0000000E+00
         1   133      6 -0.1825425E-02  0.1667326E-03  0.0000000E+00  0.0000000E+00  0.4650853E-03  0.0000000E+00
         1   133      7 -0.2129694E-02  0.1945160E-03  0.0000000E+00  0.0000000E+00  0.5422569E-03  0.0000000E+00
         1   133      8 -0.2433971E-02  0.2222980E-03  0.0000000E+00  0.0000000E+00  0.6193304E-03  0.0000000E+00
         1   133      9 -0.2738257E-02  0.2500786E-03  0.0000000E+00  0.0000000E+00  0.6963061E-03  0.0000000E+00
         1   133     10  0.1017658E-02  0.1634872E-03  0.0000000E+00  0.0000000E+00  0.1798635E-01  0.1000000E-02

         1   134      0  0.0000000E+00  0.0000000E+00  0.0000000E+00  0.0000000E+00  0.0000000E+00  0.0000000E+00
         1   134      1  0.0000000E+00  0.0000000E+00  0.0000000E+00  0.0000000E+00  0.0000000E+00  0.0000000E+00
         1   134      2 -0.5945423E-03  0.5558377E-04  0.0000000E+00  0.0000000E+00  0.1554197E-03  0.0000000E+00
         1   134      3 -0.8918279E-03  0.8337327E-04  0.0000000E+00  0.0000000E+00  0.2329826E-03  0.0000000E+00
         1   134      4 -0.1189123E-02  0.1111612E-03  0.0000000E+00  0.0000000E+00  0.3104476E-03  0.0000000E+00
         1   134      5 -0.1486428E-02  0.1389476E-03  0.0000000E+00  0.0000000E+00  0.3878145E-03  0.0000000E+00
         1   134      6 -0.1783742E-02  0.1667326E-03  0.0000000E+00  0.0000000E+00  0.4650834E-03  0.0000000E+00
         1   134      7 -0.2081065E-02  0.1945160E-03  0.0000000E+00  0.0000000E+00  0.5422542E-03  0.0000000E+00
         1   134      8 -0.2378397E-02  0.2222980E-03  0.0000000E+00  0.0000000E+00  0.6193270E-03  0.0000000E+00
         1   134      9 -0.2675738E-02  0.2500786E-03  0.0000000E+00  0.0000000E+00  0.6963017E-03  0.0000000E+00
         1   134     10  0.1058507E-02  0.1634872E-03  0.0000000E+00  0.0000000E+00  0.1803577E-01  0.1000000E-02

         1   135      0  0.0000000E+00  0.0000000E+00  0.0000000E+00  0.0000000E+00  0.0000000E+00  0.0000000E+00
         1   135      1  0.0000000E+00  0.0000000E+00  0.0000000E+00  0.0000000E+00  0.0000000E+00  0.0000000E+00
         1   135      2 -0.5775775E-03  0.1248391E-04  0.0000000E+00  0.0000000E+00  0.1554240E-03  0.0000000E+00
         1   135      3 -0.8663822E-03  0.1872235E-04  0.0000000E+00  0.0000000E+00  0.2329923E-03  0.0000000E+00
         1   135      4 -0.1155197E-02  0.2495851E-04  0.0000000E+00  0.0000000E+00  0.3104648E-03  0.0000000E+00
         1   135      5 -0.1444023E-02  0.3119242E-04  0.0000000E+00  0.0000000E+00  0.3878414E-03  0.0000000E+00
         1   135      6 -0.1732859E-02  0.3742411E-04  0.0000000E+00  0.0000000E+00  0.4651221E-03  0.0000000E+00
         1   135      7 -0.2021705E-02  0.4365362E-04  0.0000000E+00  0.0000000E+00  0.5423070E-03  0.0000000E+00
         1   135      8 -0.2310560E-02  0.4988098E-04  0.0000000E+00  0.0000000E+00  0.6193959E-03  0.0000000E+00
         1   135      9 -0.2599426E-02  0.5610624E-04  0.0000000E+00  0.0000000E+00  0.6963889E-03  0.0000000E+00
         1   135     10  0.1160271E-02  0.2450448E-03  0.0000000E+00  0.0000000E+00  0.1813463E-01  0.1000000E-02

         1   136      0  0.0000000E+00  0.0000000E+00  0.0000000E+00  0.0000000E+00  0.0000000E+00  0.0000000E+00
         1   136      1  0.0000000E+00  0.0000000E+00  0.0000000E+00  0.0000000E+00  0.0000000E+00  0.0000000E+00
         1   136      2 -0.5819815E-03 -0.3015409E-04  0.0000000E+00  0.0000000E+00  0.1554284E-03  0.0000000E+00
         1   136      3 -0.8729903E-03 -0.4523589E-04  0.0000000E+00  0.0000000E+00  0.2330021E-03  0.0000000E+00
         1   136      4 -0.1164011E-02 -0.6032080E-04  0.0000000E+00  0.0000000E+00  0.3104822E-03  0.0000000E+00
         1   136      5 -0.1455043E-02 -0.7540877E-04  0.0000000E+00  0.0000000E+00  0.3878687E-03  0.0000000E+00
         1   136      6 -0.1746087E-02 -0.9049975E-04  0.0000000E+00  0.0000000E+00  0.4651614E-03  0.0000000E+00
         1   136      7 -0.2037142E-02 -0.1055937E-03  0.0000000E+00  0.0000000E+00  0.5423604E-03  0.0000000E+00
         1   136      8 -0.2328209E-02 -0.1206906E-03  0.0000000E+00  0.0000000E+00  0.6194657E-03  0.0000000E+00
         1   136      9 -0.2619286E-02 -0.1357903E-03  0.0000000E+00  0.0000000E+00  0.6964773E-03  0.0000000E+00
         1   136     10  0.1304923E-02  0.3356601E-03  0.0000000E+00  0.0000000E+00  0.1823349E-01  0.1000000E-02

         1   137      0  0.0000000E+00  0.0000000E+00  0.0000000E+00  0.0000000E+00  0.0000000E+00  0.0000000E+00
         1   137      1  0.0000000E+00  0.0000000E+00  0.0000000E+00  0.0000000E+00  0.0000000E+00  0.0000000E+00
         1   137      2 -0.5895200E-03 -0.3015409E-04  0.0000000E+00  0.0000000E+00  0.1554283E-03  0.0000000E+00
         1   137      3 -0.8842992E-03 -0.4523589E-04  0.0000000E+00  0.0000000E+00  0.2330020E-03  0.0000000E+00
         1   137      4 -0.1179091E-02 -0.6032080E-04  0.0000000E+00  0.0000000E+00  0.3104820E-03  0.0000000E+00
         1   137      5 -0.1473895E-02 -0.7540877E-04  0.0000000E+00  0.0000000E+00  0.3878683E-03  0.0000000E+00
         1   137      6 -0.1768712E-02 -0.9049975E-04  0.0000000E+00  0.0000000E+00  0.4651608E-03  0.0000000E+00
         1   137      7 -0.2063541E-02 -0.1055937E-03  0.0000000E+00  0.0000000E+00  0.5423596E-03  0.0000000E+00
         1   137      8 -0.2358381E-02 -0.1206906E-03  0.0000000E+00  0.0000000E+00  0.6194647E-03  0.0000000E+00
         1   137      9 -0.2653234E-02 -0.1357903E-03  0.0000000E+00  0.0000000E+00  0.6964760E-03  0.0000000E+00
         1   137     10  0.1388791E-02  0.3356601E-03  0.0000000E+00  0.0000000E+00  0.1828291E-01  0.1000000E-02

         1   138      0  0.0000000E+00  0.0000000E+00  0.0000000E+00  0.0000000E+00  0.0000000E+00  0.0000000E+00
         1   138      1  0.0000000E+00  0.0000000E+00  0.0000000E+00  0.0000000E+00  0.0000000E+00  0.0000000E+00
         1   138      2 -0.5940431E-03 -0.3015409E-04  0.0000000E+00  0.0000000E+00  0.1554283E-03  0.0000000E+00
         1   138      3 -0.8910846E-03 -0.4523589E-04  0.0000000E+00  0.0000000E+00  0.2330019E-03  0.0000000E+00
         1   138      4 -0.1188139E-02 -0.6032080E-04  0.0000000E+00  0.0000000E+00  0.3104818E-03  0.0000000E+00
         1   138      5 -0.1485207E-02 -0.7540877E-04  0.0000000E+00  0.0000000E+00  0.3878680E-03  0.0000000E+00
         1   138      6 -0.1782287E-02 -0.9049975E-04  0.0000000E+00  0.0000000E+00  0.4651605E-03  0.0000000E+00
         1   138      7 -0.2079380E-02 -0.1055937E-03  0.0000000E+00  0.0000000E+00  0.5423592E-03  0.0000000E+00
         1   138      8 -0.2376485E-02 -0.1206906E-03  0.0000000E+00  0.0000000E+00  0.6194641E-03  0.0000000E+00
         1   138      9 -0.2673602E-02 -0.1357903E-03  0.0000000E+00  0.0000000E+00  0.6964752E-03  0.0000000E+00
         1   138     10  0.1439112E-02  0.3356601E-03  0.0000000E+00  0.0000000E+00  0.1831256E-01  0.1000000E-02

         1   139      0  0.0000000E+00  0.0000000E+00  0.0000000E+00  0.0000000E+00  0.0000000E+00  0.0000000E+00
         1   139      1  0.0000000E+00  0.0000000E+00  0.0000000E+00  0.0000000E+00  0.0000000E+00  0.0000000E+00
         1   139      2 -0.6015816E-03 -0.3015409E-04  0.0000000E+00  0.0000000E+00  0.1554282E-03  0.0000000E+00
         1   139      3 -0.9023936E-03 -0.4523589E-04  0.0000000E+00  0.0000000E+00  0.2330018E-03  0.0000000E+00
         1   139      4 -0.1203219E-02 -0.6032080E-04  0.0000000E+00  0.0000000E+00  0.3104816E-03  0.0000000E+00
         1   139      5 -0.1504059E-02 -0.7540877E-04  0.0000000E+00  0.0000000E+00  0.3878676E-03  0.0000000E+00
         1   139      6 -0.1804912E-02 -0.9049975E-04  0.0000000E+00  0.0000000E+00  0.4651599E-03  0.0000000E+00
         1   139      7 -0.2105778E-02 -0.1055937E-03  0.0000000E+00  0.0000000E+00  0.5423584E-03  0.0000000E+00
         1   139      8 -0.2406657E-02 -0.1206906E-03  0.0000000E+00  0.0000000E+00  0.6194631E-03  0.0000000E+00
         1   139      9 -0.2707550E-02 -0.1357903E-03  0.0000000E+00  0.0000000E+00  0.6964739E-03  0.0000000E+00
         1   139     10  0.1522981E-02  0.3356601E-03  0.0000000E+00  0.0000000E+00  0.1836197E-01  0.1000000E-02

         1   140      0  0.0000000E+00  0.0000000E+00  0.0000000E+00  0.0000000E+00  0.0000000E+00  0.0000000E+00
         1   140      1  0.0000000E+00  0.0000000E+00  0.0000000E+00  0.0000000E+00  0.0000000E+00  0.0000000E+00
         1   140      2 -0.7344580E-03 -0.2644948E-04  0.0000000E+00  0.0000000E+00  0.2321113E-03  0.0000000E+00
         1   140      3 -0.1101727E-02 -0.3967890E-04  0.0000000E+00  0.0000000E+00  0.3480283E-03  0.0000000E+00
         1   140      4 -0.1469021E-02 -0.5291137E-04  0.0000000E+00  0.0000000E+00  0.4638527E-03  0.0000000E+00
         1   140      5 -0.1836341E-02 -0.6614686E-04  0.0000000E+00  0.0000000E+00  0.5795846E-03  0.0000000E+00
         1   140      6 -0.2203687E-02 -0.7938531E-04  0.0000000E+00  0.0000000E+00  0.6952238E-03  0.0000000E+00
         1   140      7 -0.2571057E-02 -0.9262668E-04  0.0000000E+00  0.0000000E+00  0.8107704E-03  0.0000000E+00
         1   140      8 -0.2938451E-02 -0.1058709E-03  0.0000000E+00  0.0000000E+00  0.9262243E-03  0.0000000E+00
         1   140      9 -0.3305869E-02 -0.1191180E-03  0.0000000E+00  0.0000000E+00  0.1041585E-02  0.0000000E+00
         1   140     10  0.3335908E-02  0.4369240E-03  0.0000000E+00  0.0000000E+00  0.1901447E-01  0.1000000E-02

         1   141      0  0.0000000E+00  0.0000000E+00  0.0000000E+00  0.0000000E+00  0.0000000E+00  0.0000000E+00
         1   141      1  0.0000000E+00  0.0000000E+00  0.0000000E+00  0.0000000E+00  0.0000000E+00  0.0000000E+00
         1   141      2 -0.7410703E-03 -0.2644948E-04  0.0000000E+00  0.0000000E+00  0.2321112E-03  0.0000000E+00
         1   141      3 -0.1111646E-02 -0.3967890E-04  0.0000000E+00  0.0000000E+00  0.3480281E-03  0.0000000E+00
         1   141      4 -0.1482249E-02 -0.5291137E-04  0.0000000E+00  0.0000000E+00  0.4638525E-03  0.0000000E+00
         1   141      5 -0.1852878E-02 -0.6614686E-04  0.0000000E+00  0.0000000E+00  0.5795843E-03  0.0000000E+00
         1   141      6 -0.2223533E-02 -0.7938531E-04  0.0000000E+00  0.0000000E+00  0.6952234E-03  0.0000000E+00
         1   141      7 -0.2594213E-02 -0.9262668E-04  0.0000000E+00  0.0000000E+00  0.8107698E-03  0.0000000E+00
         1   141      8 -0.2964919E-02 -0.1058709E-03  0.0000000E+00  0.0000000E+00  0.9262235E-03  0.0000000E+00
         1   141      9 -0.3335649E-02 -0.1191180E-03  0.0000000E+00  0.0000000E+00  0.1041584E-02  0.0000000E+00
         1   141     10  0.3445079E-02  0.4369240E-03  0.0000000E+00  0.0000000E+00  0.1906388E-01  0.1000000E-02

         1   142      0  0.0000000E+00  0.0000000E+00  0.0000000E+00  0.0000000E+00  0.0000000E+00  0.0000000E+00
         1   142      1  0.0000000E+00  0.0000000E+00  0.0000000E+00  0.0000000E+00  0.0000000E+00  0.0000000E+00
         1   142      2 -0.7450377E-03 -0.2644948E-04  0.0000000E+00  0.0000000E+00  0.2321112E-03  0.0000000E+00
         1   142      3 -0.1117598E-02 -0.3967890E-04  0.0000000E+00  0.0000000E+00  0.3480281E-03  0.0000000E+00
         1   142      4 -0.1490186E-02 -0.5291137E-04  0.0000000E+00  0.0000000E+00  0.4638524E-03  0.0000000E+00
         1   142      5 -0.1862800E-02 -0.6614686E-04  0.0000000E+00  0.0000000E+00  0.5795841E-03  0.0000000E+00
         1   142      6 -0.2235441E-02 -0.7938531E-04  0.0000000E+00  0.0000000E+00  0.6952231E-03  0.0000000E+00
         1   142      7 -0.2608107E-02 -0.9262668E-04  0.0000000E+00  0.0000000E+00  0.8107695E-03  0.0000000E+00
         1   142      8 -0.2980799E-02 -0.1058709E-03  0.0000000E+00  0.0000000E+00  0.9262230E-03  0.0000000E+00
         1   142      9 -0.3353517E-02 -0.1191180E-03  0.0000000E+00  0.0000000E+00  0.1041584E-02  0.0000000E+00
         1   142     10  0.3510581E-02  0.4369240E-03  0.0000000E+00  0.0000000E+00  0.1909352E-01  0.1000000E-02

         1   143      0  0.0000000E+00  0.0000000E+00  0.0000000E+00  0.0000000E+00  0.0000000E+00  0.0000000E+00
         1   143      1  0.0000000E+00  0.0000000E+00  0.0000000E+00  0.0000000E+00  0.0000000E+00  0.0000000E+00
         1   143      2 -0.7516501E-03 -0.2644948E-04  0.0000000E+00  0.0000000E+00  0.2321112E-03  0.0000000E+00
         1   143      3 -0.1127518E-02 -0.3967890E-04  0.0000000E+00  0.0000000E+00  0.3480280E-03  0.0000000E+00
         1   143      4 -0.1503414E-02 -0.5291137E-04  0.0000000E+00  0.0000000E+00  0.4638522E-03  0.0000000E+00
         1   143      5 -0.1879337E-02 -0.6614686E-04  0.0000000E+00  0.0000000E+00  0.5795838E-03  0.0000000E+00
         1   143      6 -0.2255287E-02 -0.7938531E-04  0.0000000E+00  0.0000000E+00  0.6952227E-03  0.0000000E+00
         1   143      7 -0.2631264E-02 -0.9262668E-04  0.0000000E+00  0.0000000E+00  0.8107689E-03  0.0000000E+00
         1   143      8 -0.3007267E-02 -0.1058709E-03  0.0000000E+00  0.0000000E+00  0.9262222E-03  0.0000000E+00
         1   143      9 -0.3383296E-02 -0.1191180E-03  0.0000000E+00  0.0000000E+00  0.1041583E-02  0.0000000E+00
         1   143     10  0.3619752E-02  0.4369240E-03  0.0000000E+00  0.0000000E+00  0.1914294E-01  0.1000000E-02

         1   144      0  0.0000000E+00  0.0000000E+00  0.0000000E+00  0.0000000E+00  0.0000000E+00  0.0000000E+00
         1   144      1  0.0000000E+00  0.0000000E+00  0.0000000E+00  0.0000000E+00  0.0000000E+00  0.0000000E+00
         1   144      2 -0.7496325E-03  0.3449255E-04  0.0000000E+00  0.0000000E+00  0.2321029E-03  0.0000000E+00
         1   144      3 -0.1124493E-02  0.5173769E-04  0.0000000E+00  0.0000000E+00  0.3480095E-03  0.0000000E+00
         1   144      4 -0.1499382E-02  0.6898207E-04  0.0000000E+00  0.0000000E+00  0.4638193E-03  0.0000000E+00
         1   144      5 -0.1874300E-02  0.8622572E-04  0.0000000E+00  0.0000000E+00  0.5795324E-03  0.0000000E+00
         1   144      6 -0.2249246E-02  0.1034686E-03  0.0000000E+00  0.0000000E+00  0.6951487E-03  0.0000000E+00
         1   144      7 -0.2624219E-02  0.1207109E-03  0.0000000E+00  0.0000000E+00  0.8106681E-03  0.0000000E+00
         1   144      8 -0.2999220E-02  0.1379524E-03  0.0000000E+00  0.0000000E+00  0.9260906E-03  0.0000000E+00
         1   144      9 -0.3374247E-02  0.1551932E-03  0.0000000E+00  0.0000000E+00  0.1041416E-02  0.0000000E+00
         1   144     10  0.3763716E-02  0.1373121E-03  0.0000000E+00  0.0000000E+00  0.1924158E-01  0.1000000E-02

         1   145      0  0.0000000E+00  0.0000000E+00  0.0000000E+00  0.0000000E+00  0.0000000E+00  0.0000000E+00
         1   145      1  0.0000000E+00  0.0000000E+00  0.0000000E+00  0.0000000E+00  0.0000000E+00  0.0000000E+00
         1   145      2 -0.7173897E-03  0.9404384E-04  0.0000000E+00  0.0000000E+00  0.2320945E-03  0.0000000E+00
         1   145      3 -0.1076128E-02  0.1410682E-03  0.0000000E+00  0.0000000E+00  0.3479905E-03  0.0000000E+00
         1   145      4 -0.1434896E-02  0.1880941E-03  0.0000000E+00  0.0000000E+00  0.4637856E-03  0.0000000E+00
         1   145      5 -0.1793691E-02  0.2351217E-03  0.0000000E+00  0.0000000E+00  0.5794797E-03  0.0000000E+00
         1   145      6 -0.2152515E-02  0.2821507E-03  0.0000000E+00  0.0000000E+00  0.6950728E-03  0.0000000E+00
         1   145      7 -0.2511365E-02  0.3291813E-03  0.0000000E+00  0.0000000E+00  0.8105648E-03  0.0000000E+00
         1   145      8 -0.2870243E-02  0.3762134E-03  0.0000000E+00  0.0000000E+00  0.9259557E-03  0.0000000E+00
         1   145      9 -0.3229147E-02  0.4232470E-03  0.0000000E+00  0.0000000E+00  0.1041245E-02  0.0000000E+00
         1   145     10  0.3756065E-02 -0.1678313E-03  0.0000000E+00  0.0000000E+00  0.1934022E-01  0.1000000E-02

         1   146      0  0.0000000E+00  0.0000000E+00  0.0000000E+00  0.0000000E+00  0.0000000E+00  0.0000000E+00
         1   146      1  0.0000000E+00  0.0000000E+00  0.0000000E+00  0.0000000E+00  0.0000000E+00  0.0000000E+00
         1   146      2 -0.6938787E-03  0.9404384E-04  0.0000000E+00  0.0000000E+00  0.2320939E-03  0.0000000E+00
         1   146      3 -0.1040861E-02  0.1410682E-03  0.0000000E+00  0.0000000E+00  0.3479891E-03  0.0000000E+00
         1   146      4 -0.1387872E-02  0.1880941E-03  0.0000000E+00  0.0000000E+00  0.4637831E-03  0.0000000E+00
         1   146      5 -0.1734911E-02  0.2351217E-03  0.0000000E+00  0.0000000E+00  0.5794758E-03  0.0000000E+00
         1   146      6 -0.2081977E-02  0.2821507E-03  0.0000000E+00  0.0000000E+00  0.6950672E-03  0.0000000E+00
         1   146      7 -0.2429070E-02  0.3291813E-03  0.0000000E+00  0.0000000E+00  0.8105573E-03  0.0000000E+00
         1   146      8 -0.2776190E-02  0.3762134E-03  0.0000000E+00  0.0000000E+00  0.9259458E-03  0.0000000E+00
         1   146      9 -0.3123335E-02  0.4232470E-03  0.0000000E+00  0.0000000E+00  0.1041233E-02  0.0000000E+00
         1   146     10  0.3714130E-02 -0.1678313E-03  0.0000000E+00  0.0000000E+00  0.1938964E-01  0.1000000E-02

         1   147      0  0.0000000E+00  0.0000000E+00  0.0000000E+00  0.0000000E+00  0.0000000E+00  0.0000000E+00
         1   147      1  0.0000000E+00  0.0000000E+00  0.0000000E+00  0.0000000E+00  0.0000000E+00  0.0000000E+00
         1   147      2 -0.6797721E-03  0.9404384E-04  0.0000000E+00  0.0000000E+00  0.2320935E-03  0.0000000E+00
         1   147      3 -0.1019701E-02  0.1410682E-03  0.0000000E+00  0.0000000E+00  0.3479883E-03  0.0000000E+00
         1   147      4 -0.1359658E-02  0.1880941E-03  0.0000000E+00  0.0000000E+00  0.4637816E-03  0.0000000E+00
         1   147      5 -0.1699643E-02  0.2351217E-03  0.0000000E+00  0.0000000E+00  0.5794735E-03  0.0000000E+00
         1   147      6 -0.2039654E-02  0.2821507E-03  0.0000000E+00  0.0000000E+00  0.6950639E-03  0.0000000E+00
         1   147      7 -0.2379693E-02  0.3291813E-03  0.0000000E+00  0.0000000E+00  0.8105527E-03  0.0000000E+00
         1   147      8 -0.2719758E-02  0.3762134E-03  0.0000000E+00  0.0000000E+00  0.9259399E-03  0.0000000E+00
         1   147      9 -0.3059848E-02  0.4232470E-03  0.0000000E+00  0.0000000E+00  0.1041225E-02  0.0000000E+00
         1   147     10  0.3688970E-02 -0.1678313E-03  0.0000000E+00  0.0000000E+00  0.1941930E-01  0.1000000E-02

         1   148      0  0.0000000E+00  0.0000000E+00  0.0000000E+00  0.0000000E+00  0.0000000E+00  0.0000000E+00
         1   148      1  0.0000000E+00  0.0000000E+00  0.0000000E+00  0.0000000E+00  0.0000000E+00  0.0000000E+00
         1   148      2 -0.6562612E-03  0.9404384E-04  0.0000000E+00  0.0000000E+00  0.2320929E-03  0.0000000E+00
         1   148      3 -0.9844340E-03  0.1410682E-03  0.0000000E+00  0.0000000E+00  0.3479869E-03  0.0000000E+00
         1   148      4 -0.1312635E-02  0.1880941E-03  0.0000000E+00  0.0000000E+00  0.4637792E-03  0.0000000E+00
         1   148      5 -0.1640862E-02  0.2351217E-03  0.0000000E+00  0.0000000E+00  0.5794697E-03  0.0000000E+00
         1   148      6 -0.1969117E-02  0.2821507E-03  0.0000000E+00  0.0000000E+00  0.6950584E-03  0.0000000E+00
         1   148      7 -0.2297398E-02  0.3291813E-03  0.0000000E+00  0.0000000E+00  0.8105452E-03  0.0000000E+00
         1   148      8 -0.2625704E-02  0.3762134E-03  0.0000000E+00  0.0000000E+00  0.9259301E-03  0.0000000E+00
         1   148      9 -0.2954036E-02  0.4232470E-03  0.0000000E+00  0.0000000E+00  0.1041213E-02  0.0000000E+00
         1   148     10  0.3647035E-02 -0.1678313E-03  0.0000000E+00  0.0000000E+00  0.1946872E-01  0.1000000E-02

         1   149      0  0.0000000E+00  0.0000000E+00  0.0000000E+00  0.0000000E+00  0.0000000E+00  0.0000000E+00
         1   149      1  0.0000000E+00  0.0000000E+00  0.0000000E+00  0.0000000E+00  0.0000000E+00  0.0000000E+00
         1   149      2 -0.2090913E-03  0.9644224E-04  0.0000000E+00  0.0000000E+00  0.2817496E-03  0.0000000E+00
         1   149      3 -0.3136771E-03  0.1446652E-03  0.0000000E+00  0.0000000E+00  0.4224674E-03  0.0000000E+00
         1   149      4 -0.4182893E-03  0.1928893E-03  0.0000000E+00  0.0000000E+00  0.5630805E-03  0.0000000E+00
         1   149      5 -0.5229275E-03  0.2411145E-03  0.0000000E+00  0.0000000E+00  0.7035888E-03  0.0000000E+00
         1   149      6 -0.6275913E-03  0.2893408E-03  0.0000000E+00  0.0000000E+00  0.8439920E-03  0.0000000E+00
         1   149      7 -0.7322806E-03  0.3375683E-03  0.0000000E+00  0.0000000E+00  0.9842903E-03  0.0000000E+00
         1   149      8 -0.8369950E-03  0.3857968E-03  0.0000000E+00  0.0000000E+00  0.1124483E-02  0.0000000E+00
         1   149      9 -0.9417342E-03  0.4340263E-03  0.0000000E+00  0.0000000E+00  0.1264571E-02  0.0000000E+00
         1   149     10  0.3084835E-02 -0.7173971E-04  0.0000000E+00  0.0000000E+00  0.2001396E-01  0.1000000E-02

         1   150      0  0.0000000E+00  0.0000000E+00  0.0000000E+00  0.0000000E+00  0.0000000E+00  0.0000000E+00
         1   150      1  0.0000000E+00  0.0000000E+00  0.0000000E+00  0.0000000E+00  0.0000000E+00  0.0000000E+00
         1   150      2 -0.1849808E-03  0.9644224E-04  0.0000000E+00  0.0000000E+00  0.2817489E-03  0.0000000E+00
         1   150      3 -0.2775108E-03  0.1446652E-03  0.0000000E+00  0.0000000E+00  0.4224660E-03  0.0000000E+00
         1   150      4 -0.3700670E-03  0.1928893E-03  0.0000000E+00  0.0000000E+00  0.5630780E-03  0.0000000E+00
         1   150      5 -0.4626488E-03  0.2411145E-03  0.0000000E+00  0.0000000E+00  0.7035847E-03  0.0000000E+00
         1   150      6 -0.5552561E-03  0.2893408E-03  0.0000000E+00  0.0000000E+00  0.8439862E-03  0.0000000E+00
         1   150      7 -0.6478886E-03  0.3375683E-03  0.0000000E+00  0.0000000E+00  0.9842824E-03  0.0000000E+00
         1   150      8 -0.7405458E-03  0.3857968E-03  0.0000000E+00  0.0000000E+00  0.1124473E-02  0.0000000E+00
         1   150      9 -0.8332276E-03  0.4340263E-03  0.0000000E+00  0.0000000E+00  0.1264558E-02  0.0000000E+00
         1   150     10  0.3066910E-02 -0.7173971E-04  0.0000000E+00  0.0000000E+00  0.2006339E-01  0.1000000E-02

         1   151      0  0.0000000E+00  0.0000000E+00  0.0000000E+00  0.0000000E+00  0.0000000E+00  0.0000000E+00
         1   151      1  0.0000000E+00  0.0000000E+00  0.0000000E+00  0.0000000E+00  0.0000000E+00  0.0000000E+00
         1   151      2 -0.1705144E-03  0.9644224E-04  0.0000000E+00  0.0000000E+00  0.2817486E-03  0.0000000E+00
         1   151      3 -0.2558111E-03  0.1446652E-03  0.0000000E+00  0.0000000E+00  0.4224651E-03  0.0000000E+00
         1   151      4 -0.3411336E-03  0.1928893E-03  0.0000000E+00  0.0000000E+00  0.5630764E-03  0.0000000E+00
         1   151      5 -0.4264817E-03  0.2411145E-03  0.0000000E+00  0.0000000E+00  0.7035823E-03  0.0000000E+00
         1   151      6 -0.5118550E-03  0.2893408E-03  0.0000000E+00  0.0000000E+00  0.8439827E-03  0.0000000E+00
         1   151      7 -0.5972533E-03  0.3375683E-03  0.0000000E+00  0.0000000E+00  0.9842776E-03  0.0000000E+00
         1   151      8 -0.6826763E-03  0.3857968E-03  0.0000000E+00  0.0000000E+00  0.1124467E-02  0.0000000E+00
         1   151      9 -0.7681236E-03  0.4340263E-03  0.0000000E+00  0.0000000E+00  0.1264550E-02  0.0000000E+00
         1   151     10  0.3056155E-02 -0.7173971E-04  0.0000000E+00  0.0000000E+00  0.2009304E-01  0.1000000E-02

         1   152      0  0.0000000E+00  0.0000000E+00  0.0000000E+00  0.0000000E+00  0.0000000E+00  0.0000000E+00
         1   152      1  0.0000000E+00  0.0000000E+00  0.0000000E+00  0.0000000E+00  0.0000000E+00  0.0000000E+00
         1   152      2 -0.1464039E-03  0.9644224E-04  0.0000000E+00  0.0000000E+00  0.2817479E-03  0.0000000E+00
         1   152      3 -0.2196448E-03  0.1446652E-03  0.0000000E+00  0.0000000E+00  0.4224637E-03  0.0000000E+00
         1   152      4 -0.2929113E-03  0.1928893E-03  0.0000000E+00  0.0000000E+00  0.5630738E-03  0.0000000E+00
         1   152      5 -0.3662030E-03  0.2411145E-03  0.0000000E+00  0.0000000E+00  0.7035783E-03  0.0000000E+00
         1   152      6 -0.4395198E-03  0.2893408E-03  0.0000000E+00  0.0000000E+00  0.8439769E-03  0.0000000E+00
         1   152      7 -0.5128612E-03  0.3375683E-03  0.0000000E+00  0.0000000E+00  0.9842697E-03  0.0000000E+00
         1   152      8 -0.5862271E-03  0.3857968E-03  0.0000000E+00  0.0000000E+00  0.1124456E-02  0.0000000E+00
         1   152      9 -0.6596170E-03  0.4340263E-03  0.0000000E+00  0.0000000E+00  0.1264537E-02  0.0000000E+00
         1   152     10  0.3038230E-02 -0.7173971E-04  0.0000000E+00  0.0000000E+00  0.2014247E-01  0.1000000E-02

         1   153      0  0.0000000E+00  0.0000000E+00  0.0000000E+00  0.0000000E+00  0.0000000E+00  0.0000000E+00
         1   153      1  0.0000000E+00  0.0000000E+00  0.0000000E+00  0.0000000E+00  0.0000000E+00  0.0000000E+00
         1   153      2 -0.1005940E-03  0.8735992E-04  0.0000000E+00  0.0000000E+00  0.2817470E-03  0.0000000E+00
         1   153      3 -0.1509299E-03  0.1310388E-03  0.0000000E+00  0.0000000E+00  0.4224615E-03  0.0000000E+00
         1   153      4 -0.2012911E-03  0.1747170E-03  0.0000000E+00  0.0000000E+00  0.5630700E-03  0.0000000E+00
         1   153      5 -0.2516776E-03  0.2183945E-03  0.0000000E+00  0.0000000E+00  0.7035722E-03  0.0000000E+00
         1   153      6 -0.3020889E-03  0.2620712E-03  0.0000000E+00  0.0000000E+00  0.8439683E-03  0.0000000E+00
         1   153      7 -0.3525249E-03  0.3057473E-03  0.0000000E+00  0.0000000E+00  0.9842579E-03  0.0000000E+00
         1   153      8 -0.4029851E-03  0.3494226E-03  0.0000000E+00  0.0000000E+00  0.1124441E-02  0.0000000E+00
         1   153      9 -0.4534694E-03  0.3930971E-03  0.0000000E+00  0.0000000E+00  0.1264518E-02  0.0000000E+00
         1   153     10  0.3058312E-02  0.1523562E-03  0.0000000E+00  0.0000000E+00  0.2024144E-01  0.1000000E-02

         1   154      0  0.0000000E+00  0.0000000E+00  0.0000000E+00  0.0000000E+00  0.0000000E+00  0.0000000E+00
         1   154      1  0.0000000E+00  0.0000000E+00  0.0000000E+00  0.0000000E+00  0.0000000E+00  0.0000000E+00
         1   154      2 -0.5850594E-04  0.8150967E-04  0.0000000E+00  0.0000000E+00  0.2817461E-03  0.0000000E+00
         1   154      3 -0.8779894E-04  0.1222605E-03  0.0000000E+00  0.0000000E+00  0.4224595E-03  0.0000000E+00
         1   154      4 -0.1171182E-03  0.1630088E-03  0.0000000E+00  0.0000000E+00  0.5630664E-03  0.0000000E+00
         1   154      5 -0.1464635E-03  0.2037545E-03  0.0000000E+00  0.0000000E+00  0.7035666E-03  0.0000000E+00
         1   154      6 -0.1758346E-03  0.2444976E-03  0.0000000E+00  0.0000000E+00  0.8439602E-03  0.0000000E+00
         1   154      7 -0.2052310E-03  0.2852381E-03  0.0000000E+00  0.0000000E+00  0.9842469E-03  0.0000000E+00
         1   154      8 -0.2346525E-03  0.3259761E-03  0.0000000E+00  0.0000000E+00  0.1124427E-02  0.0000000E+00
         1   154      9 -0.2640989E-03  0.3667115E-03  0.0000000E+00  0.0000000E+00  0.1264499E-02  0.0000000E+00
         1   154     10  0.3191439E-02  0.3820836E-03  0.0000000E+00  0.0000000E+00  0.2034040E-01  0.1000000E-02

         1   155      0  0.0000000E+00  0.0000000E+00  0.0000000E+00  0.0000000E+00  0.0000000E+00  0.0000000E+00
         1   155      1  0.0000000E+00  0.0000000E+00  0.0000000E+00  0.0000000E+00  0.0000000E+00  0.0000000E+00
         1   155      2 -0.3812852E-04  0.8150967E-04  0.0000000E+00  0.0000000E+00  0.2817456E-03  0.0000000E+00
         1   155      3 -0.5723380E-04  0.1222605E-03  0.0000000E+00  0.0000000E+00  0.4224584E-03  0.0000000E+00
         1   155      4 -0.7636603E-04  0.1630088E-03  0.0000000E+00  0.0000000E+00  0.5630645E-03  0.0000000E+00
         1   155      5 -0.9552492E-04  0.2037545E-03  0.0000000E+00  0.0000000E+00  0.7035637E-03  0.0000000E+00
         1   155      6 -0.1147102E-03  0.2444976E-03  0.0000000E+00  0.0000000E+00  0.8439560E-03  0.0000000E+00
         1   155      7 -0.1339215E-03  0.2852381E-03  0.0000000E+00  0.0000000E+00  0.9842412E-03  0.0000000E+00
         1   155      8 -0.1531585E-03  0.3259761E-03  0.0000000E+00  0.0000000E+00  0.1124419E-02  0.0000000E+00
         1   155      9 -0.1724211E-03  0.3667115E-03  0.0000000E+00  0.0000000E+00  0.1264490E-02  0.0000000E+00
         1   155     10  0.3286907E-02  0.3820836E-03  0.0000000E+00  0.0000000E+00  0.2038982E-01  0.1000000E-02

         1   156      0  0.0000000E+00  0.0000000E+00  0.0000000E+00  0.0000000E+00  0.0000000E+00  0.0000000E+00
         1   156      1  0.0000000E+00  0.0000000E+00  0.0000000E+00  0.0000000E+00  0.0000000E+00  0.0000000E+00
         1   156      2 -0.2590207E-04  0.8150967E-04  0.0000000E+00  0.0000000E+00  0.2817453E-03  0.0000000E+00
         1   156      3 -0.3889472E-04  0.1222605E-03  0.0000000E+00  0.0000000E+00  0.4224578E-03  0.0000000E+00
         1   156      4 -0.5191471E-04  0.1630088E-03  0.0000000E+00  0.0000000E+00  0.5630634E-03  0.0000000E+00
         1   156      5 -0.6496175E-04  0.2037545E-03  0.0000000E+00  0.0000000E+00  0.7035620E-03  0.0000000E+00
         1   156      6 -0.7803553E-04  0.2444976E-03  0.0000000E+00  0.0000000E+00  0.8439535E-03  0.0000000E+00
         1   156      7 -0.9113575E-04  0.2852381E-03  0.0000000E+00  0.0000000E+00  0.9842378E-03  0.0000000E+00
         1   156      8 -0.1042621E-03  0.3259761E-03  0.0000000E+00  0.0000000E+00  0.1124415E-02  0.0000000E+00
         1   156      9 -0.1174143E-03  0.3667115E-03  0.0000000E+00  0.0000000E+00  0.1264485E-02  0.0000000E+00
         1   156     10  0.3344187E-02  0.3820836E-03  0.0000000E+00  0.0000000E+00  0.2041947E-01  0.1000000E-02

         1   157      0  0.0000000E+00  0.0000000E+00  0.0000000E+00  0.0000000E+00  0.0000000E+00  0.0000000E+00
         1   157      1  0.0000000E+00  0.0000000E+00  0.0000000E+00  0.0000000E+00  0.0000000E+00  0.0000000E+00
         1   157      2 -0.5524653E-05  0.8150967E-04  0.0000000E+00  0.0000000E+00  0.2817449E-03  0.0000000E+00
         1   157      3 -0.8329582E-05  0.1222605E-03  0.0000000E+00  0.0000000E+00  0.4224568E-03  0.0000000E+00
         1   157      4 -0.1116251E-04  0.1630088E-03  0.0000000E+00  0.0000000E+00  0.5630616E-03  0.0000000E+00
         1   157      5 -0.1402313E-04  0.2037545E-03  0.0000000E+00  0.0000000E+00  0.7035591E-03  0.0000000E+00
         1   157      6 -0.1691113E-04  0.2444976E-03  0.0000000E+00  0.0000000E+00  0.8439494E-03  0.0000000E+00
         1   157      7 -0.1982622E-04  0.2852381E-03  0.0000000E+00  0.0000000E+00  0.9842322E-03  0.0000000E+00
         1   157      8 -0.2276809E-04  0.3259761E-03  0.0000000E+00  0.0000000E+00  0.1124408E-02  0.0000000E+00
         1   157      9 -0.2573643E-04  0.3667115E-03  0.0000000E+00  0.0000000E+00  0.1264475E-02  0.0000000E+00
         1   157     10  0.3439655E-02  0.3820836E-03  0.0000000E+00  0.0000000E+00  0.2046888E-01  0.1000000E-02

         1   158      0  0.0000000E+00  0.0000000E+00  0.0000000E+00  0.0000000E+00  0.0000000E+00  0.0000000E+00
         1   158      1  0.0000000E+00  0.0000000E+00  0.0000000E+00  0.0000000E+00  0.0000000E+00  0.0000000E+00
         1   158      2  0.3747735E-03  0.8048494E-04  0.0000000E+00  0.0000000E+00  0.2605423E-03  0.0000000E+00
         1   158      3  0.5621011E-03  0.1207231E-03  0.0000000E+00  0.0000000E+00  0.3906523E-03  0.0000000E+00
         1   158      4  0.7493897E-03  0.1609585E-03  0.0000000E+00  0.0000000E+00  0.5206547E-03  0.0000000E+00
         1   158      5  0.9366399E-03  0.2011910E-03  0.0000000E+00  0.0000000E+00  0.6505493E-03  0.0000000E+00
         1   158      6  0.1123852E-02  0.2414207E-03  0.0000000E+00  0.0000000E+00  0.7803361E-03  0.0000000E+00
         1   158      7  0.1311026E-02  0.2816476E-03  0.0000000E+00  0.0000000E+00  0.9100148E-03  0.0000000E+00
         1   158      8  0.1498163E-02  0.3218717E-03  0.0000000E+00  0.0000000E+00  0.1039585E-02  0.0000000E+00
         1   158      9  0.1685263E-02  0.3620930E-03  0.0000000E+00  0.0000000E+00  0.1169048E-02  0.0000000E+00
         1   158     10  0.5444492E-02  0.4721909E-03  0.0000000E+00  0.0000000E+00  0.2089046E-01  0.1000000E-02

         1   159      0  0.0000000E+00  0.0000000E+00  0.0000000E+00  0.0000000E+00  0.0000000E+00  0.0000000E+00
         1   159      1  0.0000000E+00  0.0000000E+00  0.0000000E+00  0.0000000E+00  0.0000000E+00  0.0000000E+00
         1   159      2  0.3948947E-03  0.8048494E-04  0.0000000E+00  0.0000000E+00  0.2605418E-03  0.0000000E+00
         1   159      3  0.5922819E-03  0.1207231E-03  0.0000000E+00  0.0000000E+00  0.3906513E-03  0.0000000E+00
         1   159      4  0.7896294E-03  0.1609585E-03  0.0000000E+00  0.0000000E+00  0.5206529E-03  0.0000000E+00
         1   159      5  0.9869376E-03  0.2011910E-03  0.0000000E+00  0.0000000E+00  0.6505465E-03  0.0000000E+00
         1   159      6  0.1184207E-02  0.2414207E-03  0.0000000E+00  0.0000000E+00  0.7803320E-03  0.0000000E+00
         1   159      7  0.1381438E-02  0.2816476E-03  0.0000000E+00  0.0000000E+00  0.9100093E-03  0.0000000E+00
         1   159      8  0.1578631E-02  0.3218717E-03  0.0000000E+00  0.0000000E+00  0.1039578E-02  0.0000000E+00
         1   159      9  0.1775786E-02  0.3620930E-03  0.0000000E+00  0.0000000E+00  0.1169039E-02  0.0000000E+00
         1   159     10  0.5562474E-02  0.4721909E-03  0.0000000E+00  0.0000000E+00  0.2093987E-01  0.1000000E-02

         1   160      0  0.0000000E+00  0.0000000E+00  0.0000000E+00  0.0000000E+00  0.0000000E+00  0.0000000E+00
         1   160      1  0.0000000E+00  0.0000000E+00  0.0000000E+00  0.0000000E+00  0.0000000E+00  0.0000000E+00
         1   160      2  0.4069675E-03  0.8048494E-04  0.0000000E+00  0.0000000E+00  0.2605416E-03  0.0000000E+00
         1   160      3  0.6103903E-03  0.1207231E-03  0.0000000E+00  0.0000000E+00  0.3906507E-03  0.0000000E+00
         1   160      4  0.8137731E-03  0.1609585E-03  0.0000000E+00  0.0000000E+00  0.5206518E-03  0.0000000E+00
         1   160      5  0.1017116E-02  0.2011910E-03  0.0000000E+00  0.0000000E+00  0.6505448E-03  0.0000000E+00
         1   160      6  0.1220420E-02  0.2414207E-03  0.0000000E+00  0.0000000E+00  0.7803296E-03  0.0000000E+00
         1   160      7  0.1423685E-02  0.2816476E-03  0.0000000E+00  0.0000000E+00  0.9100060E-03  0.0000000E+00
         1   160      8  0.1626911E-02  0.3218717E-03  0.0000000E+00  0.0000000E+00  0.1039574E-02  0.0000000E+00
         1   160      9  0.1830100E-02  0.3620930E-03  0.0000000E+00  0.0000000E+00  0.1169033E-02  0.0000000E+00
         1   160     10  0.5633264E-02  0.4721909E-03  0.0000000E+00  0.0000000E+00  0.2096951E-01  0.1000000E-02

         1   161      0  0.0000000E+00  0.0000000E+00  0.0000000E+00  0.0000000E+00  0.0000000E+00  0.0000000E+00
         1   161      1  0.0000000E+00  0.0000000E+00  0.0000000E+00  0.0000000E+00  0.0000000E+00  0.0000000E+00
         1   161      2  0.4270887E-03  0.8048494E-04  0.0000000E+00  0.0000000E+00  0.2605411E-03  0.0000000E+00
         1   161      3  0.6405711E-03  0.1207231E-03  0.0000000E+00  0.0000000E+00  0.3906497E-03  0.0000000E+00
         1   161      4  0.8540127E-03  0.1609585E-03  0.0000000E+00  0.0000000E+00  0.5206500E-03  0.0000000E+00
         1   161      5  0.1067414E-02  0.2011910E-03  0.0000000E+00  0.0000000E+00  0.6505420E-03  0.0000000E+00
         1   161      6  0.1280775E-02  0.2414207E-03  0.0000000E+00  0.0000000E+00  0.7803256E-03  0.0000000E+00
         1   161      7  0.1494097E-02  0.2816476E-03  0.0000000E+00  0.0000000E+00  0.9100005E-03  0.0000000E+00
         1   161      8  0.1707379E-02  0.3218717E-03  0.0000000E+00  0.0000000E+00  0.1039567E-02  0.0000000E+00
         1   161      9  0.1920623E-02  0.3620930E-03  0.0000000E+00  0.0000000E+00  0.1169024E-02  0.0000000E+00
         1   161     10  0.5751246E-02  0.4721909E-03  0.0000000E+00  0.0000000E+00  0.2101892E-01  0.1000000E-02

         1   162      0  0.0000000E+00  0.0000000E+00  0.0000000E+00  0.0000000E+00  0.0000000E+00  0.0000000E+00
         1   162      1  0.0000000E+00  0.0000000E+00  0.0000000E+00  0.0000000E+00  0.0000000E+00  0.0000000E+00
         1   162      2  0.4584502E-03  0.4453799E-04  0.0000000E+00  0.0000000E+00  0.2605377E-03  0.0000000E+00
         1   162      3  0.6876125E-03  0.6680775E-04  0.0000000E+00  0.0000000E+00  0.3906420E-03  0.0000000E+00
         1   162      4  0.9167335E-03  0.8907800E-04  0.0000000E+00  0.0000000E+00  0.5206364E-03  0.0000000E+00
         1   162      5  0.1145813E-02  0.1113487E-03  0.0000000E+00  0.0000000E+00  0.6505207E-03  0.0000000E+00
         1   162      6  0.1374853E-02  0.1336199E-03  0.0000000E+00  0.0000000E+00  0.7802949E-03  0.0000000E+00
         1   162      7  0.1603852E-02  0.1558915E-03  0.0000000E+00  0.0000000E+00  0.9099588E-03  0.0000000E+00
         1   162      8  0.1832811E-02  0.1781636E-03  0.0000000E+00  0.0000000E+00  0.1039512E-02  0.0000000E+00
         1   162      9  0.2061731E-02  0.2004360E-03  0.0000000E+00  0.0000000E+00  0.1168955E-02  0.0000000E+00
         1   162     10  0.5869784E-02  0.6233955E-06  0.0000000E+00  0.0000000E+00  0.2111727E-01  0.1000000E-02

         1   163      0  0.0000000E+00  0.0000000E+00  0.0000000E+00  0.0000000E+00  0.0000000E+00  0.0000000E+00
         1   163      1  0.0000000E+00  0.0000000E+00  0.0000000E+00  0.0000000E+00  0.0000000E+00  0.0000000E+00
         1   163      2  0.4713270E-03  0.6795252E-05  0.0000000E+00  0.0000000E+00  0.2605345E-03  0.0000000E+00
         1   163      3  0.7069293E-03  0.1019868E-04  0.0000000E+00  0.0000000E+00  0.3906347E-03  0.0000000E+00
         1   163      4  0.9424913E-03  0.1360591E-04  0.0000000E+00  0.0000000E+00  0.5206234E-03  0.0000000E+00
         1   163      5  0.1178013E-02  0.1701690E-04  0.0000000E+00  0.0000000E+00  0.6505005E-03  0.0000000E+00
         1   163      6  0.1413496E-02  0.2043159E-04  0.0000000E+00  0.0000000E+00  0.7802657E-03  0.0000000E+00
         1   163      7  0.1648939E-02  0.2384994E-04  0.0000000E+00  0.0000000E+00  0.9099191E-03  0.0000000E+00
         1   163      8  0.1884344E-02  0.2727190E-04  0.0000000E+00  0.0000000E+00  0.1039460E-02  0.0000000E+00
         1   163      9  0.2119710E-02  0.3069743E-04  0.0000000E+00  0.0000000E+00  0.1168890E-02  0.0000000E+00
         1   163     10  0.5751865E-02 -0.4709692E-03  0.0000000E+00  0.0000000E+00  0.2121562E-01  0.1000000E-02

         1   164      0  0.0000000E+00  0.0000000E+00  0.0000000E+00  0.0000000E+00  0.0000000E+00  0.0000000E+00
         1   164      1  0.0000000E+00  0.0000000E+00  0.0000000E+00  0.0000000E+00  0.0000000E+00  0.0000000E+00
         1   164      2  0.4730258E-03  0.6795252E-05  0.0000000E+00  0.0000000E+00  0.2605345E-03  0.0000000E+00
         1   164      3  0.7094790E-03  0.1019868E-04  0.0000000E+00  0.0000000E+00  0.3906347E-03  0.0000000E+00
         1   164      4  0.9458928E-03  0.1360591E-04  0.0000000E+00  0.0000000E+00  0.5206234E-03  0.0000000E+00
         1   164      5  0.1182268E-02  0.1701690E-04  0.0000000E+00  0.0000000E+00  0.6505004E-03  0.0000000E+00
         1   164      6  0.1418604E-02  0.2043159E-04  0.0000000E+00  0.0000000E+00  0.7802657E-03  0.0000000E+00
         1   164      7  0.1654902E-02  0.2384994E-04  0.0000000E+00  0.0000000E+00  0.9099190E-03  0.0000000E+00
         1   164      8  0.1891162E-02  0.2727190E-04  0.0000000E+00  0.0000000E+00  0.1039460E-02  0.0000000E+00
         1   164      9  0.2127385E-02  0.3069743E-04  0.0000000E+00  0.0000000E+00  0.1168889E-02  0.0000000E+00
         1   164     10  0.5634188E-02 -0.4709692E-03  0.0000000E+00  0.0000000E+00  0.2126503E-01  0.1000000E-02

         1   165      0  0.0000000E+00  0.0000000E+00  0.0000000E+00  0.0000000E+00  0.0000000E+00  0.0000000E+00
         1   165      1  0.0000000E+00  0.0000000E+00  0.0000000E+00  0.0000000E+00  0.0000000E+00  0.0000000E+00
         1   165      2  0.4740451E-03  0.6795252E-05  0.0000000E+00  0.0000000E+00  0.2605345E-03  0.0000000E+00
         1   165      3  0.7110088E-03  0.1019868E-04  0.0000000E+00  0.0000000E+00  0.3906347E-03  0.0000000E+00
         1   165      4  0.9479337E-03  0.1360591E-04  0.0000000E+00  0.0000000E+00  0.5206234E-03  0.0000000E+00
         1   165      5  0.1184820E-02  0.1701690E-04  0.0000000E+00  0.0000000E+00  0.6505004E-03  0.0000000E+00
         1   165      6  0.1421669E-02  0.2043159E-04  0.0000000E+00  0.0000000E+00  0.7802657E-03  0.0000000E+00
         1   165      7  0.1658479E-02  0.2384994E-04  0.0000000E+00  0.0000000E+00  0.9099190E-03  0.0000000E+00
         1   165      8  0.1895253E-02  0.2727190E-04  0.0000000E+00  0.0000000E+00  0.1039460E-02  0.0000000E+00
         1   165      9  0.2131989E-02  0.3069743E-04  0.0000000E+00  0.0000000E+00  0.1168889E-02  0.0000000E+00
         1   165     10  0.5563582E-02 -0.4709692E-03  0.0000000E+00  0.0000000E+00  0.2129468E-01  0.1000000E-02

         1   166      0  0.0000000E+00  0.0000000E+00  0.0000000E+00  0.0000000E+00  0.0000000E+00  0.0000000E+00
         1   166      1  0.0000000E+00  0.0000000E+00  0.0000000E+00  0.0000000E+00  0.0000000E+00  0.0000000E+00
         1   166      2  0.4757439E-03  0.6795252E-05  0.0000000E+00  0.0000000E+00  0.2605345E-03  0.0000000E+00
         1   166      3  0.7135584E-03  0.1019868E-04  0.0000000E+00  0.0000000E+00  0.3906347E-03  0.0000000E+00
         1   166      4  0.9513352E-03  0.1360591E-04  0.0000000E+00  0.0000000E+00  0.5206234E-03  0.0000000E+00
         1   166      5  0.1189074E-02  0.1701690E-04  0.0000000E+00  0.0000000E+00  0.6505004E-03  0.0000000E+00
         1   166      6  0.1426777E-02  0.2043159E-04  0.0000000E+00  0.0000000E+00  0.7802657E-03  0.0000000E+00
         1   166      7  0.1664442E-02  0.2384994E-04  0.0000000E+00  0.0000000E+00  0.9099190E-03  0.0000000E+00
         1   166      8  0.1902071E-02  0.2727190E-04  0.0000000E+00  0.0000000E+00  0.1039460E-02  0.0000000E+00
         1   166      9  0.2139664E-02  0.3069743E-04  0.0000000E+00  0.0000000E+00  0.1168889E-02  0.0000000E+00
         1   166     10  0.5445905E-02 -0.4709692E-03  0.0000000E+00  0.0000000E+00  0.2134409E-01  0.1000000E-02

         1   167      0  0.0000000E+00  0.0000000E+00  0.0000000E+00  0.0000000E+00  0.0000000E+00  0.0000000E+00
         1   167      1  0.0000000E+00  0.0000000E+00  0.0000000E+00  0.0000000E+00  0.0000000E+00  0.0000000E+00
         1   167      2  0.5012891E-03  0.4086004E-05  0.0000000E+00  0.0000000E+00  0.2044547E-03  0.0000000E+00
         1   167      3  0.7519046E-03  0.6135037E-05  0.0000000E+00  0.0000000E+00  0.3065195E-03  0.0000000E+00
         1   167      4  0.1002501E-02  0.8188024E-05  0.0000000E+00  0.0000000E+00  0.4084758E-03  0.0000000E+00
         1   167      5  0.1253078E-02  0.1024492E-04  0.0000000E+00  0.0000000E+00  0.5103234E-03  0.0000000E+00
         1   167      6  0.1503636E-02  0.1230566E-04  0.0000000E+00  0.0000000E+00  0.6120621E-03  0.0000000E+00
         1   167      7  0.1754175E-02  0.1437022E-04  0.0000000E+00  0.0000000E+00  0.7136917E-03  0.0000000E+00
         1   167      8  0.2004695E-02  0.1643853E-04  0.0000000E+00  0.0000000E+00  0.8152122E-03  0.0000000E+00
         1   167      9  0.2255197E-02  0.1851055E-04  0.0000000E+00  0.0000000E+00  0.9166233E-03  0.0000000E+00
         1   167     10  0.3446747E-02 -0.3808854E-03  0.0000000E+00  0.0000000E+00  0.2176518E-01  0.1000000E-02

         1   168      0  0.0000000E+00  0.0000000E+00  0.0000000E+00  0.0000000E+00  0.0000000E+00  0.0000000E+00
         1   168      1  0.0000000E+00  0.0000000E+00  0.0000000E+00  0.0000000E+00  0.0000000E+00  0.0000000E+00
         1   168      2  0.5023106E-03  0.4086004E-05  0.0000000E+00  0.0000000E+00  0.2044547E-03  0.0000000E+00
         1   168      3  0.7534383E-03  0.6135037E-05  0.0000000E+00  0.0000000E+00  0.3065195E-03  0.0000000E+00
         1   168      4  0.1004548E-02  0.8188024E-05  0.0000000E+00  0.0000000E+00  0.4084758E-03  0.0000000E+00
         1   168      5  0.1255639E-02  0.1024492E-04  0.0000000E+00  0.0000000E+00  0.5103234E-03  0.0000000E+00
         1   168      6  0.1506712E-02  0.1230566E-04  0.0000000E+00  0.0000000E+00  0.6120620E-03  0.0000000E+00
         1   168      7  0.1757767E-02  0.1437022E-04  0.0000000E+00  0.0000000E+00  0.7136917E-03  0.0000000E+00
         1   168      8  0.2008805E-02  0.1643853E-04  0.0000000E+00  0.0000000E+00  0.8152122E-03  0.0000000E+00
         1   168      9  0.2259824E-02  0.1851055E-04  0.0000000E+00  0.0000000E+00  0.9166233E-03  0.0000000E+00
         1   168     10  0.3351578E-02 -0.3808854E-03  0.0000000E+00  0.0000000E+00  0.2181459E-01  0.1000000E-02

         1   169      0  0.0000000E+00  0.0000000E+00  0.0000000E+00  0.0000000E+00  0.0000000E+00  0.0000000E+00
         1   169      1  0.0000000E+00  0.0000000E+00  0.0000000E+00  0.0000000E+00  0.0000000E+00  0.0000000E+00
         1   169      2  0.5029235E-03  0.4086004E-05  0.0000000E+00  0.0000000E+00  0.2044547E-03  0.0000000E+00
         1   169      3  0.7543586E-03  0.6135037E-05  0.0000000E+00  0.0000000E+00  0.3065195E-03  0.0000000E+00
         1   169      4  0.1005776E-02  0.8188024E-05  0.0000000E+00  0.0000000E+00  0.4084758E-03  0.0000000E+00
         1   169      5  0.1257176E-02  0.1024492E-04  0.0000000E+00  0.0000000E+00  0.5103234E-03  0.0000000E+00
         1   169      6  0.1508558E-02  0.1230566E-04  0.0000000E+00  0.0000000E+00  0.6120620E-03  0.0000000E+00
         1   169      7  0.1759923E-02  0.1437022E-04  0.0000000E+00  0.0000000E+00  0.7136917E-03  0.0000000E+00
         1   169      8  0.2011271E-02  0.1643853E-04  0.0000000E+00  0.0000000E+00  0.8152121E-03  0.0000000E+00
         1   169      9  0.2262601E-02  0.1851055E-04  0.0000000E+00  0.0000000E+00  0.9166232E-03  0.0000000E+00
         1   169     10  0.3294477E-02 -0.3808854E-03  0.0000000E+00  0.0000000E+00  0.2184424E-01  0.1000000E-02

         1   170      0  0.0000000E+00  0.0000000E+00  0.0000000E+00  0.0000000E+00  0.0000000E+00  0.0000000E+00
         1   170      1  0.0000000E+00  0.0000000E+00  0.0000000E+00  0.0000000E+00  0.0000000E+00  0.0000000E+00
         1   170      2  0.5039450E-03  0.4086004E-05  0.0000000E+00  0.0000000E+00  0.2044547E-03  0.0000000E+00
         1   170      3  0.7558923E-03  0.6135037E-05  0.0000000E+00  0.0000000E+00  0.3065195E-03  0.0000000E+00
         1   170      4  0.1007823E-02  0.8188024E-05  0.0000000E+00  0.0000000E+00  0.4084758E-03  0.0000000E+00
         1   170      5  0.1259737E-02  0.1024492E-04  0.0000000E+00  0.0000000E+00  0.5103233E-03  0.0000000E+00
         1   170      6  0.1511634E-02  0.1230566E-04  0.0000000E+00  0.0000000E+00  0.6120620E-03  0.0000000E+00
         1   170      7  0.1763515E-02  0.1437022E-04  0.0000000E+00  0.0000000E+00  0.7136917E-03  0.0000000E+00
         1   170      8  0.2015380E-02  0.1643853E-04  0.0000000E+00  0.0000000E+00  0.8152121E-03  0.0000000E+00
         1   170      9  0.2267229E-02  0.1851055E-04  0.0000000E+00  0.0000000E+00  0.9166232E-03  0.0000000E+00
         1   170     10  0.3199308E-02 -0.3808854E-03  0.0000000E+00  0.0000000E+00  0.2189366E-01  0.1000000E-02

         1   171      0  0.0000000E+00  0.0000000E+00  0.0000000E+00  0.0000000E+00  0.0000000E+00  0.0000000E+00
         1   171      1  0.0000000E+00  0.0000000E+00  0.0000000E+00  0.0000000E+00  0.0000000E+00  0.0000000E+00
         1   171      2  0.5153229E-03  0.4156538E-04  0.0000000E+00  0.0000000E+00  0.2044580E-03  0.0000000E+00
         1   171      3  0.7729617E-03  0.6235234E-04  0.0000000E+00  0.0000000E+00  0.3065270E-03  0.0000000E+00
         1   171      4  0.1030586E-02  0.8314208E-04  0.0000000E+00  0.0000000E+00  0.4084890E-03  0.0000000E+00
         1   171      5  0.1288194E-02  0.1039346E-03  0.0000000E+00  0.0000000E+00  0.5103440E-03  0.0000000E+00
         1   171      6  0.1545788E-02  0.1247298E-03  0.0000000E+00  0.0000000E+00  0.6120918E-03  0.0000000E+00
         1   171      7  0.1803368E-02  0.1455276E-03  0.0000000E+00  0.0000000E+00  0.7137322E-03  0.0000000E+00
         1   171      8  0.2060932E-02  0.1663281E-03  0.0000000E+00  0.0000000E+00  0.8152650E-03  0.0000000E+00
         1   171      9  0.2318482E-02  0.1871311E-03  0.0000000E+00  0.0000000E+00  0.9166901E-03  0.0000000E+00
         1   171     10  0.3066929E-02 -0.1505519E-03  0.0000000E+00  0.0000000E+00  0.2199262E-01  0.1000000E-02

         1   172      0  0.0000000E+00  0.0000000E+00  0.0000000E+00  0.0000000E+00  0.0000000E+00  0.0000000E+00
         1   172      1  0.0000000E+00  0.0000000E+00  0.0000000E+00  0.0000000E+00  0.0000000E+00  0.0000000E+00
         1   172      2  0.5457664E-03  0.8058256E-04  0.0000000E+00  0.0000000E+00  0.2044611E-03  0.0000000E+00
         1   172      3  0.8186287E-03  0.1208765E-03  0.0000000E+00  0.0000000E+00  0.3065340E-03  0.0000000E+00
         1   172      4  0.1091477E-02  0.1611722E-03  0.0000000E+00  0.0000000E+00  0.4085016E-03  0.0000000E+00
         1   172      5  0.1364312E-02  0.2014695E-03  0.0000000E+00  0.0000000E+00  0.5103637E-03  0.0000000E+00
         1   172      6  0.1637132E-02  0.2417685E-03  0.0000000E+00  0.0000000E+00  0.6121201E-03  0.0000000E+00
         1   172      7  0.1909939E-02  0.2820691E-03  0.0000000E+00  0.0000000E+00  0.7137707E-03  0.0000000E+00
         1   172      8  0.2182733E-02  0.3223713E-03  0.0000000E+00  0.0000000E+00  0.8153153E-03  0.0000000E+00
         1   172      9  0.2455512E-02  0.3626750E-03  0.0000000E+00  0.0000000E+00  0.9167538E-03  0.0000000E+00
         1   172     10  0.3047914E-02  0.7421672E-04  0.0000000E+00  0.0000000E+00  0.2209160E-01  0.1000000E-02

         1   173      0  0.0000000E+00  0.0000000E+00  0.0000000E+00  0.0000000E+00  0.0000000E+00  0.0000000E+00
         1   173      1  0.0000000E+00  0.0000000E+00  0.0000000E+00  0.0000000E+00  0.0000000E+00  0.0000000E+00
         1   173      2  0.5659120E-03  0.8058256E-04  0.0000000E+00  0.0000000E+00  0.2044607E-03  0.0000000E+00
         1   173      3  0.8488478E-03  0.1208765E-03  0.0000000E+00  0.0000000E+00  0.3065330E-03  0.0000000E+00
         1   173      4  0.1131770E-02  0.1611722E-03  0.0000000E+00  0.0000000E+00  0.4084998E-03  0.0000000E+00
         1   173      5  0.1414679E-02  0.2014695E-03  0.0000000E+00  0.0000000E+00  0.5103608E-03  0.0000000E+00
         1   173      6  0.1697574E-02  0.2417685E-03  0.0000000E+00  0.0000000E+00  0.6121160E-03  0.0000000E+00
         1   173      7  0.1980457E-02  0.2820691E-03  0.0000000E+00  0.0000000E+00  0.7137652E-03  0.0000000E+00
         1   173      8  0.2263325E-02  0.3223713E-03  0.0000000E+00  0.0000000E+00  0.8153081E-03  0.0000000E+00
         1   173      9  0.2546181E-02  0.3626750E-03  0.0000000E+00  0.0000000E+00  0.9167447E-03  0.0000000E+00
         1   173     10  0.3066458E-02  0.7421672E-04  0.0000000E+00  0.0000000E+00  0.2214102E-01  0.1000000E-02

         1   174      0  0.0000000E+00  0.0000000E+00  0.0000000E+00  0.0000000E+00  0.0000000E+00  0.0000000E+00
         1   174      1  0.0000000E+00  0.0000000E+00  0.0000000E+00  0.0000000E+00  0.0000000E+00  0.0000000E+00
         1   174      2  0.5779994E-03  0.8058256E-04  0.0000000E+00  0.0000000E+00  0.2044604E-03  0.0000000E+00
         1   174      3  0.8669793E-03  0.1208765E-03  0.0000000E+00  0.0000000E+00  0.3065324E-03  0.0000000E+00
         1   174      4  0.1155946E-02  0.1611722E-03  0.0000000E+00  0.0000000E+00  0.4084987E-03  0.0000000E+00
         1   174      5  0.1444899E-02  0.2014695E-03  0.0000000E+00  0.0000000E+00  0.5103592E-03  0.0000000E+00
         1   174      6  0.1733840E-02  0.2417685E-03  0.0000000E+00  0.0000000E+00  0.6121136E-03  0.0000000E+00
         1   174      7  0.2022767E-02  0.2820691E-03  0.0000000E+00  0.0000000E+00  0.7137618E-03  0.0000000E+00
         1   174      8  0.2311681E-02  0.3223713E-03  0.0000000E+00  0.0000000E+00  0.8153038E-03  0.0000000E+00
         1   174      9  0.2600582E-02  0.3626750E-03  0.0000000E+00  0.0000000E+00  0.9167392E-03  0.0000000E+00
         1   174     10  0.3077585E-02  0.7421672E-04  0.0000000E+00  0.0000000E+00  0.2217067E-01  0.1000000E-02

         1   175      0  0.0000000E+00  0.0000000E+00  0.0000000E+00  0.0000000E+00  0.0000000E+00  0.0000000E+00
         1   175      1  0.0000000E+00  0.0000000E+00  0.0000000E+00  0.0000000E+00  0.0000000E+00  0.0000000E+00
         1   175      2  0.5981451E-03  0.8058256E-04  0.0000000E+00  0.0000000E+00  0.2044600E-03  0.0000000E+00
         1   175      3  0.8971984E-03  0.1208765E-03  0.0000000E+00  0.0000000E+00  0.3065314E-03  0.0000000E+00
         1   175      4  0.1196239E-02  0.1611722E-03  0.0000000E+00  0.0000000E+00  0.4084969E-03  0.0000000E+00
         1   175      5  0.1495267E-02  0.2014695E-03  0.0000000E+00  0.0000000E+00  0.5103563E-03  0.0000000E+00
         1   175      6  0.1794282E-02  0.2417685E-03  0.0000000E+00  0.0000000E+00  0.6121095E-03  0.0000000E+00
         1   175      7  0.2093284E-02  0.2820691E-03  0.0000000E+00  0.0000000E+00  0.7137563E-03  0.0000000E+00
         1   175      8  0.2392274E-02  0.3223713E-03  0.0000000E+00  0.0000000E+00  0.8152966E-03  0.0000000E+00
         1   175      9  0.2691251E-02  0.3626750E-03  0.0000000E+00  0.0000000E+00  0.9167301E-03  0.0000000E+00
         1   175     10  0.3096128E-02  0.7421672E-04  0.0000000E+00  0.0000000E+00  0.2222010E-01  0.1000000E-02

         1   176      0  0.0000000E+00  0.0000000E+00  0.0000000E+00  0.0000000E+00  0.0000000E+00  0.0000000E+00
         1   176      1  0.0000000E+00  0.0000000E+00  0.0000000E+00  0.0000000E+00  0.0000000E+00  0.0000000E+00
         1   176      2  0.9663216E-03  0.7624362E-04  0.0000000E+00  0.0000000E+00  0.1146542E-03  0.0000000E+00
         1   176      3  0.1449486E-02  0.1143675E-03  0.0000000E+00  0.0000000E+00  0.1718164E-03  0.0000000E+00
         1   176      4  0.1932653E-02  0.1524928E-03  0.0000000E+00  0.0000000E+00  0.2288686E-03  0.0000000E+00
         1   176      5  0.2415821E-02  0.1906194E-03  0.0000000E+00  0.0000000E+00  0.2858106E-03  0.0000000E+00
         1   176      6  0.2898992E-02  0.2287472E-03  0.0000000E+00  0.0000000E+00  0.3426422E-03  0.0000000E+00
         1   176      7  0.3382164E-02  0.2668763E-03  0.0000000E+00  0.0000000E+00  0.3993633E-03  0.0000000E+00
         1   176      8  0.3865337E-02  0.3050066E-03  0.0000000E+00  0.0000000E+00  0.4559737E-03  0.0000000E+00
         1   176      9  0.4348512E-02  0.3431380E-03  0.0000000E+00  0.0000000E+00  0.5124733E-03  0.0000000E+00
         1   176     10  0.3669733E-02  0.1702141E-03  0.0000000E+00  0.0000000E+00  0.2276339E-01  0.1000000E-02

         1   177      0  0.0000000E+00  0.0000000E+00  0.0000000E+00  0.0000000E+00  0.0000000E+00  0.0000000E+00
         1   177      1  0.0000000E+00  0.0000000E+00  0.0000000E+00  0.0000000E+00  0.0000000E+00  0.0000000E+00
         1   177      2  0.9853825E-03  0.7624362E-04  0.0000000E+00  0.0000000E+00  0.1146537E-03  0.0000000E+00
         1   177      3  0.1478078E-02  0.1143675E-03  0.0000000E+00  0.0000000E+00  0.1718155E-03  0.0000000E+00
         1   177      4  0.1970776E-02  0.1524928E-03  0.0000000E+00  0.0000000E+00  0.2288670E-03  0.0000000E+00
         1   177      5  0.2463476E-02  0.1906194E-03  0.0000000E+00  0.0000000E+00  0.2858081E-03  0.0000000E+00
         1   177      6  0.2956179E-02  0.2287472E-03  0.0000000E+00  0.0000000E+00  0.3426386E-03  0.0000000E+00
         1   177      7  0.3448883E-02  0.2668763E-03  0.0000000E+00  0.0000000E+00  0.3993584E-03  0.0000000E+00
         1   177      8  0.3941589E-02  0.3050066E-03  0.0000000E+00  0.0000000E+00  0.4559673E-03  0.0000000E+00
         1   177      9  0.4434297E-02  0.3431380E-03  0.0000000E+00  0.0000000E+00  0.5124651E-03  0.0000000E+00
         1   177     10  0.3712263E-02  0.1702141E-03  0.0000000E+00  0.0000000E+00  0.2281282E-01  0.1000000E-02

         1   178      0  0.0000000E+00  0.0000000E+00  0.0000000E+00  0.0000000E+00  0.0000000E+00  0.0000000E+00
         1   178      1  0.0000000E+00  0.0000000E+00  0.0000000E+00  0.0000000E+00  0.0000000E+00  0.0000000E+00
         1   178      2  0.9968190E-03  0.7624362E-04  0.0000000E+00  0.0000000E+00  0.1146535E-03  0.0000000E+00
         1   178      3  0.1495233E-02  0.1143675E-03  0.0000000E+00  0.0000000E+00  0.1718150E-03  0.0000000E+00
         1   178      4  0.1993650E-02  0.1524928E-03  0.0000000E+00  0.0000000E+00  0.2288661E-03  0.0000000E+00
         1   178      5  0.2492069E-02  0.1906194E-03  0.0000000E+00  0.0000000E+00  0.2858066E-03  0.0000000E+00
         1   178      6  0.2990491E-02  0.2287472E-03  0.0000000E+00  0.0000000E+00  0.3426364E-03  0.0000000E+00
         1   178      7  0.3488914E-02  0.2668763E-03  0.0000000E+00  0.0000000E+00  0.3993554E-03  0.0000000E+00
         1   178      8  0.3987340E-02  0.3050066E-03  0.0000000E+00  0.0000000E+00  0.4559634E-03  0.0000000E+00
         1   178      9  0.4485768E-02  0.3431380E-03  0.0000000E+00  0.0000000E+00  0.5124602E-03  0.0000000E+00
         1   178     10  0.3737781E-02  0.1702141E-03  0.0000000E+00  0.0000000E+00  0.2284247E-01  0.1000000E-02

         1   179      0  0.0000000E+00  0.0000000E+00  0.0000000E+00  0.0000000E+00  0.0000000E+00  0.0000000E+00
         1   179      1  0.0000000E+00  0.0000000E+00  0.0000000E+00  0.0000000E+00  0.0000000E+00  0.0000000E+00
         1   179      2  0.1015880E-02  0.7624362E-04  0.0000000E+00  0.0000000E+00  0.1146531E-03  0.0000000E+00
         1   179      3  0.1523825E-02  0.1143675E-03  0.0000000E+00  0.0000000E+00  0.1718141E-03  0.0000000E+00
         1   179      4  0.2031773E-02  0.1524928E-03  0.0000000E+00  0.0000000E+00  0.2288644E-03  0.0000000E+00
         1   179      5  0.2539724E-02  0.1906194E-03  0.0000000E+00  0.0000000E+00  0.2858041E-03  0.0000000E+00
         1   179      6  0.3047677E-02  0.2287472E-03  0.0000000E+00  0.0000000E+00  0.3426328E-03  0.0000000E+00
         1   179      7  0.3555633E-02  0.2668763E-03  0.0000000E+00  0.0000000E+00  0.3993505E-03  0.0000000E+00
         1   179      8  0.4063592E-02  0.3050066E-03  0.0000000E+00  0.0000000E+00  0.4559569E-03  0.0000000E+00
         1   179      9  0.4571552E-02  0.3431380E-03  0.0000000E+00  0.0000000E+00  0.5124521E-03  0.0000000E+00
         1   179     10  0.3780311E-02  0.1702141E-03  0.0000000E+00  0.0000000E+00  0.2289189E-01  0.1000000E-02

         1   180      0  0.0000000E+00  0.0000000E+00  0.0000000E+00  0.0000000E+00  0.0000000E+00  0.0000000E+00
         1   180      1  0.0000000E+00  0.0000000E+00  0.0000000E+00  0.0000000E+00  0.0000000E+00  0.0000000E+00
         1   180      2  0.1033265E-02 -0.6937964E-05  0.0000000E+00  0.0000000E+00  0.1146376E-03  0.0000000E+00
         1   180      3  0.1549903E-02 -0.1040529E-04  0.0000000E+00  0.0000000E+00  0.1717792E-03  0.0000000E+00
         1   180      4  0.2066546E-02 -0.1387155E-04  0.0000000E+00  0.0000000E+00  0.2288025E-03  0.0000000E+00
         1   180      5  0.2583191E-02 -0.1733676E-04  0.0000000E+00  0.0000000E+00  0.2857073E-03  0.0000000E+00
         1   180      6  0.3099840E-02 -0.2080096E-04  0.0000000E+00  0.0000000E+00  0.3424934E-03  0.0000000E+00
         1   180      7  0.3616492E-02 -0.2426418E-04  0.0000000E+00  0.0000000E+00  0.3991608E-03  0.0000000E+00
         1   180      8  0.4133147E-02 -0.2772643E-04  0.0000000E+00  0.0000000E+00  0.4557092E-03  0.0000000E+00
         1   180      9  0.4649804E-02 -0.3118775E-04  0.0000000E+00  0.0000000E+00  0.5121384E-03  0.0000000E+00
         1   180     10  0.3788657E-02 -0.1369252E-03  0.0000000E+00  0.0000000E+00  0.2299053E-01  0.1000000E-02

         1   181      0  0.0000000E+00  0.0000000E+00  0.0000000E+00  0.0000000E+00  0.0000000E+00  0.0000000E+00
         1   181      1  0.0000000E+00  0.0000000E+00  0.0000000E+00  0.0000000E+00  0.0000000E+00  0.0000000E+00
         1   181      2  0.1008989E-02 -0.8983980E-04  0.0000000E+00  0.0000000E+00  0.1146221E-03  0.0000000E+00
         1   181      3  0.1513490E-02 -0.1347586E-03  0.0000000E+00  0.0000000E+00  0.1717442E-03  0.0000000E+00
         1   181      4  0.2017995E-02 -0.1796766E-03  0.0000000E+00  0.0000000E+00  0.2287403E-03  0.0000000E+00
         1   181      5  0.2522504E-02 -0.2245939E-03  0.0000000E+00  0.0000000E+00  0.2856101E-03  0.0000000E+00
         1   181      6  0.3027016E-02 -0.2695105E-03  0.0000000E+00  0.0000000E+00  0.3423535E-03  0.0000000E+00
         1   181      7  0.3531533E-02 -0.3144263E-03  0.0000000E+00  0.0000000E+00  0.3989703E-03  0.0000000E+00
         1   181      8  0.4036052E-02 -0.3593415E-03  0.0000000E+00  0.0000000E+00  0.4554604E-03  0.0000000E+00
         1   181      9  0.4540574E-02 -0.4042560E-03  0.0000000E+00  0.0000000E+00  0.5118237E-03  0.0000000E+00
         1   181     10  0.3644382E-02 -0.4385487E-03  0.0000000E+00  0.0000000E+00  0.2308917E-01  0.1000000E-02

         1   182      0  0.0000000E+00  0.0000000E+00  0.0000000E+00  0.0000000E+00  0.0000000E+00  0.0000000E+00
         1   182      1  0.0000000E+00  0.0000000E+00  0.0000000E+00  0.0000000E+00  0.0000000E+00  0.0000000E+00
         1   182      2  0.9865287E-03 -0.8983980E-04  0.0000000E+00  0.0000000E+00  0.1146215E-03  0.0000000E+00
         1   182      3  0.1479800E-02 -0.1347586E-03  0.0000000E+00  0.0000000E+00  0.1717430E-03  0.0000000E+00
         1   182      4  0.1973076E-02 -0.1796766E-03  0.0000000E+00  0.0000000E+00  0.2287381E-03  0.0000000E+00
         1   182      5  0.2466355E-02 -0.2245939E-03  0.0000000E+00  0.0000000E+00  0.2856066E-03  0.0000000E+00
         1   182      6  0.2959639E-02 -0.2695105E-03  0.0000000E+00  0.0000000E+00  0.3423485E-03  0.0000000E+00
         1   182      7  0.3452926E-02 -0.3144263E-03  0.0000000E+00  0.0000000E+00  0.3989635E-03  0.0000000E+00
         1   182      8  0.3946216E-02 -0.3593415E-03  0.0000000E+00  0.0000000E+00  0.4554515E-03  0.0000000E+00
         1   182      9  0.4439510E-02 -0.4042560E-03  0.0000000E+00  0.0000000E+00  0.5118123E-03  0.0000000E+00
         1   182     10  0.3534805E-02 -0.4385487E-03  0.0000000E+00  0.0000000E+00  0.2313858E-01  0.1000000E-02

         1   183      0  0.0000000E+00  0.0000000E+00  0.0000000E+00  0.0000000E+00  0.0000000E+00  0.0000000E+00
         1   183      1  0.0000000E+00  0.0000000E+00  0.0000000E+00  0.0000000E+00  0.0000000E+00  0.0000000E+00
         1   183      2  0.9730527E-03 -0.8983980E-04  0.0000000E+00  0.0000000E+00  0.1146212E-03  0.0000000E+00
         1   183      3  0.1459586E-02 -0.1347586E-03  0.0000000E+00  0.0000000E+00  0.1717422E-03  0.0000000E+00
         1   183      4  0.1946124E-02 -0.1796766E-03  0.0000000E+00  0.0000000E+00  0.2287367E-03  0.0000000E+00
         1   183      5  0.2432666E-02 -0.2245939E-03  0.0000000E+00  0.0000000E+00  0.2856045E-03  0.0000000E+00
         1   183      6  0.2919212E-02 -0.2695105E-03  0.0000000E+00  0.0000000E+00  0.3423454E-03  0.0000000E+00
         1   183      7  0.3405762E-02 -0.3144263E-03  0.0000000E+00  0.0000000E+00  0.3989594E-03  0.0000000E+00
         1   183      8  0.3892315E-02 -0.3593415E-03  0.0000000E+00  0.0000000E+00  0.4554461E-03  0.0000000E+00
         1   183      9  0.4378872E-02 -0.4042560E-03  0.0000000E+00  0.0000000E+00  0.5118055E-03  0.0000000E+00
         1   183     10  0.3469059E-02 -0.4385487E-03  0.0000000E+00  0.0000000E+00  0.2316823E-01  0.1000000E-02

         1   184      0  0.0000000E+00  0.0000000E+00  0.0000000E+00  0.0000000E+00  0.0000000E+00  0.0000000E+00
         1   184      1  0.0000000E+00  0.0000000E+00  0.0000000E+00  0.0000000E+00  0.0000000E+00  0.0000000E+00
         1   184      2  0.9505928E-03 -0.8983980E-04  0.0000000E+00  0.0000000E+00  0.1146206E-03  0.0000000E+00
         1   184      3  0.1425897E-02 -0.1347586E-03  0.0000000E+00  0.0000000E+00  0.1717410E-03  0.0000000E+00
         1   184      4  0.1901205E-02 -0.1796766E-03  0.0000000E+00  0.0000000E+00  0.2287345E-03  0.0000000E+00
         1   184      5  0.2376518E-02 -0.2245939E-03  0.0000000E+00  0.0000000E+00  0.2856010E-03  0.0000000E+00
         1   184      6  0.2851835E-02 -0.2695105E-03  0.0000000E+00  0.0000000E+00  0.3423404E-03  0.0000000E+00
         1   184      7  0.3327155E-02 -0.3144263E-03  0.0000000E+00  0.0000000E+00  0.3989525E-03  0.0000000E+00
         1   184      8  0.3802480E-02 -0.3593415E-03  0.0000000E+00  0.0000000E+00  0.4554371E-03  0.0000000E+00
         1   184      9  0.4277808E-02 -0.4042560E-03  0.0000000E+00  0.0000000E+00  0.5117942E-03  0.0000000E+00
         1   184     10  0.3359483E-02 -0.4385487E-03  0.0000000E+00  0.0000000E+00  0.2321764E-01  0.1000000E-02

         1   185      0  0.0000000E+00  0.0000000E+00  0.0000000E+00  0.0000000E+00  0.0000000E+00  0.0000000E+00
         1   185      1  0.0000000E+00  0.0000000E+00  0.0000000E+00  0.0000000E+00  0.0000000E+00  0.0000000E+00
         1   185      2  0.5191942E-03 -0.9391649E-04  0.0000000E+00  0.0000000E+00  0.3024634E-04  0.0000000E+00
         1   185      3  0.7787894E-03 -0.1408744E-03  0.0000000E+00  0.0000000E+00  0.4517001E-04  0.0000000E+00
         1   185      4  0.1038383E-02 -0.1878322E-03  0.0000000E+00  0.0000000E+00  0.5996050E-04  0.0000000E+00
         1   185      5  0.1297974E-02 -0.2347898E-03  0.0000000E+00  0.0000000E+00  0.7461770E-04  0.0000000E+00
         1   185      6  0.1557563E-02 -0.2817472E-03  0.0000000E+00  0.0000000E+00  0.8914149E-04  0.0000000E+00
         1   185      7  0.1817150E-02 -0.3287044E-03  0.0000000E+00  0.0000000E+00  0.1035317E-03  0.0000000E+00
         1   185      8  0.2076733E-02 -0.3756615E-03  0.0000000E+00  0.0000000E+00  0.1177883E-03  0.0000000E+00
         1   185      9  0.2336314E-02 -0.4226185E-03  0.0000000E+00  0.0000000E+00  0.1319112E-03  0.0000000E+00
         1   185     10  0.1538673E-02 -0.3373937E-03  0.0000000E+00  0.0000000E+00  0.2386788E-01  0.1000000E-02

         1   186      0  0.0000000E+00  0.0000000E+00  0.0000000E+00  0.0000000E+00  0.0000000E+00  0.0000000E+00
         1   186      1  0.0000000E+00  0.0000000E+00  0.0000000E+00  0.0000000E+00  0.0000000E+00  0.0000000E+00
         1   186      2  0.4957151E-03 -0.9391649E-04  0.0000000E+00  0.0000000E+00  0.3024573E-04  0.0000000E+00
         1   186      3  0.7435708E-03 -0.1408744E-03  0.0000000E+00  0.0000000E+00  0.4516863E-04  0.0000000E+00
         1   186      4  0.9914247E-03 -0.1878322E-03  0.0000000E+00  0.0000000E+00  0.5995805E-04  0.0000000E+00
         1   186      5  0.1239277E-02 -0.2347898E-03  0.0000000E+00  0.0000000E+00  0.7461388E-04  0.0000000E+00
         1   186      6  0.1487126E-02 -0.2817472E-03  0.0000000E+00  0.0000000E+00  0.8913598E-04  0.0000000E+00
         1   186      7  0.1734974E-02 -0.3287044E-03  0.0000000E+00  0.0000000E+00  0.1035242E-03  0.0000000E+00
         1   186      8  0.1982818E-02 -0.3756615E-03  0.0000000E+00  0.0000000E+00  0.1177785E-03  0.0000000E+00
         1   186      9  0.2230659E-02 -0.4226185E-03  0.0000000E+00  0.0000000E+00  0.1318988E-03  0.0000000E+00
         1   186     10  0.1454371E-02 -0.3373937E-03  0.0000000E+00  0.0000000E+00  0.2391730E-01  0.1000000E-02

         1   187      0  0.0000000E+00  0.0000000E+00  0.0000000E+00  0.0000000E+00  0.0000000E+00  0.0000000E+00
         1   187      1  0.0000000E+00  0.0000000E+00  0.0000000E+00  0.0000000E+00  0.0000000E+00  0.0000000E+00
         1   187      2  0.4816276E-03 -0.9391649E-04  0.0000000E+00  0.0000000E+00  0.3024536E-04  0.0000000E+00
         1   187      3  0.7224396E-03 -0.1408744E-03  0.0000000E+00  0.0000000E+00  0.4516780E-04  0.0000000E+00
         1   187      4  0.9632499E-03 -0.1878322E-03  0.0000000E+00  0.0000000E+00  0.5995658E-04  0.0000000E+00
         1   187      5  0.1204058E-02 -0.2347898E-03  0.0000000E+00  0.0000000E+00  0.7461158E-04  0.0000000E+00
         1   187      6  0.1444864E-02 -0.2817472E-03  0.0000000E+00  0.0000000E+00  0.8913268E-04  0.0000000E+00
         1   187      7  0.1685668E-02 -0.3287044E-03  0.0000000E+00  0.0000000E+00  0.1035197E-03  0.0000000E+00
         1   187      8  0.1926469E-02 -0.3756615E-03  0.0000000E+00  0.0000000E+00  0.1177727E-03  0.0000000E+00
         1   187      9  0.2167266E-02 -0.4226185E-03  0.0000000E+00  0.0000000E+00  0.1318913E-03  0.0000000E+00
         1   187     10  0.1403790E-02 -0.3373937E-03  0.0000000E+00  0.0000000E+00  0.2394695E-01  0.1000000E-02

         1   188      0  0.0000000E+00  0.0000000E+00  0.0000000E+00  0.0000000E+00  0.0000000E+00  0.0000000E+00
         1   188      1  0.0000000E+00  0.0000000E+00  0.0000000E+00  0.0000000E+00  0.0000000E+00  0.0000000E+00
         1   188      2  0.4581485E-03 -0.9391649E-04  0.0000000E+00  0.0000000E+00  0.3024475E-04  0.0000000E+00
         1   188      3  0.6872210E-03 -0.1408744E-03  0.0000000E+00  0.0000000E+00  0.4516643E-04  0.0000000E+00
         1   188      4  0.9162918E-03 -0.1878322E-03  0.0000000E+00  0.0000000E+00  0.5995413E-04  0.0000000E+00
         1   188      5  0.1145361E-02 -0.2347898E-03  0.0000000E+00  0.0000000E+00  0.7460776E-04  0.0000000E+00
         1   188      6  0.1374428E-02 -0.2817472E-03  0.0000000E+00  0.0000000E+00  0.8912717E-04  0.0000000E+00
         1   188      7  0.1603492E-02 -0.3287044E-03  0.0000000E+00  0.0000000E+00  0.1035122E-03  0.0000000E+00
         1   188      8  0.1832553E-02 -0.3756615E-03  0.0000000E+00  0.0000000E+00  0.1177629E-03  0.0000000E+00
         1   188      9  0.2061612E-02 -0.4226185E-03  0.0000000E+00  0.0000000E+00  0.1318789E-03  0.0000000E+00
         1   188     10  0.1319489E-02 -0.3373937E-03  0.0000000E+00  0.0000000E+00  0.2399636E-01  0.1000000E-02

         1   189      0  0.0000000E+00  0.0000000E+00  0.0000000E+00  0.0000000E+00  0.0000000E+00  0.0000000E+00
         1   189      1  0.0000000E+00  0.0000000E+00  0.0000000E+00  0.0000000E+00  0.0000000E+00  0.0000000E+00
         1   189      2  0.4193762E-03 -0.6164914E-04  0.0000000E+00  0.0000000E+00  0.3024642E-04  0.0000000E+00
         1   189      3  0.6290626E-03 -0.9247353E-04  0.0000000E+00  0.0000000E+00  0.4517018E-04  0.0000000E+00
         1   189      4  0.8387475E-03 -0.1232979E-03  0.0000000E+00  0.0000000E+00  0.5996081E-04  0.0000000E+00
         1   189      5  0.1048431E-02 -0.1541221E-03  0.0000000E+00  0.0000000E+00  0.7461819E-04  0.0000000E+00
         1   189      6  0.1258111E-02 -0.1849464E-03  0.0000000E+00  0.0000000E+00  0.8914220E-04  0.0000000E+00
         1   189      7  0.1467790E-02 -0.2157707E-03  0.0000000E+00  0.0000000E+00  0.1035327E-03  0.0000000E+00
         1   189      8  0.1677466E-02 -0.2465951E-03  0.0000000E+00  0.0000000E+00  0.1177896E-03  0.0000000E+00
         1   189      9  0.1887138E-02 -0.2774195E-03  0.0000000E+00  0.0000000E+00  0.1319127E-03  0.0000000E+00
         1   189     10  0.1174235E-02 -0.2457297E-03  0.0000000E+00  0.0000000E+00  0.2409522E-01  0.1000000E-02

         1   190      0  0.0000000E+00  0.0000000E+00  0.0000000E+00  0.0000000E+00  0.0000000E+00  0.0000000E+00
         1   190      1  0.0000000E+00  0.0000000E+00  0.0000000E+00  0.0000000E+00  0.0000000E+00  0.0000000E+00
         1   190      2  0.3961197E-03 -0.3166264E-04  0.0000000E+00  0.0000000E+00  0.3024828E-04  0.0000000E+00
         1   190      3  0.5941779E-03 -0.4749391E-04  0.0000000E+00  0.0000000E+00  0.4517437E-04  0.0000000E+00
         1   190      4  0.7922347E-03 -0.6332522E-04  0.0000000E+00  0.0000000E+00  0.5996826E-04  0.0000000E+00
         1   190      5  0.9902895E-03 -0.7915662E-04  0.0000000E+00  0.0000000E+00  0.7462983E-04  0.0000000E+00
         1   190      6  0.1188342E-02 -0.9498817E-04  0.0000000E+00  0.0000000E+00  0.8915896E-04  0.0000000E+00
         1   190      7  0.1386392E-02 -0.1108199E-03  0.0000000E+00  0.0000000E+00  0.1035555E-03  0.0000000E+00
         1   190      8  0.1584440E-02 -0.1266520E-03  0.0000000E+00  0.0000000E+00  0.1178194E-03  0.0000000E+00
         1   190      9  0.1782484E-02 -0.1424843E-03  0.0000000E+00  0.0000000E+00  0.1319505E-03  0.0000000E+00
         1   190     10  0.1072384E-02 -0.1631488E-03  0.0000000E+00  0.0000000E+00  0.2419408E-01  0.1000000E-02

         1   191      0  0.0000000E+00  0.0000000E+00  0.0000000E+00  0.0000000E+00  0.0000000E+00  0.0000000E+00
         1   191      1  0.0000000E+00  0.0000000E+00  0.0000000E+00  0.0000000E+00  0.0000000E+00  0.0000000E+00
         1   191      2  0.3882040E-03 -0.3166264E-04  0.0000000E+00  0.0000000E+00  0.3024821E-04  0.0000000E+00
         1   191      3  0.5823045E-03 -0.4749391E-04  0.0000000E+00  0.0000000E+00  0.4517422E-04  0.0000000E+00
         1   191      4  0.7764033E-03 -0.6332522E-04  0.0000000E+00  0.0000000E+00  0.5996798E-04  0.0000000E+00
         1   191      5  0.9705004E-03 -0.7915662E-04  0.0000000E+00  0.0000000E+00  0.7462940E-04  0.0000000E+00
         1   191      6  0.1164595E-02 -0.9498817E-04  0.0000000E+00  0.0000000E+00  0.8915833E-04  0.0000000E+00
         1   191      7  0.1358687E-02 -0.1108199E-03  0.0000000E+00  0.0000000E+00  0.1035547E-03  0.0000000E+00
         1   191      8  0.1552777E-02 -0.1266520E-03  0.0000000E+00  0.0000000E+00  0.1178183E-03  0.0000000E+00
         1   191      9  0.1746863E-02 -0.1424843E-03  0.0000000E+00  0.0000000E+00  0.1319490E-03  0.0000000E+00
         1   191     10  0.1031620E-02 -0.1631488E-03  0.0000000E+00  0.0000000E+00  0.2424350E-01  0.1000000E-02

         1   192      0  0.0000000E+00  0.0000000E+00  0.0000000E+00  0.0000000E+00  0.0000000E+00  0.0000000E+00
         1   192      1  0.0000000E+00  0.0000000E+00  0.0000000E+00  0.0000000E+00  0.0000000E+00  0.0000000E+00
         1   192      2  0.3834546E-03 -0.3166264E-04  0.0000000E+00  0.0000000E+00  0.3024817E-04  0.0000000E+00
         1   192      3  0.5751804E-03 -0.4749391E-04  0.0000000E+00  0.0000000E+00  0.4517412E-04  0.0000000E+00
         1   192      4  0.7669046E-03 -0.6332522E-04  0.0000000E+00  0.0000000E+00  0.5996782E-04  0.0000000E+00
         1   192      5  0.9586269E-03 -0.7915662E-04  0.0000000E+00  0.0000000E+00  0.7462914E-04  0.0000000E+00
         1   192      6  0.1150347E-02 -0.9498817E-04  0.0000000E+00  0.0000000E+00  0.8915796E-04  0.0000000E+00
         1   192      7  0.1342064E-02 -0.1108199E-03  0.0000000E+00  0.0000000E+00  0.1035542E-03  0.0000000E+00
         1   192      8  0.1533779E-02 -0.1266520E-03  0.0000000E+00  0.0000000E+00  0.1178176E-03  0.0000000E+00
         1   192      9  0.1725490E-02 -0.1424843E-03  0.0000000E+00  0.0000000E+00  0.1319482E-03  0.0000000E+00
         1   192     10  0.1007161E-02 -0.1631488E-03  0.0000000E+00  0.0000000E+00  0.2427316E-01  0.1000000E-02

         1   193      0  0.0000000E+00  0.0000000E+00  0.0000000E+00  0.0000000E+00  0.0000000E+00  0.0000000E+00
         1   193      1  0.0000000E+00  0.0000000E+00  0.0000000E+00  0.0000000E+00  0.0000000E+00  0.0000000E+00
         1   193      2  0.3755390E-03 -0.3166264E-04  0.0000000E+00  0.0000000E+00  0.3024810E-04  0.0000000E+00
         1   193      3  0.5633069E-03 -0.4749391E-04  0.0000000E+00  0.0000000E+00  0.4517397E-04  0.0000000E+00
         1   193      4  0.7510733E-03 -0.6332522E-04  0.0000000E+00  0.0000000E+00  0.5996754E-04  0.0000000E+00
         1   193      5  0.9388377E-03 -0.7915662E-04  0.0000000E+00  0.0000000E+00  0.7462870E-04  0.0000000E+00
         1   193      6  0.1126600E-02 -0.9498817E-04  0.0000000E+00  0.0000000E+00  0.8915733E-04  0.0000000E+00
         1   193      7  0.1314359E-02 -0.1108199E-03  0.0000000E+00  0.0000000E+00  0.1035533E-03  0.0000000E+00
         1   193      8  0.1502116E-02 -0.1266520E-03  0.0000000E+00  0.0000000E+00  0.1178165E-03  0.0000000E+00
         1   193      9  0.1689869E-02 -0.1424843E-03  0.0000000E+00  0.0000000E+00  0.1319468E-03  0.0000000E+00
         1   193     10  0.9663963E-03 -0.1631488E-03  0.0000000E+00  0.0000000E+00  0.2432258E-01  0.1000000E-02

         1   194      0  0.0000000E+00  0.0000000E+00  0.0000000E+00  0.0000000E+00  0.0000000E+00  0.0000000E+00
         1   194      1  0.0000000E+00  0.0000000E+00  0.0000000E+00  0.0000000E+00  0.0000000E+00  0.0000000E+00
         1   194      2  0.2229793E-03 -0.3332242E-04  0.0000000E+00  0.0000000E+00 -0.4106879E-05  0.0000000E+00
         1   194      3  0.3344655E-03 -0.4998367E-04  0.0000000E+00  0.0000000E+00 -0.6359421E-05  0.0000000E+00
         1   194      4  0.4459487E-03 -0.6664501E-04  0.0000000E+00  0.0000000E+00 -0.8744783E-05  0.0000000E+00
         1   194      5  0.5574282E-03 -0.8330650E-04  0.0000000E+00  0.0000000E+00 -0.1126303E-04  0.0000000E+00
         1   194      6  0.6689033E-03 -0.9996819E-04  0.0000000E+00  0.0000000E+00 -0.1391423E-04  0.0000000E+00
         1   194      7  0.7803734E-03 -0.1166301E-03  0.0000000E+00  0.0000000E+00 -0.1669844E-04  0.0000000E+00
         1   194      8  0.8918379E-03 -0.1332924E-03  0.0000000E+00  0.0000000E+00 -0.1961574E-04  0.0000000E+00
         1   194      9  0.1003296E-02 -0.1499550E-03  0.0000000E+00  0.0000000E+00 -0.2266618E-04  0.0000000E+00
         1   194     10  0.4607359E-03 -0.5235965E-04  0.0000000E+00  0.0000000E+00  0.2517207E-01  0.1000000E-02

         1   195      0  0.0000000E+00  0.0000000E+00  0.0000000E+00  0.0000000E+00  0.0000000E+00  0.0000000E+00
         1   195      1  0.0000000E+00  0.0000000E+00  0.0000000E+00  0.0000000E+00  0.0000000E+00  0.0000000E+00
         1   195      2  0.2146487E-03 -0.3332242E-04  0.0000000E+00  0.0000000E+00 -0.4106956E-05  0.0000000E+00
         1   195      3  0.3219696E-03 -0.4998367E-04  0.0000000E+00  0.0000000E+00 -0.6359594E-05  0.0000000E+00
         1   195      4  0.4292875E-03 -0.6664501E-04  0.0000000E+00  0.0000000E+00 -0.8745092E-05  0.0000000E+00
         1   195      5  0.5366016E-03 -0.8330650E-04  0.0000000E+00  0.0000000E+00 -0.1126351E-04  0.0000000E+00
         1   195      6  0.6439113E-03 -0.9996819E-04  0.0000000E+00  0.0000000E+00 -0.1391492E-04  0.0000000E+00
         1   195      7  0.7512159E-03 -0.1166301E-03  0.0000000E+00  0.0000000E+00 -0.1669939E-04  0.0000000E+00
         1   195      8  0.8585148E-03 -0.1332924E-03  0.0000000E+00  0.0000000E+00 -0.1961697E-04  0.0000000E+00
         1   195      9  0.9658074E-03 -0.1499550E-03  0.0000000E+00  0.0000000E+00 -0.2266774E-04  0.0000000E+00
         1   195     10  0.4476533E-03 -0.5235965E-04  0.0000000E+00  0.0000000E+00  0.2522149E-01  0.1000000E-02

         1   196      0  0.0000000E+00  0.0000000E+00  0.0000000E+00  0.0000000E+00  0.0000000E+00  0.0000000E+00
         1   196      1  0.0000000E+00  0.0000000E+00  0.0000000E+00  0.0000000E+00  0.0000000E+00  0.0000000E+00
         1   196      2  0.2096503E-03 -0.3332242E-04  0.0000000E+00  0.0000000E+00 -0.4107003E-05  0.0000000E+00
         1   196      3  0.3144721E-03 -0.4998367E-04  0.0000000E+00  0.0000000E+00 -0.6359698E-05  0.0000000E+00
         1   196      4  0.4192907E-03 -0.6664501E-04  0.0000000E+00  0.0000000E+00 -0.8745277E-05  0.0000000E+00
         1   196      5  0.5241056E-03 -0.8330650E-04  0.0000000E+00  0.0000000E+00 -0.1126380E-04  0.0000000E+00
         1   196      6  0.6289160E-03 -0.9996819E-04  0.0000000E+00  0.0000000E+00 -0.1391534E-04  0.0000000E+00
         1   196      7  0.7337214E-03 -0.1166301E-03  0.0000000E+00  0.0000000E+00 -0.1669995E-04  0.0000000E+00
         1   196      8  0.8385210E-03 -0.1332924E-03  0.0000000E+00  0.0000000E+00 -0.1961771E-04  0.0000000E+00
         1   196      9  0.9433142E-03 -0.1499550E-03  0.0000000E+00  0.0000000E+00 -0.2266867E-04  0.0000000E+00
         1   196     10  0.4398037E-03 -0.5235965E-04  0.0000000E+00  0.0000000E+00  0.2525115E-01  0.1000000E-02

         1   197      0  0.0000000E+00  0.0000000E+00  0.0000000E+00  0.0000000E+00  0.0000000E+00  0.0000000E+00
         1   197      1  0.0000000E+00  0.0000000E+00  0.0000000E+00  0.0000000E+00  0.0000000E+00  0.0000000E+00
         1   197      2  0.2013197E-03 -0.3332242E-04  0.0000000E+00  0.0000000E+00 -0.4107080E-05  0.0000000E+00
         1   197      3  0.3019762E-03 -0.4998367E-04  0.0000000E+00  0.0000000E+00 -0.6359872E-05  0.0000000E+00
         1   197      4  0.4026295E-03 -0.6664501E-04  0.0000000E+00  0.0000000E+00 -0.8745585E-05  0.0000000E+00
         1   197      5  0.5032790E-03 -0.8330650E-04  0.0000000E+00  0.0000000E+00 -0.1126428E-04  0.0000000E+00
         1   197      6  0.6039240E-03 -0.9996819E-04  0.0000000E+00  0.0000000E+00 -0.1391603E-04  0.0000000E+00
         1   197      7  0.7045638E-03 -0.1166301E-03  0.0000000E+00  0.0000000E+00 -0.1670090E-04  0.0000000E+00
         1   197      8  0.8051979E-03 -0.1332924E-03  0.0000000E+00  0.0000000E+00 -0.1961894E-04  0.0000000E+00
         1   197      9  0.9058254E-03 -0.1499550E-03  0.0000000E+00  0.0000000E+00 -0.2267023E-04  0.0000000E+00
         1   197     10  0.4267210E-03 -0.5235965E-04  0.0000000E+00  0.0000000E+00  0.2530057E-01  0.1000000E-02

         1   198      0  0.0000000E+00  0.0000000E+00  0.0000000E+00  0.0000000E+00  0.0000000E+00  0.0000000E+00
         1   198      1  0.0000000E+00  0.0000000E+00  0.0000000E+00  0.0000000E+00  0.0000000E+00  0.0000000E+00
         1   198      2  0.1807120E-03 -0.4883035E-04  0.0000000E+00  0.0000000E+00 -0.4107848E-05  0.0000000E+00
         1   198      3  0.2710646E-03 -0.7324529E-04  0.0000000E+00  0.0000000E+00 -0.6361601E-05  0.0000000E+00
         1   198      4  0.3614142E-03 -0.9766007E-04  0.0000000E+00  0.0000000E+00 -0.8748660E-05  0.0000000E+00
         1   198      5  0.4517599E-03 -0.1220747E-03  0.0000000E+00  0.0000000E+00 -0.1126909E-04  0.0000000E+00
         1   198      6  0.5421011E-03 -0.1464891E-03  0.0000000E+00  0.0000000E+00 -0.1392295E-04  0.0000000E+00
         1   198      7  0.6324371E-03 -0.1709034E-03  0.0000000E+00  0.0000000E+00 -0.1671031E-04  0.0000000E+00
         1   198      8  0.7227673E-03 -0.1953176E-03  0.0000000E+00  0.0000000E+00 -0.1963124E-04  0.0000000E+00
         1   198      9  0.8130909E-03 -0.2197315E-03  0.0000000E+00  0.0000000E+00 -0.2268580E-04  0.0000000E+00
         1   198     10  0.3921367E-03 -0.8558785E-04  0.0000000E+00  0.0000000E+00  0.2539942E-01  0.1000000E-02

         1   199      0  0.0000000E+00  0.0000000E+00  0.0000000E+00  0.0000000E+00  0.0000000E+00  0.0000000E+00
         1   199      1  0.0000000E+00  0.0000000E+00  0.0000000E+00  0.0000000E+00  0.0000000E+00  0.0000000E+00
         1   199      2  0.1528179E-03 -0.6236944E-04  0.0000000E+00  0.0000000E+00 -0.4108687E-05  0.0000000E+00
         1   199      3  0.2292237E-03 -0.9355365E-04  0.0000000E+00  0.0000000E+00 -0.6363488E-05  0.0000000E+00
         1   199      4  0.3056266E-03 -0.1247375E-03  0.0000000E+00  0.0000000E+00 -0.8752014E-05  0.0000000E+00
         1   199      5  0.3820257E-03 -0.1559208E-03  0.0000000E+00  0.0000000E+00 -0.1127433E-04  0.0000000E+00
         1   199      6  0.4584206E-03 -0.1871036E-03  0.0000000E+00  0.0000000E+00 -0.1393050E-04  0.0000000E+00
         1   199      7  0.5348104E-03 -0.2182859E-03  0.0000000E+00  0.0000000E+00 -0.1672059E-04  0.0000000E+00
         1   199      8  0.6111946E-03 -0.2494675E-03  0.0000000E+00  0.0000000E+00 -0.1964466E-04  0.0000000E+00
         1   199      9  0.6875724E-03 -0.2806484E-03  0.0000000E+00  0.0000000E+00 -0.2270278E-04  0.0000000E+00
         1   199     10  0.3417557E-03 -0.1153683E-03  0.0000000E+00  0.0000000E+00  0.2549826E-01  0.1000000E-02

         1   200      0  0.0000000E+00  0.0000000E+00  0.0000000E+00  0.0000000E+00  0.0000000E+00  0.0000000E+00
         1   200      1  0.0000000E+00  0.0000000E+00  0.0000000E+00  0.0000000E+00  0.0000000E+00  0.0000000E+00
         1   200      2  0.1372256E-03 -0.6236944E-04  0.0000000E+00  0.0000000E+00 -0.4108957E-05  0.0000000E+00
         1   200      3  0.2058353E-03 -0.9355365E-04  0.0000000E+00  0.0000000E+00 -0.6364096E-05  0.0000000E+00
         1   200      4  0.2744422E-03 -0.1247375E-03  0.0000000E+00  0.0000000E+00 -0.8753094E-05  0.0000000E+00
         1   200      5  0.3430455E-03 -0.1559208E-03  0.0000000E+00  0.0000000E+00 -0.1127602E-04  0.0000000E+00
         1   200      6  0.4116447E-03 -0.1871036E-03  0.0000000E+00  0.0000000E+00 -0.1393293E-04  0.0000000E+00
         1   200      7  0.4802389E-03 -0.2182859E-03  0.0000000E+00  0.0000000E+00 -0.1672389E-04  0.0000000E+00
         1   200      8  0.5488277E-03 -0.2494675E-03  0.0000000E+00  0.0000000E+00 -0.1964898E-04  0.0000000E+00
         1   200      9  0.6174103E-03 -0.2806484E-03  0.0000000E+00  0.0000000E+00 -0.2270824E-04  0.0000000E+00
         1   200     10  0.3129297E-03 -0.1153683E-03  0.0000000E+00  0.0000000E+00  0.2554769E-01  0.1000000E-02

         1   201      0  0.0000000E+00  0.0000000E+00  0.0000000E+00  0.0000000E+00  0.0000000E+00  0.0000000E+00
         1   201      1  0.0000000E+00  0.0000000E+00  0.0000000E+00  0.0000000E+00  0.0000000E+00  0.0000000E+00
         1   201      2  0.1278701E-03 -0.6236944E-04  0.0000000E+00  0.0000000E+00 -0.4109119E-05  0.0000000E+00
         1   201      3  0.1918023E-03 -0.9355365E-04  0.0000000E+00  0.0000000E+00 -0.6364460E-05  0.0000000E+00
         1   201      4  0.2557316E-03 -0.1247375E-03  0.0000000E+00  0.0000000E+00 -0.8753742E-05  0.0000000E+00
         1   201      5  0.3196574E-03 -0.1559208E-03  0.0000000E+00  0.0000000E+00 -0.1127703E-04  0.0000000E+00
         1   201      6  0.3835791E-03 -0.1871036E-03  0.0000000E+00  0.0000000E+00 -0.1393439E-04  0.0000000E+00
         1   201      7  0.4474961E-03 -0.2182859E-03  0.0000000E+00  0.0000000E+00 -0.1672588E-04  0.0000000E+00
         1   201      8  0.5114076E-03 -0.2494675E-03  0.0000000E+00  0.0000000E+00 -0.1965157E-04  0.0000000E+00
         1   201      9  0.5753131E-03 -0.2806484E-03  0.0000000E+00  0.0000000E+00 -0.2271152E-04  0.0000000E+00
         1   201     10  0.2956340E-03 -0.1153683E-03  0.0000000E+00  0.0000000E+00  0.2557734E-01  0.1000000E-02

         1   202      0  0.0000000E+00  0.0000000E+00  0.0000000E+00  0.0000000E+00  0.0000000E+00  0.0000000E+00
         1   202      1  0.0000000E+00  0.0000000E+00  0.0000000E+00  0.0000000E+00  0.0000000E+00  0.0000000E+00
         1   202      2  0.1122778E-03 -0.6236944E-04  0.0000000E+00  0.0000000E+00 -0.4109389E-05  0.0000000E+00
         1   202      3  0.1684139E-03 -0.9355365E-04  0.0000000E+00  0.0000000E+00 -0.6365068E-05  0.0000000E+00
         1   202      4  0.2245472E-03 -0.1247375E-03  0.0000000E+00  0.0000000E+00 -0.8754822E-05  0.0000000E+00
         1   202      5  0.2806772E-03 -0.1559208E-03  0.0000000E+00  0.0000000E+00 -0.1127872E-04  0.0000000E+00
         1   202      6  0.3368032E-03 -0.1871036E-03  0.0000000E+00  0.0000000E+00 -0.1393682E-04  0.0000000E+00
         1   202      7  0.3929246E-03 -0.2182859E-03  0.0000000E+00  0.0000000E+00 -0.1672918E-04  0.0000000E+00
         1   202      8  0.4490407E-03 -0.2494675E-03  0.0000000E+00  0.0000000E+00 -0.1965589E-04  0.0000000E+00
         1   202      9  0.5051510E-03 -0.2806484E-03  0.0000000E+00  0.0000000E+00 -0.2271699E-04  0.0000000E+00
         1   202     10  0.2668080E-03 -0.1153683E-03  0.0000000E+00  0.0000000E+00  0.2562676E-01  0.1000000E-02

         1   203      0  0.0000000E+00  0.0000000E+00  0.0000000E+00  0.0000000E+00  0.0000000E+00  0.0000000E+00
         1   203      1  0.0000000E+00  0.0000000E+00  0.0000000E+00  0.0000000E+00  0.0000000E+00  0.0000000E+00
         1   203      2 -0.1801150E-03 -0.6218182E-04  0.0000000E+00  0.0000000E+00 -0.2207743E-06  0.0000000E+00
         1   203      3 -0.2701734E-03 -0.9327258E-04  0.0000000E+00  0.0000000E+00 -0.5357299E-06  0.0000000E+00
         1   203      4 -0.3602329E-03 -0.1243632E-03  0.0000000E+00  0.0000000E+00 -0.9870740E-06  0.0000000E+00
         1   203      5 -0.4502938E-03 -0.1554535E-03  0.0000000E+00  0.0000000E+00 -0.1574814E-05  0.0000000E+00
         1   203      6 -0.5403565E-03 -0.1865436E-03  0.0000000E+00  0.0000000E+00 -0.2298956E-05  0.0000000E+00
         1   203      7 -0.6304215E-03 -0.2176333E-03  0.0000000E+00  0.0000000E+00 -0.3159508E-05  0.0000000E+00
         1   203      8 -0.7204890E-03 -0.2487226E-03  0.0000000E+00  0.0000000E+00 -0.4156476E-05  0.0000000E+00
         1   203      9 -0.8105594E-03 -0.2798115E-03  0.0000000E+00  0.0000000E+00 -0.5289868E-05  0.0000000E+00
         1   203     10 -0.7032283E-05 -0.1343913E-05  0.0000000E+00  0.0000000E+00  0.2654321E-01  0.1000000E-02

         1   204      0  0.0000000E+00  0.0000000E+00  0.0000000E+00  0.0000000E+00  0.0000000E+00  0.0000000E+00
         1   204      1  0.0000000E+00  0.0000000E+00  0.0000000E+00  0.0000000E+00  0.0000000E+00  0.0000000E+00
         1   204      2 -0.1956604E-03 -0.6218182E-04  0.0000000E+00  0.0000000E+00 -0.2210426E-06  0.0000000E+00
         1   204      3 -0.2934915E-03 -0.9327258E-04  0.0000000E+00  0.0000000E+00 -0.5363336E-06  0.0000000E+00
         1   204      4 -0.3913236E-03 -0.1243632E-03  0.0000000E+00  0.0000000E+00 -0.9881473E-06  0.0000000E+00
         1   204      5 -0.4891572E-03 -0.1554535E-03  0.0000000E+00  0.0000000E+00 -0.1576491E-05  0.0000000E+00
         1   204      6 -0.5869924E-03 -0.1865436E-03  0.0000000E+00  0.0000000E+00 -0.2301371E-05  0.0000000E+00
         1   204      7 -0.6848298E-03 -0.2176333E-03  0.0000000E+00  0.0000000E+00 -0.3162795E-05  0.0000000E+00
         1   204      8 -0.7826697E-03 -0.2487226E-03  0.0000000E+00  0.0000000E+00 -0.4160769E-05  0.0000000E+00
         1   204      9 -0.8805123E-03 -0.2798115E-03  0.0000000E+00  0.0000000E+00 -0.5295301E-05  0.0000000E+00
         1   204     10 -0.7368074E-05 -0.1343913E-05  0.0000000E+00  0.0000000E+00  0.2659263E-01  0.1000000E-02

         1   205      0  0.0000000E+00  0.0000000E+00  0.0000000E+00  0.0000000E+00  0.0000000E+00  0.0000000E+00
         1   205      1  0.0000000E+00  0.0000000E+00  0.0000000E+00  0.0000000E+00  0.0000000E+00  0.0000000E+00
         1   205      2 -0.2049877E-03 -0.6218182E-04  0.0000000E+00  0.0000000E+00 -0.2212036E-06  0.0000000E+00
         1   205      3 -0.3074824E-03 -0.9327258E-04  0.0000000E+00  0.0000000E+00 -0.5366959E-06  0.0000000E+00
         1   205      4 -0.4099781E-03 -0.1243632E-03  0.0000000E+00  0.0000000E+00 -0.9887913E-06  0.0000000E+00
         1   205      5 -0.5124752E-03 -0.1554535E-03  0.0000000E+00  0.0000000E+00 -0.1577497E-05  0.0000000E+00
         1   205      6 -0.6149740E-03 -0.1865436E-03  0.0000000E+00  0.0000000E+00 -0.2302820E-05  0.0000000E+00
         1   205      7 -0.7174748E-03 -0.2176333E-03  0.0000000E+00  0.0000000E+00 -0.3164767E-05  0.0000000E+00
         1   205      8 -0.8199781E-03 -0.2487226E-03  0.0000000E+00  0.0000000E+00 -0.4163345E-05  0.0000000E+00
         1   205      9 -0.9224840E-03 -0.2798115E-03  0.0000000E+00  0.0000000E+00 -0.5298561E-05  0.0000000E+00
         1   205     10 -0.7569549E-05 -0.1343913E-05  0.0000000E+00  0.0000000E+00  0.2662229E-01  0.1000000E-02

         1   206      0  0.0000000E+00  0.0000000E+00  0.0000000E+00  0.0000000E+00  0.0000000E+00  0.0000000E+00
         1   206      1  0.0000000E+00  0.0000000E+00  0.0000000E+00  0.0000000E+00  0.0000000E+00  0.0000000E+00
         1   206      2 -0.2205332E-03 -0.6218182E-04  0.0000000E+00  0.0000000E+00 -0.2214719E-06  0.0000000E+00
         1   206      3 -0.3308006E-03 -0.9327258E-04  0.0000000E+00  0.0000000E+00 -0.5372996E-06  0.0000000E+00
         1   206      4 -0.4410689E-03 -0.1243632E-03  0.0000000E+00  0.0000000E+00 -0.9898646E-06  0.0000000E+00
         1   206      5 -0.5513386E-03 -0.1554535E-03  0.0000000E+00  0.0000000E+00 -0.1579174E-05  0.0000000E+00
         1   206      6 -0.6616099E-03 -0.1865436E-03  0.0000000E+00  0.0000000E+00 -0.2305235E-05  0.0000000E+00
         1   206      7 -0.7718831E-03 -0.2176333E-03  0.0000000E+00  0.0000000E+00 -0.3168054E-05  0.0000000E+00
         1   206      8 -0.8821587E-03 -0.2487226E-03  0.0000000E+00  0.0000000E+00 -0.4167638E-05  0.0000000E+00
         1   206      9 -0.9924369E-03 -0.2798115E-03  0.0000000E+00  0.0000000E+00 -0.5303995E-05  0.0000000E+00
         1   206     10 -0.7905341E-05 -0.1343913E-05  0.0000000E+00  0.0000000E+00  0.2667171E-01  0.1000000E-02

         1   207      0  0.0000000E+00  0.0000000E+00  0.0000000E+00  0.0000000E+00  0.0000000E+00  0.0000000E+00
         1   207      1  0.0000000E+00  0.0000000E+00  0.0000000E+00  0.0000000E+00  0.0000000E+00  0.0000000E+00
         1   207      2 -0.2558951E-03 -0.7970050E-04  0.0000000E+00  0.0000000E+00 -0.2214270E-06  0.0000000E+00
         1   207      3 -0.3838434E-03 -0.1195507E-03  0.0000000E+00  0.0000000E+00 -0.5371984E-06  0.0000000E+00
         1   207      4 -0.5117926E-03 -0.1594007E-03  0.0000000E+00  0.0000000E+00 -0.9896847E-06  0.0000000E+00
         1   207      5 -0.6397431E-03 -0.1992506E-03  0.0000000E+00  0.0000000E+00 -0.1578893E-05  0.0000000E+00
         1   207      6 -0.7676950E-03 -0.2391004E-03  0.0000000E+00  0.0000000E+00 -0.2304830E-05  0.0000000E+00
         1   207      7 -0.8956488E-03 -0.2789499E-03  0.0000000E+00  0.0000000E+00 -0.3167503E-05  0.0000000E+00
         1   207      8 -0.1023605E-02 -0.3187992E-03  0.0000000E+00  0.0000000E+00 -0.4166918E-05  0.0000000E+00
         1   207      9 -0.1151563E-02 -0.3586482E-03  0.0000000E+00  0.0000000E+00 -0.5303083E-05  0.0000000E+00
         1   207     10 -0.8727162E-05 -0.1955288E-05  0.0000000E+00  0.0000000E+00  0.2677056E-01  0.1000000E-02

         1   208      0  0.0000000E+00  0.0000000E+00  0.0000000E+00  0.0000000E+00  0.0000000E+00  0.0000000E+00
         1   208      1  0.0000000E+00  0.0000000E+00  0.0000000E+00  0.0000000E+00  0.0000000E+00  0.0000000E+00
         1   208      2 -0.3014730E-03 -0.1032549E-03  0.0000000E+00  0.0000000E+00 -0.2214184E-06  0.0000000E+00
         1   208      3 -0.4522102E-03 -0.1548823E-03  0.0000000E+00  0.0000000E+00 -0.5371793E-06  0.0000000E+00
         1   208      4 -0.6029483E-03 -0.2065097E-03  0.0000000E+00  0.0000000E+00 -0.9896506E-06  0.0000000E+00
         1   208      5 -0.7536876E-03 -0.2581371E-03  0.0000000E+00  0.0000000E+00 -0.1578840E-05  0.0000000E+00
         1   208      6 -0.9044283E-03 -0.3097644E-03  0.0000000E+00  0.0000000E+00 -0.2304753E-05  0.0000000E+00
         1   208      7 -0.1055171E-02 -0.3613916E-03  0.0000000E+00  0.0000000E+00 -0.3167398E-05  0.0000000E+00
         1   208      8 -0.1205915E-02 -0.4130188E-03  0.0000000E+00  0.0000000E+00 -0.4166781E-05  0.0000000E+00
         1   208      9 -0.1356662E-02 -0.4646459E-03  0.0000000E+00  0.0000000E+00 -0.5302909E-05  0.0000000E+00
         1   208     10 -0.9896720E-05 -0.2742056E-05  0.0000000E+00  0.0000000E+00  0.2686941E-01  0.1000000E-02

         1   209      0  0.0000000E+00  0.0000000E+00  0.0000000E+00  0.0000000E+00  0.0000000E+00  0.0000000E+00
         1   209      1  0.0000000E+00  0.0000000E+00  0.0000000E+00  0.0000000E+00  0.0000000E+00  0.0000000E+00
         1   209      2 -0.3272867E-03 -0.1032549E-03  0.0000000E+00  0.0000000E+00 -0.2221583E-06  0.0000000E+00
         1   209      3 -0.4909308E-03 -0.1548823E-03  0.0000000E+00  0.0000000E+00 -0.5388440E-06  0.0000000E+00
         1   209      4 -0.6545757E-03 -0.2065097E-03  0.0000000E+00  0.0000000E+00 -0.9926102E-06  0.0000000E+00
         1   209      5 -0.8182218E-03 -0.2581371E-03  0.0000000E+00  0.0000000E+00 -0.1583464E-05  0.0000000E+00
         1   209      6 -0.9818694E-03 -0.3097644E-03  0.0000000E+00  0.0000000E+00 -0.2311412E-05  0.0000000E+00
         1   209      7 -0.1145519E-02 -0.3613916E-03  0.0000000E+00  0.0000000E+00 -0.3176461E-05  0.0000000E+00
         1   209      8 -0.1309170E-02 -0.4130188E-03  0.0000000E+00  0.0000000E+00 -0.4178619E-05  0.0000000E+00
         1   209      9 -0.1472824E-02 -0.4646459E-03  0.0000000E+00  0.0000000E+00 -0.5317891E-05  0.0000000E+00
         1   209     10 -0.1058185E-04 -0.2742056E-05  0.0000000E+00  0.0000000E+00  0.2691884E-01  0.1000000E-02

         1   210      0  0.0000000E+00  0.0000000E+00  0.0000000E+00  0.0000000E+00  0.0000000E+00  0.0000000E+00
         1   210      1  0.0000000E+00  0.0000000E+00  0.0000000E+00  0.0000000E+00  0.0000000E+00  0.0000000E+00
         1   210      2 -0.3427750E-03 -0.1032549E-03  0.0000000E+00  0.0000000E+00 -0.2226023E-06  0.0000000E+00
         1   210      3 -0.5141632E-03 -0.1548823E-03  0.0000000E+00  0.0000000E+00 -0.5398429E-06  0.0000000E+00
         1   210      4 -0.6855522E-03 -0.2065097E-03  0.0000000E+00  0.0000000E+00 -0.9943859E-06  0.0000000E+00
         1   210      5 -0.8569424E-03 -0.2581371E-03  0.0000000E+00  0.0000000E+00 -0.1586238E-05  0.0000000E+00
         1   210      6 -0.1028334E-02 -0.3097644E-03  0.0000000E+00  0.0000000E+00 -0.2315407E-05  0.0000000E+00
         1   210      7 -0.1199727E-02 -0.3613916E-03  0.0000000E+00  0.0000000E+00 -0.3181899E-05  0.0000000E+00
         1   210      8 -0.1371123E-02 -0.4130188E-03  0.0000000E+00  0.0000000E+00 -0.4185722E-05  0.0000000E+00
         1   210      9 -0.1542521E-02 -0.4646459E-03  0.0000000E+00  0.0000000E+00 -0.5326881E-05  0.0000000E+00
         1   210     10 -0.1099293E-04 -0.2742056E-05  0.0000000E+00  0.0000000E+00  0.2694849E-01  0.1000000E-02

         1   211      0  0.0000000E+00  0.0000000E+00  0.0000000E+00  0.0000000E+00  0.0000000E+00  0.0000000E+00
         1   211      1  0.0000000E+00  0.0000000E+00  0.0000000E+00  0.0000000E+00  0.0000000E+00  0.0000000E+00
         1   211      2 -0.3685887E-03 -0.1032549E-03  0.0000000E+00  0.0000000E+00 -0.2233422E-06  0.0000000E+00
         1   211      3 -0.5528837E-03 -0.1548823E-03  0.0000000E+00  0.0000000E+00 -0.5415076E-06  0.0000000E+00
         1   211      4 -0.7371796E-03 -0.2065097E-03  0.0000000E+00  0.0000000E+00 -0.9973455E-06  0.0000000E+00
         1   211      5 -0.9214767E-03 -0.2581371E-03  0.0000000E+00  0.0000000E+00 -0.1590863E-05  0.0000000E+00
         1   211      6 -0.1105775E-02 -0.3097644E-03  0.0000000E+00  0.0000000E+00 -0.2322066E-05  0.0000000E+00
         1   211      7 -0.1290075E-02 -0.3613916E-03  0.0000000E+00  0.0000000E+00 -0.3190963E-05  0.0000000E+00
         1   211      8 -0.1474378E-02 -0.4130188E-03  0.0000000E+00  0.0000000E+00 -0.4197560E-05  0.0000000E+00
         1   211      9 -0.1658682E-02 -0.4646459E-03  0.0000000E+00  0.0000000E+00 -0.5341864E-05  0.0000000E+00
         1   211     10 -0.1167807E-04 -0.2742056E-05  0.0000000E+00  0.0000000E+00  0.2699791E-01  0.1000000E-02

         1   212      0  0.0000000E+00  0.0000000E+00  0.0000000E+00  0.0000000E+00  0.0000000E+00  0.0000000E+00
         1   212      1  0.0000000E+00  0.0000000E+00  0.0000000E+00  0.0000000E+00  0.0000000E+00  0.0000000E+00
         1   212      2 -0.8523379E-03 -0.1032549E-03  0.0000000E+00  0.0000000E+00 -0.2372077E-06  0.0000000E+00
         1   212      3 -0.1278507E-02 -0.1548823E-03  0.0000000E+00  0.0000000E+00 -0.5727050E-06  0.0000000E+00
         1   212      4 -0.1704678E-02 -0.2065097E-03  0.0000000E+00  0.0000000E+00 -0.1052807E-05  0.0000000E+00
         1   212      5 -0.2130849E-02 -0.2581371E-03  0.0000000E+00  0.0000000E+00 -0.1677522E-05  0.0000000E+00
         1   212      6 -0.2557021E-02 -0.3097644E-03  0.0000000E+00  0.0000000E+00 -0.2446856E-05  0.0000000E+00
         1   212      7 -0.2983195E-02 -0.3613916E-03  0.0000000E+00  0.0000000E+00 -0.3360815E-05  0.0000000E+00
         1   212      8 -0.3409371E-02 -0.4130188E-03  0.0000000E+00  0.0000000E+00 -0.4419407E-05  0.0000000E+00
         1   212      9 -0.3835548E-02 -0.4646459E-03  0.0000000E+00  0.0000000E+00 -0.5622639E-05  0.0000000E+00
         1   212     10 -0.2451748E-04 -0.2742056E-05  0.0000000E+00  0.0000000E+00  0.2792413E-01  0.1000000E-02

         1   213      0  0.0000000E+00  0.0000000E+00  0.0000000E+00  0.0000000E+00  0.0000000E+00  0.0000000E+00
         1   213      1  0.0000000E+00  0.0000000E+00  0.0000000E+00  0.0000000E+00  0.0000000E+00  0.0000000E+00
         1   213      2 -0.8781516E-03 -0.1032549E-03  0.0000000E+00  0.0000000E+00 -0.2379476E-06  0.0000000E+00
         1   213      3 -0.1317228E-02 -0.1548823E-03  0.0000000E+00  0.0000000E+00 -0.5743697E-06  0.0000000E+00
         1   213      4 -0.1756305E-02 -0.2065097E-03  0.0000000E+00  0.0000000E+00 -0.1055767E-05  0.0000000E+00
         1   213      5 -0.2195383E-02 -0.2581371E-03  0.0000000E+00  0.0000000E+00 -0.1682146E-05  0.0000000E+00
         1   213      6 -0.2634462E-02 -0.3097644E-03  0.0000000E+00  0.0000000E+00 -0.2453515E-05  0.0000000E+00
         1   213      7 -0.3073543E-02 -0.3613916E-03  0.0000000E+00  0.0000000E+00 -0.3369879E-05  0.0000000E+00
         1   213      8 -0.3512625E-02 -0.4130188E-03  0.0000000E+00  0.0000000E+00 -0.4431245E-05  0.0000000E+00
         1   213      9 -0.3951710E-02 -0.4646459E-03  0.0000000E+00  0.0000000E+00 -0.5637621E-05  0.0000000E+00
         1   213     10 -0.2520261E-04 -0.2742056E-05  0.0000000E+00  0.0000000E+00  0.2797356E-01  0.1000000E-02

         1   214      0  0.0000000E+00  0.0000000E+00  0.0000000E+00  0.0000000E+00  0.0000000E+00  0.0000000E+00
         1   214      1  0.0000000E+00  0.0000000E+00  0.0000000E+00  0.0000000E+00  0.0000000E+00  0.0000000E+00
         1   214      2 -0.8936398E-03 -0.1032549E-03  0.0000000E+00  0.0000000E+00 -0.2383915E-06  0.0000000E+00
         1   214      3 -0.1340460E-02 -0.1548823E-03  0.0000000E+00  0.0000000E+00 -0.5753686E-06  0.0000000E+00
         1   214      4 -0.1787281E-02 -0.2065097E-03  0.0000000E+00  0.0000000E+00 -0.1057543E-05  0.0000000E+00
         1   214      5 -0.2234104E-02 -0.2581371E-03  0.0000000E+00  0.0000000E+00 -0.1684921E-05  0.0000000E+00
         1   214      6 -0.2680927E-02 -0.3097644E-03  0.0000000E+00  0.0000000E+00 -0.2457510E-05  0.0000000E+00
         1   214      7 -0.3127752E-02 -0.3613916E-03  0.0000000E+00  0.0000000E+00 -0.3375317E-05  0.0000000E+00
         1   214      8 -0.3574578E-02 -0.4130188E-03  0.0000000E+00  0.0000000E+00 -0.4438348E-05  0.0000000E+00
         1   214      9 -0.4021407E-02 -0.4646459E-03  0.0000000E+00  0.0000000E+00 -0.5646611E-05  0.0000000E+00
         1   214     10 -0.2561369E-04 -0.2742056E-05  0.0000000E+00  0.0000000E+00  0.2800321E-01  0.1000000E-02

         1   215      0  0.0000000E+00  0.0000000E+00  0.0000000E+00  0.0000000E+00  0.0000000E+00  0.0000000E+00
         1   215      1  0.0000000E+00  0.0000000E+00  0.0000000E+00  0.0000000E+00  0.0000000E+00  0.0000000E+00
         1   215      2 -0.9194536E-03 -0.1032549E-03  0.0000000E+00  0.0000000E+00 -0.2391314E-06  0.0000000E+00
         1   215      3 -0.1379181E-02 -0.1548823E-03  0.0000000E+00  0.0000000E+00 -0.5770333E-06  0.0000000E+00
         1   215      4 -0.1838909E-02 -0.2065097E-03  0.0000000E+00  0.0000000E+00 -0.1060502E-05  0.0000000E+00
         1   215      5 -0.2298638E-02 -0.2581371E-03  0.0000000E+00  0.0000000E+00 -0.1689545E-05  0.0000000E+00
         1   215      6 -0.2758368E-02 -0.3097644E-03  0.0000000E+00  0.0000000E+00 -0.2464169E-05  0.0000000E+00
         1   215      7 -0.3218100E-02 -0.3613916E-03  0.0000000E+00  0.0000000E+00 -0.3384380E-05  0.0000000E+00
         1   215      8 -0.3677833E-02 -0.4130188E-03  0.0000000E+00  0.0000000E+00 -0.4450186E-05  0.0000000E+00
         1   215      9 -0.4137568E-02 -0.4646459E-03  0.0000000E+00  0.0000000E+00 -0.5661594E-05  0.0000000E+00
         1   215     10 -0.2629882E-04 -0.2742056E-05  0.0000000E+00  0.0000000E+00  0.2805264E-01  0.1000000E-02

         1   216      0  0.0000000E+00  0.0000000E+00  0.0000000E+00  0.0000000E+00  0.0000000E+00  0.0000000E+00
         1   216      1  0.0000000E+00  0.0000000E+00  0.0000000E+00  0.0000000E+00  0.0000000E+00  0.0000000E+00
         1   216      2 -0.9490148E-03 -0.1452342E-04  0.0000000E+00  0.0000000E+00 -0.2545394E-06  0.0000000E+00
         1   216      3 -0.1423523E-02 -0.2178505E-04  0.0000000E+00  0.0000000E+00 -0.6117013E-06  0.0000000E+00
         1   216      4 -0.1898031E-02 -0.2904656E-04  0.0000000E+00  0.0000000E+00 -0.1122134E-05  0.0000000E+00
         1   216      5 -0.2372541E-02 -0.3630794E-04  0.0000000E+00  0.0000000E+00 -0.1785845E-05  0.0000000E+00
         1   216      6 -0.2847051E-02 -0.4356914E-04  0.0000000E+00  0.0000000E+00 -0.2602841E-05  0.0000000E+00
         1   216      7 -0.3321563E-02 -0.5083012E-04  0.0000000E+00  0.0000000E+00 -0.3573129E-05  0.0000000E+00
         1   216      8 -0.3796077E-02 -0.5809086E-04  0.0000000E+00  0.0000000E+00 -0.4696716E-05  0.0000000E+00
         1   216      9 -0.4270592E-02 -0.6535131E-04  0.0000000E+00  0.0000000E+00 -0.5973609E-05  0.0000000E+00
         1   216     10 -0.2703935E-04 -0.2099977E-06  0.0000000E+00  0.0000000E+00  0.2815149E-01  0.1000000E-02

         1   217      0  0.0000000E+00  0.0000000E+00  0.0000000E+00  0.0000000E+00  0.0000000E+00  0.0000000E+00
         1   217      1  0.0000000E+00  0.0000000E+00  0.0000000E+00  0.0000000E+00  0.0000000E+00  0.0000000E+00
         1   217      2 -0.9338628E-03  0.7489232E-04  0.0000000E+00  0.0000000E+00 -0.2698198E-06  0.0000000E+00
         1   217      3 -0.1400795E-02  0.1123386E-03  0.0000000E+00  0.0000000E+00 -0.6460823E-06  0.0000000E+00
         1   217      4 -0.1867727E-02  0.1497851E-03  0.0000000E+00  0.0000000E+00 -0.1183256E-05  0.0000000E+00
         1   217      5 -0.2334660E-02  0.1872318E-03  0.0000000E+00  0.0000000E+00 -0.1881348E-05  0.0000000E+00
         1   217      6 -0.2801595E-02  0.2246789E-03  0.0000000E+00  0.0000000E+00 -0.2740366E-05  0.0000000E+00
         1   217      7 -0.3268530E-02  0.2621262E-03  0.0000000E+00  0.0000000E+00 -0.3760316E-05  0.0000000E+00
         1   217      8 -0.3735467E-02  0.2995740E-03  0.0000000E+00  0.0000000E+00 -0.4941205E-05  0.0000000E+00
         1   217      9 -0.4202405E-02  0.3370223E-03  0.0000000E+00  0.0000000E+00 -0.6283041E-05  0.0000000E+00
         1   217     10 -0.2650706E-04  0.2331946E-05  0.0000000E+00  0.0000000E+00  0.2825034E-01  0.1000000E-02

         1   218      0  0.0000000E+00  0.0000000E+00  0.0000000E+00  0.0000000E+00  0.0000000E+00  0.0000000E+00
         1   218      1  0.0000000E+00  0.0000000E+00  0.0000000E+00  0.0000000E+00  0.0000000E+00  0.0000000E+00
         1   218      2 -0.9151397E-03  0.7489232E-04  0.0000000E+00  0.0000000E+00 -0.2702090E-06  0.0000000E+00
         1   218      3 -0.1372710E-02  0.1123386E-03  0.0000000E+00  0.0000000E+00 -0.6469581E-06  0.0000000E+00
         1   218      4 -0.1830281E-02  0.1497851E-03  0.0000000E+00  0.0000000E+00 -0.1184813E-05  0.0000000E+00
         1   218      5 -0.2287852E-02  0.1872318E-03  0.0000000E+00  0.0000000E+00 -0.1883781E-05  0.0000000E+00
         1   218      6 -0.2745425E-02  0.2246789E-03  0.0000000E+00  0.0000000E+00 -0.2743869E-05  0.0000000E+00
         1   218      7 -0.3202998E-02  0.2621262E-03  0.0000000E+00  0.0000000E+00 -0.3765084E-05  0.0000000E+00
         1   218      8 -0.3660573E-02  0.2995740E-03  0.0000000E+00  0.0000000E+00 -0.4947433E-05  0.0000000E+00
         1   218      9 -0.4118150E-02  0.3370223E-03  0.0000000E+00  0.0000000E+00 -0.6290923E-05  0.0000000E+00
         1   218     10 -0.2592439E-04  0.2331946E-05  0.0000000E+00  0.0000000E+00  0.2829976E-01  0.1000000E-02

         1   219      0  0.0000000E+00  0.0000000E+00  0.0000000E+00  0.0000000E+00  0.0000000E+00  0.0000000E+00
         1   219      1  0.0000000E+00  0.0000000E+00  0.0000000E+00  0.0000000E+00  0.0000000E+00  0.0000000E+00
         1   219      2 -0.9039058E-03  0.7489232E-04  0.0000000E+00  0.0000000E+00 -0.2704425E-06  0.0000000E+00
         1   219      3 -0.1355859E-02  0.1123386E-03  0.0000000E+00  0.0000000E+00 -0.6474835E-06  0.0000000E+00
         1   219      4 -0.1807813E-02  0.1497851E-03  0.0000000E+00  0.0000000E+00 -0.1185747E-05  0.0000000E+00
         1   219      5 -0.2259768E-02  0.1872318E-03  0.0000000E+00  0.0000000E+00 -0.1885241E-05  0.0000000E+00
         1   219      6 -0.2711723E-02  0.2246789E-03  0.0000000E+00  0.0000000E+00 -0.2745971E-05  0.0000000E+00
         1   219      7 -0.3163680E-02  0.2621262E-03  0.0000000E+00  0.0000000E+00 -0.3767945E-05  0.0000000E+00
         1   219      8 -0.3615637E-02  0.2995740E-03  0.0000000E+00  0.0000000E+00 -0.4951170E-05  0.0000000E+00
         1   219      9 -0.4067597E-02  0.3370223E-03  0.0000000E+00  0.0000000E+00 -0.6295653E-05  0.0000000E+00
         1   219     10 -0.2557479E-04  0.2331946E-05  0.0000000E+00  0.0000000E+00  0.2832942E-01  0.1000000E-02

         1   220      0  0.0000000E+00  0.0000000E+00  0.0000000E+00  0.0000000E+00  0.0000000E+00  0.0000000E+00
         1   220      1  0.0000000E+00  0.0000000E+00  0.0000000E+00  0.0000000E+00  0.0000000E+00  0.0000000E+00
         1   220      2 -0.8851827E-03  0.7489232E-04  0.0000000E+00  0.0000000E+00 -0.2708318E-06  0.0000000E+00
         1   220      3 -0.1327774E-02  0.1123386E-03  0.0000000E+00  0.0000000E+00 -0.6483593E-06  0.0000000E+00
         1   220      4 -0.1770367E-02  0.1497851E-03  0.0000000E+00  0.0000000E+00 -0.1187304E-05  0.0000000E+00
         1   220      5 -0.2212960E-02  0.1872318E-03  0.0000000E+00  0.0000000E+00 -0.1887673E-05  0.0000000E+00
         1   220      6 -0.2655553E-02  0.2246789E-03  0.0000000E+00  0.0000000E+00 -0.2749474E-05  0.0000000E+00
         1   220      7 -0.3098148E-02  0.2621262E-03  0.0000000E+00  0.0000000E+00 -0.3772713E-05  0.0000000E+00
         1   220      8 -0.3540744E-02  0.2995740E-03  0.0000000E+00  0.0000000E+00 -0.4957398E-05  0.0000000E+00
         1   220      9 -0.3983341E-02  0.3370223E-03  0.0000000E+00  0.0000000E+00 -0.6303535E-05  0.0000000E+00
         1   220     10 -0.2499213E-04  0.2331946E-05  0.0000000E+00  0.0000000E+00  0.2837884E-01  0.1000000E-02

         1   221      0  0.0000000E+00  0.0000000E+00  0.0000000E+00  0.0000000E+00  0.0000000E+00  0.0000000E+00
         1   221      1  0.0000000E+00  0.0000000E+00  0.0000000E+00  0.0000000E+00  0.0000000E+00  0.0000000E+00
         1   221      2 -0.5343122E-03  0.7489232E-04  0.0000000E+00  0.0000000E+00 -0.2781262E-06  0.0000000E+00
         1   221      3 -0.8014680E-03  0.1123386E-03  0.0000000E+00  0.0000000E+00 -0.6647718E-06  0.0000000E+00
         1   221      4 -0.1068623E-02  0.1497851E-03  0.0000000E+00  0.0000000E+00 -0.1216482E-05  0.0000000E+00
         1   221      5 -0.1335778E-02  0.1872318E-03  0.0000000E+00  0.0000000E+00 -0.1933264E-05  0.0000000E+00
         1   221      6 -0.1602933E-02  0.2246789E-03  0.0000000E+00  0.0000000E+00 -0.2815125E-05  0.0000000E+00
         1   221      7 -0.1870086E-02  0.2621262E-03  0.0000000E+00  0.0000000E+00 -0.3862072E-05  0.0000000E+00
         1   221      8 -0.2137239E-02  0.2995740E-03  0.0000000E+00  0.0000000E+00 -0.5074112E-05  0.0000000E+00
         1   221      9 -0.2404391E-02  0.3370223E-03  0.0000000E+00  0.0000000E+00 -0.6451253E-05  0.0000000E+00
         1   221     10 -0.1407302E-04  0.2331946E-05  0.0000000E+00  0.0000000E+00  0.2930506E-01  0.1000000E-02

         1   222      0  0.0000000E+00  0.0000000E+00  0.0000000E+00  0.0000000E+00  0.0000000E+00  0.0000000E+00
         1   222      1  0.0000000E+00  0.0000000E+00  0.0000000E+00  0.0000000E+00  0.0000000E+00  0.0000000E+00
         1   222      2 -0.5155891E-03  0.7489232E-04  0.0000000E+00  0.0000000E+00 -0.2785154E-06  0.0000000E+00
         1   222      3 -0.7733834E-03  0.1123386E-03  0.0000000E+00  0.0000000E+00 -0.6656475E-06  0.0000000E+00
         1   222      4 -0.1031177E-02  0.1497851E-03  0.0000000E+00  0.0000000E+00 -0.1218039E-05  0.0000000E+00
         1   222      5 -0.1288970E-02  0.1872318E-03  0.0000000E+00  0.0000000E+00 -0.1935697E-05  0.0000000E+00
         1   222      6 -0.1546763E-02  0.2246789E-03  0.0000000E+00  0.0000000E+00 -0.2818628E-05  0.0000000E+00
         1   222      7 -0.1804555E-02  0.2621262E-03  0.0000000E+00  0.0000000E+00 -0.3866840E-05  0.0000000E+00
         1   222      8 -0.2062346E-02  0.2995740E-03  0.0000000E+00  0.0000000E+00 -0.5080340E-05  0.0000000E+00
         1   222      9 -0.2320136E-02  0.3370223E-03  0.0000000E+00  0.0000000E+00 -0.6459135E-05  0.0000000E+00
         1   222     10 -0.1349036E-04  0.2331946E-05  0.0000000E+00  0.0000000E+00  0.2935449E-01  0.1000000E-02

         1   223      0  0.0000000E+00  0.0000000E+00  0.0000000E+00  0.0000000E+00  0.0000000E+00  0.0000000E+00
         1   223      1  0.0000000E+00  0.0000000E+00  0.0000000E+00  0.0000000E+00  0.0000000E+00  0.0000000E+00
         1   223      2 -0.5043553E-03  0.7489232E-04  0.0000000E+00  0.0000000E+00 -0.2787490E-06  0.0000000E+00
         1   223      3 -0.7565326E-03  0.1123386E-03  0.0000000E+00  0.0000000E+00 -0.6661730E-06  0.0000000E+00
         1   223      4 -0.1008709E-02  0.1497851E-03  0.0000000E+00  0.0000000E+00 -0.1218973E-05  0.0000000E+00
         1   223      5 -0.1260886E-02  0.1872318E-03  0.0000000E+00  0.0000000E+00 -0.1937156E-05  0.0000000E+00
         1   223      6 -0.1513061E-02  0.2246789E-03  0.0000000E+00  0.0000000E+00 -0.2820730E-05  0.0000000E+00
         1   223      7 -0.1765236E-02  0.2621262E-03  0.0000000E+00  0.0000000E+00 -0.3869701E-05  0.0000000E+00
         1   223      8 -0.2017410E-02  0.2995740E-03  0.0000000E+00  0.0000000E+00 -0.5084077E-05  0.0000000E+00
         1   223      9 -0.2269582E-02  0.3370223E-03  0.0000000E+00  0.0000000E+00 -0.6463865E-05  0.0000000E+00
         1   223     10 -0.1314076E-04  0.2331946E-05  0.0000000E+00  0.0000000E+00  0.2938414E-01  0.1000000E-02

         1   224      0  0.0000000E+00  0.0000000E+00  0.0000000E+00  0.0000000E+00  0.0000000E+00  0.0000000E+00
         1   224      1  0.0000000E+00  0.0000000E+00  0.0000000E+00  0.0000000E+00  0.0000000E+00  0.0000000E+00
         1   224      2 -0.4856322E-03  0.7489232E-04  0.0000000E+00  0.0000000E+00 -0.2791382E-06  0.0000000E+00
         1   224      3 -0.7284479E-03  0.1123386E-03  0.0000000E+00  0.0000000E+00 -0.6670488E-06  0.0000000E+00
         1   224      4 -0.9712631E-03  0.1497851E-03  0.0000000E+00  0.0000000E+00 -0.1220530E-05  0.0000000E+00
         1   224      5 -0.1214078E-02  0.1872318E-03  0.0000000E+00  0.0000000E+00 -0.1939589E-05  0.0000000E+00
         1   224      6 -0.1456892E-02  0.2246789E-03  0.0000000E+00  0.0000000E+00 -0.2824233E-05  0.0000000E+00
         1   224      7 -0.1699704E-02  0.2621262E-03  0.0000000E+00  0.0000000E+00 -0.3874469E-05  0.0000000E+00
         1   224      8 -0.1942516E-02  0.2995740E-03  0.0000000E+00  0.0000000E+00 -0.5090305E-05  0.0000000E+00
         1   224      9 -0.2185327E-02  0.3370223E-03  0.0000000E+00  0.0000000E+00 -0.6471747E-05  0.0000000E+00
         1   224     10 -0.1255810E-04  0.2331946E-05  0.0000000E+00  0.0000000E+00  0.2943357E-01  0.1000000E-02

         1   225      0  0.0000000E+00  0.0000000E+00  0.0000000E+00  0.0000000E+00  0.0000000E+00  0.0000000E+00
         1   225      1  0.0000000E+00  0.0000000E+00  0.0000000E+00  0.0000000E+00  0.0000000E+00  0.0000000E+00
         1   225      2 -0.4582549E-03  0.3500363E-04  0.0000000E+00  0.0000000E+00 -0.2762290E-06  0.0000000E+00
         1   225      3 -0.6873819E-03  0.5250563E-04  0.0000000E+00  0.0000000E+00 -0.6605030E-06  0.0000000E+00
         1   225      4 -0.9165083E-03  0.7000785E-04  0.0000000E+00  0.0000000E+00 -0.1208893E-05  0.0000000E+00
         1   225      5 -0.1145634E-02  0.8751036E-04  0.0000000E+00  0.0000000E+00 -0.1921406E-05  0.0000000E+00
         1   225      6 -0.1374759E-02  0.1050133E-03  0.0000000E+00  0.0000000E+00 -0.2798050E-05  0.0000000E+00
         1   225      7 -0.1603882E-02  0.1225166E-03  0.0000000E+00  0.0000000E+00 -0.3838832E-05  0.0000000E+00
         1   225      8 -0.1833004E-02  0.1400205E-03  0.0000000E+00  0.0000000E+00 -0.5043758E-05  0.0000000E+00
         1   225      9 -0.2062125E-02  0.1575249E-03  0.0000000E+00  0.0000000E+00 -0.6412836E-05  0.0000000E+00
         1   225     10 -0.1165152E-04  0.1309208E-05  0.0000000E+00  0.0000000E+00  0.2953242E-01  0.1000000E-02

         1   226      0  0.0000000E+00  0.0000000E+00  0.0000000E+00  0.0000000E+00  0.0000000E+00  0.0000000E+00
         1   226      1  0.0000000E+00  0.0000000E+00  0.0000000E+00  0.0000000E+00  0.0000000E+00  0.0000000E+00
         1   226      2 -0.4491224E-03  0.1638572E-05  0.0000000E+00  0.0000000E+00 -0.2735989E-06  0.0000000E+00
         1   226      3 -0.6736830E-03  0.2458081E-05  0.0000000E+00  0.0000000E+00 -0.6545853E-06  0.0000000E+00
         1   226      4 -0.8982429E-03  0.3277861E-05  0.0000000E+00  0.0000000E+00 -0.1198373E-05  0.0000000E+00
         1   226      5 -0.1122802E-02  0.4098000E-05  0.0000000E+00  0.0000000E+00 -0.1904968E-05  0.0000000E+00
         1   226      6 -0.1347360E-02  0.4918590E-05  0.0000000E+00  0.0000000E+00 -0.2774380E-05  0.0000000E+00
         1   226      7 -0.1571916E-02  0.5739721E-05  0.0000000E+00  0.0000000E+00 -0.3806613E-05  0.0000000E+00
         1   226      8 -0.1796471E-02  0.6561483E-05  0.0000000E+00  0.0000000E+00 -0.5001677E-05  0.0000000E+00
         1   226      9 -0.2021024E-02  0.7383968E-05  0.0000000E+00  0.0000000E+00 -0.6359578E-05  0.0000000E+00
         1   226     10 -0.1120859E-04  0.4689192E-06  0.0000000E+00  0.0000000E+00  0.2963127E-01  0.1000000E-02

         1   227      0  0.0000000E+00  0.0000000E+00  0.0000000E+00  0.0000000E+00  0.0000000E+00  0.0000000E+00
         1   227      1  0.0000000E+00  0.0000000E+00  0.0000000E+00  0.0000000E+00  0.0000000E+00  0.0000000E+00
         1   227      2 -0.4487128E-03  0.1638572E-05  0.0000000E+00  0.0000000E+00 -0.2735990E-06  0.0000000E+00
         1   227      3 -0.6730685E-03  0.2458081E-05  0.0000000E+00  0.0000000E+00 -0.6545857E-06  0.0000000E+00
         1   227      4 -0.8974235E-03  0.3277861E-05  0.0000000E+00  0.0000000E+00 -0.1198373E-05  0.0000000E+00
         1   227      5 -0.1121777E-02  0.4098000E-05  0.0000000E+00  0.0000000E+00 -0.1904970E-05  0.0000000E+00
         1   227      6 -0.1346130E-02  0.4918590E-05  0.0000000E+00  0.0000000E+00 -0.2774381E-05  0.0000000E+00
         1   227      7 -0.1570481E-02  0.5739721E-05  0.0000000E+00  0.0000000E+00 -0.3806616E-05  0.0000000E+00
         1   227      8 -0.1794831E-02  0.6561483E-05  0.0000000E+00  0.0000000E+00 -0.5001680E-05  0.0000000E+00
         1   227      9 -0.2019178E-02  0.7383968E-05  0.0000000E+00  0.0000000E+00 -0.6359582E-05  0.0000000E+00
         1   227     10 -0.1109142E-04  0.4689192E-06  0.0000000E+00  0.0000000E+00  0.2968069E-01  0.1000000E-02

         1   228      0  0.0000000E+00  0.0000000E+00  0.0000000E+00  0.0000000E+00  0.0000000E+00  0.0000000E+00
         1   228      1  0.0000000E+00  0.0000000E+00  0.0000000E+00  0.0000000E+00  0.0000000E+00  0.0000000E+00
         1   228      2 -0.4484670E-03  0.1638572E-05  0.0000000E+00  0.0000000E+00 -0.2735991E-06  0.0000000E+00
         1   228      3 -0.6726998E-03  0.2458081E-05  0.0000000E+00  0.0000000E+00 -0.6545860E-06  0.0000000E+00
         1   228      4 -0.8969318E-03  0.3277861E-05  0.0000000E+00  0.0000000E+00 -0.1198374E-05  0.0000000E+00
         1   228      5 -0.1121163E-02  0.4098000E-05  0.0000000E+00  0.0000000E+00 -0.1904970E-05  0.0000000E+00
         1   228      6 -0.1345392E-02  0.4918590E-05  0.0000000E+00  0.0000000E+00 -0.2774382E-05  0.0000000E+00
         1   228      7 -0.1569620E-02  0.5739721E-05  0.0000000E+00  0.0000000E+00 -0.3806617E-05  0.0000000E+00
         1   228      8 -0.1793847E-02  0.6561483E-05  0.0000000E+00  0.0000000E+00 -0.5001682E-05  0.0000000E+00
         1   228      9 -0.2018071E-02  0.7383968E-05  0.0000000E+00  0.0000000E+00 -0.6359584E-05  0.0000000E+00
         1   228     10 -0.1102113E-04  0.4689192E-06  0.0000000E+00  0.0000000E+00  0.2971034E-01  0.1000000E-02

         1   229      0  0.0000000E+00  0.0000000E+00  0.0000000E+00  0.0000000E+00  0.0000000E+00  0.0000000E+00
         1   229      1  0.0000000E+00  0.0000000E+00  0.0000000E+00  0.0000000E+00  0.0000000E+00  0.0000000E+00
         1   229      2 -0.4480573E-03  0.1638572E-05  0.0000000E+00  0.0000000E+00 -0.2735993E-06  0.0000000E+00
         1   229      3 -0.6720853E-03  0.2458081E-05  0.0000000E+00  0.0000000E+00 -0.6545864E-06  0.0000000E+00
         1   229      4 -0.8961123E-03  0.3277861E-05  0.0000000E+00  0.0000000E+00 -0.1198375E-05  0.0000000E+00
         1   229      5 -0.1120138E-02  0.4098000E-05  0.0000000E+00  0.0000000E+00 -0.1904971E-05  0.0000000E+00
         1   229      6 -0.1344163E-02  0.4918590E-05  0.0000000E+00  0.0000000E+00 -0.2774384E-05  0.0000000E+00
         1   229      7 -0.1568185E-02  0.5739721E-05  0.0000000E+00  0.0000000E+00 -0.3806619E-05  0.0000000E+00
         1   229      8 -0.1792206E-02  0.6561483E-05  0.0000000E+00  0.0000000E+00 -0.5001685E-05  0.0000000E+00
         1   229      9 -0.2016225E-02  0.7383968E-05  0.0000000E+00  0.0000000E+00 -0.6359588E-05  0.0000000E+00
         1   229     10 -0.1090396E-04  0.4689192E-06  0.0000000E+00  0.0000000E+00  0.2975977E-01  0.1000000E-02

         1   230      0  0.0000000E+00  0.0000000E+00  0.0000000E+00  0.0000000E+00  0.0000000E+00  0.0000000E+00
         1   230      1  0.0000000E+00  0.0000000E+00  0.0000000E+00  0.0000000E+00  0.0000000E+00  0.0000000E+00
         1   230      2 -0.4346184E-03  0.4086151E-05  0.0000000E+00  0.0000000E+00  0.5038920E-04  0.0000000E+00
         1   230      3 -0.6519261E-03  0.6129437E-05  0.0000000E+00  0.0000000E+00  0.7533913E-04  0.0000000E+00
         1   230      4 -0.8692319E-03  0.8172981E-05  0.0000000E+00  0.0000000E+00  0.1001258E-03  0.0000000E+00
         1   230      5 -0.1086535E-02  0.1021687E-04  0.0000000E+00  0.0000000E+00  0.1247493E-03  0.0000000E+00
         1   230      6 -0.1303835E-02  0.1226119E-04  0.0000000E+00  0.0000000E+00  0.1492094E-03  0.0000000E+00
         1   230      7 -0.1521130E-02  0.1430603E-04  0.0000000E+00  0.0000000E+00  0.1735061E-03  0.0000000E+00
         1   230      8 -0.1738421E-02  0.1635148E-04  0.0000000E+00  0.0000000E+00  0.1976394E-03  0.0000000E+00
         1   230      9 -0.1955707E-02  0.1839762E-04  0.0000000E+00  0.0000000E+00  0.2216091E-03  0.0000000E+00
         1   230     10  0.2589068E-03  0.1145259E-03  0.0000000E+00  0.0000000E+00  0.3067689E-01  0.1000000E-02

         1   231      0  0.0000000E+00  0.0000000E+00  0.0000000E+00  0.0000000E+00  0.0000000E+00  0.0000000E+00
         1   231      1  0.0000000E+00  0.0000000E+00  0.0000000E+00  0.0000000E+00  0.0000000E+00  0.0000000E+00
         1   231      2 -0.4335969E-03  0.4086151E-05  0.0000000E+00  0.0000000E+00  0.5038920E-04  0.0000000E+00
         1   231      3 -0.6503938E-03  0.6129437E-05  0.0000000E+00  0.0000000E+00  0.7533912E-04  0.0000000E+00
         1   231      4 -0.8671887E-03  0.8172981E-05  0.0000000E+00  0.0000000E+00  0.1001258E-03  0.0000000E+00
         1   231      5 -0.1083981E-02  0.1021687E-04  0.0000000E+00  0.0000000E+00  0.1247493E-03  0.0000000E+00
         1   231      6 -0.1300769E-02  0.1226119E-04  0.0000000E+00  0.0000000E+00  0.1492094E-03  0.0000000E+00
         1   231      7 -0.1517554E-02  0.1430603E-04  0.0000000E+00  0.0000000E+00  0.1735061E-03  0.0000000E+00
         1   231      8 -0.1734334E-02  0.1635148E-04  0.0000000E+00  0.0000000E+00  0.1976394E-03  0.0000000E+00
         1   231      9 -0.1951107E-02  0.1839762E-04  0.0000000E+00  0.0000000E+00  0.2216091E-03  0.0000000E+00
         1   231     10  0.2875224E-03  0.1145259E-03  0.0000000E+00  0.0000000E+00  0.3072631E-01  0.1000000E-02

         1   232      0  0.0000000E+00  0.0000000E+00  0.0000000E+00  0.0000000E+00  0.0000000E+00  0.0000000E+00
         1   232      1  0.0000000E+00  0.0000000E+00  0.0000000E+00  0.0000000E+00  0.0000000E+00  0.0000000E+00
         1   232      2 -0.4329840E-03  0.4086151E-05  0.0000000E+00  0.0000000E+00  0.5038920E-04  0.0000000E+00
         1   232      3 -0.6494744E-03  0.6129437E-05  0.0000000E+00  0.0000000E+00  0.7533912E-04  0.0000000E+00
         1   232      4 -0.8659627E-03  0.8172981E-05  0.0000000E+00  0.0000000E+00  0.1001258E-03  0.0000000E+00
         1   232      5 -0.1082448E-02  0.1021687E-04  0.0000000E+00  0.0000000E+00  0.1247493E-03  0.0000000E+00
         1   232      6 -0.1298930E-02  0.1226119E-04  0.0000000E+00  0.0000000E+00  0.1492094E-03  0.0000000E+00
         1   232      7 -0.1515408E-02  0.1430603E-04  0.0000000E+00  0.0000000E+00  0.1735061E-03  0.0000000E+00
         1   232      8 -0.1731881E-02  0.1635148E-04  0.0000000E+00  0.0000000E+00  0.1976394E-03  0.0000000E+00
         1   232      9 -0.1948348E-02  0.1839762E-04  0.0000000E+00  0.0000000E+00  0.2216091E-03  0.0000000E+00
         1   232     10  0.3046917E-03  0.1145259E-03  0.0000000E+00  0.0000000E+00  0.3075597E-01  0.1000000E-02

         1   233      0  0.0000000E+00  0.0000000E+00  0.0000000E+00  0.0000000E+00  0.0000000E+00  0.0000000E+00
         1   233      1  0.0000000E+00  0.0000000E+00  0.0000000E+00  0.0000000E+00  0.0000000E+00  0.0000000E+00
         1   233      2 -0.4319624E-03  0.4086151E-05  0.0000000E+00  0.0000000E+00  0.5038920E-04  0.0000000E+00
         1   233      3 -0.6479420E-03  0.6129437E-05  0.0000000E+00  0.0000000E+00  0.7533912E-04  0.0000000E+00
         1   233      4 -0.8639195E-03  0.8172981E-05  0.0000000E+00  0.0000000E+00  0.1001258E-03  0.0000000E+00
         1   233      5 -0.1079894E-02  0.1021687E-04  0.0000000E+00  0.0000000E+00  0.1247493E-03  0.0000000E+00
         1   233      6 -0.1295865E-02  0.1226119E-04  0.0000000E+00  0.0000000E+00  0.1492094E-03  0.0000000E+00
         1   233      7 -0.1511832E-02  0.1430603E-04  0.0000000E+00  0.0000000E+00  0.1735061E-03  0.0000000E+00
         1   233      8 -0.1727793E-02  0.1635148E-04  0.0000000E+00  0.0000000E+00  0.1976393E-03  0.0000000E+00
         1   233      9 -0.1943748E-02  0.1839762E-04  0.0000000E+00  0.0000000E+00  0.2216091E-03  0.0000000E+00
         1   233     10  0.3333073E-03  0.1145259E-03  0.0000000E+00  0.0000000E+00  0.3080539E-01  0.1000000E-02

         1   234      0  0.0000000E+00  0.0000000E+00  0.0000000E+00  0.0000000E+00  0.0000000E+00  0.0000000E+00
         1   234      1  0.0000000E+00  0.0000000E+00  0.0000000E+00  0.0000000E+00  0.0000000E+00  0.0000000E+00
         1   234      2 -0.4212247E-03  0.3871984E-04  0.0000000E+00  0.0000000E+00  0.5038648E-04  0.0000000E+00
         1   234      3 -0.6318354E-03  0.5807984E-04  0.0000000E+00  0.0000000E+00  0.7533300E-04  0.0000000E+00
         1   234      4 -0.8424438E-03  0.7743992E-04  0.0000000E+00  0.0000000E+00  0.1001150E-03  0.0000000E+00
         1   234      5 -0.1053049E-02  0.9680010E-04  0.0000000E+00  0.0000000E+00  0.1247323E-03  0.0000000E+00
         1   234      6 -0.1263651E-02  0.1161604E-03  0.0000000E+00  0.0000000E+00  0.1491849E-03  0.0000000E+00
         1   234      7 -0.1474248E-02  0.1355209E-03  0.0000000E+00  0.0000000E+00  0.1734728E-03  0.0000000E+00
         1   234      8 -0.1684840E-02  0.1548816E-03  0.0000000E+00  0.0000000E+00  0.1975958E-03  0.0000000E+00
         1   234      9 -0.1895425E-02  0.1742424E-03  0.0000000E+00  0.0000000E+00  0.2215540E-03  0.0000000E+00
         1   234     10  0.3834403E-03  0.8544120E-04  0.0000000E+00  0.0000000E+00  0.3090424E-01  0.1000000E-02

         1   235      0  0.0000000E+00  0.0000000E+00  0.0000000E+00  0.0000000E+00  0.0000000E+00  0.0000000E+00
         1   235      1  0.0000000E+00  0.0000000E+00  0.0000000E+00  0.0000000E+00  0.0000000E+00  0.0000000E+00
         1   235      2 -0.3935031E-03  0.7179234E-04  0.0000000E+00  0.0000000E+00  0.5038363E-04  0.0000000E+00
         1   235      3 -0.5902530E-03  0.1076885E-03  0.0000000E+00  0.0000000E+00  0.7532659E-04  0.0000000E+00
         1   235      4 -0.7870007E-03  0.1435845E-03  0.0000000E+00  0.0000000E+00  0.1001036E-03  0.0000000E+00
         1   235      5 -0.9837453E-03  0.1794803E-03  0.0000000E+00  0.0000000E+00  0.1247145E-03  0.0000000E+00
         1   235      6 -0.1180486E-02  0.2153760E-03  0.0000000E+00  0.0000000E+00  0.1491593E-03  0.0000000E+00
         1   235      7 -0.1377223E-02  0.2512715E-03  0.0000000E+00  0.0000000E+00  0.1734379E-03  0.0000000E+00
         1   235      8 -0.1573954E-02  0.2871668E-03  0.0000000E+00  0.0000000E+00  0.1975502E-03  0.0000000E+00
         1   235      9 -0.1770678E-02  0.3230617E-03  0.0000000E+00  0.0000000E+00  0.2214963E-03  0.0000000E+00
         1   235     10  0.4181270E-03  0.5291462E-04  0.0000000E+00  0.0000000E+00  0.3100308E-01  0.1000000E-02

         1   236      0  0.0000000E+00  0.0000000E+00  0.0000000E+00  0.0000000E+00  0.0000000E+00  0.0000000E+00
         1   236      1  0.0000000E+00  0.0000000E+00  0.0000000E+00  0.0000000E+00  0.0000000E+00  0.0000000E+00
         1   236      2 -0.3755551E-03  0.7179234E-04  0.0000000E+00  0.0000000E+00  0.5038327E-04  0.0000000E+00
         1   236      3 -0.5633309E-03  0.1076885E-03  0.0000000E+00  0.0000000E+00  0.7532579E-04  0.0000000E+00
         1   236      4 -0.7511045E-03  0.1435845E-03  0.0000000E+00  0.0000000E+00  0.1001021E-03  0.0000000E+00
         1   236      5 -0.9388752E-03  0.1794803E-03  0.0000000E+00  0.0000000E+00  0.1247122E-03  0.0000000E+00
         1   236      6 -0.1126642E-02  0.2153760E-03  0.0000000E+00  0.0000000E+00  0.1491560E-03  0.0000000E+00
         1   236      7 -0.1314405E-02  0.2512715E-03  0.0000000E+00  0.0000000E+00  0.1734335E-03  0.0000000E+00
         1   236      8 -0.1502162E-02  0.2871668E-03  0.0000000E+00  0.0000000E+00  0.1975445E-03  0.0000000E+00
         1   236      9 -0.1689913E-02  0.3230617E-03  0.0000000E+00  0.0000000E+00  0.2214891E-03  0.0000000E+00
         1   236     10  0.4313483E-03  0.5291462E-04  0.0000000E+00  0.0000000E+00  0.3105251E-01  0.1000000E-02

         1   237      0  0.0000000E+00  0.0000000E+00  0.0000000E+00  0.0000000E+00  0.0000000E+00  0.0000000E+00
         1   237      1  0.0000000E+00  0.0000000E+00  0.0000000E+00  0.0000000E+00  0.0000000E+00  0.0000000E+00
         1   237      2 -0.3647862E-03  0.7179234E-04  0.0000000E+00  0.0000000E+00  0.5038306E-04  0.0000000E+00
         1   237      3 -0.5471776E-03  0.1076885E-03  0.0000000E+00  0.0000000E+00  0.7532530E-04  0.0000000E+00
         1   237      4 -0.7295669E-03  0.1435845E-03  0.0000000E+00  0.0000000E+00  0.1001013E-03  0.0000000E+00
         1   237      5 -0.9119532E-03  0.1794803E-03  0.0000000E+00  0.0000000E+00  0.1247109E-03  0.0000000E+00
         1   237      6 -0.1094336E-02  0.2153760E-03  0.0000000E+00  0.0000000E+00  0.1491541E-03  0.0000000E+00
         1   237      7 -0.1276714E-02  0.2512715E-03  0.0000000E+00  0.0000000E+00  0.1734309E-03  0.0000000E+00
         1   237      8 -0.1459087E-02  0.2871668E-03  0.0000000E+00  0.0000000E+00  0.1975411E-03  0.0000000E+00
         1   237      9 -0.1641454E-02  0.3230617E-03  0.0000000E+00  0.0000000E+00  0.2214847E-03  0.0000000E+00
         1   237     10  0.4392811E-03  0.5291462E-04  0.0000000E+00  0.0000000E+00  0.3108216E-01  0.1000000E-02

         1   238      0  0.0000000E+00  0.0000000E+00  0.0000000E+00  0.0000000E+00  0.0000000E+00  0.0000000E+00
         1   238      1  0.0000000E+00  0.0000000E+00  0.0000000E+00  0.0000000E+00  0.0000000E+00  0.0000000E+00
         1   238      2 -0.3468381E-03  0.7179234E-04  0.0000000E+00  0.0000000E+00  0.5038270E-04  0.0000000E+00
         1   238      3 -0.5202555E-03  0.1076885E-03  0.0000000E+00  0.0000000E+00  0.7532450E-04  0.0000000E+00
         1   238      4 -0.6936708E-03  0.1435845E-03  0.0000000E+00  0.0000000E+00  0.1000998E-03  0.0000000E+00
         1   238      5 -0.8670831E-03  0.1794803E-03  0.0000000E+00  0.0000000E+00  0.1247087E-03  0.0000000E+00
         1   238      6 -0.1040492E-02  0.2153760E-03  0.0000000E+00  0.0000000E+00  0.1491509E-03  0.0000000E+00
         1   238      7 -0.1213896E-02  0.2512715E-03  0.0000000E+00  0.0000000E+00  0.1734265E-03  0.0000000E+00
         1   238      8 -0.1387295E-02  0.2871668E-03  0.0000000E+00  0.0000000E+00  0.1975354E-03  0.0000000E+00
         1   238      9 -0.1560688E-02  0.3230617E-03  0.0000000E+00  0.0000000E+00  0.2214775E-03  0.0000000E+00
         1   238     10  0.4525024E-03  0.5291462E-04  0.0000000E+00  0.0000000E+00  0.3113159E-01  0.1000000E-02

         1   239      0  0.0000000E+00  0.0000000E+00  0.0000000E+00  0.0000000E+00  0.0000000E+00  0.0000000E+00
         1   239      1  0.0000000E+00  0.0000000E+00  0.0000000E+00  0.0000000E+00  0.0000000E+00  0.0000000E+00
         1   239      2 -0.7460844E-05  0.7277413E-04  0.0000000E+00  0.0000000E+00  0.7071164E-04  0.0000000E+00
         1   239      3 -0.1119347E-04  0.1091606E-03  0.0000000E+00  0.0000000E+00  0.1058128E-03  0.0000000E+00
         1   239      4 -0.1492679E-04  0.1455467E-03  0.0000000E+00  0.0000000E+00  0.1407439E-03  0.0000000E+00
         1   239      5 -0.1866025E-04  0.1819323E-03  0.0000000E+00  0.0000000E+00  0.1755049E-03  0.0000000E+00
         1   239      6 -0.2239327E-04  0.2183174E-03  0.0000000E+00  0.0000000E+00  0.2100957E-03  0.0000000E+00
         1   239      7 -0.2612528E-04  0.2547019E-03  0.0000000E+00  0.0000000E+00  0.2445160E-03  0.0000000E+00
         1   239      8 -0.2985571E-04  0.2910859E-03  0.0000000E+00  0.0000000E+00  0.2787658E-03  0.0000000E+00
         1   239      9 -0.3358398E-04  0.3274692E-03  0.0000000E+00  0.0000000E+00  0.3128449E-03  0.0000000E+00
         1   239     10  0.9608565E-03  0.1637419E-03  0.0000000E+00  0.0000000E+00  0.3198186E-01  0.1000000E-02

         1   240      0  0.0000000E+00  0.0000000E+00  0.0000000E+00  0.0000000E+00  0.0000000E+00  0.0000000E+00
         1   240      1  0.0000000E+00  0.0000000E+00  0.0000000E+00  0.0000000E+00  0.0000000E+00  0.0000000E+00
         1   240      2  0.1073269E-04  0.7277413E-04  0.0000000E+00  0.0000000E+00  0.7071128E-04  0.0000000E+00
         1   240      3  0.1609669E-04  0.1091606E-03  0.0000000E+00  0.0000000E+00  0.1058119E-03  0.0000000E+00
         1   240      4  0.2145988E-04  0.1455467E-03  0.0000000E+00  0.0000000E+00  0.1407424E-03  0.0000000E+00
         1   240      5  0.2682283E-04  0.1819323E-03  0.0000000E+00  0.0000000E+00  0.1755026E-03  0.0000000E+00
         1   240      6  0.3218608E-04  0.2183174E-03  0.0000000E+00  0.0000000E+00  0.2100924E-03  0.0000000E+00
         1   240      7  0.3755020E-04  0.2547019E-03  0.0000000E+00  0.0000000E+00  0.2445115E-03  0.0000000E+00
         1   240      8  0.4291576E-04  0.2910859E-03  0.0000000E+00  0.0000000E+00  0.2787599E-03  0.0000000E+00
         1   240      9  0.4828332E-04  0.3274692E-03  0.0000000E+00  0.0000000E+00  0.3128375E-03  0.0000000E+00
         1   240     10  0.1001769E-02  0.1637419E-03  0.0000000E+00  0.0000000E+00  0.3203128E-01  0.1000000E-02

         1   241      0  0.0000000E+00  0.0000000E+00  0.0000000E+00  0.0000000E+00  0.0000000E+00  0.0000000E+00
         1   241      1  0.0000000E+00  0.0000000E+00  0.0000000E+00  0.0000000E+00  0.0000000E+00  0.0000000E+00
         1   241      2  0.2164881E-04  0.7277413E-04  0.0000000E+00  0.0000000E+00  0.7071106E-04  0.0000000E+00
         1   241      3  0.3247079E-04  0.1091606E-03  0.0000000E+00  0.0000000E+00  0.1058114E-03  0.0000000E+00
         1   241      4  0.4329189E-04  0.1455467E-03  0.0000000E+00  0.0000000E+00  0.1407416E-03  0.0000000E+00
         1   241      5  0.5411267E-04  0.1819323E-03  0.0000000E+00  0.0000000E+00  0.1755013E-03  0.0000000E+00
         1   241      6  0.6493369E-04  0.2183174E-03  0.0000000E+00  0.0000000E+00  0.2100904E-03  0.0000000E+00
         1   241      7  0.7575550E-04  0.2547019E-03  0.0000000E+00  0.0000000E+00  0.2445088E-03  0.0000000E+00
         1   241      8  0.8657865E-04  0.2910859E-03  0.0000000E+00  0.0000000E+00  0.2787564E-03  0.0000000E+00
         1   241      9  0.9740370E-04  0.3274692E-03  0.0000000E+00  0.0000000E+00  0.3128330E-03  0.0000000E+00
         1   241     10  0.1026317E-02  0.1637419E-03  0.0000000E+00  0.0000000E+00  0.3206094E-01  0.1000000E-02

         1   242      0  0.0000000E+00  0.0000000E+00  0.0000000E+00  0.0000000E+00  0.0000000E+00  0.0000000E+00
         1   242      1  0.0000000E+00  0.0000000E+00  0.0000000E+00  0.0000000E+00  0.0000000E+00  0.0000000E+00
         1   242      2  0.3984234E-04  0.7277413E-04  0.0000000E+00  0.0000000E+00  0.7071069E-04  0.0000000E+00
         1   242      3  0.5976094E-04  0.1091606E-03  0.0000000E+00  0.0000000E+00  0.1058106E-03  0.0000000E+00
         1   242      4  0.7967857E-04  0.1455467E-03  0.0000000E+00  0.0000000E+00  0.1407401E-03  0.0000000E+00
         1   242      5  0.9959575E-04  0.1819323E-03  0.0000000E+00  0.0000000E+00  0.1754990E-03  0.0000000E+00
         1   242      6  0.1195130E-03  0.2183174E-03  0.0000000E+00  0.0000000E+00  0.2100871E-03  0.0000000E+00
         1   242      7  0.1394310E-03  0.2547019E-03  0.0000000E+00  0.0000000E+00  0.2445043E-03  0.0000000E+00
         1   242      8  0.1593501E-03  0.2910859E-03  0.0000000E+00  0.0000000E+00  0.2787505E-03  0.0000000E+00
         1   242      9  0.1792710E-03  0.3274692E-03  0.0000000E+00  0.0000000E+00  0.3128256E-03  0.0000000E+00
         1   242     10  0.1067230E-02  0.1637419E-03  0.0000000E+00  0.0000000E+00  0.3211036E-01  0.1000000E-02

         1   243      0  0.0000000E+00  0.0000000E+00  0.0000000E+00  0.0000000E+00  0.0000000E+00  0.0000000E+00
         1   243      1  0.0000000E+00  0.0000000E+00  0.0000000E+00  0.0000000E+00  0.0000000E+00  0.0000000E+00
         1   243      2  0.7719053E-04  0.7707753E-04  0.0000000E+00  0.0000000E+00  0.7070996E-04  0.0000000E+00
         1   243      3  0.1157829E-03  0.1156155E-03  0.0000000E+00  0.0000000E+00  0.1058090E-03  0.0000000E+00
         1   243      4  0.1543741E-03  0.1541530E-03  0.0000000E+00  0.0000000E+00  0.1407372E-03  0.0000000E+00
         1   243      5  0.1929645E-03  0.1926900E-03  0.0000000E+00  0.0000000E+00  0.1754944E-03  0.0000000E+00
         1   243      6  0.2315548E-03  0.2312265E-03  0.0000000E+00  0.0000000E+00  0.2100805E-03  0.0000000E+00
         1   243      7  0.2701456E-03  0.2697624E-03  0.0000000E+00  0.0000000E+00  0.2444954E-03  0.0000000E+00
         1   243      8  0.3087372E-03  0.3082979E-03  0.0000000E+00  0.0000000E+00  0.2787389E-03  0.0000000E+00
         1   243      9  0.3473302E-03  0.3468328E-03  0.0000000E+00  0.0000000E+00  0.3128108E-03  0.0000000E+00
         1   243     10  0.1169283E-02  0.2459514E-03  0.0000000E+00  0.0000000E+00  0.3220922E-01  0.1000000E-02

         1   244      0  0.0000000E+00  0.0000000E+00  0.0000000E+00  0.0000000E+00  0.0000000E+00  0.0000000E+00
         1   244      1  0.0000000E+00  0.0000000E+00  0.0000000E+00  0.0000000E+00  0.0000000E+00  0.0000000E+00
         1   244      2  0.1173946E-03  0.8423259E-04  0.0000000E+00  0.0000000E+00  0.7070919E-04  0.0000000E+00
         1   244      3  0.1760885E-03  0.1263479E-03  0.0000000E+00  0.0000000E+00  0.1058072E-03  0.0000000E+00
         1   244      4  0.2347810E-03  0.1684626E-03  0.0000000E+00  0.0000000E+00  0.1407341E-03  0.0000000E+00
         1   244      5  0.2934725E-03  0.2105767E-03  0.0000000E+00  0.0000000E+00  0.1754896E-03  0.0000000E+00
         1   244      6  0.3521636E-03  0.2526903E-03  0.0000000E+00  0.0000000E+00  0.2100736E-03  0.0000000E+00
         1   244      7  0.4108548E-03  0.2948034E-03  0.0000000E+00  0.0000000E+00  0.2444859E-03  0.0000000E+00
         1   244      8  0.4695467E-03  0.3369160E-03  0.0000000E+00  0.0000000E+00  0.2787265E-03  0.0000000E+00
         1   244      9  0.5282398E-03  0.3790282E-03  0.0000000E+00  0.0000000E+00  0.3127952E-03  0.0000000E+00
         1   244     10  0.1314557E-02  0.3372521E-03  0.0000000E+00  0.0000000E+00  0.3230808E-01  0.1000000E-02

         1   245      0  0.0000000E+00  0.0000000E+00  0.0000000E+00  0.0000000E+00  0.0000000E+00  0.0000000E+00
         1   245      1  0.0000000E+00  0.0000000E+00  0.0000000E+00  0.0000000E+00  0.0000000E+00  0.0000000E+00
         1   245      2  0.1384527E-03  0.8423259E-04  0.0000000E+00  0.0000000E+00  0.7070870E-04  0.0000000E+00
         1   245      3  0.2076755E-03  0.1263479E-03  0.0000000E+00  0.0000000E+00  0.1058061E-03  0.0000000E+00
         1   245      4  0.2768966E-03  0.1684626E-03  0.0000000E+00  0.0000000E+00  0.1407321E-03  0.0000000E+00
         1   245      5  0.3461167E-03  0.2105767E-03  0.0000000E+00  0.0000000E+00  0.1754865E-03  0.0000000E+00
         1   245      6  0.4153361E-03  0.2526903E-03  0.0000000E+00  0.0000000E+00  0.2100691E-03  0.0000000E+00
         1   245      7  0.4845556E-03  0.2948034E-03  0.0000000E+00  0.0000000E+00  0.2444799E-03  0.0000000E+00
         1   245      8  0.5537757E-03  0.3369160E-03  0.0000000E+00  0.0000000E+00  0.2787186E-03  0.0000000E+00
         1   245      9  0.6229969E-03  0.3790282E-03  0.0000000E+00  0.0000000E+00  0.3127852E-03  0.0000000E+00
         1   245     10  0.1398823E-02  0.3372521E-03  0.0000000E+00  0.0000000E+00  0.3235750E-01  0.1000000E-02

         1   246      0  0.0000000E+00  0.0000000E+00  0.0000000E+00  0.0000000E+00  0.0000000E+00  0.0000000E+00
         1   246      1  0.0000000E+00  0.0000000E+00  0.0000000E+00  0.0000000E+00  0.0000000E+00  0.0000000E+00
         1   246      2  0.1510876E-03  0.8423259E-04  0.0000000E+00  0.0000000E+00  0.7070840E-04  0.0000000E+00
         1   246      3  0.2266277E-03  0.1263479E-03  0.0000000E+00  0.0000000E+00  0.1058055E-03  0.0000000E+00
         1   246      4  0.3021660E-03  0.1684626E-03  0.0000000E+00  0.0000000E+00  0.1407309E-03  0.0000000E+00
         1   246      5  0.3777032E-03  0.2105767E-03  0.0000000E+00  0.0000000E+00  0.1754847E-03  0.0000000E+00
         1   246      6  0.4532397E-03  0.2526903E-03  0.0000000E+00  0.0000000E+00  0.2100665E-03  0.0000000E+00
         1   246      7  0.5287762E-03  0.2948034E-03  0.0000000E+00  0.0000000E+00  0.2444763E-03  0.0000000E+00
         1   246      8  0.6043131E-03  0.3369160E-03  0.0000000E+00  0.0000000E+00  0.2787139E-03  0.0000000E+00
         1   246      9  0.6798511E-03  0.3790282E-03  0.0000000E+00  0.0000000E+00  0.3127793E-03  0.0000000E+00
         1   246     10  0.1449383E-02  0.3372521E-03  0.0000000E+00  0.0000000E+00  0.3238715E-01  0.1000000E-02

         1   247      0  0.0000000E+00  0.0000000E+00  0.0000000E+00  0.0000000E+00  0.0000000E+00  0.0000000E+00
         1   247      1  0.0000000E+00  0.0000000E+00  0.0000000E+00  0.0000000E+00  0.0000000E+00  0.0000000E+00
         1   247      2  0.1721457E-03  0.8423259E-04  0.0000000E+00  0.0000000E+00  0.7070791E-04  0.0000000E+00
         1   247      3  0.2582146E-03  0.1263479E-03  0.0000000E+00  0.0000000E+00  0.1058044E-03  0.0000000E+00
         1   247      4  0.3442817E-03  0.1684626E-03  0.0000000E+00  0.0000000E+00  0.1407290E-03  0.0000000E+00
         1   247      5  0.4303473E-03  0.2105767E-03  0.0000000E+00  0.0000000E+00  0.1754816E-03  0.0000000E+00
         1   247      6  0.5164123E-03  0.2526903E-03  0.0000000E+00  0.0000000E+00  0.2100621E-03  0.0000000E+00
         1   247      7  0.6024770E-03  0.2948034E-03  0.0000000E+00  0.0000000E+00  0.2444703E-03  0.0000000E+00
         1   247      8  0.6885421E-03  0.3369160E-03  0.0000000E+00  0.0000000E+00  0.2787060E-03  0.0000000E+00
         1   247      9  0.7746082E-03  0.3790282E-03  0.0000000E+00  0.0000000E+00  0.3127693E-03  0.0000000E+00
         1   247     10  0.1533649E-02  0.3372521E-03  0.0000000E+00  0.0000000E+00  0.3243656E-01  0.1000000E-02

         1   248      0  0.0000000E+00  0.0000000E+00  0.0000000E+00  0.0000000E+00  0.0000000E+00  0.0000000E+00
         1   248      1  0.0000000E+00  0.0000000E+00  0.0000000E+00  0.0000000E+00  0.0000000E+00  0.0000000E+00
         1   248      2  0.5628513E-03  0.8219362E-04  0.0000000E+00  0.0000000E+00  0.2851163E-04  0.0000000E+00
         1   248      3  0.8442727E-03  0.1232888E-03  0.0000000E+00  0.0000000E+00  0.4250340E-04  0.0000000E+00
         1   248      4  0.1125692E-02  0.1643830E-03  0.0000000E+00  0.0000000E+00  0.5631885E-04  0.0000000E+00
         1   248      5  0.1407110E-02  0.2054761E-03  0.0000000E+00  0.0000000E+00  0.6995776E-04  0.0000000E+00
         1   248      6  0.1688528E-02  0.2465683E-03  0.0000000E+00  0.0000000E+00  0.8341993E-04  0.0000000E+00
         1   248      7  0.1969946E-02  0.2876595E-03  0.0000000E+00  0.0000000E+00  0.9670514E-04  0.0000000E+00
         1   248      8  0.2251366E-02  0.3287499E-03  0.0000000E+00  0.0000000E+00  0.1098132E-03  0.0000000E+00
         1   248      9  0.2532786E-02  0.3698393E-03  0.0000000E+00  0.0000000E+00  0.1227438E-03  0.0000000E+00
         1   248     10  0.3353863E-02  0.4384366E-03  0.0000000E+00  0.0000000E+00  0.3308741E-01  0.1000000E-02

         1   249      0  0.0000000E+00  0.0000000E+00  0.0000000E+00  0.0000000E+00  0.0000000E+00  0.0000000E+00
         1   249      1  0.0000000E+00  0.0000000E+00  0.0000000E+00  0.0000000E+00  0.0000000E+00  0.0000000E+00
         1   249      2  0.5833997E-03  0.8219362E-04  0.0000000E+00  0.0000000E+00  0.2851116E-04  0.0000000E+00
         1   249      3  0.8750949E-03  0.1232888E-03  0.0000000E+00  0.0000000E+00  0.4250234E-04  0.0000000E+00
         1   249      4  0.1166788E-02  0.1643830E-03  0.0000000E+00  0.0000000E+00  0.5631697E-04  0.0000000E+00
         1   249      5  0.1458479E-02  0.2054761E-03  0.0000000E+00  0.0000000E+00  0.6995483E-04  0.0000000E+00
         1   249      6  0.1750170E-02  0.2465683E-03  0.0000000E+00  0.0000000E+00  0.8341572E-04  0.0000000E+00
         1   249      7  0.2041861E-02  0.2876595E-03  0.0000000E+00  0.0000000E+00  0.9669940E-04  0.0000000E+00
         1   249      8  0.2333553E-02  0.3287499E-03  0.0000000E+00  0.0000000E+00  0.1098057E-03  0.0000000E+00
         1   249      9  0.2625246E-02  0.3698393E-03  0.0000000E+00  0.0000000E+00  0.1227343E-03  0.0000000E+00
         1   249     10  0.3463412E-02  0.4384366E-03  0.0000000E+00  0.0000000E+00  0.3313682E-01  0.1000000E-02

         1   250      0  0.0000000E+00  0.0000000E+00  0.0000000E+00  0.0000000E+00  0.0000000E+00  0.0000000E+00
         1   250      1  0.0000000E+00  0.0000000E+00  0.0000000E+00  0.0000000E+00  0.0000000E+00  0.0000000E+00
         1   250      2  0.5957288E-03  0.8219362E-04  0.0000000E+00  0.0000000E+00  0.2851088E-04  0.0000000E+00
         1   250      3  0.8935882E-03  0.1232888E-03  0.0000000E+00  0.0000000E+00  0.4250171E-04  0.0000000E+00
         1   250      4  0.1191445E-02  0.1643830E-03  0.0000000E+00  0.0000000E+00  0.5631585E-04  0.0000000E+00
         1   250      5  0.1489301E-02  0.2054761E-03  0.0000000E+00  0.0000000E+00  0.6995308E-04  0.0000000E+00
         1   250      6  0.1787156E-02  0.2465683E-03  0.0000000E+00  0.0000000E+00  0.8341318E-04  0.0000000E+00
         1   250      7  0.2085010E-02  0.2876595E-03  0.0000000E+00  0.0000000E+00  0.9669596E-04  0.0000000E+00
         1   250      8  0.2382866E-02  0.3287499E-03  0.0000000E+00  0.0000000E+00  0.1098012E-03  0.0000000E+00
         1   250      9  0.2680722E-02  0.3698393E-03  0.0000000E+00  0.0000000E+00  0.1227286E-03  0.0000000E+00
         1   250     10  0.3529141E-02  0.4384366E-03  0.0000000E+00  0.0000000E+00  0.3316647E-01  0.1000000E-02

         1   251      0  0.0000000E+00  0.0000000E+00  0.0000000E+00  0.0000000E+00  0.0000000E+00  0.0000000E+00
         1   251      1  0.0000000E+00  0.0000000E+00  0.0000000E+00  0.0000000E+00  0.0000000E+00  0.0000000E+00
         1   251      2  0.6162772E-03  0.8219362E-04  0.0000000E+00  0.0000000E+00  0.2851041E-04  0.0000000E+00
         1   251      3  0.9244104E-03  0.1232888E-03  0.0000000E+00  0.0000000E+00  0.4250065E-04  0.0000000E+00
         1   251      4  0.1232541E-02  0.1643830E-03  0.0000000E+00  0.0000000E+00  0.5631397E-04  0.0000000E+00
         1   251      5  0.1540670E-02  0.2054761E-03  0.0000000E+00  0.0000000E+00  0.6995015E-04  0.0000000E+00
         1   251      6  0.1848798E-02  0.2465683E-03  0.0000000E+00  0.0000000E+00  0.8340897E-04  0.0000000E+00
         1   251      7  0.2156925E-02  0.2876595E-03  0.0000000E+00  0.0000000E+00  0.9669021E-04  0.0000000E+00
         1   251      8  0.2465053E-02  0.3287499E-03  0.0000000E+00  0.0000000E+00  0.1097937E-03  0.0000000E+00
         1   251      9  0.2773182E-02  0.3698393E-03  0.0000000E+00  0.0000000E+00  0.1227191E-03  0.0000000E+00
         1   251     10  0.3638689E-02  0.4384366E-03  0.0000000E+00  0.0000000E+00  0.3321588E-01  0.1000000E-02

         1   252      0  0.0000000E+00  0.0000000E+00  0.0000000E+00  0.0000000E+00  0.0000000E+00  0.0000000E+00
         1   252      1  0.0000000E+00  0.0000000E+00  0.0000000E+00  0.0000000E+00  0.0000000E+00  0.0000000E+00
         1   252      2  0.6446733E-03  0.3100747E-04  0.0000000E+00  0.0000000E+00  0.2850416E-04  0.0000000E+00
         1   252      3  0.9670038E-03  0.4651005E-04  0.0000000E+00  0.0000000E+00  0.4248659E-04  0.0000000E+00
         1   252      4  0.1289331E-02  0.6201181E-04  0.0000000E+00  0.0000000E+00  0.5628897E-04  0.0000000E+00
         1   252      5  0.1611657E-02  0.7751273E-04  0.0000000E+00  0.0000000E+00  0.6991109E-04  0.0000000E+00
         1   252      6  0.1933980E-02  0.9301278E-04  0.0000000E+00  0.0000000E+00  0.8335273E-04  0.0000000E+00
         1   252      7  0.2256303E-02  0.1085119E-03  0.0000000E+00  0.0000000E+00  0.9661367E-04  0.0000000E+00
         1   252      8  0.2578626E-02  0.1240102E-03  0.0000000E+00  0.0000000E+00  0.1096937E-03  0.0000000E+00
         1   252      9  0.2900950E-02  0.1395074E-03  0.0000000E+00  0.0000000E+00  0.1225926E-03  0.0000000E+00
         1   252     10  0.3783023E-02  0.1372727E-03  0.0000000E+00  0.0000000E+00  0.3331452E-01  0.1000000E-02

         1   253      0  0.0000000E+00  0.0000000E+00  0.0000000E+00  0.0000000E+00  0.0000000E+00  0.0000000E+00
         1   253      1  0.0000000E+00  0.0000000E+00  0.0000000E+00  0.0000000E+00  0.0000000E+00  0.0000000E+00
         1   253      2  0.6470760E-03 -0.2142891E-04  0.0000000E+00  0.0000000E+00  0.2849807E-04  0.0000000E+00
         1   253      3  0.9706075E-03 -0.3214401E-04  0.0000000E+00  0.0000000E+00  0.4247289E-04  0.0000000E+00
         1   253      4  0.1294136E-02 -0.4285968E-04  0.0000000E+00  0.0000000E+00  0.5626461E-04  0.0000000E+00
         1   253      5  0.1617661E-02 -0.5357598E-04  0.0000000E+00  0.0000000E+00  0.6987302E-04  0.0000000E+00
         1   253      6  0.1941185E-02 -0.6429302E-04  0.0000000E+00  0.0000000E+00  0.8329791E-04  0.0000000E+00
         1   253      7  0.2264707E-02 -0.7501089E-04  0.0000000E+00  0.0000000E+00  0.9653906E-04  0.0000000E+00
         1   253      8  0.2588229E-02 -0.8572967E-04  0.0000000E+00  0.0000000E+00  0.1095963E-03  0.0000000E+00
         1   253      9  0.2911751E-02 -0.9644945E-04  0.0000000E+00  0.0000000E+00  0.1224693E-03  0.0000000E+00
         1   253     10  0.3774963E-02 -0.1694210E-03  0.0000000E+00  0.0000000E+00  0.3341316E-01  0.1000000E-02

         1   254      0  0.0000000E+00  0.0000000E+00  0.0000000E+00  0.0000000E+00  0.0000000E+00  0.0000000E+00
         1   254      1  0.0000000E+00  0.0000000E+00  0.0000000E+00  0.0000000E+00  0.0000000E+00  0.0000000E+00
         1   254      2  0.6417188E-03 -0.2142891E-04  0.0000000E+00  0.0000000E+00  0.2849804E-04  0.0000000E+00
         1   254      3  0.9625715E-03 -0.3214401E-04  0.0000000E+00  0.0000000E+00  0.4247282E-04  0.0000000E+00
         1   254      4  0.1283421E-02 -0.4285968E-04  0.0000000E+00  0.0000000E+00  0.5626448E-04  0.0000000E+00
         1   254      5  0.1604267E-02 -0.5357598E-04  0.0000000E+00  0.0000000E+00  0.6987283E-04  0.0000000E+00
         1   254      6  0.1925111E-02 -0.6429302E-04  0.0000000E+00  0.0000000E+00  0.8329763E-04  0.0000000E+00
         1   254      7  0.2245954E-02 -0.7501089E-04  0.0000000E+00  0.0000000E+00  0.9653867E-04  0.0000000E+00
         1   254      8  0.2566796E-02 -0.8572967E-04  0.0000000E+00  0.0000000E+00  0.1095957E-03  0.0000000E+00
         1   254      9  0.2887638E-02 -0.9644945E-04  0.0000000E+00  0.0000000E+00  0.1224686E-03  0.0000000E+00
         1   254     10  0.3732632E-02 -0.1694210E-03  0.0000000E+00  0.0000000E+00  0.3346258E-01  0.1000000E-02

         1   255      0  0.0000000E+00  0.0000000E+00  0.0000000E+00  0.0000000E+00  0.0000000E+00  0.0000000E+00
         1   255      1  0.0000000E+00  0.0000000E+00  0.0000000E+00  0.0000000E+00  0.0000000E+00  0.0000000E+00
         1   255      2  0.6385044E-03 -0.2142891E-04  0.0000000E+00  0.0000000E+00  0.2849802E-04  0.0000000E+00
         1   255      3  0.9577499E-03 -0.3214401E-04  0.0000000E+00  0.0000000E+00  0.4247277E-04  0.0000000E+00
         1   255      4  0.1276992E-02 -0.4285968E-04  0.0000000E+00  0.0000000E+00  0.5626441E-04  0.0000000E+00
         1   255      5  0.1596231E-02 -0.5357598E-04  0.0000000E+00  0.0000000E+00  0.6987271E-04  0.0000000E+00
         1   255      6  0.1915467E-02 -0.6429302E-04  0.0000000E+00  0.0000000E+00  0.8329745E-04  0.0000000E+00
         1   255      7  0.2234703E-02 -0.7501089E-04  0.0000000E+00  0.0000000E+00  0.9653844E-04  0.0000000E+00
         1   255      8  0.2553937E-02 -0.8572967E-04  0.0000000E+00  0.0000000E+00  0.1095954E-03  0.0000000E+00
         1   255      9  0.2873171E-02 -0.9644945E-04  0.0000000E+00  0.0000000E+00  0.1224682E-03  0.0000000E+00
         1   255     10  0.3707232E-02 -0.1694210E-03  0.0000000E+00  0.0000000E+00  0.3349224E-01  0.1000000E-02

         1   256      0  0.0000000E+00  0.0000000E+00  0.0000000E+00  0.0000000E+00  0.0000000E+00  0.0000000E+00
         1   256      1  0.0000000E+00  0.0000000E+00  0.0000000E+00  0.0000000E+00  0.0000000E+00  0.0000000E+00
         1   256      2  0.6331472E-03 -0.2142891E-04  0.0000000E+00  0.0000000E+00  0.2849799E-04  0.0000000E+00
         1   256      3  0.9497139E-03 -0.3214401E-04  0.0000000E+00  0.0000000E+00  0.4247270E-04  0.0000000E+00
         1   256      4  0.1266277E-02 -0.4285968E-04  0.0000000E+00  0.0000000E+00  0.5626428E-04  0.0000000E+00
         1   256      5  0.1582837E-02 -0.5357598E-04  0.0000000E+00  0.0000000E+00  0.6987251E-04  0.0000000E+00
         1   256      6  0.1899394E-02 -0.6429302E-04  0.0000000E+00  0.0000000E+00  0.8329717E-04  0.0000000E+00
         1   256      7  0.2215950E-02 -0.7501089E-04  0.0000000E+00  0.0000000E+00  0.9653805E-04  0.0000000E+00
         1   256      8  0.2532504E-02 -0.8572967E-04  0.0000000E+00  0.0000000E+00  0.1095949E-03  0.0000000E+00
         1   256      9  0.2849059E-02 -0.9644945E-04  0.0000000E+00  0.0000000E+00  0.1224676E-03  0.0000000E+00
         1   256     10  0.3664901E-02 -0.1694210E-03  0.0000000E+00  0.0000000E+00  0.3354166E-01  0.1000000E-02

         1   257      0  0.0000000E+00  0.0000000E+00  0.0000000E+00  0.0000000E+00  0.0000000E+00  0.0000000E+00
         1   257      1  0.0000000E+00  0.0000000E+00  0.0000000E+00  0.0000000E+00  0.0000000E+00  0.0000000E+00
         1   257      2  0.5249927E-03 -0.2464042E-04  0.0000000E+00  0.0000000E+00 -0.3797773E-04  0.0000000E+00
         1   257      3  0.7874765E-03 -0.3696129E-04  0.0000000E+00  0.0000000E+00 -0.5724089E-04  0.0000000E+00
         1   257      4  0.1049952E-02 -0.4928272E-04  0.0000000E+00  0.0000000E+00 -0.7668726E-04  0.0000000E+00
         1   257      5  0.1312420E-02 -0.6160481E-04  0.0000000E+00  0.0000000E+00 -0.9631711E-04  0.0000000E+00
         1   257      6  0.1574881E-02 -0.7392764E-04  0.0000000E+00  0.0000000E+00 -0.1161307E-03  0.0000000E+00
         1   257      7  0.1837334E-02 -0.8625131E-04  0.0000000E+00  0.0000000E+00 -0.1361283E-03  0.0000000E+00
         1   257      8  0.2099780E-02 -0.9857592E-04  0.0000000E+00  0.0000000E+00 -0.1563102E-03  0.0000000E+00
         1   257      9  0.2362219E-02 -0.1109015E-03  0.0000000E+00  0.0000000E+00 -0.1766767E-03  0.0000000E+00
         1   257     10  0.3095057E-02 -0.7340727E-04  0.0000000E+00  0.0000000E+00  0.3408529E-01  0.1000000E-02

         1   258      0  0.0000000E+00  0.0000000E+00  0.0000000E+00  0.0000000E+00  0.0000000E+00  0.0000000E+00
         1   258      1  0.0000000E+00  0.0000000E+00  0.0000000E+00  0.0000000E+00  0.0000000E+00  0.0000000E+00
         1   258      2  0.5188326E-03 -0.2464042E-04  0.0000000E+00  0.0000000E+00 -0.3797777E-04  0.0000000E+00
         1   258      3  0.7782362E-03 -0.3696129E-04  0.0000000E+00  0.0000000E+00 -0.5724098E-04  0.0000000E+00
         1   258      4  0.1037632E-02 -0.4928272E-04  0.0000000E+00  0.0000000E+00 -0.7668743E-04  0.0000000E+00
         1   258      5  0.1297019E-02 -0.6160481E-04  0.0000000E+00  0.0000000E+00 -0.9631737E-04  0.0000000E+00
         1   258      6  0.1556399E-02 -0.7392764E-04  0.0000000E+00  0.0000000E+00 -0.1161311E-03  0.0000000E+00
         1   258      7  0.1815771E-02 -0.8625131E-04  0.0000000E+00  0.0000000E+00 -0.1361288E-03  0.0000000E+00
         1   258      8  0.2075136E-02 -0.9857592E-04  0.0000000E+00  0.0000000E+00 -0.1563109E-03  0.0000000E+00
         1   258      9  0.2334493E-02 -0.1109015E-03  0.0000000E+00  0.0000000E+00 -0.1766775E-03  0.0000000E+00
         1   258     10  0.3076715E-02 -0.7340727E-04  0.0000000E+00  0.0000000E+00  0.3413472E-01  0.1000000E-02

         1   259      0  0.0000000E+00  0.0000000E+00  0.0000000E+00  0.0000000E+00  0.0000000E+00  0.0000000E+00
         1   259      1  0.0000000E+00  0.0000000E+00  0.0000000E+00  0.0000000E+00  0.0000000E+00  0.0000000E+00
         1   259      2  0.5151365E-03 -0.2464042E-04  0.0000000E+00  0.0000000E+00 -0.3797780E-04  0.0000000E+00
         1   259      3  0.7726920E-03 -0.3696129E-04  0.0000000E+00  0.0000000E+00 -0.5724104E-04  0.0000000E+00
         1   259      4  0.1030239E-02 -0.4928272E-04  0.0000000E+00  0.0000000E+00 -0.7668753E-04  0.0000000E+00
         1   259      5  0.1287778E-02 -0.6160481E-04  0.0000000E+00  0.0000000E+00 -0.9631753E-04  0.0000000E+00
         1   259      6  0.1545310E-02 -0.7392764E-04  0.0000000E+00  0.0000000E+00 -0.1161313E-03  0.0000000E+00
         1   259      7  0.1802833E-02 -0.8625131E-04  0.0000000E+00  0.0000000E+00 -0.1361292E-03  0.0000000E+00
         1   259      8  0.2060349E-02 -0.9857592E-04  0.0000000E+00  0.0000000E+00 -0.1563113E-03  0.0000000E+00
         1   259      9  0.2317858E-02 -0.1109015E-03  0.0000000E+00  0.0000000E+00 -0.1766780E-03  0.0000000E+00
         1   259     10  0.3065710E-02 -0.7340727E-04  0.0000000E+00  0.0000000E+00  0.3416437E-01  0.1000000E-02

         1   260      0  0.0000000E+00  0.0000000E+00  0.0000000E+00  0.0000000E+00  0.0000000E+00  0.0000000E+00
         1   260      1  0.0000000E+00  0.0000000E+00  0.0000000E+00  0.0000000E+00  0.0000000E+00  0.0000000E+00
         1   260      2  0.5089764E-03 -0.2464042E-04  0.0000000E+00  0.0000000E+00 -0.3797784E-04  0.0000000E+00
         1   260      3  0.7634517E-03 -0.3696129E-04  0.0000000E+00  0.0000000E+00 -0.5724113E-04  0.0000000E+00
         1   260      4  0.1017918E-02 -0.4928272E-04  0.0000000E+00  0.0000000E+00 -0.7668770E-04  0.0000000E+00
         1   260      5  0.1272377E-02 -0.6160481E-04  0.0000000E+00  0.0000000E+00 -0.9631780E-04  0.0000000E+00
         1   260      6  0.1526828E-02 -0.7392764E-04  0.0000000E+00  0.0000000E+00 -0.1161317E-03  0.0000000E+00
         1   260      7  0.1781270E-02 -0.8625131E-04  0.0000000E+00  0.0000000E+00 -0.1361297E-03  0.0000000E+00
         1   260      8  0.2035705E-02 -0.9857592E-04  0.0000000E+00  0.0000000E+00 -0.1563120E-03  0.0000000E+00
         1   260      9  0.2290133E-02 -0.1109015E-03  0.0000000E+00  0.0000000E+00 -0.1766789E-03  0.0000000E+00
         1   260     10  0.3047368E-02 -0.7340727E-04  0.0000000E+00  0.0000000E+00  0.3421380E-01  0.1000000E-02

         1   261      0  0.0000000E+00  0.0000000E+00  0.0000000E+00  0.0000000E+00  0.0000000E+00  0.0000000E+00
         1   261      1  0.0000000E+00  0.0000000E+00  0.0000000E+00  0.0000000E+00  0.0000000E+00  0.0000000E+00
         1   261      2  0.5059957E-03  0.1268099E-04  0.0000000E+00  0.0000000E+00 -0.3797450E-04  0.0000000E+00
         1   261      3  0.7589800E-03  0.1901986E-04  0.0000000E+00  0.0000000E+00 -0.5723361E-04  0.0000000E+00
         1   261      4  0.1011956E-02  0.2535752E-04  0.0000000E+00  0.0000000E+00 -0.7667432E-04  0.0000000E+00
         1   261      5  0.1264922E-02  0.3169390E-04  0.0000000E+00  0.0000000E+00 -0.9629690E-04  0.0000000E+00
         1   261      6  0.1517880E-02  0.3802892E-04  0.0000000E+00  0.0000000E+00 -0.1161016E-03  0.0000000E+00
         1   261      7  0.1770830E-02  0.4436251E-04  0.0000000E+00  0.0000000E+00 -0.1360887E-03  0.0000000E+00
         1   261      8  0.2023772E-02  0.5069456E-04  0.0000000E+00  0.0000000E+00 -0.1562585E-03  0.0000000E+00
         1   261      9  0.2276705E-02  0.5702502E-04  0.0000000E+00  0.0000000E+00 -0.1766112E-03  0.0000000E+00
         1   261     10  0.3066780E-02  0.1513358E-03  0.0000000E+00  0.0000000E+00  0.3431277E-01  0.1000000E-02

         1   262      0  0.0000000E+00  0.0000000E+00  0.0000000E+00  0.0000000E+00  0.0000000E+00  0.0000000E+00
         1   262      1  0.0000000E+00  0.0000000E+00  0.0000000E+00  0.0000000E+00  0.0000000E+00  0.0000000E+00
         1   262      2  0.5217355E-03  0.5047157E-04  0.0000000E+00  0.0000000E+00 -0.3797120E-04  0.0000000E+00
         1   262      3  0.7825887E-03  0.7570468E-04  0.0000000E+00  0.0000000E+00 -0.5722620E-04  0.0000000E+00
         1   262      4  0.1043432E-02  0.1009359E-03  0.0000000E+00  0.0000000E+00 -0.7666114E-04  0.0000000E+00
         1   262      5  0.1304266E-02  0.1261652E-03  0.0000000E+00  0.0000000E+00 -0.9627630E-04  0.0000000E+00
         1   262      6  0.1565091E-02  0.1513925E-03  0.0000000E+00  0.0000000E+00 -0.1160719E-03  0.0000000E+00
         1   262      7  0.1825906E-02  0.1766176E-03  0.0000000E+00  0.0000000E+00 -0.1360483E-03  0.0000000E+00
         1   262      8  0.2086712E-02  0.2018406E-03  0.0000000E+00  0.0000000E+00 -0.1562058E-03  0.0000000E+00
         1   262      9  0.2347509E-02  0.2270614E-03  0.0000000E+00  0.0000000E+00 -0.1765445E-03  0.0000000E+00
         1   262     10  0.3199551E-02  0.3816727E-03  0.0000000E+00  0.0000000E+00  0.3441173E-01  0.1000000E-02

         1   263      0  0.0000000E+00  0.0000000E+00  0.0000000E+00  0.0000000E+00  0.0000000E+00  0.0000000E+00
         1   263      1  0.0000000E+00  0.0000000E+00  0.0000000E+00  0.0000000E+00  0.0000000E+00  0.0000000E+00
         1   263      2  0.5343534E-03  0.5047157E-04  0.0000000E+00  0.0000000E+00 -0.3797138E-04  0.0000000E+00
         1   263      3  0.8015148E-03  0.7570468E-04  0.0000000E+00  0.0000000E+00 -0.5722659E-04  0.0000000E+00
         1   263      4  0.1068666E-02  0.1009359E-03  0.0000000E+00  0.0000000E+00 -0.7666185E-04  0.0000000E+00
         1   263      5  0.1335807E-02  0.1261652E-03  0.0000000E+00  0.0000000E+00 -0.9627741E-04  0.0000000E+00
         1   263      6  0.1602939E-02  0.1513925E-03  0.0000000E+00  0.0000000E+00 -0.1160735E-03  0.0000000E+00
         1   263      7  0.1870060E-02  0.1766176E-03  0.0000000E+00  0.0000000E+00 -0.1360505E-03  0.0000000E+00
         1   263      8  0.2137172E-02  0.2018406E-03  0.0000000E+00  0.0000000E+00 -0.1562086E-03  0.0000000E+00
         1   263      9  0.2404274E-02  0.2270614E-03  0.0000000E+00  0.0000000E+00 -0.1765480E-03  0.0000000E+00
         1   263     10  0.3294916E-02  0.3816727E-03  0.0000000E+00  0.0000000E+00  0.3446115E-01  0.1000000E-02

         1   264      0  0.0000000E+00  0.0000000E+00  0.0000000E+00  0.0000000E+00  0.0000000E+00  0.0000000E+00
         1   264      1  0.0000000E+00  0.0000000E+00  0.0000000E+00  0.0000000E+00  0.0000000E+00  0.0000000E+00
         1   264      2  0.5419241E-03  0.5047157E-04  0.0000000E+00  0.0000000E+00 -0.3797148E-04  0.0000000E+00
         1   264      3  0.8128705E-03  0.7570468E-04  0.0000000E+00  0.0000000E+00 -0.5722683E-04  0.0000000E+00
         1   264      4  0.1083807E-02  0.1009359E-03  0.0000000E+00  0.0000000E+00 -0.7666227E-04  0.0000000E+00
         1   264      5  0.1354732E-02  0.1261652E-03  0.0000000E+00  0.0000000E+00 -0.9627807E-04  0.0000000E+00
         1   264      6  0.1625648E-02  0.1513925E-03  0.0000000E+00  0.0000000E+00 -0.1160745E-03  0.0000000E+00
         1   264      7  0.1896553E-02  0.1766176E-03  0.0000000E+00  0.0000000E+00 -0.1360518E-03  0.0000000E+00
         1   264      8  0.2167448E-02  0.2018406E-03  0.0000000E+00  0.0000000E+00 -0.1562103E-03  0.0000000E+00
         1   264      9  0.2438333E-02  0.2270614E-03  0.0000000E+00  0.0000000E+00 -0.1765502E-03  0.0000000E+00
         1   264     10  0.3352135E-02  0.3816727E-03  0.0000000E+00  0.0000000E+00  0.3449080E-01  0.1000000E-02

         1   265      0  0.0000000E+00  0.0000000E+00  0.0000000E+00  0.0000000E+00  0.0000000E+00  0.0000000E+00
         1   265      1  0.0000000E+00  0.0000000E+00  0.0000000E+00  0.0000000E+00  0.0000000E+00  0.0000000E+00
         1   265      2  0.5545420E-03  0.5047157E-04  0.0000000E+00  0.0000000E+00 -0.3797166E-04  0.0000000E+00
         1   265      3  0.8317967E-03  0.7570468E-04  0.0000000E+00  0.0000000E+00 -0.5722723E-04  0.0000000E+00
         1   265      4  0.1109041E-02  0.1009359E-03  0.0000000E+00  0.0000000E+00 -0.7666298E-04  0.0000000E+00
         1   265      5  0.1386274E-02  0.1261652E-03  0.0000000E+00  0.0000000E+00 -0.9627917E-04  0.0000000E+00
         1   265      6  0.1663496E-02  0.1513925E-03  0.0000000E+00  0.0000000E+00 -0.1160761E-03  0.0000000E+00
         1   265      7  0.1940707E-02  0.1766176E-03  0.0000000E+00  0.0000000E+00 -0.1360540E-03  0.0000000E+00
         1   265      8  0.2217908E-02  0.2018406E-03  0.0000000E+00  0.0000000E+00 -0.1562131E-03  0.0000000E+00
         1   265      9  0.2495099E-02  0.2270614E-03  0.0000000E+00  0.0000000E+00 -0.1765538E-03  0.0000000E+00
         1   265     10  0.3447500E-02  0.3816727E-03  0.0000000E+00  0.0000000E+00  0.3454021E-01  0.1000000E-02

         1   266      0  0.0000000E+00  0.0000000E+00  0.0000000E+00  0.0000000E+00  0.0000000E+00  0.0000000E+00
         1   266      1  0.0000000E+00  0.0000000E+00  0.0000000E+00  0.0000000E+00  0.0000000E+00  0.0000000E+00
         1   266      2  0.7828153E-03  0.4676287E-04  0.0000000E+00  0.0000000E+00 -0.1147367E-03  0.0000000E+00
         1   266      3  0.1174200E-02  0.7014150E-04  0.0000000E+00  0.0000000E+00 -0.1723756E-03  0.0000000E+00
         1   266      4  0.1565569E-02  0.9351817E-04  0.0000000E+00  0.0000000E+00 -0.2301953E-03  0.0000000E+00
         1   266      5  0.1956921E-02  0.1168928E-03  0.0000000E+00  0.0000000E+00 -0.2881959E-03  0.0000000E+00
         1   266      6  0.2348258E-02  0.1402653E-03  0.0000000E+00  0.0000000E+00 -0.3463778E-03  0.0000000E+00
         1   266      7  0.2739578E-02  0.1636357E-03  0.0000000E+00  0.0000000E+00 -0.4047412E-03  0.0000000E+00
         1   266      8  0.3130881E-02  0.1870038E-03  0.0000000E+00  0.0000000E+00 -0.4632864E-03  0.0000000E+00
         1   266      9  0.3522166E-02  0.2103695E-03  0.0000000E+00  0.0000000E+00 -0.5220135E-03  0.0000000E+00
         1   266     10  0.5450320E-02  0.4717421E-03  0.0000000E+00  0.0000000E+00  0.3496101E-01  0.1000000E-02

         1   267      0  0.0000000E+00  0.0000000E+00  0.0000000E+00  0.0000000E+00  0.0000000E+00  0.0000000E+00
         1   267      1  0.0000000E+00  0.0000000E+00  0.0000000E+00  0.0000000E+00  0.0000000E+00  0.0000000E+00
         1   267      2  0.7945060E-03  0.4676287E-04  0.0000000E+00  0.0000000E+00 -0.1147368E-03  0.0000000E+00
         1   267      3  0.1191735E-02  0.7014150E-04  0.0000000E+00  0.0000000E+00 -0.1723759E-03  0.0000000E+00
         1   267      4  0.1588948E-02  0.9351817E-04  0.0000000E+00  0.0000000E+00 -0.2301959E-03  0.0000000E+00
         1   267      5  0.1986145E-02  0.1168928E-03  0.0000000E+00  0.0000000E+00 -0.2881969E-03  0.0000000E+00
         1   267      6  0.2383324E-02  0.1402653E-03  0.0000000E+00  0.0000000E+00 -0.3463792E-03  0.0000000E+00
         1   267      7  0.2780487E-02  0.1636357E-03  0.0000000E+00  0.0000000E+00 -0.4047431E-03  0.0000000E+00
         1   267      8  0.3177631E-02  0.1870038E-03  0.0000000E+00  0.0000000E+00 -0.4632888E-03  0.0000000E+00
         1   267      9  0.3574759E-02  0.2103695E-03  0.0000000E+00  0.0000000E+00 -0.5220166E-03  0.0000000E+00
         1   267     10  0.5568190E-02  0.4717421E-03  0.0000000E+00  0.0000000E+00  0.3501042E-01  0.1000000E-02

         1   268      0  0.0000000E+00  0.0000000E+00  0.0000000E+00  0.0000000E+00  0.0000000E+00  0.0000000E+00
         1   268      1  0.0000000E+00  0.0000000E+00  0.0000000E+00  0.0000000E+00  0.0000000E+00  0.0000000E+00
         1   268      2  0.8015204E-03  0.4676287E-04  0.0000000E+00  0.0000000E+00 -0.1147369E-03  0.0000000E+00
         1   268      3  0.1202256E-02  0.7014150E-04  0.0000000E+00  0.0000000E+00 -0.1723761E-03  0.0000000E+00
         1   268      4  0.1602976E-02  0.9351817E-04  0.0000000E+00  0.0000000E+00 -0.2301962E-03  0.0000000E+00
         1   268      5  0.2003679E-02  0.1168928E-03  0.0000000E+00  0.0000000E+00 -0.2881974E-03  0.0000000E+00
         1   268      6  0.2404364E-02  0.1402653E-03  0.0000000E+00  0.0000000E+00 -0.3463800E-03  0.0000000E+00
         1   268      7  0.2805032E-02  0.1636357E-03  0.0000000E+00  0.0000000E+00 -0.4047442E-03  0.0000000E+00
         1   268      8  0.3205682E-02  0.1870038E-03  0.0000000E+00  0.0000000E+00 -0.4632903E-03  0.0000000E+00
         1   268      9  0.3606314E-02  0.2103695E-03  0.0000000E+00  0.0000000E+00 -0.5220185E-03  0.0000000E+00
         1   268     10  0.5638913E-02  0.4717421E-03  0.0000000E+00  0.0000000E+00  0.3504006E-01  0.1000000E-02

         1   269      0  0.0000000E+00  0.0000000E+00  0.0000000E+00  0.0000000E+00  0.0000000E+00  0.0000000E+00
         1   269      1  0.0000000E+00  0.0000000E+00  0.0000000E+00  0.0000000E+00  0.0000000E+00  0.0000000E+00
         1   269      2  0.8132111E-03  0.4676287E-04  0.0000000E+00  0.0000000E+00 -0.1147370E-03  0.0000000E+00
         1   269      3  0.1219792E-02  0.7014150E-04  0.0000000E+00  0.0000000E+00 -0.1723765E-03  0.0000000E+00
         1   269      4  0.1626355E-02  0.9351817E-04  0.0000000E+00  0.0000000E+00 -0.2301968E-03  0.0000000E+00
         1   269      5  0.2032902E-02  0.1168928E-03  0.0000000E+00  0.0000000E+00 -0.2881984E-03  0.0000000E+00
         1   269      6  0.2439430E-02  0.1402653E-03  0.0000000E+00  0.0000000E+00 -0.3463814E-03  0.0000000E+00
         1   269      7  0.2845941E-02  0.1636357E-03  0.0000000E+00  0.0000000E+00 -0.4047461E-03  0.0000000E+00
         1   269      8  0.3252433E-02  0.1870038E-03  0.0000000E+00  0.0000000E+00 -0.4632927E-03  0.0000000E+00
         1   269      9  0.3658906E-02  0.2103695E-03  0.0000000E+00  0.0000000E+00 -0.5220215E-03  0.0000000E+00
         1   269     10  0.5756783E-02  0.4717421E-03  0.0000000E+00  0.0000000E+00  0.3508947E-01  0.1000000E-02

         1   270      0  0.0000000E+00  0.0000000E+00  0.0000000E+00  0.0000000E+00  0.0000000E+00  0.0000000E+00
         1   270      1  0.0000000E+00  0.0000000E+00  0.0000000E+00  0.0000000E+00  0.0000000E+00  0.0000000E+00
         1   270      2  0.8200408E-03 -0.1953624E-04  0.0000000E+00  0.0000000E+00 -0.1147468E-03  0.0000000E+00
         1   270      3  0.1230035E-02 -0.2930511E-04  0.0000000E+00  0.0000000E+00 -0.1723984E-03  0.0000000E+00
         1   270      4  0.1640012E-02 -0.3907453E-04  0.0000000E+00  0.0000000E+00 -0.2302359E-03  0.0000000E+00
         1   270      5  0.2049971E-02 -0.4884457E-04  0.0000000E+00  0.0000000E+00 -0.2882594E-03  0.0000000E+00
         1   270      6  0.2459912E-02 -0.5861525E-04  0.0000000E+00  0.0000000E+00 -0.3464692E-03  0.0000000E+00
         1   270      7  0.2869834E-02 -0.6838663E-04  0.0000000E+00  0.0000000E+00 -0.4048656E-03  0.0000000E+00
         1   270      8  0.3279736E-02 -0.7815875E-04  0.0000000E+00  0.0000000E+00 -0.4634488E-03  0.0000000E+00
         1   270      9  0.3689619E-02 -0.8793165E-04  0.0000000E+00  0.0000000E+00 -0.5222191E-03  0.0000000E+00
         1   270     10  0.5874986E-02 -0.2611450E-06  0.0000000E+00  0.0000000E+00  0.3518782E-01  0.1000000E-02

         1   271      0  0.0000000E+00  0.0000000E+00  0.0000000E+00  0.0000000E+00  0.0000000E+00  0.0000000E+00
         1   271      1  0.0000000E+00  0.0000000E+00  0.0000000E+00  0.0000000E+00  0.0000000E+00  0.0000000E+00
         1   271      2  0.7938064E-03 -0.8504764E-04  0.0000000E+00  0.0000000E+00 -0.1147567E-03  0.0000000E+00
         1   271      3  0.1190684E-02 -0.1275701E-03  0.0000000E+00  0.0000000E+00 -0.1724207E-03  0.0000000E+00
         1   271      4  0.1587544E-02 -0.1700917E-03  0.0000000E+00  0.0000000E+00 -0.2302754E-03  0.0000000E+00
         1   271      5  0.1984386E-02 -0.2126125E-03  0.0000000E+00  0.0000000E+00 -0.2883211E-03  0.0000000E+00
         1   271      6  0.2381209E-02 -0.2551325E-03  0.0000000E+00  0.0000000E+00 -0.3465581E-03  0.0000000E+00
         1   271      7  0.2778014E-02 -0.2976516E-03  0.0000000E+00  0.0000000E+00 -0.4049866E-03  0.0000000E+00
         1   271      8  0.3174800E-02 -0.3401699E-03  0.0000000E+00  0.0000000E+00 -0.4636069E-03  0.0000000E+00
         1   271      9  0.3571566E-02 -0.3826874E-03  0.0000000E+00  0.0000000E+00 -0.5224192E-03  0.0000000E+00
         1   271     10  0.5756523E-02 -0.4722539E-03  0.0000000E+00  0.0000000E+00  0.3528617E-01  0.1000000E-02

         1   272      0  0.0000000E+00  0.0000000E+00  0.0000000E+00  0.0000000E+00  0.0000000E+00  0.0000000E+00
         1   272      1  0.0000000E+00  0.0000000E+00  0.0000000E+00  0.0000000E+00  0.0000000E+00  0.0000000E+00
         1   272      2  0.7725445E-03 -0.8504764E-04  0.0000000E+00  0.0000000E+00 -0.1147572E-03  0.0000000E+00
         1   272      3  0.1158791E-02 -0.1275701E-03  0.0000000E+00  0.0000000E+00 -0.1724218E-03  0.0000000E+00
         1   272      4  0.1545021E-02 -0.1700917E-03  0.0000000E+00  0.0000000E+00 -0.2302774E-03  0.0000000E+00
         1   272      5  0.1931233E-02 -0.2126125E-03  0.0000000E+00  0.0000000E+00 -0.2883243E-03  0.0000000E+00
         1   272      6  0.2317426E-02 -0.2551325E-03  0.0000000E+00  0.0000000E+00 -0.3465626E-03  0.0000000E+00
         1   272      7  0.2703601E-02 -0.2976516E-03  0.0000000E+00  0.0000000E+00 -0.4049928E-03  0.0000000E+00
         1   272      8  0.3089758E-02 -0.3401699E-03  0.0000000E+00  0.0000000E+00 -0.4636149E-03  0.0000000E+00
         1   272      9  0.3475894E-02 -0.3826874E-03  0.0000000E+00  0.0000000E+00 -0.5224293E-03  0.0000000E+00
         1   272     10  0.5638525E-02 -0.4722539E-03  0.0000000E+00  0.0000000E+00  0.3533558E-01  0.1000000E-02

         1   273      0  0.0000000E+00  0.0000000E+00  0.0000000E+00  0.0000000E+00  0.0000000E+00  0.0000000E+00
         1   273      1  0.0000000E+00  0.0000000E+00  0.0000000E+00  0.0000000E+00  0.0000000E+00  0.0000000E+00
         1   273      2  0.7597873E-03 -0.8504764E-04  0.0000000E+00  0.0000000E+00 -0.1147575E-03  0.0000000E+00
         1   273      3  0.1139656E-02 -0.1275701E-03  0.0000000E+00  0.0000000E+00 -0.1724225E-03  0.0000000E+00
         1   273      4  0.1519507E-02 -0.1700917E-03  0.0000000E+00  0.0000000E+00 -0.2302786E-03  0.0000000E+00
         1   273      5  0.1899341E-02 -0.2126125E-03  0.0000000E+00  0.0000000E+00 -0.2883261E-03  0.0000000E+00
         1   273      6  0.2279156E-02 -0.2551325E-03  0.0000000E+00  0.0000000E+00 -0.3465653E-03  0.0000000E+00
         1   273      7  0.2658954E-02 -0.2976516E-03  0.0000000E+00  0.0000000E+00 -0.4049965E-03  0.0000000E+00
         1   273      8  0.3038732E-02 -0.3401699E-03  0.0000000E+00  0.0000000E+00 -0.4636197E-03  0.0000000E+00
         1   273      9  0.3418491E-02 -0.3826874E-03  0.0000000E+00  0.0000000E+00 -0.5224354E-03  0.0000000E+00
         1   273     10  0.5567727E-02 -0.4722539E-03  0.0000000E+00  0.0000000E+00  0.3536522E-01  0.1000000E-02

         1   274      0  0.0000000E+00  0.0000000E+00  0.0000000E+00  0.0000000E+00  0.0000000E+00  0.0000000E+00
         1   274      1  0.0000000E+00  0.0000000E+00  0.0000000E+00  0.0000000E+00  0.0000000E+00  0.0000000E+00
         1   274      2  0.7385254E-03 -0.8504764E-04  0.0000000E+00  0.0000000E+00 -0.1147580E-03  0.0000000E+00
         1   274      3  0.1107763E-02 -0.1275701E-03  0.0000000E+00  0.0000000E+00 -0.1724236E-03  0.0000000E+00
         1   274      4  0.1476984E-02 -0.1700917E-03  0.0000000E+00  0.0000000E+00 -0.2302806E-03  0.0000000E+00
         1   274      5  0.1846188E-02 -0.2126125E-03  0.0000000E+00  0.0000000E+00 -0.2883293E-03  0.0000000E+00
         1   274      6  0.2215373E-02 -0.2551325E-03  0.0000000E+00  0.0000000E+00 -0.3465699E-03  0.0000000E+00
         1   274      7  0.2584541E-02 -0.2976516E-03  0.0000000E+00  0.0000000E+00 -0.4050026E-03  0.0000000E+00
         1   274      8  0.2953690E-02 -0.3401699E-03  0.0000000E+00  0.0000000E+00 -0.4636278E-03  0.0000000E+00
         1   274      9  0.3322819E-02 -0.3826874E-03  0.0000000E+00  0.0000000E+00 -0.5224456E-03  0.0000000E+00
         1   274     10  0.5449729E-02 -0.4722539E-03  0.0000000E+00  0.0000000E+00  0.3541463E-01  0.1000000E-02

         1   275      0  0.0000000E+00  0.0000000E+00  0.0000000E+00  0.0000000E+00  0.0000000E+00  0.0000000E+00
         1   275      1  0.0000000E+00  0.0000000E+00  0.0000000E+00  0.0000000E+00  0.0000000E+00  0.0000000E+00
         1   275      2  0.3322300E-03 -0.8801771E-04  0.0000000E+00  0.0000000E+00 -0.1762270E-03  0.0000000E+00
         1   275      3  0.4983164E-03 -0.1320258E-03  0.0000000E+00  0.0000000E+00 -0.2646319E-03  0.0000000E+00
         1   275      4  0.6643831E-03 -0.1760334E-03  0.0000000E+00  0.0000000E+00 -0.3532314E-03  0.0000000E+00
         1   275      5  0.8304296E-03 -0.2200405E-03  0.0000000E+00  0.0000000E+00 -0.4420256E-03  0.0000000E+00
         1   275      6  0.9964555E-03 -0.2640472E-03  0.0000000E+00  0.0000000E+00 -0.5310147E-03  0.0000000E+00
         1   275      7  0.1162460E-02 -0.3080534E-03  0.0000000E+00  0.0000000E+00 -0.6201989E-03  0.0000000E+00
         1   275      8  0.1328444E-02 -0.3520592E-03  0.0000000E+00  0.0000000E+00 -0.7095785E-03  0.0000000E+00
         1   275      9  0.1494405E-02 -0.3960646E-03  0.0000000E+00  0.0000000E+00 -0.7991537E-03  0.0000000E+00
         1   275     10  0.3444530E-02 -0.3821747E-03  0.0000000E+00  0.0000000E+00  0.3583563E-01  0.1000000E-02

         1   276      0  0.0000000E+00  0.0000000E+00  0.0000000E+00  0.0000000E+00  0.0000000E+00  0.0000000E+00
         1   276      1  0.0000000E+00  0.0000000E+00  0.0000000E+00  0.0000000E+00  0.0000000E+00  0.0000000E+00
         1   276      2  0.3102255E-03 -0.8801771E-04  0.0000000E+00  0.0000000E+00 -0.1762276E-03  0.0000000E+00
         1   276      3  0.4653099E-03 -0.1320258E-03  0.0000000E+00  0.0000000E+00 -0.2646332E-03  0.0000000E+00
         1   276      4  0.6203747E-03 -0.1760334E-03  0.0000000E+00  0.0000000E+00 -0.3532335E-03  0.0000000E+00
         1   276      5  0.7754195E-03 -0.2200405E-03  0.0000000E+00  0.0000000E+00 -0.4420289E-03  0.0000000E+00
         1   276      6  0.9304437E-03 -0.2640472E-03  0.0000000E+00  0.0000000E+00 -0.5310195E-03  0.0000000E+00
         1   276      7  0.1085447E-02 -0.3080534E-03  0.0000000E+00  0.0000000E+00 -0.6202055E-03  0.0000000E+00
         1   276      8  0.1240429E-02 -0.3520592E-03  0.0000000E+00  0.0000000E+00 -0.7095872E-03  0.0000000E+00
         1   276      9  0.1395389E-02 -0.3960646E-03  0.0000000E+00  0.0000000E+00 -0.7991646E-03  0.0000000E+00
         1   276     10  0.3349039E-02 -0.3821747E-03  0.0000000E+00  0.0000000E+00  0.3588505E-01  0.1000000E-02

         1   277      0  0.0000000E+00  0.0000000E+00  0.0000000E+00  0.0000000E+00  0.0000000E+00  0.0000000E+00
         1   277      1  0.0000000E+00  0.0000000E+00  0.0000000E+00  0.0000000E+00  0.0000000E+00  0.0000000E+00
         1   277      2  0.2970229E-03 -0.8801771E-04  0.0000000E+00  0.0000000E+00 -0.1762279E-03  0.0000000E+00
         1   277      3  0.4455060E-03 -0.1320258E-03  0.0000000E+00  0.0000000E+00 -0.2646339E-03  0.0000000E+00
         1   277      4  0.5939697E-03 -0.1760334E-03  0.0000000E+00  0.0000000E+00 -0.3532348E-03  0.0000000E+00
         1   277      5  0.7424134E-03 -0.2200405E-03  0.0000000E+00  0.0000000E+00 -0.4420309E-03  0.0000000E+00
         1   277      6  0.8908366E-03 -0.2640472E-03  0.0000000E+00  0.0000000E+00 -0.5310224E-03  0.0000000E+00
         1   277      7  0.1039239E-02 -0.3080534E-03  0.0000000E+00  0.0000000E+00 -0.6202095E-03  0.0000000E+00
         1   277      8  0.1187620E-02 -0.3520592E-03  0.0000000E+00  0.0000000E+00 -0.7095923E-03  0.0000000E+00
         1   277      9  0.1335979E-02 -0.3960646E-03  0.0000000E+00  0.0000000E+00 -0.7991711E-03  0.0000000E+00
         1   277     10  0.3291745E-02 -0.3821747E-03  0.0000000E+00  0.0000000E+00  0.3591470E-01  0.1000000E-02

         1   278      0  0.0000000E+00  0.0000000E+00  0.0000000E+00  0.0000000E+00  0.0000000E+00  0.0000000E+00
         1   278      1  0.0000000E+00  0.0000000E+00  0.0000000E+00  0.0000000E+00  0.0000000E+00  0.0000000E+00
         1   278      2  0.2750185E-03 -0.8801771E-04  0.0000000E+00  0.0000000E+00 -0.1762284E-03  0.0000000E+00
         1   278      3  0.4124996E-03 -0.1320258E-03  0.0000000E+00  0.0000000E+00 -0.2646351E-03  0.0000000E+00
         1   278      4  0.5499613E-03 -0.1760334E-03  0.0000000E+00  0.0000000E+00 -0.3532370E-03  0.0000000E+00
         1   278      5  0.6874033E-03 -0.2200405E-03  0.0000000E+00  0.0000000E+00 -0.4420343E-03  0.0000000E+00
         1   278      6  0.8248248E-03 -0.2640472E-03  0.0000000E+00  0.0000000E+00 -0.5310273E-03  0.0000000E+00
         1   278      7  0.9622256E-03 -0.3080534E-03  0.0000000E+00  0.0000000E+00 -0.6202161E-03  0.0000000E+00
         1   278      8  0.1099605E-02 -0.3520592E-03  0.0000000E+00  0.0000000E+00 -0.7096009E-03  0.0000000E+00
         1   278      9  0.1236963E-02 -0.3960646E-03  0.0000000E+00  0.0000000E+00 -0.7991820E-03  0.0000000E+00
         1   278     10  0.3196254E-02 -0.3821747E-03  0.0000000E+00  0.0000000E+00  0.3596411E-01  0.1000000E-02

         1   279      0  0.0000000E+00  0.0000000E+00  0.0000000E+00  0.0000000E+00  0.0000000E+00  0.0000000E+00
         1   279      1  0.0000000E+00  0.0000000E+00  0.0000000E+00  0.0000000E+00  0.0000000E+00  0.0000000E+00
         1   279      2  0.2358260E-03 -0.6923352E-04  0.0000000E+00  0.0000000E+00 -0.1762284E-03  0.0000000E+00
         1   279      3  0.3537108E-03 -0.1038516E-03  0.0000000E+00  0.0000000E+00 -0.2646351E-03  0.0000000E+00
         1   279      4  0.4715761E-03 -0.1384706E-03  0.0000000E+00  0.0000000E+00 -0.3532370E-03  0.0000000E+00
         1   279      5  0.5894215E-03 -0.1730906E-03  0.0000000E+00  0.0000000E+00 -0.4420343E-03  0.0000000E+00
         1   279      6  0.7072463E-03 -0.2077116E-03  0.0000000E+00  0.0000000E+00 -0.5310273E-03  0.0000000E+00
         1   279      7  0.8250502E-03 -0.2423337E-03  0.0000000E+00  0.0000000E+00 -0.6202161E-03  0.0000000E+00
         1   279      8  0.9428327E-03 -0.2769570E-03  0.0000000E+00  0.0000000E+00 -0.7096010E-03  0.0000000E+00
         1   279      9  0.1060593E-02 -0.3115814E-03  0.0000000E+00  0.0000000E+00 -0.7991821E-03  0.0000000E+00
         1   279     10  0.3063170E-02 -0.1520916E-03  0.0000000E+00  0.0000000E+00  0.3606308E-01  0.1000000E-02

         1   280      0  0.0000000E+00  0.0000000E+00  0.0000000E+00  0.0000000E+00  0.0000000E+00  0.0000000E+00
         1   280      1  0.0000000E+00  0.0000000E+00  0.0000000E+00  0.0000000E+00  0.0000000E+00  0.0000000E+00
         1   280      2  0.2053585E-03 -0.5301077E-04  0.0000000E+00  0.0000000E+00 -0.1762283E-03  0.0000000E+00
         1   280      3  0.3080084E-03 -0.7951959E-04  0.0000000E+00  0.0000000E+00 -0.2646348E-03  0.0000000E+00
         1   280      4  0.4106380E-03 -0.1060308E-03  0.0000000E+00  0.0000000E+00 -0.3532365E-03  0.0000000E+00
         1   280      5  0.5132467E-03 -0.1325445E-03  0.0000000E+00  0.0000000E+00 -0.4420336E-03  0.0000000E+00
         1   280      6  0.6158340E-03 -0.1590608E-03  0.0000000E+00  0.0000000E+00 -0.5310262E-03  0.0000000E+00
         1   280      7  0.7183995E-03 -0.1855797E-03  0.0000000E+00  0.0000000E+00 -0.6202147E-03  0.0000000E+00
         1   280      8  0.8209425E-03 -0.2121014E-03  0.0000000E+00  0.0000000E+00 -0.7095991E-03  0.0000000E+00
         1   280      9  0.9234626E-03 -0.2386260E-03  0.0000000E+00  0.0000000E+00 -0.7991797E-03  0.0000000E+00
         1   280     10  0.3043312E-02  0.7236964E-04  0.0000000E+00  0.0000000E+00  0.3616205E-01  0.1000000E-02

         1   281      0  0.0000000E+00  0.0000000E+00  0.0000000E+00  0.0000000E+00  0.0000000E+00  0.0000000E+00
         1   281      1  0.0000000E+00  0.0000000E+00  0.0000000E+00  0.0000000E+00  0.0000000E+00  0.0000000E+00
         1   281      2  0.1921059E-03 -0.5301077E-04  0.0000000E+00  0.0000000E+00 -0.1762285E-03  0.0000000E+00
         1   281      3  0.2881285E-03 -0.7951959E-04  0.0000000E+00  0.0000000E+00 -0.2646353E-03  0.0000000E+00
         1   281      4  0.3841303E-03 -0.1060308E-03  0.0000000E+00  0.0000000E+00 -0.3532373E-03  0.0000000E+00
         1   281      5  0.4801105E-03 -0.1325445E-03  0.0000000E+00  0.0000000E+00 -0.4420348E-03  0.0000000E+00
         1   281      6  0.5760688E-03 -0.1590608E-03  0.0000000E+00  0.0000000E+00 -0.5310280E-03  0.0000000E+00
         1   281      7  0.6720045E-03 -0.1855797E-03  0.0000000E+00  0.0000000E+00 -0.6202171E-03  0.0000000E+00
         1   281      8  0.7679171E-03 -0.2121014E-03  0.0000000E+00  0.0000000E+00 -0.7096022E-03  0.0000000E+00
         1   281      9  0.8638061E-03 -0.2386260E-03  0.0000000E+00  0.0000000E+00 -0.7991836E-03  0.0000000E+00
         1   281     10  0.3061394E-02  0.7236964E-04  0.0000000E+00  0.0000000E+00  0.3621147E-01  0.1000000E-02

         1   282      0  0.0000000E+00  0.0000000E+00  0.0000000E+00  0.0000000E+00  0.0000000E+00  0.0000000E+00
         1   282      1  0.0000000E+00  0.0000000E+00  0.0000000E+00  0.0000000E+00  0.0000000E+00  0.0000000E+00
         1   282      2  0.1841542E-03 -0.5301077E-04  0.0000000E+00  0.0000000E+00 -0.1762286E-03  0.0000000E+00
         1   282      3  0.2762006E-03 -0.7951959E-04  0.0000000E+00  0.0000000E+00 -0.2646355E-03  0.0000000E+00
         1   282      4  0.3682256E-03 -0.1060308E-03  0.0000000E+00  0.0000000E+00 -0.3532378E-03  0.0000000E+00
         1   282      5  0.4602289E-03 -0.1325445E-03  0.0000000E+00  0.0000000E+00 -0.4420355E-03  0.0000000E+00
         1   282      6  0.5522097E-03 -0.1590608E-03  0.0000000E+00  0.0000000E+00 -0.5310291E-03  0.0000000E+00
         1   282      7  0.6441676E-03 -0.1855797E-03  0.0000000E+00  0.0000000E+00 -0.6202185E-03  0.0000000E+00
         1   282      8  0.7361019E-03 -0.2121014E-03  0.0000000E+00  0.0000000E+00 -0.7096041E-03  0.0000000E+00
         1   282      9  0.8280122E-03 -0.2386260E-03  0.0000000E+00  0.0000000E+00 -0.7991860E-03  0.0000000E+00
         1   282     10  0.3072243E-02  0.7236964E-04  0.0000000E+00  0.0000000E+00  0.3624113E-01  0.1000000E-02

         1   283      0  0.0000000E+00  0.0000000E+00  0.0000000E+00  0.0000000E+00  0.0000000E+00  0.0000000E+00
         1   283      1  0.0000000E+00  0.0000000E+00  0.0000000E+00  0.0000000E+00  0.0000000E+00  0.0000000E+00
         1   283      2  0.1709015E-03 -0.5301077E-04  0.0000000E+00  0.0000000E+00 -0.1762288E-03  0.0000000E+00
         1   283      3  0.2563207E-03 -0.7951959E-04  0.0000000E+00  0.0000000E+00 -0.2646360E-03  0.0000000E+00
         1   283      4  0.3417179E-03 -0.1060308E-03  0.0000000E+00  0.0000000E+00 -0.3532385E-03  0.0000000E+00
         1   283      5  0.4270927E-03 -0.1325445E-03  0.0000000E+00  0.0000000E+00 -0.4420368E-03  0.0000000E+00
         1   283      6  0.5124445E-03 -0.1590608E-03  0.0000000E+00  0.0000000E+00 -0.5310308E-03  0.0000000E+00
         1   283      7  0.5977726E-03 -0.1855797E-03  0.0000000E+00  0.0000000E+00 -0.6202209E-03  0.0000000E+00
         1   283      8  0.6830766E-03 -0.2121014E-03  0.0000000E+00  0.0000000E+00 -0.7096072E-03  0.0000000E+00
         1   283      9  0.7683557E-03 -0.2386260E-03  0.0000000E+00  0.0000000E+00 -0.7991900E-03  0.0000000E+00
         1   283     10  0.3090326E-02  0.7236964E-04  0.0000000E+00  0.0000000E+00  0.3629055E-01  0.1000000E-02

         1   284      0  0.0000000E+00  0.0000000E+00  0.0000000E+00  0.0000000E+00  0.0000000E+00  0.0000000E+00
         1   284      1  0.0000000E+00  0.0000000E+00  0.0000000E+00  0.0000000E+00  0.0000000E+00  0.0000000E+00
         1   284      2 -0.7859424E-04 -0.5326709E-04  0.0000000E+00  0.0000000E+00 -0.1815307E-03  0.0000000E+00
         1   284      3 -0.1179397E-03 -0.7990411E-04  0.0000000E+00  0.0000000E+00 -0.2725870E-03  0.0000000E+00
         1   284      4 -0.1573186E-03 -0.1065436E-03  0.0000000E+00  0.0000000E+00 -0.3638374E-03  0.0000000E+00
         1   284      5 -0.1967320E-03 -0.1331855E-03  0.0000000E+00  0.0000000E+00 -0.4552819E-03  0.0000000E+00
         1   284      6 -0.2361809E-03 -0.1598300E-03  0.0000000E+00  0.0000000E+00 -0.5469208E-03  0.0000000E+00
         1   284      7 -0.2756663E-03 -0.1864773E-03  0.0000000E+00  0.0000000E+00 -0.6387542E-03  0.0000000E+00
         1   284      8 -0.3151891E-03 -0.2131272E-03  0.0000000E+00  0.0000000E+00 -0.7307821E-03  0.0000000E+00
         1   284      9 -0.3547504E-03 -0.2397801E-03  0.0000000E+00  0.0000000E+00 -0.8230046E-03  0.0000000E+00
         1   284     10  0.3655392E-02  0.1684229E-03  0.0000000E+00  0.0000000E+00  0.3683500E-01  0.1000000E-02

         1   285      0  0.0000000E+00  0.0000000E+00  0.0000000E+00  0.0000000E+00  0.0000000E+00  0.0000000E+00
         1   285      1  0.0000000E+00  0.0000000E+00  0.0000000E+00  0.0000000E+00  0.0000000E+00  0.0000000E+00
         1   285      2 -0.9191101E-04 -0.5326709E-04  0.0000000E+00  0.0000000E+00 -0.1815309E-03  0.0000000E+00
         1   285      3 -0.1379157E-03 -0.7990411E-04  0.0000000E+00  0.0000000E+00 -0.2725874E-03  0.0000000E+00
         1   285      4 -0.1839545E-03 -0.1065436E-03  0.0000000E+00  0.0000000E+00 -0.3638381E-03  0.0000000E+00
         1   285      5 -0.2300284E-03 -0.1331855E-03  0.0000000E+00  0.0000000E+00 -0.4552832E-03  0.0000000E+00
         1   285      6 -0.2761384E-03 -0.1598300E-03  0.0000000E+00  0.0000000E+00 -0.5469226E-03  0.0000000E+00
         1   285      7 -0.3222856E-03 -0.1864773E-03  0.0000000E+00  0.0000000E+00 -0.6387566E-03  0.0000000E+00
         1   285      8 -0.3684709E-03 -0.2131272E-03  0.0000000E+00  0.0000000E+00 -0.7307852E-03  0.0000000E+00
         1   285      9 -0.4146954E-03 -0.2397801E-03  0.0000000E+00  0.0000000E+00 -0.8230086E-03  0.0000000E+00
         1   285     10  0.3697475E-02  0.1684229E-03  0.0000000E+00  0.0000000E+00  0.3688442E-01  0.1000000E-02

         1   286      0  0.0000000E+00  0.0000000E+00  0.0000000E+00  0.0000000E+00  0.0000000E+00  0.0000000E+00
         1   286      1  0.0000000E+00  0.0000000E+00  0.0000000E+00  0.0000000E+00  0.0000000E+00  0.0000000E+00
         1   286      2 -0.9990108E-04 -0.5326709E-04  0.0000000E+00  0.0000000E+00 -0.1815310E-03  0.0000000E+00
         1   286      3 -0.1499013E-03 -0.7990411E-04  0.0000000E+00  0.0000000E+00 -0.2725877E-03  0.0000000E+00
         1   286      4 -0.1999360E-03 -0.1065436E-03  0.0000000E+00  0.0000000E+00 -0.3638386E-03  0.0000000E+00
         1   286      5 -0.2500062E-03 -0.1331855E-03  0.0000000E+00  0.0000000E+00 -0.4552839E-03  0.0000000E+00
         1   286      6 -0.3001130E-03 -0.1598300E-03  0.0000000E+00  0.0000000E+00 -0.5469237E-03  0.0000000E+00
         1   286      7 -0.3502572E-03 -0.1864773E-03  0.0000000E+00  0.0000000E+00 -0.6387580E-03  0.0000000E+00
         1   286      8 -0.4004400E-03 -0.2131272E-03  0.0000000E+00  0.0000000E+00 -0.7307871E-03  0.0000000E+00
         1   286      9 -0.4506624E-03 -0.2397801E-03  0.0000000E+00  0.0000000E+00 -0.8230110E-03  0.0000000E+00
         1   286     10  0.3722724E-02  0.1684229E-03  0.0000000E+00  0.0000000E+00  0.3691408E-01  0.1000000E-02

         1   287      0  0.0000000E+00  0.0000000E+00  0.0000000E+00  0.0000000E+00  0.0000000E+00  0.0000000E+00
         1   287      1  0.0000000E+00  0.0000000E+00  0.0000000E+00  0.0000000E+00  0.0000000E+00  0.0000000E+00
         1   287      2 -0.1132178E-03 -0.5326709E-04  0.0000000E+00  0.0000000E+00 -0.1815312E-03  0.0000000E+00
         1   287      3 -0.1698773E-03 -0.7990411E-04  0.0000000E+00  0.0000000E+00 -0.2725881E-03  0.0000000E+00
         1   287      4 -0.2265719E-03 -0.1065436E-03  0.0000000E+00  0.0000000E+00 -0.3638394E-03  0.0000000E+00
         1   287      5 -0.2833026E-03 -0.1331855E-03  0.0000000E+00  0.0000000E+00 -0.4552851E-03  0.0000000E+00
         1   287      6 -0.3400705E-03 -0.1598300E-03  0.0000000E+00  0.0000000E+00 -0.5469254E-03  0.0000000E+00
         1   287      7 -0.3968765E-03 -0.1864773E-03  0.0000000E+00  0.0000000E+00 -0.6387604E-03  0.0000000E+00
         1   287      8 -0.4537218E-03 -0.2131272E-03  0.0000000E+00  0.0000000E+00 -0.7307903E-03  0.0000000E+00
         1   287      9 -0.5106074E-03 -0.2397801E-03  0.0000000E+00  0.0000000E+00 -0.8230150E-03  0.0000000E+00
         1   287     10  0.3764806E-02  0.1684229E-03  0.0000000E+00  0.0000000E+00  0.3696350E-01  0.1000000E-02

         1   288      0  0.0000000E+00  0.0000000E+00  0.0000000E+00  0.0000000E+00  0.0000000E+00  0.0000000E+00
         1   288      1  0.0000000E+00  0.0000000E+00  0.0000000E+00  0.0000000E+00  0.0000000E+00  0.0000000E+00
         1   288      2 -0.1373897E-03 -0.4309410E-04  0.0000000E+00  0.0000000E+00 -0.1815318E-03  0.0000000E+00
         1   288      3 -0.2061358E-03 -0.6464049E-04  0.0000000E+00  0.0000000E+00 -0.2725894E-03  0.0000000E+00
         1   288      4 -0.2749175E-03 -0.8618644E-04  0.0000000E+00  0.0000000E+00 -0.3638416E-03  0.0000000E+00
         1   288      5 -0.3437358E-03 -0.1077319E-03  0.0000000E+00  0.0000000E+00 -0.4552886E-03  0.0000000E+00
         1   288      6 -0.4125919E-03 -0.1292770E-03  0.0000000E+00  0.0000000E+00 -0.5469304E-03  0.0000000E+00
         1   288      7 -0.4814867E-03 -0.1508216E-03  0.0000000E+00  0.0000000E+00 -0.6387672E-03  0.0000000E+00
         1   288      8 -0.5504213E-03 -0.1723657E-03  0.0000000E+00  0.0000000E+00 -0.7307991E-03  0.0000000E+00
         1   288      9 -0.6193968E-03 -0.1939094E-03  0.0000000E+00  0.0000000E+00 -0.8230262E-03  0.0000000E+00
         1   288     10  0.3772575E-02 -0.1374347E-03  0.0000000E+00  0.0000000E+00  0.3706214E-01  0.1000000E-02

         1   289      0  0.0000000E+00  0.0000000E+00  0.0000000E+00  0.0000000E+00  0.0000000E+00  0.0000000E+00
         1   289      1  0.0000000E+00  0.0000000E+00  0.0000000E+00  0.0000000E+00  0.0000000E+00  0.0000000E+00
         1   289      2 -0.1560220E-03 -0.3118355E-04  0.0000000E+00  0.0000000E+00 -0.1815323E-03  0.0000000E+00
         1   289      3 -0.2340829E-03 -0.4677056E-04  0.0000000E+00  0.0000000E+00 -0.2725905E-03  0.0000000E+00
         1   289      4 -0.3121784E-03 -0.6235427E-04  0.0000000E+00  0.0000000E+00 -0.3638436E-03  0.0000000E+00
         1   289      5 -0.3903096E-03 -0.7793460E-04  0.0000000E+00  0.0000000E+00 -0.4552918E-03  0.0000000E+00
         1   289      6 -0.4684775E-03 -0.9351147E-04  0.0000000E+00  0.0000000E+00 -0.5469350E-03  0.0000000E+00
         1   289      7 -0.5466832E-03 -0.1090848E-03  0.0000000E+00  0.0000000E+00 -0.6387735E-03  0.0000000E+00
         1   289      8 -0.6249277E-03 -0.1246544E-03  0.0000000E+00  0.0000000E+00 -0.7308073E-03  0.0000000E+00
         1   289      9 -0.7032120E-03 -0.1402204E-03  0.0000000E+00  0.0000000E+00 -0.8230365E-03  0.0000000E+00
         1   289     10  0.3628371E-02 -0.4377560E-03  0.0000000E+00  0.0000000E+00  0.3716078E-01  0.1000000E-02

         1   290      0  0.0000000E+00  0.0000000E+00  0.0000000E+00  0.0000000E+00  0.0000000E+00  0.0000000E+00
         1   290      1  0.0000000E+00  0.0000000E+00  0.0000000E+00  0.0000000E+00  0.0000000E+00  0.0000000E+00
         1   290      2 -0.1638179E-03 -0.3118355E-04  0.0000000E+00  0.0000000E+00 -0.1815323E-03  0.0000000E+00
         1   290      3 -0.2457755E-03 -0.4677056E-04  0.0000000E+00  0.0000000E+00 -0.2725907E-03  0.0000000E+00
         1   290      4 -0.3277670E-03 -0.6235427E-04  0.0000000E+00  0.0000000E+00 -0.3638439E-03  0.0000000E+00
         1   290      5 -0.4097933E-03 -0.7793460E-04  0.0000000E+00  0.0000000E+00 -0.4552922E-03  0.0000000E+00
         1   290      6 -0.4918554E-03 -0.9351147E-04  0.0000000E+00  0.0000000E+00 -0.5469356E-03  0.0000000E+00
         1   290      7 -0.5739544E-03 -0.1090848E-03  0.0000000E+00  0.0000000E+00 -0.6387743E-03  0.0000000E+00
         1   290      8 -0.6560913E-03 -0.1246544E-03  0.0000000E+00  0.0000000E+00 -0.7308083E-03  0.0000000E+00
         1   290      9 -0.7382671E-03 -0.1402204E-03  0.0000000E+00  0.0000000E+00 -0.8230379E-03  0.0000000E+00
         1   290     10  0.3518993E-02 -0.4377560E-03  0.0000000E+00  0.0000000E+00  0.3721019E-01  0.1000000E-02

         1   291      0  0.0000000E+00  0.0000000E+00  0.0000000E+00  0.0000000E+00  0.0000000E+00  0.0000000E+00
         1   291      1  0.0000000E+00  0.0000000E+00  0.0000000E+00  0.0000000E+00  0.0000000E+00  0.0000000E+00
         1   291      2 -0.1684954E-03 -0.3118355E-04  0.0000000E+00  0.0000000E+00 -0.1815324E-03  0.0000000E+00
         1   291      3 -0.2527911E-03 -0.4677056E-04  0.0000000E+00  0.0000000E+00 -0.2725908E-03  0.0000000E+00
         1   291      4 -0.3371201E-03 -0.6235427E-04  0.0000000E+00  0.0000000E+00 -0.3638441E-03  0.0000000E+00
         1   291      5 -0.4214834E-03 -0.7793460E-04  0.0000000E+00  0.0000000E+00 -0.4552924E-03  0.0000000E+00
         1   291      6 -0.5058821E-03 -0.9351147E-04  0.0000000E+00  0.0000000E+00 -0.5469360E-03  0.0000000E+00
         1   291      7 -0.5903171E-03 -0.1090848E-03  0.0000000E+00  0.0000000E+00 -0.6387748E-03  0.0000000E+00
         1   291      8 -0.6747895E-03 -0.1246544E-03  0.0000000E+00  0.0000000E+00 -0.7308090E-03  0.0000000E+00
         1   291      9 -0.7593002E-03 -0.1402204E-03  0.0000000E+00  0.0000000E+00 -0.8230387E-03  0.0000000E+00
         1   291     10  0.3453366E-02 -0.4377560E-03  0.0000000E+00  0.0000000E+00  0.3723984E-01  0.1000000E-02

         1   292      0  0.0000000E+00  0.0000000E+00  0.0000000E+00  0.0000000E+00  0.0000000E+00  0.0000000E+00
         1   292      1  0.0000000E+00  0.0000000E+00  0.0000000E+00  0.0000000E+00  0.0000000E+00  0.0000000E+00
         1   292      2 -0.1762913E-03 -0.3118355E-04  0.0000000E+00  0.0000000E+00 -0.1815325E-03  0.0000000E+00
         1   292      3 -0.2644837E-03 -0.4677056E-04  0.0000000E+00  0.0000000E+00 -0.2725909E-03  0.0000000E+00
         1   292      4 -0.3527087E-03 -0.6235427E-04  0.0000000E+00  0.0000000E+00 -0.3638444E-03  0.0000000E+00
         1   292      5 -0.4409671E-03 -0.7793460E-04  0.0000000E+00  0.0000000E+00 -0.4552929E-03  0.0000000E+00
         1   292      6 -0.5292600E-03 -0.9351147E-04  0.0000000E+00  0.0000000E+00 -0.5469366E-03  0.0000000E+00
         1   292      7 -0.6175883E-03 -0.1090848E-03  0.0000000E+00  0.0000000E+00 -0.6387756E-03  0.0000000E+00
         1   292      8 -0.7059531E-03 -0.1246544E-03  0.0000000E+00  0.0000000E+00 -0.7308101E-03  0.0000000E+00
         1   292      9 -0.7943553E-03 -0.1402204E-03  0.0000000E+00  0.0000000E+00 -0.8230401E-03  0.0000000E+00
         1   292     10  0.3343988E-02 -0.4377560E-03  0.0000000E+00  0.0000000E+00  0.3728925E-01  0.1000000E-02

         1   293      0  0.0000000E+00  0.0000000E+00  0.0000000E+00  0.0000000E+00  0.0000000E+00  0.0000000E+00
         1   293      1  0.0000000E+00  0.0000000E+00  0.0000000E+00  0.0000000E+00  0.0000000E+00  0.0000000E+00
         1   293      2 -0.3194738E-03 -0.2980895E-04  0.0000000E+00  0.0000000E+00 -0.1530782E-03  0.0000000E+00
         1   293      3 -0.4792334E-03 -0.4470856E-04  0.0000000E+00  0.0000000E+00 -0.2299066E-03  0.0000000E+00
         1   293      4 -0.6390090E-03 -0.5960480E-04  0.0000000E+00  0.0000000E+00 -0.3069278E-03  0.0000000E+00
         1   293      5 -0.7988010E-03 -0.7449757E-04  0.0000000E+00  0.0000000E+00 -0.3841419E-03  0.0000000E+00
         1   293      6 -0.9586101E-03 -0.8938680E-04  0.0000000E+00  0.0000000E+00 -0.4615490E-03  0.0000000E+00
         1   293      7 -0.1118437E-02 -0.1042724E-03  0.0000000E+00  0.0000000E+00 -0.5391490E-03  0.0000000E+00
         1   293      8 -0.1278282E-02 -0.1191542E-03  0.0000000E+00  0.0000000E+00 -0.6169420E-03  0.0000000E+00
         1   293      9 -0.1438145E-02 -0.1340323E-03  0.0000000E+00  0.0000000E+00 -0.6949279E-03  0.0000000E+00
         1   293     10  0.1527076E-02 -0.3365258E-03  0.0000000E+00  0.0000000E+00  0.3794104E-01  0.1000000E-02

         1   294      0  0.0000000E+00  0.0000000E+00  0.0000000E+00  0.0000000E+00  0.0000000E+00  0.0000000E+00
         1   294      1  0.0000000E+00  0.0000000E+00  0.0000000E+00  0.0000000E+00  0.0000000E+00  0.0000000E+00
         1   294      2 -0.3269260E-03 -0.2980895E-04  0.0000000E+00  0.0000000E+00 -0.1530783E-03  0.0000000E+00
         1   294      3 -0.4904106E-03 -0.4470856E-04  0.0000000E+00  0.0000000E+00 -0.2299067E-03  0.0000000E+00
         1   294      4 -0.6539102E-03 -0.5960480E-04  0.0000000E+00  0.0000000E+00 -0.3069280E-03  0.0000000E+00
         1   294      5 -0.8174254E-03 -0.7449757E-04  0.0000000E+00  0.0000000E+00 -0.3841423E-03  0.0000000E+00
         1   294      6 -0.9809568E-03 -0.8938680E-04  0.0000000E+00  0.0000000E+00 -0.4615495E-03  0.0000000E+00
         1   294      7 -0.1144505E-02 -0.1042724E-03  0.0000000E+00  0.0000000E+00 -0.5391497E-03  0.0000000E+00
         1   294      8 -0.1308070E-02 -0.1191542E-03  0.0000000E+00  0.0000000E+00 -0.6169429E-03  0.0000000E+00
         1   294      9 -0.1471653E-02 -0.1340323E-03  0.0000000E+00  0.0000000E+00 -0.6949292E-03  0.0000000E+00
         1   294     10  0.1442991E-02 -0.3365258E-03  0.0000000E+00  0.0000000E+00  0.3799046E-01  0.1000000E-02

         1   295      0  0.0000000E+00  0.0000000E+00  0.0000000E+00  0.0000000E+00  0.0000000E+00  0.0000000E+00
         1   295      1  0.0000000E+00  0.0000000E+00  0.0000000E+00  0.0000000E+00  0.0000000E+00  0.0000000E+00
         1   295      2 -0.3313974E-03 -0.2980895E-04  0.0000000E+00  0.0000000E+00 -0.1530783E-03  0.0000000E+00
         1   295      3 -0.4971169E-03 -0.4470856E-04  0.0000000E+00  0.0000000E+00 -0.2299068E-03  0.0000000E+00
         1   295      4 -0.6628509E-03 -0.5960480E-04  0.0000000E+00  0.0000000E+00 -0.3069282E-03  0.0000000E+00
         1   295      5 -0.8286001E-03 -0.7449757E-04  0.0000000E+00  0.0000000E+00 -0.3841425E-03  0.0000000E+00
         1   295      6 -0.9943648E-03 -0.8938680E-04  0.0000000E+00  0.0000000E+00 -0.4615499E-03  0.0000000E+00
         1   295      7 -0.1160146E-02 -0.1042724E-03  0.0000000E+00  0.0000000E+00 -0.5391502E-03  0.0000000E+00
         1   295      8 -0.1325943E-02 -0.1191542E-03  0.0000000E+00  0.0000000E+00 -0.6169435E-03  0.0000000E+00
         1   295      9 -0.1491758E-02 -0.1340323E-03  0.0000000E+00  0.0000000E+00 -0.6949299E-03  0.0000000E+00
         1   295     10  0.1392540E-02 -0.3365258E-03  0.0000000E+00  0.0000000E+00  0.3802011E-01  0.1000000E-02

         1   296      0  0.0000000E+00  0.0000000E+00  0.0000000E+00  0.0000000E+00  0.0000000E+00  0.0000000E+00
         1   296      1  0.0000000E+00  0.0000000E+00  0.0000000E+00  0.0000000E+00  0.0000000E+00  0.0000000E+00
         1   296      2 -0.3388496E-03 -0.2980895E-04  0.0000000E+00  0.0000000E+00 -0.1530784E-03  0.0000000E+00
         1   296      3 -0.5082940E-03 -0.4470856E-04  0.0000000E+00  0.0000000E+00 -0.2299069E-03  0.0000000E+00
         1   296      4 -0.6777521E-03 -0.5960480E-04  0.0000000E+00  0.0000000E+00 -0.3069284E-03  0.0000000E+00
         1   296      5 -0.8472245E-03 -0.7449757E-04  0.0000000E+00  0.0000000E+00 -0.3841429E-03  0.0000000E+00
         1   296      6 -0.1016712E-02 -0.8938680E-04  0.0000000E+00  0.0000000E+00 -0.4615504E-03  0.0000000E+00
         1   296      7 -0.1186214E-02 -0.1042724E-03  0.0000000E+00  0.0000000E+00 -0.5391509E-03  0.0000000E+00
         1   296      8 -0.1355732E-02 -0.1191542E-03  0.0000000E+00  0.0000000E+00 -0.6169445E-03  0.0000000E+00
         1   296      9 -0.1525266E-02 -0.1340323E-03  0.0000000E+00  0.0000000E+00 -0.6949312E-03  0.0000000E+00
         1   296     10  0.1308455E-02 -0.3365258E-03  0.0000000E+00  0.0000000E+00  0.3806953E-01  0.1000000E-02

         1   297      0  0.0000000E+00  0.0000000E+00  0.0000000E+00  0.0000000E+00  0.0000000E+00  0.0000000E+00
         1   297      1  0.0000000E+00  0.0000000E+00  0.0000000E+00  0.0000000E+00  0.0000000E+00  0.0000000E+00
         1   297      2 -0.3601141E-03 -0.5551046E-04  0.0000000E+00  0.0000000E+00 -0.1530770E-03  0.0000000E+00
         1   297      3 -0.5401887E-03 -0.8326219E-04  0.0000000E+00  0.0000000E+00 -0.2299039E-03  0.0000000E+00
         1   297      4 -0.7202756E-03 -0.1110115E-03  0.0000000E+00  0.0000000E+00 -0.3069231E-03  0.0000000E+00
         1   297      5 -0.9003752E-03 -0.1387583E-03  0.0000000E+00  0.0000000E+00 -0.3841346E-03  0.0000000E+00
         1   297      6 -0.1080488E-02 -0.1665027E-03  0.0000000E+00  0.0000000E+00 -0.4615384E-03  0.0000000E+00
         1   297      7 -0.1260614E-02 -0.1942444E-03  0.0000000E+00  0.0000000E+00 -0.5391346E-03  0.0000000E+00
         1   297      8 -0.1440755E-02 -0.2219835E-03  0.0000000E+00  0.0000000E+00 -0.6169231E-03  0.0000000E+00
         1   297      9 -0.1620910E-02 -0.2497199E-03  0.0000000E+00  0.0000000E+00 -0.6949041E-03  0.0000000E+00
         1   297     10  0.1163434E-02 -0.2456644E-03  0.0000000E+00  0.0000000E+00  0.3816839E-01  0.1000000E-02

         1   298      0  0.0000000E+00  0.0000000E+00  0.0000000E+00  0.0000000E+00  0.0000000E+00  0.0000000E+00
         1   298      1  0.0000000E+00  0.0000000E+00  0.0000000E+00  0.0000000E+00  0.0000000E+00  0.0000000E+00
         1   298      2 -0.3947019E-03 -0.8326571E-04  0.0000000E+00  0.0000000E+00 -0.1530758E-03  0.0000000E+00
         1   298      3 -0.5920690E-03 -0.1248963E-03  0.0000000E+00  0.0000000E+00 -0.2299012E-03  0.0000000E+00
         1   298      4 -0.7894473E-03 -0.1665253E-03  0.0000000E+00  0.0000000E+00 -0.3069183E-03  0.0000000E+00
         1   298      5 -0.9868373E-03 -0.2081528E-03  0.0000000E+00  0.0000000E+00 -0.3841271E-03  0.0000000E+00
         1   298      6 -0.1184240E-02 -0.2497787E-03  0.0000000E+00  0.0000000E+00 -0.4615277E-03  0.0000000E+00
         1   298      7 -0.1381654E-02 -0.2914029E-03  0.0000000E+00  0.0000000E+00 -0.5391200E-03  0.0000000E+00
         1   298      8 -0.1579082E-02 -0.3330255E-03  0.0000000E+00  0.0000000E+00 -0.6169041E-03  0.0000000E+00
         1   298      9 -0.1776524E-02 -0.3746465E-03  0.0000000E+00  0.0000000E+00 -0.6948800E-03  0.0000000E+00
         1   298     10  0.1061416E-02 -0.1638837E-03  0.0000000E+00  0.0000000E+00  0.3826725E-01  0.1000000E-02

         1   299      0  0.0000000E+00  0.0000000E+00  0.0000000E+00  0.0000000E+00  0.0000000E+00  0.0000000E+00
         1   299      1  0.0000000E+00  0.0000000E+00  0.0000000E+00  0.0000000E+00  0.0000000E+00  0.0000000E+00
         1   299      2 -0.4155184E-03 -0.8326571E-04  0.0000000E+00  0.0000000E+00 -0.1530763E-03  0.0000000E+00
         1   299      3 -0.6232930E-03 -0.1248963E-03  0.0000000E+00  0.0000000E+00 -0.2299023E-03  0.0000000E+00
         1   299      4 -0.8310786E-03 -0.1665253E-03  0.0000000E+00  0.0000000E+00 -0.3069202E-03  0.0000000E+00
         1   299      5 -0.1038876E-02 -0.2081528E-03  0.0000000E+00  0.0000000E+00 -0.3841301E-03  0.0000000E+00
         1   299      6 -0.1246684E-02 -0.2497787E-03  0.0000000E+00  0.0000000E+00 -0.4615320E-03  0.0000000E+00
         1   299      7 -0.1454505E-02 -0.2914029E-03  0.0000000E+00  0.0000000E+00 -0.5391259E-03  0.0000000E+00
         1   299      8 -0.1662339E-02 -0.3330255E-03  0.0000000E+00  0.0000000E+00 -0.6169118E-03  0.0000000E+00
         1   299      9 -0.1870185E-02 -0.3746465E-03  0.0000000E+00  0.0000000E+00 -0.6948897E-03  0.0000000E+00
         1   299     10  0.1020468E-02 -0.1638837E-03  0.0000000E+00  0.0000000E+00  0.3831667E-01  0.1000000E-02

         1   300      0  0.0000000E+00  0.0000000E+00  0.0000000E+00  0.0000000E+00  0.0000000E+00  0.0000000E+00
         1   300      1  0.0000000E+00  0.0000000E+00  0.0000000E+00  0.0000000E+00  0.0000000E+00  0.0000000E+00
         1   300      2 -0.4280082E-03 -0.8326571E-04  0.0000000E+00  0.0000000E+00 -0.1530766E-03  0.0000000E+00
         1   300      3 -0.6420275E-03 -0.1248963E-03  0.0000000E+00  0.0000000E+00 -0.2299030E-03  0.0000000E+00
         1   300      4 -0.8560574E-03 -0.1665253E-03  0.0000000E+00  0.0000000E+00 -0.3069214E-03  0.0000000E+00
         1   300      5 -0.1070098E-02 -0.2081528E-03  0.0000000E+00  0.0000000E+00 -0.3841319E-03  0.0000000E+00
         1   300      6 -0.1284151E-02 -0.2497787E-03  0.0000000E+00  0.0000000E+00 -0.4615346E-03  0.0000000E+00
         1   300      7 -0.1498216E-02 -0.2914029E-03  0.0000000E+00  0.0000000E+00 -0.5391294E-03  0.0000000E+00
         1   300      8 -0.1712293E-02 -0.3330255E-03  0.0000000E+00  0.0000000E+00 -0.6169164E-03  0.0000000E+00
         1   300      9 -0.1926382E-02 -0.3746465E-03  0.0000000E+00  0.0000000E+00 -0.6948955E-03  0.0000000E+00
         1   300     10  0.9958994E-03 -0.1638837E-03  0.0000000E+00  0.0000000E+00  0.3834632E-01  0.1000000E-02

         1   301      0  0.0000000E+00  0.0000000E+00  0.0000000E+00  0.0000000E+00  0.0000000E+00  0.0000000E+00
         1   301      1  0.0000000E+00  0.0000000E+00  0.0000000E+00  0.0000000E+00  0.0000000E+00  0.0000000E+00
         1   301      2 -0.4488247E-03 -0.8326571E-04  0.0000000E+00  0.0000000E+00 -0.1530771E-03  0.0000000E+00
         1   301      3 -0.6732516E-03 -0.1248963E-03  0.0000000E+00  0.0000000E+00 -0.2299040E-03  0.0000000E+00
         1   301      4 -0.8976888E-03 -0.1665253E-03  0.0000000E+00  0.0000000E+00 -0.3069233E-03  0.0000000E+00
         1   301      5 -0.1122137E-02 -0.2081528E-03  0.0000000E+00  0.0000000E+00 -0.3841349E-03  0.0000000E+00
         1   301      6 -0.1346596E-02 -0.2497787E-03  0.0000000E+00  0.0000000E+00 -0.4615389E-03  0.0000000E+00
         1   301      7 -0.1571066E-02 -0.2914029E-03  0.0000000E+00  0.0000000E+00 -0.5391353E-03  0.0000000E+00
         1   301      8 -0.1795549E-02 -0.3330255E-03  0.0000000E+00  0.0000000E+00 -0.6169241E-03  0.0000000E+00
         1   301      9 -0.2020044E-02 -0.3746465E-03  0.0000000E+00  0.0000000E+00 -0.6949053E-03  0.0000000E+00
         1   301     10  0.9549512E-03 -0.1638837E-03  0.0000000E+00  0.0000000E+00  0.3839575E-01  0.1000000E-02

         1   302      0  0.0000000E+00  0.0000000E+00  0.0000000E+00  0.0000000E+00  0.0000000E+00  0.0000000E+00
         1   302      1  0.0000000E+00  0.0000000E+00  0.0000000E+00  0.0000000E+00  0.0000000E+00  0.0000000E+00
         1   302      2 -0.8314244E-03 -0.7971654E-04  0.0000000E+00  0.0000000E+00 -0.7960379E-04  0.0000000E+00
         1   302      3 -0.1247132E-02 -0.1195731E-03  0.0000000E+00  0.0000000E+00 -0.1197008E-03  0.0000000E+00
         1   302      4 -0.1662837E-02 -0.1594286E-03  0.0000000E+00  0.0000000E+00 -0.1599945E-03  0.0000000E+00
         1   302      5 -0.2078540E-02 -0.1992829E-03  0.0000000E+00  0.0000000E+00 -0.2004848E-03  0.0000000E+00
         1   302      6 -0.2494241E-02 -0.2391360E-03  0.0000000E+00  0.0000000E+00 -0.2411719E-03  0.0000000E+00
         1   302      7 -0.2909940E-02 -0.2789879E-03  0.0000000E+00  0.0000000E+00 -0.2820555E-03  0.0000000E+00
         1   302      8 -0.3325638E-02 -0.3188386E-03  0.0000000E+00  0.0000000E+00 -0.3231358E-03  0.0000000E+00
         1   302      9 -0.3741335E-02 -0.3586880E-03  0.0000000E+00  0.0000000E+00 -0.3644127E-03  0.0000000E+00
         1   302     10  0.4460126E-03 -0.5302204E-04  0.0000000E+00  0.0000000E+00  0.3924673E-01  0.1000000E-02

         1   303      0  0.0000000E+00  0.0000000E+00  0.0000000E+00  0.0000000E+00  0.0000000E+00  0.0000000E+00
         1   303      1  0.0000000E+00  0.0000000E+00  0.0000000E+00  0.0000000E+00  0.0000000E+00  0.0000000E+00
         1   303      2 -0.8513535E-03 -0.7971654E-04  0.0000000E+00  0.0000000E+00 -0.7960423E-04  0.0000000E+00
         1   303      3 -0.1277025E-02 -0.1195731E-03  0.0000000E+00  0.0000000E+00 -0.1197018E-03  0.0000000E+00
         1   303      4 -0.1702694E-02 -0.1594286E-03  0.0000000E+00  0.0000000E+00 -0.1599962E-03  0.0000000E+00
         1   303      5 -0.2128361E-02 -0.1992829E-03  0.0000000E+00  0.0000000E+00 -0.2004876E-03  0.0000000E+00
         1   303      6 -0.2554025E-02 -0.2391360E-03  0.0000000E+00  0.0000000E+00 -0.2411758E-03  0.0000000E+00
         1   303      7 -0.2979687E-02 -0.2789879E-03  0.0000000E+00  0.0000000E+00 -0.2820609E-03  0.0000000E+00
         1   303      8 -0.3405348E-02 -0.3188386E-03  0.0000000E+00  0.0000000E+00 -0.3231429E-03  0.0000000E+00
         1   303      9 -0.3831007E-02 -0.3586880E-03  0.0000000E+00  0.0000000E+00 -0.3644216E-03  0.0000000E+00
         1   303     10  0.4327645E-03 -0.5302204E-04  0.0000000E+00  0.0000000E+00  0.3929616E-01  0.1000000E-02

         1   304      0  0.0000000E+00  0.0000000E+00  0.0000000E+00  0.0000000E+00  0.0000000E+00  0.0000000E+00
         1   304      1  0.0000000E+00  0.0000000E+00  0.0000000E+00  0.0000000E+00  0.0000000E+00  0.0000000E+00
         1   304      2 -0.8633110E-03 -0.7971654E-04  0.0000000E+00  0.0000000E+00 -0.7960449E-04  0.0000000E+00
         1   304      3 -0.1294961E-02 -0.1195731E-03  0.0000000E+00  0.0000000E+00 -0.1197024E-03  0.0000000E+00
         1   304      4 -0.1726609E-02 -0.1594286E-03  0.0000000E+00  0.0000000E+00 -0.1599973E-03  0.0000000E+00
         1   304      5 -0.2158253E-02 -0.1992829E-03  0.0000000E+00  0.0000000E+00 -0.2004892E-03  0.0000000E+00
         1   304      6 -0.2589895E-02 -0.2391360E-03  0.0000000E+00  0.0000000E+00 -0.2411782E-03  0.0000000E+00
         1   304      7 -0.3021535E-02 -0.2789879E-03  0.0000000E+00  0.0000000E+00 -0.2820642E-03  0.0000000E+00
         1   304      8 -0.3453174E-02 -0.3188386E-03  0.0000000E+00  0.0000000E+00 -0.3231471E-03  0.0000000E+00
         1   304      9 -0.3884810E-02 -0.3586880E-03  0.0000000E+00  0.0000000E+00 -0.3644270E-03  0.0000000E+00
         1   304     10  0.4248156E-03 -0.5302204E-04  0.0000000E+00  0.0000000E+00  0.3932581E-01  0.1000000E-02

         1   305      0  0.0000000E+00  0.0000000E+00  0.0000000E+00  0.0000000E+00  0.0000000E+00  0.0000000E+00
         1   305      1  0.0000000E+00  0.0000000E+00  0.0000000E+00  0.0000000E+00  0.0000000E+00  0.0000000E+00
         1   305      2 -0.8832402E-03 -0.7971654E-04  0.0000000E+00  0.0000000E+00 -0.7960493E-04  0.0000000E+00
         1   305      3 -0.1324855E-02 -0.1195731E-03  0.0000000E+00  0.0000000E+00 -0.1197034E-03  0.0000000E+00
         1   305      4 -0.1766466E-02 -0.1594286E-03  0.0000000E+00  0.0000000E+00 -0.1599990E-03  0.0000000E+00
         1   305      5 -0.2208074E-02 -0.1992829E-03  0.0000000E+00  0.0000000E+00 -0.2004920E-03  0.0000000E+00
         1   305      6 -0.2649679E-02 -0.2391360E-03  0.0000000E+00  0.0000000E+00 -0.2411822E-03  0.0000000E+00
         1   305      7 -0.3091282E-02 -0.2789879E-03  0.0000000E+00  0.0000000E+00 -0.2820696E-03  0.0000000E+00
         1   305      8 -0.3532883E-02 -0.3188386E-03  0.0000000E+00  0.0000000E+00 -0.3231542E-03  0.0000000E+00
         1   305      9 -0.3974482E-02 -0.3586880E-03  0.0000000E+00  0.0000000E+00 -0.3644359E-03  0.0000000E+00
         1   305     10  0.4115674E-03 -0.5302204E-04  0.0000000E+00  0.0000000E+00  0.3937524E-01  0.1000000E-02

         1   306      0  0.0000000E+00  0.0000000E+00  0.0000000E+00  0.0000000E+00  0.0000000E+00  0.0000000E+00
         1   306      1  0.0000000E+00  0.0000000E+00  0.0000000E+00  0.0000000E+00  0.0000000E+00  0.0000000E+00
         1   306      2 -0.9050240E-03 -0.7124970E-05  0.0000000E+00  0.0000000E+00 -0.7961686E-04  0.0000000E+00
         1   306      3 -0.1357530E-02 -0.1068627E-04  0.0000000E+00  0.0000000E+00 -0.1197302E-03  0.0000000E+00
         1   306      4 -0.1810032E-02 -0.1424672E-04  0.0000000E+00  0.0000000E+00 -0.1600468E-03  0.0000000E+00
         1   306      5 -0.2262530E-02 -0.1780625E-04  0.0000000E+00  0.0000000E+00 -0.2005666E-03  0.0000000E+00
         1   306      6 -0.2715025E-02 -0.2136483E-04  0.0000000E+00  0.0000000E+00 -0.2412895E-03  0.0000000E+00
         1   306      7 -0.3167517E-02 -0.2492239E-04  0.0000000E+00  0.0000000E+00 -0.2822157E-03  0.0000000E+00
         1   306      8 -0.3620007E-02 -0.2847890E-04  0.0000000E+00  0.0000000E+00 -0.3233450E-03  0.0000000E+00
         1   306      9 -0.4072494E-02 -0.3203429E-04  0.0000000E+00  0.0000000E+00 -0.3646775E-03  0.0000000E+00
         1   306     10  0.3769595E-03 -0.8501946E-04  0.0000000E+00  0.0000000E+00  0.3947408E-01  0.1000000E-02

         1   307      0  0.0000000E+00  0.0000000E+00  0.0000000E+00  0.0000000E+00  0.0000000E+00  0.0000000E+00
         1   307      1  0.0000000E+00  0.0000000E+00  0.0000000E+00  0.0000000E+00  0.0000000E+00  0.0000000E+00
         1   307      2 -0.8903172E-03  0.6575388E-04  0.0000000E+00  0.0000000E+00 -0.7962874E-04  0.0000000E+00
         1   307      3 -0.1335469E-02  0.9863147E-04  0.0000000E+00  0.0000000E+00 -0.1197569E-03  0.0000000E+00
         1   307      4 -0.1780617E-02  0.1315096E-03  0.0000000E+00  0.0000000E+00 -0.1600943E-03  0.0000000E+00
         1   307      5 -0.2225760E-02  0.1643884E-03  0.0000000E+00  0.0000000E+00 -0.2006408E-03  0.0000000E+00
         1   307      6 -0.2670900E-02  0.1972678E-03  0.0000000E+00  0.0000000E+00 -0.2413965E-03  0.0000000E+00
         1   307      7 -0.3116037E-02  0.2301480E-03  0.0000000E+00  0.0000000E+00 -0.2823612E-03  0.0000000E+00
         1   307      8 -0.3561170E-02  0.2630290E-03  0.0000000E+00  0.0000000E+00 -0.3235351E-03  0.0000000E+00
         1   307      9 -0.4006301E-02  0.2959110E-03  0.0000000E+00  0.0000000E+00 -0.3649180E-03  0.0000000E+00
         1   307     10  0.3271664E-03 -0.1135920E-03  0.0000000E+00  0.0000000E+00  0.3957293E-01  0.1000000E-02

         1   308      0  0.0000000E+00  0.0000000E+00  0.0000000E+00  0.0000000E+00  0.0000000E+00  0.0000000E+00
         1   308      1  0.0000000E+00  0.0000000E+00  0.0000000E+00  0.0000000E+00  0.0000000E+00  0.0000000E+00
         1   308      2 -0.8738787E-03  0.6575388E-04  0.0000000E+00  0.0000000E+00 -0.7962904E-04  0.0000000E+00
         1   308      3 -0.1310811E-02  0.9863147E-04  0.0000000E+00  0.0000000E+00 -0.1197576E-03  0.0000000E+00
         1   308      4 -0.1747739E-02  0.1315096E-03  0.0000000E+00  0.0000000E+00 -0.1600955E-03  0.0000000E+00
         1   308      5 -0.2184663E-02  0.1643884E-03  0.0000000E+00  0.0000000E+00 -0.2006427E-03  0.0000000E+00
         1   308      6 -0.2621583E-02  0.1972678E-03  0.0000000E+00  0.0000000E+00 -0.2413992E-03  0.0000000E+00
         1   308      7 -0.3058500E-02  0.2301480E-03  0.0000000E+00  0.0000000E+00 -0.2823649E-03  0.0000000E+00
         1   308      8 -0.3495413E-02  0.2630290E-03  0.0000000E+00  0.0000000E+00 -0.3235399E-03  0.0000000E+00
         1   308      9 -0.3932323E-02  0.2959110E-03  0.0000000E+00  0.0000000E+00 -0.3649241E-03  0.0000000E+00
         1   308     10  0.2987842E-03 -0.1135920E-03  0.0000000E+00  0.0000000E+00  0.3962235E-01  0.1000000E-02

         1   309      0  0.0000000E+00  0.0000000E+00  0.0000000E+00  0.0000000E+00  0.0000000E+00  0.0000000E+00
         1   309      1  0.0000000E+00  0.0000000E+00  0.0000000E+00  0.0000000E+00  0.0000000E+00  0.0000000E+00
         1   309      2 -0.8640156E-03  0.6575388E-04  0.0000000E+00  0.0000000E+00 -0.7962922E-04  0.0000000E+00
         1   309      3 -0.1296016E-02  0.9863147E-04  0.0000000E+00  0.0000000E+00 -0.1197580E-03  0.0000000E+00
         1   309      4 -0.1728013E-02  0.1315096E-03  0.0000000E+00  0.0000000E+00 -0.1600962E-03  0.0000000E+00
         1   309      5 -0.2160005E-02  0.1643884E-03  0.0000000E+00  0.0000000E+00 -0.2006438E-03  0.0000000E+00
         1   309      6 -0.2591993E-02  0.1972678E-03  0.0000000E+00  0.0000000E+00 -0.2414008E-03  0.0000000E+00
         1   309      7 -0.3023978E-02  0.2301480E-03  0.0000000E+00  0.0000000E+00 -0.2823671E-03  0.0000000E+00
         1   309      8 -0.3455959E-02  0.2630290E-03  0.0000000E+00  0.0000000E+00 -0.3235428E-03  0.0000000E+00
         1   309      9 -0.3887937E-02  0.2959110E-03  0.0000000E+00  0.0000000E+00 -0.3649278E-03  0.0000000E+00
         1   309     10  0.2817548E-03 -0.1135920E-03  0.0000000E+00  0.0000000E+00  0.3965201E-01  0.1000000E-02

         1   310      0  0.0000000E+00  0.0000000E+00  0.0000000E+00  0.0000000E+00  0.0000000E+00  0.0000000E+00
         1   310      1  0.0000000E+00  0.0000000E+00  0.0000000E+00  0.0000000E+00  0.0000000E+00  0.0000000E+00
         1   310      2 -0.8475772E-03  0.6575388E-04  0.0000000E+00  0.0000000E+00 -0.7962952E-04  0.0000000E+00
         1   310      3 -0.1271359E-02  0.9863147E-04  0.0000000E+00  0.0000000E+00 -0.1197587E-03  0.0000000E+00
         1   310      4 -0.1695135E-02  0.1315096E-03  0.0000000E+00  0.0000000E+00 -0.1600974E-03  0.0000000E+00
         1   310      5 -0.2118908E-02  0.1643884E-03  0.0000000E+00  0.0000000E+00 -0.2006457E-03  0.0000000E+00
         1   310      6 -0.2542676E-02  0.1972678E-03  0.0000000E+00  0.0000000E+00 -0.2414035E-03  0.0000000E+00
         1   310      7 -0.2966441E-02  0.2301480E-03  0.0000000E+00  0.0000000E+00 -0.2823708E-03  0.0000000E+00
         1   310      8 -0.3390202E-02  0.2630290E-03  0.0000000E+00  0.0000000E+00 -0.3235476E-03  0.0000000E+00
         1   310      9 -0.3813959E-02  0.2959110E-03  0.0000000E+00  0.0000000E+00 -0.3649338E-03  0.0000000E+00
         1   310     10  0.2533726E-03 -0.1135920E-03  0.0000000E+00  0.0000000E+00  0.3970143E-01  0.1000000E-02

         1   311      0  0.0000000E+00  0.0000000E+00  0.0000000E+00  0.0000000E+00  0.0000000E+00  0.0000000E+00
         1   311      1  0.0000000E+00  0.0000000E+00  0.0000000E+00  0.0000000E+00  0.0000000E+00  0.0000000E+00
         1   311      2 -0.5298993E-03  0.6957291E-04  0.0000000E+00  0.0000000E+00 -0.5730955E-06  0.0000000E+00
         1   311      3 -0.7948485E-03  0.1043596E-03  0.0000000E+00  0.0000000E+00 -0.1179817E-05  0.0000000E+00
         1   311      4 -0.1059797E-02  0.1391464E-03  0.0000000E+00  0.0000000E+00 -0.1999956E-05  0.0000000E+00
         1   311      5 -0.1324745E-02  0.1739336E-03  0.0000000E+00  0.0000000E+00 -0.3033490E-05  0.0000000E+00
         1   311      6 -0.1589693E-02  0.2087211E-03  0.0000000E+00  0.0000000E+00 -0.4280396E-05  0.0000000E+00
         1   311      7 -0.1854639E-02  0.2435092E-03  0.0000000E+00  0.0000000E+00 -0.5740649E-05  0.0000000E+00
         1   311      8 -0.2119585E-02  0.2782977E-03  0.0000000E+00  0.0000000E+00 -0.7414227E-05  0.0000000E+00
         1   311      9 -0.2384529E-02  0.3130868E-03  0.0000000E+00  0.0000000E+00 -0.9301107E-05  0.0000000E+00
         1   311     10 -0.1201246E-04  0.4834117E-06  0.0000000E+00  0.0000000E+00  0.4061893E-01  0.1000000E-02

         1   312      0  0.0000000E+00  0.0000000E+00  0.0000000E+00  0.0000000E+00  0.0000000E+00  0.0000000E+00
         1   312      1  0.0000000E+00  0.0000000E+00  0.0000000E+00  0.0000000E+00  0.0000000E+00  0.0000000E+00
         1   312      2 -0.5125060E-03  0.6957291E-04  0.0000000E+00  0.0000000E+00 -0.5734314E-06  0.0000000E+00
         1   312      3 -0.7687586E-03  0.1043596E-03  0.0000000E+00  0.0000000E+00 -0.1180573E-05  0.0000000E+00
         1   312      4 -0.1025011E-02  0.1391464E-03  0.0000000E+00  0.0000000E+00 -0.2001300E-05  0.0000000E+00
         1   312      5 -0.1281262E-02  0.1739336E-03  0.0000000E+00  0.0000000E+00 -0.3035590E-05  0.0000000E+00
         1   312      6 -0.1537513E-02  0.2087211E-03  0.0000000E+00  0.0000000E+00 -0.4283419E-05  0.0000000E+00
         1   312      7 -0.1793762E-02  0.2435092E-03  0.0000000E+00  0.0000000E+00 -0.5744764E-05  0.0000000E+00
         1   312      8 -0.2050010E-02  0.2782977E-03  0.0000000E+00  0.0000000E+00 -0.7419602E-05  0.0000000E+00
         1   312      9 -0.2306257E-02  0.3130868E-03  0.0000000E+00  0.0000000E+00 -0.9307910E-05  0.0000000E+00
         1   312     10 -0.1189167E-04  0.4834117E-06  0.0000000E+00  0.0000000E+00  0.4066835E-01  0.1000000E-02

         1   313      0  0.0000000E+00  0.0000000E+00  0.0000000E+00  0.0000000E+00  0.0000000E+00  0.0000000E+00
         1   313      1  0.0000000E+00  0.0000000E+00  0.0000000E+00  0.0000000E+00  0.0000000E+00  0.0000000E+00
         1   313      2 -0.5020701E-03  0.6957291E-04  0.0000000E+00  0.0000000E+00 -0.5736329E-06  0.0000000E+00
         1   313      3 -0.7531047E-03  0.1043596E-03  0.0000000E+00  0.0000000E+00 -0.1181026E-05  0.0000000E+00
         1   313      4 -0.1004139E-02  0.1391464E-03  0.0000000E+00  0.0000000E+00 -0.2002106E-05  0.0000000E+00
         1   313      5 -0.1255172E-02  0.1739336E-03  0.0000000E+00  0.0000000E+00 -0.3036850E-05  0.0000000E+00
         1   313      6 -0.1506204E-02  0.2087211E-03  0.0000000E+00  0.0000000E+00 -0.4285233E-05  0.0000000E+00
         1   313      7 -0.1757236E-02  0.2435092E-03  0.0000000E+00  0.0000000E+00 -0.5747233E-05  0.0000000E+00
         1   313      8 -0.2008266E-02  0.2782977E-03  0.0000000E+00  0.0000000E+00 -0.7422827E-05  0.0000000E+00
         1   313      9 -0.2259294E-02  0.3130868E-03  0.0000000E+00  0.0000000E+00 -0.9311991E-05  0.0000000E+00
         1   313     10 -0.1181920E-04  0.4834117E-06  0.0000000E+00  0.0000000E+00  0.4069801E-01  0.1000000E-02

         1   314      0  0.0000000E+00  0.0000000E+00  0.0000000E+00  0.0000000E+00  0.0000000E+00  0.0000000E+00
         1   314      1  0.0000000E+00  0.0000000E+00  0.0000000E+00  0.0000000E+00  0.0000000E+00  0.0000000E+00
         1   314      2 -0.4846769E-03  0.6957291E-04  0.0000000E+00  0.0000000E+00 -0.5739688E-06  0.0000000E+00
         1   314      3 -0.7270148E-03  0.1043596E-03  0.0000000E+00  0.0000000E+00 -0.1181782E-05  0.0000000E+00
         1   314      4 -0.9693521E-03  0.1391464E-03  0.0000000E+00  0.0000000E+00 -0.2003450E-05  0.0000000E+00
         1   314      5 -0.1211689E-02  0.1739336E-03  0.0000000E+00  0.0000000E+00 -0.3038949E-05  0.0000000E+00
         1   314      6 -0.1454024E-02  0.2087211E-03  0.0000000E+00  0.0000000E+00 -0.4288256E-05  0.0000000E+00
         1   314      7 -0.1696358E-02  0.2435092E-03  0.0000000E+00  0.0000000E+00 -0.5751348E-05  0.0000000E+00
         1   314      8 -0.1938691E-02  0.2782977E-03  0.0000000E+00  0.0000000E+00 -0.7428202E-05  0.0000000E+00
         1   314      9 -0.2181023E-02  0.3130868E-03  0.0000000E+00  0.0000000E+00 -0.9318794E-05  0.0000000E+00
         1   314     10 -0.1169841E-04  0.4834117E-06  0.0000000E+00  0.0000000E+00  0.4074743E-01  0.1000000E-02

         1   315      0  0.0000000E+00  0.0000000E+00  0.0000000E+00  0.0000000E+00  0.0000000E+00  0.0000000E+00
         1   315      1  0.0000000E+00  0.0000000E+00  0.0000000E+00  0.0000000E+00  0.0000000E+00  0.0000000E+00
         1   315      2 -0.4586420E-03  0.3488625E-04  0.0000000E+00  0.0000000E+00 -0.5714519E-06  0.0000000E+00
         1   315      3 -0.6879625E-03  0.5232961E-04  0.0000000E+00  0.0000000E+00 -0.1176119E-05  0.0000000E+00
         1   315      4 -0.9172821E-03  0.6977324E-04  0.0000000E+00  0.0000000E+00 -0.1993382E-05  0.0000000E+00
         1   315      5 -0.1146601E-02  0.8721724E-04  0.0000000E+00  0.0000000E+00 -0.3023218E-05  0.0000000E+00
         1   315      6 -0.1375918E-02  0.1046617E-03  0.0000000E+00  0.0000000E+00 -0.4265604E-05  0.0000000E+00
         1   315      7 -0.1605234E-02  0.1221067E-03  0.0000000E+00  0.0000000E+00 -0.5720516E-05  0.0000000E+00
         1   315      8 -0.1834549E-02  0.1395524E-03  0.0000000E+00  0.0000000E+00 -0.7387932E-05  0.0000000E+00
         1   315      9 -0.2063861E-02  0.1569988E-03  0.0000000E+00  0.0000000E+00 -0.9267827E-05  0.0000000E+00
         1   315     10 -0.1167156E-04 -0.3756191E-06  0.0000000E+00  0.0000000E+00  0.4084628E-01  0.1000000E-02

         1   316      0  0.0000000E+00  0.0000000E+00  0.0000000E+00  0.0000000E+00  0.0000000E+00  0.0000000E+00
         1   316      1  0.0000000E+00  0.0000000E+00  0.0000000E+00  0.0000000E+00  0.0000000E+00  0.0000000E+00
         1   316      2 -0.4508351E-03 -0.3548281E-05  0.0000000E+00  0.0000000E+00 -0.5683992E-06  0.0000000E+00
         1   316      3 -0.6762519E-03 -0.5322132E-05  0.0000000E+00  0.0000000E+00 -0.1169250E-05  0.0000000E+00
         1   316      4 -0.9016679E-03 -0.7095636E-05  0.0000000E+00  0.0000000E+00 -0.1981171E-05  0.0000000E+00
         1   316      5 -0.1127083E-02 -0.8868680E-05  0.0000000E+00  0.0000000E+00 -0.3004139E-05  0.0000000E+00
         1   316      6 -0.1352496E-02 -0.1064115E-04  0.0000000E+00  0.0000000E+00 -0.4238130E-05  0.0000000E+00
         1   316      7 -0.1577907E-02 -0.1241293E-04  0.0000000E+00  0.0000000E+00 -0.5683121E-05  0.0000000E+00
         1   316      8 -0.1803317E-02 -0.1418390E-04  0.0000000E+00  0.0000000E+00 -0.7339090E-05  0.0000000E+00
         1   316      9 -0.2028724E-02 -0.1595396E-04  0.0000000E+00  0.0000000E+00 -0.9206012E-05  0.0000000E+00
         1   316     10 -0.1210874E-04 -0.1380221E-05  0.0000000E+00  0.0000000E+00  0.4094513E-01  0.1000000E-02

         1   317      0  0.0000000E+00  0.0000000E+00  0.0000000E+00  0.0000000E+00  0.0000000E+00  0.0000000E+00
         1   317      1  0.0000000E+00  0.0000000E+00  0.0000000E+00  0.0000000E+00  0.0000000E+00  0.0000000E+00
         1   317      2 -0.4517222E-03 -0.3548281E-05  0.0000000E+00  0.0000000E+00 -0.5684000E-06  0.0000000E+00
         1   317      3 -0.6775825E-03 -0.5322132E-05  0.0000000E+00  0.0000000E+00 -0.1169252E-05  0.0000000E+00
         1   317      4 -0.9034418E-03 -0.7095636E-05  0.0000000E+00  0.0000000E+00 -0.1981175E-05  0.0000000E+00
         1   317      5 -0.1129300E-02 -0.8868680E-05  0.0000000E+00  0.0000000E+00 -0.3004145E-05  0.0000000E+00
         1   317      6 -0.1355156E-02 -0.1064115E-04  0.0000000E+00  0.0000000E+00 -0.4238138E-05  0.0000000E+00
         1   317      7 -0.1581011E-02 -0.1241293E-04  0.0000000E+00  0.0000000E+00 -0.5683132E-05  0.0000000E+00
         1   317      8 -0.1806863E-02 -0.1418390E-04  0.0000000E+00  0.0000000E+00 -0.7339104E-05  0.0000000E+00
         1   317      9 -0.2032713E-02 -0.1595396E-04  0.0000000E+00  0.0000000E+00 -0.9206030E-05  0.0000000E+00
         1   317     10 -0.1245360E-04 -0.1380221E-05  0.0000000E+00  0.0000000E+00  0.4099456E-01  0.1000000E-02

         1   318      0  0.0000000E+00  0.0000000E+00  0.0000000E+00  0.0000000E+00  0.0000000E+00  0.0000000E+00
         1   318      1  0.0000000E+00  0.0000000E+00  0.0000000E+00  0.0000000E+00  0.0000000E+00  0.0000000E+00
         1   318      2 -0.4522544E-03 -0.3548281E-05  0.0000000E+00  0.0000000E+00 -0.5684006E-06  0.0000000E+00
         1   318      3 -0.6783808E-03 -0.5322132E-05  0.0000000E+00  0.0000000E+00 -0.1169253E-05  0.0000000E+00
         1   318      4 -0.9045061E-03 -0.7095636E-05  0.0000000E+00  0.0000000E+00 -0.1981177E-05  0.0000000E+00
         1   318      5 -0.1130630E-02 -0.8868680E-05  0.0000000E+00  0.0000000E+00 -0.3004148E-05  0.0000000E+00
         1   318      6 -0.1356752E-02 -0.1064115E-04  0.0000000E+00  0.0000000E+00 -0.4238143E-05  0.0000000E+00
         1   318      7 -0.1582873E-02 -0.1241293E-04  0.0000000E+00  0.0000000E+00 -0.5683139E-05  0.0000000E+00
         1   318      8 -0.1808990E-02 -0.1418390E-04  0.0000000E+00  0.0000000E+00 -0.7339112E-05  0.0000000E+00
         1   318      9 -0.2035106E-02 -0.1595396E-04  0.0000000E+00  0.0000000E+00 -0.9206041E-05  0.0000000E+00
         1   318     10 -0.1266052E-04 -0.1380221E-05  0.0000000E+00  0.0000000E+00  0.4102421E-01  0.1000000E-02

         1   319      0  0.0000000E+00  0.0000000E+00  0.0000000E+00  0.0000000E+00  0.0000000E+00  0.0000000E+00
         1   319      1  0.0000000E+00  0.0000000E+00  0.0000000E+00  0.0000000E+00  0.0000000E+00  0.0000000E+00
         1   319      2 -0.4531415E-03 -0.3548281E-05  0.0000000E+00  0.0000000E+00 -0.5684014E-06  0.0000000E+00
         1   319      3 -0.6797113E-03 -0.5322132E-05  0.0000000E+00  0.0000000E+00 -0.1169255E-05  0.0000000E+00
         1   319      4 -0.9062800E-03 -0.7095636E-05  0.0000000E+00  0.0000000E+00 -0.1981180E-05  0.0000000E+00
         1   319      5 -0.1132847E-02 -0.8868680E-05  0.0000000E+00  0.0000000E+00 -0.3004153E-05  0.0000000E+00
         1   319      6 -0.1359413E-02 -0.1064115E-04  0.0000000E+00  0.0000000E+00 -0.4238151E-05  0.0000000E+00
         1   319      7 -0.1585976E-02 -0.1241293E-04  0.0000000E+00  0.0000000E+00 -0.5683149E-05  0.0000000E+00
         1   319      8 -0.1812536E-02 -0.1418390E-04  0.0000000E+00  0.0000000E+00 -0.7339126E-05  0.0000000E+00
         1   319      9 -0.2039094E-02 -0.1595396E-04  0.0000000E+00  0.0000000E+00 -0.9206058E-05  0.0000000E+00
         1   319     10 -0.1300538E-04 -0.1380221E-05  0.0000000E+00  0.0000000E+00  0.4107364E-01  0.1000000E-02

         1   320      0  0.0000000E+00  0.0000000E+00  0.0000000E+00  0.0000000E+00  0.0000000E+00  0.0000000E+00
         1   320      1  0.0000000E+00  0.0000000E+00  0.0000000E+00  0.0000000E+00  0.0000000E+00  0.0000000E+00
         1   320      2 -0.4697652E-03 -0.3548281E-05  0.0000000E+00  0.0000000E+00 -0.5684178E-06  0.0000000E+00
         1   320      3 -0.7046455E-03 -0.5322132E-05  0.0000000E+00  0.0000000E+00 -0.1169292E-05  0.0000000E+00
         1   320      4 -0.9395231E-03 -0.7095636E-05  0.0000000E+00  0.0000000E+00 -0.1981246E-05  0.0000000E+00
         1   320      5 -0.1174397E-02 -0.8868680E-05  0.0000000E+00  0.0000000E+00 -0.3004256E-05  0.0000000E+00
         1   320      6 -0.1409266E-02 -0.1064115E-04  0.0000000E+00  0.0000000E+00 -0.4238298E-05  0.0000000E+00
         1   320      7 -0.1644130E-02 -0.1241293E-04  0.0000000E+00  0.0000000E+00 -0.5683350E-05  0.0000000E+00
         1   320      8 -0.1878988E-02 -0.1418390E-04  0.0000000E+00  0.0000000E+00 -0.7339388E-05  0.0000000E+00
         1   320      9 -0.2113838E-02 -0.1595396E-04  0.0000000E+00  0.0000000E+00 -0.9206389E-05  0.0000000E+00
         1   320     10 -0.1946813E-04 -0.1380221E-05  0.0000000E+00  0.0000000E+00  0.4199986E-01  0.1000000E-02

         1   321      0  0.0000000E+00  0.0000000E+00  0.0000000E+00  0.0000000E+00  0.0000000E+00  0.0000000E+00
         1   321      1  0.0000000E+00  0.0000000E+00  0.0000000E+00  0.0000000E+00  0.0000000E+00  0.0000000E+00
         1   321      2 -0.4706523E-03 -0.3548281E-05  0.0000000E+00  0.0000000E+00 -0.5684187E-06  0.0000000E+00
         1   321      3 -0.7059760E-03 -0.5322132E-05  0.0000000E+00  0.0000000E+00 -0.1169294E-05  0.0000000E+00
         1   321      4 -0.9412970E-03 -0.7095636E-05  0.0000000E+00  0.0000000E+00 -0.1981249E-05  0.0000000E+00
         1   321      5 -0.1176614E-02 -0.8868680E-05  0.0000000E+00  0.0000000E+00 -0.3004261E-05  0.0000000E+00
         1   321      6 -0.1411927E-02 -0.1064115E-04  0.0000000E+00  0.0000000E+00 -0.4238306E-05  0.0000000E+00
         1   321      7 -0.1647234E-02 -0.1241293E-04  0.0000000E+00  0.0000000E+00 -0.5683360E-05  0.0000000E+00
         1   321      8 -0.1882534E-02 -0.1418390E-04  0.0000000E+00  0.0000000E+00 -0.7339402E-05  0.0000000E+00
         1   321      9 -0.2117827E-02 -0.1595396E-04  0.0000000E+00  0.0000000E+00 -0.9206407E-05  0.0000000E+00
         1   321     10 -0.1981299E-04 -0.1380221E-05  0.0000000E+00  0.0000000E+00  0.4204928E-01  0.1000000E-02

         1   322      0  0.0000000E+00  0.0000000E+00  0.0000000E+00  0.0000000E+00  0.0000000E+00  0.0000000E+00
         1   322      1  0.0000000E+00  0.0000000E+00  0.0000000E+00  0.0000000E+00  0.0000000E+00  0.0000000E+00
         1   322      2 -0.4711845E-03 -0.3548281E-05  0.0000000E+00  0.0000000E+00 -0.5684192E-06  0.0000000E+00
         1   322      3 -0.7067744E-03 -0.5322132E-05  0.0000000E+00  0.0000000E+00 -0.1169295E-05  0.0000000E+00
         1   322      4 -0.9423613E-03 -0.7095636E-05  0.0000000E+00  0.0000000E+00 -0.1981252E-05  0.0000000E+00
         1   322      5 -0.1177945E-02 -0.8868680E-05  0.0000000E+00  0.0000000E+00 -0.3004264E-05  0.0000000E+00
         1   322      6 -0.1413523E-02 -0.1064115E-04  0.0000000E+00  0.0000000E+00 -0.4238310E-05  0.0000000E+00
         1   322      7 -0.1649096E-02 -0.1241293E-04  0.0000000E+00  0.0000000E+00 -0.5683367E-05  0.0000000E+00
         1   322      8 -0.1884662E-02 -0.1418390E-04  0.0000000E+00  0.0000000E+00 -0.7339410E-05  0.0000000E+00
         1   322      9 -0.2120220E-02 -0.1595396E-04  0.0000000E+00  0.0000000E+00 -0.9206417E-05  0.0000000E+00
         1   322     10 -0.2001991E-04 -0.1380221E-05  0.0000000E+00  0.0000000E+00  0.4207894E-01  0.1000000E-02

         1   323      0  0.0000000E+00  0.0000000E+00  0.0000000E+00  0.0000000E+00  0.0000000E+00  0.0000000E+00
         1   323      1  0.0000000E+00  0.0000000E+00  0.0000000E+00  0.0000000E+00  0.0000000E+00  0.0000000E+00
         1   323      2 -0.4720716E-03 -0.3548281E-05  0.0000000E+00  0.0000000E+00 -0.5684201E-06  0.0000000E+00
         1   323      3 -0.7081049E-03 -0.5322132E-05  0.0000000E+00  0.0000000E+00 -0.1169297E-05  0.0000000E+00
         1   323      4 -0.9441353E-03 -0.7095636E-05  0.0000000E+00  0.0000000E+00 -0.1981255E-05  0.0000000E+00
         1   323      5 -0.1180162E-02 -0.8868680E-05  0.0000000E+00  0.0000000E+00 -0.3004270E-05  0.0000000E+00
         1   323      6 -0.1416183E-02 -0.1064115E-04  0.0000000E+00  0.0000000E+00 -0.4238318E-05  0.0000000E+00
         1   323      7 -0.1652199E-02 -0.1241293E-04  0.0000000E+00  0.0000000E+00 -0.5683377E-05  0.0000000E+00
         1   323      8 -0.1888208E-02 -0.1418390E-04  0.0000000E+00  0.0000000E+00 -0.7339424E-05  0.0000000E+00
         1   323      9 -0.2124208E-02 -0.1595396E-04  0.0000000E+00  0.0000000E+00 -0.9206435E-05  0.0000000E+00
         1   323     10 -0.2036477E-04 -0.1380221E-05  0.0000000E+00  0.0000000E+00  0.4212836E-01  0.1000000E-02

         1   324      0  0.0000000E+00  0.0000000E+00  0.0000000E+00  0.0000000E+00  0.0000000E+00  0.0000000E+00
         1   324      1  0.0000000E+00  0.0000000E+00  0.0000000E+00  0.0000000E+00  0.0000000E+00  0.0000000E+00
         1   324      2 -0.4627109E-03  0.4084349E-04  0.0000000E+00  0.0000000E+00 -0.5722036E-06  0.0000000E+00
         1   324      3 -0.6940637E-03  0.6126529E-04  0.0000000E+00  0.0000000E+00 -0.1177810E-05  0.0000000E+00
         1   324      4 -0.9254135E-03  0.8168714E-04  0.0000000E+00  0.0000000E+00 -0.1996389E-05  0.0000000E+00
         1   324      5 -0.1156759E-02  0.1021091E-03  0.0000000E+00  0.0000000E+00 -0.3027916E-05  0.0000000E+00
         1   324      6 -0.1388100E-02  0.1225311E-03  0.0000000E+00  0.0000000E+00 -0.4272369E-05  0.0000000E+00
         1   324      7 -0.1619434E-02  0.1429533E-03  0.0000000E+00  0.0000000E+00 -0.5729723E-05  0.0000000E+00
         1   324      8 -0.1850762E-02  0.1633756E-03  0.0000000E+00  0.0000000E+00 -0.7399956E-05  0.0000000E+00
         1   324      9 -0.2082081E-02  0.1837981E-03  0.0000000E+00  0.0000000E+00 -0.9283044E-05  0.0000000E+00
         1   324     10 -0.2056977E-04  0.5630158E-06  0.0000000E+00  0.0000000E+00  0.4222721E-01  0.1000000E-02

         1   325      0  0.0000000E+00  0.0000000E+00  0.0000000E+00  0.0000000E+00  0.0000000E+00  0.0000000E+00
         1   325      1  0.0000000E+00  0.0000000E+00  0.0000000E+00  0.0000000E+00  0.0000000E+00  0.0000000E+00
         1   325      2 -0.4315493E-03  0.8331090E-04  0.0000000E+00  0.0000000E+00 -0.5761621E-06  0.0000000E+00
         1   325      3 -0.6473215E-03  0.1249662E-03  0.0000000E+00  0.0000000E+00 -0.1186717E-05  0.0000000E+00
         1   325      4 -0.8630906E-03  0.1666212E-03  0.0000000E+00  0.0000000E+00 -0.2012223E-05  0.0000000E+00
         1   325      5 -0.1078856E-02  0.2082759E-03  0.0000000E+00  0.0000000E+00 -0.3052656E-05  0.0000000E+00
         1   325      6 -0.1294616E-02  0.2499303E-03  0.0000000E+00  0.0000000E+00 -0.4307993E-05  0.0000000E+00
         1   325      7 -0.1510370E-02  0.2915842E-03  0.0000000E+00  0.0000000E+00 -0.5778211E-05  0.0000000E+00
         1   325      8 -0.1726117E-02  0.3332376E-03  0.0000000E+00  0.0000000E+00 -0.7463286E-05  0.0000000E+00
         1   325      9 -0.1941856E-02  0.3748904E-03  0.0000000E+00  0.0000000E+00 -0.9363195E-05  0.0000000E+00
         1   325     10 -0.1980649E-04  0.2479750E-05  0.0000000E+00  0.0000000E+00  0.4232606E-01  0.1000000E-02

         1   326      0  0.0000000E+00  0.0000000E+00  0.0000000E+00  0.0000000E+00  0.0000000E+00  0.0000000E+00
         1   326      1  0.0000000E+00  0.0000000E+00  0.0000000E+00  0.0000000E+00  0.0000000E+00  0.0000000E+00
         1   326      2 -0.4107216E-03  0.8331090E-04  0.0000000E+00  0.0000000E+00 -0.5766438E-06  0.0000000E+00
         1   326      3 -0.6160799E-03  0.1249662E-03  0.0000000E+00  0.0000000E+00 -0.1187801E-05  0.0000000E+00
         1   326      4 -0.8214353E-03  0.1666212E-03  0.0000000E+00  0.0000000E+00 -0.2014149E-05  0.0000000E+00
         1   326      5 -0.1026787E-02  0.2082759E-03  0.0000000E+00  0.0000000E+00 -0.3055666E-05  0.0000000E+00
         1   326      6 -0.1232133E-02  0.2499303E-03  0.0000000E+00  0.0000000E+00 -0.4312328E-05  0.0000000E+00
         1   326      7 -0.1437474E-02  0.2915842E-03  0.0000000E+00  0.0000000E+00 -0.5784112E-05  0.0000000E+00
         1   326      8 -0.1642807E-02  0.3332376E-03  0.0000000E+00  0.0000000E+00 -0.7470993E-05  0.0000000E+00
         1   326      9 -0.1848133E-02  0.3748904E-03  0.0000000E+00  0.0000000E+00 -0.9372948E-05  0.0000000E+00
         1   326     10 -0.1918690E-04  0.2479750E-05  0.0000000E+00  0.0000000E+00  0.4237549E-01  0.1000000E-02

         1   327      0  0.0000000E+00  0.0000000E+00  0.0000000E+00  0.0000000E+00  0.0000000E+00  0.0000000E+00
         1   327      1  0.0000000E+00  0.0000000E+00  0.0000000E+00  0.0000000E+00  0.0000000E+00  0.0000000E+00
         1   327      2 -0.3982250E-03  0.8331090E-04  0.0000000E+00  0.0000000E+00 -0.5769328E-06  0.0000000E+00
         1   327      3 -0.5973350E-03  0.1249662E-03  0.0000000E+00  0.0000000E+00 -0.1188451E-05  0.0000000E+00
         1   327      4 -0.7964421E-03  0.1666212E-03  0.0000000E+00  0.0000000E+00 -0.2015305E-05  0.0000000E+00
         1   327      5 -0.9955453E-03  0.2082759E-03  0.0000000E+00  0.0000000E+00 -0.3057473E-05  0.0000000E+00
         1   327      6 -0.1194644E-02  0.2499303E-03  0.0000000E+00  0.0000000E+00 -0.4314929E-05  0.0000000E+00
         1   327      7 -0.1393736E-02  0.2915842E-03  0.0000000E+00  0.0000000E+00 -0.5787652E-05  0.0000000E+00
         1   327      8 -0.1592822E-02  0.3332376E-03  0.0000000E+00  0.0000000E+00 -0.7475616E-05  0.0000000E+00
         1   327      9 -0.1791900E-02  0.3748904E-03  0.0000000E+00  0.0000000E+00 -0.9378800E-05  0.0000000E+00
         1   327     10 -0.1881514E-04  0.2479750E-05  0.0000000E+00  0.0000000E+00  0.4240514E-01  0.1000000E-02

         1   328      0  0.0000000E+00  0.0000000E+00  0.0000000E+00  0.0000000E+00  0.0000000E+00  0.0000000E+00
         1   328      1  0.0000000E+00  0.0000000E+00  0.0000000E+00  0.0000000E+00  0.0000000E+00  0.0000000E+00
         1   328      2 -0.3773972E-03  0.8331090E-04  0.0000000E+00  0.0000000E+00 -0.5774144E-06  0.0000000E+00
         1   328      3 -0.5660934E-03  0.1249662E-03  0.0000000E+00  0.0000000E+00 -0.1189535E-05  0.0000000E+00
         1   328      4 -0.7547868E-03  0.1666212E-03  0.0000000E+00  0.0000000E+00 -0.2017232E-05  0.0000000E+00
         1   328      5 -0.9434763E-03  0.2082759E-03  0.0000000E+00  0.0000000E+00 -0.3060483E-05  0.0000000E+00
         1   328      6 -0.1132161E-02  0.2499303E-03  0.0000000E+00  0.0000000E+00 -0.4319264E-05  0.0000000E+00
         1   328      7 -0.1320840E-02  0.2915842E-03  0.0000000E+00  0.0000000E+00 -0.5793552E-05  0.0000000E+00
         1   328      8 -0.1509512E-02  0.3332376E-03  0.0000000E+00  0.0000000E+00 -0.7483323E-05  0.0000000E+00
         1   328      9 -0.1698177E-02  0.3748904E-03  0.0000000E+00  0.0000000E+00 -0.9388553E-05  0.0000000E+00
         1   328     10 -0.1819555E-04  0.2479750E-05  0.0000000E+00  0.0000000E+00  0.4245457E-01  0.1000000E-02

         1   329      0  0.0000000E+00  0.0000000E+00  0.0000000E+00  0.0000000E+00  0.0000000E+00  0.0000000E+00
         1   329      1  0.0000000E+00  0.0000000E+00  0.0000000E+00  0.0000000E+00  0.0000000E+00  0.0000000E+00
         1   329      2  0.1291435E-04  0.8331090E-04  0.0000000E+00  0.0000000E+00 -0.5864409E-06  0.0000000E+00
         1   329      3  0.1937305E-04  0.1249662E-03  0.0000000E+00  0.0000000E+00 -0.1209844E-05  0.0000000E+00
         1   329      4  0.2583356E-04  0.1666212E-03  0.0000000E+00  0.0000000E+00 -0.2053338E-05  0.0000000E+00
         1   329      5  0.3229650E-04  0.2082759E-03  0.0000000E+00  0.0000000E+00 -0.3116898E-05  0.0000000E+00
         1   329      6  0.3876247E-04  0.2499303E-03  0.0000000E+00  0.0000000E+00 -0.4400501E-05  0.0000000E+00
         1   329      7  0.4523206E-04  0.2915842E-03  0.0000000E+00  0.0000000E+00 -0.5904123E-05  0.0000000E+00
         1   329      8  0.5170589E-04  0.3332376E-03  0.0000000E+00  0.0000000E+00 -0.7627741E-05  0.0000000E+00
         1   329      9  0.5818455E-04  0.3748904E-03  0.0000000E+00  0.0000000E+00 -0.9571331E-05  0.0000000E+00
         1   329     10 -0.6584368E-05  0.2479750E-05  0.0000000E+00  0.0000000E+00  0.4338078E-01  0.1000000E-02

         1   330      0  0.0000000E+00  0.0000000E+00  0.0000000E+00  0.0000000E+00  0.0000000E+00  0.0000000E+00
         1   330      1  0.0000000E+00  0.0000000E+00  0.0000000E+00  0.0000000E+00  0.0000000E+00  0.0000000E+00
         1   330      2  0.3374208E-04  0.8331090E-04  0.0000000E+00  0.0000000E+00 -0.5869226E-06  0.0000000E+00
         1   330      3  0.5061459E-04  0.1249662E-03  0.0000000E+00  0.0000000E+00 -0.1210928E-05  0.0000000E+00
         1   330      4  0.6748886E-04  0.1666212E-03  0.0000000E+00  0.0000000E+00 -0.2055264E-05  0.0000000E+00
         1   330      5  0.8436549E-04  0.2082759E-03  0.0000000E+00  0.0000000E+00 -0.3119908E-05  0.0000000E+00
         1   330      6  0.1012450E-03  0.2499303E-03  0.0000000E+00  0.0000000E+00 -0.4404836E-05  0.0000000E+00
         1   330      7  0.1181281E-03  0.2915842E-03  0.0000000E+00  0.0000000E+00 -0.5910024E-05  0.0000000E+00
         1   330      8  0.1350153E-03  0.3332376E-03  0.0000000E+00  0.0000000E+00 -0.7635448E-05  0.0000000E+00
         1   330      9  0.1519072E-03  0.3748904E-03  0.0000000E+00  0.0000000E+00 -0.9581084E-05  0.0000000E+00
         1   330     10 -0.5964775E-05  0.2479750E-05  0.0000000E+00  0.0000000E+00  0.4343021E-01  0.1000000E-02

         1   331      0  0.0000000E+00  0.0000000E+00  0.0000000E+00  0.0000000E+00  0.0000000E+00  0.0000000E+00
         1   331      1  0.0000000E+00  0.0000000E+00  0.0000000E+00  0.0000000E+00  0.0000000E+00  0.0000000E+00
         1   331      2  0.4623871E-04  0.8331090E-04  0.0000000E+00  0.0000000E+00 -0.5872116E-06  0.0000000E+00
         1   331      3  0.6935951E-04  0.1249662E-03  0.0000000E+00  0.0000000E+00 -0.1211578E-05  0.0000000E+00
         1   331      4  0.9248204E-04  0.1666212E-03  0.0000000E+00  0.0000000E+00 -0.2056420E-05  0.0000000E+00
         1   331      5  0.1156069E-03  0.2082759E-03  0.0000000E+00  0.0000000E+00 -0.3121714E-05  0.0000000E+00
         1   331      6  0.1387346E-03  0.2499303E-03  0.0000000E+00  0.0000000E+00 -0.4407437E-05  0.0000000E+00
         1   331      7  0.1618658E-03  0.2915842E-03  0.0000000E+00  0.0000000E+00 -0.5913564E-05  0.0000000E+00
         1   331      8  0.1850009E-03  0.3332376E-03  0.0000000E+00  0.0000000E+00 -0.7640072E-05  0.0000000E+00
         1   331      9  0.2081407E-03  0.3748904E-03  0.0000000E+00  0.0000000E+00 -0.9586936E-05  0.0000000E+00
         1   331     10 -0.5593019E-05  0.2479750E-05  0.0000000E+00  0.0000000E+00  0.4345986E-01  0.1000000E-02

         1   332      0  0.0000000E+00  0.0000000E+00  0.0000000E+00  0.0000000E+00  0.0000000E+00  0.0000000E+00
         1   332      1  0.0000000E+00  0.0000000E+00  0.0000000E+00  0.0000000E+00  0.0000000E+00  0.0000000E+00
         1   332      2  0.6706644E-04  0.8331090E-04  0.0000000E+00  0.0000000E+00 -0.5876933E-06  0.0000000E+00
         1   332      3  0.1006011E-03  0.1249662E-03  0.0000000E+00  0.0000000E+00 -0.1212662E-05  0.0000000E+00
         1   332      4  0.1341373E-03  0.1666212E-03  0.0000000E+00  0.0000000E+00 -0.2058347E-05  0.0000000E+00
         1   332      5  0.1676759E-03  0.2082759E-03  0.0000000E+00  0.0000000E+00 -0.3124725E-05  0.0000000E+00
         1   332      6  0.2012172E-03  0.2499303E-03  0.0000000E+00  0.0000000E+00 -0.4411772E-05  0.0000000E+00
         1   332      7  0.2347618E-03  0.2915842E-03  0.0000000E+00  0.0000000E+00 -0.5919464E-05  0.0000000E+00
         1   332      8  0.2683103E-03  0.3332376E-03  0.0000000E+00  0.0000000E+00 -0.7647778E-05  0.0000000E+00
         1   332      9  0.3018633E-03  0.3748904E-03  0.0000000E+00  0.0000000E+00 -0.9596690E-05  0.0000000E+00
         1   332     10 -0.4973425E-05  0.2479750E-05  0.0000000E+00  0.0000000E+00  0.4350929E-01  0.1000000E-02

         1   333      0  0.0000000E+00  0.0000000E+00  0.0000000E+00  0.0000000E+00  0.0000000E+00  0.0000000E+00
         1   333      1  0.0000000E+00  0.0000000E+00  0.0000000E+00  0.0000000E+00  0.0000000E+00  0.0000000E+00
         1   333      2  0.1104441E-03  0.9081250E-04  0.0000000E+00  0.0000000E+00 -0.5886180E-06  0.0000000E+00
         1   333      3  0.1656675E-03  0.1362187E-03  0.0000000E+00  0.0000000E+00 -0.1214742E-05  0.0000000E+00
         1   333      4  0.2208925E-03  0.1816248E-03  0.0000000E+00  0.0000000E+00 -0.2062046E-05  0.0000000E+00
         1   333      5  0.2761196E-03  0.2270307E-03  0.0000000E+00  0.0000000E+00 -0.3130504E-05  0.0000000E+00
         1   333      6  0.3313493E-03  0.2724366E-03  0.0000000E+00  0.0000000E+00 -0.4420094E-05  0.0000000E+00
         1   333      7  0.3865823E-03  0.3178422E-03  0.0000000E+00  0.0000000E+00 -0.5930791E-05  0.0000000E+00
         1   333      8  0.4418189E-03  0.3632477E-03  0.0000000E+00  0.0000000E+00 -0.7662572E-05  0.0000000E+00
         1   333      9  0.4970598E-03  0.4086529E-03  0.0000000E+00  0.0000000E+00 -0.9615413E-05  0.0000000E+00
         1   333     10 -0.3831205E-05  0.2107797E-05  0.0000000E+00  0.0000000E+00  0.4360814E-01  0.1000000E-02

         1   334      0  0.0000000E+00  0.0000000E+00  0.0000000E+00  0.0000000E+00  0.0000000E+00  0.0000000E+00
         1   334      1  0.0000000E+00  0.0000000E+00  0.0000000E+00  0.0000000E+00  0.0000000E+00  0.0000000E+00
         1   334      2  0.1581731E-03  0.1006898E-03  0.0000000E+00  0.0000000E+00 -0.5896457E-06  0.0000000E+00
         1   334      3  0.2372609E-03  0.1510347E-03  0.0000000E+00  0.0000000E+00 -0.1217055E-05  0.0000000E+00
         1   334      4  0.3163503E-03  0.2013797E-03  0.0000000E+00  0.0000000E+00 -0.2066156E-05  0.0000000E+00
         1   334      5  0.3954419E-03  0.2517246E-03  0.0000000E+00  0.0000000E+00 -0.3136927E-05  0.0000000E+00
         1   334      6  0.4745361E-03  0.3020697E-03  0.0000000E+00  0.0000000E+00 -0.4429343E-05  0.0000000E+00
         1   334      7  0.5536334E-03  0.3524148E-03  0.0000000E+00  0.0000000E+00 -0.5943380E-05  0.0000000E+00
         1   334      8  0.6327344E-03  0.4027600E-03  0.0000000E+00  0.0000000E+00 -0.7679015E-05  0.0000000E+00
         1   334      9  0.7118396E-03  0.4531052E-03  0.0000000E+00  0.0000000E+00 -0.9636223E-05  0.0000000E+00
         1   334     10 -0.2842218E-05  0.1862496E-05  0.0000000E+00  0.0000000E+00  0.4370699E-01  0.1000000E-02

         1   335      0  0.0000000E+00  0.0000000E+00  0.0000000E+00  0.0000000E+00  0.0000000E+00  0.0000000E+00
         1   335      1  0.0000000E+00  0.0000000E+00  0.0000000E+00  0.0000000E+00  0.0000000E+00  0.0000000E+00
         1   335      2  0.1833455E-03  0.1006898E-03  0.0000000E+00  0.0000000E+00 -0.5903492E-06  0.0000000E+00
         1   335      3  0.2750196E-03  0.1510347E-03  0.0000000E+00  0.0000000E+00 -0.1218638E-05  0.0000000E+00
         1   335      4  0.3666953E-03  0.2013797E-03  0.0000000E+00  0.0000000E+00 -0.2068971E-05  0.0000000E+00
         1   335      5  0.4583730E-03  0.2517246E-03  0.0000000E+00  0.0000000E+00 -0.3141324E-05  0.0000000E+00
         1   335      6  0.5500535E-03  0.3020697E-03  0.0000000E+00  0.0000000E+00 -0.4435675E-05  0.0000000E+00
         1   335      7  0.6417371E-03  0.3524148E-03  0.0000000E+00  0.0000000E+00 -0.5951999E-05  0.0000000E+00
         1   335      8  0.7334244E-03  0.4027600E-03  0.0000000E+00  0.0000000E+00 -0.7690272E-05  0.0000000E+00
         1   335      9  0.8251159E-03  0.4531052E-03  0.0000000E+00  0.0000000E+00 -0.9650471E-05  0.0000000E+00
         1   335     10 -0.2376852E-05  0.1862496E-05  0.0000000E+00  0.0000000E+00  0.4375641E-01  0.1000000E-02

         1   336      0  0.0000000E+00  0.0000000E+00  0.0000000E+00  0.0000000E+00  0.0000000E+00  0.0000000E+00
         1   336      1  0.0000000E+00  0.0000000E+00  0.0000000E+00  0.0000000E+00  0.0000000E+00  0.0000000E+00
         1   336      2  0.1984490E-03  0.1006898E-03  0.0000000E+00  0.0000000E+00 -0.5907714E-06  0.0000000E+00
         1   336      3  0.2976748E-03  0.1510347E-03  0.0000000E+00  0.0000000E+00 -0.1219588E-05  0.0000000E+00
         1   336      4  0.3969022E-03  0.2013797E-03  0.0000000E+00  0.0000000E+00 -0.2070659E-05  0.0000000E+00
         1   336      5  0.4961317E-03  0.2517246E-03  0.0000000E+00  0.0000000E+00 -0.3143963E-05  0.0000000E+00
         1   336      6  0.5953639E-03  0.3020697E-03  0.0000000E+00  0.0000000E+00 -0.4439474E-05  0.0000000E+00
         1   336      7  0.6945993E-03  0.3524148E-03  0.0000000E+00  0.0000000E+00 -0.5957170E-05  0.0000000E+00
         1   336      8  0.7938384E-03  0.4027600E-03  0.0000000E+00  0.0000000E+00 -0.7697027E-05  0.0000000E+00
         1   336      9  0.8930817E-03  0.4531052E-03  0.0000000E+00  0.0000000E+00 -0.9659019E-05  0.0000000E+00
         1   336     10 -0.2097633E-05  0.1862496E-05  0.0000000E+00  0.0000000E+00  0.4378607E-01  0.1000000E-02

         1   337      0  0.0000000E+00  0.0000000E+00  0.0000000E+00  0.0000000E+00  0.0000000E+00  0.0000000E+00
         1   337      1  0.0000000E+00  0.0000000E+00  0.0000000E+00  0.0000000E+00  0.0000000E+00  0.0000000E+00
         1   337      2  0.2236214E-03  0.1006898E-03  0.0000000E+00  0.0000000E+00 -0.5914750E-06  0.0000000E+00
         1   337      3  0.3354335E-03  0.1510347E-03  0.0000000E+00  0.0000000E+00 -0.1221171E-05  0.0000000E+00
         1   337      4  0.4472471E-03  0.2013797E-03  0.0000000E+00  0.0000000E+00 -0.2073474E-05  0.0000000E+00
         1   337      5  0.5590629E-03  0.2517246E-03  0.0000000E+00  0.0000000E+00 -0.3148360E-05  0.0000000E+00
         1   337      6  0.6708814E-03  0.3020697E-03  0.0000000E+00  0.0000000E+00 -0.4445807E-05  0.0000000E+00
         1   337      7  0.7827030E-03  0.3524148E-03  0.0000000E+00  0.0000000E+00 -0.5965789E-05  0.0000000E+00
         1   337      8  0.8945284E-03  0.4027600E-03  0.0000000E+00  0.0000000E+00 -0.7708284E-05  0.0000000E+00
         1   337      9  0.1006358E-02  0.4531052E-03  0.0000000E+00  0.0000000E+00 -0.9673267E-05  0.0000000E+00
         1   337     10 -0.1632267E-05  0.1862496E-05  0.0000000E+00  0.0000000E+00  0.4383549E-01  0.1000000E-02

         1   338      0  0.0000000E+00  0.0000000E+00  0.0000000E+00  0.0000000E+00  0.0000000E+00  0.0000000E+00
         1   338      1  0.0000000E+00  0.0000000E+00  0.0000000E+00  0.0000000E+00  0.0000000E+00  0.0000000E+00
         1   338      2  0.6904333E-03  0.9815394E-04  0.0000000E+00  0.0000000E+00 -0.5306924E-04  0.0000000E+00
         1   338      3  0.1035658E-02  0.1472300E-03  0.0000000E+00  0.0000000E+00 -0.7994839E-04  0.0000000E+00
         1   338      4  0.1380888E-02  0.1963054E-03  0.0000000E+00  0.0000000E+00 -0.1070573E-03  0.0000000E+00
         1   338      5  0.1726125E-02  0.2453802E-03  0.0000000E+00  0.0000000E+00 -0.1343960E-03  0.0000000E+00
         1   338      6  0.2071369E-02  0.2944544E-03  0.0000000E+00  0.0000000E+00 -0.1619645E-03  0.0000000E+00
         1   338      7  0.2416621E-02  0.3435280E-03  0.0000000E+00  0.0000000E+00 -0.1897629E-03  0.0000000E+00
         1   338      8  0.2761880E-02  0.3926010E-03  0.0000000E+00  0.0000000E+00 -0.2177912E-03  0.0000000E+00
         1   338      9  0.3107149E-02  0.4416734E-03  0.0000000E+00  0.0000000E+00 -0.2460494E-03  0.0000000E+00
         1   338     10  0.2745561E-03  0.1158504E-03  0.0000000E+00  0.0000000E+00  0.4475118E-01  0.1000000E-02

         1   339      0  0.0000000E+00  0.0000000E+00  0.0000000E+00  0.0000000E+00  0.0000000E+00  0.0000000E+00
         1   339      1  0.0000000E+00  0.0000000E+00  0.0000000E+00  0.0000000E+00  0.0000000E+00  0.0000000E+00
         1   339      2  0.7149718E-03  0.9815394E-04  0.0000000E+00  0.0000000E+00 -0.5306991E-04  0.0000000E+00
         1   339      3  0.1072465E-02  0.1472300E-03  0.0000000E+00  0.0000000E+00 -0.7994990E-04  0.0000000E+00
         1   339      4  0.1429964E-02  0.1963054E-03  0.0000000E+00  0.0000000E+00 -0.1070600E-03  0.0000000E+00
         1   339      5  0.1787470E-02  0.2453802E-03  0.0000000E+00  0.0000000E+00 -0.1344002E-03  0.0000000E+00
         1   339      6  0.2144983E-02  0.2944544E-03  0.0000000E+00  0.0000000E+00 -0.1619705E-03  0.0000000E+00
         1   339      7  0.2502503E-02  0.3435280E-03  0.0000000E+00  0.0000000E+00 -0.1897711E-03  0.0000000E+00
         1   339      8  0.2860031E-02  0.3926010E-03  0.0000000E+00  0.0000000E+00 -0.2178019E-03  0.0000000E+00
         1   339      9  0.3217568E-02  0.4416734E-03  0.0000000E+00  0.0000000E+00 -0.2460629E-03  0.0000000E+00
         1   339     10  0.3035026E-03  0.1158504E-03  0.0000000E+00  0.0000000E+00  0.4480060E-01  0.1000000E-02

         1   340      0  0.0000000E+00  0.0000000E+00  0.0000000E+00  0.0000000E+00  0.0000000E+00  0.0000000E+00
         1   340      1  0.0000000E+00  0.0000000E+00  0.0000000E+00  0.0000000E+00  0.0000000E+00  0.0000000E+00
         1   340      2  0.7296948E-03  0.9815394E-04  0.0000000E+00  0.0000000E+00 -0.5307031E-04  0.0000000E+00
         1   340      3  0.1094550E-02  0.1472300E-03  0.0000000E+00  0.0000000E+00 -0.7995080E-04  0.0000000E+00
         1   340      4  0.1459410E-02  0.1963054E-03  0.0000000E+00  0.0000000E+00 -0.1070616E-03  0.0000000E+00
         1   340      5  0.1824277E-02  0.2453802E-03  0.0000000E+00  0.0000000E+00 -0.1344027E-03  0.0000000E+00
         1   340      6  0.2189151E-02  0.2944544E-03  0.0000000E+00  0.0000000E+00 -0.1619741E-03  0.0000000E+00
         1   340      7  0.2554032E-02  0.3435280E-03  0.0000000E+00  0.0000000E+00 -0.1897760E-03  0.0000000E+00
         1   340      8  0.2918921E-02  0.3926010E-03  0.0000000E+00  0.0000000E+00 -0.2178083E-03  0.0000000E+00
         1   340      9  0.3283819E-02  0.4416734E-03  0.0000000E+00  0.0000000E+00 -0.2460710E-03  0.0000000E+00
         1   340     10  0.3208705E-03  0.1158504E-03  0.0000000E+00  0.0000000E+00  0.4483026E-01  0.1000000E-02

         1   341      0  0.0000000E+00  0.0000000E+00  0.0000000E+00  0.0000000E+00  0.0000000E+00  0.0000000E+00
         1   341      1  0.0000000E+00  0.0000000E+00  0.0000000E+00  0.0000000E+00  0.0000000E+00  0.0000000E+00
         1   341      2  0.7542333E-03  0.9815394E-04  0.0000000E+00  0.0000000E+00 -0.5307098E-04  0.0000000E+00
         1   341      3  0.1131357E-02  0.1472300E-03  0.0000000E+00  0.0000000E+00 -0.7995231E-04  0.0000000E+00
         1   341      4  0.1508487E-02  0.1963054E-03  0.0000000E+00  0.0000000E+00 -0.1070642E-03  0.0000000E+00
         1   341      5  0.1885622E-02  0.2453802E-03  0.0000000E+00  0.0000000E+00 -0.1344068E-03  0.0000000E+00
         1   341      6  0.2262764E-02  0.2944544E-03  0.0000000E+00  0.0000000E+00 -0.1619801E-03  0.0000000E+00
         1   341      7  0.2639914E-02  0.3435280E-03  0.0000000E+00  0.0000000E+00 -0.1897842E-03  0.0000000E+00
         1   341      8  0.3017071E-02  0.3926010E-03  0.0000000E+00  0.0000000E+00 -0.2178190E-03  0.0000000E+00
         1   341      9  0.3394237E-02  0.4416734E-03  0.0000000E+00  0.0000000E+00 -0.2460846E-03  0.0000000E+00
         1   341     10  0.3498171E-03  0.1158504E-03  0.0000000E+00  0.0000000E+00  0.4487968E-01  0.1000000E-02

         1   342      0  0.0000000E+00  0.0000000E+00  0.0000000E+00  0.0000000E+00  0.0000000E+00  0.0000000E+00
         1   342      1  0.0000000E+00  0.0000000E+00  0.0000000E+00  0.0000000E+00  0.0000000E+00  0.0000000E+00
         1   342      2  0.7877747E-03  0.3555873E-04  0.0000000E+00  0.0000000E+00 -0.5308028E-04  0.0000000E+00
         1   342      3  0.1181669E-02  0.5333659E-04  0.0000000E+00  0.0000000E+00 -0.7997323E-04  0.0000000E+00
         1   342      4  0.1575568E-02  0.7111339E-04  0.0000000E+00  0.0000000E+00 -0.1071015E-03  0.0000000E+00
         1   342      5  0.1969472E-02  0.8888910E-04  0.0000000E+00  0.0000000E+00 -0.1344650E-03  0.0000000E+00
         1   342      6  0.2363383E-02  0.1066637E-03  0.0000000E+00  0.0000000E+00 -0.1620638E-03  0.0000000E+00
         1   342      7  0.2757301E-02  0.1244370E-03  0.0000000E+00  0.0000000E+00 -0.1898981E-03  0.0000000E+00
         1   342      8  0.3151226E-02  0.1422092E-03  0.0000000E+00  0.0000000E+00 -0.2179678E-03  0.0000000E+00
         1   342      9  0.3545160E-02  0.1599801E-03  0.0000000E+00  0.0000000E+00 -0.2462729E-03  0.0000000E+00
         1   342     10  0.4002750E-03  0.8541264E-04  0.0000000E+00  0.0000000E+00  0.4497853E-01  0.1000000E-02

         1   343      0  0.0000000E+00  0.0000000E+00  0.0000000E+00  0.0000000E+00  0.0000000E+00  0.0000000E+00
         1   343      1  0.0000000E+00  0.0000000E+00  0.0000000E+00  0.0000000E+00  0.0000000E+00  0.0000000E+00
         1   343      2  0.7895528E-03 -0.2847022E-04  0.0000000E+00  0.0000000E+00 -0.5308936E-04  0.0000000E+00
         1   343      3  0.1184335E-02 -0.4270733E-04  0.0000000E+00  0.0000000E+00 -0.7999366E-04  0.0000000E+00
         1   343      4  0.1579121E-02 -0.5694589E-04  0.0000000E+00  0.0000000E+00 -0.1071378E-03  0.0000000E+00
         1   343      5  0.1973913E-02 -0.7118600E-04  0.0000000E+00  0.0000000E+00 -0.1345217E-03  0.0000000E+00
         1   343      6  0.2368710E-02 -0.8542773E-04  0.0000000E+00  0.0000000E+00 -0.1621456E-03  0.0000000E+00
         1   343      7  0.2763514E-02 -0.9967118E-04  0.0000000E+00  0.0000000E+00 -0.1900093E-03  0.0000000E+00
         1   343      8  0.3158323E-02 -0.1139164E-03  0.0000000E+00  0.0000000E+00 -0.2181130E-03  0.0000000E+00
         1   343      9  0.3553141E-02 -0.1281636E-03  0.0000000E+00  0.0000000E+00 -0.2464568E-03  0.0000000E+00
         1   343     10  0.4346084E-03  0.5153413E-04  0.0000000E+00  0.0000000E+00  0.4507738E-01  0.1000000E-02

         1   344      0  0.0000000E+00  0.0000000E+00  0.0000000E+00  0.0000000E+00  0.0000000E+00  0.0000000E+00
         1   344      1  0.0000000E+00  0.0000000E+00  0.0000000E+00  0.0000000E+00  0.0000000E+00  0.0000000E+00
         1   344      2  0.7824352E-03 -0.2847022E-04  0.0000000E+00  0.0000000E+00 -0.5308941E-04  0.0000000E+00
         1   344      3  0.1173658E-02 -0.4270733E-04  0.0000000E+00  0.0000000E+00 -0.7999378E-04  0.0000000E+00
         1   344      4  0.1564885E-02 -0.5694589E-04  0.0000000E+00  0.0000000E+00 -0.1071380E-03  0.0000000E+00
         1   344      5  0.1956117E-02 -0.7118600E-04  0.0000000E+00  0.0000000E+00 -0.1345221E-03  0.0000000E+00
         1   344      6  0.2347353E-02 -0.8542773E-04  0.0000000E+00  0.0000000E+00 -0.1621461E-03  0.0000000E+00
         1   344      7  0.2738596E-02 -0.9967118E-04  0.0000000E+00  0.0000000E+00 -0.1900100E-03  0.0000000E+00
         1   344      8  0.3129844E-02 -0.1139164E-03  0.0000000E+00  0.0000000E+00 -0.2181139E-03  0.0000000E+00
         1   344      9  0.3521100E-02 -0.1281636E-03  0.0000000E+00  0.0000000E+00 -0.2464579E-03  0.0000000E+00
         1   344     10  0.4474848E-03  0.5153413E-04  0.0000000E+00  0.0000000E+00  0.4512680E-01  0.1000000E-02

         1   345      0  0.0000000E+00  0.0000000E+00  0.0000000E+00  0.0000000E+00  0.0000000E+00  0.0000000E+00
         1   345      1  0.0000000E+00  0.0000000E+00  0.0000000E+00  0.0000000E+00  0.0000000E+00  0.0000000E+00
         1   345      2  0.7781647E-03 -0.2847022E-04  0.0000000E+00  0.0000000E+00 -0.5308945E-04  0.0000000E+00
         1   345      3  0.1167252E-02 -0.4270733E-04  0.0000000E+00  0.0000000E+00 -0.7999386E-04  0.0000000E+00
         1   345      4  0.1556343E-02 -0.5694589E-04  0.0000000E+00  0.0000000E+00 -0.1071381E-03  0.0000000E+00
         1   345      5  0.1945439E-02 -0.7118600E-04  0.0000000E+00  0.0000000E+00 -0.1345223E-03  0.0000000E+00
         1   345      6  0.2334539E-02 -0.8542773E-04  0.0000000E+00  0.0000000E+00 -0.1621464E-03  0.0000000E+00
         1   345      7  0.2723645E-02 -0.9967118E-04  0.0000000E+00  0.0000000E+00 -0.1900104E-03  0.0000000E+00
         1   345      8  0.3112757E-02 -0.1139164E-03  0.0000000E+00  0.0000000E+00 -0.2181145E-03  0.0000000E+00
         1   345      9  0.3501875E-02 -0.1281636E-03  0.0000000E+00  0.0000000E+00 -0.2464586E-03  0.0000000E+00
         1   345     10  0.4552106E-03  0.5153413E-04  0.0000000E+00  0.0000000E+00  0.4515645E-01  0.1000000E-02

         1   346      0  0.0000000E+00  0.0000000E+00  0.0000000E+00  0.0000000E+00  0.0000000E+00  0.0000000E+00
         1   346      1  0.0000000E+00  0.0000000E+00  0.0000000E+00  0.0000000E+00  0.0000000E+00  0.0000000E+00
         1   346      2  0.7710471E-03 -0.2847022E-04  0.0000000E+00  0.0000000E+00 -0.5308950E-04  0.0000000E+00
         1   346      3  0.1156575E-02 -0.4270733E-04  0.0000000E+00  0.0000000E+00 -0.7999399E-04  0.0000000E+00
         1   346      4  0.1542107E-02 -0.5694589E-04  0.0000000E+00  0.0000000E+00 -0.1071384E-03  0.0000000E+00
         1   346      5  0.1927642E-02 -0.7118600E-04  0.0000000E+00  0.0000000E+00 -0.1345226E-03  0.0000000E+00
         1   346      6  0.2313182E-02 -0.8542773E-04  0.0000000E+00  0.0000000E+00 -0.1621469E-03  0.0000000E+00
         1   346      7  0.2698727E-02 -0.9967118E-04  0.0000000E+00  0.0000000E+00 -0.1900111E-03  0.0000000E+00
         1   346      8  0.3084278E-02 -0.1139164E-03  0.0000000E+00  0.0000000E+00 -0.2181154E-03  0.0000000E+00
         1   346      9  0.3469834E-02 -0.1281636E-03  0.0000000E+00  0.0000000E+00 -0.2464597E-03  0.0000000E+00
         1   346     10  0.4680870E-03  0.5153413E-04  0.0000000E+00  0.0000000E+00  0.4520588E-01  0.1000000E-02

         1   347      0  0.0000000E+00  0.0000000E+00  0.0000000E+00  0.0000000E+00  0.0000000E+00  0.0000000E+00
         1   347      1  0.0000000E+00  0.0000000E+00  0.0000000E+00  0.0000000E+00  0.0000000E+00  0.0000000E+00
         1   347      2  0.6282606E-03 -0.3235052E-04  0.0000000E+00  0.0000000E+00 -0.1334085E-03  0.0000000E+00
         1   347      3  0.9423816E-03 -0.4852788E-04  0.0000000E+00  0.0000000E+00 -0.2004740E-03  0.0000000E+00
         1   347      4  0.1256497E-02 -0.6470675E-04  0.0000000E+00  0.0000000E+00 -0.2677805E-03  0.0000000E+00
         1   347      5  0.1570605E-02 -0.8088722E-04  0.0000000E+00  0.0000000E+00 -0.3353279E-03  0.0000000E+00
         1   347      6  0.1884708E-02 -0.9706938E-04  0.0000000E+00  0.0000000E+00 -0.4031164E-03  0.0000000E+00
         1   347      7  0.2198805E-02 -0.1132533E-03  0.0000000E+00  0.0000000E+00 -0.4711461E-03  0.0000000E+00
         1   347      8  0.2512897E-02 -0.1294392E-03  0.0000000E+00  0.0000000E+00 -0.5394170E-03  0.0000000E+00
         1   347      9  0.2826982E-02 -0.1456269E-03  0.0000000E+00  0.0000000E+00 -0.6079292E-03  0.0000000E+00
         1   347     10  0.9698038E-03  0.1622935E-03  0.0000000E+00  0.0000000E+00  0.4605475E-01  0.1000000E-02

         1   348      0  0.0000000E+00  0.0000000E+00  0.0000000E+00  0.0000000E+00  0.0000000E+00  0.0000000E+00
         1   348      1  0.0000000E+00  0.0000000E+00  0.0000000E+00  0.0000000E+00  0.0000000E+00  0.0000000E+00
         1   348      2  0.6201730E-03 -0.3235052E-04  0.0000000E+00  0.0000000E+00 -0.1334086E-03  0.0000000E+00
         1   348      3  0.9302496E-03 -0.4852788E-04  0.0000000E+00  0.0000000E+00 -0.2004742E-03  0.0000000E+00
         1   348      4  0.1240320E-02 -0.6470675E-04  0.0000000E+00  0.0000000E+00 -0.2677808E-03  0.0000000E+00
         1   348      5  0.1550384E-02 -0.8088722E-04  0.0000000E+00  0.0000000E+00 -0.3353284E-03  0.0000000E+00
         1   348      6  0.1860441E-02 -0.9706938E-04  0.0000000E+00  0.0000000E+00 -0.4031171E-03  0.0000000E+00
         1   348      7  0.2170492E-02 -0.1132533E-03  0.0000000E+00  0.0000000E+00 -0.4711470E-03  0.0000000E+00
         1   348      8  0.2480537E-02 -0.1294392E-03  0.0000000E+00  0.0000000E+00 -0.5394181E-03  0.0000000E+00
         1   348      9  0.2790575E-02 -0.1456269E-03  0.0000000E+00  0.0000000E+00 -0.6079306E-03  0.0000000E+00
         1   348     10  0.1010355E-02  0.1622935E-03  0.0000000E+00  0.0000000E+00  0.4610417E-01  0.1000000E-02

         1   349      0  0.0000000E+00  0.0000000E+00  0.0000000E+00  0.0000000E+00  0.0000000E+00  0.0000000E+00
         1   349      1  0.0000000E+00  0.0000000E+00  0.0000000E+00  0.0000000E+00  0.0000000E+00  0.0000000E+00
         1   349      2  0.6153204E-03 -0.3235052E-04  0.0000000E+00  0.0000000E+00 -0.1334086E-03  0.0000000E+00
         1   349      3  0.9229705E-03 -0.4852788E-04  0.0000000E+00  0.0000000E+00 -0.2004743E-03  0.0000000E+00
         1   349      4  0.1230614E-02 -0.6470675E-04  0.0000000E+00  0.0000000E+00 -0.2677809E-03  0.0000000E+00
         1   349      5  0.1538251E-02 -0.8088722E-04  0.0000000E+00  0.0000000E+00 -0.3353286E-03  0.0000000E+00
         1   349      6  0.1845881E-02 -0.9706938E-04  0.0000000E+00  0.0000000E+00 -0.4031175E-03  0.0000000E+00
         1   349      7  0.2153504E-02 -0.1132533E-03  0.0000000E+00  0.0000000E+00 -0.4711475E-03  0.0000000E+00
         1   349      8  0.2461121E-02 -0.1294392E-03  0.0000000E+00  0.0000000E+00 -0.5394188E-03  0.0000000E+00
         1   349      9  0.2768731E-02 -0.1456269E-03  0.0000000E+00  0.0000000E+00 -0.6079315E-03  0.0000000E+00
         1   349     10  0.1034685E-02  0.1622935E-03  0.0000000E+00  0.0000000E+00  0.4613383E-01  0.1000000E-02

         1   350      0  0.0000000E+00  0.0000000E+00  0.0000000E+00  0.0000000E+00  0.0000000E+00  0.0000000E+00
         1   350      1  0.0000000E+00  0.0000000E+00  0.0000000E+00  0.0000000E+00  0.0000000E+00  0.0000000E+00
         1   350      2  0.6072327E-03 -0.3235052E-04  0.0000000E+00  0.0000000E+00 -0.1334087E-03  0.0000000E+00
         1   350      3  0.9108385E-03 -0.4852788E-04  0.0000000E+00  0.0000000E+00 -0.2004744E-03  0.0000000E+00
         1   350      4  0.1214437E-02 -0.6470675E-04  0.0000000E+00  0.0000000E+00 -0.2677812E-03  0.0000000E+00
         1   350      5  0.1518029E-02 -0.8088722E-04  0.0000000E+00  0.0000000E+00 -0.3353291E-03  0.0000000E+00
         1   350      6  0.1821613E-02 -0.9706938E-04  0.0000000E+00  0.0000000E+00 -0.4031181E-03  0.0000000E+00
         1   350      7  0.2125191E-02 -0.1132533E-03  0.0000000E+00  0.0000000E+00 -0.4711484E-03  0.0000000E+00
         1   350      8  0.2428761E-02 -0.1294392E-03  0.0000000E+00  0.0000000E+00 -0.5394200E-03  0.0000000E+00
         1   350      9  0.2732325E-02 -0.1456269E-03  0.0000000E+00  0.0000000E+00 -0.6079330E-03  0.0000000E+00
         1   350     10  0.1075236E-02  0.1622935E-03  0.0000000E+00  0.0000000E+00  0.4618325E-01  0.1000000E-02

         1   351      0  0.0000000E+00  0.0000000E+00  0.0000000E+00  0.0000000E+00  0.0000000E+00  0.0000000E+00
         1   351      1  0.0000000E+00  0.0000000E+00  0.0000000E+00  0.0000000E+00  0.0000000E+00  0.0000000E+00
         1   351      2  0.6021909E-03  0.1212104E-04  0.0000000E+00  0.0000000E+00 -0.1334040E-03  0.0000000E+00
         1   351      3  0.9032744E-03  0.1817864E-04  0.0000000E+00  0.0000000E+00 -0.2004638E-03  0.0000000E+00
         1   351      4  0.1204350E-02  0.2423417E-04  0.0000000E+00  0.0000000E+00 -0.2677623E-03  0.0000000E+00
         1   351      5  0.1505418E-02  0.3028753E-04  0.0000000E+00  0.0000000E+00 -0.3352995E-03  0.0000000E+00
         1   351      6  0.1806477E-02  0.3633865E-04  0.0000000E+00  0.0000000E+00 -0.4030755E-03  0.0000000E+00
         1   351      7  0.2107529E-02  0.4238742E-04  0.0000000E+00  0.0000000E+00 -0.4710903E-03  0.0000000E+00
         1   351      8  0.2408572E-02  0.4843376E-04  0.0000000E+00  0.0000000E+00 -0.5393442E-03  0.0000000E+00
         1   351      9  0.2709607E-02  0.5447758E-04  0.0000000E+00  0.0000000E+00 -0.6078370E-03  0.0000000E+00
         1   351     10  0.1176709E-02  0.2450702E-03  0.0000000E+00  0.0000000E+00  0.4628211E-01  0.1000000E-02

         1   352      0  0.0000000E+00  0.0000000E+00  0.0000000E+00  0.0000000E+00  0.0000000E+00  0.0000000E+00
         1   352      1  0.0000000E+00  0.0000000E+00  0.0000000E+00  0.0000000E+00  0.0000000E+00  0.0000000E+00
         1   352      2  0.6194284E-03  0.5704105E-04  0.0000000E+00  0.0000000E+00 -0.1333993E-03  0.0000000E+00
         1   352      3  0.9291291E-03  0.8555771E-04  0.0000000E+00  0.0000000E+00 -0.2004532E-03  0.0000000E+00
         1   352      4  0.1238821E-02  0.1140717E-03  0.0000000E+00  0.0000000E+00 -0.2677435E-03  0.0000000E+00
         1   352      5  0.1548503E-02  0.1425828E-03  0.0000000E+00  0.0000000E+00 -0.3352702E-03  0.0000000E+00
         1   352      6  0.1858176E-02  0.1710911E-03  0.0000000E+00  0.0000000E+00 -0.4030333E-03  0.0000000E+00
         1   352      7  0.2167839E-02  0.1995964E-03  0.0000000E+00  0.0000000E+00 -0.4710329E-03  0.0000000E+00
         1   352      8  0.2477493E-02  0.2280986E-03  0.0000000E+00  0.0000000E+00 -0.5392692E-03  0.0000000E+00
         1   352      9  0.2787138E-02  0.2565976E-03  0.0000000E+00  0.0000000E+00 -0.6077421E-03  0.0000000E+00
         1   352     10  0.1321677E-02  0.3369056E-03  0.0000000E+00  0.0000000E+00  0.4638097E-01  0.1000000E-02

         1   353      0  0.0000000E+00  0.0000000E+00  0.0000000E+00  0.0000000E+00  0.0000000E+00  0.0000000E+00
         1   353      1  0.0000000E+00  0.0000000E+00  0.0000000E+00  0.0000000E+00  0.0000000E+00  0.0000000E+00
         1   353      2  0.6336887E-03  0.5704105E-04  0.0000000E+00  0.0000000E+00 -0.1333995E-03  0.0000000E+00
         1   353      3  0.9505185E-03  0.8555771E-04  0.0000000E+00  0.0000000E+00 -0.2004537E-03  0.0000000E+00
         1   353      4  0.1267338E-02  0.1140717E-03  0.0000000E+00  0.0000000E+00 -0.2677444E-03  0.0000000E+00
         1   353      5  0.1584149E-02  0.1425828E-03  0.0000000E+00  0.0000000E+00 -0.3352716E-03  0.0000000E+00
         1   353      6  0.1900949E-02  0.1710911E-03  0.0000000E+00  0.0000000E+00 -0.4030353E-03  0.0000000E+00
         1   353      7  0.2217738E-02  0.1995964E-03  0.0000000E+00  0.0000000E+00 -0.4710357E-03  0.0000000E+00
         1   353      8  0.2534518E-02  0.2280986E-03  0.0000000E+00  0.0000000E+00 -0.5392728E-03  0.0000000E+00
         1   353      9  0.2851287E-02  0.2565976E-03  0.0000000E+00  0.0000000E+00 -0.6077467E-03  0.0000000E+00
         1   353     10  0.1405857E-02  0.3369056E-03  0.0000000E+00  0.0000000E+00  0.4643038E-01  0.1000000E-02

         1   354      0  0.0000000E+00  0.0000000E+00  0.0000000E+00  0.0000000E+00  0.0000000E+00  0.0000000E+00
         1   354      1  0.0000000E+00  0.0000000E+00  0.0000000E+00  0.0000000E+00  0.0000000E+00  0.0000000E+00
         1   354      2  0.6422449E-03  0.5704105E-04  0.0000000E+00  0.0000000E+00 -0.1333996E-03  0.0000000E+00
         1   354      3  0.9633522E-03  0.8555771E-04  0.0000000E+00  0.0000000E+00 -0.2004540E-03  0.0000000E+00
         1   354      4  0.1284449E-02  0.1140717E-03  0.0000000E+00  0.0000000E+00 -0.2677450E-03  0.0000000E+00
         1   354      5  0.1605536E-02  0.1425828E-03  0.0000000E+00  0.0000000E+00 -0.3352724E-03  0.0000000E+00
         1   354      6  0.1926612E-02  0.1710911E-03  0.0000000E+00  0.0000000E+00 -0.4030365E-03  0.0000000E+00
         1   354      7  0.2247678E-02  0.1995964E-03  0.0000000E+00  0.0000000E+00 -0.4710374E-03  0.0000000E+00
         1   354      8  0.2568733E-02  0.2280986E-03  0.0000000E+00  0.0000000E+00 -0.5392750E-03  0.0000000E+00
         1   354      9  0.2889777E-02  0.2565976E-03  0.0000000E+00  0.0000000E+00 -0.6077494E-03  0.0000000E+00
         1   354     10  0.1456365E-02  0.3369056E-03  0.0000000E+00  0.0000000E+00  0.4646003E-01  0.1000000E-02

         1   355      0  0.0000000E+00  0.0000000E+00  0.0000000E+00  0.0000000E+00  0.0000000E+00  0.0000000E+00
         1   355      1  0.0000000E+00  0.0000000E+00  0.0000000E+00  0.0000000E+00  0.0000000E+00  0.0000000E+00
         1   355      2  0.6565051E-03  0.5704105E-04  0.0000000E+00  0.0000000E+00 -0.1333999E-03  0.0000000E+00
         1   355      3  0.9847416E-03  0.8555771E-04  0.0000000E+00  0.0000000E+00 -0.2004546E-03  0.0000000E+00
         1   355      4  0.1312967E-02  0.1140717E-03  0.0000000E+00  0.0000000E+00 -0.2677459E-03  0.0000000E+00
         1   355      5  0.1641182E-02  0.1425828E-03  0.0000000E+00  0.0000000E+00 -0.3352738E-03  0.0000000E+00
         1   355      6  0.1969385E-02  0.1710911E-03  0.0000000E+00  0.0000000E+00 -0.4030386E-03  0.0000000E+00
         1   355      7  0.2297577E-02  0.1995964E-03  0.0000000E+00  0.0000000E+00 -0.4710401E-03  0.0000000E+00
         1   355      8  0.2625757E-02  0.2280986E-03  0.0000000E+00  0.0000000E+00 -0.5392786E-03  0.0000000E+00
         1   355      9  0.2953926E-02  0.2565976E-03  0.0000000E+00  0.0000000E+00 -0.6077540E-03  0.0000000E+00
         1   355     10  0.1540545E-02  0.3369056E-03  0.0000000E+00  0.0000000E+00  0.4650945E-01  0.1000000E-02

         1   356      0  0.0000000E+00  0.0000000E+00  0.0000000E+00  0.0000000E+00  0.0000000E+00  0.0000000E+00
         1   356      1  0.0000000E+00  0.0000000E+00  0.0000000E+00  0.0000000E+00  0.0000000E+00  0.0000000E+00
         1   356      2  0.9141071E-03  0.5268546E-04  0.0000000E+00  0.0000000E+00 -0.2235543E-03  0.0000000E+00
         1   356      3  0.1371134E-02  0.7902415E-04  0.0000000E+00  0.0000000E+00 -0.3356879E-03  0.0000000E+00
         1   356      4  0.1828143E-02  0.1053600E-03  0.0000000E+00  0.0000000E+00 -0.4480591E-03  0.0000000E+00
         1   356      5  0.2285132E-02  0.1316930E-03  0.0000000E+00  0.0000000E+00 -0.5606679E-03  0.0000000E+00
         1   356      6  0.2742102E-02  0.1580229E-03  0.0000000E+00  0.0000000E+00 -0.6735145E-03  0.0000000E+00
         1   356      7  0.3199052E-02  0.1843497E-03  0.0000000E+00  0.0000000E+00 -0.7865988E-03  0.0000000E+00
         1   356      8  0.3655981E-02  0.2106734E-03  0.0000000E+00  0.0000000E+00 -0.8999208E-03  0.0000000E+00
         1   356      9  0.4112888E-02  0.2369937E-03  0.0000000E+00  0.0000000E+00 -0.1013481E-02  0.0000000E+00
         1   356     10  0.3359055E-02  0.4380567E-03  0.0000000E+00  0.0000000E+00  0.4715961E-01  0.1000000E-02

         1   357      0  0.0000000E+00  0.0000000E+00  0.0000000E+00  0.0000000E+00  0.0000000E+00  0.0000000E+00
         1   357      1  0.0000000E+00  0.0000000E+00  0.0000000E+00  0.0000000E+00  0.0000000E+00  0.0000000E+00
         1   357      2  0.9272785E-03  0.5268546E-04  0.0000000E+00  0.0000000E+00 -0.2235545E-03  0.0000000E+00
         1   357      3  0.1390890E-02  0.7902415E-04  0.0000000E+00  0.0000000E+00 -0.3356883E-03  0.0000000E+00
         1   357      4  0.1854483E-02  0.1053600E-03  0.0000000E+00  0.0000000E+00 -0.4480599E-03  0.0000000E+00
         1   357      5  0.2318056E-02  0.1316930E-03  0.0000000E+00  0.0000000E+00 -0.5606691E-03  0.0000000E+00
         1   357      6  0.2781608E-02  0.1580229E-03  0.0000000E+00  0.0000000E+00 -0.6735162E-03  0.0000000E+00
         1   357      7  0.3245139E-02  0.1843497E-03  0.0000000E+00  0.0000000E+00 -0.7866011E-03  0.0000000E+00
         1   357      8  0.3708649E-02  0.2106734E-03  0.0000000E+00  0.0000000E+00 -0.8999239E-03  0.0000000E+00
         1   357      9  0.4172137E-02  0.2369937E-03  0.0000000E+00  0.0000000E+00 -0.1013484E-02  0.0000000E+00
         1   357     10  0.3468508E-02  0.4380567E-03  0.0000000E+00  0.0000000E+00  0.4720902E-01  0.1000000E-02

         1   358      0  0.0000000E+00  0.0000000E+00  0.0000000E+00  0.0000000E+00  0.0000000E+00  0.0000000E+00
         1   358      1  0.0000000E+00  0.0000000E+00  0.0000000E+00  0.0000000E+00  0.0000000E+00  0.0000000E+00
         1   358      2  0.9351813E-03  0.5268546E-04  0.0000000E+00  0.0000000E+00 -0.2235546E-03  0.0000000E+00
         1   358      3  0.1402744E-02  0.7902415E-04  0.0000000E+00  0.0000000E+00 -0.3356886E-03  0.0000000E+00
         1   358      4  0.1870287E-02  0.1053600E-03  0.0000000E+00  0.0000000E+00 -0.4480603E-03  0.0000000E+00
         1   358      5  0.2337809E-02  0.1316930E-03  0.0000000E+00  0.0000000E+00 -0.5606699E-03  0.0000000E+00
         1   358      6  0.2805311E-02  0.1580229E-03  0.0000000E+00  0.0000000E+00 -0.6735173E-03  0.0000000E+00
         1   358      7  0.3272792E-02  0.1843497E-03  0.0000000E+00  0.0000000E+00 -0.7866025E-03  0.0000000E+00
         1   358      8  0.3740250E-02  0.2106734E-03  0.0000000E+00  0.0000000E+00 -0.8999257E-03  0.0000000E+00
         1   358      9  0.4207686E-02  0.2369937E-03  0.0000000E+00  0.0000000E+00 -0.1013487E-02  0.0000000E+00
         1   358     10  0.3534180E-02  0.4380567E-03  0.0000000E+00  0.0000000E+00  0.4723867E-01  0.1000000E-02

         1   359      0  0.0000000E+00  0.0000000E+00  0.0000000E+00  0.0000000E+00  0.0000000E+00  0.0000000E+00
         1   359      1  0.0000000E+00  0.0000000E+00  0.0000000E+00  0.0000000E+00  0.0000000E+00  0.0000000E+00
         1   359      2  0.9483526E-03  0.5268546E-04  0.0000000E+00  0.0000000E+00 -0.2235548E-03  0.0000000E+00
         1   359      3  0.1422500E-02  0.7902415E-04  0.0000000E+00  0.0000000E+00 -0.3356890E-03  0.0000000E+00
         1   359      4  0.1896627E-02  0.1053600E-03  0.0000000E+00  0.0000000E+00 -0.4480611E-03  0.0000000E+00
         1   359      5  0.2370733E-02  0.1316930E-03  0.0000000E+00  0.0000000E+00 -0.5606711E-03  0.0000000E+00
         1   359      6  0.2844817E-02  0.1580229E-03  0.0000000E+00  0.0000000E+00 -0.6735190E-03  0.0000000E+00
         1   359      7  0.3318879E-02  0.1843497E-03  0.0000000E+00  0.0000000E+00 -0.7866049E-03  0.0000000E+00
         1   359      8  0.3792918E-02  0.2106734E-03  0.0000000E+00  0.0000000E+00 -0.8999288E-03  0.0000000E+00
         1   359      9  0.4266934E-02  0.2369937E-03  0.0000000E+00  0.0000000E+00 -0.1013491E-02  0.0000000E+00
         1   359     10  0.3643634E-02  0.4380567E-03  0.0000000E+00  0.0000000E+00  0.4728808E-01  0.1000000E-02

         1   360      0  0.0000000E+00  0.0000000E+00  0.0000000E+00  0.0000000E+00  0.0000000E+00  0.0000000E+00
         1   360      1  0.0000000E+00  0.0000000E+00  0.0000000E+00  0.0000000E+00  0.0000000E+00  0.0000000E+00
         1   360      2  0.9553992E-03 -0.2459413E-04  0.0000000E+00  0.0000000E+00 -0.2235681E-03  0.0000000E+00
         1   360      3  0.1433068E-02 -0.3689283E-04  0.0000000E+00  0.0000000E+00 -0.3357188E-03  0.0000000E+00
         1   360      4  0.1910716E-02 -0.4919267E-04  0.0000000E+00  0.0000000E+00 -0.4481141E-03  0.0000000E+00
         1   360      5  0.2388342E-02 -0.6149370E-04  0.0000000E+00  0.0000000E+00 -0.5607539E-03  0.0000000E+00
         1   360      6  0.2865945E-02 -0.7379595E-04  0.0000000E+00  0.0000000E+00 -0.6736382E-03  0.0000000E+00
         1   360      7  0.3343525E-02 -0.8609947E-04  0.0000000E+00  0.0000000E+00 -0.7867672E-03  0.0000000E+00
         1   360      8  0.3821081E-02 -0.9840431E-04  0.0000000E+00  0.0000000E+00 -0.9001407E-03  0.0000000E+00
         1   360      9  0.4298612E-02 -0.1107105E-03  0.0000000E+00  0.0000000E+00 -0.1013759E-02  0.0000000E+00
         1   360     10  0.3787679E-02  0.1365032E-03  0.0000000E+00  0.0000000E+00  0.4738671E-01  0.1000000E-02

         1   361      0  0.0000000E+00  0.0000000E+00  0.0000000E+00  0.0000000E+00  0.0000000E+00  0.0000000E+00
         1   361      1  0.0000000E+00  0.0000000E+00  0.0000000E+00  0.0000000E+00  0.0000000E+00  0.0000000E+00
         1   361      2  0.9239240E-03 -0.1008821E-03  0.0000000E+00  0.0000000E+00 -0.2235815E-03  0.0000000E+00
         1   361      3  0.1385855E-02 -0.1513223E-03  0.0000000E+00  0.0000000E+00 -0.3357491E-03  0.0000000E+00
         1   361      4  0.1847765E-02 -0.2017619E-03  0.0000000E+00  0.0000000E+00 -0.4481678E-03  0.0000000E+00
         1   361      5  0.2309653E-02 -0.2522009E-03  0.0000000E+00  0.0000000E+00 -0.5608378E-03  0.0000000E+00
         1   361      6  0.2771518E-02 -0.3026393E-03  0.0000000E+00  0.0000000E+00 -0.6737591E-03  0.0000000E+00
         1   361      7  0.3233359E-02 -0.3530771E-03  0.0000000E+00  0.0000000E+00 -0.7869317E-03  0.0000000E+00
         1   361      8  0.3695176E-02 -0.4035143E-03  0.0000000E+00  0.0000000E+00 -0.9003556E-03  0.0000000E+00
         1   361      9  0.4156968E-02 -0.4539508E-03  0.0000000E+00  0.0000000E+00 -0.1014031E-02  0.0000000E+00
         1   361     10  0.3779144E-02 -0.1705491E-03  0.0000000E+00  0.0000000E+00  0.4748535E-01  0.1000000E-02

         1   362      0  0.0000000E+00  0.0000000E+00  0.0000000E+00  0.0000000E+00  0.0000000E+00  0.0000000E+00
         1   362      1  0.0000000E+00  0.0000000E+00  0.0000000E+00  0.0000000E+00  0.0000000E+00  0.0000000E+00
         1   362      2  0.8987035E-03 -0.1008821E-03  0.0000000E+00  0.0000000E+00 -0.2235822E-03  0.0000000E+00
         1   362      3  0.1348025E-02 -0.1513223E-03  0.0000000E+00  0.0000000E+00 -0.3357506E-03  0.0000000E+00
         1   362      4  0.1797325E-02 -0.2017619E-03  0.0000000E+00  0.0000000E+00 -0.4481706E-03  0.0000000E+00
         1   362      5  0.2246603E-02 -0.2522009E-03  0.0000000E+00  0.0000000E+00 -0.5608422E-03  0.0000000E+00
         1   362      6  0.2695858E-02 -0.3026393E-03  0.0000000E+00  0.0000000E+00 -0.6737655E-03  0.0000000E+00
         1   362      7  0.3145090E-02 -0.3530771E-03  0.0000000E+00  0.0000000E+00 -0.7869404E-03  0.0000000E+00
         1   362      8  0.3594298E-02 -0.4035143E-03  0.0000000E+00  0.0000000E+00 -0.9003669E-03  0.0000000E+00
         1   362      9  0.4043481E-02 -0.4539508E-03  0.0000000E+00  0.0000000E+00 -0.1014045E-02  0.0000000E+00
         1   362     10  0.3736530E-02 -0.1705491E-03  0.0000000E+00  0.0000000E+00  0.4753478E-01  0.1000000E-02

         1   363      0  0.0000000E+00  0.0000000E+00  0.0000000E+00  0.0000000E+00  0.0000000E+00  0.0000000E+00
         1   363      1  0.0000000E+00  0.0000000E+00  0.0000000E+00  0.0000000E+00  0.0000000E+00  0.0000000E+00
         1   363      2  0.8835712E-03 -0.1008821E-03  0.0000000E+00  0.0000000E+00 -0.2235827E-03  0.0000000E+00
         1   363      3  0.1325326E-02 -0.1513223E-03  0.0000000E+00  0.0000000E+00 -0.3357516E-03  0.0000000E+00
         1   363      4  0.1767060E-02 -0.2017619E-03  0.0000000E+00  0.0000000E+00 -0.4481723E-03  0.0000000E+00
         1   363      5  0.2208772E-02 -0.2522009E-03  0.0000000E+00  0.0000000E+00 -0.5608449E-03  0.0000000E+00
         1   363      6  0.2650462E-02 -0.3026393E-03  0.0000000E+00  0.0000000E+00 -0.6737693E-03  0.0000000E+00
         1   363      7  0.3092128E-02 -0.3530771E-03  0.0000000E+00  0.0000000E+00 -0.7869456E-03  0.0000000E+00
         1   363      8  0.3533770E-02 -0.4035143E-03  0.0000000E+00  0.0000000E+00 -0.9003737E-03  0.0000000E+00
         1   363      9  0.3975388E-02 -0.4539508E-03  0.0000000E+00  0.0000000E+00 -0.1014054E-02  0.0000000E+00
         1   363     10  0.3710962E-02 -0.1705491E-03  0.0000000E+00  0.0000000E+00  0.4756443E-01  0.1000000E-02

         1   364      0  0.0000000E+00  0.0000000E+00  0.0000000E+00  0.0000000E+00  0.0000000E+00  0.0000000E+00
         1   364      1  0.0000000E+00  0.0000000E+00  0.0000000E+00  0.0000000E+00  0.0000000E+00  0.0000000E+00
         1   364      2  0.8583506E-03 -0.1008821E-03  0.0000000E+00  0.0000000E+00 -0.2235834E-03  0.0000000E+00
         1   364      3  0.1287496E-02 -0.1513223E-03  0.0000000E+00  0.0000000E+00 -0.3357532E-03  0.0000000E+00
         1   364      4  0.1716620E-02 -0.2017619E-03  0.0000000E+00  0.0000000E+00 -0.4481752E-03  0.0000000E+00
         1   364      5  0.2145722E-02 -0.2522009E-03  0.0000000E+00  0.0000000E+00 -0.5608493E-03  0.0000000E+00
         1   364      6  0.2574802E-02 -0.3026393E-03  0.0000000E+00  0.0000000E+00 -0.6737756E-03  0.0000000E+00
         1   364      7  0.3003859E-02 -0.3530771E-03  0.0000000E+00  0.0000000E+00 -0.7869542E-03  0.0000000E+00
         1   364      8  0.3432892E-02 -0.4035143E-03  0.0000000E+00  0.0000000E+00 -0.9003850E-03  0.0000000E+00
         1   364      9  0.3861900E-02 -0.4539508E-03  0.0000000E+00  0.0000000E+00 -0.1014068E-02  0.0000000E+00
         1   364     10  0.3668349E-02 -0.1705491E-03  0.0000000E+00  0.0000000E+00  0.4761385E-01  0.1000000E-02

         1   365      0  0.0000000E+00  0.0000000E+00  0.0000000E+00  0.0000000E+00  0.0000000E+00  0.0000000E+00
         1   365      1  0.0000000E+00  0.0000000E+00  0.0000000E+00  0.0000000E+00  0.0000000E+00  0.0000000E+00
         1   365      2  0.3766359E-03 -0.1043079E-03  0.0000000E+00  0.0000000E+00 -0.2944830E-03  0.0000000E+00
         1   365      3  0.5649137E-03 -0.1564619E-03  0.0000000E+00  0.0000000E+00 -0.4421097E-03  0.0000000E+00
         1   365      4  0.7531640E-03 -0.2086158E-03  0.0000000E+00  0.0000000E+00 -0.5899930E-03  0.0000000E+00
         1   365      5  0.9413861E-03 -0.2607696E-03  0.0000000E+00  0.0000000E+00 -0.7381329E-03  0.0000000E+00
         1   365      6  0.1129579E-02 -0.3129234E-03  0.0000000E+00  0.0000000E+00 -0.8865295E-03  0.0000000E+00
         1   365      7  0.1317743E-02 -0.3650770E-03  0.0000000E+00  0.0000000E+00 -0.1035183E-02  0.0000000E+00
         1   365      8  0.1505877E-02 -0.4172306E-03  0.0000000E+00  0.0000000E+00 -0.1184092E-02  0.0000000E+00
         1   365      9  0.1693980E-02 -0.4693840E-03  0.0000000E+00  0.0000000E+00 -0.1333258E-02  0.0000000E+00
         1   365     10  0.3093199E-02 -0.7453981E-04  0.0000000E+00  0.0000000E+00  0.4815740E-01  0.1000000E-02

         1   366      0  0.0000000E+00  0.0000000E+00  0.0000000E+00  0.0000000E+00  0.0000000E+00  0.0000000E+00
         1   366      1  0.0000000E+00  0.0000000E+00  0.0000000E+00  0.0000000E+00  0.0000000E+00  0.0000000E+00
         1   366      2  0.3505589E-03 -0.1043079E-03  0.0000000E+00  0.0000000E+00 -0.2944838E-03  0.0000000E+00
         1   366      3  0.5257982E-03 -0.1564619E-03  0.0000000E+00  0.0000000E+00 -0.4421114E-03  0.0000000E+00
         1   366      4  0.7010100E-03 -0.2086158E-03  0.0000000E+00  0.0000000E+00 -0.5899960E-03  0.0000000E+00
         1   366      5  0.8761937E-03 -0.2607696E-03  0.0000000E+00  0.0000000E+00 -0.7381376E-03  0.0000000E+00
         1   366      6  0.1051348E-02 -0.3129234E-03  0.0000000E+00  0.0000000E+00 -0.8865363E-03  0.0000000E+00
         1   366      7  0.1226474E-02 -0.3650770E-03  0.0000000E+00  0.0000000E+00 -0.1035192E-02  0.0000000E+00
         1   366      8  0.1401569E-02 -0.4172306E-03  0.0000000E+00  0.0000000E+00 -0.1184104E-02  0.0000000E+00
         1   366      9  0.1576634E-02 -0.4693840E-03  0.0000000E+00  0.0000000E+00 -0.1333273E-02  0.0000000E+00
         1   366     10  0.3074575E-02 -0.7453981E-04  0.0000000E+00  0.0000000E+00  0.4820682E-01  0.1000000E-02

         1   367      0  0.0000000E+00  0.0000000E+00  0.0000000E+00  0.0000000E+00  0.0000000E+00  0.0000000E+00
         1   367      1  0.0000000E+00  0.0000000E+00  0.0000000E+00  0.0000000E+00  0.0000000E+00  0.0000000E+00
         1   367      2  0.3349127E-03 -0.1043079E-03  0.0000000E+00  0.0000000E+00 -0.2944842E-03  0.0000000E+00
         1   367      3  0.5023289E-03 -0.1564619E-03  0.0000000E+00  0.0000000E+00 -0.4421124E-03  0.0000000E+00
         1   367      4  0.6697177E-03 -0.2086158E-03  0.0000000E+00  0.0000000E+00 -0.5899978E-03  0.0000000E+00
         1   367      5  0.8370782E-03 -0.2607696E-03  0.0000000E+00  0.0000000E+00 -0.7381405E-03  0.0000000E+00
         1   367      6  0.1004410E-02 -0.3129234E-03  0.0000000E+00  0.0000000E+00 -0.8865403E-03  0.0000000E+00
         1   367      7  0.1171712E-02 -0.3650770E-03  0.0000000E+00  0.0000000E+00 -0.1035197E-02  0.0000000E+00
         1   367      8  0.1338985E-02 -0.4172306E-03  0.0000000E+00  0.0000000E+00 -0.1184111E-02  0.0000000E+00
         1   367      9  0.1506226E-02 -0.4693840E-03  0.0000000E+00  0.0000000E+00 -0.1333283E-02  0.0000000E+00
         1   367     10  0.3063400E-02 -0.7453981E-04  0.0000000E+00  0.0000000E+00  0.4823647E-01  0.1000000E-02

         1   368      0  0.0000000E+00  0.0000000E+00  0.0000000E+00  0.0000000E+00  0.0000000E+00  0.0000000E+00
         1   368      1  0.0000000E+00  0.0000000E+00  0.0000000E+00  0.0000000E+00  0.0000000E+00  0.0000000E+00
         1   368      2  0.3088357E-03 -0.1043079E-03  0.0000000E+00  0.0000000E+00 -0.2944850E-03  0.0000000E+00
         1   368      3  0.4632135E-03 -0.1564619E-03  0.0000000E+00  0.0000000E+00 -0.4421141E-03  0.0000000E+00
         1   368      4  0.6175637E-03 -0.2086158E-03  0.0000000E+00  0.0000000E+00 -0.5900008E-03  0.0000000E+00
         1   368      5  0.7718858E-03 -0.2607696E-03  0.0000000E+00  0.0000000E+00 -0.7381452E-03  0.0000000E+00
         1   368      6  0.9261791E-03 -0.3129234E-03  0.0000000E+00  0.0000000E+00 -0.8865471E-03  0.0000000E+00
         1   368      7  0.1080443E-02 -0.3650770E-03  0.0000000E+00  0.0000000E+00 -0.1035207E-02  0.0000000E+00
         1   368      8  0.1234677E-02 -0.4172306E-03  0.0000000E+00  0.0000000E+00 -0.1184124E-02  0.0000000E+00
         1   368      9  0.1388880E-02 -0.4693840E-03  0.0000000E+00  0.0000000E+00 -0.1333298E-02  0.0000000E+00
         1   368     10  0.3044775E-02 -0.7453981E-04  0.0000000E+00  0.0000000E+00  0.4828590E-01  0.1000000E-02

         1   369      0  0.0000000E+00  0.0000000E+00  0.0000000E+00  0.0000000E+00  0.0000000E+00  0.0000000E+00
         1   369      1  0.0000000E+00  0.0000000E+00  0.0000000E+00  0.0000000E+00  0.0000000E+00  0.0000000E+00
         1   369      2  0.2620736E-03 -0.8331512E-04  0.0000000E+00  0.0000000E+00 -0.2944851E-03  0.0000000E+00
         1   369      3  0.3930696E-03 -0.1249756E-03  0.0000000E+00  0.0000000E+00 -0.4421144E-03  0.0000000E+00
         1   369      4  0.5240375E-03 -0.1666381E-03  0.0000000E+00  0.0000000E+00 -0.5900014E-03  0.0000000E+00
         1   369      5  0.6549769E-03 -0.2083026E-03  0.0000000E+00  0.0000000E+00 -0.7381461E-03  0.0000000E+00
         1   369      6  0.7858869E-03 -0.2499692E-03  0.0000000E+00  0.0000000E+00 -0.8865485E-03  0.0000000E+00
         1   369      7  0.9167671E-03 -0.2916379E-03  0.0000000E+00  0.0000000E+00 -0.1035208E-02  0.0000000E+00
         1   369      8  0.1047617E-02 -0.3333087E-03  0.0000000E+00  0.0000000E+00 -0.1184126E-02  0.0000000E+00
         1   369      9  0.1178435E-02 -0.3749816E-03  0.0000000E+00  0.0000000E+00 -0.1333301E-02  0.0000000E+00
         1   369     10  0.3063570E-02  0.1499899E-03  0.0000000E+00  0.0000000E+00  0.4838487E-01  0.1000000E-02

         1   370      0  0.0000000E+00  0.0000000E+00  0.0000000E+00  0.0000000E+00  0.0000000E+00  0.0000000E+00
         1   370      1  0.0000000E+00  0.0000000E+00  0.0000000E+00  0.0000000E+00  0.0000000E+00  0.0000000E+00
         1   370      2  0.2250075E-03 -0.6540472E-04  0.0000000E+00  0.0000000E+00 -0.2944851E-03  0.0000000E+00
         1   370      3  0.3374682E-03 -0.9811310E-04  0.0000000E+00  0.0000000E+00 -0.4421144E-03  0.0000000E+00
         1   370      4  0.4498994E-03 -0.1308256E-03  0.0000000E+00  0.0000000E+00 -0.5900014E-03  0.0000000E+00
         1   370      5  0.5623003E-03 -0.1635423E-03  0.0000000E+00  0.0000000E+00 -0.7381461E-03  0.0000000E+00
         1   370      6  0.6746705E-03 -0.1962632E-03  0.0000000E+00  0.0000000E+00 -0.8865484E-03  0.0000000E+00
         1   370      7  0.7870091E-03 -0.2289885E-03  0.0000000E+00  0.0000000E+00 -0.1035208E-02  0.0000000E+00
         1   370      8  0.8993155E-03 -0.2617183E-03  0.0000000E+00  0.0000000E+00 -0.1184126E-02  0.0000000E+00
         1   370      9  0.1011589E-02 -0.2944525E-03  0.0000000E+00  0.0000000E+00 -0.1333301E-02  0.0000000E+00
         1   370     10  0.3195604E-02  0.3800638E-03  0.0000000E+00  0.0000000E+00  0.4848384E-01  0.1000000E-02

         1   371      0  0.0000000E+00  0.0000000E+00  0.0000000E+00  0.0000000E+00  0.0000000E+00  0.0000000E+00
         1   371      1  0.0000000E+00  0.0000000E+00  0.0000000E+00  0.0000000E+00  0.0000000E+00  0.0000000E+00
         1   371      2  0.2086563E-03 -0.6540472E-04  0.0000000E+00  0.0000000E+00 -0.2944854E-03  0.0000000E+00
         1   371      3  0.3129399E-03 -0.9811310E-04  0.0000000E+00  0.0000000E+00 -0.4421151E-03  0.0000000E+00
         1   371      4  0.4171930E-03 -0.1308256E-03  0.0000000E+00  0.0000000E+00 -0.5900026E-03  0.0000000E+00
         1   371      5  0.5214148E-03 -0.1635423E-03  0.0000000E+00  0.0000000E+00 -0.7381479E-03  0.0000000E+00
         1   371      6  0.6256047E-03 -0.1962632E-03  0.0000000E+00  0.0000000E+00 -0.8865511E-03  0.0000000E+00
         1   371      7  0.7297619E-03 -0.2289885E-03  0.0000000E+00  0.0000000E+00 -0.1035212E-02  0.0000000E+00
         1   371      8  0.8338860E-03 -0.2617183E-03  0.0000000E+00  0.0000000E+00 -0.1184131E-02  0.0000000E+00
         1   371      9  0.9379761E-03 -0.2944525E-03  0.0000000E+00  0.0000000E+00 -0.1333307E-02  0.0000000E+00
         1   371     10  0.3290568E-02  0.3800638E-03  0.0000000E+00  0.0000000E+00  0.4853325E-01  0.1000000E-02

         1   372      0  0.0000000E+00  0.0000000E+00  0.0000000E+00  0.0000000E+00  0.0000000E+00  0.0000000E+00
         1   372      1  0.0000000E+00  0.0000000E+00  0.0000000E+00  0.0000000E+00  0.0000000E+00  0.0000000E+00
         1   372      2  0.1988456E-03 -0.6540472E-04  0.0000000E+00  0.0000000E+00 -0.2944856E-03  0.0000000E+00
         1   372      3  0.2982229E-03 -0.9811310E-04  0.0000000E+00  0.0000000E+00 -0.4421155E-03  0.0000000E+00
         1   372      4  0.3975691E-03 -0.1308256E-03  0.0000000E+00  0.0000000E+00 -0.5900033E-03  0.0000000E+00
         1   372      5  0.4968834E-03 -0.1635423E-03  0.0000000E+00  0.0000000E+00 -0.7381491E-03  0.0000000E+00
         1   372      6  0.5961652E-03 -0.1962632E-03  0.0000000E+00  0.0000000E+00 -0.8865527E-03  0.0000000E+00
         1   372      7  0.6954137E-03 -0.2289885E-03  0.0000000E+00  0.0000000E+00 -0.1035214E-02  0.0000000E+00
         1   372      8  0.7946282E-03 -0.2617183E-03  0.0000000E+00  0.0000000E+00 -0.1184133E-02  0.0000000E+00
         1   372      9  0.8938082E-03 -0.2944525E-03  0.0000000E+00  0.0000000E+00 -0.1333310E-02  0.0000000E+00
         1   372     10  0.3347546E-02  0.3800638E-03  0.0000000E+00  0.0000000E+00  0.4856290E-01  0.1000000E-02

         1   373      0  0.0000000E+00  0.0000000E+00  0.0000000E+00  0.0000000E+00  0.0000000E+00  0.0000000E+00
         1   373      1  0.0000000E+00  0.0000000E+00  0.0000000E+00  0.0000000E+00  0.0000000E+00  0.0000000E+00
         1   373      2  0.1824944E-03 -0.6540472E-04  0.0000000E+00  0.0000000E+00 -0.2944859E-03  0.0000000E+00
         1   373      3  0.2736947E-03 -0.9811310E-04  0.0000000E+00  0.0000000E+00 -0.4421161E-03  0.0000000E+00
         1   373      4  0.3648627E-03 -0.1308256E-03  0.0000000E+00  0.0000000E+00 -0.5900045E-03  0.0000000E+00
         1   373      5  0.4559979E-03 -0.1635423E-03  0.0000000E+00  0.0000000E+00 -0.7381509E-03  0.0000000E+00
         1   373      6  0.5470994E-03 -0.1962632E-03  0.0000000E+00  0.0000000E+00 -0.8865554E-03  0.0000000E+00
         1   373      7  0.6381665E-03 -0.2289885E-03  0.0000000E+00  0.0000000E+00 -0.1035218E-02  0.0000000E+00
         1   373      8  0.7291987E-03 -0.2617183E-03  0.0000000E+00  0.0000000E+00 -0.1184138E-02  0.0000000E+00
         1   373      9  0.8201951E-03 -0.2944525E-03  0.0000000E+00  0.0000000E+00 -0.1333316E-02  0.0000000E+00
         1   373     10  0.3442509E-02  0.3800638E-03  0.0000000E+00  0.0000000E+00  0.4861231E-01  0.1000000E-02

         1   374      0  0.0000000E+00  0.0000000E+00  0.0000000E+00  0.0000000E+00  0.0000000E+00  0.0000000E+00
         1   374      1  0.0000000E+00  0.0000000E+00  0.0000000E+00  0.0000000E+00  0.0000000E+00  0.0000000E+00
         1   374      2 -0.1249667E-03 -0.6556478E-04  0.0000000E+00  0.0000000E+00 -0.2977934E-03  0.0000000E+00
         1   374      3 -0.1875257E-03 -0.9835325E-04  0.0000000E+00  0.0000000E+00 -0.4470746E-03  0.0000000E+00
         1   374      4 -0.2501366E-03 -0.1311459E-03  0.0000000E+00  0.0000000E+00 -0.5966119E-03  0.0000000E+00
         1   374      5 -0.3128004E-03 -0.1639427E-03  0.0000000E+00  0.0000000E+00 -0.7464051E-03  0.0000000E+00
         1   374      6 -0.3755182E-03 -0.1967439E-03  0.0000000E+00  0.0000000E+00 -0.8964541E-03  0.0000000E+00
         1   374      7 -0.4382910E-03 -0.2295494E-03  0.0000000E+00  0.0000000E+00 -0.1046759E-02  0.0000000E+00
         1   374      8 -0.5011199E-03 -0.2623593E-03  0.0000000E+00  0.0000000E+00 -0.1197319E-02  0.0000000E+00
         1   374      9 -0.5640060E-03 -0.2951738E-03  0.0000000E+00  0.0000000E+00 -0.1348134E-02  0.0000000E+00
         1   374     10  0.5437890E-02  0.4701816E-03  0.0000000E+00  0.0000000E+00  0.4903411E-01  0.1000000E-02

         1   375      0  0.0000000E+00  0.0000000E+00  0.0000000E+00  0.0000000E+00  0.0000000E+00  0.0000000E+00
         1   375      1  0.0000000E+00  0.0000000E+00  0.0000000E+00  0.0000000E+00  0.0000000E+00  0.0000000E+00
         1   375      2 -0.1413579E-03 -0.6556478E-04  0.0000000E+00  0.0000000E+00 -0.2977937E-03  0.0000000E+00
         1   375      3 -0.2121140E-03 -0.9835325E-04  0.0000000E+00  0.0000000E+00 -0.4470753E-03  0.0000000E+00
         1   375      4 -0.2829231E-03 -0.1311459E-03  0.0000000E+00  0.0000000E+00 -0.5966131E-03  0.0000000E+00
         1   375      5 -0.3537861E-03 -0.1639427E-03  0.0000000E+00  0.0000000E+00 -0.7464069E-03  0.0000000E+00
         1   375      6 -0.4247042E-03 -0.1967439E-03  0.0000000E+00  0.0000000E+00 -0.8964568E-03  0.0000000E+00
         1   375      7 -0.4956784E-03 -0.2295494E-03  0.0000000E+00  0.0000000E+00 -0.1046762E-02  0.0000000E+00
         1   375      8 -0.5667098E-03 -0.2623593E-03  0.0000000E+00  0.0000000E+00 -0.1197324E-02  0.0000000E+00
         1   375      9 -0.6377994E-03 -0.2951738E-03  0.0000000E+00  0.0000000E+00 -0.1348141E-02  0.0000000E+00
         1   375     10  0.5555370E-02  0.4701816E-03  0.0000000E+00  0.0000000E+00  0.4908352E-01  0.1000000E-02

         1   376      0  0.0000000E+00  0.0000000E+00  0.0000000E+00  0.0000000E+00  0.0000000E+00  0.0000000E+00
         1   376      1  0.0000000E+00  0.0000000E+00  0.0000000E+00  0.0000000E+00  0.0000000E+00  0.0000000E+00
         1   376      2 -0.1511926E-03 -0.6556478E-04  0.0000000E+00  0.0000000E+00 -0.2977939E-03  0.0000000E+00
         1   376      3 -0.2268670E-03 -0.9835325E-04  0.0000000E+00  0.0000000E+00 -0.4470757E-03  0.0000000E+00
         1   376      4 -0.3025950E-03 -0.1311459E-03  0.0000000E+00  0.0000000E+00 -0.5966138E-03  0.0000000E+00
         1   376      5 -0.3783775E-03 -0.1639427E-03  0.0000000E+00  0.0000000E+00 -0.7464081E-03  0.0000000E+00
         1   376      6 -0.4542158E-03 -0.1967439E-03  0.0000000E+00  0.0000000E+00 -0.8964584E-03  0.0000000E+00
         1   376      7 -0.5301108E-03 -0.2295494E-03  0.0000000E+00  0.0000000E+00 -0.1046765E-02  0.0000000E+00
         1   376      8 -0.6060637E-03 -0.2623593E-03  0.0000000E+00  0.0000000E+00 -0.1197327E-02  0.0000000E+00
         1   376      9 -0.6820755E-03 -0.2951738E-03  0.0000000E+00  0.0000000E+00 -0.1348144E-02  0.0000000E+00
         1   376     10  0.5625858E-02  0.4701816E-03  0.0000000E+00  0.0000000E+00  0.4911317E-01  0.1000000E-02

         1   377      0  0.0000000E+00  0.0000000E+00  0.0000000E+00  0.0000000E+00  0.0000000E+00  0.0000000E+00
         1   377      1  0.0000000E+00  0.0000000E+00  0.0000000E+00  0.0000000E+00  0.0000000E+00  0.0000000E+00
         1   377      2 -0.1675838E-03 -0.6556478E-04  0.0000000E+00  0.0000000E+00 -0.2977942E-03  0.0000000E+00
         1   377      3 -0.2514553E-03 -0.9835325E-04  0.0000000E+00  0.0000000E+00 -0.4470763E-03  0.0000000E+00
         1   377      4 -0.3353814E-03 -0.1311459E-03  0.0000000E+00  0.0000000E+00 -0.5966150E-03  0.0000000E+00
         1   377      5 -0.4193632E-03 -0.1639427E-03  0.0000000E+00  0.0000000E+00 -0.7464099E-03  0.0000000E+00
         1   377      6 -0.5034017E-03 -0.1967439E-03  0.0000000E+00  0.0000000E+00 -0.8964611E-03  0.0000000E+00
         1   377      7 -0.5874981E-03 -0.2295494E-03  0.0000000E+00  0.0000000E+00 -0.1046768E-02  0.0000000E+00
         1   377      8 -0.6716535E-03 -0.2623593E-03  0.0000000E+00  0.0000000E+00 -0.1197331E-02  0.0000000E+00
         1   377      9 -0.7558690E-03 -0.2951738E-03  0.0000000E+00  0.0000000E+00 -0.1348150E-02  0.0000000E+00
         1   377     10  0.5743338E-02  0.4701816E-03  0.0000000E+00  0.0000000E+00  0.4916257E-01  0.1000000E-02

         1   378      0  0.0000000E+00  0.0000000E+00  0.0000000E+00  0.0000000E+00  0.0000000E+00  0.0000000E+00
         1   378      1  0.0000000E+00  0.0000000E+00  0.0000000E+00  0.0000000E+00  0.0000000E+00  0.0000000E+00
         1   378      2 -0.1967671E-03 -0.5077457E-04  0.0000000E+00  0.0000000E+00 -0.2977952E-03  0.0000000E+00
         1   378      3 -0.2952317E-03 -0.7616142E-04  0.0000000E+00  0.0000000E+00 -0.4470785E-03  0.0000000E+00
         1   378      4 -0.3937518E-03 -0.1015479E-03  0.0000000E+00  0.0000000E+00 -0.5966188E-03  0.0000000E+00
         1   378      5 -0.4923286E-03 -0.1269341E-03  0.0000000E+00  0.0000000E+00 -0.7464159E-03  0.0000000E+00
         1   378      6 -0.5909631E-03 -0.1523200E-03  0.0000000E+00  0.0000000E+00 -0.8964697E-03  0.0000000E+00
         1   378      7 -0.6896565E-03 -0.1777055E-03  0.0000000E+00  0.0000000E+00 -0.1046780E-02  0.0000000E+00
         1   378      8 -0.7884099E-03 -0.2030905E-03  0.0000000E+00  0.0000000E+00 -0.1197347E-02  0.0000000E+00
         1   378      9 -0.8872244E-03 -0.2284752E-03  0.0000000E+00  0.0000000E+00 -0.1348170E-02  0.0000000E+00
         1   378     10  0.5861038E-02 -0.7100691E-06  0.0000000E+00  0.0000000E+00  0.4926093E-01  0.1000000E-02

         1   379      0  0.0000000E+00  0.0000000E+00  0.0000000E+00  0.0000000E+00  0.0000000E+00  0.0000000E+00
         1   379      1  0.0000000E+00  0.0000000E+00  0.0000000E+00  0.0000000E+00  0.0000000E+00  0.0000000E+00
         1   379      2 -0.2180167E-03 -0.3393712E-04  0.0000000E+00  0.0000000E+00 -0.2977961E-03  0.0000000E+00
         1   379      3 -0.3271043E-03 -0.5089874E-04  0.0000000E+00  0.0000000E+00 -0.4470805E-03  0.0000000E+00
         1   379      4 -0.4362461E-03 -0.6785558E-04  0.0000000E+00  0.0000000E+00 -0.5966223E-03  0.0000000E+00
         1   379      5 -0.5454432E-03 -0.8480755E-04  0.0000000E+00  0.0000000E+00 -0.7464214E-03  0.0000000E+00
         1   379      6 -0.6546967E-03 -0.1017545E-03  0.0000000E+00  0.0000000E+00 -0.8964776E-03  0.0000000E+00
         1   379      7 -0.7640078E-03 -0.1186964E-03  0.0000000E+00  0.0000000E+00 -0.1046791E-02  0.0000000E+00
         1   379      8 -0.8733774E-03 -0.1356331E-03  0.0000000E+00  0.0000000E+00 -0.1197361E-02  0.0000000E+00
         1   379      9 -0.9828068E-03 -0.1525645E-03  0.0000000E+00  0.0000000E+00 -0.1348188E-02  0.0000000E+00
         1   379     10  0.5742633E-02 -0.4715732E-03  0.0000000E+00  0.0000000E+00  0.4935928E-01  0.1000000E-02

         1   380      0  0.0000000E+00  0.0000000E+00  0.0000000E+00  0.0000000E+00  0.0000000E+00  0.0000000E+00
         1   380      1  0.0000000E+00  0.0000000E+00  0.0000000E+00  0.0000000E+00  0.0000000E+00  0.0000000E+00
         1   380      2 -0.2265010E-03 -0.3393712E-04  0.0000000E+00  0.0000000E+00 -0.2977961E-03  0.0000000E+00
         1   380      3 -0.3398290E-03 -0.5089874E-04  0.0000000E+00  0.0000000E+00 -0.4470807E-03  0.0000000E+00
         1   380      4 -0.4532100E-03 -0.6785558E-04  0.0000000E+00  0.0000000E+00 -0.5966226E-03  0.0000000E+00
         1   380      5 -0.5666451E-03 -0.8480755E-04  0.0000000E+00  0.0000000E+00 -0.7464219E-03  0.0000000E+00
         1   380      6 -0.6801354E-03 -0.1017545E-03  0.0000000E+00  0.0000000E+00 -0.8964783E-03  0.0000000E+00
         1   380      7 -0.7936819E-03 -0.1186964E-03  0.0000000E+00  0.0000000E+00 -0.1046792E-02  0.0000000E+00
         1   380      8 -0.9072857E-03 -0.1356331E-03  0.0000000E+00  0.0000000E+00 -0.1197362E-02  0.0000000E+00
         1   380      9 -0.1020948E-02 -0.1525645E-03  0.0000000E+00  0.0000000E+00 -0.1348189E-02  0.0000000E+00
         1   380     10  0.5624806E-02 -0.4715732E-03  0.0000000E+00  0.0000000E+00  0.4940869E-01  0.1000000E-02

         1   381      0  0.0000000E+00  0.0000000E+00  0.0000000E+00  0.0000000E+00  0.0000000E+00  0.0000000E+00
         1   381      1  0.0000000E+00  0.0000000E+00  0.0000000E+00  0.0000000E+00  0.0000000E+00  0.0000000E+00
         1   381      2 -0.2315916E-03 -0.3393712E-04  0.0000000E+00  0.0000000E+00 -0.2977962E-03  0.0000000E+00
         1   381      3 -0.3474638E-03 -0.5089874E-04  0.0000000E+00  0.0000000E+00 -0.4470808E-03  0.0000000E+00
         1   381      4 -0.4633883E-03 -0.6785558E-04  0.0000000E+00  0.0000000E+00 -0.5966228E-03  0.0000000E+00
         1   381      5 -0.5793662E-03 -0.8480755E-04  0.0000000E+00  0.0000000E+00 -0.7464222E-03  0.0000000E+00
         1   381      6 -0.6953985E-03 -0.1017545E-03  0.0000000E+00  0.0000000E+00 -0.8964788E-03  0.0000000E+00
         1   381      7 -0.8114864E-03 -0.1186964E-03  0.0000000E+00  0.0000000E+00 -0.1046792E-02  0.0000000E+00
         1   381      8 -0.9276307E-03 -0.1356331E-03  0.0000000E+00  0.0000000E+00 -0.1197363E-02  0.0000000E+00
         1   381      9 -0.1043833E-02 -0.1525645E-03  0.0000000E+00  0.0000000E+00 -0.1348190E-02  0.0000000E+00
         1   381     10  0.5554109E-02 -0.4715732E-03  0.0000000E+00  0.0000000E+00  0.4943833E-01  0.1000000E-02

         1   382      0  0.0000000E+00  0.0000000E+00  0.0000000E+00  0.0000000E+00  0.0000000E+00  0.0000000E+00
         1   382      1  0.0000000E+00  0.0000000E+00  0.0000000E+00  0.0000000E+00  0.0000000E+00  0.0000000E+00
         1   382      2 -0.2400758E-03 -0.3393712E-04  0.0000000E+00  0.0000000E+00 -0.2977963E-03  0.0000000E+00
         1   382      3 -0.3601884E-03 -0.5089874E-04  0.0000000E+00  0.0000000E+00 -0.4470809E-03  0.0000000E+00
         1   382      4 -0.4803522E-03 -0.6785558E-04  0.0000000E+00  0.0000000E+00 -0.5966231E-03  0.0000000E+00
         1   382      5 -0.6005681E-03 -0.8480755E-04  0.0000000E+00  0.0000000E+00 -0.7464227E-03  0.0000000E+00
         1   382      6 -0.7208372E-03 -0.1017545E-03  0.0000000E+00  0.0000000E+00 -0.8964795E-03  0.0000000E+00
         1   382      7 -0.8411605E-03 -0.1186964E-03  0.0000000E+00  0.0000000E+00 -0.1046793E-02  0.0000000E+00
         1   382      8 -0.9615390E-03 -0.1356331E-03  0.0000000E+00  0.0000000E+00 -0.1197364E-02  0.0000000E+00
         1   382      9 -0.1081974E-02 -0.1525645E-03  0.0000000E+00  0.0000000E+00 -0.1348192E-02  0.0000000E+00
         1   382     10  0.5436281E-02 -0.4715732E-03  0.0000000E+00  0.0000000E+00  0.4948774E-01  0.1000000E-02

         1   383      0  0.0000000E+00  0.0000000E+00  0.0000000E+00  0.0000000E+00  0.0000000E+00  0.0000000E+00
         1   383      1  0.0000000E+00  0.0000000E+00  0.0000000E+00  0.0000000E+00  0.0000000E+00  0.0000000E+00
         1   383      2 -0.3952774E-03 -0.3217548E-04  0.0000000E+00  0.0000000E+00 -0.2613303E-03  0.0000000E+00
         1   383      3 -0.5929558E-03 -0.4825607E-04  0.0000000E+00  0.0000000E+00 -0.3923767E-03  0.0000000E+00
         1   383      4 -0.7906611E-03 -0.6433173E-04  0.0000000E+00  0.0000000E+00 -0.5236770E-03  0.0000000E+00
         1   383      5 -0.9883941E-03 -0.8040237E-04  0.0000000E+00  0.0000000E+00 -0.6552309E-03  0.0000000E+00
         1   383      6 -0.1186155E-02 -0.9646786E-04  0.0000000E+00  0.0000000E+00 -0.7870381E-03  0.0000000E+00
         1   383      7 -0.1383945E-02 -0.1125281E-03  0.0000000E+00  0.0000000E+00 -0.9190986E-03  0.0000000E+00
         1   383      8 -0.1581763E-02 -0.1285830E-03  0.0000000E+00  0.0000000E+00 -0.1051412E-02  0.0000000E+00
         1   383      9 -0.1779612E-02 -0.1446324E-03  0.0000000E+00  0.0000000E+00 -0.1183978E-02  0.0000000E+00
         1   383     10  0.3434432E-02 -0.3814287E-03  0.0000000E+00  0.0000000E+00  0.4991009E-01  0.1000000E-02

         1   384      0  0.0000000E+00  0.0000000E+00  0.0000000E+00  0.0000000E+00  0.0000000E+00  0.0000000E+00
         1   384      1  0.0000000E+00  0.0000000E+00  0.0000000E+00  0.0000000E+00  0.0000000E+00  0.0000000E+00
         1   384      2 -0.4033213E-03 -0.3217548E-04  0.0000000E+00  0.0000000E+00 -0.2613304E-03  0.0000000E+00
         1   384      3 -0.6050198E-03 -0.4825607E-04  0.0000000E+00  0.0000000E+00 -0.3923769E-03  0.0000000E+00
         1   384      4 -0.8067441E-03 -0.6433173E-04  0.0000000E+00  0.0000000E+00 -0.5236773E-03  0.0000000E+00
         1   384      5 -0.1008495E-02 -0.8040237E-04  0.0000000E+00  0.0000000E+00 -0.6552313E-03  0.0000000E+00
         1   384      6 -0.1210272E-02 -0.9646786E-04  0.0000000E+00  0.0000000E+00 -0.7870388E-03  0.0000000E+00
         1   384      7 -0.1412077E-02 -0.1125281E-03  0.0000000E+00  0.0000000E+00 -0.9190994E-03  0.0000000E+00
         1   384      8 -0.1613909E-02 -0.1285830E-03  0.0000000E+00  0.0000000E+00 -0.1051413E-02  0.0000000E+00
         1   384      9 -0.1815770E-02 -0.1446324E-03  0.0000000E+00  0.0000000E+00 -0.1183979E-02  0.0000000E+00
         1   384     10  0.3339127E-02 -0.3814287E-03  0.0000000E+00  0.0000000E+00  0.4995951E-01  0.1000000E-02

         1   385      0  0.0000000E+00  0.0000000E+00  0.0000000E+00  0.0000000E+00  0.0000000E+00  0.0000000E+00
         1   385      1  0.0000000E+00  0.0000000E+00  0.0000000E+00  0.0000000E+00  0.0000000E+00  0.0000000E+00
         1   385      2 -0.4081476E-03 -0.3217548E-04  0.0000000E+00  0.0000000E+00 -0.2613304E-03  0.0000000E+00
         1   385      3 -0.6122582E-03 -0.4825607E-04  0.0000000E+00  0.0000000E+00 -0.3923770E-03  0.0000000E+00
         1   385      4 -0.8163938E-03 -0.6433173E-04  0.0000000E+00  0.0000000E+00 -0.5236774E-03  0.0000000E+00
         1   385      5 -0.1020555E-02 -0.8040237E-04  0.0000000E+00  0.0000000E+00 -0.6552316E-03  0.0000000E+00
         1   385      6 -0.1224742E-02 -0.9646786E-04  0.0000000E+00  0.0000000E+00 -0.7870392E-03  0.0000000E+00
         1   385      7 -0.1428956E-02 -0.1125281E-03  0.0000000E+00  0.0000000E+00 -0.9191000E-03  0.0000000E+00
         1   385      8 -0.1633197E-02 -0.1285830E-03  0.0000000E+00  0.0000000E+00 -0.1051414E-02  0.0000000E+00
         1   385      9 -0.1837465E-02 -0.1446324E-03  0.0000000E+00  0.0000000E+00 -0.1183980E-02  0.0000000E+00
         1   385     10  0.3281945E-02 -0.3814287E-03  0.0000000E+00  0.0000000E+00  0.4998916E-01  0.1000000E-02

         1   386      0  0.0000000E+00  0.0000000E+00  0.0000000E+00  0.0000000E+00  0.0000000E+00  0.0000000E+00
         1   386      1  0.0000000E+00  0.0000000E+00  0.0000000E+00  0.0000000E+00  0.0000000E+00  0.0000000E+00
         1   386      2 -0.4161915E-03 -0.3217548E-04  0.0000000E+00  0.0000000E+00 -0.2613305E-03  0.0000000E+00
         1   386      3 -0.6243222E-03 -0.4825607E-04  0.0000000E+00  0.0000000E+00 -0.3923771E-03  0.0000000E+00
         1   386      4 -0.8324768E-03 -0.6433173E-04  0.0000000E+00  0.0000000E+00 -0.5236777E-03  0.0000000E+00
         1   386      5 -0.1040656E-02 -0.8040237E-04  0.0000000E+00  0.0000000E+00 -0.6552320E-03  0.0000000E+00
         1   386      6 -0.1248859E-02 -0.9646786E-04  0.0000000E+00  0.0000000E+00 -0.7870398E-03  0.0000000E+00
         1   386      7 -0.1457088E-02 -0.1125281E-03  0.0000000E+00  0.0000000E+00 -0.9191009E-03  0.0000000E+00
         1   386      8 -0.1665342E-02 -0.1285830E-03  0.0000000E+00  0.0000000E+00 -0.1051415E-02  0.0000000E+00
         1   386      9 -0.1873623E-02 -0.1446324E-03  0.0000000E+00  0.0000000E+00 -0.1183982E-02  0.0000000E+00
         1   386     10  0.3186641E-02 -0.3814287E-03  0.0000000E+00  0.0000000E+00  0.5003857E-01  0.1000000E-02

         1   387      0  0.0000000E+00  0.0000000E+00  0.0000000E+00  0.0000000E+00  0.0000000E+00  0.0000000E+00
         1   387      1  0.0000000E+00  0.0000000E+00  0.0000000E+00  0.0000000E+00  0.0000000E+00  0.0000000E+00
         1   387      2 -0.4400773E-03 -0.6366123E-04  0.0000000E+00  0.0000000E+00 -0.2613284E-03  0.0000000E+00
         1   387      3 -0.6601480E-03 -0.9548716E-04  0.0000000E+00  0.0000000E+00 -0.3923725E-03  0.0000000E+00
         1   387      4 -0.8802404E-03 -0.1273098E-03  0.0000000E+00  0.0000000E+00 -0.5236695E-03  0.0000000E+00
         1   387      5 -0.1100355E-02 -0.1591292E-03  0.0000000E+00  0.0000000E+00 -0.6552191E-03  0.0000000E+00
         1   387      6 -0.1320492E-02 -0.1909452E-03  0.0000000E+00  0.0000000E+00 -0.7870212E-03  0.0000000E+00
         1   387      7 -0.1540653E-02 -0.2227576E-03  0.0000000E+00  0.0000000E+00 -0.9190755E-03  0.0000000E+00
         1   387      8 -0.1760836E-02 -0.2545666E-03  0.0000000E+00  0.0000000E+00 -0.1051382E-02  0.0000000E+00
         1   387      9 -0.1981044E-02 -0.2863718E-03  0.0000000E+00  0.0000000E+00 -0.1183940E-02  0.0000000E+00
         1   387     10  0.3053754E-02 -0.1520451E-03  0.0000000E+00  0.0000000E+00  0.5013754E-01  0.1000000E-02

         1   388      0  0.0000000E+00  0.0000000E+00  0.0000000E+00  0.0000000E+00  0.0000000E+00  0.0000000E+00
         1   388      1  0.0000000E+00  0.0000000E+00  0.0000000E+00  0.0000000E+00  0.0000000E+00  0.0000000E+00
         1   388      2 -0.4802448E-03 -0.9750228E-04  0.0000000E+00  0.0000000E+00 -0.2613266E-03  0.0000000E+00
         1   388      3 -0.7203974E-03 -0.1462510E-03  0.0000000E+00  0.0000000E+00 -0.3923683E-03  0.0000000E+00
         1   388      4 -0.9605706E-03 -0.1949981E-03  0.0000000E+00  0.0000000E+00 -0.5236620E-03  0.0000000E+00
         1   388      5 -0.1200765E-02 -0.2437434E-03  0.0000000E+00  0.0000000E+00 -0.6552075E-03  0.0000000E+00
         1   388      6 -0.1440980E-02 -0.2924869E-03  0.0000000E+00  0.0000000E+00 -0.7870045E-03  0.0000000E+00
         1   388      7 -0.1681218E-02 -0.3412286E-03  0.0000000E+00  0.0000000E+00 -0.9190527E-03  0.0000000E+00
         1   388      8 -0.1921477E-02 -0.3899684E-03  0.0000000E+00  0.0000000E+00 -0.1051352E-02  0.0000000E+00
         1   388      9 -0.2161758E-02 -0.4387063E-03  0.0000000E+00  0.0000000E+00 -0.1183902E-02  0.0000000E+00
         1   388     10  0.3033745E-02  0.7171841E-04  0.0000000E+00  0.0000000E+00  0.5023651E-01  0.1000000E-02

         1   389      0  0.0000000E+00  0.0000000E+00  0.0000000E+00  0.0000000E+00  0.0000000E+00  0.0000000E+00
         1   389      1  0.0000000E+00  0.0000000E+00  0.0000000E+00  0.0000000E+00  0.0000000E+00  0.0000000E+00
         1   389      2 -0.5046204E-03 -0.9750228E-04  0.0000000E+00  0.0000000E+00 -0.2613272E-03  0.0000000E+00
         1   389      3 -0.7569602E-03 -0.1462510E-03  0.0000000E+00  0.0000000E+00 -0.3923698E-03  0.0000000E+00
         1   389      4 -0.1009320E-02 -0.1949981E-03  0.0000000E+00  0.0000000E+00 -0.5236647E-03  0.0000000E+00
         1   389      5 -0.1261701E-02 -0.2437434E-03  0.0000000E+00  0.0000000E+00 -0.6552116E-03  0.0000000E+00
         1   389      6 -0.1514102E-02 -0.2924869E-03  0.0000000E+00  0.0000000E+00 -0.7870104E-03  0.0000000E+00
         1   389      7 -0.1766525E-02 -0.3412286E-03  0.0000000E+00  0.0000000E+00 -0.9190608E-03  0.0000000E+00
         1   389      8 -0.2018969E-02 -0.3899684E-03  0.0000000E+00  0.0000000E+00 -0.1051363E-02  0.0000000E+00
         1   389      9 -0.2271435E-02 -0.4387063E-03  0.0000000E+00  0.0000000E+00 -0.1183915E-02  0.0000000E+00
         1   389     10  0.3051665E-02  0.7171841E-04  0.0000000E+00  0.0000000E+00  0.5028593E-01  0.1000000E-02

         1   390      0  0.0000000E+00  0.0000000E+00  0.0000000E+00  0.0000000E+00  0.0000000E+00  0.0000000E+00
         1   390      1  0.0000000E+00  0.0000000E+00  0.0000000E+00  0.0000000E+00  0.0000000E+00  0.0000000E+00
         1   390      2 -0.5192457E-03 -0.9750228E-04  0.0000000E+00  0.0000000E+00 -0.2613276E-03  0.0000000E+00
         1   390      3 -0.7788978E-03 -0.1462510E-03  0.0000000E+00  0.0000000E+00 -0.3923707E-03  0.0000000E+00
         1   390      4 -0.1038570E-02 -0.1949981E-03  0.0000000E+00  0.0000000E+00 -0.5236662E-03  0.0000000E+00
         1   390      5 -0.1298262E-02 -0.2437434E-03  0.0000000E+00  0.0000000E+00 -0.6552141E-03  0.0000000E+00
         1   390      6 -0.1557975E-02 -0.2924869E-03  0.0000000E+00  0.0000000E+00 -0.7870140E-03  0.0000000E+00
         1   390      7 -0.1817709E-02 -0.3412286E-03  0.0000000E+00  0.0000000E+00 -0.9190656E-03  0.0000000E+00
         1   390      8 -0.2077464E-02 -0.3899684E-03  0.0000000E+00  0.0000000E+00 -0.1051369E-02  0.0000000E+00
         1   390      9 -0.2337241E-02 -0.4387063E-03  0.0000000E+00  0.0000000E+00 -0.1183923E-02  0.0000000E+00
         1   390     10  0.3062416E-02  0.7171841E-04  0.0000000E+00  0.0000000E+00  0.5031558E-01  0.1000000E-02

         1   391      0  0.0000000E+00  0.0000000E+00  0.0000000E+00  0.0000000E+00  0.0000000E+00  0.0000000E+00
         1   391      1  0.0000000E+00  0.0000000E+00  0.0000000E+00  0.0000000E+00  0.0000000E+00  0.0000000E+00
         1   391      2 -0.5436213E-03 -0.9750228E-04  0.0000000E+00  0.0000000E+00 -0.2613283E-03  0.0000000E+00
         1   391      3 -0.8154606E-03 -0.1462510E-03  0.0000000E+00  0.0000000E+00 -0.3923722E-03  0.0000000E+00
         1   391      4 -0.1087319E-02 -0.1949981E-03  0.0000000E+00  0.0000000E+00 -0.5236689E-03  0.0000000E+00
         1   391      5 -0.1359198E-02 -0.2437434E-03  0.0000000E+00  0.0000000E+00 -0.6552182E-03  0.0000000E+00
         1   391      6 -0.1631097E-02 -0.2924869E-03  0.0000000E+00  0.0000000E+00 -0.7870199E-03  0.0000000E+00
         1   391      7 -0.1903016E-02 -0.3412286E-03  0.0000000E+00  0.0000000E+00 -0.9190737E-03  0.0000000E+00
         1   391      8 -0.2174956E-02 -0.3899684E-03  0.0000000E+00  0.0000000E+00 -0.1051379E-02  0.0000000E+00
         1   391      9 -0.2446917E-02 -0.4387063E-03  0.0000000E+00  0.0000000E+00 -0.1183937E-02  0.0000000E+00
         1   391     10  0.3080336E-02  0.7171841E-04  0.0000000E+00  0.0000000E+00  0.5036501E-01  0.1000000E-02

         1   392      0  0.0000000E+00  0.0000000E+00  0.0000000E+00  0.0000000E+00  0.0000000E+00  0.0000000E+00
         1   392      1  0.0000000E+00  0.0000000E+00  0.0000000E+00  0.0000000E+00  0.0000000E+00  0.0000000E+00
         1   392      2 -0.9914008E-03 -0.9324696E-04  0.0000000E+00  0.0000000E+00 -0.1732353E-03  0.0000000E+00
         1   392      3 -0.1487107E-02 -0.1398688E-03  0.0000000E+00  0.0000000E+00 -0.2602407E-03  0.0000000E+00
         1   392      4 -0.1982816E-02 -0.1864895E-03  0.0000000E+00  0.0000000E+00 -0.3475043E-03  0.0000000E+00
         1   392      5 -0.2478529E-02 -0.2331090E-03  0.0000000E+00  0.0000000E+00 -0.4350258E-03  0.0000000E+00
         1   392      6 -0.2974246E-02 -0.2797272E-03  0.0000000E+00  0.0000000E+00 -0.5228049E-03  0.0000000E+00
         1   392      7 -0.3469967E-02 -0.3263441E-03  0.0000000E+00  0.0000000E+00 -0.6108414E-03  0.0000000E+00
         1   392      8 -0.3965691E-02 -0.3729596E-03  0.0000000E+00  0.0000000E+00 -0.6991350E-03  0.0000000E+00
         1   392      9 -0.4461420E-02 -0.4195737E-03  0.0000000E+00  0.0000000E+00 -0.7876855E-03  0.0000000E+00
         1   392     10  0.3642495E-02  0.1678351E-03  0.0000000E+00  0.0000000E+00  0.5091077E-01  0.1000000E-02

         1   393      0  0.0000000E+00  0.0000000E+00  0.0000000E+00  0.0000000E+00  0.0000000E+00  0.0000000E+00
         1   393      1  0.0000000E+00  0.0000000E+00  0.0000000E+00  0.0000000E+00  0.0000000E+00  0.0000000E+00
         1   393      2 -0.1014713E-02 -0.9324696E-04  0.0000000E+00  0.0000000E+00 -0.1732359E-03  0.0000000E+00
         1   393      3 -0.1522074E-02 -0.1398688E-03  0.0000000E+00  0.0000000E+00 -0.2602421E-03  0.0000000E+00
         1   393      4 -0.2029438E-02 -0.1864895E-03  0.0000000E+00  0.0000000E+00 -0.3475067E-03  0.0000000E+00
         1   393      5 -0.2536806E-02 -0.2331090E-03  0.0000000E+00  0.0000000E+00 -0.4350296E-03  0.0000000E+00
         1   393      6 -0.3044178E-02 -0.2797272E-03  0.0000000E+00  0.0000000E+00 -0.5228103E-03  0.0000000E+00
         1   393      7 -0.3551553E-02 -0.3263441E-03  0.0000000E+00  0.0000000E+00 -0.6108488E-03  0.0000000E+00
         1   393      8 -0.4058931E-02 -0.3729596E-03  0.0000000E+00  0.0000000E+00 -0.6991447E-03  0.0000000E+00
         1   393      9 -0.4566313E-02 -0.4195737E-03  0.0000000E+00  0.0000000E+00 -0.7876978E-03  0.0000000E+00
         1   393     10  0.3684430E-02  0.1678351E-03  0.0000000E+00  0.0000000E+00  0.5096019E-01  0.1000000E-02

         1   394      0  0.0000000E+00  0.0000000E+00  0.0000000E+00  0.0000000E+00  0.0000000E+00  0.0000000E+00
         1   394      1  0.0000000E+00  0.0000000E+00  0.0000000E+00  0.0000000E+00  0.0000000E+00  0.0000000E+00
         1   394      2 -0.1028700E-02 -0.9324696E-04  0.0000000E+00  0.0000000E+00 -0.1732363E-03  0.0000000E+00
         1   394      3 -0.1543054E-02 -0.1398688E-03  0.0000000E+00  0.0000000E+00 -0.2602429E-03  0.0000000E+00
         1   394      4 -0.2057412E-02 -0.1864895E-03  0.0000000E+00  0.0000000E+00 -0.3475082E-03  0.0000000E+00
         1   394      5 -0.2571773E-02 -0.2331090E-03  0.0000000E+00  0.0000000E+00 -0.4350318E-03  0.0000000E+00
         1   394      6 -0.3086137E-02 -0.2797272E-03  0.0000000E+00  0.0000000E+00 -0.5228136E-03  0.0000000E+00
         1   394      7 -0.3600504E-02 -0.3263441E-03  0.0000000E+00  0.0000000E+00 -0.6108532E-03  0.0000000E+00
         1   394      8 -0.4114875E-02 -0.3729596E-03  0.0000000E+00  0.0000000E+00 -0.6991505E-03  0.0000000E+00
         1   394      9 -0.4629249E-02 -0.4195737E-03  0.0000000E+00  0.0000000E+00 -0.7877051E-03  0.0000000E+00
         1   394     10  0.3709591E-02  0.1678351E-03  0.0000000E+00  0.0000000E+00  0.5098985E-01  0.1000000E-02

         1   395      0  0.0000000E+00  0.0000000E+00  0.0000000E+00  0.0000000E+00  0.0000000E+00  0.0000000E+00
         1   395      1  0.0000000E+00  0.0000000E+00  0.0000000E+00  0.0000000E+00  0.0000000E+00  0.0000000E+00
         1   395      2 -0.1052011E-02 -0.9324696E-04  0.0000000E+00  0.0000000E+00 -0.1732369E-03  0.0000000E+00
         1   395      3 -0.1578021E-02 -0.1398688E-03  0.0000000E+00  0.0000000E+00 -0.2602443E-03  0.0000000E+00
         1   395      4 -0.2104034E-02 -0.1864895E-03  0.0000000E+00  0.0000000E+00 -0.3475106E-03  0.0000000E+00
         1   395      5 -0.2630050E-02 -0.2331090E-03  0.0000000E+00  0.0000000E+00 -0.4350356E-03  0.0000000E+00
         1   395      6 -0.3156069E-02 -0.2797272E-03  0.0000000E+00  0.0000000E+00 -0.5228190E-03  0.0000000E+00
         1   395      7 -0.3682090E-02 -0.3263441E-03  0.0000000E+00  0.0000000E+00 -0.6108606E-03  0.0000000E+00
         1   395      8 -0.4208115E-02 -0.3729596E-03  0.0000000E+00  0.0000000E+00 -0.6991601E-03  0.0000000E+00
         1   395      9 -0.4734143E-02 -0.4195737E-03  0.0000000E+00  0.0000000E+00 -0.7877173E-03  0.0000000E+00
         1   395     10  0.3751527E-02  0.1678351E-03  0.0000000E+00  0.0000000E+00  0.5103927E-01  0.1000000E-02

         1   396      0  0.0000000E+00  0.0000000E+00  0.0000000E+00  0.0000000E+00  0.0000000E+00  0.0000000E+00
         1   396      1  0.0000000E+00  0.0000000E+00  0.0000000E+00  0.0000000E+00  0.0000000E+00  0.0000000E+00
         1   396      2 -0.1077112E-02 -0.6818772E-05  0.0000000E+00  0.0000000E+00 -0.1732538E-03  0.0000000E+00
         1   396      3 -0.1615672E-02 -0.1022621E-04  0.0000000E+00  0.0000000E+00 -0.2602823E-03  0.0000000E+00
         1   396      4 -0.2154234E-02 -0.1363227E-04  0.0000000E+00  0.0000000E+00 -0.3475781E-03  0.0000000E+00
         1   396      5 -0.2692798E-02 -0.1703689E-04  0.0000000E+00  0.0000000E+00 -0.4351411E-03  0.0000000E+00
         1   396      6 -0.3231365E-02 -0.2044002E-04  0.0000000E+00  0.0000000E+00 -0.5229710E-03  0.0000000E+00
         1   396      7 -0.3769933E-02 -0.2384158E-04  0.0000000E+00  0.0000000E+00 -0.6110675E-03  0.0000000E+00
         1   396      8 -0.4308504E-02 -0.2724153E-04  0.0000000E+00  0.0000000E+00 -0.6994304E-03  0.0000000E+00
         1   396      9 -0.4847077E-02 -0.3063979E-04  0.0000000E+00  0.0000000E+00 -0.7880593E-03  0.0000000E+00
         1   396     10  0.3759272E-02 -0.1369438E-03  0.0000000E+00  0.0000000E+00  0.5113792E-01  0.1000000E-02

         1   397      0  0.0000000E+00  0.0000000E+00  0.0000000E+00  0.0000000E+00  0.0000000E+00  0.0000000E+00
         1   397      1  0.0000000E+00  0.0000000E+00  0.0000000E+00  0.0000000E+00  0.0000000E+00  0.0000000E+00
         1   397      2 -0.1058784E-02  0.7988435E-04  0.0000000E+00  0.0000000E+00 -0.1732706E-03  0.0000000E+00
         1   397      3 -0.1588179E-02  0.1198287E-03  0.0000000E+00  0.0000000E+00 -0.2603201E-03  0.0000000E+00
         1   397      4 -0.2117575E-02  0.1597746E-03  0.0000000E+00  0.0000000E+00 -0.3476455E-03  0.0000000E+00
         1   397      5 -0.2646972E-02  0.1997221E-03  0.0000000E+00  0.0000000E+00 -0.4352463E-03  0.0000000E+00
         1   397      6 -0.3176371E-02  0.2396713E-03  0.0000000E+00  0.0000000E+00 -0.5231225E-03  0.0000000E+00
         1   397      7 -0.3705772E-02  0.2796222E-03  0.0000000E+00  0.0000000E+00 -0.6112737E-03  0.0000000E+00
         1   397      8 -0.4235173E-02  0.3195750E-03  0.0000000E+00  0.0000000E+00 -0.6996996E-03  0.0000000E+00
         1   397      9 -0.4764576E-02  0.3595295E-03  0.0000000E+00  0.0000000E+00 -0.7884001E-03  0.0000000E+00
         1   397     10  0.3615579E-02 -0.4362061E-03  0.0000000E+00  0.0000000E+00  0.5123656E-01  0.1000000E-02

         1   398      0  0.0000000E+00  0.0000000E+00  0.0000000E+00  0.0000000E+00  0.0000000E+00  0.0000000E+00
         1   398      1  0.0000000E+00  0.0000000E+00  0.0000000E+00  0.0000000E+00  0.0000000E+00  0.0000000E+00
         1   398      2 -0.1038813E-02  0.7988435E-04  0.0000000E+00  0.0000000E+00 -0.1732710E-03  0.0000000E+00
         1   398      3 -0.1558222E-02  0.1198287E-03  0.0000000E+00  0.0000000E+00 -0.2603211E-03  0.0000000E+00
         1   398      4 -0.2077631E-02  0.1597746E-03  0.0000000E+00  0.0000000E+00 -0.3476472E-03  0.0000000E+00
         1   398      5 -0.2597042E-02  0.1997221E-03  0.0000000E+00  0.0000000E+00 -0.4352491E-03  0.0000000E+00
         1   398      6 -0.3116453E-02  0.2396713E-03  0.0000000E+00  0.0000000E+00 -0.5231265E-03  0.0000000E+00
         1   398      7 -0.3635866E-02  0.2796222E-03  0.0000000E+00  0.0000000E+00 -0.6112791E-03  0.0000000E+00
         1   398      8 -0.4155280E-02  0.3195750E-03  0.0000000E+00  0.0000000E+00 -0.6997067E-03  0.0000000E+00
         1   398      9 -0.4674694E-02  0.3595295E-03  0.0000000E+00  0.0000000E+00 -0.7884091E-03  0.0000000E+00
         1   398     10  0.3506588E-02 -0.4362061E-03  0.0000000E+00  0.0000000E+00  0.5128597E-01  0.1000000E-02

         1   399      0  0.0000000E+00  0.0000000E+00  0.0000000E+00  0.0000000E+00  0.0000000E+00  0.0000000E+00
         1   399      1  0.0000000E+00  0.0000000E+00  0.0000000E+00  0.0000000E+00  0.0000000E+00  0.0000000E+00
         1   399      2 -0.1026831E-02  0.7988435E-04  0.0000000E+00  0.0000000E+00 -0.1732713E-03  0.0000000E+00
         1   399      3 -0.1540247E-02  0.1198287E-03  0.0000000E+00  0.0000000E+00 -0.2603217E-03  0.0000000E+00
         1   399      4 -0.2053665E-02  0.1597746E-03  0.0000000E+00  0.0000000E+00 -0.3476483E-03  0.0000000E+00
         1   399      5 -0.2567083E-02  0.1997221E-03  0.0000000E+00  0.0000000E+00 -0.4352508E-03  0.0000000E+00
         1   399      6 -0.3080503E-02  0.2396713E-03  0.0000000E+00  0.0000000E+00 -0.5231289E-03  0.0000000E+00
         1   399      7 -0.3593923E-02  0.2796222E-03  0.0000000E+00  0.0000000E+00 -0.6112824E-03  0.0000000E+00
         1   399      8 -0.4107343E-02  0.3195750E-03  0.0000000E+00  0.0000000E+00 -0.6997110E-03  0.0000000E+00
         1   399      9 -0.4620765E-02  0.3595295E-03  0.0000000E+00  0.0000000E+00 -0.7884145E-03  0.0000000E+00
         1   399     10  0.3441193E-02 -0.4362061E-03  0.0000000E+00  0.0000000E+00  0.5131561E-01  0.1000000E-02

         1   400      0  0.0000000E+00  0.0000000E+00  0.0000000E+00  0.0000000E+00  0.0000000E+00  0.0000000E+00
         1   400      1  0.0000000E+00  0.0000000E+00  0.0000000E+00  0.0000000E+00  0.0000000E+00  0.0000000E+00
         1   400      2 -0.1006859E-02  0.7988435E-04  0.0000000E+00  0.0000000E+00 -0.1732718E-03  0.0000000E+00
         1   400      3 -0.1510290E-02  0.1198287E-03  0.0000000E+00  0.0000000E+00 -0.2603227E-03  0.0000000E+00
         1   400      4 -0.2013721E-02  0.1597746E-03  0.0000000E+00  0.0000000E+00 -0.3476501E-03  0.0000000E+00
         1   400      5 -0.2517153E-02  0.1997221E-03  0.0000000E+00  0.0000000E+00 -0.4352535E-03  0.0000000E+00
         1   400      6 -0.3020585E-02  0.2396713E-03  0.0000000E+00  0.0000000E+00 -0.5231329E-03  0.0000000E+00
         1   400      7 -0.3524017E-02  0.2796222E-03  0.0000000E+00  0.0000000E+00 -0.6112878E-03  0.0000000E+00
         1   400      8 -0.4027450E-02  0.3195750E-03  0.0000000E+00  0.0000000E+00 -0.6997181E-03  0.0000000E+00
         1   400      9 -0.4530882E-02  0.3595295E-03  0.0000000E+00  0.0000000E+00 -0.7884234E-03  0.0000000E+00
         1   400     10  0.3332202E-02 -0.4362061E-03  0.0000000E+00  0.0000000E+00  0.5136503E-01  0.1000000E-02

         1   401      0  0.0000000E+00  0.0000000E+00  0.0000000E+00  0.0000000E+00  0.0000000E+00  0.0000000E+00
         1   401      1  0.0000000E+00  0.0000000E+00  0.0000000E+00  0.0000000E+00  0.0000000E+00  0.0000000E+00
         1   401      2 -0.6212113E-03  0.8439798E-04  0.0000000E+00  0.0000000E+00 -0.7983515E-04  0.0000000E+00
         1   401      3 -0.9318218E-03  0.1265985E-03  0.0000000E+00  0.0000000E+00 -0.1201753E-03  0.0000000E+00
         1   401      4 -0.1242435E-02  0.1688002E-03  0.0000000E+00  0.0000000E+00 -0.1607969E-03  0.0000000E+00
         1   401      5 -0.1553050E-02  0.2110030E-03  0.0000000E+00  0.0000000E+00 -0.2016996E-03  0.0000000E+00
         1   401      6 -0.1863668E-02  0.2532071E-03  0.0000000E+00  0.0000000E+00 -0.2428832E-03  0.0000000E+00
         1   401      7 -0.2174287E-02  0.2954124E-03  0.0000000E+00  0.0000000E+00 -0.2843476E-03  0.0000000E+00
         1   401      8 -0.2484907E-02  0.3376191E-03  0.0000000E+00  0.0000000E+00 -0.3260924E-03  0.0000000E+00
         1   401      9 -0.2795528E-02  0.3798273E-03  0.0000000E+00  0.0000000E+00 -0.3681175E-03  0.0000000E+00
         1   401     10  0.1522671E-02 -0.3349310E-03  0.0000000E+00  0.0000000E+00  0.5201775E-01  0.1000000E-02

         1   402      0  0.0000000E+00  0.0000000E+00  0.0000000E+00  0.0000000E+00  0.0000000E+00  0.0000000E+00
         1   402      1  0.0000000E+00  0.0000000E+00  0.0000000E+00  0.0000000E+00  0.0000000E+00  0.0000000E+00
         1   402      2 -0.6001118E-03  0.8439798E-04  0.0000000E+00  0.0000000E+00 -0.7983565E-04  0.0000000E+00
         1   402      3 -0.9001721E-03  0.1265985E-03  0.0000000E+00  0.0000000E+00 -0.1201764E-03  0.0000000E+00
         1   402      4 -0.1200235E-02  0.1688002E-03  0.0000000E+00  0.0000000E+00 -0.1607988E-03  0.0000000E+00
         1   402      5 -0.1500300E-02  0.2110030E-03  0.0000000E+00  0.0000000E+00 -0.2017027E-03  0.0000000E+00
         1   402      6 -0.1800366E-02  0.2532071E-03  0.0000000E+00  0.0000000E+00 -0.2428877E-03  0.0000000E+00
         1   402      7 -0.2100434E-02  0.2954124E-03  0.0000000E+00  0.0000000E+00 -0.2843536E-03  0.0000000E+00
         1   402      8 -0.2400502E-02  0.3376191E-03  0.0000000E+00  0.0000000E+00 -0.3261003E-03  0.0000000E+00
         1   402      9 -0.2700572E-02  0.3798273E-03  0.0000000E+00  0.0000000E+00 -0.3681275E-03  0.0000000E+00
         1   402     10  0.1438984E-02 -0.3349310E-03  0.0000000E+00  0.0000000E+00  0.5206717E-01  0.1000000E-02

         1   403      0  0.0000000E+00  0.0000000E+00  0.0000000E+00  0.0000000E+00  0.0000000E+00  0.0000000E+00
         1   403      1  0.0000000E+00  0.0000000E+00  0.0000000E+00  0.0000000E+00  0.0000000E+00  0.0000000E+00
         1   403      2 -0.5874521E-03  0.8439798E-04  0.0000000E+00  0.0000000E+00 -0.7983595E-04  0.0000000E+00
         1   403      3 -0.8811824E-03  0.1265985E-03  0.0000000E+00  0.0000000E+00 -0.1201771E-03  0.0000000E+00
         1   403      4 -0.1174915E-02  0.1688002E-03  0.0000000E+00  0.0000000E+00 -0.1608000E-03  0.0000000E+00
         1   403      5 -0.1468649E-02  0.2110030E-03  0.0000000E+00  0.0000000E+00 -0.2017045E-03  0.0000000E+00
         1   403      6 -0.1762385E-02  0.2532071E-03  0.0000000E+00  0.0000000E+00 -0.2428903E-03  0.0000000E+00
         1   403      7 -0.2056122E-02  0.2954124E-03  0.0000000E+00  0.0000000E+00 -0.2843573E-03  0.0000000E+00
         1   403      8 -0.2349860E-02  0.3376191E-03  0.0000000E+00  0.0000000E+00 -0.3261051E-03  0.0000000E+00
         1   403      9 -0.2643598E-02  0.3798273E-03  0.0000000E+00  0.0000000E+00 -0.3681335E-03  0.0000000E+00
         1   403     10  0.1388773E-02 -0.3349310E-03  0.0000000E+00  0.0000000E+00  0.5209682E-01  0.1000000E-02

         1   404      0  0.0000000E+00  0.0000000E+00  0.0000000E+00  0.0000000E+00  0.0000000E+00  0.0000000E+00
         1   404      1  0.0000000E+00  0.0000000E+00  0.0000000E+00  0.0000000E+00  0.0000000E+00  0.0000000E+00
         1   404      2 -0.5663526E-03  0.8439798E-04  0.0000000E+00  0.0000000E+00 -0.7983644E-04  0.0000000E+00
         1   404      3 -0.8495327E-03  0.1265985E-03  0.0000000E+00  0.0000000E+00 -0.1201782E-03  0.0000000E+00
         1   404      4 -0.1132715E-02  0.1688002E-03  0.0000000E+00  0.0000000E+00 -0.1608020E-03  0.0000000E+00
         1   404      5 -0.1415898E-02  0.2110030E-03  0.0000000E+00  0.0000000E+00 -0.2017076E-03  0.0000000E+00
         1   404      6 -0.1699083E-02  0.2532071E-03  0.0000000E+00  0.0000000E+00 -0.2428948E-03  0.0000000E+00
         1   404      7 -0.1982269E-02  0.2954124E-03  0.0000000E+00  0.0000000E+00 -0.2843633E-03  0.0000000E+00
         1   404      8 -0.2265455E-02  0.3376191E-03  0.0000000E+00  0.0000000E+00 -0.3261130E-03  0.0000000E+00
         1   404      9 -0.2548641E-02  0.3798273E-03  0.0000000E+00  0.0000000E+00 -0.3681435E-03  0.0000000E+00
         1   404     10  0.1305086E-02 -0.3349310E-03  0.0000000E+00  0.0000000E+00  0.5214623E-01  0.1000000E-02

         1   405      0  0.0000000E+00  0.0000000E+00  0.0000000E+00  0.0000000E+00  0.0000000E+00  0.0000000E+00
         1   405      1  0.0000000E+00  0.0000000E+00  0.0000000E+00  0.0000000E+00  0.0000000E+00  0.0000000E+00
         1   405      2 -0.5343705E-03  0.4392343E-04  0.0000000E+00  0.0000000E+00 -0.7983307E-04  0.0000000E+00
         1   405      3 -0.8015589E-03  0.6588644E-04  0.0000000E+00  0.0000000E+00 -0.1201706E-03  0.0000000E+00
         1   405      4 -0.1068749E-02  0.8785044E-04  0.0000000E+00  0.0000000E+00 -0.1607885E-03  0.0000000E+00
         1   405      5 -0.1335939E-02  0.1098155E-03  0.0000000E+00  0.0000000E+00 -0.2016865E-03  0.0000000E+00
         1   405      6 -0.1603131E-02  0.1317818E-03  0.0000000E+00  0.0000000E+00 -0.2428644E-03  0.0000000E+00
         1   405      7 -0.1870322E-02  0.1537493E-03  0.0000000E+00  0.0000000E+00 -0.2843220E-03  0.0000000E+00
         1   405      8 -0.2137514E-02  0.1757182E-03  0.0000000E+00  0.0000000E+00 -0.3260590E-03  0.0000000E+00
         1   405      9 -0.2404704E-02  0.1976885E-03  0.0000000E+00  0.0000000E+00 -0.3680752E-03  0.0000000E+00
         1   405     10  0.1160804E-02 -0.2442900E-03  0.0000000E+00  0.0000000E+00  0.5224509E-01  0.1000000E-02

         1   406      0  0.0000000E+00  0.0000000E+00  0.0000000E+00  0.0000000E+00  0.0000000E+00  0.0000000E+00
         1   406      1  0.0000000E+00  0.0000000E+00  0.0000000E+00  0.0000000E+00  0.0000000E+00  0.0000000E+00
         1   406      2 -0.5221587E-03  0.5073929E-05  0.0000000E+00  0.0000000E+00 -0.7982952E-04  0.0000000E+00
         1   406      3 -0.7832405E-03  0.7611985E-05  0.0000000E+00  0.0000000E+00 -0.1201626E-03  0.0000000E+00
         1   406      4 -0.1044323E-02  0.1015094E-04  0.0000000E+00  0.0000000E+00 -0.1607743E-03  0.0000000E+00
         1   406      5 -0.1305407E-02  0.1269092E-04  0.0000000E+00  0.0000000E+00 -0.2016644E-03  0.0000000E+00
         1   406      6 -0.1566490E-02  0.1523206E-04  0.0000000E+00  0.0000000E+00 -0.2428325E-03  0.0000000E+00
         1   406      7 -0.1827573E-02  0.1777449E-04  0.0000000E+00  0.0000000E+00 -0.2842786E-03  0.0000000E+00
         1   406      8 -0.2088654E-02  0.2031833E-04  0.0000000E+00  0.0000000E+00 -0.3260023E-03  0.0000000E+00
         1   406      9 -0.2349735E-02  0.2286371E-04  0.0000000E+00  0.0000000E+00 -0.3680034E-03  0.0000000E+00
         1   406     10  0.1059430E-02 -0.1626790E-03  0.0000000E+00  0.0000000E+00  0.5234395E-01  0.1000000E-02

         1   407      0  0.0000000E+00  0.0000000E+00  0.0000000E+00  0.0000000E+00  0.0000000E+00  0.0000000E+00
         1   407      1  0.0000000E+00  0.0000000E+00  0.0000000E+00  0.0000000E+00  0.0000000E+00  0.0000000E+00
         1   407      2 -0.5208902E-03  0.5073929E-05  0.0000000E+00  0.0000000E+00 -0.7982952E-04  0.0000000E+00
         1   407      3 -0.7813375E-03  0.7611985E-05  0.0000000E+00  0.0000000E+00 -0.1201626E-03  0.0000000E+00
         1   407      4 -0.1041786E-02  0.1015094E-04  0.0000000E+00  0.0000000E+00 -0.1607743E-03  0.0000000E+00
         1   407      5 -0.1302234E-02  0.1269092E-04  0.0000000E+00  0.0000000E+00 -0.2016644E-03  0.0000000E+00
         1   407      6 -0.1562682E-02  0.1523206E-04  0.0000000E+00  0.0000000E+00 -0.2428325E-03  0.0000000E+00
         1   407      7 -0.1823129E-02  0.1777449E-04  0.0000000E+00  0.0000000E+00 -0.2842786E-03  0.0000000E+00
         1   407      8 -0.2083575E-02  0.2031833E-04  0.0000000E+00  0.0000000E+00 -0.3260023E-03  0.0000000E+00
         1   407      9 -0.2344019E-02  0.2286371E-04  0.0000000E+00  0.0000000E+00 -0.3680035E-03  0.0000000E+00
         1   407     10  0.1018782E-02 -0.1626790E-03  0.0000000E+00  0.0000000E+00  0.5239337E-01  0.1000000E-02

         1   408      0  0.0000000E+00  0.0000000E+00  0.0000000E+00  0.0000000E+00  0.0000000E+00  0.0000000E+00
         1   408      1  0.0000000E+00  0.0000000E+00  0.0000000E+00  0.0000000E+00  0.0000000E+00  0.0000000E+00
         1   408      2 -0.5201291E-03  0.5073929E-05  0.0000000E+00  0.0000000E+00 -0.7982953E-04  0.0000000E+00
         1   408      3 -0.7801957E-03  0.7611985E-05  0.0000000E+00  0.0000000E+00 -0.1201626E-03  0.0000000E+00
         1   408      4 -0.1040263E-02  0.1015094E-04  0.0000000E+00  0.0000000E+00 -0.1607743E-03  0.0000000E+00
         1   408      5 -0.1300330E-02  0.1269092E-04  0.0000000E+00  0.0000000E+00 -0.2016644E-03  0.0000000E+00
         1   408      6 -0.1560397E-02  0.1523206E-04  0.0000000E+00  0.0000000E+00 -0.2428326E-03  0.0000000E+00
         1   408      7 -0.1820463E-02  0.1777449E-04  0.0000000E+00  0.0000000E+00 -0.2842786E-03  0.0000000E+00
         1   408      8 -0.2080527E-02  0.2031833E-04  0.0000000E+00  0.0000000E+00 -0.3260023E-03  0.0000000E+00
         1   408      9 -0.2340589E-02  0.2286371E-04  0.0000000E+00  0.0000000E+00 -0.3680035E-03  0.0000000E+00
         1   408     10  0.9943941E-03 -0.1626790E-03  0.0000000E+00  0.0000000E+00  0.5242303E-01  0.1000000E-02

         1   409      0  0.0000000E+00  0.0000000E+00  0.0000000E+00  0.0000000E+00  0.0000000E+00  0.0000000E+00
         1   409      1  0.0000000E+00  0.0000000E+00  0.0000000E+00  0.0000000E+00  0.0000000E+00  0.0000000E+00
         1   409      2 -0.5188606E-03  0.5073929E-05  0.0000000E+00  0.0000000E+00 -0.7982953E-04  0.0000000E+00
         1   409      3 -0.7782927E-03  0.7611985E-05  0.0000000E+00  0.0000000E+00 -0.1201626E-03  0.0000000E+00
         1   409      4 -0.1037725E-02  0.1015094E-04  0.0000000E+00  0.0000000E+00 -0.1607743E-03  0.0000000E+00
         1   409      5 -0.1297158E-02  0.1269092E-04  0.0000000E+00  0.0000000E+00 -0.2016644E-03  0.0000000E+00
         1   409      6 -0.1556589E-02  0.1523206E-04  0.0000000E+00  0.0000000E+00 -0.2428326E-03  0.0000000E+00
         1   409      7 -0.1816019E-02  0.1777449E-04  0.0000000E+00  0.0000000E+00 -0.2842786E-03  0.0000000E+00
         1   409      8 -0.2075448E-02  0.2031833E-04  0.0000000E+00  0.0000000E+00 -0.3260024E-03  0.0000000E+00
         1   409      9 -0.2334873E-02  0.2286371E-04  0.0000000E+00  0.0000000E+00 -0.3680035E-03  0.0000000E+00
         1   409     10  0.9537469E-03 -0.1626790E-03  0.0000000E+00  0.0000000E+00  0.5247245E-01  0.1000000E-02

         1   410      0  0.0000000E+00  0.0000000E+00  0.0000000E+00  0.0000000E+00  0.0000000E+00  0.0000000E+00
         1   410      1  0.0000000E+00  0.0000000E+00  0.0000000E+00  0.0000000E+00  0.0000000E+00  0.0000000E+00
         1   410      2 -0.4884812E-03  0.7867191E-05  0.0000000E+00  0.0000000E+00 -0.2201140E-04  0.0000000E+00
         1   410      3 -0.7327191E-03  0.1180186E-04  0.0000000E+00  0.0000000E+00 -0.3343601E-04  0.0000000E+00
         1   410      4 -0.9769537E-03  0.1573742E-04  0.0000000E+00  0.0000000E+00 -0.4513971E-04  0.0000000E+00
         1   410      5 -0.1221184E-02  0.1967398E-04  0.0000000E+00  0.0000000E+00 -0.5712237E-04  0.0000000E+00
         1   410      6 -0.1465408E-02  0.2361167E-04  0.0000000E+00  0.0000000E+00 -0.6938387E-04  0.0000000E+00
         1   410      7 -0.1709625E-02  0.2755062E-04  0.0000000E+00  0.0000000E+00 -0.8192406E-04  0.0000000E+00
         1   410      8 -0.1953835E-02  0.3149094E-04  0.0000000E+00  0.0000000E+00 -0.9474282E-04  0.0000000E+00
         1   410      9 -0.2198035E-02  0.3543277E-04  0.0000000E+00  0.0000000E+00 -0.1078400E-03  0.0000000E+00
         1   410     10  0.4504408E-03 -0.5182622E-04  0.0000000E+00  0.0000000E+00  0.5332325E-01  0.1000000E-02

         1   411      0  0.0000000E+00  0.0000000E+00  0.0000000E+00  0.0000000E+00  0.0000000E+00  0.0000000E+00
         1   411      1  0.0000000E+00  0.0000000E+00  0.0000000E+00  0.0000000E+00  0.0000000E+00  0.0000000E+00
         1   411      2 -0.4865144E-03  0.7867191E-05  0.0000000E+00  0.0000000E+00 -0.2201141E-04  0.0000000E+00
         1   411      3 -0.7297687E-03  0.1180186E-04  0.0000000E+00  0.0000000E+00 -0.3343602E-04  0.0000000E+00
         1   411      4 -0.9730193E-03  0.1573742E-04  0.0000000E+00  0.0000000E+00 -0.4513973E-04  0.0000000E+00
         1   411      5 -0.1216265E-02  0.1967398E-04  0.0000000E+00  0.0000000E+00 -0.5712240E-04  0.0000000E+00
         1   411      6 -0.1459505E-02  0.2361167E-04  0.0000000E+00  0.0000000E+00 -0.6938391E-04  0.0000000E+00
         1   411      7 -0.1702738E-02  0.2755062E-04  0.0000000E+00  0.0000000E+00 -0.8192411E-04  0.0000000E+00
         1   411      8 -0.1945962E-02  0.3149094E-04  0.0000000E+00  0.0000000E+00 -0.9474289E-04  0.0000000E+00
         1   411      9 -0.2189176E-02  0.3543277E-04  0.0000000E+00  0.0000000E+00 -0.1078401E-03  0.0000000E+00
         1   411     10  0.4374915E-03 -0.5182622E-04  0.0000000E+00  0.0000000E+00  0.5337268E-01  0.1000000E-02

         1   412      0  0.0000000E+00  0.0000000E+00  0.0000000E+00  0.0000000E+00  0.0000000E+00  0.0000000E+00
         1   412      1  0.0000000E+00  0.0000000E+00  0.0000000E+00  0.0000000E+00  0.0000000E+00  0.0000000E+00
         1   412      2 -0.4853343E-03  0.7867191E-05  0.0000000E+00  0.0000000E+00 -0.2201141E-04  0.0000000E+00
         1   412      3 -0.7279984E-03  0.1180186E-04  0.0000000E+00  0.0000000E+00 -0.3343602E-04  0.0000000E+00
         1   412      4 -0.9706587E-03  0.1573742E-04  0.0000000E+00  0.0000000E+00 -0.4513974E-04  0.0000000E+00
         1   412      5 -0.1213314E-02  0.1967398E-04  0.0000000E+00  0.0000000E+00 -0.5712242E-04  0.0000000E+00
         1   412      6 -0.1455963E-02  0.2361167E-04  0.0000000E+00  0.0000000E+00 -0.6938393E-04  0.0000000E+00
         1   412      7 -0.1698605E-02  0.2755062E-04  0.0000000E+00  0.0000000E+00 -0.8192414E-04  0.0000000E+00
         1   412      8 -0.1941238E-02  0.3149094E-04  0.0000000E+00  0.0000000E+00 -0.9474293E-04  0.0000000E+00
         1   412      9 -0.2183862E-02  0.3543277E-04  0.0000000E+00  0.0000000E+00 -0.1078401E-03  0.0000000E+00
         1   412     10  0.4297218E-03 -0.5182622E-04  0.0000000E+00  0.0000000E+00  0.5340233E-01  0.1000000E-02

         1   413      0  0.0000000E+00  0.0000000E+00  0.0000000E+00  0.0000000E+00  0.0000000E+00  0.0000000E+00
         1   413      1  0.0000000E+00  0.0000000E+00  0.0000000E+00  0.0000000E+00  0.0000000E+00  0.0000000E+00
         1   413      2 -0.4833675E-03  0.7867191E-05  0.0000000E+00  0.0000000E+00 -0.2201141E-04  0.0000000E+00
         1   413      3 -0.7250479E-03  0.1180186E-04  0.0000000E+00  0.0000000E+00 -0.3343603E-04  0.0000000E+00
         1   413      4 -0.9667244E-03  0.1573742E-04  0.0000000E+00  0.0000000E+00 -0.4513976E-04  0.0000000E+00
         1   413      5 -0.1208396E-02  0.1967398E-04  0.0000000E+00  0.0000000E+00 -0.5712244E-04  0.0000000E+00
         1   413      6 -0.1450060E-02  0.2361167E-04  0.0000000E+00  0.0000000E+00 -0.6938397E-04  0.0000000E+00
         1   413      7 -0.1691717E-02  0.2755062E-04  0.0000000E+00  0.0000000E+00 -0.8192420E-04  0.0000000E+00
         1   413      8 -0.1933366E-02  0.3149094E-04  0.0000000E+00  0.0000000E+00 -0.9474300E-04  0.0000000E+00
         1   413      9 -0.2175003E-02  0.3543277E-04  0.0000000E+00  0.0000000E+00 -0.1078402E-03  0.0000000E+00
         1   413     10  0.4167725E-03 -0.5182622E-04  0.0000000E+00  0.0000000E+00  0.5345176E-01  0.1000000E-02

         1   414      0  0.0000000E+00  0.0000000E+00  0.0000000E+00  0.0000000E+00  0.0000000E+00  0.0000000E+00
         1   414      1  0.0000000E+00  0.0000000E+00  0.0000000E+00  0.0000000E+00  0.0000000E+00  0.0000000E+00
         1   414      2 -0.4697157E-03  0.4655599E-04  0.0000000E+00  0.0000000E+00 -0.2201483E-04  0.0000000E+00
         1   414      3 -0.7045697E-03  0.6983477E-04  0.0000000E+00  0.0000000E+00 -0.3344372E-04  0.0000000E+00
         1   414      4 -0.9394194E-03  0.9311410E-04  0.0000000E+00  0.0000000E+00 -0.4515342E-04  0.0000000E+00
         1   414      5 -0.1174263E-02  0.1163940E-03  0.0000000E+00  0.0000000E+00 -0.5714380E-04  0.0000000E+00
         1   414      6 -0.1409101E-02  0.1396745E-03  0.0000000E+00  0.0000000E+00 -0.6941472E-04  0.0000000E+00
         1   414      7 -0.1643930E-02  0.1629556E-03  0.0000000E+00  0.0000000E+00 -0.8196606E-04  0.0000000E+00
         1   414      8 -0.1878749E-02  0.1862373E-03  0.0000000E+00  0.0000000E+00 -0.9479767E-04  0.0000000E+00
         1   414      9 -0.2113558E-02  0.2095197E-03  0.0000000E+00  0.0000000E+00 -0.1079094E-03  0.0000000E+00
         1   414     10  0.3826533E-03 -0.8426590E-04  0.0000000E+00  0.0000000E+00  0.5355060E-01  0.1000000E-02

         1   415      0  0.0000000E+00  0.0000000E+00  0.0000000E+00  0.0000000E+00  0.0000000E+00  0.0000000E+00
         1   415      1  0.0000000E+00  0.0000000E+00  0.0000000E+00  0.0000000E+00  0.0000000E+00  0.0000000E+00
         1   415      2 -0.4371248E-03  0.8336765E-04  0.0000000E+00  0.0000000E+00 -0.2201842E-04  0.0000000E+00
         1   415      3 -0.6556831E-03  0.1250519E-03  0.0000000E+00  0.0000000E+00 -0.3345180E-04  0.0000000E+00
         1   415      4 -0.8742368E-03  0.1667364E-03  0.0000000E+00  0.0000000E+00 -0.4516779E-04  0.0000000E+00
         1   415      5 -0.1092785E-02  0.2084210E-03  0.0000000E+00  0.0000000E+00 -0.5716625E-04  0.0000000E+00
         1   415      6 -0.1311326E-02  0.2501056E-03  0.0000000E+00  0.0000000E+00 -0.6944704E-04  0.0000000E+00
         1   415      7 -0.1529858E-02  0.2917902E-03  0.0000000E+00  0.0000000E+00 -0.8201005E-04  0.0000000E+00
         1   415      8 -0.1748381E-02  0.3334746E-03  0.0000000E+00  0.0000000E+00 -0.9485512E-04  0.0000000E+00
         1   415      9 -0.1966893E-02  0.3751588E-03  0.0000000E+00  0.0000000E+00 -0.1079821E-03  0.0000000E+00
         1   415     10  0.3331195E-03 -0.1133111E-03  0.0000000E+00  0.0000000E+00  0.5364945E-01  0.1000000E-02

         1   416      0  0.0000000E+00  0.0000000E+00  0.0000000E+00  0.0000000E+00  0.0000000E+00  0.0000000E+00
         1   416      1  0.0000000E+00  0.0000000E+00  0.0000000E+00  0.0000000E+00  0.0000000E+00  0.0000000E+00
         1   416      2 -0.4162829E-03  0.8336765E-04  0.0000000E+00  0.0000000E+00 -0.2201890E-04  0.0000000E+00
         1   416      3 -0.6244201E-03  0.1250519E-03  0.0000000E+00  0.0000000E+00 -0.3345289E-04  0.0000000E+00
         1   416      4 -0.8325527E-03  0.1667364E-03  0.0000000E+00  0.0000000E+00 -0.4516972E-04  0.0000000E+00
         1   416      5 -0.1040680E-02  0.2084210E-03  0.0000000E+00  0.0000000E+00 -0.5716926E-04  0.0000000E+00
         1   416      6 -0.1248799E-02  0.2501056E-03  0.0000000E+00  0.0000000E+00 -0.6945138E-04  0.0000000E+00
         1   416      7 -0.1456911E-02  0.2917902E-03  0.0000000E+00  0.0000000E+00 -0.8201595E-04  0.0000000E+00
         1   416      8 -0.1665013E-02  0.3334746E-03  0.0000000E+00  0.0000000E+00 -0.9486284E-04  0.0000000E+00
         1   416      9 -0.1873104E-02  0.3751588E-03  0.0000000E+00  0.0000000E+00 -0.1079919E-03  0.0000000E+00
         1   416     10  0.3048075E-03 -0.1133111E-03  0.0000000E+00  0.0000000E+00  0.5369887E-01  0.1000000E-02

         1   417      0  0.0000000E+00  0.0000000E+00  0.0000000E+00  0.0000000E+00  0.0000000E+00  0.0000000E+00
         1   417      1  0.0000000E+00  0.0000000E+00  0.0000000E+00  0.0000000E+00  0.0000000E+00  0.0000000E+00
         1   417      2 -0.4037778E-03  0.8336765E-04  0.0000000E+00  0.0000000E+00 -0.2201919E-04  0.0000000E+00
         1   417      3 -0.6056623E-03  0.1250519E-03  0.0000000E+00  0.0000000E+00 -0.3345354E-04  0.0000000E+00
         1   417      4 -0.8075423E-03  0.1667364E-03  0.0000000E+00  0.0000000E+00 -0.4517088E-04  0.0000000E+00
         1   417      5 -0.1009416E-02  0.2084210E-03  0.0000000E+00  0.0000000E+00 -0.5717107E-04  0.0000000E+00
         1   417      6 -0.1211283E-02  0.2501056E-03  0.0000000E+00  0.0000000E+00 -0.6945399E-04  0.0000000E+00
         1   417      7 -0.1413142E-02  0.2917902E-03  0.0000000E+00  0.0000000E+00 -0.8201950E-04  0.0000000E+00
         1   417      8 -0.1614992E-02  0.3334746E-03  0.0000000E+00  0.0000000E+00 -0.9486747E-04  0.0000000E+00
         1   417      9 -0.1816830E-02  0.3751588E-03  0.0000000E+00  0.0000000E+00 -0.1079978E-03  0.0000000E+00
         1   417     10  0.2878202E-03 -0.1133111E-03  0.0000000E+00  0.0000000E+00  0.5372853E-01  0.1000000E-02

         1   418      0  0.0000000E+00  0.0000000E+00  0.0000000E+00  0.0000000E+00  0.0000000E+00  0.0000000E+00
         1   418      1  0.0000000E+00  0.0000000E+00  0.0000000E+00  0.0000000E+00  0.0000000E+00  0.0000000E+00
         1   418      2 -0.3829359E-03  0.8336765E-04  0.0000000E+00  0.0000000E+00 -0.2201968E-04  0.0000000E+00
         1   418      3 -0.5743993E-03  0.1250519E-03  0.0000000E+00  0.0000000E+00 -0.3345463E-04  0.0000000E+00
         1   418      4 -0.7658581E-03  0.1667364E-03  0.0000000E+00  0.0000000E+00 -0.4517281E-04  0.0000000E+00
         1   418      5 -0.9573111E-03  0.2084210E-03  0.0000000E+00  0.0000000E+00 -0.5717408E-04  0.0000000E+00
         1   418      6 -0.1148757E-02  0.2501056E-03  0.0000000E+00  0.0000000E+00 -0.6945833E-04  0.0000000E+00
         1   418      7 -0.1340195E-02  0.2917902E-03  0.0000000E+00  0.0000000E+00 -0.8202541E-04  0.0000000E+00
         1   418      8 -0.1531623E-02  0.3334746E-03  0.0000000E+00  0.0000000E+00 -0.9487519E-04  0.0000000E+00
         1   418      9 -0.1723040E-02  0.3751588E-03  0.0000000E+00  0.0000000E+00 -0.1080075E-03  0.0000000E+00
         1   418     10  0.2595082E-03 -0.1133111E-03  0.0000000E+00  0.0000000E+00  0.5377795E-01  0.1000000E-02

         1   419      0  0.0000000E+00  0.0000000E+00  0.0000000E+00  0.0000000E+00  0.0000000E+00  0.0000000E+00
         1   419      1  0.0000000E+00  0.0000000E+00  0.0000000E+00  0.0000000E+00  0.0000000E+00  0.0000000E+00
         1   419      2  0.1090342E-04  0.8439838E-04  0.0000000E+00  0.0000000E+00 -0.6752501E-06  0.0000000E+00
         1   419      3  0.1635720E-04  0.1265973E-03  0.0000000E+00  0.0000000E+00 -0.1445311E-05  0.0000000E+00
         1   419      4  0.2181345E-04  0.1687960E-03  0.0000000E+00  0.0000000E+00 -0.2503642E-05  0.0000000E+00
         1   419      5  0.2727299E-04  0.2109944E-03  0.0000000E+00  0.0000000E+00 -0.3850229E-05  0.0000000E+00
         1   419      6  0.3273665E-04  0.2531923E-03  0.0000000E+00  0.0000000E+00 -0.5485056E-05  0.0000000E+00
         1   419      7  0.3820524E-04  0.2953896E-03  0.0000000E+00  0.0000000E+00 -0.7408108E-05  0.0000000E+00
         1   419      8  0.4367959E-04  0.3375863E-03  0.0000000E+00  0.0000000E+00 -0.9619369E-05  0.0000000E+00
         1   419      9  0.4916051E-04  0.3797823E-03  0.0000000E+00  0.0000000E+00 -0.1211882E-04  0.0000000E+00
         1   419     10 -0.4646337E-05  0.7269515E-06  0.0000000E+00  0.0000000E+00  0.5469468E-01  0.1000000E-02

         1   420      0  0.0000000E+00  0.0000000E+00  0.0000000E+00  0.0000000E+00  0.0000000E+00  0.0000000E+00
         1   420      1  0.0000000E+00  0.0000000E+00  0.0000000E+00  0.0000000E+00  0.0000000E+00  0.0000000E+00
         1   420      2  0.3200301E-04  0.8439838E-04  0.0000000E+00  0.0000000E+00 -0.6757444E-06  0.0000000E+00
         1   420      3  0.4800653E-04  0.1265973E-03  0.0000000E+00  0.0000000E+00 -0.1446423E-05  0.0000000E+00
         1   420      4  0.6401246E-04  0.1687960E-03  0.0000000E+00  0.0000000E+00 -0.2505620E-05  0.0000000E+00
         1   420      5  0.8002159E-04  0.2109944E-03  0.0000000E+00  0.0000000E+00 -0.3853319E-05  0.0000000E+00
         1   420      6  0.9603472E-04  0.2531923E-03  0.0000000E+00  0.0000000E+00 -0.5489505E-05  0.0000000E+00
         1   420      7  0.1120526E-03  0.2953896E-03  0.0000000E+00  0.0000000E+00 -0.7414164E-05  0.0000000E+00
         1   420      8  0.1280762E-03  0.3375863E-03  0.0000000E+00  0.0000000E+00 -0.9627278E-05  0.0000000E+00
         1   420      9  0.1441061E-03  0.3797823E-03  0.0000000E+00  0.0000000E+00 -0.1212883E-04  0.0000000E+00
         1   420     10 -0.4464700E-05  0.7269515E-06  0.0000000E+00  0.0000000E+00  0.5474410E-01  0.1000000E-02

         1   421      0  0.0000000E+00  0.0000000E+00  0.0000000E+00  0.0000000E+00  0.0000000E+00  0.0000000E+00
         1   421      1  0.0000000E+00  0.0000000E+00  0.0000000E+00  0.0000000E+00  0.0000000E+00  0.0000000E+00
         1   421      2  0.4466277E-04  0.8439838E-04  0.0000000E+00  0.0000000E+00 -0.6760410E-06  0.0000000E+00
         1   421      3  0.6699613E-04  0.1265973E-03  0.0000000E+00  0.0000000E+00 -0.1447091E-05  0.0000000E+00
         1   421      4  0.8933186E-04  0.1687960E-03  0.0000000E+00  0.0000000E+00 -0.2506806E-05  0.0000000E+00
         1   421      5  0.1116707E-03  0.2109944E-03  0.0000000E+00  0.0000000E+00 -0.3855172E-05  0.0000000E+00
         1   421      6  0.1340136E-03  0.2531923E-03  0.0000000E+00  0.0000000E+00 -0.5492175E-05  0.0000000E+00
         1   421      7  0.1563611E-03  0.2953896E-03  0.0000000E+00  0.0000000E+00 -0.7417797E-05  0.0000000E+00
         1   421      8  0.1787141E-03  0.3375863E-03  0.0000000E+00  0.0000000E+00 -0.9632024E-05  0.0000000E+00
         1   421      9  0.2010735E-03  0.3797823E-03  0.0000000E+00  0.0000000E+00 -0.1213484E-04  0.0000000E+00
         1   421     10 -0.4355718E-05  0.7269515E-06  0.0000000E+00  0.0000000E+00  0.5477376E-01  0.1000000E-02

         1   422      0  0.0000000E+00  0.0000000E+00  0.0000000E+00  0.0000000E+00  0.0000000E+00  0.0000000E+00
         1   422      1  0.0000000E+00  0.0000000E+00  0.0000000E+00  0.0000000E+00  0.0000000E+00  0.0000000E+00
         1   422      2  0.6576237E-04  0.8439838E-04  0.0000000E+00  0.0000000E+00 -0.6765354E-06  0.0000000E+00
         1   422      3  0.9864547E-04  0.1265973E-03  0.0000000E+00  0.0000000E+00 -0.1448203E-05  0.0000000E+00
         1   422      4  0.1315309E-03  0.1687960E-03  0.0000000E+00  0.0000000E+00 -0.2508783E-05  0.0000000E+00
         1   422      5  0.1644193E-03  0.2109944E-03  0.0000000E+00  0.0000000E+00 -0.3858262E-05  0.0000000E+00
         1   422      6  0.1973116E-03  0.2531923E-03  0.0000000E+00  0.0000000E+00 -0.5496623E-05  0.0000000E+00
         1   422      7  0.2302085E-03  0.2953896E-03  0.0000000E+00  0.0000000E+00 -0.7423852E-05  0.0000000E+00
         1   422      8  0.2631107E-03  0.3375863E-03  0.0000000E+00  0.0000000E+00 -0.9639932E-05  0.0000000E+00
         1   422      9  0.2960190E-03  0.3797823E-03  0.0000000E+00  0.0000000E+00 -0.1214485E-04  0.0000000E+00
         1   422     10 -0.4174081E-05  0.7269515E-06  0.0000000E+00  0.0000000E+00  0.5482318E-01  0.1000000E-02

         1   423      0  0.0000000E+00  0.0000000E+00  0.0000000E+00  0.0000000E+00  0.0000000E+00  0.0000000E+00
         1   423      1  0.0000000E+00  0.0000000E+00  0.0000000E+00  0.0000000E+00  0.0000000E+00  0.0000000E+00
         1   423      2  0.1094380E-03  0.9084065E-04  0.0000000E+00  0.0000000E+00 -0.6774925E-06  0.0000000E+00
         1   423      3  0.1641588E-03  0.1362609E-03  0.0000000E+00  0.0000000E+00 -0.1450356E-05  0.0000000E+00
         1   423      4  0.2188818E-03  0.1816810E-03  0.0000000E+00  0.0000000E+00 -0.2512612E-05  0.0000000E+00
         1   423      5  0.2736078E-03  0.2271010E-03  0.0000000E+00  0.0000000E+00 -0.3864244E-05  0.0000000E+00
         1   423      6  0.3283374E-03  0.2725208E-03  0.0000000E+00  0.0000000E+00 -0.5505238E-05  0.0000000E+00
         1   423      7  0.3830715E-03  0.3179404E-03  0.0000000E+00  0.0000000E+00 -0.7435577E-05  0.0000000E+00
         1   423      8  0.4378106E-03  0.3633598E-03  0.0000000E+00  0.0000000E+00 -0.9655246E-05  0.0000000E+00
         1   423      9  0.4925557E-03  0.4087789E-03  0.0000000E+00  0.0000000E+00 -0.1216423E-04  0.0000000E+00
         1   423     10 -0.3885716E-05  0.4306904E-06  0.0000000E+00  0.0000000E+00  0.5492203E-01  0.1000000E-02

         1   424      0  0.0000000E+00  0.0000000E+00  0.0000000E+00  0.0000000E+00  0.0000000E+00  0.0000000E+00
         1   424      1  0.0000000E+00  0.0000000E+00  0.0000000E+00  0.0000000E+00  0.0000000E+00  0.0000000E+00
         1   424      2  0.1575088E-03  0.1021218E-03  0.0000000E+00  0.0000000E+00 -0.6785066E-06  0.0000000E+00
         1   424      3  0.2362651E-03  0.1531828E-03  0.0000000E+00  0.0000000E+00 -0.1452638E-05  0.0000000E+00
         1   424      4  0.3150235E-03  0.2042439E-03  0.0000000E+00  0.0000000E+00 -0.2516668E-05  0.0000000E+00
         1   424      5  0.3937849E-03  0.2553050E-03  0.0000000E+00  0.0000000E+00 -0.3870582E-05  0.0000000E+00
         1   424      6  0.4725499E-03  0.3063664E-03  0.0000000E+00  0.0000000E+00 -0.5514364E-05  0.0000000E+00
         1   424      7  0.5513193E-03  0.3574278E-03  0.0000000E+00  0.0000000E+00 -0.7447999E-05  0.0000000E+00
         1   424      8  0.6300939E-03  0.4084895E-03  0.0000000E+00  0.0000000E+00 -0.9671471E-05  0.0000000E+00
         1   424      9  0.7088743E-03  0.4595514E-03  0.0000000E+00  0.0000000E+00 -0.1218476E-04  0.0000000E+00
         1   424     10 -0.3751578E-05  0.1080521E-06  0.0000000E+00  0.0000000E+00  0.5502088E-01  0.1000000E-02

         1   425      0  0.0000000E+00  0.0000000E+00  0.0000000E+00  0.0000000E+00  0.0000000E+00  0.0000000E+00
         1   425      1  0.0000000E+00  0.0000000E+00  0.0000000E+00  0.0000000E+00  0.0000000E+00  0.0000000E+00
         1   425      2  0.1830393E-03  0.1021218E-03  0.0000000E+00  0.0000000E+00 -0.6792304E-06  0.0000000E+00
         1   425      3  0.2745608E-03  0.1531828E-03  0.0000000E+00  0.0000000E+00 -0.1454267E-05  0.0000000E+00
         1   425      4  0.3660845E-03  0.2042439E-03  0.0000000E+00  0.0000000E+00 -0.2519563E-05  0.0000000E+00
         1   425      5  0.4576111E-03  0.2553050E-03  0.0000000E+00  0.0000000E+00 -0.3875106E-05  0.0000000E+00
         1   425      6  0.5491415E-03  0.3063664E-03  0.0000000E+00  0.0000000E+00 -0.5520878E-05  0.0000000E+00
         1   425      7  0.6406763E-03  0.3574278E-03  0.0000000E+00  0.0000000E+00 -0.7456865E-05  0.0000000E+00
         1   425      8  0.7322163E-03  0.4084895E-03  0.0000000E+00  0.0000000E+00 -0.9683051E-05  0.0000000E+00
         1   425      9  0.8237621E-03  0.4595514E-03  0.0000000E+00  0.0000000E+00 -0.1219942E-04  0.0000000E+00
         1   425     10 -0.3724580E-05  0.1080521E-06  0.0000000E+00  0.0000000E+00  0.5507030E-01  0.1000000E-02

         1   426      0  0.0000000E+00  0.0000000E+00  0.0000000E+00  0.0000000E+00  0.0000000E+00  0.0000000E+00
         1   426      1  0.0000000E+00  0.0000000E+00  0.0000000E+00  0.0000000E+00  0.0000000E+00  0.0000000E+00
         1   426      2  0.1983575E-03  0.1021218E-03  0.0000000E+00  0.0000000E+00 -0.6796646E-06  0.0000000E+00
         1   426      3  0.2975382E-03  0.1531828E-03  0.0000000E+00  0.0000000E+00 -0.1455244E-05  0.0000000E+00
         1   426      4  0.3967211E-03  0.2042439E-03  0.0000000E+00  0.0000000E+00 -0.2521300E-05  0.0000000E+00
         1   426      5  0.4959069E-03  0.2553050E-03  0.0000000E+00  0.0000000E+00 -0.3877820E-05  0.0000000E+00
         1   426      6  0.5950965E-03  0.3063664E-03  0.0000000E+00  0.0000000E+00 -0.5524786E-05  0.0000000E+00
         1   426      7  0.6942905E-03  0.3574278E-03  0.0000000E+00  0.0000000E+00 -0.7462185E-05  0.0000000E+00
         1   426      8  0.7934897E-03  0.4084895E-03  0.0000000E+00  0.0000000E+00 -0.9689999E-05  0.0000000E+00
         1   426      9  0.8926949E-03  0.4595514E-03  0.0000000E+00  0.0000000E+00 -0.1220821E-04  0.0000000E+00
         1   426     10 -0.3708381E-05  0.1080521E-06  0.0000000E+00  0.0000000E+00  0.5509996E-01  0.1000000E-02

         1   427      0  0.0000000E+00  0.0000000E+00  0.0000000E+00  0.0000000E+00  0.0000000E+00  0.0000000E+00
         1   427      1  0.0000000E+00  0.0000000E+00  0.0000000E+00  0.0000000E+00  0.0000000E+00  0.0000000E+00
         1   427      2  0.2238880E-03  0.1021218E-03  0.0000000E+00  0.0000000E+00 -0.6803884E-06  0.0000000E+00
         1   427      3  0.3358339E-03  0.1531828E-03  0.0000000E+00  0.0000000E+00 -0.1456872E-05  0.0000000E+00
         1   427      4  0.4477820E-03  0.2042439E-03  0.0000000E+00  0.0000000E+00 -0.2524195E-05  0.0000000E+00
         1   427      5  0.5597332E-03  0.2553050E-03  0.0000000E+00  0.0000000E+00 -0.3882343E-05  0.0000000E+00
         1   427      6  0.6716881E-03  0.3063664E-03  0.0000000E+00  0.0000000E+00 -0.5531300E-05  0.0000000E+00
         1   427      7  0.7836474E-03  0.3574278E-03  0.0000000E+00  0.0000000E+00 -0.7471050E-05  0.0000000E+00
         1   427      8  0.8956121E-03  0.4084895E-03  0.0000000E+00  0.0000000E+00 -0.9701579E-05  0.0000000E+00
         1   427      9  0.1007583E-02  0.4595514E-03  0.0000000E+00  0.0000000E+00 -0.1222287E-04  0.0000000E+00
         1   427     10 -0.3681383E-05  0.1080521E-06  0.0000000E+00  0.0000000E+00  0.5514938E-01  0.1000000E-02

         1   428      0  0.0000000E+00  0.0000000E+00  0.0000000E+00  0.0000000E+00  0.0000000E+00  0.0000000E+00
         1   428      1  0.0000000E+00  0.0000000E+00  0.0000000E+00  0.0000000E+00  0.0000000E+00  0.0000000E+00
         1   428      2  0.7023288E-03  0.1021218E-03  0.0000000E+00  0.0000000E+00 -0.6939512E-06  0.0000000E+00
         1   428      3  0.1053495E-02  0.1531828E-03  0.0000000E+00  0.0000000E+00 -0.1487389E-05  0.0000000E+00
         1   428      4  0.1404665E-02  0.2042439E-03  0.0000000E+00  0.0000000E+00 -0.2578447E-05  0.0000000E+00
         1   428      5  0.1755837E-02  0.2553050E-03  0.0000000E+00  0.0000000E+00 -0.3967111E-05  0.0000000E+00
         1   428      6  0.2107015E-02  0.3063664E-03  0.0000000E+00  0.0000000E+00 -0.5653366E-05  0.0000000E+00
         1   428      7  0.2458197E-02  0.3574278E-03  0.0000000E+00  0.0000000E+00 -0.7637197E-05  0.0000000E+00
         1   428      8  0.2809386E-02  0.4084895E-03  0.0000000E+00  0.0000000E+00 -0.9918587E-05  0.0000000E+00
         1   428      9  0.3160581E-02  0.4595514E-03  0.0000000E+00  0.0000000E+00 -0.1249752E-04  0.0000000E+00
         1   428     10 -0.3175440E-05  0.1080521E-06  0.0000000E+00  0.0000000E+00  0.5607560E-01  0.1000000E-02

         1   429      0  0.0000000E+00  0.0000000E+00  0.0000000E+00  0.0000000E+00  0.0000000E+00  0.0000000E+00
         1   429      1  0.0000000E+00  0.0000000E+00  0.0000000E+00  0.0000000E+00  0.0000000E+00  0.0000000E+00
         1   429      2  0.7278592E-03  0.1021218E-03  0.0000000E+00  0.0000000E+00 -0.6946750E-06  0.0000000E+00
         1   429      3  0.1091791E-02  0.1531828E-03  0.0000000E+00  0.0000000E+00 -0.1489017E-05  0.0000000E+00
         1   429      4  0.1455726E-02  0.2042439E-03  0.0000000E+00  0.0000000E+00 -0.2581342E-05  0.0000000E+00
         1   429      5  0.1819664E-02  0.2553050E-03  0.0000000E+00  0.0000000E+00 -0.3971635E-05  0.0000000E+00
         1   429      6  0.2183606E-02  0.3063664E-03  0.0000000E+00  0.0000000E+00 -0.5659880E-05  0.0000000E+00
         1   429      7  0.2547554E-02  0.3574278E-03  0.0000000E+00  0.0000000E+00 -0.7646063E-05  0.0000000E+00
         1   429      8  0.2911508E-02  0.4084895E-03  0.0000000E+00  0.0000000E+00 -0.9930167E-05  0.0000000E+00
         1   429      9  0.3275469E-02  0.4595514E-03  0.0000000E+00  0.0000000E+00 -0.1251218E-04  0.0000000E+00
         1   429     10 -0.3148442E-05  0.1080521E-06  0.0000000E+00  0.0000000E+00  0.5612503E-01  0.1000000E-02

         1   430      0  0.0000000E+00  0.0000000E+00  0.0000000E+00  0.0000000E+00  0.0000000E+00  0.0000000E+00
         1   430      1  0.0000000E+00  0.0000000E+00  0.0000000E+00  0.0000000E+00  0.0000000E+00  0.0000000E+00
         1   430      2  0.7431775E-03  0.1021218E-03  0.0000000E+00  0.0000000E+00 -0.6951092E-06  0.0000000E+00
         1   430      3  0.1114768E-02  0.1531828E-03  0.0000000E+00  0.0000000E+00 -0.1489994E-05  0.0000000E+00
         1   430      4  0.1486362E-02  0.2042439E-03  0.0000000E+00  0.0000000E+00 -0.2583079E-05  0.0000000E+00
         1   430      5  0.1857959E-02  0.2553050E-03  0.0000000E+00  0.0000000E+00 -0.3974349E-05  0.0000000E+00
         1   430      6  0.2229561E-02  0.3063664E-03  0.0000000E+00  0.0000000E+00 -0.5663788E-05  0.0000000E+00
         1   430      7  0.2601168E-02  0.3574278E-03  0.0000000E+00  0.0000000E+00 -0.7651382E-05  0.0000000E+00
         1   430      8  0.2972781E-02  0.4084895E-03  0.0000000E+00  0.0000000E+00 -0.9937115E-05  0.0000000E+00
         1   430      9  0.3344402E-02  0.4595514E-03  0.0000000E+00  0.0000000E+00 -0.1252097E-04  0.0000000E+00
         1   430     10 -0.3132243E-05  0.1080521E-06  0.0000000E+00  0.0000000E+00  0.5615468E-01  0.1000000E-02

         1   431      0  0.0000000E+00  0.0000000E+00  0.0000000E+00  0.0000000E+00  0.0000000E+00  0.0000000E+00
         1   431      1  0.0000000E+00  0.0000000E+00  0.0000000E+00  0.0000000E+00  0.0000000E+00  0.0000000E+00
         1   431      2  0.7687080E-03  0.1021218E-03  0.0000000E+00  0.0000000E+00 -0.6958330E-06  0.0000000E+00
         1   431      3  0.1153064E-02  0.1531828E-03  0.0000000E+00  0.0000000E+00 -0.1491622E-05  0.0000000E+00
         1   431      4  0.1537423E-02  0.2042439E-03  0.0000000E+00  0.0000000E+00 -0.2585974E-05  0.0000000E+00
         1   431      5  0.1921786E-02  0.2553050E-03  0.0000000E+00  0.0000000E+00 -0.3978872E-05  0.0000000E+00
         1   431      6  0.2306153E-02  0.3063664E-03  0.0000000E+00  0.0000000E+00 -0.5670302E-05  0.0000000E+00
         1   431      7  0.2690525E-02  0.3574278E-03  0.0000000E+00  0.0000000E+00 -0.7660248E-05  0.0000000E+00
         1   431      8  0.3074904E-02  0.4084895E-03  0.0000000E+00  0.0000000E+00 -0.9948695E-05  0.0000000E+00
         1   431      9  0.3459290E-02  0.4595514E-03  0.0000000E+00  0.0000000E+00 -0.1253563E-04  0.0000000E+00
         1   431     10 -0.3105245E-05  0.1080521E-06  0.0000000E+00  0.0000000E+00  0.5620411E-01  0.1000000E-02

         1   432      0  0.0000000E+00  0.0000000E+00  0.0000000E+00  0.0000000E+00  0.0000000E+00  0.0000000E+00
         1   432      1  0.0000000E+00  0.0000000E+00  0.0000000E+00  0.0000000E+00  0.0000000E+00  0.0000000E+00
         1   432      2  0.8012583E-03  0.2756589E-04  0.0000000E+00  0.0000000E+00 -0.7069574E-06  0.0000000E+00
         1   432      3  0.1201890E-02  0.4134868E-04  0.0000000E+00  0.0000000E+00 -0.1516653E-05  0.0000000E+00
         1   432      4  0.1602524E-02  0.5513129E-04  0.0000000E+00  0.0000000E+00 -0.2630472E-05  0.0000000E+00
         1   432      5  0.2003161E-02  0.6891367E-04  0.0000000E+00  0.0000000E+00 -0.4048401E-05  0.0000000E+00
         1   432      6  0.2403803E-02  0.8269574E-04  0.0000000E+00  0.0000000E+00 -0.5770425E-05  0.0000000E+00
         1   432      7  0.2804451E-02  0.9647745E-04  0.0000000E+00  0.0000000E+00 -0.7796527E-05  0.0000000E+00
         1   432      8  0.3205105E-02  0.1102587E-03  0.0000000E+00  0.0000000E+00 -0.1012669E-04  0.0000000E+00
         1   432      9  0.3605765E-02  0.1240396E-03  0.0000000E+00  0.0000000E+00 -0.1276091E-04  0.0000000E+00
         1   432     10 -0.2978588E-05  0.3968626E-06  0.0000000E+00  0.0000000E+00  0.5630296E-01  0.1000000E-02

         1   433      0  0.0000000E+00  0.0000000E+00  0.0000000E+00  0.0000000E+00  0.0000000E+00  0.0000000E+00
         1   433      1  0.0000000E+00  0.0000000E+00  0.0000000E+00  0.0000000E+00  0.0000000E+00  0.0000000E+00
         1   433      2  0.7960571E-03 -0.4828883E-04  0.0000000E+00  0.0000000E+00 -0.7178775E-06  0.0000000E+00
         1   433      3  0.1194088E-02 -0.7243361E-04  0.0000000E+00  0.0000000E+00 -0.1541223E-05  0.0000000E+00
         1   433      4  0.1592121E-02 -0.9657882E-04  0.0000000E+00  0.0000000E+00 -0.2674153E-05  0.0000000E+00
         1   433      5  0.1990157E-02 -0.1207246E-03  0.0000000E+00  0.0000000E+00 -0.4116652E-05  0.0000000E+00
         1   433      6  0.2388198E-02 -0.1448711E-03  0.0000000E+00  0.0000000E+00 -0.5868707E-05  0.0000000E+00
         1   433      7  0.2786244E-02 -0.1690185E-03  0.0000000E+00  0.0000000E+00 -0.7930302E-05  0.0000000E+00
         1   433      8  0.3184295E-02 -0.1931669E-03  0.0000000E+00  0.0000000E+00 -0.1030142E-04  0.0000000E+00
         1   433      9  0.3582354E-02 -0.2173164E-03  0.0000000E+00  0.0000000E+00 -0.1298205E-04  0.0000000E+00
         1   433     10 -0.2711720E-05  0.6669917E-06  0.0000000E+00  0.0000000E+00  0.5640181E-01  0.1000000E-02

         1   434      0  0.0000000E+00  0.0000000E+00  0.0000000E+00  0.0000000E+00  0.0000000E+00  0.0000000E+00
         1   434      1  0.0000000E+00  0.0000000E+00  0.0000000E+00  0.0000000E+00  0.0000000E+00  0.0000000E+00
         1   434      2  0.7839848E-03 -0.4828883E-04  0.0000000E+00  0.0000000E+00 -0.7180393E-06  0.0000000E+00
         1   434      3  0.1175979E-02 -0.7243361E-04  0.0000000E+00  0.0000000E+00 -0.1541587E-05  0.0000000E+00
         1   434      4  0.1567976E-02 -0.9657882E-04  0.0000000E+00  0.0000000E+00 -0.2674800E-05  0.0000000E+00
         1   434      5  0.1959976E-02 -0.1207246E-03  0.0000000E+00  0.0000000E+00 -0.4117664E-05  0.0000000E+00
         1   434      6  0.2351980E-02 -0.1448711E-03  0.0000000E+00  0.0000000E+00 -0.5870164E-05  0.0000000E+00
         1   434      7  0.2743989E-02 -0.1690185E-03  0.0000000E+00  0.0000000E+00 -0.7932285E-05  0.0000000E+00
         1   434      8  0.3136004E-02 -0.1931669E-03  0.0000000E+00  0.0000000E+00 -0.1030401E-04  0.0000000E+00
         1   434      9  0.3528025E-02 -0.2173164E-03  0.0000000E+00  0.0000000E+00 -0.1298533E-04  0.0000000E+00
         1   434     10 -0.2545064E-05  0.6669917E-06  0.0000000E+00  0.0000000E+00  0.5645123E-01  0.1000000E-02

         1   435      0  0.0000000E+00  0.0000000E+00  0.0000000E+00  0.0000000E+00  0.0000000E+00  0.0000000E+00
         1   435      1  0.0000000E+00  0.0000000E+00  0.0000000E+00  0.0000000E+00  0.0000000E+00  0.0000000E+00
         1   435      2  0.7767415E-03 -0.4828883E-04  0.0000000E+00  0.0000000E+00 -0.7181364E-06  0.0000000E+00
         1   435      3  0.1165114E-02 -0.7243361E-04  0.0000000E+00  0.0000000E+00 -0.1541805E-05  0.0000000E+00
         1   435      4  0.1553489E-02 -0.9657882E-04  0.0000000E+00  0.0000000E+00 -0.2675188E-05  0.0000000E+00
         1   435      5  0.1941867E-02 -0.1207246E-03  0.0000000E+00  0.0000000E+00 -0.4118271E-05  0.0000000E+00
         1   435      6  0.2330250E-02 -0.1448711E-03  0.0000000E+00  0.0000000E+00 -0.5871038E-05  0.0000000E+00
         1   435      7  0.2718636E-02 -0.1690185E-03  0.0000000E+00  0.0000000E+00 -0.7933474E-05  0.0000000E+00
         1   435      8  0.3107029E-02 -0.1931669E-03  0.0000000E+00  0.0000000E+00 -0.1030557E-04  0.0000000E+00
         1   435      9  0.3495427E-02 -0.2173164E-03  0.0000000E+00  0.0000000E+00 -0.1298730E-04  0.0000000E+00
         1   435     10 -0.2445071E-05  0.6669917E-06  0.0000000E+00  0.0000000E+00  0.5648089E-01  0.1000000E-02

         1   436      0  0.0000000E+00  0.0000000E+00  0.0000000E+00  0.0000000E+00  0.0000000E+00  0.0000000E+00
         1   436      1  0.0000000E+00  0.0000000E+00  0.0000000E+00  0.0000000E+00  0.0000000E+00  0.0000000E+00
         1   436      2  0.7646693E-03 -0.4828883E-04  0.0000000E+00  0.0000000E+00 -0.7182982E-06  0.0000000E+00
         1   436      3  0.1147006E-02 -0.7243361E-04  0.0000000E+00  0.0000000E+00 -0.1542169E-05  0.0000000E+00
         1   436      4  0.1529345E-02 -0.9657882E-04  0.0000000E+00  0.0000000E+00 -0.2675836E-05  0.0000000E+00
         1   436      5  0.1911686E-02 -0.1207246E-03  0.0000000E+00  0.0000000E+00 -0.4119282E-05  0.0000000E+00
         1   436      6  0.2294032E-02 -0.1448711E-03  0.0000000E+00  0.0000000E+00 -0.5872494E-05  0.0000000E+00
         1   436      7  0.2676382E-02 -0.1690185E-03  0.0000000E+00  0.0000000E+00 -0.7935457E-05  0.0000000E+00
         1   436      8  0.3058737E-02 -0.1931669E-03  0.0000000E+00  0.0000000E+00 -0.1030816E-04  0.0000000E+00
         1   436      9  0.3441098E-02 -0.2173164E-03  0.0000000E+00  0.0000000E+00 -0.1299057E-04  0.0000000E+00
         1   436     10 -0.2278416E-05  0.6669917E-06  0.0000000E+00  0.0000000E+00  0.5653031E-01  0.1000000E-02

         1   437      0  0.0000000E+00  0.0000000E+00  0.0000000E+00  0.0000000E+00  0.0000000E+00  0.0000000E+00
         1   437      1  0.0000000E+00  0.0000000E+00  0.0000000E+00  0.0000000E+00  0.0000000E+00  0.0000000E+00
         1   437      2  0.5384361E-03 -0.4828883E-04  0.0000000E+00  0.0000000E+00 -0.7213308E-06  0.0000000E+00
         1   437      3  0.8076544E-03 -0.7243361E-04  0.0000000E+00  0.0000000E+00 -0.1548993E-05  0.0000000E+00
         1   437      4  0.1076873E-02 -0.9657882E-04  0.0000000E+00  0.0000000E+00 -0.2687966E-05  0.0000000E+00
         1   437      5  0.1346092E-02 -0.1207246E-03  0.0000000E+00  0.0000000E+00 -0.4138236E-05  0.0000000E+00
         1   437      6  0.1615311E-02 -0.1448711E-03  0.0000000E+00  0.0000000E+00 -0.5899789E-05  0.0000000E+00
         1   437      7  0.1884530E-02 -0.1690185E-03  0.0000000E+00  0.0000000E+00 -0.7972609E-05  0.0000000E+00
         1   437      8  0.2153750E-02 -0.1931669E-03  0.0000000E+00  0.0000000E+00 -0.1035668E-04  0.0000000E+00
         1   437      9  0.2422971E-02 -0.2173164E-03  0.0000000E+00  0.0000000E+00 -0.1305199E-04  0.0000000E+00
         1   437     10  0.8447067E-06  0.6669917E-06  0.0000000E+00  0.0000000E+00  0.5745653E-01  0.1000000E-02

         1   438      0  0.0000000E+00  0.0000000E+00  0.0000000E+00  0.0000000E+00  0.0000000E+00  0.0000000E+00
         1   438      1  0.0000000E+00  0.0000000E+00  0.0000000E+00  0.0000000E+00  0.0000000E+00  0.0000000E+00
         1   438      2  0.5263639E-03 -0.4828883E-04  0.0000000E+00  0.0000000E+00 -0.7214926E-06  0.0000000E+00
         1   438      3  0.7895460E-03 -0.7243361E-04  0.0000000E+00  0.0000000E+00 -0.1549357E-05  0.0000000E+00
         1   438      4  0.1052728E-02 -0.9657882E-04  0.0000000E+00  0.0000000E+00 -0.2688613E-05  0.0000000E+00
         1   438      5  0.1315910E-02 -0.1207246E-03  0.0000000E+00  0.0000000E+00 -0.4139248E-05  0.0000000E+00
         1   438      6  0.1579093E-02 -0.1448711E-03  0.0000000E+00  0.0000000E+00 -0.5901245E-05  0.0000000E+00
         1   438      7  0.1842275E-02 -0.1690185E-03  0.0000000E+00  0.0000000E+00 -0.7974591E-05  0.0000000E+00
         1   438      8  0.2105458E-02 -0.1931669E-03  0.0000000E+00  0.0000000E+00 -0.1035927E-04  0.0000000E+00
         1   438      9  0.2368641E-02 -0.2173164E-03  0.0000000E+00  0.0000000E+00 -0.1305527E-04  0.0000000E+00
         1   438     10  0.1011362E-05  0.6669917E-06  0.0000000E+00  0.0000000E+00  0.5750596E-01  0.1000000E-02

         1   439      0  0.0000000E+00  0.0000000E+00  0.0000000E+00  0.0000000E+00  0.0000000E+00  0.0000000E+00
         1   439      1  0.0000000E+00  0.0000000E+00  0.0000000E+00  0.0000000E+00  0.0000000E+00  0.0000000E+00
         1   439      2  0.5191206E-03 -0.4828883E-04  0.0000000E+00  0.0000000E+00 -0.7215897E-06  0.0000000E+00
         1   439      3  0.7786809E-03 -0.7243361E-04  0.0000000E+00  0.0000000E+00 -0.1549575E-05  0.0000000E+00
         1   439      4  0.1038241E-02 -0.9657882E-04  0.0000000E+00  0.0000000E+00 -0.2689002E-05  0.0000000E+00
         1   439      5  0.1297802E-02 -0.1207246E-03  0.0000000E+00  0.0000000E+00 -0.4139855E-05  0.0000000E+00
         1   439      6  0.1557362E-02 -0.1448711E-03  0.0000000E+00  0.0000000E+00 -0.5902119E-05  0.0000000E+00
         1   439      7  0.1816923E-02 -0.1690185E-03  0.0000000E+00  0.0000000E+00 -0.7975781E-05  0.0000000E+00
         1   439      8  0.2076483E-02 -0.1931669E-03  0.0000000E+00  0.0000000E+00 -0.1036082E-04  0.0000000E+00
         1   439      9  0.2336044E-02 -0.2173164E-03  0.0000000E+00  0.0000000E+00 -0.1305724E-04  0.0000000E+00
         1   439     10  0.1111355E-05  0.6669917E-06  0.0000000E+00  0.0000000E+00  0.5753561E-01  0.1000000E-02

         1   440      0  0.0000000E+00  0.0000000E+00  0.0000000E+00  0.0000000E+00  0.0000000E+00  0.0000000E+00
         1   440      1  0.0000000E+00  0.0000000E+00  0.0000000E+00  0.0000000E+00  0.0000000E+00  0.0000000E+00
         1   440      2  0.5070484E-03 -0.4828883E-04  0.0000000E+00  0.0000000E+00 -0.7217515E-06  0.0000000E+00
         1   440      3  0.7605725E-03 -0.7243361E-04  0.0000000E+00  0.0000000E+00 -0.1549939E-05  0.0000000E+00
         1   440      4  0.1014097E-02 -0.9657882E-04  0.0000000E+00  0.0000000E+00 -0.2689649E-05  0.0000000E+00
         1   440      5  0.1267621E-02 -0.1207246E-03  0.0000000E+00  0.0000000E+00 -0.4140866E-05  0.0000000E+00
         1   440      6  0.1521144E-02 -0.1448711E-03  0.0000000E+00  0.0000000E+00 -0.5903576E-05  0.0000000E+00
         1   440      7  0.1774668E-02 -0.1690185E-03  0.0000000E+00  0.0000000E+00 -0.7977763E-05  0.0000000E+00
         1   440      8  0.2028192E-02 -0.1931669E-03  0.0000000E+00  0.0000000E+00 -0.1036341E-04  0.0000000E+00
         1   440      9  0.2281715E-02 -0.2173164E-03  0.0000000E+00  0.0000000E+00 -0.1306051E-04  0.0000000E+00
         1   440     10  0.1278011E-05  0.6669917E-06  0.0000000E+00  0.0000000E+00  0.5758503E-01  0.1000000E-02

         1   441      0  0.0000000E+00  0.0000000E+00  0.0000000E+00  0.0000000E+00  0.0000000E+00  0.0000000E+00
         1   441      1  0.0000000E+00  0.0000000E+00  0.0000000E+00  0.0000000E+00  0.0000000E+00  0.0000000E+00
         1   441      2  0.4935228E-03 -0.6004665E-05  0.0000000E+00  0.0000000E+00 -0.7181171E-06  0.0000000E+00
         1   441      3  0.7402839E-03 -0.9007374E-05  0.0000000E+00  0.0000000E+00 -0.1541762E-05  0.0000000E+00
         1   441      4  0.9870448E-03 -0.1201053E-04  0.0000000E+00  0.0000000E+00 -0.2675112E-05  0.0000000E+00
         1   441      5  0.1233805E-02 -0.1501429E-04  0.0000000E+00  0.0000000E+00 -0.4118151E-05  0.0000000E+00
         1   441      6  0.1480565E-02 -0.1801880E-04  0.0000000E+00  0.0000000E+00 -0.5870867E-05  0.0000000E+00
         1   441      7  0.1727325E-02 -0.2102421E-04  0.0000000E+00  0.0000000E+00 -0.7933243E-05  0.0000000E+00
         1   441      8  0.1974083E-02 -0.2403067E-04  0.0000000E+00  0.0000000E+00 -0.1030527E-04  0.0000000E+00
         1   441      9  0.2220841E-02 -0.2703833E-04  0.0000000E+00  0.0000000E+00 -0.1298692E-04  0.0000000E+00
         1   441     10  0.1640851E-05  0.7902993E-06  0.0000000E+00  0.0000000E+00  0.5768388E-01  0.1000000E-02

         1   442      0  0.0000000E+00  0.0000000E+00  0.0000000E+00  0.0000000E+00  0.0000000E+00  0.0000000E+00
         1   442      1  0.0000000E+00  0.0000000E+00  0.0000000E+00  0.0000000E+00  0.0000000E+00  0.0000000E+00
         1   442      2  0.4996315E-03  0.3051449E-04  0.0000000E+00  0.0000000E+00 -0.7149316E-06  0.0000000E+00
         1   442      3  0.7494468E-03  0.4577132E-04  0.0000000E+00  0.0000000E+00 -0.1534595E-05  0.0000000E+00
         1   442      4  0.9992615E-03  0.6102768E-04  0.0000000E+00  0.0000000E+00 -0.2662369E-05  0.0000000E+00
         1   442      5  0.1249076E-02  0.7628340E-04  0.0000000E+00  0.0000000E+00 -0.4098242E-05  0.0000000E+00
         1   442      6  0.1498889E-02  0.9153831E-04  0.0000000E+00  0.0000000E+00 -0.5842197E-05  0.0000000E+00
         1   442      7  0.1748701E-02  0.1067923E-03  0.0000000E+00  0.0000000E+00 -0.7894220E-05  0.0000000E+00
         1   442      8  0.1998512E-02  0.1220451E-03  0.0000000E+00  0.0000000E+00 -0.1025430E-04  0.0000000E+00
         1   442      9  0.2248321E-02  0.1372967E-03  0.0000000E+00  0.0000000E+00 -0.1292241E-04  0.0000000E+00
         1   442     10  0.2068537E-05  0.9266486E-06  0.0000000E+00  0.0000000E+00  0.5778273E-01  0.1000000E-02

         1   443      0  0.0000000E+00  0.0000000E+00  0.0000000E+00  0.0000000E+00  0.0000000E+00  0.0000000E+00
         1   443      1  0.0000000E+00  0.0000000E+00  0.0000000E+00  0.0000000E+00  0.0000000E+00  0.0000000E+00
         1   443      2  0.5072601E-03  0.3051449E-04  0.0000000E+00  0.0000000E+00 -0.7149962E-06  0.0000000E+00
         1   443      3  0.7608896E-03  0.4577132E-04  0.0000000E+00  0.0000000E+00 -0.1534740E-05  0.0000000E+00
         1   443      4  0.1014518E-02  0.6102768E-04  0.0000000E+00  0.0000000E+00 -0.2662628E-05  0.0000000E+00
         1   443      5  0.1268146E-02  0.7628340E-04  0.0000000E+00  0.0000000E+00 -0.4098646E-05  0.0000000E+00
         1   443      6  0.1521773E-02  0.9153831E-04  0.0000000E+00  0.0000000E+00 -0.5842778E-05  0.0000000E+00
         1   443      7  0.1775399E-02  0.1067923E-03  0.0000000E+00  0.0000000E+00 -0.7895011E-05  0.0000000E+00
         1   443      8  0.2029023E-02  0.1220451E-03  0.0000000E+00  0.0000000E+00 -0.1025533E-04  0.0000000E+00
         1   443      9  0.2282646E-02  0.1372967E-03  0.0000000E+00  0.0000000E+00 -0.1292372E-04  0.0000000E+00
         1   443     10  0.2300071E-05  0.9266486E-06  0.0000000E+00  0.0000000E+00  0.5783216E-01  0.1000000E-02

         1   444      0  0.0000000E+00  0.0000000E+00  0.0000000E+00  0.0000000E+00  0.0000000E+00  0.0000000E+00
         1   444      1  0.0000000E+00  0.0000000E+00  0.0000000E+00  0.0000000E+00  0.0000000E+00  0.0000000E+00
         1   444      2  0.5118373E-03  0.3051449E-04  0.0000000E+00  0.0000000E+00 -0.7150350E-06  0.0000000E+00
         1   444      3  0.7677553E-03  0.4577132E-04  0.0000000E+00  0.0000000E+00 -0.1534827E-05  0.0000000E+00
         1   444      4  0.1023673E-02  0.6102768E-04  0.0000000E+00  0.0000000E+00 -0.2662783E-05  0.0000000E+00
         1   444      5  0.1279589E-02  0.7628340E-04  0.0000000E+00  0.0000000E+00 -0.4098888E-05  0.0000000E+00
         1   444      6  0.1535504E-02  0.9153831E-04  0.0000000E+00  0.0000000E+00 -0.5843127E-05  0.0000000E+00
         1   444      7  0.1791418E-02  0.1067923E-03  0.0000000E+00  0.0000000E+00 -0.7895486E-05  0.0000000E+00
         1   444      8  0.2047330E-02  0.1220451E-03  0.0000000E+00  0.0000000E+00 -0.1025595E-04  0.0000000E+00
         1   444      9  0.2303240E-02  0.1372967E-03  0.0000000E+00  0.0000000E+00 -0.1292451E-04  0.0000000E+00
         1   444     10  0.2438991E-05  0.9266486E-06  0.0000000E+00  0.0000000E+00  0.5786181E-01  0.1000000E-02

         1   445      0  0.0000000E+00  0.0000000E+00  0.0000000E+00  0.0000000E+00  0.0000000E+00  0.0000000E+00
         1   445      1  0.0000000E+00  0.0000000E+00  0.0000000E+00  0.0000000E+00  0.0000000E+00  0.0000000E+00
         1   445      2  0.5194659E-03  0.3051449E-04  0.0000000E+00  0.0000000E+00 -0.7150996E-06  0.0000000E+00
         1   445      3  0.7791981E-03  0.4577132E-04  0.0000000E+00  0.0000000E+00 -0.1534973E-05  0.0000000E+00
         1   445      4  0.1038930E-02  0.6102768E-04  0.0000000E+00  0.0000000E+00 -0.2663041E-05  0.0000000E+00
         1   445      5  0.1298660E-02  0.7628340E-04  0.0000000E+00  0.0000000E+00 -0.4099292E-05  0.0000000E+00
         1   445      6  0.1558389E-02  0.9153831E-04  0.0000000E+00  0.0000000E+00 -0.5843709E-05  0.0000000E+00
         1   445      7  0.1818116E-02  0.1067923E-03  0.0000000E+00  0.0000000E+00 -0.7896278E-05  0.0000000E+00
         1   445      8  0.2077841E-02  0.1220451E-03  0.0000000E+00  0.0000000E+00 -0.1025698E-04  0.0000000E+00
         1   445      9  0.2337564E-02  0.1372967E-03  0.0000000E+00  0.0000000E+00 -0.1292581E-04  0.0000000E+00
         1   445     10  0.2670525E-05  0.9266486E-06  0.0000000E+00  0.0000000E+00  0.5791124E-01  0.1000000E-02

         1   446      0  0.0000000E+00  0.0000000E+00  0.0000000E+00  0.0000000E+00  0.0000000E+00  0.0000000E+00
         1   446      1  0.0000000E+00  0.0000000E+00  0.0000000E+00  0.0000000E+00  0.0000000E+00  0.0000000E+00
         1   446      2  0.6550940E-03  0.2725741E-04  0.0000000E+00  0.0000000E+00 -0.6813370E-04  0.0000000E+00
         1   446      3  0.9826413E-03  0.4088562E-04  0.0000000E+00  0.0000000E+00 -0.1026643E-03  0.0000000E+00
         1   446      4  0.1310188E-02  0.5451329E-04  0.0000000E+00  0.0000000E+00 -0.1375040E-03  0.0000000E+00
         1   446      5  0.1637732E-02  0.6814027E-04  0.0000000E+00  0.0000000E+00 -0.1726526E-03  0.0000000E+00
         1   446      6  0.1965273E-02  0.8176640E-04  0.0000000E+00  0.0000000E+00 -0.2081100E-03  0.0000000E+00
         1   446      7  0.2292810E-02  0.9539153E-04  0.0000000E+00  0.0000000E+00 -0.2438763E-03  0.0000000E+00
         1   446      8  0.2620341E-02  0.1090155E-03  0.0000000E+00  0.0000000E+00 -0.2799513E-03  0.0000000E+00
         1   446      9  0.2947867E-02  0.1226381E-03  0.0000000E+00  0.0000000E+00 -0.3163348E-03  0.0000000E+00
         1   446     10  0.2744402E-03  0.1149030E-03  0.0000000E+00  0.0000000E+00  0.5882669E-01  0.1000000E-02

         1   447      0  0.0000000E+00  0.0000000E+00  0.0000000E+00  0.0000000E+00  0.0000000E+00  0.0000000E+00
         1   447      1  0.0000000E+00  0.0000000E+00  0.0000000E+00  0.0000000E+00  0.0000000E+00  0.0000000E+00
         1   447      2  0.6619083E-03  0.2725741E-04  0.0000000E+00  0.0000000E+00 -0.6813375E-04  0.0000000E+00
         1   447      3  0.9928628E-03  0.4088562E-04  0.0000000E+00  0.0000000E+00 -0.1026644E-03  0.0000000E+00
         1   447      4  0.1323816E-02  0.5451329E-04  0.0000000E+00  0.0000000E+00 -0.1375042E-03  0.0000000E+00
         1   447      5  0.1654767E-02  0.6814027E-04  0.0000000E+00  0.0000000E+00 -0.1726529E-03  0.0000000E+00
         1   447      6  0.1985714E-02  0.8176640E-04  0.0000000E+00  0.0000000E+00 -0.2081105E-03  0.0000000E+00
         1   447      7  0.2316658E-02  0.9539153E-04  0.0000000E+00  0.0000000E+00 -0.2438769E-03  0.0000000E+00
         1   447      8  0.2647595E-02  0.1090155E-03  0.0000000E+00  0.0000000E+00 -0.2799521E-03  0.0000000E+00
         1   447      9  0.2978527E-02  0.1226381E-03  0.0000000E+00  0.0000000E+00 -0.3163359E-03  0.0000000E+00
         1   447     10  0.3031500E-03  0.1149030E-03  0.0000000E+00  0.0000000E+00  0.5887611E-01  0.1000000E-02

         1   448      0  0.0000000E+00  0.0000000E+00  0.0000000E+00  0.0000000E+00  0.0000000E+00  0.0000000E+00
         1   448      1  0.0000000E+00  0.0000000E+00  0.0000000E+00  0.0000000E+00  0.0000000E+00  0.0000000E+00
         1   448      2  0.6659969E-03  0.2725741E-04  0.0000000E+00  0.0000000E+00 -0.6813378E-04  0.0000000E+00
         1   448      3  0.9989956E-03  0.4088562E-04  0.0000000E+00  0.0000000E+00 -0.1026645E-03  0.0000000E+00
         1   448      4  0.1331993E-02  0.5451329E-04  0.0000000E+00  0.0000000E+00 -0.1375043E-03  0.0000000E+00
         1   448      5  0.1664988E-02  0.6814027E-04  0.0000000E+00  0.0000000E+00 -0.1726531E-03  0.0000000E+00
         1   448      6  0.1997979E-02  0.8176640E-04  0.0000000E+00  0.0000000E+00 -0.2081108E-03  0.0000000E+00
         1   448      7  0.2330966E-02  0.9539153E-04  0.0000000E+00  0.0000000E+00 -0.2438773E-03  0.0000000E+00
         1   448      8  0.2663948E-02  0.1090155E-03  0.0000000E+00  0.0000000E+00 -0.2799526E-03  0.0000000E+00
         1   448      9  0.2996922E-02  0.1226381E-03  0.0000000E+00  0.0000000E+00 -0.3163365E-03  0.0000000E+00
         1   448     10  0.3203759E-03  0.1149030E-03  0.0000000E+00  0.0000000E+00  0.5890576E-01  0.1000000E-02

         1   449      0  0.0000000E+00  0.0000000E+00  0.0000000E+00  0.0000000E+00  0.0000000E+00  0.0000000E+00
         1   449      1  0.0000000E+00  0.0000000E+00  0.0000000E+00  0.0000000E+00  0.0000000E+00  0.0000000E+00
         1   449      2  0.6728113E-03  0.2725741E-04  0.0000000E+00  0.0000000E+00 -0.6813383E-04  0.0000000E+00
         1   449      3  0.1009217E-02  0.4088562E-04  0.0000000E+00  0.0000000E+00 -0.1026646E-03  0.0000000E+00
         1   449      4  0.1345621E-02  0.5451329E-04  0.0000000E+00  0.0000000E+00 -0.1375045E-03  0.0000000E+00
         1   449      5  0.1682023E-02  0.6814027E-04  0.0000000E+00  0.0000000E+00 -0.1726534E-03  0.0000000E+00
         1   449      6  0.2018421E-02  0.8176640E-04  0.0000000E+00  0.0000000E+00 -0.2081112E-03  0.0000000E+00
         1   449      7  0.2354814E-02  0.9539153E-04  0.0000000E+00  0.0000000E+00 -0.2438779E-03  0.0000000E+00
         1   449      8  0.2691202E-02  0.1090155E-03  0.0000000E+00  0.0000000E+00 -0.2799534E-03  0.0000000E+00
         1   449      9  0.3027582E-02  0.1226381E-03  0.0000000E+00  0.0000000E+00 -0.3163375E-03  0.0000000E+00
         1   449     10  0.3490857E-03  0.1149030E-03  0.0000000E+00  0.0000000E+00  0.5895519E-01  0.1000000E-02

         1   450      0  0.0000000E+00  0.0000000E+00  0.0000000E+00  0.0000000E+00  0.0000000E+00  0.0000000E+00
         1   450      1  0.0000000E+00  0.0000000E+00  0.0000000E+00  0.0000000E+00  0.0000000E+00  0.0000000E+00
         1   450      2  0.6727843E-03 -0.2736478E-04  0.0000000E+00  0.0000000E+00 -0.6814044E-04  0.0000000E+00
         1   450      3  0.1009176E-02 -0.4104766E-04  0.0000000E+00  0.0000000E+00 -0.1026795E-03  0.0000000E+00
         1   450      4  0.1345567E-02 -0.5473095E-04  0.0000000E+00  0.0000000E+00 -0.1375309E-03  0.0000000E+00
         1   450      5  0.1681954E-02 -0.6841472E-04  0.0000000E+00  0.0000000E+00 -0.1726947E-03  0.0000000E+00
         1   450      6  0.2018338E-02 -0.8209902E-04  0.0000000E+00  0.0000000E+00 -0.2081707E-03  0.0000000E+00
         1   450      7  0.2354716E-02 -0.9578394E-04  0.0000000E+00  0.0000000E+00 -0.2439589E-03  0.0000000E+00
         1   450      8  0.2691088E-02 -0.1094695E-03  0.0000000E+00  0.0000000E+00 -0.2800591E-03  0.0000000E+00
         1   450      9  0.3027452E-02 -0.1231558E-03  0.0000000E+00  0.0000000E+00 -0.3164713E-03  0.0000000E+00
         1   450     10  0.3990881E-03  0.8454305E-04  0.0000000E+00  0.0000000E+00  0.5905403E-01  0.1000000E-02

         1   451      0  0.0000000E+00  0.0000000E+00  0.0000000E+00  0.0000000E+00  0.0000000E+00  0.0000000E+00
         1   451      1  0.0000000E+00  0.0000000E+00  0.0000000E+00  0.0000000E+00  0.0000000E+00  0.0000000E+00
         1   451      2  0.6456306E-03 -0.8088361E-04  0.0000000E+00  0.0000000E+00 -0.6814719E-04  0.0000000E+00
         1   451      3  0.9684456E-03 -0.1213259E-03  0.0000000E+00  0.0000000E+00 -0.1026947E-03  0.0000000E+00
         1   451      4  0.1291259E-02 -0.1617684E-03  0.0000000E+00  0.0000000E+00 -0.1375579E-03  0.0000000E+00
         1   451      5  0.1614069E-02 -0.2022112E-03  0.0000000E+00  0.0000000E+00 -0.1727369E-03  0.0000000E+00
         1   451      6  0.1936874E-02 -0.2426542E-03  0.0000000E+00  0.0000000E+00 -0.2082315E-03  0.0000000E+00
         1   451      7  0.2259675E-02 -0.2830974E-03  0.0000000E+00  0.0000000E+00 -0.2440416E-03  0.0000000E+00
         1   451      8  0.2582469E-02 -0.3235407E-03  0.0000000E+00  0.0000000E+00 -0.2801671E-03  0.0000000E+00
         1   451      9  0.2905255E-02 -0.3639841E-03  0.0000000E+00  0.0000000E+00 -0.3166080E-03  0.0000000E+00
         1   451     10  0.4330138E-03  0.5077741E-04  0.0000000E+00  0.0000000E+00  0.5915288E-01  0.1000000E-02

         1   452      0  0.0000000E+00  0.0000000E+00  0.0000000E+00  0.0000000E+00  0.0000000E+00  0.0000000E+00
         1   452      1  0.0000000E+00  0.0000000E+00  0.0000000E+00  0.0000000E+00  0.0000000E+00  0.0000000E+00
         1   452      2  0.6254097E-03 -0.8088361E-04  0.0000000E+00  0.0000000E+00 -0.6814765E-04  0.0000000E+00
         1   452      3  0.9381141E-03 -0.1213259E-03  0.0000000E+00  0.0000000E+00 -0.1026957E-03  0.0000000E+00
         1   452      4  0.1250816E-02 -0.1617684E-03  0.0000000E+00  0.0000000E+00 -0.1375597E-03  0.0000000E+00
         1   452      5  0.1563516E-02 -0.2022112E-03  0.0000000E+00  0.0000000E+00 -0.1727397E-03  0.0000000E+00
         1   452      6  0.1876211E-02 -0.2426542E-03  0.0000000E+00  0.0000000E+00 -0.2082355E-03  0.0000000E+00
         1   452      7  0.2188900E-02 -0.2830974E-03  0.0000000E+00  0.0000000E+00 -0.2440471E-03  0.0000000E+00
         1   452      8  0.2501583E-02 -0.3235407E-03  0.0000000E+00  0.0000000E+00 -0.2801744E-03  0.0000000E+00
         1   452      9  0.2814259E-02 -0.3639841E-03  0.0000000E+00  0.0000000E+00 -0.3166172E-03  0.0000000E+00
         1   452     10  0.4457011E-03  0.5077741E-04  0.0000000E+00  0.0000000E+00  0.5920231E-01  0.1000000E-02

         1   453      0  0.0000000E+00  0.0000000E+00  0.0000000E+00  0.0000000E+00  0.0000000E+00  0.0000000E+00
         1   453      1  0.0000000E+00  0.0000000E+00  0.0000000E+00  0.0000000E+00  0.0000000E+00  0.0000000E+00
         1   453      2  0.6132772E-03 -0.8088361E-04  0.0000000E+00  0.0000000E+00 -0.6814792E-04  0.0000000E+00
         1   453      3  0.9199152E-03 -0.1213259E-03  0.0000000E+00  0.0000000E+00 -0.1026963E-03  0.0000000E+00
         1   453      4  0.1226551E-02 -0.1617684E-03  0.0000000E+00  0.0000000E+00 -0.1375608E-03  0.0000000E+00
         1   453      5  0.1533184E-02 -0.2022112E-03  0.0000000E+00  0.0000000E+00 -0.1727414E-03  0.0000000E+00
         1   453      6  0.1839813E-02 -0.2426542E-03  0.0000000E+00  0.0000000E+00 -0.2082380E-03  0.0000000E+00
         1   453      7  0.2146436E-02 -0.2830974E-03  0.0000000E+00  0.0000000E+00 -0.2440505E-03  0.0000000E+00
         1   453      8  0.2453052E-02 -0.3235407E-03  0.0000000E+00  0.0000000E+00 -0.2801787E-03  0.0000000E+00
         1   453      9  0.2759661E-02 -0.3639841E-03  0.0000000E+00  0.0000000E+00 -0.3166227E-03  0.0000000E+00
         1   453     10  0.4533135E-03  0.5077741E-04  0.0000000E+00  0.0000000E+00  0.5923196E-01  0.1000000E-02

         1   454      0  0.0000000E+00  0.0000000E+00  0.0000000E+00  0.0000000E+00  0.0000000E+00  0.0000000E+00
         1   454      1  0.0000000E+00  0.0000000E+00  0.0000000E+00  0.0000000E+00  0.0000000E+00  0.0000000E+00
         1   454      2  0.5930563E-03 -0.8088361E-04  0.0000000E+00  0.0000000E+00 -0.6814837E-04  0.0000000E+00
         1   454      3  0.8895837E-03 -0.1213259E-03  0.0000000E+00  0.0000000E+00 -0.1026973E-03  0.0000000E+00
         1   454      4  0.1186109E-02 -0.1617684E-03  0.0000000E+00  0.0000000E+00 -0.1375626E-03  0.0000000E+00
         1   454      5  0.1482631E-02 -0.2022112E-03  0.0000000E+00  0.0000000E+00 -0.1727443E-03  0.0000000E+00
         1   454      6  0.1779149E-02 -0.2426542E-03  0.0000000E+00  0.0000000E+00 -0.2082421E-03  0.0000000E+00
         1   454      7  0.2075661E-02 -0.2830974E-03  0.0000000E+00  0.0000000E+00 -0.2440560E-03  0.0000000E+00
         1   454      8  0.2372167E-02 -0.3235407E-03  0.0000000E+00  0.0000000E+00 -0.2801860E-03  0.0000000E+00
         1   454      9  0.2668665E-02 -0.3639841E-03  0.0000000E+00  0.0000000E+00 -0.3166319E-03  0.0000000E+00
         1   454     10  0.4660008E-03  0.5077741E-04  0.0000000E+00  0.0000000E+00  0.5928138E-01  0.1000000E-02

         1   455      0  0.0000000E+00  0.0000000E+00  0.0000000E+00  0.0000000E+00  0.0000000E+00  0.0000000E+00
         1   455      1  0.0000000E+00  0.0000000E+00  0.0000000E+00  0.0000000E+00  0.0000000E+00  0.0000000E+00
         1   455      2  0.2080705E-03 -0.8310592E-04  0.0000000E+00  0.0000000E+00 -0.1141401E-03  0.0000000E+00
         1   455      3  0.3120951E-03 -0.1246600E-03  0.0000000E+00  0.0000000E+00 -0.1716912E-03  0.0000000E+00
         1   455      4  0.4161114E-03 -0.1662147E-03  0.0000000E+00  0.0000000E+00 -0.2295626E-03  0.0000000E+00
         1   455      5  0.5201183E-03 -0.2077700E-03  0.0000000E+00  0.0000000E+00 -0.2877541E-03  0.0000000E+00
         1   455      6  0.6241147E-03 -0.2493259E-03  0.0000000E+00  0.0000000E+00 -0.3462656E-03  0.0000000E+00
         1   455      7  0.7280998E-03 -0.2908824E-03  0.0000000E+00  0.0000000E+00 -0.4050969E-03  0.0000000E+00
         1   455      8  0.8320725E-03 -0.3324395E-03  0.0000000E+00  0.0000000E+00 -0.4642476E-03  0.0000000E+00
         1   455      9  0.9360317E-03 -0.3739970E-03  0.0000000E+00  0.0000000E+00 -0.5237177E-03  0.0000000E+00
         1   455     10  0.9642163E-03  0.1615581E-03  0.0000000E+00  0.0000000E+00  0.6013069E-01  0.1000000E-02

         1   456      0  0.0000000E+00  0.0000000E+00  0.0000000E+00  0.0000000E+00  0.0000000E+00  0.0000000E+00
         1   456      1  0.0000000E+00  0.0000000E+00  0.0000000E+00  0.0000000E+00  0.0000000E+00  0.0000000E+00
         1   456      2  0.1872940E-03 -0.8310592E-04  0.0000000E+00  0.0000000E+00 -0.1141406E-03  0.0000000E+00
         1   456      3  0.2809301E-03 -0.1246600E-03  0.0000000E+00  0.0000000E+00 -0.1716922E-03  0.0000000E+00
         1   456      4  0.3745577E-03 -0.1662147E-03  0.0000000E+00  0.0000000E+00 -0.2295645E-03  0.0000000E+00
         1   456      5  0.4681758E-03 -0.2077700E-03  0.0000000E+00  0.0000000E+00 -0.2877571E-03  0.0000000E+00
         1   456      6  0.5617833E-03 -0.2493259E-03  0.0000000E+00  0.0000000E+00 -0.3462700E-03  0.0000000E+00
         1   456      7  0.6553792E-03 -0.2908824E-03  0.0000000E+00  0.0000000E+00 -0.4051028E-03  0.0000000E+00
         1   456      8  0.7489626E-03 -0.3324395E-03  0.0000000E+00  0.0000000E+00 -0.4642553E-03  0.0000000E+00
         1   456      9  0.8425325E-03 -0.3739970E-03  0.0000000E+00  0.0000000E+00 -0.5237274E-03  0.0000000E+00
         1   456     10  0.1004583E-02  0.1615581E-03  0.0000000E+00  0.0000000E+00  0.6018012E-01  0.1000000E-02

         1   457      0  0.0000000E+00  0.0000000E+00  0.0000000E+00  0.0000000E+00  0.0000000E+00  0.0000000E+00
         1   457      1  0.0000000E+00  0.0000000E+00  0.0000000E+00  0.0000000E+00  0.0000000E+00  0.0000000E+00
         1   457      2  0.1748281E-03 -0.8310592E-04  0.0000000E+00  0.0000000E+00 -0.1141409E-03  0.0000000E+00
         1   457      3  0.2622311E-03 -0.1246600E-03  0.0000000E+00  0.0000000E+00 -0.1716929E-03  0.0000000E+00
         1   457      4  0.3496255E-03 -0.1662147E-03  0.0000000E+00  0.0000000E+00 -0.2295656E-03  0.0000000E+00
         1   457      5  0.4370103E-03 -0.2077700E-03  0.0000000E+00  0.0000000E+00 -0.2877589E-03  0.0000000E+00
         1   457      6  0.5243844E-03 -0.2493259E-03  0.0000000E+00  0.0000000E+00 -0.3462725E-03  0.0000000E+00
         1   457      7  0.6117468E-03 -0.2908824E-03  0.0000000E+00  0.0000000E+00 -0.4051063E-03  0.0000000E+00
         1   457      8  0.6990967E-03 -0.3324395E-03  0.0000000E+00  0.0000000E+00 -0.4642599E-03  0.0000000E+00
         1   457      9  0.7864329E-03 -0.3739970E-03  0.0000000E+00  0.0000000E+00 -0.5237332E-03  0.0000000E+00
         1   457     10  0.1028804E-02  0.1615581E-03  0.0000000E+00  0.0000000E+00  0.6020977E-01  0.1000000E-02

         1   458      0  0.0000000E+00  0.0000000E+00  0.0000000E+00  0.0000000E+00  0.0000000E+00  0.0000000E+00
         1   458      1  0.0000000E+00  0.0000000E+00  0.0000000E+00  0.0000000E+00  0.0000000E+00  0.0000000E+00
         1   458      2  0.1540516E-03 -0.8310592E-04  0.0000000E+00  0.0000000E+00 -0.1141414E-03  0.0000000E+00
         1   458      3  0.2310661E-03 -0.1246600E-03  0.0000000E+00  0.0000000E+00 -0.1716940E-03  0.0000000E+00
         1   458      4  0.3080718E-03 -0.1662147E-03  0.0000000E+00  0.0000000E+00 -0.2295676E-03  0.0000000E+00
         1   458      5  0.3850677E-03 -0.2077700E-03  0.0000000E+00  0.0000000E+00 -0.2877619E-03  0.0000000E+00
         1   458      6  0.4620529E-03 -0.2493259E-03  0.0000000E+00  0.0000000E+00 -0.3462769E-03  0.0000000E+00
         1   458      7  0.5390262E-03 -0.2908824E-03  0.0000000E+00  0.0000000E+00 -0.4051121E-03  0.0000000E+00
         1   458      8  0.6159868E-03 -0.3324395E-03  0.0000000E+00  0.0000000E+00 -0.4642676E-03  0.0000000E+00
         1   458      9  0.6929337E-03 -0.3739970E-03  0.0000000E+00  0.0000000E+00 -0.5237429E-03  0.0000000E+00
         1   458     10  0.1069171E-02  0.1615581E-03  0.0000000E+00  0.0000000E+00  0.6025919E-01  0.1000000E-02

         1   459      0  0.0000000E+00  0.0000000E+00  0.0000000E+00  0.0000000E+00  0.0000000E+00  0.0000000E+00
         1   459      1  0.0000000E+00  0.0000000E+00  0.0000000E+00  0.0000000E+00  0.0000000E+00  0.0000000E+00
         1   459      2  0.1150925E-03 -0.7320926E-04  0.0000000E+00  0.0000000E+00 -0.1141420E-03  0.0000000E+00
         1   459      3  0.1726267E-03 -0.1098158E-03  0.0000000E+00  0.0000000E+00 -0.1716953E-03  0.0000000E+00
         1   459      4  0.2301516E-03 -0.1464237E-03  0.0000000E+00  0.0000000E+00 -0.2295700E-03  0.0000000E+00
         1   459      5  0.2876662E-03 -0.1830330E-03  0.0000000E+00  0.0000000E+00 -0.2877657E-03  0.0000000E+00
         1   459      6  0.3451695E-03 -0.2196437E-03  0.0000000E+00  0.0000000E+00 -0.3462823E-03  0.0000000E+00
         1   459      7  0.4026605E-03 -0.2562558E-03  0.0000000E+00  0.0000000E+00 -0.4051196E-03  0.0000000E+00
         1   459      8  0.4601383E-03 -0.2928694E-03  0.0000000E+00  0.0000000E+00 -0.4642773E-03  0.0000000E+00
         1   459      9  0.5176019E-03 -0.3294845E-03  0.0000000E+00  0.0000000E+00 -0.5237552E-03  0.0000000E+00
         1   459     10  0.1170162E-02  0.2438712E-03  0.0000000E+00  0.0000000E+00  0.6035805E-01  0.1000000E-02

         1   460      0  0.0000000E+00  0.0000000E+00  0.0000000E+00  0.0000000E+00  0.0000000E+00  0.0000000E+00
         1   460      1  0.0000000E+00  0.0000000E+00  0.0000000E+00  0.0000000E+00  0.0000000E+00  0.0000000E+00
         1   460      2  0.8039147E-04 -0.6602114E-04  0.0000000E+00  0.0000000E+00 -0.1141425E-03  0.0000000E+00
         1   460      3  0.1205740E-03 -0.9903457E-04  0.0000000E+00  0.0000000E+00 -0.1716966E-03  0.0000000E+00
         1   460      4  0.1607463E-03 -0.1320501E-03  0.0000000E+00  0.0000000E+00 -0.2295722E-03  0.0000000E+00
         1   460      5  0.2009075E-03 -0.1650677E-03  0.0000000E+00  0.0000000E+00 -0.2877691E-03  0.0000000E+00
         1   460      6  0.2410565E-03 -0.1980876E-03  0.0000000E+00  0.0000000E+00 -0.3462872E-03  0.0000000E+00
         1   460      7  0.2811922E-03 -0.2311099E-03  0.0000000E+00  0.0000000E+00 -0.4051262E-03  0.0000000E+00
         1   460      8  0.3213137E-03 -0.2641347E-03  0.0000000E+00  0.0000000E+00 -0.4642860E-03  0.0000000E+00
         1   460      9  0.3614200E-03 -0.2971621E-03  0.0000000E+00  0.0000000E+00 -0.5237662E-03  0.0000000E+00
         1   460     10  0.1314406E-02  0.3351987E-03  0.0000000E+00  0.0000000E+00  0.6045691E-01  0.1000000E-02

         1   461      0  0.0000000E+00  0.0000000E+00  0.0000000E+00  0.0000000E+00  0.0000000E+00  0.0000000E+00
         1   461      1  0.0000000E+00  0.0000000E+00  0.0000000E+00  0.0000000E+00  0.0000000E+00  0.0000000E+00
         1   461      2  0.6388619E-04 -0.6602114E-04  0.0000000E+00  0.0000000E+00 -0.1141428E-03  0.0000000E+00
         1   461      3  0.9581535E-04 -0.9903457E-04  0.0000000E+00  0.0000000E+00 -0.1716972E-03  0.0000000E+00
         1   461      4  0.1277338E-03 -0.1320501E-03  0.0000000E+00  0.0000000E+00 -0.2295734E-03  0.0000000E+00
         1   461      5  0.1596406E-03 -0.1650677E-03  0.0000000E+00  0.0000000E+00 -0.2877710E-03  0.0000000E+00
         1   461      6  0.1915346E-03 -0.1980876E-03  0.0000000E+00  0.0000000E+00 -0.3462899E-03  0.0000000E+00
         1   461      7  0.2234147E-03 -0.2311099E-03  0.0000000E+00  0.0000000E+00 -0.4051299E-03  0.0000000E+00
         1   461      8  0.2552800E-03 -0.2641347E-03  0.0000000E+00  0.0000000E+00 -0.4642908E-03  0.0000000E+00
         1   461      9  0.2871294E-03 -0.2971621E-03  0.0000000E+00  0.0000000E+00 -0.5237723E-03  0.0000000E+00
         1   461     10  0.1398160E-02  0.3351987E-03  0.0000000E+00  0.0000000E+00  0.6050633E-01  0.1000000E-02

         1   462      0  0.0000000E+00  0.0000000E+00  0.0000000E+00  0.0000000E+00  0.0000000E+00  0.0000000E+00
         1   462      1  0.0000000E+00  0.0000000E+00  0.0000000E+00  0.0000000E+00  0.0000000E+00  0.0000000E+00
         1   462      2  0.5398302E-04 -0.6602114E-04  0.0000000E+00  0.0000000E+00 -0.1141430E-03  0.0000000E+00
         1   462      3  0.8096017E-04 -0.9903457E-04  0.0000000E+00  0.0000000E+00 -0.1716976E-03  0.0000000E+00
         1   462      4  0.1079263E-03 -0.1320501E-03  0.0000000E+00  0.0000000E+00 -0.2295741E-03  0.0000000E+00
         1   462      5  0.1348804E-03 -0.1650677E-03  0.0000000E+00  0.0000000E+00 -0.2877721E-03  0.0000000E+00
         1   462      6  0.1618214E-03 -0.1980876E-03  0.0000000E+00  0.0000000E+00 -0.3462916E-03  0.0000000E+00
         1   462      7  0.1887482E-03 -0.2311099E-03  0.0000000E+00  0.0000000E+00 -0.4051322E-03  0.0000000E+00
         1   462      8  0.2156598E-03 -0.2641347E-03  0.0000000E+00  0.0000000E+00 -0.4642937E-03  0.0000000E+00
         1   462      9  0.2425551E-03 -0.2971621E-03  0.0000000E+00  0.0000000E+00 -0.5237760E-03  0.0000000E+00
         1   462     10  0.1448411E-02  0.3351987E-03  0.0000000E+00  0.0000000E+00  0.6053598E-01  0.1000000E-02

         1   463      0  0.0000000E+00  0.0000000E+00  0.0000000E+00  0.0000000E+00  0.0000000E+00  0.0000000E+00
         1   463      1  0.0000000E+00  0.0000000E+00  0.0000000E+00  0.0000000E+00  0.0000000E+00  0.0000000E+00
         1   463      2  0.3747773E-04 -0.6602114E-04  0.0000000E+00  0.0000000E+00 -0.1141433E-03  0.0000000E+00
         1   463      3  0.5620152E-04 -0.9903457E-04  0.0000000E+00  0.0000000E+00 -0.1716983E-03  0.0000000E+00
         1   463      4  0.7491381E-04 -0.1320501E-03  0.0000000E+00  0.0000000E+00 -0.2295753E-03  0.0000000E+00
         1   463      5  0.9361350E-04 -0.1650677E-03  0.0000000E+00  0.0000000E+00 -0.2877740E-03  0.0000000E+00
         1   463      6  0.1122995E-03 -0.1980876E-03  0.0000000E+00  0.0000000E+00 -0.3462943E-03  0.0000000E+00
         1   463      7  0.1309708E-03 -0.2311099E-03  0.0000000E+00  0.0000000E+00 -0.4051359E-03  0.0000000E+00
         1   463      8  0.1496261E-03 -0.2641347E-03  0.0000000E+00  0.0000000E+00 -0.4642985E-03  0.0000000E+00
         1   463      9  0.1682646E-03 -0.2971621E-03  0.0000000E+00  0.0000000E+00 -0.5237821E-03  0.0000000E+00
         1   463     10  0.1532165E-02  0.3351987E-03  0.0000000E+00  0.0000000E+00  0.6058540E-01  0.1000000E-02

         1   464      0  0.0000000E+00  0.0000000E+00  0.0000000E+00  0.0000000E+00  0.0000000E+00  0.0000000E+00
         1   464      1  0.0000000E+00  0.0000000E+00  0.0000000E+00  0.0000000E+00  0.0000000E+00  0.0000000E+00
         1   464      2 -0.2709806E-03 -0.6537420E-04  0.0000000E+00  0.0000000E+00 -0.1007465E-03  0.0000000E+00
         1   464      3 -0.4064987E-03 -0.9806445E-04  0.0000000E+00  0.0000000E+00 -0.1516049E-03  0.0000000E+00
         1   464      4 -0.5420374E-03 -0.1307569E-03  0.0000000E+00  0.0000000E+00 -0.2027863E-03  0.0000000E+00
         1   464      5 -0.6775983E-03 -0.1634518E-03  0.0000000E+00  0.0000000E+00 -0.2542902E-03  0.0000000E+00
         1   464      6 -0.8131829E-03 -0.1961490E-03  0.0000000E+00  0.0000000E+00 -0.3061164E-03  0.0000000E+00
         1   464      7 -0.9487929E-03 -0.2288489E-03  0.0000000E+00  0.0000000E+00 -0.3582644E-03  0.0000000E+00
         1   464      8 -0.1084430E-02 -0.2615513E-03  0.0000000E+00  0.0000000E+00 -0.4107339E-03  0.0000000E+00
         1   464      9 -0.1220095E-02 -0.2942565E-03  0.0000000E+00  0.0000000E+00 -0.4635246E-03  0.0000000E+00
         1   464     10  0.3342823E-02  0.4364181E-03  0.0000000E+00  0.0000000E+00  0.6123697E-01  0.1000000E-02

         1   465      0  0.0000000E+00  0.0000000E+00  0.0000000E+00  0.0000000E+00  0.0000000E+00  0.0000000E+00
         1   465      1  0.0000000E+00  0.0000000E+00  0.0000000E+00  0.0000000E+00  0.0000000E+00  0.0000000E+00
         1   465      2 -0.2873242E-03 -0.6537420E-04  0.0000000E+00  0.0000000E+00 -0.1007468E-03  0.0000000E+00
         1   465      3 -0.4310148E-03 -0.9806445E-04  0.0000000E+00  0.0000000E+00 -0.1516056E-03  0.0000000E+00
         1   465      4 -0.5747266E-03 -0.1307569E-03  0.0000000E+00  0.0000000E+00 -0.2027875E-03  0.0000000E+00
         1   465      5 -0.7184612E-03 -0.1634518E-03  0.0000000E+00  0.0000000E+00 -0.2542921E-03  0.0000000E+00
         1   465      6 -0.8622202E-03 -0.1961490E-03  0.0000000E+00  0.0000000E+00 -0.3061191E-03  0.0000000E+00
         1   465      7 -0.1006005E-02 -0.2288489E-03  0.0000000E+00  0.0000000E+00 -0.3582681E-03  0.0000000E+00
         1   465      8 -0.1149818E-02 -0.2615513E-03  0.0000000E+00  0.0000000E+00 -0.4107387E-03  0.0000000E+00
         1   465      9 -0.1293660E-02 -0.2942565E-03  0.0000000E+00  0.0000000E+00 -0.4635306E-03  0.0000000E+00
         1   465     10  0.3451867E-02  0.4364181E-03  0.0000000E+00  0.0000000E+00  0.6128638E-01  0.1000000E-02

         1   466      0  0.0000000E+00  0.0000000E+00  0.0000000E+00  0.0000000E+00  0.0000000E+00  0.0000000E+00
         1   466      1  0.0000000E+00  0.0000000E+00  0.0000000E+00  0.0000000E+00  0.0000000E+00  0.0000000E+00
         1   466      2 -0.2971303E-03 -0.6537420E-04  0.0000000E+00  0.0000000E+00 -0.1007470E-03  0.0000000E+00
         1   466      3 -0.4457245E-03 -0.9806445E-04  0.0000000E+00  0.0000000E+00 -0.1516060E-03  0.0000000E+00
         1   466      4 -0.5943402E-03 -0.1307569E-03  0.0000000E+00  0.0000000E+00 -0.2027882E-03  0.0000000E+00
         1   466      5 -0.7429790E-03 -0.1634518E-03  0.0000000E+00  0.0000000E+00 -0.2542932E-03  0.0000000E+00
         1   466      6 -0.8916426E-03 -0.1961490E-03  0.0000000E+00  0.0000000E+00 -0.3061207E-03  0.0000000E+00
         1   466      7 -0.1040332E-02 -0.2288489E-03  0.0000000E+00  0.0000000E+00 -0.3582702E-03  0.0000000E+00
         1   466      8 -0.1189050E-02 -0.2615513E-03  0.0000000E+00  0.0000000E+00 -0.4107415E-03  0.0000000E+00
         1   466      9 -0.1337798E-02 -0.2942565E-03  0.0000000E+00  0.0000000E+00 -0.4635342E-03  0.0000000E+00
         1   466     10  0.3517293E-02  0.4364181E-03  0.0000000E+00  0.0000000E+00  0.6131602E-01  0.1000000E-02

         1   467      0  0.0000000E+00  0.0000000E+00  0.0000000E+00  0.0000000E+00  0.0000000E+00  0.0000000E+00
         1   467      1  0.0000000E+00  0.0000000E+00  0.0000000E+00  0.0000000E+00  0.0000000E+00  0.0000000E+00
         1   467      2 -0.3134739E-03 -0.6537420E-04  0.0000000E+00  0.0000000E+00 -0.1007473E-03  0.0000000E+00
         1   467      3 -0.4702406E-03 -0.9806445E-04  0.0000000E+00  0.0000000E+00 -0.1516067E-03  0.0000000E+00
         1   467      4 -0.6270294E-03 -0.1307569E-03  0.0000000E+00  0.0000000E+00 -0.2027894E-03  0.0000000E+00
         1   467      5 -0.7838419E-03 -0.1634518E-03  0.0000000E+00  0.0000000E+00 -0.2542951E-03  0.0000000E+00
         1   467      6 -0.9406798E-03 -0.1961490E-03  0.0000000E+00  0.0000000E+00 -0.3061233E-03  0.0000000E+00
         1   467      7 -0.1097545E-02 -0.2288489E-03  0.0000000E+00  0.0000000E+00 -0.3582739E-03  0.0000000E+00
         1   467      8 -0.1254438E-02 -0.2615513E-03  0.0000000E+00  0.0000000E+00 -0.4107463E-03  0.0000000E+00
         1   467      9 -0.1411362E-02 -0.2942565E-03  0.0000000E+00  0.0000000E+00 -0.4635402E-03  0.0000000E+00
         1   467     10  0.3626337E-02  0.4364181E-03  0.0000000E+00  0.0000000E+00  0.6136544E-01  0.1000000E-02

         1   468      0  0.0000000E+00  0.0000000E+00  0.0000000E+00  0.0000000E+00  0.0000000E+00  0.0000000E+00
         1   468      1  0.0000000E+00  0.0000000E+00  0.0000000E+00  0.0000000E+00  0.0000000E+00  0.0000000E+00
         1   468      2 -0.3396214E-03 -0.3886290E-04  0.0000000E+00  0.0000000E+00 -0.1007492E-03  0.0000000E+00
         1   468      3 -0.5094628E-03 -0.5829505E-04  0.0000000E+00  0.0000000E+00 -0.1516110E-03  0.0000000E+00
         1   468      4 -0.6793270E-03 -0.7772761E-04  0.0000000E+00  0.0000000E+00 -0.2027971E-03  0.0000000E+00
         1   468      5 -0.8492156E-03 -0.9716056E-04  0.0000000E+00  0.0000000E+00 -0.2543072E-03  0.0000000E+00
         1   468      6 -0.1019130E-02 -0.1165939E-03  0.0000000E+00  0.0000000E+00 -0.3061408E-03  0.0000000E+00
         1   468      7 -0.1189073E-02 -0.1360275E-03  0.0000000E+00  0.0000000E+00 -0.3582976E-03  0.0000000E+00
         1   468      8 -0.1359044E-02 -0.1554614E-03  0.0000000E+00  0.0000000E+00 -0.4107773E-03  0.0000000E+00
         1   468      9 -0.1529047E-02 -0.1748955E-03  0.0000000E+00  0.0000000E+00 -0.4635794E-03  0.0000000E+00
         1   468     10  0.3769918E-02  0.1362872E-03  0.0000000E+00  0.0000000E+00  0.6146408E-01  0.1000000E-02

         1   469      0  0.0000000E+00  0.0000000E+00  0.0000000E+00  0.0000000E+00  0.0000000E+00  0.0000000E+00
         1   469      1  0.0000000E+00  0.0000000E+00  0.0000000E+00  0.0000000E+00  0.0000000E+00  0.0000000E+00
         1   469      2 -0.3520753E-03 -0.1078465E-04  0.0000000E+00  0.0000000E+00 -0.1007510E-03  0.0000000E+00
         1   469      3 -0.5281434E-03 -0.1617518E-04  0.0000000E+00  0.0000000E+00 -0.1516151E-03  0.0000000E+00
         1   469      4 -0.7042340E-03 -0.2156429E-04  0.0000000E+00  0.0000000E+00 -0.2028044E-03  0.0000000E+00
         1   469      5 -0.8803487E-03 -0.2695182E-04  0.0000000E+00  0.0000000E+00 -0.2543186E-03  0.0000000E+00
         1   469      6 -0.1056489E-02 -0.3233760E-04  0.0000000E+00  0.0000000E+00 -0.3061573E-03  0.0000000E+00
         1   469      7 -0.1232657E-02 -0.3772146E-04  0.0000000E+00  0.0000000E+00 -0.3583201E-03  0.0000000E+00
         1   469      8 -0.1408854E-02 -0.4310324E-04  0.0000000E+00  0.0000000E+00 -0.4108066E-03  0.0000000E+00
         1   469      9 -0.1585081E-02 -0.4848277E-04  0.0000000E+00  0.0000000E+00 -0.4636166E-03  0.0000000E+00
         1   469     10  0.3761633E-02 -0.1693338E-03  0.0000000E+00  0.0000000E+00  0.6156272E-01  0.1000000E-02

         1   470      0  0.0000000E+00  0.0000000E+00  0.0000000E+00  0.0000000E+00  0.0000000E+00  0.0000000E+00
         1   470      1  0.0000000E+00  0.0000000E+00  0.0000000E+00  0.0000000E+00  0.0000000E+00  0.0000000E+00
         1   470      2 -0.3547714E-03 -0.1078465E-04  0.0000000E+00  0.0000000E+00 -0.1007511E-03  0.0000000E+00
         1   470      3 -0.5321872E-03 -0.1617518E-04  0.0000000E+00  0.0000000E+00 -0.1516152E-03  0.0000000E+00
         1   470      4 -0.7096251E-03 -0.2156429E-04  0.0000000E+00  0.0000000E+00 -0.2028045E-03  0.0000000E+00
         1   470      5 -0.8870867E-03 -0.2695182E-04  0.0000000E+00  0.0000000E+00 -0.2543187E-03  0.0000000E+00
         1   470      6 -0.1064574E-02 -0.3233760E-04  0.0000000E+00  0.0000000E+00 -0.3061573E-03  0.0000000E+00
         1   470      7 -0.1242087E-02 -0.3772146E-04  0.0000000E+00  0.0000000E+00 -0.3583202E-03  0.0000000E+00
         1   470      8 -0.1419629E-02 -0.4310324E-04  0.0000000E+00  0.0000000E+00 -0.4108067E-03  0.0000000E+00
         1   470      9 -0.1597202E-02 -0.4848277E-04  0.0000000E+00  0.0000000E+00 -0.4636167E-03  0.0000000E+00
         1   470     10  0.3719323E-02 -0.1693338E-03  0.0000000E+00  0.0000000E+00  0.6161214E-01  0.1000000E-02

         1   471      0  0.0000000E+00  0.0000000E+00  0.0000000E+00  0.0000000E+00  0.0000000E+00  0.0000000E+00
         1   471      1  0.0000000E+00  0.0000000E+00  0.0000000E+00  0.0000000E+00  0.0000000E+00  0.0000000E+00
         1   471      2 -0.3563891E-03 -0.1078465E-04  0.0000000E+00  0.0000000E+00 -0.1007511E-03  0.0000000E+00
         1   471      3 -0.5346135E-03 -0.1617518E-04  0.0000000E+00  0.0000000E+00 -0.1516152E-03  0.0000000E+00
         1   471      4 -0.7128597E-03 -0.2156429E-04  0.0000000E+00  0.0000000E+00 -0.2028045E-03  0.0000000E+00
         1   471      5 -0.8911294E-03 -0.2695182E-04  0.0000000E+00  0.0000000E+00 -0.2543187E-03  0.0000000E+00
         1   471      6 -0.1069424E-02 -0.3233760E-04  0.0000000E+00  0.0000000E+00 -0.3061574E-03  0.0000000E+00
         1   471      7 -0.1247745E-02 -0.3772146E-04  0.0000000E+00  0.0000000E+00 -0.3583202E-03  0.0000000E+00
         1   471      8 -0.1426095E-02 -0.4310324E-04  0.0000000E+00  0.0000000E+00 -0.4108068E-03  0.0000000E+00
         1   471      9 -0.1604474E-02 -0.4848277E-04  0.0000000E+00  0.0000000E+00 -0.4636168E-03  0.0000000E+00
         1   471     10  0.3693937E-02 -0.1693338E-03  0.0000000E+00  0.0000000E+00  0.6164179E-01  0.1000000E-02

         1   472      0  0.0000000E+00  0.0000000E+00  0.0000000E+00  0.0000000E+00  0.0000000E+00  0.0000000E+00
         1   472      1  0.0000000E+00  0.0000000E+00  0.0000000E+00  0.0000000E+00  0.0000000E+00  0.0000000E+00
         1   472      2 -0.3590853E-03 -0.1078465E-04  0.0000000E+00  0.0000000E+00 -0.1007511E-03  0.0000000E+00
         1   472      3 -0.5386573E-03 -0.1617518E-04  0.0000000E+00  0.0000000E+00 -0.1516152E-03  0.0000000E+00
         1   472      4 -0.7182508E-03 -0.2156429E-04  0.0000000E+00  0.0000000E+00 -0.2028045E-03  0.0000000E+00
         1   472      5 -0.8978674E-03 -0.2695182E-04  0.0000000E+00  0.0000000E+00 -0.2543187E-03  0.0000000E+00
         1   472      6 -0.1077509E-02 -0.3233760E-04  0.0000000E+00  0.0000000E+00 -0.3061575E-03  0.0000000E+00
         1   472      7 -0.1257176E-02 -0.3772146E-04  0.0000000E+00  0.0000000E+00 -0.3583203E-03  0.0000000E+00
         1   472      8 -0.1436871E-02 -0.4310324E-04  0.0000000E+00  0.0000000E+00 -0.4108069E-03  0.0000000E+00
         1   472      9 -0.1616595E-02 -0.4848277E-04  0.0000000E+00  0.0000000E+00 -0.4636170E-03  0.0000000E+00
         1   472     10  0.3651627E-02 -0.1693338E-03  0.0000000E+00  0.0000000E+00  0.6169122E-01  0.1000000E-02

         1   473      0  0.0000000E+00  0.0000000E+00  0.0000000E+00  0.0000000E+00  0.0000000E+00  0.0000000E+00
         1   473      1  0.0000000E+00  0.0000000E+00  0.0000000E+00  0.0000000E+00  0.0000000E+00  0.0000000E+00
         1   473      2 -0.4047476E-03 -0.8666619E-05  0.0000000E+00  0.0000000E+00 -0.5690953E-04  0.0000000E+00
         1   473      3 -0.6071414E-03 -0.1299801E-04  0.0000000E+00  0.0000000E+00 -0.8585041E-04  0.0000000E+00
         1   473      4 -0.8095493E-03 -0.1732790E-04  0.0000000E+00  0.0000000E+00 -0.1151147E-03  0.0000000E+00
         1   473      5 -0.1011972E-02 -0.2165610E-04  0.0000000E+00  0.0000000E+00 -0.1447019E-03  0.0000000E+00
         1   473      6 -0.1214411E-02 -0.2598246E-04  0.0000000E+00  0.0000000E+00 -0.1746116E-03  0.0000000E+00
         1   473      7 -0.1416866E-02 -0.3030678E-04  0.0000000E+00  0.0000000E+00 -0.2048432E-03  0.0000000E+00
         1   473      8 -0.1619338E-02 -0.3462891E-04  0.0000000E+00  0.0000000E+00 -0.2353962E-03  0.0000000E+00
         1   473      9 -0.1821827E-02 -0.3894867E-04  0.0000000E+00  0.0000000E+00 -0.2662702E-03  0.0000000E+00
         1   473     10  0.3082362E-02 -0.7324814E-04  0.0000000E+00  0.0000000E+00  0.6223634E-01  0.1000000E-02

         1   474      0  0.0000000E+00  0.0000000E+00  0.0000000E+00  0.0000000E+00  0.0000000E+00  0.0000000E+00
         1   474      1  0.0000000E+00  0.0000000E+00  0.0000000E+00  0.0000000E+00  0.0000000E+00  0.0000000E+00
         1   474      2 -0.4069143E-03 -0.8666619E-05  0.0000000E+00  0.0000000E+00 -0.5690954E-04  0.0000000E+00
         1   474      3 -0.6103909E-03 -0.1299801E-04  0.0000000E+00  0.0000000E+00 -0.8585042E-04  0.0000000E+00
         1   474      4 -0.8138813E-03 -0.1732790E-04  0.0000000E+00  0.0000000E+00 -0.1151147E-03  0.0000000E+00
         1   474      5 -0.1017386E-02 -0.2165610E-04  0.0000000E+00  0.0000000E+00 -0.1447020E-03  0.0000000E+00
         1   474      6 -0.1220906E-02 -0.2598246E-04  0.0000000E+00  0.0000000E+00 -0.1746116E-03  0.0000000E+00
         1   474      7 -0.1424442E-02 -0.3030678E-04  0.0000000E+00  0.0000000E+00 -0.2048432E-03  0.0000000E+00
         1   474      8 -0.1627995E-02 -0.3462891E-04  0.0000000E+00  0.0000000E+00 -0.2353963E-03  0.0000000E+00
         1   474      9 -0.1831565E-02 -0.3894867E-04  0.0000000E+00  0.0000000E+00 -0.2662703E-03  0.0000000E+00
         1   474     10  0.3064060E-02 -0.7324814E-04  0.0000000E+00  0.0000000E+00  0.6228576E-01  0.1000000E-02

         1   475      0  0.0000000E+00  0.0000000E+00  0.0000000E+00  0.0000000E+00  0.0000000E+00  0.0000000E+00
         1   475      1  0.0000000E+00  0.0000000E+00  0.0000000E+00  0.0000000E+00  0.0000000E+00  0.0000000E+00
         1   475      2 -0.4082143E-03 -0.8666619E-05  0.0000000E+00  0.0000000E+00 -0.5690954E-04  0.0000000E+00
         1   475      3 -0.6123406E-03 -0.1299801E-04  0.0000000E+00  0.0000000E+00 -0.8585043E-04  0.0000000E+00
         1   475      4 -0.8164805E-03 -0.1732790E-04  0.0000000E+00  0.0000000E+00 -0.1151147E-03  0.0000000E+00
         1   475      5 -0.1020635E-02 -0.2165610E-04  0.0000000E+00  0.0000000E+00 -0.1447020E-03  0.0000000E+00
         1   475      6 -0.1224804E-02 -0.2598246E-04  0.0000000E+00  0.0000000E+00 -0.1746116E-03  0.0000000E+00
         1   475      7 -0.1428988E-02 -0.3030678E-04  0.0000000E+00  0.0000000E+00 -0.2048433E-03  0.0000000E+00
         1   475      8 -0.1633189E-02 -0.3462891E-04  0.0000000E+00  0.0000000E+00 -0.2353963E-03  0.0000000E+00
         1   475      9 -0.1837407E-02 -0.3894867E-04  0.0000000E+00  0.0000000E+00 -0.2662704E-03  0.0000000E+00
         1   475     10  0.3053079E-02 -0.7324814E-04  0.0000000E+00  0.0000000E+00  0.6231542E-01  0.1000000E-02

         1   476      0  0.0000000E+00  0.0000000E+00  0.0000000E+00  0.0000000E+00  0.0000000E+00  0.0000000E+00
         1   476      1  0.0000000E+00  0.0000000E+00  0.0000000E+00  0.0000000E+00  0.0000000E+00  0.0000000E+00
         1   476      2 -0.4103809E-03 -0.8666619E-05  0.0000000E+00  0.0000000E+00 -0.5690954E-04  0.0000000E+00
         1   476      3 -0.6155901E-03 -0.1299801E-04  0.0000000E+00  0.0000000E+00 -0.8585044E-04  0.0000000E+00
         1   476      4 -0.8208125E-03 -0.1732790E-04  0.0000000E+00  0.0000000E+00 -0.1151148E-03  0.0000000E+00
         1   476      5 -0.1026049E-02 -0.2165610E-04  0.0000000E+00  0.0000000E+00 -0.1447020E-03  0.0000000E+00
         1   476      6 -0.1231299E-02 -0.2598246E-04  0.0000000E+00  0.0000000E+00 -0.1746117E-03  0.0000000E+00
         1   476      7 -0.1436565E-02 -0.3030678E-04  0.0000000E+00  0.0000000E+00 -0.2048433E-03  0.0000000E+00
         1   476      8 -0.1641846E-02 -0.3462891E-04  0.0000000E+00  0.0000000E+00 -0.2353964E-03  0.0000000E+00
         1   476      9 -0.1847144E-02 -0.3894867E-04  0.0000000E+00  0.0000000E+00 -0.2662705E-03  0.0000000E+00
         1   476     10  0.3034777E-02 -0.7324814E-04  0.0000000E+00  0.0000000E+00  0.6236484E-01  0.1000000E-02

         1   477      0  0.0000000E+00  0.0000000E+00  0.0000000E+00  0.0000000E+00  0.0000000E+00  0.0000000E+00
         1   477      1  0.0000000E+00  0.0000000E+00  0.0000000E+00  0.0000000E+00  0.0000000E+00  0.0000000E+00
         1   477      2 -0.4223324E-03 -0.3928622E-04  0.0000000E+00  0.0000000E+00 -0.5690737E-04  0.0000000E+00
         1   477      3 -0.6335167E-03 -0.5892876E-04  0.0000000E+00  0.0000000E+00 -0.8584554E-04  0.0000000E+00
         1   477      4 -0.8447137E-03 -0.7857075E-04  0.0000000E+00  0.0000000E+00 -0.1151061E-03  0.0000000E+00
         1   477      5 -0.1055924E-02 -0.9821205E-04  0.0000000E+00  0.0000000E+00 -0.1446884E-03  0.0000000E+00
         1   477      6 -0.1267148E-02 -0.1178525E-03  0.0000000E+00  0.0000000E+00 -0.1745921E-03  0.0000000E+00
         1   477      7 -0.1478386E-02 -0.1374921E-03  0.0000000E+00  0.0000000E+00 -0.2048167E-03  0.0000000E+00
         1   477      8 -0.1689640E-02 -0.1571305E-03  0.0000000E+00  0.0000000E+00 -0.2353616E-03  0.0000000E+00
         1   477      9 -0.1900908E-02 -0.1767678E-03  0.0000000E+00  0.0000000E+00 -0.2662264E-03  0.0000000E+00
         1   477     10  0.3054036E-02  0.1505636E-03  0.0000000E+00  0.0000000E+00  0.6246381E-01  0.1000000E-02

         1   478      0  0.0000000E+00  0.0000000E+00  0.0000000E+00  0.0000000E+00  0.0000000E+00  0.0000000E+00
         1   478      1  0.0000000E+00  0.0000000E+00  0.0000000E+00  0.0000000E+00  0.0000000E+00  0.0000000E+00
         1   478      2 -0.4499091E-03 -0.7135930E-04  0.0000000E+00  0.0000000E+00 -0.5690532E-04  0.0000000E+00
         1   478      3 -0.6748818E-03 -0.1070397E-03  0.0000000E+00  0.0000000E+00 -0.8584093E-04  0.0000000E+00
         1   478      4 -0.8998671E-03 -0.1427205E-03  0.0000000E+00  0.0000000E+00 -0.1150978E-03  0.0000000E+00
         1   478      5 -0.1124866E-02 -0.1784016E-03  0.0000000E+00  0.0000000E+00 -0.1446756E-03  0.0000000E+00
         1   478      6 -0.1349878E-02 -0.2140829E-03  0.0000000E+00  0.0000000E+00 -0.1745736E-03  0.0000000E+00
         1   478      7 -0.1574904E-02 -0.2497642E-03  0.0000000E+00  0.0000000E+00 -0.2047915E-03  0.0000000E+00
         1   478      8 -0.1799945E-02 -0.2854456E-03  0.0000000E+00  0.0000000E+00 -0.2353288E-03  0.0000000E+00
         1   478      9 -0.2025000E-02 -0.3211269E-03  0.0000000E+00  0.0000000E+00 -0.2661848E-03  0.0000000E+00
         1   478     10  0.3186183E-02  0.3799407E-03  0.0000000E+00  0.0000000E+00  0.6256278E-01  0.1000000E-02

         1   479      0  0.0000000E+00  0.0000000E+00  0.0000000E+00  0.0000000E+00  0.0000000E+00  0.0000000E+00
         1   479      1  0.0000000E+00  0.0000000E+00  0.0000000E+00  0.0000000E+00  0.0000000E+00  0.0000000E+00
         1   479      2 -0.4677489E-03 -0.7135930E-04  0.0000000E+00  0.0000000E+00 -0.5690567E-04  0.0000000E+00
         1   479      3 -0.7016417E-03 -0.1070397E-03  0.0000000E+00  0.0000000E+00 -0.8584172E-04  0.0000000E+00
         1   479      4 -0.9355472E-03 -0.1427205E-03  0.0000000E+00  0.0000000E+00 -0.1150993E-03  0.0000000E+00
         1   479      5 -0.1169466E-02 -0.1784016E-03  0.0000000E+00  0.0000000E+00 -0.1446778E-03  0.0000000E+00
         1   479      6 -0.1403398E-02 -0.2140829E-03  0.0000000E+00  0.0000000E+00 -0.1745768E-03  0.0000000E+00
         1   479      7 -0.1637345E-02 -0.2497642E-03  0.0000000E+00  0.0000000E+00 -0.2047959E-03  0.0000000E+00
         1   479      8 -0.1871306E-02 -0.2854456E-03  0.0000000E+00  0.0000000E+00 -0.2353344E-03  0.0000000E+00
         1   479      9 -0.2105282E-02 -0.3211269E-03  0.0000000E+00  0.0000000E+00 -0.2661920E-03  0.0000000E+00
         1   479     10  0.3281115E-02  0.3799407E-03  0.0000000E+00  0.0000000E+00  0.6261219E-01  0.1000000E-02

         1   480      0  0.0000000E+00  0.0000000E+00  0.0000000E+00  0.0000000E+00  0.0000000E+00  0.0000000E+00
         1   480      1  0.0000000E+00  0.0000000E+00  0.0000000E+00  0.0000000E+00  0.0000000E+00  0.0000000E+00
         1   480      2 -0.4784528E-03 -0.7135930E-04  0.0000000E+00  0.0000000E+00 -0.5690588E-04  0.0000000E+00
         1   480      3 -0.7176976E-03 -0.1070397E-03  0.0000000E+00  0.0000000E+00 -0.8584220E-04  0.0000000E+00
         1   480      4 -0.9569553E-03 -0.1427205E-03  0.0000000E+00  0.0000000E+00 -0.1151001E-03  0.0000000E+00
         1   480      5 -0.1196226E-02 -0.1784016E-03  0.0000000E+00  0.0000000E+00 -0.1446791E-03  0.0000000E+00
         1   480      6 -0.1435511E-02 -0.2140829E-03  0.0000000E+00  0.0000000E+00 -0.1745787E-03  0.0000000E+00
         1   480      7 -0.1674810E-02 -0.2497642E-03  0.0000000E+00  0.0000000E+00 -0.2047985E-03  0.0000000E+00
         1   480      8 -0.1914123E-02 -0.2854456E-03  0.0000000E+00  0.0000000E+00 -0.2353378E-03  0.0000000E+00
         1   480      9 -0.2153451E-02 -0.3211269E-03  0.0000000E+00  0.0000000E+00 -0.2661963E-03  0.0000000E+00
         1   480     10  0.3338075E-02  0.3799407E-03  0.0000000E+00  0.0000000E+00  0.6264184E-01  0.1000000E-02

         1   481      0  0.0000000E+00  0.0000000E+00  0.0000000E+00  0.0000000E+00  0.0000000E+00  0.0000000E+00
         1   481      1  0.0000000E+00  0.0000000E+00  0.0000000E+00  0.0000000E+00  0.0000000E+00  0.0000000E+00
         1   481      2 -0.4962927E-03 -0.7135930E-04  0.0000000E+00  0.0000000E+00 -0.5690624E-04  0.0000000E+00
         1   481      3 -0.7444576E-03 -0.1070397E-03  0.0000000E+00  0.0000000E+00 -0.8584299E-04  0.0000000E+00
         1   481      4 -0.9926354E-03 -0.1427205E-03  0.0000000E+00  0.0000000E+00 -0.1151015E-03  0.0000000E+00
         1   481      5 -0.1240827E-02 -0.1784016E-03  0.0000000E+00  0.0000000E+00 -0.1446813E-03  0.0000000E+00
         1   481      6 -0.1489032E-02 -0.2140829E-03  0.0000000E+00  0.0000000E+00 -0.1745819E-03  0.0000000E+00
         1   481      7 -0.1737251E-02 -0.2497642E-03  0.0000000E+00  0.0000000E+00 -0.2048028E-03  0.0000000E+00
         1   481      8 -0.1985484E-02 -0.2854456E-03  0.0000000E+00  0.0000000E+00 -0.2353435E-03  0.0000000E+00
         1   481      9 -0.2233733E-02 -0.3211269E-03  0.0000000E+00  0.0000000E+00 -0.2662034E-03  0.0000000E+00
         1   481     10  0.3433007E-02  0.3799407E-03  0.0000000E+00  0.0000000E+00  0.6269126E-01  0.1000000E-02

         1   482      0  0.0000000E+00  0.0000000E+00  0.0000000E+00  0.0000000E+00  0.0000000E+00  0.0000000E+00
         1   482      1  0.0000000E+00  0.0000000E+00  0.0000000E+00  0.0000000E+00  0.0000000E+00  0.0000000E+00
         1   482      2 -0.8227387E-03 -0.6770236E-04  0.0000000E+00  0.0000000E+00  0.1879536E-04  0.0000000E+00
         1   482      3 -0.1234122E-02 -0.1015547E-03  0.0000000E+00  0.0000000E+00  0.2770576E-04  0.0000000E+00
         1   482      4 -0.1645516E-02 -0.1354076E-03  0.0000000E+00  0.0000000E+00  0.3629201E-04  0.0000000E+00
         1   482      5 -0.2056918E-02 -0.1692611E-03  0.0000000E+00  0.0000000E+00  0.4455461E-04  0.0000000E+00
         1   482      6 -0.2468331E-02 -0.2031151E-03  0.0000000E+00  0.0000000E+00  0.5249407E-04  0.0000000E+00
         1   482      7 -0.2879752E-02 -0.2369693E-03  0.0000000E+00  0.0000000E+00  0.6011091E-04  0.0000000E+00
         1   482      8 -0.3291183E-02 -0.2708239E-03  0.0000000E+00  0.0000000E+00  0.6740565E-04  0.0000000E+00
         1   482      9 -0.3702624E-02 -0.3046785E-03  0.0000000E+00  0.0000000E+00  0.7437879E-04  0.0000000E+00
         1   482     10  0.5427936E-02  0.4701125E-03  0.0000000E+00  0.0000000E+00  0.6311417E-01  0.1000000E-02

         1   483      0  0.0000000E+00  0.0000000E+00  0.0000000E+00  0.0000000E+00  0.0000000E+00  0.0000000E+00
         1   483      1  0.0000000E+00  0.0000000E+00  0.0000000E+00  0.0000000E+00  0.0000000E+00  0.0000000E+00
         1   483      2 -0.8396643E-03 -0.6770236E-04  0.0000000E+00  0.0000000E+00  0.1879504E-04  0.0000000E+00
         1   483      3 -0.1259511E-02 -0.1015547E-03  0.0000000E+00  0.0000000E+00  0.2770505E-04  0.0000000E+00
         1   483      4 -0.1679368E-02 -0.1354076E-03  0.0000000E+00  0.0000000E+00  0.3629074E-04  0.0000000E+00
         1   483      5 -0.2099234E-02 -0.1692611E-03  0.0000000E+00  0.0000000E+00  0.4455262E-04  0.0000000E+00
         1   483      6 -0.2519109E-02 -0.2031151E-03  0.0000000E+00  0.0000000E+00  0.5249121E-04  0.0000000E+00
         1   483      7 -0.2938995E-02 -0.2369693E-03  0.0000000E+00  0.0000000E+00  0.6010702E-04  0.0000000E+00
         1   483      8 -0.3358889E-02 -0.2708239E-03  0.0000000E+00  0.0000000E+00  0.6740056E-04  0.0000000E+00
         1   483      9 -0.3778793E-02 -0.3046785E-03  0.0000000E+00  0.0000000E+00  0.7437235E-04  0.0000000E+00
         1   483     10  0.5545399E-02  0.4701125E-03  0.0000000E+00  0.0000000E+00  0.6316358E-01  0.1000000E-02

         1   484      0  0.0000000E+00  0.0000000E+00  0.0000000E+00  0.0000000E+00  0.0000000E+00  0.0000000E+00
         1   484      1  0.0000000E+00  0.0000000E+00  0.0000000E+00  0.0000000E+00  0.0000000E+00  0.0000000E+00
         1   484      2 -0.8498196E-03 -0.6770236E-04  0.0000000E+00  0.0000000E+00  0.1879485E-04  0.0000000E+00
         1   484      3 -0.1274744E-02 -0.1015547E-03  0.0000000E+00  0.0000000E+00  0.2770462E-04  0.0000000E+00
         1   484      4 -0.1699679E-02 -0.1354076E-03  0.0000000E+00  0.0000000E+00  0.3628997E-04  0.0000000E+00
         1   484      5 -0.2124623E-02 -0.1692611E-03  0.0000000E+00  0.0000000E+00  0.4455143E-04  0.0000000E+00
         1   484      6 -0.2549577E-02 -0.2031151E-03  0.0000000E+00  0.0000000E+00  0.5248949E-04  0.0000000E+00
         1   484      7 -0.2974540E-02 -0.2369693E-03  0.0000000E+00  0.0000000E+00  0.6010468E-04  0.0000000E+00
         1   484      8 -0.3399513E-02 -0.2708239E-03  0.0000000E+00  0.0000000E+00  0.6739751E-04  0.0000000E+00
         1   484      9 -0.3824495E-02 -0.3046785E-03  0.0000000E+00  0.0000000E+00  0.7436849E-04  0.0000000E+00
         1   484     10  0.5615877E-02  0.4701125E-03  0.0000000E+00  0.0000000E+00  0.6319322E-01  0.1000000E-02

         1   485      0  0.0000000E+00  0.0000000E+00  0.0000000E+00  0.0000000E+00  0.0000000E+00  0.0000000E+00
         1   485      1  0.0000000E+00  0.0000000E+00  0.0000000E+00  0.0000000E+00  0.0000000E+00  0.0000000E+00
         1   485      2 -0.8667452E-03 -0.6770236E-04  0.0000000E+00  0.0000000E+00  0.1879453E-04  0.0000000E+00
         1   485      3 -0.1300133E-02 -0.1015547E-03  0.0000000E+00  0.0000000E+00  0.2770390E-04  0.0000000E+00
         1   485      4 -0.1733531E-02 -0.1354076E-03  0.0000000E+00  0.0000000E+00  0.3628870E-04  0.0000000E+00
         1   485      5 -0.2166938E-02 -0.1692611E-03  0.0000000E+00  0.0000000E+00  0.4454944E-04  0.0000000E+00
         1   485      6 -0.2600355E-02 -0.2031151E-03  0.0000000E+00  0.0000000E+00  0.5248663E-04  0.0000000E+00
         1   485      7 -0.3033782E-02 -0.2369693E-03  0.0000000E+00  0.0000000E+00  0.6010078E-04  0.0000000E+00
         1   485      8 -0.3467219E-02 -0.2708239E-03  0.0000000E+00  0.0000000E+00  0.6739242E-04  0.0000000E+00
         1   485      9 -0.3900665E-02 -0.3046785E-03  0.0000000E+00  0.0000000E+00  0.7436204E-04  0.0000000E+00
         1   485     10  0.5733339E-02  0.4701125E-03  0.0000000E+00  0.0000000E+00  0.6324263E-01  0.1000000E-02

         1   486      0  0.0000000E+00  0.0000000E+00  0.0000000E+00  0.0000000E+00  0.0000000E+00  0.0000000E+00
         1   486      1  0.0000000E+00  0.0000000E+00  0.0000000E+00  0.0000000E+00  0.0000000E+00  0.0000000E+00
         1   486      2 -0.8828949E-03  0.3321326E-05  0.0000000E+00  0.0000000E+00  0.1878322E-04  0.0000000E+00
         1   486      3 -0.1324358E-02  0.4982093E-05  0.0000000E+00  0.0000000E+00  0.2767845E-04  0.0000000E+00
         1   486      4 -0.1765831E-02  0.6643045E-05  0.0000000E+00  0.0000000E+00  0.3624345E-04  0.0000000E+00
         1   486      5 -0.2207314E-02  0.8304272E-05  0.0000000E+00  0.0000000E+00  0.4447873E-04  0.0000000E+00
         1   486      6 -0.2648806E-02  0.9965862E-05  0.0000000E+00  0.0000000E+00  0.5238480E-04  0.0000000E+00
         1   486      7 -0.3090308E-02  0.1162790E-04  0.0000000E+00  0.0000000E+00  0.5996218E-04  0.0000000E+00
         1   486      8 -0.3531820E-02  0.1329048E-04  0.0000000E+00  0.0000000E+00  0.6721138E-04  0.0000000E+00
         1   486      9 -0.3973341E-02  0.1495368E-04  0.0000000E+00  0.0000000E+00  0.7413292E-04  0.0000000E+00
         1   486     10  0.5851206E-02  0.2547292E-07  0.0000000E+00  0.0000000E+00  0.6334099E-01  0.1000000E-02

         1   487      0  0.0000000E+00  0.0000000E+00  0.0000000E+00  0.0000000E+00  0.0000000E+00  0.0000000E+00
         1   487      1  0.0000000E+00  0.0000000E+00  0.0000000E+00  0.0000000E+00  0.0000000E+00  0.0000000E+00
         1   487      2 -0.8634462E-03  0.7421110E-04  0.0000000E+00  0.0000000E+00  0.1877188E-04  0.0000000E+00
         1   487      3 -0.1295184E-02  0.1113180E-03  0.0000000E+00  0.0000000E+00  0.2765294E-04  0.0000000E+00
         1   487      4 -0.1726932E-02  0.1484259E-03  0.0000000E+00  0.0000000E+00  0.3619810E-04  0.0000000E+00
         1   487      5 -0.2158690E-02  0.1855348E-03  0.0000000E+00  0.0000000E+00  0.4440787E-04  0.0000000E+00
         1   487      6 -0.2590457E-02  0.2226450E-03  0.0000000E+00  0.0000000E+00  0.5228277E-04  0.0000000E+00
         1   487      7 -0.3022233E-02  0.2597563E-03  0.0000000E+00  0.0000000E+00  0.5982330E-04  0.0000000E+00
         1   487      8 -0.3454018E-02  0.2968689E-03  0.0000000E+00  0.0000000E+00  0.6702998E-04  0.0000000E+00
         1   487      9 -0.3885812E-02  0.3339830E-03  0.0000000E+00  0.0000000E+00  0.7390333E-04  0.0000000E+00
         1   487     10  0.5733365E-02 -0.4700626E-03  0.0000000E+00  0.0000000E+00  0.6343934E-01  0.1000000E-02

         1   488      0  0.0000000E+00  0.0000000E+00  0.0000000E+00  0.0000000E+00  0.0000000E+00  0.0000000E+00
         1   488      1  0.0000000E+00  0.0000000E+00  0.0000000E+00  0.0000000E+00  0.0000000E+00  0.0000000E+00
         1   488      2 -0.8448934E-03  0.7421110E-04  0.0000000E+00  0.0000000E+00  0.1877150E-04  0.0000000E+00
         1   488      3 -0.1267355E-02  0.1113180E-03  0.0000000E+00  0.0000000E+00  0.2765208E-04  0.0000000E+00
         1   488      4 -0.1689826E-02  0.1484259E-03  0.0000000E+00  0.0000000E+00  0.3619657E-04  0.0000000E+00
         1   488      5 -0.2112306E-02  0.1855348E-03  0.0000000E+00  0.0000000E+00  0.4440548E-04  0.0000000E+00
         1   488      6 -0.2534795E-02  0.2226450E-03  0.0000000E+00  0.0000000E+00  0.5227933E-04  0.0000000E+00
         1   488      7 -0.2957294E-02  0.2597563E-03  0.0000000E+00  0.0000000E+00  0.5981862E-04  0.0000000E+00
         1   488      8 -0.3379800E-02  0.2968689E-03  0.0000000E+00  0.0000000E+00  0.6702386E-04  0.0000000E+00
         1   488      9 -0.3802316E-02  0.3339830E-03  0.0000000E+00  0.0000000E+00  0.7389559E-04  0.0000000E+00
         1   488     10  0.5615914E-02 -0.4700626E-03  0.0000000E+00  0.0000000E+00  0.6348875E-01  0.1000000E-02

         1   489      0  0.0000000E+00  0.0000000E+00  0.0000000E+00  0.0000000E+00  0.0000000E+00  0.0000000E+00
         1   489      1  0.0000000E+00  0.0000000E+00  0.0000000E+00  0.0000000E+00  0.0000000E+00  0.0000000E+00
         1   489      2 -0.8337618E-03  0.7421110E-04  0.0000000E+00  0.0000000E+00  0.1877127E-04  0.0000000E+00
         1   489      3 -0.1250657E-02  0.1113180E-03  0.0000000E+00  0.0000000E+00  0.2765156E-04  0.0000000E+00
         1   489      4 -0.1667562E-02  0.1484259E-03  0.0000000E+00  0.0000000E+00  0.3619565E-04  0.0000000E+00
         1   489      5 -0.2084476E-02  0.1855348E-03  0.0000000E+00  0.0000000E+00  0.4440405E-04  0.0000000E+00
         1   489      6 -0.2501399E-02  0.2226450E-03  0.0000000E+00  0.0000000E+00  0.5227726E-04  0.0000000E+00
         1   489      7 -0.2918330E-02  0.2597563E-03  0.0000000E+00  0.0000000E+00  0.5981581E-04  0.0000000E+00
         1   489      8 -0.3335270E-02  0.2968689E-03  0.0000000E+00  0.0000000E+00  0.6702019E-04  0.0000000E+00
         1   489      9 -0.3752218E-02  0.3339830E-03  0.0000000E+00  0.0000000E+00  0.7389094E-04  0.0000000E+00
         1   489     10  0.5545444E-02 -0.4700626E-03  0.0000000E+00  0.0000000E+00  0.6351840E-01  0.1000000E-02

         1   490      0  0.0000000E+00  0.0000000E+00  0.0000000E+00  0.0000000E+00  0.0000000E+00  0.0000000E+00
         1   490      1  0.0000000E+00  0.0000000E+00  0.0000000E+00  0.0000000E+00  0.0000000E+00  0.0000000E+00
         1   490      2 -0.8152090E-03  0.7421110E-04  0.0000000E+00  0.0000000E+00  0.1877089E-04  0.0000000E+00
         1   490      3 -0.1222828E-02  0.1113180E-03  0.0000000E+00  0.0000000E+00  0.2765071E-04  0.0000000E+00
         1   490      4 -0.1630455E-02  0.1484259E-03  0.0000000E+00  0.0000000E+00  0.3619413E-04  0.0000000E+00
         1   490      5 -0.2038092E-02  0.1855348E-03  0.0000000E+00  0.0000000E+00  0.4440166E-04  0.0000000E+00
         1   490      6 -0.2445737E-02  0.2226450E-03  0.0000000E+00  0.0000000E+00  0.5227382E-04  0.0000000E+00
         1   490      7 -0.2853391E-02  0.2597563E-03  0.0000000E+00  0.0000000E+00  0.5981112E-04  0.0000000E+00
         1   490      8 -0.3261053E-02  0.2968689E-03  0.0000000E+00  0.0000000E+00  0.6701408E-04  0.0000000E+00
         1   490      9 -0.3668723E-02  0.3339830E-03  0.0000000E+00  0.0000000E+00  0.7388320E-04  0.0000000E+00
         1   490     10  0.5427994E-02 -0.4700626E-03  0.0000000E+00  0.0000000E+00  0.6356780E-01  0.1000000E-02

         1   491      0  0.0000000E+00  0.0000000E+00  0.0000000E+00  0.0000000E+00  0.0000000E+00  0.0000000E+00
         1   491      1  0.0000000E+00  0.0000000E+00  0.0000000E+00  0.0000000E+00  0.0000000E+00  0.0000000E+00
         1   491      2 -0.4584995E-03  0.7774224E-04  0.0000000E+00  0.0000000E+00  0.9186991E-04  0.0000000E+00
         1   491      3 -0.6877673E-03  0.1166142E-03  0.0000000E+00  0.0000000E+00  0.1372947E-03  0.0000000E+00
         1   491      4 -0.9170464E-03  0.1554869E-03  0.0000000E+00  0.0000000E+00  0.1823800E-03  0.0000000E+00
         1   491      5 -0.1146336E-02  0.1943604E-03  0.0000000E+00  0.0000000E+00  0.2271263E-03  0.0000000E+00
         1   491      6 -0.1375636E-02  0.2332346E-03  0.0000000E+00  0.0000000E+00  0.2715340E-03  0.0000000E+00
         1   491      7 -0.1604945E-02  0.2721098E-03  0.0000000E+00  0.0000000E+00  0.3156037E-03  0.0000000E+00
         1   491      8 -0.1834264E-02  0.3109859E-03  0.0000000E+00  0.0000000E+00  0.3593357E-03  0.0000000E+00
         1   491      9 -0.2063590E-02  0.3498631E-03  0.0000000E+00  0.0000000E+00  0.4027305E-03  0.0000000E+00
         1   491     10  0.3433297E-02 -0.3798918E-03  0.0000000E+00  0.0000000E+00  0.6399070E-01  0.1000000E-02

         1   492      0  0.0000000E+00  0.0000000E+00  0.0000000E+00  0.0000000E+00  0.0000000E+00  0.0000000E+00
         1   492      1  0.0000000E+00  0.0000000E+00  0.0000000E+00  0.0000000E+00  0.0000000E+00  0.0000000E+00
         1   492      2 -0.4390639E-03  0.7774224E-04  0.0000000E+00  0.0000000E+00  0.9186949E-04  0.0000000E+00
         1   492      3 -0.6586137E-03  0.1166142E-03  0.0000000E+00  0.0000000E+00  0.1372938E-03  0.0000000E+00
         1   492      4 -0.8781747E-03  0.1554869E-03  0.0000000E+00  0.0000000E+00  0.1823783E-03  0.0000000E+00
         1   492      5 -0.1097746E-02  0.1943604E-03  0.0000000E+00  0.0000000E+00  0.2271237E-03  0.0000000E+00
         1   492      6 -0.1317327E-02  0.2332346E-03  0.0000000E+00  0.0000000E+00  0.2715303E-03  0.0000000E+00
         1   492      7 -0.1536918E-02  0.2721098E-03  0.0000000E+00  0.0000000E+00  0.3155985E-03  0.0000000E+00
         1   492      8 -0.1756517E-02  0.3109859E-03  0.0000000E+00  0.0000000E+00  0.3593290E-03  0.0000000E+00
         1   492      9 -0.1976124E-02  0.3498631E-03  0.0000000E+00  0.0000000E+00  0.4027220E-03  0.0000000E+00
         1   492     10  0.3338377E-02 -0.3798918E-03  0.0000000E+00  0.0000000E+00  0.6404011E-01  0.1000000E-02

         1   493      0  0.0000000E+00  0.0000000E+00  0.0000000E+00  0.0000000E+00  0.0000000E+00  0.0000000E+00
         1   493      1  0.0000000E+00  0.0000000E+00  0.0000000E+00  0.0000000E+00  0.0000000E+00  0.0000000E+00
         1   493      2 -0.4274026E-03  0.7774224E-04  0.0000000E+00  0.0000000E+00  0.9186924E-04  0.0000000E+00
         1   493      3 -0.6411216E-03  0.1166142E-03  0.0000000E+00  0.0000000E+00  0.1372932E-03  0.0000000E+00
         1   493      4 -0.8548516E-03  0.1554869E-03  0.0000000E+00  0.0000000E+00  0.1823773E-03  0.0000000E+00
         1   493      5 -0.1068592E-02  0.1943604E-03  0.0000000E+00  0.0000000E+00  0.2271221E-03  0.0000000E+00
         1   493      6 -0.1282342E-02  0.2332346E-03  0.0000000E+00  0.0000000E+00  0.2715280E-03  0.0000000E+00
         1   493      7 -0.1496101E-02  0.2721098E-03  0.0000000E+00  0.0000000E+00  0.3155954E-03  0.0000000E+00
         1   493      8 -0.1709869E-02  0.3109859E-03  0.0000000E+00  0.0000000E+00  0.3593249E-03  0.0000000E+00
         1   493      9 -0.1923645E-02  0.3498631E-03  0.0000000E+00  0.0000000E+00  0.4027169E-03  0.0000000E+00
         1   493     10  0.3281424E-02 -0.3798918E-03  0.0000000E+00  0.0000000E+00  0.6406976E-01  0.1000000E-02

         1   494      0  0.0000000E+00  0.0000000E+00  0.0000000E+00  0.0000000E+00  0.0000000E+00  0.0000000E+00
         1   494      1  0.0000000E+00  0.0000000E+00  0.0000000E+00  0.0000000E+00  0.0000000E+00  0.0000000E+00
         1   494      2 -0.4079670E-03  0.7774224E-04  0.0000000E+00  0.0000000E+00  0.9186882E-04  0.0000000E+00
         1   494      3 -0.6119680E-03  0.1166142E-03  0.0000000E+00  0.0000000E+00  0.1372923E-03  0.0000000E+00
         1   494      4 -0.8159799E-03  0.1554869E-03  0.0000000E+00  0.0000000E+00  0.1823757E-03  0.0000000E+00
         1   494      5 -0.1020002E-02  0.1943604E-03  0.0000000E+00  0.0000000E+00  0.2271195E-03  0.0000000E+00
         1   494      6 -0.1224034E-02  0.2332346E-03  0.0000000E+00  0.0000000E+00  0.2715242E-03  0.0000000E+00
         1   494      7 -0.1428074E-02  0.2721098E-03  0.0000000E+00  0.0000000E+00  0.3155903E-03  0.0000000E+00
         1   494      8 -0.1632123E-02  0.3109859E-03  0.0000000E+00  0.0000000E+00  0.3593182E-03  0.0000000E+00
         1   494      9 -0.1836179E-02  0.3498631E-03  0.0000000E+00  0.0000000E+00  0.4027084E-03  0.0000000E+00
         1   494     10  0.3186504E-02 -0.3798918E-03  0.0000000E+00  0.0000000E+00  0.6411917E-01  0.1000000E-02

         1   495      0  0.0000000E+00  0.0000000E+00  0.0000000E+00  0.0000000E+00  0.0000000E+00  0.0000000E+00
         1   495      1  0.0000000E+00  0.0000000E+00  0.0000000E+00  0.0000000E+00  0.0000000E+00  0.0000000E+00
         1   495      2 -0.3764033E-03  0.4890026E-04  0.0000000E+00  0.0000000E+00  0.9187027E-04  0.0000000E+00
         1   495      3 -0.5646224E-03  0.7334998E-04  0.0000000E+00  0.0000000E+00  0.1372955E-03  0.0000000E+00
         1   495      4 -0.7528522E-03  0.9779959E-04  0.0000000E+00  0.0000000E+00  0.1823814E-03  0.0000000E+00
         1   495      5 -0.9410919E-03  0.1222492E-03  0.0000000E+00  0.0000000E+00  0.2271285E-03  0.0000000E+00
         1   495      6 -0.1129341E-02  0.1466990E-03  0.0000000E+00  0.0000000E+00  0.2715372E-03  0.0000000E+00
         1   495      7 -0.1317599E-02  0.1711490E-03  0.0000000E+00  0.0000000E+00  0.3156080E-03  0.0000000E+00
         1   495      8 -0.1505864E-02  0.1955994E-03  0.0000000E+00  0.0000000E+00  0.3593414E-03  0.0000000E+00
         1   495      9 -0.1694137E-02  0.2200503E-03  0.0000000E+00  0.0000000E+00  0.4027378E-03  0.0000000E+00
         1   495     10  0.3054388E-02 -0.1504899E-03  0.0000000E+00  0.0000000E+00  0.6421814E-01  0.1000000E-02

         1   496      0  0.0000000E+00  0.0000000E+00  0.0000000E+00  0.0000000E+00  0.0000000E+00  0.0000000E+00
         1   496      1  0.0000000E+00  0.0000000E+00  0.0000000E+00  0.0000000E+00  0.0000000E+00  0.0000000E+00
         1   496      2 -0.3587656E-03  0.2186746E-04  0.0000000E+00  0.0000000E+00  0.9187185E-04  0.0000000E+00
         1   496      3 -0.5381663E-03  0.3279948E-04  0.0000000E+00  0.0000000E+00  0.1372991E-03  0.0000000E+00
         1   496      4 -0.7175780E-03  0.4373059E-04  0.0000000E+00  0.0000000E+00  0.1823878E-03  0.0000000E+00
         1   496      5 -0.8969998E-03  0.5466098E-04  0.0000000E+00  0.0000000E+00  0.2271384E-03  0.0000000E+00
         1   496      6 -0.1076431E-02  0.6559082E-04  0.0000000E+00  0.0000000E+00  0.2715515E-03  0.0000000E+00
         1   496      7 -0.1255871E-02  0.7652029E-04  0.0000000E+00  0.0000000E+00  0.3156275E-03  0.0000000E+00
         1   496      8 -0.1435319E-02  0.8744957E-04  0.0000000E+00  0.0000000E+00  0.3593668E-03  0.0000000E+00
         1   496      9 -0.1614774E-02  0.9837882E-04  0.0000000E+00  0.0000000E+00  0.4027699E-03  0.0000000E+00
         1   496     10  0.3035172E-02  0.7334936E-04  0.0000000E+00  0.0000000E+00  0.6431711E-01  0.1000000E-02

         1   497      0  0.0000000E+00  0.0000000E+00  0.0000000E+00  0.0000000E+00  0.0000000E+00  0.0000000E+00
         1   497      1  0.0000000E+00  0.0000000E+00  0.0000000E+00  0.0000000E+00  0.0000000E+00  0.0000000E+00
         1   497      2 -0.3532987E-03  0.2186746E-04  0.0000000E+00  0.0000000E+00  0.9187182E-04  0.0000000E+00
         1   497      3 -0.5299665E-03  0.3279948E-04  0.0000000E+00  0.0000000E+00  0.1372990E-03  0.0000000E+00
         1   497      4 -0.7066453E-03  0.4373059E-04  0.0000000E+00  0.0000000E+00  0.1823877E-03  0.0000000E+00
         1   497      5 -0.8833346E-03  0.5466098E-04  0.0000000E+00  0.0000000E+00  0.2271382E-03  0.0000000E+00
         1   497      6 -0.1060033E-02  0.6559082E-04  0.0000000E+00  0.0000000E+00  0.2715512E-03  0.0000000E+00
         1   497      7 -0.1236741E-02  0.7652029E-04  0.0000000E+00  0.0000000E+00  0.3156271E-03  0.0000000E+00
         1   497      8 -0.1413456E-02  0.8744957E-04  0.0000000E+00  0.0000000E+00  0.3593662E-03  0.0000000E+00
         1   497      9 -0.1590179E-02  0.9837882E-04  0.0000000E+00  0.0000000E+00  0.4027692E-03  0.0000000E+00
         1   497     10  0.3053500E-02  0.7334936E-04  0.0000000E+00  0.0000000E+00  0.6436654E-01  0.1000000E-02

         1   498      0  0.0000000E+00  0.0000000E+00  0.0000000E+00  0.0000000E+00  0.0000000E+00  0.0000000E+00
         1   498      1  0.0000000E+00  0.0000000E+00  0.0000000E+00  0.0000000E+00  0.0000000E+00  0.0000000E+00
         1   498      2 -0.3500186E-03  0.2186746E-04  0.0000000E+00  0.0000000E+00  0.9187180E-04  0.0000000E+00
         1   498      3 -0.5250465E-03  0.3279948E-04  0.0000000E+00  0.0000000E+00  0.1372990E-03  0.0000000E+00
         1   498      4 -0.7000858E-03  0.4373059E-04  0.0000000E+00  0.0000000E+00  0.1823876E-03  0.0000000E+00
         1   498      5 -0.8751354E-03  0.5466098E-04  0.0000000E+00  0.0000000E+00  0.2271381E-03  0.0000000E+00
         1   498      6 -0.1050195E-02  0.6559082E-04  0.0000000E+00  0.0000000E+00  0.2715510E-03  0.0000000E+00
         1   498      7 -0.1225263E-02  0.7652029E-04  0.0000000E+00  0.0000000E+00  0.3156268E-03  0.0000000E+00
         1   498      8 -0.1400339E-02  0.8744957E-04  0.0000000E+00  0.0000000E+00  0.3593659E-03  0.0000000E+00
         1   498      9 -0.1575422E-02  0.9837882E-04  0.0000000E+00  0.0000000E+00  0.4027688E-03  0.0000000E+00
         1   498     10  0.3064496E-02  0.7334936E-04  0.0000000E+00  0.0000000E+00  0.6439619E-01  0.1000000E-02

         1   499      0  0.0000000E+00  0.0000000E+00  0.0000000E+00  0.0000000E+00  0.0000000E+00  0.0000000E+00
         1   499      1  0.0000000E+00  0.0000000E+00  0.0000000E+00  0.0000000E+00  0.0000000E+00  0.0000000E+00
         1   499      2 -0.3445517E-03  0.2186746E-04  0.0000000E+00  0.0000000E+00  0.9187177E-04  0.0000000E+00
         1   499      3 -0.5168467E-03  0.3279948E-04  0.0000000E+00  0.0000000E+00  0.1372989E-03  0.0000000E+00
         1   499      4 -0.6891531E-03  0.4373059E-04  0.0000000E+00  0.0000000E+00  0.1823874E-03  0.0000000E+00
         1   499      5 -0.8614702E-03  0.5466098E-04  0.0000000E+00  0.0000000E+00  0.2271379E-03  0.0000000E+00
         1   499      6 -0.1033797E-02  0.6559082E-04  0.0000000E+00  0.0000000E+00  0.2715507E-03  0.0000000E+00
         1   499      7 -0.1206133E-02  0.7652029E-04  0.0000000E+00  0.0000000E+00  0.3156264E-03  0.0000000E+00
         1   499      8 -0.1378476E-02  0.8744957E-04  0.0000000E+00  0.0000000E+00  0.3593654E-03  0.0000000E+00
         1   499      9 -0.1550827E-02  0.9837882E-04  0.0000000E+00  0.0000000E+00  0.4027681E-03  0.0000000E+00
         1   499     10  0.3082823E-02  0.7334936E-04  0.0000000E+00  0.0000000E+00  0.6444561E-01  0.1000000E-02

         1   500      0  0.0000000E+00  0.0000000E+00  0.0000000E+00  0.0000000E+00  0.0000000E+00  0.0000000E+00
         1   500      1  0.0000000E+00  0.0000000E+00  0.0000000E+00  0.0000000E+00  0.0000000E+00  0.0000000E+00
         1   500      2 -0.2380898E-03  0.2348301E-04  0.0000000E+00  0.0000000E+00  0.1253130E-03  0.0000000E+00
         1   500      3 -0.3571629E-03  0.3522288E-04  0.0000000E+00  0.0000000E+00  0.1874628E-03  0.0000000E+00
         1   500      4 -0.4762524E-03  0.4696189E-04  0.0000000E+00  0.0000000E+00  0.2492752E-03  0.0000000E+00
         1   500      5 -0.5953568E-03  0.5870022E-04  0.0000000E+00  0.0000000E+00  0.3107505E-03  0.0000000E+00
         1   500      6 -0.7144742E-03  0.7043802E-04  0.0000000E+00  0.0000000E+00  0.3718891E-03  0.0000000E+00
         1   500      7 -0.8336031E-03  0.8217548E-04  0.0000000E+00  0.0000000E+00  0.4326912E-03  0.0000000E+00
         1   500      8 -0.9527416E-03  0.9391275E-04  0.0000000E+00  0.0000000E+00  0.4931572E-03  0.0000000E+00
         1   500      9 -0.1071888E-02  0.1056500E-03  0.0000000E+00  0.0000000E+00  0.5532874E-03  0.0000000E+00
         1   500     10  0.3652555E-02  0.1694312E-03  0.0000000E+00  0.0000000E+00  0.6499066E-01  0.1000000E-02

         1   501      0  0.0000000E+00  0.0000000E+00  0.0000000E+00  0.0000000E+00  0.0000000E+00  0.0000000E+00
         1   501      1  0.0000000E+00  0.0000000E+00  0.0000000E+00  0.0000000E+00  0.0000000E+00  0.0000000E+00
         1   501      2 -0.2322191E-03  0.2348301E-04  0.0000000E+00  0.0000000E+00  0.1253130E-03  0.0000000E+00
         1   501      3 -0.3483572E-03  0.3522288E-04  0.0000000E+00  0.0000000E+00  0.1874627E-03  0.0000000E+00
         1   501      4 -0.4645120E-03  0.4696189E-04  0.0000000E+00  0.0000000E+00  0.2492750E-03  0.0000000E+00
         1   501      5 -0.5806817E-03  0.5870022E-04  0.0000000E+00  0.0000000E+00  0.3107503E-03  0.0000000E+00
         1   501      6 -0.6968647E-03  0.7043802E-04  0.0000000E+00  0.0000000E+00  0.3718887E-03  0.0000000E+00
         1   501      7 -0.8130592E-03  0.8217548E-04  0.0000000E+00  0.0000000E+00  0.4326907E-03  0.0000000E+00
         1   501      8 -0.9292634E-03  0.9391275E-04  0.0000000E+00  0.0000000E+00  0.4931566E-03  0.0000000E+00
         1   501      9 -0.1045476E-02  0.1056500E-03  0.0000000E+00  0.0000000E+00  0.5532866E-03  0.0000000E+00
         1   501     10  0.3694889E-02  0.1694312E-03  0.0000000E+00  0.0000000E+00  0.6504008E-01  0.1000000E-02

         1   502      0  0.0000000E+00  0.0000000E+00  0.0000000E+00  0.0000000E+00  0.0000000E+00  0.0000000E+00
         1   502      1  0.0000000E+00  0.0000000E+00  0.0000000E+00  0.0000000E+00  0.0000000E+00  0.0000000E+00
         1   502      2 -0.2286966E-03  0.2348301E-04  0.0000000E+00  0.0000000E+00  0.1253129E-03  0.0000000E+00
         1   502      3 -0.3430737E-03  0.3522288E-04  0.0000000E+00  0.0000000E+00  0.1874626E-03  0.0000000E+00
         1   502      4 -0.4574677E-03  0.4696189E-04  0.0000000E+00  0.0000000E+00  0.2492749E-03  0.0000000E+00
         1   502      5 -0.5718767E-03  0.5870022E-04  0.0000000E+00  0.0000000E+00  0.3107501E-03  0.0000000E+00
         1   502      6 -0.6862990E-03  0.7043802E-04  0.0000000E+00  0.0000000E+00  0.3718885E-03  0.0000000E+00
         1   502      7 -0.8007329E-03  0.8217548E-04  0.0000000E+00  0.0000000E+00  0.4326904E-03  0.0000000E+00
         1   502      8 -0.9151765E-03  0.9391275E-04  0.0000000E+00  0.0000000E+00  0.4931562E-03  0.0000000E+00
         1   502      9 -0.1029628E-02  0.1056500E-03  0.0000000E+00  0.0000000E+00  0.5532861E-03  0.0000000E+00
         1   502     10  0.3720290E-02  0.1694312E-03  0.0000000E+00  0.0000000E+00  0.6506973E-01  0.1000000E-02

         1   503      0  0.0000000E+00  0.0000000E+00  0.0000000E+00  0.0000000E+00  0.0000000E+00  0.0000000E+00
         1   503      1  0.0000000E+00  0.0000000E+00  0.0000000E+00  0.0000000E+00  0.0000000E+00  0.0000000E+00
         1   503      2 -0.2228259E-03  0.2348301E-04  0.0000000E+00  0.0000000E+00  0.1253129E-03  0.0000000E+00
         1   503      3 -0.3342680E-03  0.3522288E-04  0.0000000E+00  0.0000000E+00  0.1874626E-03  0.0000000E+00
         1   503      4 -0.4457272E-03  0.4696189E-04  0.0000000E+00  0.0000000E+00  0.2492748E-03  0.0000000E+00
         1   503      5 -0.5572016E-03  0.5870022E-04  0.0000000E+00  0.0000000E+00  0.3107499E-03  0.0000000E+00
         1   503      6 -0.6686895E-03  0.7043802E-04  0.0000000E+00  0.0000000E+00  0.3718882E-03  0.0000000E+00
         1   503      7 -0.7801890E-03  0.8217548E-04  0.0000000E+00  0.0000000E+00  0.4326900E-03  0.0000000E+00
         1   503      8 -0.8916983E-03  0.9391275E-04  0.0000000E+00  0.0000000E+00  0.4931556E-03  0.0000000E+00
         1   503      9 -0.1003216E-02  0.1056500E-03  0.0000000E+00  0.0000000E+00  0.5532854E-03  0.0000000E+00
         1   503     10  0.3762624E-02  0.1694312E-03  0.0000000E+00  0.0000000E+00  0.6511916E-01  0.1000000E-02

         1   504      0  0.0000000E+00  0.0000000E+00  0.0000000E+00  0.0000000E+00  0.0000000E+00  0.0000000E+00
         1   504      1  0.0000000E+00  0.0000000E+00  0.0000000E+00  0.0000000E+00  0.0000000E+00  0.0000000E+00
         1   504      2 -0.2066712E-03  0.4091771E-04  0.0000000E+00  0.0000000E+00  0.1253121E-03  0.0000000E+00
         1   504      3 -0.3100362E-03  0.6137732E-04  0.0000000E+00  0.0000000E+00  0.1874607E-03  0.0000000E+00
         1   504      4 -0.4134184E-03  0.8183746E-04  0.0000000E+00  0.0000000E+00  0.2492715E-03  0.0000000E+00
         1   504      5 -0.5168158E-03  0.1022981E-03  0.0000000E+00  0.0000000E+00  0.3107448E-03  0.0000000E+00
         1   504      6 -0.6202266E-03  0.1227594E-03  0.0000000E+00  0.0000000E+00  0.3718808E-03  0.0000000E+00
         1   504      7 -0.7236491E-03  0.1432212E-03  0.0000000E+00  0.0000000E+00  0.4326799E-03  0.0000000E+00
         1   504      8 -0.8270812E-03  0.1636837E-03  0.0000000E+00  0.0000000E+00  0.4931425E-03  0.0000000E+00
         1   504      9 -0.9305212E-03  0.1841468E-03  0.0000000E+00  0.0000000E+00  0.5532688E-03  0.0000000E+00
         1   504     10  0.3770937E-02 -0.1362714E-03  0.0000000E+00  0.0000000E+00  0.6521780E-01  0.1000000E-02

         1   505      0  0.0000000E+00  0.0000000E+00  0.0000000E+00  0.0000000E+00  0.0000000E+00  0.0000000E+00
         1   505      1  0.0000000E+00  0.0000000E+00  0.0000000E+00  0.0000000E+00  0.0000000E+00  0.0000000E+00
         1   505      2 -0.1821835E-03  0.5670261E-04  0.0000000E+00  0.0000000E+00  0.1253112E-03  0.0000000E+00
         1   505      3 -0.2733037E-03  0.8505702E-04  0.0000000E+00  0.0000000E+00  0.1874587E-03  0.0000000E+00
         1   505      4 -0.3644404E-03  0.1134133E-03  0.0000000E+00  0.0000000E+00  0.2492680E-03  0.0000000E+00
         1   505      5 -0.4555919E-03  0.1417714E-03  0.0000000E+00  0.0000000E+00  0.3107392E-03  0.0000000E+00
         1   505      6 -0.5467562E-03  0.1701311E-03  0.0000000E+00  0.0000000E+00  0.3718728E-03  0.0000000E+00
         1   505      7 -0.6379315E-03  0.1984923E-03  0.0000000E+00  0.0000000E+00  0.4326691E-03  0.0000000E+00
         1   505      8 -0.7291161E-03  0.2268549E-03  0.0000000E+00  0.0000000E+00  0.4931283E-03  0.0000000E+00
         1   505      9 -0.8203080E-03  0.2552188E-03  0.0000000E+00  0.0000000E+00  0.5532508E-03  0.0000000E+00
         1   505     10  0.3627344E-02 -0.4364844E-03  0.0000000E+00  0.0000000E+00  0.6531644E-01  0.1000000E-02

         1   506      0  0.0000000E+00  0.0000000E+00  0.0000000E+00  0.0000000E+00  0.0000000E+00  0.0000000E+00
         1   506      1  0.0000000E+00  0.0000000E+00  0.0000000E+00  0.0000000E+00  0.0000000E+00  0.0000000E+00
         1   506      2 -0.1680079E-03  0.5670261E-04  0.0000000E+00  0.0000000E+00  0.1253110E-03  0.0000000E+00
         1   506      3 -0.2520394E-03  0.8505702E-04  0.0000000E+00  0.0000000E+00  0.1874582E-03  0.0000000E+00
         1   506      4 -0.3360871E-03  0.1134133E-03  0.0000000E+00  0.0000000E+00  0.2492671E-03  0.0000000E+00
         1   506      5 -0.4201490E-03  0.1417714E-03  0.0000000E+00  0.0000000E+00  0.3107378E-03  0.0000000E+00
         1   506      6 -0.5042234E-03  0.1701311E-03  0.0000000E+00  0.0000000E+00  0.3718708E-03  0.0000000E+00
         1   506      7 -0.5883084E-03  0.1984923E-03  0.0000000E+00  0.0000000E+00  0.4326663E-03  0.0000000E+00
         1   506      8 -0.6724023E-03  0.2268549E-03  0.0000000E+00  0.0000000E+00  0.4931247E-03  0.0000000E+00
         1   506      9 -0.7565033E-03  0.2552188E-03  0.0000000E+00  0.0000000E+00  0.5532463E-03  0.0000000E+00
         1   506     10  0.3518283E-02 -0.4364844E-03  0.0000000E+00  0.0000000E+00  0.6536585E-01  0.1000000E-02

         1   507      0  0.0000000E+00  0.0000000E+00  0.0000000E+00  0.0000000E+00  0.0000000E+00  0.0000000E+00
         1   507      1  0.0000000E+00  0.0000000E+00  0.0000000E+00  0.0000000E+00  0.0000000E+00  0.0000000E+00
         1   507      2 -0.1595025E-03  0.5670261E-04  0.0000000E+00  0.0000000E+00  0.1253108E-03  0.0000000E+00
         1   507      3 -0.2392809E-03  0.8505702E-04  0.0000000E+00  0.0000000E+00  0.1874579E-03  0.0000000E+00
         1   507      4 -0.3190751E-03  0.1134133E-03  0.0000000E+00  0.0000000E+00  0.2492665E-03  0.0000000E+00
         1   507      5 -0.3988833E-03  0.1417714E-03  0.0000000E+00  0.0000000E+00  0.3107370E-03  0.0000000E+00
         1   507      6 -0.4787037E-03  0.1701311E-03  0.0000000E+00  0.0000000E+00  0.3718696E-03  0.0000000E+00
         1   507      7 -0.5585346E-03  0.1984923E-03  0.0000000E+00  0.0000000E+00  0.4326647E-03  0.0000000E+00
         1   507      8 -0.6383741E-03  0.2268549E-03  0.0000000E+00  0.0000000E+00  0.4931226E-03  0.0000000E+00
         1   507      9 -0.7182205E-03  0.2552188E-03  0.0000000E+00  0.0000000E+00  0.5532436E-03  0.0000000E+00
         1   507     10  0.3452847E-02 -0.4364844E-03  0.0000000E+00  0.0000000E+00  0.6539550E-01  0.1000000E-02

         1   508      0  0.0000000E+00  0.0000000E+00  0.0000000E+00  0.0000000E+00  0.0000000E+00  0.0000000E+00
         1   508      1  0.0000000E+00  0.0000000E+00  0.0000000E+00  0.0000000E+00  0.0000000E+00  0.0000000E+00
         1   508      2 -0.1453268E-03  0.5670261E-04  0.0000000E+00  0.0000000E+00  0.1253106E-03  0.0000000E+00
         1   508      3 -0.2180166E-03  0.8505702E-04  0.0000000E+00  0.0000000E+00  0.1874574E-03  0.0000000E+00
         1   508      4 -0.2907218E-03  0.1134133E-03  0.0000000E+00  0.0000000E+00  0.2492656E-03  0.0000000E+00
         1   508      5 -0.3634405E-03  0.1417714E-03  0.0000000E+00  0.0000000E+00  0.3107356E-03  0.0000000E+00
         1   508      6 -0.4361709E-03  0.1701311E-03  0.0000000E+00  0.0000000E+00  0.3718676E-03  0.0000000E+00
         1   508      7 -0.5089115E-03  0.1984923E-03  0.0000000E+00  0.0000000E+00  0.4326620E-03  0.0000000E+00
         1   508      8 -0.5816604E-03  0.2268549E-03  0.0000000E+00  0.0000000E+00  0.4931190E-03  0.0000000E+00
         1   508      9 -0.6544158E-03  0.2552188E-03  0.0000000E+00  0.0000000E+00  0.5532391E-03  0.0000000E+00
         1   508     10  0.3343786E-02 -0.4364844E-03  0.0000000E+00  0.0000000E+00  0.6544491E-01  0.1000000E-02

         1   509      0  0.0000000E+00  0.0000000E+00  0.0000000E+00  0.0000000E+00  0.0000000E+00  0.0000000E+00
         1   509      1  0.0000000E+00  0.0000000E+00  0.0000000E+00  0.0000000E+00  0.0000000E+00  0.0000000E+00
         1   509      2  0.1210572E-03  0.5676951E-04  0.0000000E+00  0.0000000E+00  0.1266994E-03  0.0000000E+00
         1   509      3  0.1815734E-03  0.8515716E-04  0.0000000E+00  0.0000000E+00  0.1895397E-03  0.0000000E+00
         1   509      4  0.2420827E-03  0.1135466E-03  0.0000000E+00  0.0000000E+00  0.2520406E-03  0.0000000E+00
         1   509      5  0.3025863E-03  0.1419376E-03  0.0000000E+00  0.0000000E+00  0.3142022E-03  0.0000000E+00
         1   509      6  0.3630854E-03  0.1703301E-03  0.0000000E+00  0.0000000E+00  0.3760247E-03  0.0000000E+00
         1   509      7  0.4235810E-03  0.1987240E-03  0.0000000E+00  0.0000000E+00  0.4375082E-03  0.0000000E+00
         1   509      8  0.4840743E-03  0.2271190E-03  0.0000000E+00  0.0000000E+00  0.4986530E-03  0.0000000E+00
         1   509      9  0.5445664E-03  0.2555151E-03  0.0000000E+00  0.0000000E+00  0.5594591E-03  0.0000000E+00
         1   509     10  0.1532806E-02 -0.3352695E-03  0.0000000E+00  0.0000000E+00  0.6609639E-01  0.1000000E-02

         1   510      0  0.0000000E+00  0.0000000E+00  0.0000000E+00  0.0000000E+00  0.0000000E+00  0.0000000E+00
         1   510      1  0.0000000E+00  0.0000000E+00  0.0000000E+00  0.0000000E+00  0.0000000E+00  0.0000000E+00
         1   510      2  0.1352496E-03  0.5676951E-04  0.0000000E+00  0.0000000E+00  0.1266992E-03  0.0000000E+00
         1   510      3  0.2028627E-03  0.8515716E-04  0.0000000E+00  0.0000000E+00  0.1895392E-03  0.0000000E+00
         1   510      4  0.2704694E-03  0.1135466E-03  0.0000000E+00  0.0000000E+00  0.2520397E-03  0.0000000E+00
         1   510      5  0.3380707E-03  0.1419376E-03  0.0000000E+00  0.0000000E+00  0.3142008E-03  0.0000000E+00
         1   510      6  0.4056679E-03  0.1703301E-03  0.0000000E+00  0.0000000E+00  0.3760227E-03  0.0000000E+00
         1   510      7  0.4732620E-03  0.1987240E-03  0.0000000E+00  0.0000000E+00  0.4375055E-03  0.0000000E+00
         1   510      8  0.5408541E-03  0.2271190E-03  0.0000000E+00  0.0000000E+00  0.4986494E-03  0.0000000E+00
         1   510      9  0.6084452E-03  0.2555151E-03  0.0000000E+00  0.0000000E+00  0.5594545E-03  0.0000000E+00
         1   510     10  0.1449035E-02 -0.3352695E-03  0.0000000E+00  0.0000000E+00  0.6614580E-01  0.1000000E-02

         1   511      0  0.0000000E+00  0.0000000E+00  0.0000000E+00  0.0000000E+00  0.0000000E+00  0.0000000E+00
         1   511      1  0.0000000E+00  0.0000000E+00  0.0000000E+00  0.0000000E+00  0.0000000E+00  0.0000000E+00
         1   511      2  0.1437650E-03  0.5676951E-04  0.0000000E+00  0.0000000E+00  0.1266991E-03  0.0000000E+00
         1   511      3  0.2156362E-03  0.8515716E-04  0.0000000E+00  0.0000000E+00  0.1895389E-03  0.0000000E+00
         1   511      4  0.2875013E-03  0.1135466E-03  0.0000000E+00  0.0000000E+00  0.2520392E-03  0.0000000E+00
         1   511      5  0.3593614E-03  0.1419376E-03  0.0000000E+00  0.0000000E+00  0.3142000E-03  0.0000000E+00
         1   511      6  0.4312174E-03  0.1703301E-03  0.0000000E+00  0.0000000E+00  0.3760215E-03  0.0000000E+00
         1   511      7  0.5030706E-03  0.1987240E-03  0.0000000E+00  0.0000000E+00  0.4375039E-03  0.0000000E+00
         1   511      8  0.5749219E-03  0.2271190E-03  0.0000000E+00  0.0000000E+00  0.4986472E-03  0.0000000E+00
         1   511      9  0.6467725E-03  0.2555151E-03  0.0000000E+00  0.0000000E+00  0.5594518E-03  0.0000000E+00
         1   511     10  0.1398772E-02 -0.3352695E-03  0.0000000E+00  0.0000000E+00  0.6617545E-01  0.1000000E-02

         1   512      0  0.0000000E+00  0.0000000E+00  0.0000000E+00  0.0000000E+00  0.0000000E+00  0.0000000E+00
         1   512      1  0.0000000E+00  0.0000000E+00  0.0000000E+00  0.0000000E+00  0.0000000E+00  0.0000000E+00
         1   512      2  0.1579574E-03  0.5676951E-04  0.0000000E+00  0.0000000E+00  0.1266988E-03  0.0000000E+00
         1   512      3  0.2369255E-03  0.8515716E-04  0.0000000E+00  0.0000000E+00  0.1895384E-03  0.0000000E+00
         1   512      4  0.3158880E-03  0.1135466E-03  0.0000000E+00  0.0000000E+00  0.2520383E-03  0.0000000E+00
         1   512      5  0.3948458E-03  0.1419376E-03  0.0000000E+00  0.0000000E+00  0.3141986E-03  0.0000000E+00
         1   512      6  0.4738000E-03  0.1703301E-03  0.0000000E+00  0.0000000E+00  0.3760195E-03  0.0000000E+00
         1   512      7  0.5527516E-03  0.1987240E-03  0.0000000E+00  0.0000000E+00  0.4375011E-03  0.0000000E+00
         1   512      8  0.6317017E-03  0.2271190E-03  0.0000000E+00  0.0000000E+00  0.4986437E-03  0.0000000E+00
         1   512      9  0.7106512E-03  0.2555151E-03  0.0000000E+00  0.0000000E+00  0.5594473E-03  0.0000000E+00
         1   512     10  0.1315002E-02 -0.3352695E-03  0.0000000E+00  0.0000000E+00  0.6622487E-01  0.1000000E-02

         1   513      0  0.0000000E+00  0.0000000E+00  0.0000000E+00  0.0000000E+00  0.0000000E+00  0.0000000E+00
         1   513      1  0.0000000E+00  0.0000000E+00  0.0000000E+00  0.0000000E+00  0.0000000E+00  0.0000000E+00
         1   513      2  0.1894390E-03  0.6954357E-04  0.0000000E+00  0.0000000E+00  0.1266987E-03  0.0000000E+00
         1   513      3  0.2841491E-03  0.1043175E-03  0.0000000E+00  0.0000000E+00  0.1895381E-03  0.0000000E+00
         1   513      4  0.3788544E-03  0.1390929E-03  0.0000000E+00  0.0000000E+00  0.2520376E-03  0.0000000E+00
         1   513      5  0.4735558E-03  0.1738695E-03  0.0000000E+00  0.0000000E+00  0.3141976E-03  0.0000000E+00
         1   513      6  0.5682542E-03  0.2086473E-03  0.0000000E+00  0.0000000E+00  0.3760180E-03  0.0000000E+00
         1   513      7  0.6629507E-03  0.2434264E-03  0.0000000E+00  0.0000000E+00  0.4374992E-03  0.0000000E+00
         1   513      8  0.7576462E-03  0.2782065E-03  0.0000000E+00  0.0000000E+00  0.4986412E-03  0.0000000E+00
         1   513      9  0.8523417E-03  0.3129878E-03  0.0000000E+00  0.0000000E+00  0.5594441E-03  0.0000000E+00
         1   513     10  0.1170732E-02 -0.2438992E-03  0.0000000E+00  0.0000000E+00  0.6632373E-01  0.1000000E-02

         1   514      0  0.0000000E+00  0.0000000E+00  0.0000000E+00  0.0000000E+00  0.0000000E+00  0.0000000E+00
         1   514      1  0.0000000E+00  0.0000000E+00  0.0000000E+00  0.0000000E+00  0.0000000E+00  0.0000000E+00
         1   514      2  0.2279293E-03  0.8489057E-04  0.0000000E+00  0.0000000E+00  0.1266984E-03  0.0000000E+00
         1   514      3  0.3418855E-03  0.1273374E-03  0.0000000E+00  0.0000000E+00  0.1895375E-03  0.0000000E+00
         1   514      4  0.4558375E-03  0.1697852E-03  0.0000000E+00  0.0000000E+00  0.2520366E-03  0.0000000E+00
         1   514      5  0.5697861E-03  0.2122341E-03  0.0000000E+00  0.0000000E+00  0.3141960E-03  0.0000000E+00
         1   514      6  0.6837323E-03  0.2546840E-03  0.0000000E+00  0.0000000E+00  0.3760158E-03  0.0000000E+00
         1   514      7  0.7976772E-03  0.2971349E-03  0.0000000E+00  0.0000000E+00  0.4374961E-03  0.0000000E+00
         1   514      8  0.9116216E-03  0.3395870E-03  0.0000000E+00  0.0000000E+00  0.4986371E-03  0.0000000E+00
         1   514      9  0.1025567E-02  0.3820401E-03  0.0000000E+00  0.0000000E+00  0.5594389E-03  0.0000000E+00
         1   514     10  0.1069738E-02 -0.1615442E-03  0.0000000E+00  0.0000000E+00  0.6642259E-01  0.1000000E-02

         1   515      0  0.0000000E+00  0.0000000E+00  0.0000000E+00  0.0000000E+00  0.0000000E+00  0.0000000E+00
         1   515      1  0.0000000E+00  0.0000000E+00  0.0000000E+00  0.0000000E+00  0.0000000E+00  0.0000000E+00
         1   515      2  0.2491519E-03  0.8489057E-04  0.0000000E+00  0.0000000E+00  0.1266979E-03  0.0000000E+00
         1   515      3  0.3737199E-03  0.1273374E-03  0.0000000E+00  0.0000000E+00  0.1895364E-03  0.0000000E+00
         1   515      4  0.4982838E-03  0.1697852E-03  0.0000000E+00  0.0000000E+00  0.2520346E-03  0.0000000E+00
         1   515      5  0.6228446E-03  0.2122341E-03  0.0000000E+00  0.0000000E+00  0.3141929E-03  0.0000000E+00
         1   515      6  0.7474033E-03  0.2546840E-03  0.0000000E+00  0.0000000E+00  0.3760113E-03  0.0000000E+00
         1   515      7  0.8719609E-03  0.2971349E-03  0.0000000E+00  0.0000000E+00  0.4374899E-03  0.0000000E+00
         1   515      8  0.9965183E-03  0.3395870E-03  0.0000000E+00  0.0000000E+00  0.4986291E-03  0.0000000E+00
         1   515      9  0.1121077E-02  0.3820401E-03  0.0000000E+00  0.0000000E+00  0.5594288E-03  0.0000000E+00
         1   515     10  0.1029374E-02 -0.1615442E-03  0.0000000E+00  0.0000000E+00  0.6647201E-01  0.1000000E-02

         1   516      0  0.0000000E+00  0.0000000E+00  0.0000000E+00  0.0000000E+00  0.0000000E+00  0.0000000E+00
         1   516      1  0.0000000E+00  0.0000000E+00  0.0000000E+00  0.0000000E+00  0.0000000E+00  0.0000000E+00
         1   516      2  0.2618855E-03  0.8489057E-04  0.0000000E+00  0.0000000E+00  0.1266976E-03  0.0000000E+00
         1   516      3  0.3928205E-03  0.1273374E-03  0.0000000E+00  0.0000000E+00  0.1895357E-03  0.0000000E+00
         1   516      4  0.5237515E-03  0.1697852E-03  0.0000000E+00  0.0000000E+00  0.2520334E-03  0.0000000E+00
         1   516      5  0.6546797E-03  0.2122341E-03  0.0000000E+00  0.0000000E+00  0.3141910E-03  0.0000000E+00
         1   516      6  0.7856059E-03  0.2546840E-03  0.0000000E+00  0.0000000E+00  0.3760086E-03  0.0000000E+00
         1   516      7  0.9165311E-03  0.2971349E-03  0.0000000E+00  0.0000000E+00  0.4374863E-03  0.0000000E+00
         1   516      8  0.1047456E-02  0.3395870E-03  0.0000000E+00  0.0000000E+00  0.4986243E-03  0.0000000E+00
         1   516      9  0.1178383E-02  0.3820401E-03  0.0000000E+00  0.0000000E+00  0.5594227E-03  0.0000000E+00
         1   516     10  0.1005156E-02 -0.1615442E-03  0.0000000E+00  0.0000000E+00  0.6650166E-01  0.1000000E-02

         1   517      0  0.0000000E+00  0.0000000E+00  0.0000000E+00  0.0000000E+00  0.0000000E+00  0.0000000E+00
         1   517      1  0.0000000E+00  0.0000000E+00  0.0000000E+00  0.0000000E+00  0.0000000E+00  0.0000000E+00
         1   517      2  0.2831082E-03  0.8489057E-04  0.0000000E+00  0.0000000E+00  0.1266971E-03  0.0000000E+00
         1   517      3  0.4246548E-03  0.1273374E-03  0.0000000E+00  0.0000000E+00  0.1895346E-03  0.0000000E+00
         1   517      4  0.5661978E-03  0.1697852E-03  0.0000000E+00  0.0000000E+00  0.2520314E-03  0.0000000E+00
         1   517      5  0.7077382E-03  0.2122341E-03  0.0000000E+00  0.0000000E+00  0.3141879E-03  0.0000000E+00
         1   517      6  0.8492769E-03  0.2546840E-03  0.0000000E+00  0.0000000E+00  0.3760041E-03  0.0000000E+00
         1   517      7  0.9908149E-03  0.2971349E-03  0.0000000E+00  0.0000000E+00  0.4374801E-03  0.0000000E+00
         1   517      8  0.1132353E-02  0.3395870E-03  0.0000000E+00  0.0000000E+00  0.4986163E-03  0.0000000E+00
         1   517      9  0.1273893E-02  0.3820401E-03  0.0000000E+00  0.0000000E+00  0.5594126E-03  0.0000000E+00
         1   517     10  0.9647923E-03 -0.1615442E-03  0.0000000E+00  0.0000000E+00  0.6655109E-01  0.1000000E-02

         1   518      0  0.0000000E+00  0.0000000E+00  0.0000000E+00  0.0000000E+00  0.0000000E+00  0.0000000E+00
         1   518      1  0.0000000E+00  0.0000000E+00  0.0000000E+00  0.0000000E+00  0.0000000E+00  0.0000000E+00
         1   518      2  0.6754501E-03  0.8223168E-04  0.0000000E+00  0.0000000E+00  0.7166872E-04  0.0000000E+00
         1   518      3  0.1013181E-02  0.1233484E-03  0.0000000E+00  0.0000000E+00  0.1069848E-03  0.0000000E+00
         1   518      4  0.1350917E-02  0.1644656E-03  0.0000000E+00  0.0000000E+00  0.1419553E-03  0.0000000E+00
         1   518      5  0.1688659E-02  0.2055835E-03  0.0000000E+00  0.0000000E+00  0.1765805E-03  0.0000000E+00
         1   518      6  0.2026408E-02  0.2467019E-03  0.0000000E+00  0.0000000E+00  0.2108602E-03  0.0000000E+00
         1   518      7  0.2364166E-02  0.2878210E-03  0.0000000E+00  0.0000000E+00  0.2447945E-03  0.0000000E+00
         1   518      8  0.2701933E-02  0.3289406E-03  0.0000000E+00  0.0000000E+00  0.2783835E-03  0.0000000E+00
         1   518      9  0.3039710E-02  0.3700608E-03  0.0000000E+00  0.0000000E+00  0.3116272E-03  0.0000000E+00
         1   518     10  0.4666338E-03 -0.5076694E-04  0.0000000E+00  0.0000000E+00  0.6740033E-01  0.1000000E-02

         1   519      0  0.0000000E+00  0.0000000E+00  0.0000000E+00  0.0000000E+00  0.0000000E+00  0.0000000E+00
         1   519      1  0.0000000E+00  0.0000000E+00  0.0000000E+00  0.0000000E+00  0.0000000E+00  0.0000000E+00
         1   519      2  0.6960080E-03  0.8223168E-04  0.0000000E+00  0.0000000E+00  0.7166825E-04  0.0000000E+00
         1   519      3  0.1044018E-02  0.1233484E-03  0.0000000E+00  0.0000000E+00  0.1069837E-03  0.0000000E+00
         1   519      4  0.1392033E-02  0.1644656E-03  0.0000000E+00  0.0000000E+00  0.1419535E-03  0.0000000E+00
         1   519      5  0.1740055E-02  0.2055835E-03  0.0000000E+00  0.0000000E+00  0.1765775E-03  0.0000000E+00
         1   519      6  0.2088084E-02  0.2467019E-03  0.0000000E+00  0.0000000E+00  0.2108559E-03  0.0000000E+00
         1   519      7  0.2436121E-02  0.2878210E-03  0.0000000E+00  0.0000000E+00  0.2447887E-03  0.0000000E+00
         1   519      8  0.2784168E-02  0.3289406E-03  0.0000000E+00  0.0000000E+00  0.2783760E-03  0.0000000E+00
         1   519      9  0.3132225E-02  0.3700608E-03  0.0000000E+00  0.0000000E+00  0.3116177E-03  0.0000000E+00
         1   519     10  0.4539491E-03 -0.5076694E-04  0.0000000E+00  0.0000000E+00  0.6744975E-01  0.1000000E-02

         1   520      0  0.0000000E+00  0.0000000E+00  0.0000000E+00  0.0000000E+00  0.0000000E+00  0.0000000E+00
         1   520      1  0.0000000E+00  0.0000000E+00  0.0000000E+00  0.0000000E+00  0.0000000E+00  0.0000000E+00
         1   520      2  0.7083428E-03  0.8223168E-04  0.0000000E+00  0.0000000E+00  0.7166796E-04  0.0000000E+00
         1   520      3  0.1062520E-02  0.1233484E-03  0.0000000E+00  0.0000000E+00  0.1069831E-03  0.0000000E+00
         1   520      4  0.1416703E-02  0.1644656E-03  0.0000000E+00  0.0000000E+00  0.1419523E-03  0.0000000E+00
         1   520      5  0.1770892E-02  0.2055835E-03  0.0000000E+00  0.0000000E+00  0.1765758E-03  0.0000000E+00
         1   520      6  0.2125089E-02  0.2467019E-03  0.0000000E+00  0.0000000E+00  0.2108534E-03  0.0000000E+00
         1   520      7  0.2479294E-02  0.2878210E-03  0.0000000E+00  0.0000000E+00  0.2447853E-03  0.0000000E+00
         1   520      8  0.2833509E-02  0.3289406E-03  0.0000000E+00  0.0000000E+00  0.2783715E-03  0.0000000E+00
         1   520      9  0.3187734E-02  0.3700608E-03  0.0000000E+00  0.0000000E+00  0.3116120E-03  0.0000000E+00
         1   520     10  0.4463383E-03 -0.5076694E-04  0.0000000E+00  0.0000000E+00  0.6747941E-01  0.1000000E-02

         1   521      0  0.0000000E+00  0.0000000E+00  0.0000000E+00  0.0000000E+00  0.0000000E+00  0.0000000E+00
         1   521      1  0.0000000E+00  0.0000000E+00  0.0000000E+00  0.0000000E+00  0.0000000E+00  0.0000000E+00
         1   521      2  0.7289007E-03  0.8223168E-04  0.0000000E+00  0.0000000E+00  0.7166750E-04  0.0000000E+00
         1   521      3  0.1093357E-02  0.1233484E-03  0.0000000E+00  0.0000000E+00  0.1069820E-03  0.0000000E+00
         1   521      4  0.1457820E-02  0.1644656E-03  0.0000000E+00  0.0000000E+00  0.1419505E-03  0.0000000E+00
         1   521      5  0.1822288E-02  0.2055835E-03  0.0000000E+00  0.0000000E+00  0.1765728E-03  0.0000000E+00
         1   521      6  0.2186765E-02  0.2467019E-03  0.0000000E+00  0.0000000E+00  0.2108492E-03  0.0000000E+00
         1   521      7  0.2551250E-02  0.2878210E-03  0.0000000E+00  0.0000000E+00  0.2447796E-03  0.0000000E+00
         1   521      8  0.2915744E-02  0.3289406E-03  0.0000000E+00  0.0000000E+00  0.2783640E-03  0.0000000E+00
         1   521      9  0.3280249E-02  0.3700608E-03  0.0000000E+00  0.0000000E+00  0.3116025E-03  0.0000000E+00
         1   521     10  0.4336536E-03 -0.5076694E-04  0.0000000E+00  0.0000000E+00  0.6752883E-01  0.1000000E-02

         1   522      0  0.0000000E+00  0.0000000E+00  0.0000000E+00  0.0000000E+00  0.0000000E+00  0.0000000E+00
         1   522      1  0.0000000E+00  0.0000000E+00  0.0000000E+00  0.0000000E+00  0.0000000E+00  0.0000000E+00
         1   522      2  0.7550452E-03  0.2199340E-04  0.0000000E+00  0.0000000E+00  0.7165908E-04  0.0000000E+00
         1   522      3  0.1132574E-02  0.3299043E-04  0.0000000E+00  0.0000000E+00  0.1069631E-03  0.0000000E+00
         1   522      4  0.1510109E-02  0.4398757E-04  0.0000000E+00  0.0000000E+00  0.1419168E-03  0.0000000E+00
         1   522      5  0.1887651E-02  0.5498475E-04  0.0000000E+00  0.0000000E+00  0.1765202E-03  0.0000000E+00
         1   522      6  0.2265200E-02  0.6598189E-04  0.0000000E+00  0.0000000E+00  0.2107735E-03  0.0000000E+00
         1   522      7  0.2642758E-02  0.7697891E-04  0.0000000E+00  0.0000000E+00  0.2446765E-03  0.0000000E+00
         1   522      8  0.3020326E-02  0.8797572E-04  0.0000000E+00  0.0000000E+00  0.2782293E-03  0.0000000E+00
         1   522      9  0.3397905E-02  0.9897226E-04  0.0000000E+00  0.0000000E+00  0.3114321E-03  0.0000000E+00
         1   522     10  0.3997202E-03 -0.8458419E-04  0.0000000E+00  0.0000000E+00  0.6762768E-01  0.1000000E-02

         1   523      0  0.0000000E+00  0.0000000E+00  0.0000000E+00  0.0000000E+00  0.0000000E+00  0.0000000E+00
         1   523      1  0.0000000E+00  0.0000000E+00  0.0000000E+00  0.0000000E+00  0.0000000E+00  0.0000000E+00
         1   523      2  0.7507461E-03 -0.3913165E-04  0.0000000E+00  0.0000000E+00  0.7165080E-04  0.0000000E+00
         1   523      3  0.1126126E-02 -0.5869769E-04  0.0000000E+00  0.0000000E+00  0.1069445E-03  0.0000000E+00
         1   523      4  0.1501511E-02 -0.7826408E-04  0.0000000E+00  0.0000000E+00  0.1418837E-03  0.0000000E+00
         1   523      5  0.1876903E-02 -0.9783098E-04  0.0000000E+00  0.0000000E+00  0.1764685E-03  0.0000000E+00
         1   523      6  0.2252303E-02 -0.1173985E-03  0.0000000E+00  0.0000000E+00  0.2106989E-03  0.0000000E+00
         1   523      7  0.2627711E-02 -0.1369669E-03  0.0000000E+00  0.0000000E+00  0.2445750E-03  0.0000000E+00
         1   523      8  0.3003128E-02 -0.1565363E-03  0.0000000E+00  0.0000000E+00  0.2780968E-03  0.0000000E+00
         1   523      9  0.3378556E-02 -0.1761069E-03  0.0000000E+00  0.0000000E+00  0.3112643E-03  0.0000000E+00
         1   523     10  0.3496847E-03 -0.1149941E-03  0.0000000E+00  0.0000000E+00  0.6772652E-01  0.1000000E-02

         1   524      0  0.0000000E+00  0.0000000E+00  0.0000000E+00  0.0000000E+00  0.0000000E+00  0.0000000E+00
         1   524      1  0.0000000E+00  0.0000000E+00  0.0000000E+00  0.0000000E+00  0.0000000E+00  0.0000000E+00
         1   524      2  0.7409632E-03 -0.3913165E-04  0.0000000E+00  0.0000000E+00  0.7165069E-04  0.0000000E+00
         1   524      3  0.1111451E-02 -0.5869769E-04  0.0000000E+00  0.0000000E+00  0.1069442E-03  0.0000000E+00
         1   524      4  0.1481945E-02 -0.7826408E-04  0.0000000E+00  0.0000000E+00  0.1418832E-03  0.0000000E+00
         1   524      5  0.1852445E-02 -0.9783098E-04  0.0000000E+00  0.0000000E+00  0.1764678E-03  0.0000000E+00
         1   524      6  0.2222953E-02 -0.1173985E-03  0.0000000E+00  0.0000000E+00  0.2106980E-03  0.0000000E+00
         1   524      7  0.2593469E-02 -0.1369669E-03  0.0000000E+00  0.0000000E+00  0.2445737E-03  0.0000000E+00
         1   524      8  0.2963994E-02 -0.1565363E-03  0.0000000E+00  0.0000000E+00  0.2780951E-03  0.0000000E+00
         1   524      9  0.3334529E-02 -0.1761069E-03  0.0000000E+00  0.0000000E+00  0.3112622E-03  0.0000000E+00
         1   524     10  0.3209521E-03 -0.1149941E-03  0.0000000E+00  0.0000000E+00  0.6777595E-01  0.1000000E-02

         1   525      0  0.0000000E+00  0.0000000E+00  0.0000000E+00  0.0000000E+00  0.0000000E+00  0.0000000E+00
         1   525      1  0.0000000E+00  0.0000000E+00  0.0000000E+00  0.0000000E+00  0.0000000E+00  0.0000000E+00
         1   525      2  0.7350934E-03 -0.3913165E-04  0.0000000E+00  0.0000000E+00  0.7165063E-04  0.0000000E+00
         1   525      3  0.1102647E-02 -0.5869769E-04  0.0000000E+00  0.0000000E+00  0.1069441E-03  0.0000000E+00
         1   525      4  0.1470205E-02 -0.7826408E-04  0.0000000E+00  0.0000000E+00  0.1418830E-03  0.0000000E+00
         1   525      5  0.1837771E-02 -0.9783098E-04  0.0000000E+00  0.0000000E+00  0.1764674E-03  0.0000000E+00
         1   525      6  0.2205343E-02 -0.1173985E-03  0.0000000E+00  0.0000000E+00  0.2106974E-03  0.0000000E+00
         1   525      7  0.2572924E-02 -0.1369669E-03  0.0000000E+00  0.0000000E+00  0.2445729E-03  0.0000000E+00
         1   525      8  0.2940513E-02 -0.1565363E-03  0.0000000E+00  0.0000000E+00  0.2780941E-03  0.0000000E+00
         1   525      9  0.3308113E-02 -0.1761069E-03  0.0000000E+00  0.0000000E+00  0.3112609E-03  0.0000000E+00
         1   525     10  0.3037126E-03 -0.1149941E-03  0.0000000E+00  0.0000000E+00  0.6780560E-01  0.1000000E-02

         1   526      0  0.0000000E+00  0.0000000E+00  0.0000000E+00  0.0000000E+00  0.0000000E+00  0.0000000E+00
         1   526      1  0.0000000E+00  0.0000000E+00  0.0000000E+00  0.0000000E+00  0.0000000E+00  0.0000000E+00
         1   526      2  0.7253105E-03 -0.3913165E-04  0.0000000E+00  0.0000000E+00  0.7165052E-04  0.0000000E+00
         1   526      3  0.1087972E-02 -0.5869769E-04  0.0000000E+00  0.0000000E+00  0.1069438E-03  0.0000000E+00
         1   526      4  0.1450639E-02 -0.7826408E-04  0.0000000E+00  0.0000000E+00  0.1418826E-03  0.0000000E+00
         1   526      5  0.1813313E-02 -0.9783098E-04  0.0000000E+00  0.0000000E+00  0.1764668E-03  0.0000000E+00
         1   526      6  0.2175993E-02 -0.1173985E-03  0.0000000E+00  0.0000000E+00  0.2106964E-03  0.0000000E+00
         1   526      7  0.2538682E-02 -0.1369669E-03  0.0000000E+00  0.0000000E+00  0.2445716E-03  0.0000000E+00
         1   526      8  0.2901379E-02 -0.1565363E-03  0.0000000E+00  0.0000000E+00  0.2780924E-03  0.0000000E+00
         1   526      9  0.3264086E-02 -0.1761069E-03  0.0000000E+00  0.0000000E+00  0.3112587E-03  0.0000000E+00
         1   526     10  0.2749800E-03 -0.1149941E-03  0.0000000E+00  0.0000000E+00  0.6785503E-01  0.1000000E-02

         1   527      0  0.0000000E+00  0.0000000E+00  0.0000000E+00  0.0000000E+00  0.0000000E+00  0.0000000E+00
         1   527      1  0.0000000E+00  0.0000000E+00  0.0000000E+00  0.0000000E+00  0.0000000E+00  0.0000000E+00
         1   527      2  0.5333810E-03 -0.4262213E-04  0.0000000E+00  0.0000000E+00 -0.5982307E-06  0.0000000E+00
         1   527      3  0.8000716E-03 -0.6393360E-04  0.0000000E+00  0.0000000E+00 -0.1432034E-05  0.0000000E+00
         1   527      4  0.1066763E-02 -0.8524554E-04  0.0000000E+00  0.0000000E+00 -0.2622318E-05  0.0000000E+00
         1   527      5  0.1333454E-02 -0.1065581E-03  0.0000000E+00  0.0000000E+00 -0.4169100E-05  0.0000000E+00
         1   527      6  0.1600145E-02 -0.1278715E-03  0.0000000E+00  0.0000000E+00 -0.6072397E-05  0.0000000E+00
         1   527      7  0.1866838E-02 -0.1491859E-03  0.0000000E+00  0.0000000E+00 -0.8332227E-05  0.0000000E+00
         1   527      8  0.2133530E-02 -0.1705014E-03  0.0000000E+00  0.0000000E+00 -0.1094861E-04  0.0000000E+00
         1   527      9  0.2400224E-02 -0.1918182E-03  0.0000000E+00  0.0000000E+00 -0.1392155E-04  0.0000000E+00
         1   527     10  0.2778651E-05 -0.1019542E-05  0.0000000E+00  0.0000000E+00  0.6877044E-01  0.1000000E-02

         1   528      0  0.0000000E+00  0.0000000E+00  0.0000000E+00  0.0000000E+00  0.0000000E+00  0.0000000E+00
         1   528      1  0.0000000E+00  0.0000000E+00  0.0000000E+00  0.0000000E+00  0.0000000E+00  0.0000000E+00
         1   528      2  0.5227254E-03 -0.4262213E-04  0.0000000E+00  0.0000000E+00 -0.5983568E-06  0.0000000E+00
         1   528      3  0.7840882E-03 -0.6393360E-04  0.0000000E+00  0.0000000E+00 -0.1432317E-05  0.0000000E+00
         1   528      4  0.1045451E-02 -0.8524554E-04  0.0000000E+00  0.0000000E+00 -0.2622822E-05  0.0000000E+00
         1   528      5  0.1306814E-02 -0.1065581E-03  0.0000000E+00  0.0000000E+00 -0.4169888E-05  0.0000000E+00
         1   528      6  0.1568178E-02 -0.1278715E-03  0.0000000E+00  0.0000000E+00 -0.6073532E-05  0.0000000E+00
         1   528      7  0.1829541E-02 -0.1491859E-03  0.0000000E+00  0.0000000E+00 -0.8333771E-05  0.0000000E+00
         1   528      8  0.2090905E-02 -0.1705014E-03  0.0000000E+00  0.0000000E+00 -0.1095062E-04  0.0000000E+00
         1   528      9  0.2352269E-02 -0.1918182E-03  0.0000000E+00  0.0000000E+00 -0.1392411E-04  0.0000000E+00
         1   528     10  0.2523907E-05 -0.1019542E-05  0.0000000E+00  0.0000000E+00  0.6881986E-01  0.1000000E-02

         1   529      0  0.0000000E+00  0.0000000E+00  0.0000000E+00  0.0000000E+00  0.0000000E+00  0.0000000E+00
         1   529      1  0.0000000E+00  0.0000000E+00  0.0000000E+00  0.0000000E+00  0.0000000E+00  0.0000000E+00
         1   529      2  0.5163321E-03 -0.4262213E-04  0.0000000E+00  0.0000000E+00 -0.5984324E-06  0.0000000E+00
         1   529      3  0.7744982E-03 -0.6393360E-04  0.0000000E+00  0.0000000E+00 -0.1432487E-05  0.0000000E+00
         1   529      4  0.1032664E-02 -0.8524554E-04  0.0000000E+00  0.0000000E+00 -0.2623124E-05  0.0000000E+00
         1   529      5  0.1290831E-02 -0.1065581E-03  0.0000000E+00  0.0000000E+00 -0.4170360E-05  0.0000000E+00
         1   529      6  0.1548997E-02 -0.1278715E-03  0.0000000E+00  0.0000000E+00 -0.6074213E-05  0.0000000E+00
         1   529      7  0.1807163E-02 -0.1491859E-03  0.0000000E+00  0.0000000E+00 -0.8334698E-05  0.0000000E+00
         1   529      8  0.2065330E-02 -0.1705014E-03  0.0000000E+00  0.0000000E+00 -0.1095183E-04  0.0000000E+00
         1   529      9  0.2323496E-02 -0.1918182E-03  0.0000000E+00  0.0000000E+00 -0.1392564E-04  0.0000000E+00
         1   529     10  0.2371061E-05 -0.1019542E-05  0.0000000E+00  0.0000000E+00  0.6884952E-01  0.1000000E-02

         1   530      0  0.0000000E+00  0.0000000E+00  0.0000000E+00  0.0000000E+00  0.0000000E+00  0.0000000E+00
         1   530      1  0.0000000E+00  0.0000000E+00  0.0000000E+00  0.0000000E+00  0.0000000E+00  0.0000000E+00
         1   530      2  0.5056766E-03 -0.4262213E-04  0.0000000E+00  0.0000000E+00 -0.5985585E-06  0.0000000E+00
         1   530      3  0.7585148E-03 -0.6393360E-04  0.0000000E+00  0.0000000E+00 -0.1432771E-05  0.0000000E+00
         1   530      4  0.1011353E-02 -0.8524554E-04  0.0000000E+00  0.0000000E+00 -0.2623629E-05  0.0000000E+00
         1   530      5  0.1264191E-02 -0.1065581E-03  0.0000000E+00  0.0000000E+00 -0.4171148E-05  0.0000000E+00
         1   530      6  0.1517029E-02 -0.1278715E-03  0.0000000E+00  0.0000000E+00 -0.6075347E-05  0.0000000E+00
         1   530      7  0.1769867E-02 -0.1491859E-03  0.0000000E+00  0.0000000E+00 -0.8336243E-05  0.0000000E+00
         1   530      8  0.2022704E-02 -0.1705014E-03  0.0000000E+00  0.0000000E+00 -0.1095385E-04  0.0000000E+00
         1   530      9  0.2275542E-02 -0.1918182E-03  0.0000000E+00  0.0000000E+00 -0.1392819E-04  0.0000000E+00
         1   530     10  0.2116317E-05 -0.1019542E-05  0.0000000E+00  0.0000000E+00  0.6889894E-01  0.1000000E-02

         1   531      0  0.0000000E+00  0.0000000E+00  0.0000000E+00  0.0000000E+00  0.0000000E+00  0.0000000E+00
         1   531      1  0.0000000E+00  0.0000000E+00  0.0000000E+00  0.0000000E+00  0.0000000E+00  0.0000000E+00
         1   531      2  0.4935886E-03 -0.5878279E-05  0.0000000E+00  0.0000000E+00 -0.5953937E-06  0.0000000E+00
         1   531      3  0.7403826E-03 -0.8817830E-05  0.0000000E+00  0.0000000E+00 -0.1425650E-05  0.0000000E+00
         1   531      4  0.9871764E-03 -0.1175788E-04  0.0000000E+00  0.0000000E+00 -0.2610969E-05  0.0000000E+00
         1   531      5  0.1233970E-02 -0.1469859E-04  0.0000000E+00  0.0000000E+00 -0.4151368E-05  0.0000000E+00
         1   531      6  0.1480762E-02 -0.1764013E-04  0.0000000E+00  0.0000000E+00 -0.6046864E-05  0.0000000E+00
         1   531      7  0.1727555E-02 -0.2058267E-04  0.0000000E+00  0.0000000E+00 -0.8297474E-05  0.0000000E+00
         1   531      8  0.1974346E-02 -0.2352637E-04  0.0000000E+00  0.0000000E+00 -0.1090321E-04  0.0000000E+00
         1   531      9  0.2221137E-02 -0.2647139E-04  0.0000000E+00  0.0000000E+00 -0.1386410E-04  0.0000000E+00
         1   531     10  0.1642807E-05 -0.8813647E-06  0.0000000E+00  0.0000000E+00  0.6899779E-01  0.1000000E-02

         1   532      0  0.0000000E+00  0.0000000E+00  0.0000000E+00  0.0000000E+00  0.0000000E+00  0.0000000E+00
         1   532      1  0.0000000E+00  0.0000000E+00  0.0000000E+00  0.0000000E+00  0.0000000E+00  0.0000000E+00
         1   532      2  0.5011321E-03  0.3615864E-04  0.0000000E+00  0.0000000E+00 -0.5917330E-06  0.0000000E+00
         1   532      3  0.7516976E-03  0.5423752E-04  0.0000000E+00  0.0000000E+00 -0.1417414E-05  0.0000000E+00
         1   532      4  0.1002263E-02  0.7231586E-04  0.0000000E+00  0.0000000E+00 -0.2596327E-05  0.0000000E+00
         1   532      5  0.1252827E-02  0.9039349E-04  0.0000000E+00  0.0000000E+00 -0.4128489E-05  0.0000000E+00
         1   532      6  0.1503390E-02  0.1084702E-03  0.0000000E+00  0.0000000E+00 -0.6013918E-05  0.0000000E+00
         1   532      7  0.1753952E-02  0.1265459E-03  0.0000000E+00  0.0000000E+00 -0.8252631E-05  0.0000000E+00
         1   532      8  0.2004513E-02  0.1446203E-03  0.0000000E+00  0.0000000E+00 -0.1084465E-04  0.0000000E+00
         1   532      9  0.2255072E-02  0.1626933E-03  0.0000000E+00  0.0000000E+00 -0.1378998E-04  0.0000000E+00
         1   532     10  0.1234178E-05 -0.7598262E-06  0.0000000E+00  0.0000000E+00  0.6909664E-01  0.1000000E-02

         1   533      0  0.0000000E+00  0.0000000E+00  0.0000000E+00  0.0000000E+00  0.0000000E+00  0.0000000E+00
         1   533      1  0.0000000E+00  0.0000000E+00  0.0000000E+00  0.0000000E+00  0.0000000E+00  0.0000000E+00
         1   533      2  0.5101717E-03  0.3615864E-04  0.0000000E+00  0.0000000E+00 -0.5918238E-06  0.0000000E+00
         1   533      3  0.7652570E-03  0.5423752E-04  0.0000000E+00  0.0000000E+00 -0.1417618E-05  0.0000000E+00
         1   533      4  0.1020342E-02  0.7231586E-04  0.0000000E+00  0.0000000E+00 -0.2596690E-05  0.0000000E+00
         1   533      5  0.1275425E-02  0.9039349E-04  0.0000000E+00  0.0000000E+00 -0.4129056E-05  0.0000000E+00
         1   533      6  0.1530508E-02  0.1084702E-03  0.0000000E+00  0.0000000E+00 -0.6014735E-05  0.0000000E+00
         1   533      7  0.1785589E-02  0.1265459E-03  0.0000000E+00  0.0000000E+00 -0.8253743E-05  0.0000000E+00
         1   533      8  0.2040668E-02  0.1446203E-03  0.0000000E+00  0.0000000E+00 -0.1084610E-04  0.0000000E+00
         1   533      9  0.2295746E-02  0.1626933E-03  0.0000000E+00  0.0000000E+00 -0.1379181E-04  0.0000000E+00
         1   533     10  0.1044327E-05 -0.7598262E-06  0.0000000E+00  0.0000000E+00  0.6914607E-01  0.1000000E-02

         1   534      0  0.0000000E+00  0.0000000E+00  0.0000000E+00  0.0000000E+00  0.0000000E+00  0.0000000E+00
         1   534      1  0.0000000E+00  0.0000000E+00  0.0000000E+00  0.0000000E+00  0.0000000E+00  0.0000000E+00
         1   534      2  0.5155955E-03  0.3615864E-04  0.0000000E+00  0.0000000E+00 -0.5918782E-06  0.0000000E+00
         1   534      3  0.7733926E-03  0.5423752E-04  0.0000000E+00  0.0000000E+00 -0.1417740E-05  0.0000000E+00
         1   534      4  0.1031189E-02  0.7231586E-04  0.0000000E+00  0.0000000E+00 -0.2596908E-05  0.0000000E+00
         1   534      5  0.1288984E-02  0.9039349E-04  0.0000000E+00  0.0000000E+00 -0.4129397E-05  0.0000000E+00
         1   534      6  0.1546778E-02  0.1084702E-03  0.0000000E+00  0.0000000E+00 -0.6015225E-05  0.0000000E+00
         1   534      7  0.1804571E-02  0.1265459E-03  0.0000000E+00  0.0000000E+00 -0.8254409E-05  0.0000000E+00
         1   534      8  0.2062361E-02  0.1446203E-03  0.0000000E+00  0.0000000E+00 -0.1084697E-04  0.0000000E+00
         1   534      9  0.2320150E-02  0.1626933E-03  0.0000000E+00  0.0000000E+00 -0.1379292E-04  0.0000000E+00
         1   534     10  0.9304166E-06 -0.7598262E-06  0.0000000E+00  0.0000000E+00  0.6917572E-01  0.1000000E-02

         1   535      0  0.0000000E+00  0.0000000E+00  0.0000000E+00  0.0000000E+00  0.0000000E+00  0.0000000E+00
         1   535      1  0.0000000E+00  0.0000000E+00  0.0000000E+00  0.0000000E+00  0.0000000E+00  0.0000000E+00
         1   535      2  0.5246352E-03  0.3615864E-04  0.0000000E+00  0.0000000E+00 -0.5919689E-06  0.0000000E+00
         1   535      3  0.7869520E-03  0.5423752E-04  0.0000000E+00  0.0000000E+00 -0.1417945E-05  0.0000000E+00
         1   535      4  0.1049268E-02  0.7231586E-04  0.0000000E+00  0.0000000E+00 -0.2597270E-05  0.0000000E+00
         1   535      5  0.1311583E-02  0.9039349E-04  0.0000000E+00  0.0000000E+00 -0.4129964E-05  0.0000000E+00
         1   535      6  0.1573896E-02  0.1084702E-03  0.0000000E+00  0.0000000E+00 -0.6016041E-05  0.0000000E+00
         1   535      7  0.1836207E-02  0.1265459E-03  0.0000000E+00  0.0000000E+00 -0.8255521E-05  0.0000000E+00
         1   535      8  0.2098516E-02  0.1446203E-03  0.0000000E+00  0.0000000E+00 -0.1084842E-04  0.0000000E+00
         1   535      9  0.2360823E-02  0.1626933E-03  0.0000000E+00  0.0000000E+00 -0.1379475E-04  0.0000000E+00
         1   535     10  0.7405654E-06 -0.7598262E-06  0.0000000E+00  0.0000000E+00  0.6922515E-01  0.1000000E-02

         1   536      0  0.0000000E+00  0.0000000E+00  0.0000000E+00  0.0000000E+00  0.0000000E+00  0.0000000E+00
         1   536      1  0.0000000E+00  0.0000000E+00  0.0000000E+00  0.0000000E+00  0.0000000E+00  0.0000000E+00
         1   536      2  0.6940384E-03  0.3615864E-04  0.0000000E+00  0.0000000E+00 -0.5936693E-06  0.0000000E+00
         1   536      3  0.1041055E-02  0.5423752E-04  0.0000000E+00  0.0000000E+00 -0.1421770E-05  0.0000000E+00
         1   536      4  0.1388068E-02  0.7231586E-04  0.0000000E+00  0.0000000E+00 -0.2604072E-05  0.0000000E+00
         1   536      5  0.1735076E-02  0.9039349E-04  0.0000000E+00  0.0000000E+00 -0.4140590E-05  0.0000000E+00
         1   536      6  0.2082079E-02  0.1084702E-03  0.0000000E+00  0.0000000E+00 -0.6031343E-05  0.0000000E+00
         1   536      7  0.2429074E-02  0.1265459E-03  0.0000000E+00  0.0000000E+00 -0.8276347E-05  0.0000000E+00
         1   536      8  0.2776062E-02  0.1446203E-03  0.0000000E+00  0.0000000E+00 -0.1087562E-04  0.0000000E+00
         1   536      9  0.3123041E-02  0.1626933E-03  0.0000000E+00  0.0000000E+00 -0.1382918E-04  0.0000000E+00
         1   536     10 -0.2817245E-05 -0.7598262E-06  0.0000000E+00  0.0000000E+00  0.7015136E-01  0.1000000E-02

         1   537      0  0.0000000E+00  0.0000000E+00  0.0000000E+00  0.0000000E+00  0.0000000E+00  0.0000000E+00
         1   537      1  0.0000000E+00  0.0000000E+00  0.0000000E+00  0.0000000E+00  0.0000000E+00  0.0000000E+00
         1   537      2  0.7030781E-03  0.3615864E-04  0.0000000E+00  0.0000000E+00 -0.5937600E-06  0.0000000E+00
         1   537      3  0.1054614E-02  0.5423752E-04  0.0000000E+00  0.0000000E+00 -0.1421974E-05  0.0000000E+00
         1   537      4  0.1406147E-02  0.7231586E-04  0.0000000E+00  0.0000000E+00 -0.2604434E-05  0.0000000E+00
         1   537      5  0.1757674E-02  0.9039349E-04  0.0000000E+00  0.0000000E+00 -0.4141157E-05  0.0000000E+00
         1   537      6  0.2109196E-02  0.1084702E-03  0.0000000E+00  0.0000000E+00 -0.6032159E-05  0.0000000E+00
         1   537      7  0.2460711E-02  0.1265459E-03  0.0000000E+00  0.0000000E+00 -0.8277458E-05  0.0000000E+00
         1   537      8  0.2812217E-02  0.1446203E-03  0.0000000E+00  0.0000000E+00 -0.1087707E-04  0.0000000E+00
         1   537      9  0.3163714E-02  0.1626933E-03  0.0000000E+00  0.0000000E+00 -0.1383101E-04  0.0000000E+00
         1   537     10 -0.3007096E-05 -0.7598262E-06  0.0000000E+00  0.0000000E+00  0.7020079E-01  0.1000000E-02

         1   538      0  0.0000000E+00  0.0000000E+00  0.0000000E+00  0.0000000E+00  0.0000000E+00  0.0000000E+00
         1   538      1  0.0000000E+00  0.0000000E+00  0.0000000E+00  0.0000000E+00  0.0000000E+00  0.0000000E+00
         1   538      2  0.7085019E-03  0.3615864E-04  0.0000000E+00  0.0000000E+00 -0.5938145E-06  0.0000000E+00
         1   538      3  0.1062750E-02  0.5423752E-04  0.0000000E+00  0.0000000E+00 -0.1422097E-05  0.0000000E+00
         1   538      4  0.1416994E-02  0.7231586E-04  0.0000000E+00  0.0000000E+00 -0.2604652E-05  0.0000000E+00
         1   538      5  0.1771233E-02  0.9039349E-04  0.0000000E+00  0.0000000E+00 -0.4141497E-05  0.0000000E+00
         1   538      6  0.2125467E-02  0.1084702E-03  0.0000000E+00  0.0000000E+00 -0.6032649E-05  0.0000000E+00
         1   538      7  0.2479693E-02  0.1265459E-03  0.0000000E+00  0.0000000E+00 -0.8278125E-05  0.0000000E+00
         1   538      8  0.2833910E-02  0.1446203E-03  0.0000000E+00  0.0000000E+00 -0.1087794E-04  0.0000000E+00
         1   538      9  0.3188118E-02  0.1626933E-03  0.0000000E+00  0.0000000E+00 -0.1383212E-04  0.0000000E+00
         1   538     10 -0.3121007E-05 -0.7598262E-06  0.0000000E+00  0.0000000E+00  0.7023044E-01  0.1000000E-02

         1   539      0  0.0000000E+00  0.0000000E+00  0.0000000E+00  0.0000000E+00  0.0000000E+00  0.0000000E+00
         1   539      1  0.0000000E+00  0.0000000E+00  0.0000000E+00  0.0000000E+00  0.0000000E+00  0.0000000E+00
         1   539      2  0.7175416E-03  0.3615864E-04  0.0000000E+00  0.0000000E+00 -0.5939052E-06  0.0000000E+00
         1   539      3  0.1076309E-02  0.5423752E-04  0.0000000E+00  0.0000000E+00 -0.1422301E-05  0.0000000E+00
         1   539      4  0.1435073E-02  0.7231586E-04  0.0000000E+00  0.0000000E+00 -0.2605015E-05  0.0000000E+00
         1   539      5  0.1793832E-02  0.9039349E-04  0.0000000E+00  0.0000000E+00 -0.4142064E-05  0.0000000E+00
         1   539      6  0.2152584E-02  0.1084702E-03  0.0000000E+00  0.0000000E+00 -0.6033466E-05  0.0000000E+00
         1   539      7  0.2511329E-02  0.1265459E-03  0.0000000E+00  0.0000000E+00 -0.8279236E-05  0.0000000E+00
         1   539      8  0.2870065E-02  0.1446203E-03  0.0000000E+00  0.0000000E+00 -0.1087939E-04  0.0000000E+00
         1   539      9  0.3228791E-02  0.1626933E-03  0.0000000E+00  0.0000000E+00 -0.1383395E-04  0.0000000E+00
         1   539     10 -0.3310858E-05 -0.7598262E-06  0.0000000E+00  0.0000000E+00  0.7027987E-01  0.1000000E-02

         1   540      0  0.0000000E+00  0.0000000E+00  0.0000000E+00  0.0000000E+00  0.0000000E+00  0.0000000E+00
         1   540      1  0.0000000E+00  0.0000000E+00  0.0000000E+00  0.0000000E+00  0.0000000E+00  0.0000000E+00
         1   540      2  0.7185751E-03 -0.3204093E-04  0.0000000E+00  0.0000000E+00 -0.6027208E-06  0.0000000E+00
         1   540      3  0.1077859E-02 -0.4806153E-04  0.0000000E+00  0.0000000E+00 -0.1442136E-05  0.0000000E+00
         1   540      4  0.1437140E-02 -0.6408231E-04  0.0000000E+00  0.0000000E+00 -0.2640277E-05  0.0000000E+00
         1   540      5  0.1796415E-02 -0.8010332E-04  0.0000000E+00  0.0000000E+00 -0.4197161E-05  0.0000000E+00
         1   540      6  0.2155683E-02 -0.9612462E-04  0.0000000E+00  0.0000000E+00 -0.6112803E-05  0.0000000E+00
         1   540      7  0.2514943E-02 -0.1121463E-03  0.0000000E+00  0.0000000E+00 -0.8387222E-05  0.0000000E+00
         1   540      8  0.2874195E-02 -0.1281683E-03  0.0000000E+00  0.0000000E+00 -0.1102043E-04  0.0000000E+00
         1   540      9  0.3233435E-02 -0.1441908E-03  0.0000000E+00  0.0000000E+00 -0.1401245E-04  0.0000000E+00
         1   540     10 -0.3609652E-05 -0.4312971E-06  0.0000000E+00  0.0000000E+00  0.7037872E-01  0.1000000E-02
