# number of rays:      11
# iteration   EID   ray    X              A              Y              B              T              D
         0     0      0  0.0000000E+00  0.0000000E+00  0.0000000E+00  0.0000000E+00  0.0000000E+00  0.0000000E+00
         0     0      1  0.0000000E+00  0.0000000E+00  0.0000000E+00  0.0000000E+00  0.0000000E+00  0.0000000E+00
         0     0      2  0.1000000E-02  0.0000000E+00  0.0000000E+00  0.0000000E+00  0.0000000E+00  0.0000000E+00
         0     0      3  0.1500000E-02  0.0000000E+00  0.0000000E+00  0.0000000E+00  0.0000000E+00  0.0000000E+00
         0     0      4  0.2000000E-02  0.0000000E+00  0.0000000E+00  0.0000000E+00  0.0000000E+00  0.0000000E+00
         0     0      5  0.2500000E-02  0.0000000E+00  0.0000000E+00  0.0000000E+00  0.0000000E+00  0.0000000E+00
         0     0      6  0.3000000E-02  0.0000000E+00  0.0000000E+00  0.0000000E+00  0.0000000E+00  0.0000000E+00
         0     0      7  0.3500000E-02  0.0000000E+00  0.0000000E+00  0.0000000E+00  0.0000000E+00  0.0000000E+00
         0     0      8  0.4000000E-02  0.0000000E+00  0.0000000E+00  0.0000000E+00  0.0000000E+00  0.0000000E+00
         0     0      9  0.4500000E-02  0.0000000E+00  0.0000000E+00  0.0000000E+00  0.0000000E+00  0.0000000E+00
         0     0     10  0.0000000E+00  0.0000000E+00  0.0000000E+00  0.0000000E+00  0.0000000E+00  0.1000000E-02

         1     1      0  0.0000000E+00  0.0000000E+00  0.0000000E+00  0.0000000E+00  0.0000000E+00  0.0000000E+00
         1     1      1  0.0000000E+00  0.0000000E+00  0.0000000E+00  0.0000000E+00  0.0000000E+00  0.0000000E+00
         1     1      2  0.1009867E-02  0.9883014E-04  0.0000000E+00  0.0000000E+00 -0.1732625E-09  0.0000000E+00
         1     1      3  0.1514800E-02  0.1482452E-03  0.0000000E+00  0.0000000E+00 -0.3898406E-09  0.0000000E+00
         1     1      4  0.2019734E-02  0.1976603E-03  0.0000000E+00  0.0000000E+00 -0.6930499E-09  0.0000000E+00
         1     1      5  0.2524667E-02  0.2470754E-03  0.0000000E+00  0.0000000E+00 -0.1082890E-08  0.0000000E+00
         1     1      6  0.3029600E-02  0.2964904E-03  0.0000000E+00  0.0000000E+00 -0.1559362E-08  0.0000000E+00
         1     1      7  0.3534534E-02  0.3459055E-03  0.0000000E+00  0.0000000E+00 -0.2122465E-08  0.0000000E+00
         1     1      8  0.4039467E-02  0.3953206E-03  0.0000000E+00  0.0000000E+00 -0.2772200E-08  0.0000000E+00
         1     1      9  0.4544401E-02  0.4447357E-03  0.0000000E+00  0.0000000E+00 -0.3508565E-08  0.0000000E+00
         1     1     10  0.0000000E+00  0.0000000E+00  0.0000000E+00  0.0000000E+00  0.4347783E-04  0.1000000E-02

         1     2      0  0.0000000E+00  0.0000000E+00  0.0000000E+00  0.0000000E+00  0.0000000E+00  0.0000000E+00
         1     2      1  0.0000000E+00  0.0000000E+00  0.0000000E+00  0.0000000E+00  0.0000000E+00  0.0000000E+00
         1     2      2  0.1074106E-02  0.9883014E-04  0.0000000E+00  0.0000000E+00 -0.1867008E-08  0.0000000E+00
         1     2      3  0.1611160E-02  0.1482452E-03  0.0000000E+00  0.0000000E+00 -0.4200769E-08  0.0000000E+00
         1     2      4  0.2148213E-02  0.1976603E-03  0.0000000E+00  0.0000000E+00 -0.7468033E-08  0.0000000E+00
         1     2      5  0.2685266E-02  0.2470754E-03  0.0000000E+00  0.0000000E+00 -0.1166880E-07  0.0000000E+00
         1     2      6  0.3222319E-02  0.2964904E-03  0.0000000E+00  0.0000000E+00 -0.1680307E-07  0.0000000E+00
         1     2      7  0.3759372E-02  0.3459055E-03  0.0000000E+00  0.0000000E+00 -0.2287085E-07  0.0000000E+00
         1     2      8  0.4296426E-02  0.3953206E-03  0.0000000E+00  0.0000000E+00 -0.2987213E-07  0.0000000E+00
         1     2      9  0.4833479E-02  0.4447357E-03  0.0000000E+00  0.0000000E+00 -0.3780692E-07  0.0000000E+00
         1     2     10  0.0000000E+00  0.0000000E+00  0.0000000E+00  0.0000000E+00  0.1847808E-03  0.1000000E-02

         1     3      0  0.0000000E+00  0.0000000E+00  0.0000000E+00  0.0000000E+00  0.0000000E+00  0.0000000E+00
         1     3      1  0.0000000E+00  0.0000000E+00  0.0000000E+00  0.0000000E+00  0.0000000E+00  0.0000000E+00
         1     3      2  0.1600870E-02  0.4601409E-04  0.0000000E+00  0.0000000E+00 -0.3824492E-03  0.0000000E+00
         1     3      3  0.2401338E-02  0.6901931E-04  0.0000000E+00  0.0000000E+00 -0.5736884E-03  0.0000000E+00
         1     3      4  0.3201827E-02  0.9202330E-04  0.0000000E+00  0.0000000E+00 -0.7649374E-03  0.0000000E+00
         1     3      5  0.4002338E-02  0.1150261E-03  0.0000000E+00  0.0000000E+00 -0.9561962E-03  0.0000000E+00
         1     3      6  0.4802870E-02  0.1380276E-03  0.0000000E+00  0.0000000E+00 -0.1147465E-02  0.0000000E+00
         1     3      7  0.5603423E-02  0.1610280E-03  0.0000000E+00  0.0000000E+00 -0.1338743E-02  0.0000000E+00
         1     3      8  0.6403998E-02  0.1840271E-03  0.0000000E+00  0.0000000E+00 -0.1530031E-02  0.0000000E+00
         1     3      9  0.7204595E-02  0.2070250E-03  0.0000000E+00  0.0000000E+00 -0.1721329E-02  0.0000000E+00
         1     3     10  0.9694457E-03  0.2667273E-03  0.0000000E+00  0.0000000E+00  0.1638403E-02  0.1000000E-02

         1     4      0  0.0000000E+00  0.0000000E+00  0.0000000E+00  0.0000000E+00  0.0000000E+00  0.0000000E+00
         1     4      1  0.0000000E+00  0.0000000E+00  0.0000000E+00  0.0000000E+00  0.0000000E+00  0.0000000E+00
         1     4      2  0.1612374E-02  0.4601409E-04  0.0000000E+00  0.0000000E+00 -0.3824493E-03  0.0000000E+00
         1     4      3  0.2418593E-02  0.6901931E-04  0.0000000E+00  0.0000000E+00 -0.5736887E-03  0.0000000E+00
         1     4      4  0.3224833E-02  0.9202330E-04  0.0000000E+00  0.0000000E+00 -0.7649380E-03  0.0000000E+00
         1     4      5  0.4031094E-02  0.1150261E-03  0.0000000E+00  0.0000000E+00 -0.9561971E-03  0.0000000E+00
         1     4      6  0.4837376E-02  0.1380276E-03  0.0000000E+00  0.0000000E+00 -0.1147466E-02  0.0000000E+00
         1     4      7  0.5643680E-02  0.1610280E-03  0.0000000E+00  0.0000000E+00 -0.1338745E-02  0.0000000E+00
         1     4      8  0.6450005E-02  0.1840271E-03  0.0000000E+00  0.0000000E+00 -0.1530034E-02  0.0000000E+00
         1     4      9  0.7256351E-02  0.2070250E-03  0.0000000E+00  0.0000000E+00 -0.1721332E-02  0.0000000E+00
         1     4     10  0.1036092E-02  0.2667273E-03  0.0000000E+00  0.0000000E+00  0.1692745E-02  0.1000000E-02

         1     5      0  0.0000000E+00  0.0000000E+00  0.0000000E+00  0.0000000E+00  0.0000000E+00  0.0000000E+00
         1     5      1  0.0000000E+00  0.0000000E+00  0.0000000E+00  0.0000000E+00  0.0000000E+00  0.0000000E+00
         1     5      2  0.1619279E-02  0.4604653E-04  0.0000000E+00  0.0000000E+00 -0.3824494E-03  0.0000000E+00
         1     5      3  0.2428951E-02  0.6909229E-04  0.0000000E+00  0.0000000E+00 -0.5736889E-03  0.0000000E+00
         1     5      4  0.3238646E-02  0.9215305E-04  0.0000000E+00  0.0000000E+00 -0.7649383E-03  0.0000000E+00
         1     5      5  0.4048363E-02  0.1152288E-03  0.0000000E+00  0.0000000E+00 -0.9561976E-03  0.0000000E+00
         1     5      6  0.4858102E-02  0.1383196E-03  0.0000000E+00  0.0000000E+00 -0.1147467E-02  0.0000000E+00
         1     5      7  0.5667864E-02  0.1614253E-03  0.0000000E+00  0.0000000E+00 -0.1338746E-02  0.0000000E+00
         1     5      8  0.6477648E-02  0.1845461E-03  0.0000000E+00  0.0000000E+00 -0.1530035E-02  0.0000000E+00
         1     5      9  0.7287454E-02  0.2076819E-03  0.0000000E+00  0.0000000E+00 -0.1721334E-02  0.0000000E+00
         1     5     10  0.1076081E-02  0.2667412E-03  0.0000000E+00  0.0000000E+00  0.1725351E-02  0.1000000E-02

         1     6      0  0.0000000E+00  0.0000000E+00  0.0000000E+00  0.0000000E+00  0.0000000E+00  0.0000000E+00
         1     6      1  0.0000000E+00  0.0000000E+00  0.0000000E+00  0.0000000E+00  0.0000000E+00  0.0000000E+00
         1     6      2  0.1630790E-02  0.4604653E-04  0.0000000E+00  0.0000000E+00 -0.3824495E-03  0.0000000E+00
         1     6      3  0.2446224E-02  0.6909229E-04  0.0000000E+00  0.0000000E+00 -0.5736892E-03  0.0000000E+00
         1     6      4  0.3261684E-02  0.9215305E-04  0.0000000E+00  0.0000000E+00 -0.7649389E-03  0.0000000E+00
         1     6      5  0.4077170E-02  0.1152288E-03  0.0000000E+00  0.0000000E+00 -0.9561985E-03  0.0000000E+00
         1     6      6  0.4892682E-02  0.1383196E-03  0.0000000E+00  0.0000000E+00 -0.1147468E-02  0.0000000E+00
         1     6      7  0.5708220E-02  0.1614253E-03  0.0000000E+00  0.0000000E+00 -0.1338748E-02  0.0000000E+00
         1     6      8  0.6523784E-02  0.1845461E-03  0.0000000E+00  0.0000000E+00 -0.1530037E-02  0.0000000E+00
         1     6      9  0.7339375E-02  0.2076819E-03  0.0000000E+00  0.0000000E+00 -0.1721337E-02  0.0000000E+00
         1     6     10  0.1142731E-02  0.2667412E-03  0.0000000E+00  0.0000000E+00  0.1779694E-02  0.1000000E-02

         1     7      0  0.0000000E+00  0.0000000E+00  0.0000000E+00  0.0000000E+00  0.0000000E+00  0.0000000E+00
         1     7      1  0.0000000E+00  0.0000000E+00  0.0000000E+00  0.0000000E+00  0.0000000E+00  0.0000000E+00
         1     7      2  0.1626073E-02 -0.9091040E-04  0.0000000E+00  0.0000000E+00 -0.3824496E-03  0.0000000E+00
         1     7      3  0.2439152E-02 -0.1363466E-03  0.0000000E+00  0.0000000E+00 -0.5736895E-03  0.0000000E+00
         1     7      4  0.3252261E-02 -0.1817700E-03  0.0000000E+00  0.0000000E+00 -0.7649394E-03  0.0000000E+00
         1     7      5  0.4065398E-02 -0.2271808E-03  0.0000000E+00  0.0000000E+00 -0.9561992E-03  0.0000000E+00
         1     7      6  0.4878564E-02 -0.2725789E-03  0.0000000E+00  0.0000000E+00 -0.1147469E-02  0.0000000E+00
         1     7      7  0.5691760E-02 -0.3179643E-03  0.0000000E+00  0.0000000E+00 -0.1338749E-02  0.0000000E+00
         1     7      8  0.6504984E-02 -0.3633370E-03  0.0000000E+00  0.0000000E+00 -0.1530039E-02  0.0000000E+00
         1     7      9  0.7318237E-02 -0.4086970E-03  0.0000000E+00  0.0000000E+00 -0.1721339E-02  0.0000000E+00
         1     7     10  0.1188496E-02  0.1687090E-03  0.0000000E+00  0.0000000E+00  0.1825343E-02  0.1000000E-02

         1     8      0  0.0000000E+00  0.0000000E+00  0.0000000E+00  0.0000000E+00  0.0000000E+00  0.0000000E+00
         1     8      1  0.0000000E+00  0.0000000E+00  0.0000000E+00  0.0000000E+00  0.0000000E+00  0.0000000E+00
         1     8      2  0.1592720E-02 -0.2262664E-03  0.0000000E+00  0.0000000E+00 -0.3824511E-03  0.0000000E+00
         1     8      3  0.2389127E-02 -0.3393844E-03  0.0000000E+00  0.0000000E+00 -0.5736929E-03  0.0000000E+00
         1     8      4  0.3185565E-02 -0.4524922E-03  0.0000000E+00  0.0000000E+00 -0.7649454E-03  0.0000000E+00
         1     8      5  0.3982035E-02 -0.5655898E-03  0.0000000E+00  0.0000000E+00 -0.9562086E-03  0.0000000E+00
         1     8      6  0.4778535E-02 -0.6786773E-03  0.0000000E+00  0.0000000E+00 -0.1147483E-02  0.0000000E+00
         1     8      7  0.5575068E-02 -0.7917546E-03  0.0000000E+00  0.0000000E+00 -0.1338767E-02  0.0000000E+00
         1     8      8  0.6371631E-02 -0.9048218E-03  0.0000000E+00  0.0000000E+00 -0.1530063E-02  0.0000000E+00
         1     8      9  0.7168226E-02 -0.1017879E-02  0.0000000E+00  0.0000000E+00 -0.1721369E-02  0.0000000E+00
         1     8     10  0.1213343E-02  0.6770747E-04  0.0000000E+00  0.0000000E+00  0.1870993E-02  0.1000000E-02

         1     9      0  0.0000000E+00  0.0000000E+00  0.0000000E+00  0.0000000E+00  0.0000000E+00  0.0000000E+00
         1     9      1  0.0000000E+00  0.0000000E+00  0.0000000E+00  0.0000000E+00  0.0000000E+00  0.0000000E+00
         1     9      2  0.1445647E-02 -0.2262664E-03  0.0000000E+00  0.0000000E+00 -0.3824600E-03  0.0000000E+00
         1     9      3  0.2168527E-02 -0.3393844E-03  0.0000000E+00  0.0000000E+00 -0.5737128E-03  0.0000000E+00
         1     9      4  0.2891445E-02 -0.4524922E-03  0.0000000E+00  0.0000000E+00 -0.7649809E-03  0.0000000E+00
         1     9      5  0.3614401E-02 -0.5655898E-03  0.0000000E+00  0.0000000E+00 -0.9562641E-03  0.0000000E+00
         1     9      6  0.4337395E-02 -0.6786773E-03  0.0000000E+00  0.0000000E+00 -0.1147563E-02  0.0000000E+00
         1     9      7  0.5060427E-02 -0.7917546E-03  0.0000000E+00  0.0000000E+00 -0.1338876E-02  0.0000000E+00
         1     9      8  0.5783497E-02 -0.9048218E-03  0.0000000E+00  0.0000000E+00 -0.1530205E-02  0.0000000E+00
         1     9      9  0.6506604E-02 -0.1017879E-02  0.0000000E+00  0.0000000E+00 -0.1721549E-02  0.0000000E+00
         1     9     10  0.1257329E-02  0.6770747E-04  0.0000000E+00  0.0000000E+00  0.2012296E-02  0.1000000E-02

         1    10      0  0.0000000E+00  0.0000000E+00  0.0000000E+00  0.0000000E+00  0.0000000E+00  0.0000000E+00
         1    10      1  0.0000000E+00  0.0000000E+00  0.0000000E+00  0.0000000E+00  0.0000000E+00  0.0000000E+00
         1    10      2 -0.2835120E-03 -0.2492266E-03  0.0000000E+00  0.0000000E+00 -0.5487179E-03  0.0000000E+00
         1    10      3 -0.4252059E-03 -0.3738385E-03  0.0000000E+00  0.0000000E+00 -0.8231991E-03  0.0000000E+00
         1    10      4 -0.5668584E-03 -0.4984493E-03  0.0000000E+00  0.0000000E+00 -0.1097762E-02  0.0000000E+00
         1    10      5 -0.7084696E-03 -0.6230591E-03  0.0000000E+00  0.0000000E+00 -0.1372406E-02  0.0000000E+00
         1    10      6 -0.8500395E-03 -0.7476679E-03  0.0000000E+00  0.0000000E+00 -0.1647132E-02  0.0000000E+00
         1    10      7 -0.9915681E-03 -0.8722757E-03  0.0000000E+00  0.0000000E+00 -0.1921939E-02  0.0000000E+00
         1    10      8 -0.1133055E-02 -0.9968824E-03  0.0000000E+00  0.0000000E+00 -0.2196827E-02  0.0000000E+00
         1    10      9 -0.1274502E-02 -0.1121488E-02  0.0000000E+00  0.0000000E+00 -0.2471797E-02  0.0000000E+00
         1    10     10  0.2517743E-02  0.2790393E-03  0.0000000E+00  0.0000000E+00  0.3064956E-02  0.1000000E-02

         1    11      0  0.0000000E+00  0.0000000E+00  0.0000000E+00  0.0000000E+00  0.0000000E+00  0.0000000E+00
         1    11      1  0.0000000E+00  0.0000000E+00  0.0000000E+00  0.0000000E+00  0.0000000E+00  0.0000000E+00
         1    11      2 -0.3458186E-03 -0.2492266E-03  0.0000000E+00  0.0000000E+00 -0.5487220E-03  0.0000000E+00
         1    11      3 -0.5186655E-03 -0.3738385E-03  0.0000000E+00  0.0000000E+00 -0.8232084E-03  0.0000000E+00
         1    11      4 -0.6914707E-03 -0.4984493E-03  0.0000000E+00  0.0000000E+00 -0.1097778E-02  0.0000000E+00
         1    11      5 -0.8642344E-03 -0.6230591E-03  0.0000000E+00  0.0000000E+00 -0.1372432E-02  0.0000000E+00
         1    11      6 -0.1036956E-02 -0.7476679E-03  0.0000000E+00  0.0000000E+00 -0.1647169E-02  0.0000000E+00
         1    11      7 -0.1209637E-02 -0.8722757E-03  0.0000000E+00  0.0000000E+00 -0.1921989E-02  0.0000000E+00
         1    11      8 -0.1382276E-02 -0.9968824E-03  0.0000000E+00  0.0000000E+00 -0.2196894E-02  0.0000000E+00
         1    11      9 -0.1554874E-02 -0.1121488E-02  0.0000000E+00  0.0000000E+00 -0.2471881E-02  0.0000000E+00
         1    11     10  0.2587466E-02  0.2790393E-03  0.0000000E+00  0.0000000E+00  0.3119298E-02  0.1000000E-02

         1    12      0  0.0000000E+00  0.0000000E+00  0.0000000E+00  0.0000000E+00  0.0000000E+00  0.0000000E+00
         1    12      1  0.0000000E+00  0.0000000E+00  0.0000000E+00  0.0000000E+00  0.0000000E+00  0.0000000E+00
         1    12      2 -0.3832030E-03 -0.2492315E-03  0.0000000E+00  0.0000000E+00 -0.5487245E-03  0.0000000E+00
         1    12      3 -0.5747421E-03 -0.3738493E-03  0.0000000E+00  0.0000000E+00 -0.8232140E-03  0.0000000E+00
         1    12      4 -0.7662395E-03 -0.4984686E-03  0.0000000E+00  0.0000000E+00 -0.1097788E-02  0.0000000E+00
         1    12      5 -0.9576954E-03 -0.6230893E-03  0.0000000E+00  0.0000000E+00 -0.1372447E-02  0.0000000E+00
         1    12      6 -0.1149110E-02 -0.7477113E-03  0.0000000E+00  0.0000000E+00 -0.1647191E-02  0.0000000E+00
         1    12      7 -0.1340483E-02 -0.8723348E-03  0.0000000E+00  0.0000000E+00 -0.1922020E-02  0.0000000E+00
         1    12      8 -0.1531814E-02 -0.9969596E-03  0.0000000E+00  0.0000000E+00 -0.2196933E-02  0.0000000E+00
         1    12      9 -0.1723104E-02 -0.1121586E-02  0.0000000E+00  0.0000000E+00 -0.2471932E-02  0.0000000E+00
         1    12     10  0.2629281E-02  0.2787920E-03  0.0000000E+00  0.0000000E+00  0.3151903E-02  0.1000000E-02

         1    13      0  0.0000000E+00  0.0000000E+00  0.0000000E+00  0.0000000E+00  0.0000000E+00  0.0000000E+00
         1    13      1  0.0000000E+00  0.0000000E+00  0.0000000E+00  0.0000000E+00  0.0000000E+00  0.0000000E+00
         1    13      2 -0.4455109E-03 -0.2492315E-03  0.0000000E+00  0.0000000E+00 -0.5487287E-03  0.0000000E+00
         1    13      3 -0.6682044E-03 -0.3738493E-03  0.0000000E+00  0.0000000E+00 -0.8232233E-03  0.0000000E+00
         1    13      4 -0.8908567E-03 -0.4984686E-03  0.0000000E+00  0.0000000E+00 -0.1097805E-02  0.0000000E+00
         1    13      5 -0.1113468E-02 -0.6230893E-03  0.0000000E+00  0.0000000E+00 -0.1372473E-02  0.0000000E+00
         1    13      6 -0.1336038E-02 -0.7477113E-03  0.0000000E+00  0.0000000E+00 -0.1647229E-02  0.0000000E+00
         1    13      7 -0.1558567E-02 -0.8723348E-03  0.0000000E+00  0.0000000E+00 -0.1922071E-02  0.0000000E+00
         1    13      8 -0.1781054E-02 -0.9969596E-03  0.0000000E+00  0.0000000E+00 -0.2197000E-02  0.0000000E+00
         1    13      9 -0.2003501E-02 -0.1121586E-02  0.0000000E+00  0.0000000E+00 -0.2472015E-02  0.0000000E+00
         1    13     10  0.2698942E-02  0.2787920E-03  0.0000000E+00  0.0000000E+00  0.3206245E-02  0.1000000E-02

         1    14      0  0.0000000E+00  0.0000000E+00  0.0000000E+00  0.0000000E+00  0.0000000E+00  0.0000000E+00
         1    14      1  0.0000000E+00  0.0000000E+00  0.0000000E+00  0.0000000E+00  0.0000000E+00  0.0000000E+00
         1    14      2 -0.4999168E-03 -0.2957205E-03  0.0000000E+00  0.0000000E+00 -0.5487326E-03  0.0000000E+00
         1    14      3 -0.7498131E-03 -0.4435768E-03  0.0000000E+00  0.0000000E+00 -0.8232322E-03  0.0000000E+00
         1    14      4 -0.9996680E-03 -0.5914304E-03  0.0000000E+00  0.0000000E+00 -0.1097821E-02  0.0000000E+00
         1    14      5 -0.1249482E-02 -0.7392814E-03  0.0000000E+00  0.0000000E+00 -0.1372498E-02  0.0000000E+00
         1    14      6 -0.1499254E-02 -0.8871297E-03  0.0000000E+00  0.0000000E+00 -0.1647264E-02  0.0000000E+00
         1    14      7 -0.1748985E-02 -0.1034975E-02  0.0000000E+00  0.0000000E+00 -0.1922119E-02  0.0000000E+00
         1    14      8 -0.1998675E-02 -0.1182818E-02  0.0000000E+00  0.0000000E+00 -0.2197063E-02  0.0000000E+00
         1    14      9 -0.2248324E-02 -0.1330659E-02  0.0000000E+00  0.0000000E+00 -0.2472096E-02  0.0000000E+00
         1    14     10  0.2781469E-02  0.5482777E-03  0.0000000E+00  0.0000000E+00  0.3249714E-02  0.1000000E-02

         1    15      0  0.0000000E+00  0.0000000E+00  0.0000000E+00  0.0000000E+00  0.0000000E+00  0.0000000E+00
         1    15      1  0.0000000E+00  0.0000000E+00  0.0000000E+00  0.0000000E+00  0.0000000E+00  0.0000000E+00
         1    15      2 -0.5641879E-03 -0.3480452E-03  0.0000000E+00  0.0000000E+00 -0.5487381E-03  0.0000000E+00
         1    15      3 -0.8462183E-03 -0.5220576E-03  0.0000000E+00  0.0000000E+00 -0.8232447E-03  0.0000000E+00
         1    15      4 -0.1128206E-02 -0.6960633E-03  0.0000000E+00  0.0000000E+00 -0.1097843E-02  0.0000000E+00
         1    15      5 -0.1410152E-02 -0.8700622E-03  0.0000000E+00  0.0000000E+00 -0.1372533E-02  0.0000000E+00
         1    15      6 -0.1692056E-02 -0.1044054E-02  0.0000000E+00  0.0000000E+00 -0.1647314E-02  0.0000000E+00
         1    15      7 -0.1973918E-02 -0.1218040E-02  0.0000000E+00  0.0000000E+00 -0.1922187E-02  0.0000000E+00
         1    15      8 -0.2255737E-02 -0.1392018E-02  0.0000000E+00  0.0000000E+00 -0.2197151E-02  0.0000000E+00
         1    15      9 -0.2537514E-02 -0.1565990E-02  0.0000000E+00  0.0000000E+00 -0.2472207E-02  0.0000000E+00
         1    15     10  0.2918856E-02  0.8285771E-03  0.0000000E+00  0.0000000E+00  0.3293166E-02  0.1000000E-02

         1    16      0  0.0000000E+00  0.0000000E+00  0.0000000E+00  0.0000000E+00  0.0000000E+00  0.0000000E+00
         1    16      1  0.0000000E+00  0.0000000E+00  0.0000000E+00  0.0000000E+00  0.0000000E+00  0.0000000E+00
         1    16      2 -0.7904172E-03 -0.3480452E-03  0.0000000E+00  0.0000000E+00 -0.5487591E-03  0.0000000E+00
         1    16      3 -0.1185556E-02 -0.5220576E-03  0.0000000E+00  0.0000000E+00 -0.8232919E-03  0.0000000E+00
         1    16      4 -0.1580648E-02 -0.6960633E-03  0.0000000E+00  0.0000000E+00 -0.1097927E-02  0.0000000E+00
         1    16      5 -0.1975693E-02 -0.8700622E-03  0.0000000E+00  0.0000000E+00 -0.1372664E-02  0.0000000E+00
         1    16      6 -0.2370692E-02 -0.1044054E-02  0.0000000E+00  0.0000000E+00 -0.1647503E-02  0.0000000E+00
         1    16      7 -0.2765644E-02 -0.1218040E-02  0.0000000E+00  0.0000000E+00 -0.1922444E-02  0.0000000E+00
         1    16      8 -0.3160550E-02 -0.1392018E-02  0.0000000E+00  0.0000000E+00 -0.2197487E-02  0.0000000E+00
         1    16      9 -0.3555409E-02 -0.1565990E-02  0.0000000E+00  0.0000000E+00 -0.2472633E-02  0.0000000E+00
         1    16     10  0.3457144E-02  0.8285771E-03  0.0000000E+00  0.0000000E+00  0.3434350E-02  0.1000000E-02

         1    17      0  0.0000000E+00  0.0000000E+00  0.0000000E+00  0.0000000E+00  0.0000000E+00  0.0000000E+00
         1    17      1  0.0000000E+00  0.0000000E+00  0.0000000E+00  0.0000000E+00  0.0000000E+00  0.0000000E+00
         1    17      2 -0.3046016E-02 -0.2723252E-03  0.0000000E+00  0.0000000E+00 -0.4619195E-06  0.0000000E+00
         1    17      3 -0.4568738E-02 -0.4085043E-03  0.0000000E+00  0.0000000E+00 -0.1039017E-05  0.0000000E+00
         1    17      4 -0.6091269E-02 -0.5446944E-03  0.0000000E+00  0.0000000E+00 -0.1846798E-05  0.0000000E+00
         1    17      5 -0.7613610E-02 -0.6808955E-03  0.0000000E+00  0.0000000E+00 -0.2885204E-05  0.0000000E+00
         1    17      6 -0.9135762E-02 -0.8171076E-03  0.0000000E+00  0.0000000E+00 -0.4154178E-05  0.0000000E+00
         1    17      7 -0.1065772E-01 -0.9533307E-03  0.0000000E+00  0.0000000E+00 -0.5653665E-05  0.0000000E+00
         1    17      8 -0.1217949E-01 -0.1089565E-02  0.0000000E+00  0.0000000E+00 -0.7383605E-05  0.0000000E+00
         1    17      9 -0.1370108E-01 -0.1225810E-02  0.0000000E+00  0.0000000E+00 -0.9343943E-05  0.0000000E+00
         1    17     10  0.9585368E-02  0.8567544E-03  0.0000000E+00  0.0000000E+00  0.3161307E-02  0.1000000E-02

         1    18      0  0.0000000E+00  0.0000000E+00  0.0000000E+00  0.0000000E+00  0.0000000E+00  0.0000000E+00
         1    18      1  0.0000000E+00  0.0000000E+00  0.0000000E+00  0.0000000E+00  0.0000000E+00  0.0000000E+00
         1    18      2 -0.3114097E-02 -0.2723252E-03  0.0000000E+00  0.0000000E+00 -0.4668657E-06  0.0000000E+00
         1    18      3 -0.4670864E-02 -0.4085043E-03  0.0000000E+00  0.0000000E+00 -0.1050147E-05  0.0000000E+00
         1    18      4 -0.6227443E-02 -0.5446944E-03  0.0000000E+00  0.0000000E+00 -0.1866586E-05  0.0000000E+00
         1    18      5 -0.7783834E-02 -0.6808955E-03  0.0000000E+00  0.0000000E+00 -0.2916125E-05  0.0000000E+00
         1    18      6 -0.9340039E-02 -0.8171076E-03  0.0000000E+00  0.0000000E+00 -0.4198709E-05  0.0000000E+00
         1    18      7 -0.1089606E-01 -0.9533307E-03  0.0000000E+00  0.0000000E+00 -0.5714280E-05  0.0000000E+00
         1    18      8 -0.1245189E-01 -0.1089565E-02  0.0000000E+00  0.0000000E+00 -0.7462783E-05  0.0000000E+00
         1    18      9 -0.1400753E-01 -0.1225810E-02  0.0000000E+00  0.0000000E+00 -0.9444160E-05  0.0000000E+00
         1    18     10  0.9799443E-02  0.8567544E-03  0.0000000E+00  0.0000000E+00  0.3215605E-02  0.1000000E-02

         1    19      0  0.0000000E+00  0.0000000E+00  0.0000000E+00  0.0000000E+00  0.0000000E+00  0.0000000E+00
         1    19      1  0.0000000E+00  0.0000000E+00  0.0000000E+00  0.0000000E+00  0.0000000E+00  0.0000000E+00
         1    19      2 -0.3154954E-02 -0.2724363E-03  0.0000000E+00  0.0000000E+00 -0.4698347E-06  0.0000000E+00
         1    19      3 -0.4732158E-02 -0.4087543E-03  0.0000000E+00  0.0000000E+00 -0.1056829E-05  0.0000000E+00
         1    19      4 -0.6309180E-02 -0.5451388E-03  0.0000000E+00  0.0000000E+00 -0.1878468E-05  0.0000000E+00
         1    19      5 -0.7886021E-02 -0.6815898E-03  0.0000000E+00  0.0000000E+00 -0.2934697E-05  0.0000000E+00
         1    19      6 -0.9462679E-02 -0.8181073E-03  0.0000000E+00  0.0000000E+00 -0.4225459E-05  0.0000000E+00
         1    19      7 -0.1103916E-01 -0.9546912E-03  0.0000000E+00  0.0000000E+00 -0.5750701E-05  0.0000000E+00
         1    19      8 -0.1261545E-01 -0.1091342E-02  0.0000000E+00  0.0000000E+00 -0.7510366E-05  0.0000000E+00
         1    19      9 -0.1419157E-01 -0.1228058E-02  0.0000000E+00  0.0000000E+00 -0.9504401E-05  0.0000000E+00
         1    19     10  0.9927805E-02  0.8556540E-03  0.0000000E+00  0.0000000E+00  0.3248184E-02  0.1000000E-02

         1    20      0  0.0000000E+00  0.0000000E+00  0.0000000E+00  0.0000000E+00  0.0000000E+00  0.0000000E+00
         1    20      1  0.0000000E+00  0.0000000E+00  0.0000000E+00  0.0000000E+00  0.0000000E+00  0.0000000E+00
         1    20      2 -0.3223063E-02 -0.2724363E-03  0.0000000E+00  0.0000000E+00 -0.4747849E-06  0.0000000E+00
         1    20      3 -0.4834347E-02 -0.4087543E-03  0.0000000E+00  0.0000000E+00 -0.1067973E-05  0.0000000E+00
         1    20      4 -0.6445465E-02 -0.5451388E-03  0.0000000E+00  0.0000000E+00 -0.1898289E-05  0.0000000E+00
         1    20      5 -0.8056418E-02 -0.6815898E-03  0.0000000E+00  0.0000000E+00 -0.2965681E-05  0.0000000E+00
         1    20      6 -0.9667206E-02 -0.8181073E-03  0.0000000E+00  0.0000000E+00 -0.4270099E-05  0.0000000E+00
         1    20      7 -0.1127783E-01 -0.9546912E-03  0.0000000E+00  0.0000000E+00 -0.5811490E-05  0.0000000E+00
         1    20      8 -0.1288829E-01 -0.1091342E-02  0.0000000E+00  0.0000000E+00 -0.7589802E-05  0.0000000E+00
         1    20      9 -0.1449858E-01 -0.1228058E-02  0.0000000E+00  0.0000000E+00 -0.9604986E-05  0.0000000E+00
         1    20     10  0.1014160E-01  0.8556540E-03  0.0000000E+00  0.0000000E+00  0.3302483E-02  0.1000000E-02

         1    21      0  0.0000000E+00  0.0000000E+00  0.0000000E+00  0.0000000E+00  0.0000000E+00  0.0000000E+00
         1    21      1  0.0000000E+00  0.0000000E+00  0.0000000E+00  0.0000000E+00  0.0000000E+00  0.0000000E+00
         1    21      2 -0.3251728E-02 -0.1597545E-06  0.0000000E+00  0.0000000E+00 -0.4761750E-06  0.0000000E+00
         1    21      3 -0.4877367E-02 -0.3593452E-06  0.0000000E+00  0.0000000E+00 -0.1071103E-05  0.0000000E+00
         1    21      4 -0.6502856E-02 -0.6386993E-06  0.0000000E+00  0.0000000E+00 -0.1903858E-05  0.0000000E+00
         1    21      5 -0.8128195E-02 -0.9977828E-06  0.0000000E+00  0.0000000E+00 -0.2974390E-05  0.0000000E+00
         1    21      6 -0.9753385E-02 -0.1436562E-05  0.0000000E+00  0.0000000E+00 -0.4282649E-05  0.0000000E+00
         1    21      7 -0.1137843E-01 -0.1955002E-05  0.0000000E+00  0.0000000E+00 -0.5828585E-05  0.0000000E+00
         1    21      8 -0.1300332E-01 -0.2553070E-05  0.0000000E+00  0.0000000E+00 -0.7612149E-05  0.0000000E+00
         1    21      9 -0.1462806E-01 -0.3230731E-05  0.0000000E+00  0.0000000E+00 -0.9633291E-05  0.0000000E+00
         1    21     10  0.1023142E-01 -0.1067657E-05  0.0000000E+00  0.0000000E+00  0.3348121E-02  0.1000000E-02

         1    22      0  0.0000000E+00  0.0000000E+00  0.0000000E+00  0.0000000E+00  0.0000000E+00  0.0000000E+00
         1    22      1  0.0000000E+00  0.0000000E+00  0.0000000E+00  0.0000000E+00  0.0000000E+00  0.0000000E+00
         1    22      2 -0.3223130E-02  0.2721196E-03  0.0000000E+00  0.0000000E+00 -0.4775603E-06  0.0000000E+00
         1    22      3 -0.4834497E-02  0.4080420E-03  0.0000000E+00  0.0000000E+00 -0.1074217E-05  0.0000000E+00
         1    22      4 -0.6445732E-02  0.5438727E-03  0.0000000E+00  0.0000000E+00 -0.1909388E-05  0.0000000E+00
         1    22      5 -0.8056836E-02  0.6796118E-03  0.0000000E+00  0.0000000E+00 -0.2983023E-05  0.0000000E+00
         1    22      6 -0.9667808E-02  0.8152595E-03  0.0000000E+00  0.0000000E+00 -0.4295069E-05  0.0000000E+00
         1    22      7 -0.1127865E-01  0.9508157E-03  0.0000000E+00  0.0000000E+00 -0.5845473E-05  0.0000000E+00
         1    22      8 -0.1288936E-01  0.1086280E-02  0.0000000E+00  0.0000000E+00 -0.7634186E-05  0.0000000E+00
         1    22      9 -0.1449994E-01  0.1221654E-02  0.0000000E+00  0.0000000E+00 -0.9661153E-05  0.0000000E+00
         1    22     10  0.1014116E-01 -0.8577705E-03  0.0000000E+00  0.0000000E+00  0.3393759E-02  0.1000000E-02

         1    23      0  0.0000000E+00  0.0000000E+00  0.0000000E+00  0.0000000E+00  0.0000000E+00  0.0000000E+00
         1    23      1  0.0000000E+00  0.0000000E+00  0.0000000E+00  0.0000000E+00  0.0000000E+00  0.0000000E+00
         1    23      2 -0.3046252E-02  0.2721196E-03  0.0000000E+00  0.0000000E+00 -0.4904011E-06  0.0000000E+00
         1    23      3 -0.4569270E-02  0.4080420E-03  0.0000000E+00  0.0000000E+00 -0.1103089E-05  0.0000000E+00
         1    23      4 -0.6092215E-02  0.5438727E-03  0.0000000E+00  0.0000000E+00 -0.1960682E-05  0.0000000E+00
         1    23      5 -0.7615088E-02  0.6796118E-03  0.0000000E+00  0.0000000E+00 -0.3063115E-05  0.0000000E+00
         1    23      6 -0.9137889E-02  0.8152595E-03  0.0000000E+00  0.0000000E+00 -0.4410324E-05  0.0000000E+00
         1    23      7 -0.1066062E-01  0.9508157E-03  0.0000000E+00  0.0000000E+00 -0.6002243E-05  0.0000000E+00
         1    23      8 -0.1218328E-01  0.1086280E-02  0.0000000E+00  0.0000000E+00 -0.7838808E-05  0.0000000E+00
         1    23      9 -0.1370586E-01  0.1221654E-02  0.0000000E+00  0.0000000E+00 -0.9919954E-05  0.0000000E+00
         1    23     10  0.9583904E-02 -0.8577705E-03  0.0000000E+00  0.0000000E+00  0.3534934E-02  0.1000000E-02

         1    24      0  0.0000000E+00  0.0000000E+00  0.0000000E+00  0.0000000E+00  0.0000000E+00  0.0000000E+00
         1    24      1  0.0000000E+00  0.0000000E+00  0.0000000E+00  0.0000000E+00  0.0000000E+00  0.0000000E+00
         1    24      2 -0.7920169E-03  0.3478759E-03  0.0000000E+00  0.0000000E+00  0.5480696E-03  0.0000000E+00
         1    24      3 -0.1189153E-02  0.5216769E-03  0.0000000E+00  0.0000000E+00  0.8217410E-03  0.0000000E+00
         1    24      4 -0.1587042E-02  0.6953867E-03  0.0000000E+00  0.0000000E+00  0.1095170E-02  0.0000000E+00
         1    24      5 -0.1985681E-02  0.8690054E-03  0.0000000E+00  0.0000000E+00  0.1368358E-02  0.0000000E+00
         1    24      6 -0.2385071E-02  0.1042533E-02  0.0000000E+00  0.0000000E+00  0.1641304E-02  0.0000000E+00
         1    24      7 -0.2785211E-02  0.1215969E-02  0.0000000E+00  0.0000000E+00  0.1914009E-02  0.0000000E+00
         1    24      8 -0.3186101E-02  0.1389315E-02  0.0000000E+00  0.0000000E+00  0.2186473E-02  0.0000000E+00
         1    24      9 -0.3587741E-02  0.1562570E-02  0.0000000E+00  0.0000000E+00  0.2458695E-02  0.0000000E+00
         1    24     10  0.3448983E-02 -0.8294036E-03  0.0000000E+00  0.0000000E+00  0.3263264E-02  0.1000000E-02

         1    25      0  0.0000000E+00  0.0000000E+00  0.0000000E+00  0.0000000E+00  0.0000000E+00  0.0000000E+00
         1    25      1  0.0000000E+00  0.0000000E+00  0.0000000E+00  0.0000000E+00  0.0000000E+00  0.0000000E+00
         1    25      2 -0.7050479E-03  0.3478759E-03  0.0000000E+00  0.0000000E+00  0.5480615E-03  0.0000000E+00
         1    25      3 -0.1058734E-02  0.5216769E-03  0.0000000E+00  0.0000000E+00  0.8217229E-03  0.0000000E+00
         1    25      4 -0.1413195E-02  0.6953867E-03  0.0000000E+00  0.0000000E+00  0.1095138E-02  0.0000000E+00
         1    25      5 -0.1768430E-02  0.8690054E-03  0.0000000E+00  0.0000000E+00  0.1368308E-02  0.0000000E+00
         1    25      6 -0.2124438E-02  0.1042533E-02  0.0000000E+00  0.0000000E+00  0.1641232E-02  0.0000000E+00
         1    25      7 -0.2481219E-02  0.1215969E-02  0.0000000E+00  0.0000000E+00  0.1913910E-02  0.0000000E+00
         1    25      8 -0.2838772E-02  0.1389315E-02  0.0000000E+00  0.0000000E+00  0.2186344E-02  0.0000000E+00
         1    25      9 -0.3197098E-02  0.1562570E-02  0.0000000E+00  0.0000000E+00  0.2458533E-02  0.0000000E+00
         1    25     10  0.3241742E-02 -0.8294036E-03  0.0000000E+00  0.0000000E+00  0.3317565E-02  0.1000000E-02

         1    26      0  0.0000000E+00  0.0000000E+00  0.0000000E+00  0.0000000E+00  0.0000000E+00  0.0000000E+00
         1    26      1  0.0000000E+00  0.0000000E+00  0.0000000E+00  0.0000000E+00  0.0000000E+00  0.0000000E+00
         1    26      2 -0.6528678E-03  0.3478591E-03  0.0000000E+00  0.0000000E+00  0.5480567E-03  0.0000000E+00
         1    26      3 -0.9804856E-03  0.5216391E-03  0.0000000E+00  0.0000000E+00  0.8217120E-03  0.0000000E+00
         1    26      4 -0.1308892E-02  0.6953194E-03  0.0000000E+00  0.0000000E+00  0.1095119E-02  0.0000000E+00
         1    26      5 -0.1638087E-02  0.8688999E-03  0.0000000E+00  0.0000000E+00  0.1368278E-02  0.0000000E+00
         1    26      6 -0.1968069E-02  0.1042381E-02  0.0000000E+00  0.0000000E+00  0.1641188E-02  0.0000000E+00
         1    26      7 -0.2298839E-02  0.1215762E-02  0.0000000E+00  0.0000000E+00  0.1913851E-02  0.0000000E+00
         1    26      8 -0.2630396E-02  0.1389043E-02  0.0000000E+00  0.0000000E+00  0.2186267E-02  0.0000000E+00
         1    26      9 -0.2962739E-02  0.1562225E-02  0.0000000E+00  0.0000000E+00  0.2458435E-02  0.0000000E+00
         1    26     10  0.3117370E-02 -0.8297710E-03  0.0000000E+00  0.0000000E+00  0.3350146E-02  0.1000000E-02

         1    27      0  0.0000000E+00  0.0000000E+00  0.0000000E+00  0.0000000E+00  0.0000000E+00  0.0000000E+00
         1    27      1  0.0000000E+00  0.0000000E+00  0.0000000E+00  0.0000000E+00  0.0000000E+00  0.0000000E+00
         1    27      2 -0.5659030E-03  0.3478591E-03  0.0000000E+00  0.0000000E+00  0.5480486E-03  0.0000000E+00
         1    27      3 -0.8500758E-03  0.5216391E-03  0.0000000E+00  0.0000000E+00  0.8216938E-03  0.0000000E+00
         1    27      4 -0.1135062E-02  0.6953194E-03  0.0000000E+00  0.0000000E+00  0.1095087E-02  0.0000000E+00
         1    27      5 -0.1420862E-02  0.8688999E-03  0.0000000E+00  0.0000000E+00  0.1368227E-02  0.0000000E+00
         1    27      6 -0.1707474E-02  0.1042381E-02  0.0000000E+00  0.0000000E+00  0.1641116E-02  0.0000000E+00
         1    27      7 -0.1994898E-02  0.1215762E-02  0.0000000E+00  0.0000000E+00  0.1913753E-02  0.0000000E+00
         1    27      8 -0.2283134E-02  0.1389043E-02  0.0000000E+00  0.0000000E+00  0.2186138E-02  0.0000000E+00
         1    27      9 -0.2572182E-02  0.1562225E-02  0.0000000E+00  0.0000000E+00  0.2458272E-02  0.0000000E+00
         1    27     10  0.2910038E-02 -0.8297710E-03  0.0000000E+00  0.0000000E+00  0.3404448E-02  0.1000000E-02

         1    28      0  0.0000000E+00  0.0000000E+00  0.0000000E+00  0.0000000E+00  0.0000000E+00  0.0000000E+00
         1    28      1  0.0000000E+00  0.0000000E+00  0.0000000E+00  0.0000000E+00  0.0000000E+00  0.0000000E+00
         1    28      2 -0.5016862E-03  0.2953631E-03  0.0000000E+00  0.0000000E+00  0.5480431E-03  0.0000000E+00
         1    28      3 -0.7537926E-03  0.4427729E-03  0.0000000E+00  0.0000000E+00  0.8216814E-03  0.0000000E+00
         1    28      4 -0.1006741E-02  0.5900016E-03  0.0000000E+00  0.0000000E+00  0.1095065E-02  0.0000000E+00
         1    28      5 -0.1260530E-02  0.7370492E-03  0.0000000E+00  0.0000000E+00  0.1368193E-02  0.0000000E+00
         1    28      6 -0.1515160E-02  0.8839158E-03  0.0000000E+00  0.0000000E+00  0.1641066E-02  0.0000000E+00
         1    28      7 -0.1770630E-02  0.1030601E-02  0.0000000E+00  0.0000000E+00  0.1913686E-02  0.0000000E+00
         1    28      8 -0.2026940E-02  0.1177106E-02  0.0000000E+00  0.0000000E+00  0.2186050E-02  0.0000000E+00
         1    28      9 -0.2284089E-02  0.1323430E-02  0.0000000E+00  0.0000000E+00  0.2458161E-02  0.0000000E+00
         1    28     10  0.2772325E-02 -0.5503549E-03  0.0000000E+00  0.0000000E+00  0.3447900E-02  0.1000000E-02

         1    29      0  0.0000000E+00  0.0000000E+00  0.0000000E+00  0.0000000E+00  0.0000000E+00  0.0000000E+00
         1    29      1  0.0000000E+00  0.0000000E+00  0.0000000E+00  0.0000000E+00  0.0000000E+00  0.0000000E+00
         1    29      2 -0.4473694E-03  0.2486957E-03  0.0000000E+00  0.0000000E+00  0.5480391E-03  0.0000000E+00
         1    29      3 -0.6723845E-03  0.3726442E-03  0.0000000E+00  0.0000000E+00  0.8216726E-03  0.0000000E+00
         1    29      4 -0.8982859E-03  0.4963267E-03  0.0000000E+00  0.0000000E+00  0.1095049E-02  0.0000000E+00
         1    29      5 -0.1125073E-02  0.6197432E-03  0.0000000E+00  0.0000000E+00  0.1368168E-02  0.0000000E+00
         1    29      6 -0.1352745E-02  0.7428938E-03  0.0000000E+00  0.0000000E+00  0.1641031E-02  0.0000000E+00
         1    29      7 -0.1581303E-02  0.8657786E-03  0.0000000E+00  0.0000000E+00  0.1913638E-02  0.0000000E+00
         1    29      8 -0.1810744E-02  0.9883977E-03  0.0000000E+00  0.0000000E+00  0.2185988E-02  0.0000000E+00
         1    29      9 -0.2041069E-02  0.1110751E-02  0.0000000E+00  0.0000000E+00  0.2458082E-02  0.0000000E+00
         1    29     10  0.2689291E-02 -0.2817934E-03  0.0000000E+00  0.0000000E+00  0.3491368E-02  0.1000000E-02

         1    30      0  0.0000000E+00  0.0000000E+00  0.0000000E+00  0.0000000E+00  0.0000000E+00  0.0000000E+00
         1    30      1  0.0000000E+00  0.0000000E+00  0.0000000E+00  0.0000000E+00  0.0000000E+00  0.0000000E+00
         1    30      2 -0.2857172E-03  0.2486957E-03  0.0000000E+00  0.0000000E+00  0.5480284E-03  0.0000000E+00
         1    30      3 -0.4301657E-03  0.3726442E-03  0.0000000E+00  0.0000000E+00  0.8216485E-03  0.0000000E+00
         1    30      4 -0.5756735E-03  0.4963267E-03  0.0000000E+00  0.0000000E+00  0.1095006E-02  0.0000000E+00
         1    30      5 -0.7222398E-03  0.6197432E-03  0.0000000E+00  0.0000000E+00  0.1368102E-02  0.0000000E+00
         1    30      6 -0.8698643E-03  0.7428938E-03  0.0000000E+00  0.0000000E+00  0.1640935E-02  0.0000000E+00
         1    30      7 -0.1018546E-02  0.8657786E-03  0.0000000E+00  0.0000000E+00  0.1913508E-02  0.0000000E+00
         1    30      8 -0.1168285E-02  0.9883977E-03  0.0000000E+00  0.0000000E+00  0.2185818E-02  0.0000000E+00
         1    30      9 -0.1319081E-02  0.1110751E-02  0.0000000E+00  0.0000000E+00  0.2457868E-02  0.0000000E+00
         1    30     10  0.2506222E-02 -0.2817934E-03  0.0000000E+00  0.0000000E+00  0.3632657E-02  0.1000000E-02

         1    31      0  0.0000000E+00  0.0000000E+00  0.0000000E+00  0.0000000E+00  0.0000000E+00  0.0000000E+00
         1    31      1  0.0000000E+00  0.0000000E+00  0.0000000E+00  0.0000000E+00  0.0000000E+00  0.0000000E+00
         1    31      2  0.1440134E-02  0.2258879E-03  0.0000000E+00  0.0000000E+00  0.3828744E-03  0.0000000E+00
         1    31      3  0.2156127E-02  0.3385331E-03  0.0000000E+00  0.0000000E+00  0.5746456E-03  0.0000000E+00
         1    31      4  0.2869405E-02  0.4509793E-03  0.0000000E+00  0.0000000E+00  0.7666399E-03  0.0000000E+00
         1    31      5  0.3579969E-02  0.5632265E-03  0.0000000E+00  0.0000000E+00  0.9588578E-03  0.0000000E+00
         1    31      6  0.4287820E-02  0.6752750E-03  0.0000000E+00  0.0000000E+00  0.1151300E-02  0.0000000E+00
         1    31      7  0.4992960E-02  0.7871247E-03  0.0000000E+00  0.0000000E+00  0.1343966E-02  0.0000000E+00
         1    31      8  0.5695388E-02  0.8987760E-03  0.0000000E+00  0.0000000E+00  0.1536857E-02  0.0000000E+00
         1    31      9  0.6395105E-02  0.1010229E-02  0.0000000E+00  0.0000000E+00  0.1729972E-02  0.0000000E+00
         1    31     10  0.1228670E-02 -0.6966857E-04  0.0000000E+00  0.0000000E+00  0.4691058E-02  0.1000000E-02

         1    32      0  0.0000000E+00  0.0000000E+00  0.0000000E+00  0.0000000E+00  0.0000000E+00  0.0000000E+00
         1    32      1  0.0000000E+00  0.0000000E+00  0.0000000E+00  0.0000000E+00  0.0000000E+00  0.0000000E+00
         1    32      2  0.1496606E-02  0.2258879E-03  0.0000000E+00  0.0000000E+00  0.3828710E-03  0.0000000E+00
         1    32      3  0.2240760E-02  0.3385331E-03  0.0000000E+00  0.0000000E+00  0.5746380E-03  0.0000000E+00
         1    32      4  0.2982150E-02  0.4509793E-03  0.0000000E+00  0.0000000E+00  0.7666264E-03  0.0000000E+00
         1    32      5  0.3720776E-02  0.5632265E-03  0.0000000E+00  0.0000000E+00  0.9588366E-03  0.0000000E+00
         1    32      6  0.4456639E-02  0.6752750E-03  0.0000000E+00  0.0000000E+00  0.1151269E-02  0.0000000E+00
         1    32      7  0.5189741E-02  0.7871247E-03  0.0000000E+00  0.0000000E+00  0.1343924E-02  0.0000000E+00
         1    32      8  0.5920082E-02  0.8987760E-03  0.0000000E+00  0.0000000E+00  0.1536803E-02  0.0000000E+00
         1    32      9  0.6647662E-02  0.1010229E-02  0.0000000E+00  0.0000000E+00  0.1729904E-02  0.0000000E+00
         1    32     10  0.1211262E-02 -0.6966857E-04  0.0000000E+00  0.0000000E+00  0.4745405E-02  0.1000000E-02

         1    33      0  0.0000000E+00  0.0000000E+00  0.0000000E+00  0.0000000E+00  0.0000000E+00  0.0000000E+00
         1    33      1  0.0000000E+00  0.0000000E+00  0.0000000E+00  0.0000000E+00  0.0000000E+00  0.0000000E+00
         1    33      2  0.1530491E-02  0.2259164E-03  0.0000000E+00  0.0000000E+00  0.3828690E-03  0.0000000E+00
         1    33      3  0.2291545E-02  0.3385969E-03  0.0000000E+00  0.0000000E+00  0.5746334E-03  0.0000000E+00
         1    33      4  0.3049805E-02  0.4510923E-03  0.0000000E+00  0.0000000E+00  0.7666182E-03  0.0000000E+00
         1    33      5  0.3805273E-02  0.5634024E-03  0.0000000E+00  0.0000000E+00  0.9588239E-03  0.0000000E+00
         1    33      6  0.4557949E-02  0.6755274E-03  0.0000000E+00  0.0000000E+00  0.1151251E-02  0.0000000E+00
         1    33      7  0.5307835E-02  0.7874670E-03  0.0000000E+00  0.0000000E+00  0.1343900E-02  0.0000000E+00
         1    33      8  0.6054931E-02  0.8992213E-03  0.0000000E+00  0.0000000E+00  0.1536770E-02  0.0000000E+00
         1    33      9  0.6799239E-02  0.1010790E-02  0.0000000E+00  0.0000000E+00  0.1729863E-02  0.0000000E+00
         1    33     10  0.1200819E-02 -0.6965050E-04  0.0000000E+00  0.0000000E+00  0.4778013E-02  0.1000000E-02

         1    34      0  0.0000000E+00  0.0000000E+00  0.0000000E+00  0.0000000E+00  0.0000000E+00  0.0000000E+00
         1    34      1  0.0000000E+00  0.0000000E+00  0.0000000E+00  0.0000000E+00  0.0000000E+00  0.0000000E+00
         1    34      2  0.1586970E-02  0.2259164E-03  0.0000000E+00  0.0000000E+00  0.3828656E-03  0.0000000E+00
         1    34      3  0.2376194E-02  0.3385969E-03  0.0000000E+00  0.0000000E+00  0.5746257E-03  0.0000000E+00
         1    34      4  0.3162578E-02  0.4510923E-03  0.0000000E+00  0.0000000E+00  0.7666047E-03  0.0000000E+00
         1    34      5  0.3946124E-02  0.5634024E-03  0.0000000E+00  0.0000000E+00  0.9588028E-03  0.0000000E+00
         1    34      6  0.4726831E-02  0.6755274E-03  0.0000000E+00  0.0000000E+00  0.1151221E-02  0.0000000E+00
         1    34      7  0.5504702E-02  0.7874670E-03  0.0000000E+00  0.0000000E+00  0.1343858E-02  0.0000000E+00
         1    34      8  0.6279737E-02  0.8992213E-03  0.0000000E+00  0.0000000E+00  0.1536716E-02  0.0000000E+00
         1    34      9  0.7051936E-02  0.1010790E-02  0.0000000E+00  0.0000000E+00  0.1729795E-02  0.0000000E+00
         1    34     10  0.1183416E-02 -0.6965050E-04  0.0000000E+00  0.0000000E+00  0.4832360E-02  0.1000000E-02

         1    35      0  0.0000000E+00  0.0000000E+00  0.0000000E+00  0.0000000E+00  0.0000000E+00  0.0000000E+00
         1    35      1  0.0000000E+00  0.0000000E+00  0.0000000E+00  0.0000000E+00  0.0000000E+00  0.0000000E+00
         1    35      2  0.1620300E-02  0.9104489E-04  0.0000000E+00  0.0000000E+00  0.3828641E-03  0.0000000E+00
         1    35      3  0.2426168E-02  0.1366489E-03  0.0000000E+00  0.0000000E+00  0.5746224E-03  0.0000000E+00
         1    35      4  0.3229183E-02  0.1823072E-03  0.0000000E+00  0.0000000E+00  0.7665987E-03  0.0000000E+00
         1    35      5  0.4029345E-02  0.2280196E-03  0.0000000E+00  0.0000000E+00  0.9587935E-03  0.0000000E+00
         1    35      6  0.4826656E-02  0.2737861E-03  0.0000000E+00  0.0000000E+00  0.1151207E-02  0.0000000E+00
         1    35      7  0.5621116E-02  0.3196064E-03  0.0000000E+00  0.0000000E+00  0.1343840E-02  0.0000000E+00
         1    35      8  0.6412726E-02  0.3654805E-03  0.0000000E+00  0.0000000E+00  0.1536693E-02  0.0000000E+00
         1    35      9  0.7201487E-02  0.4114083E-03  0.0000000E+00  0.0000000E+00  0.1729765E-02  0.0000000E+00
         1    35     10  0.1158425E-02 -0.1681290E-03  0.0000000E+00  0.0000000E+00  0.4878011E-02  0.1000000E-02

         1    36      0  0.0000000E+00  0.0000000E+00  0.0000000E+00  0.0000000E+00  0.0000000E+00  0.0000000E+00
         1    36      1  0.0000000E+00  0.0000000E+00  0.0000000E+00  0.0000000E+00  0.0000000E+00  0.0000000E+00
         1    36      2  0.1625097E-02 -0.4542987E-04  0.0000000E+00  0.0000000E+00  0.3828640E-03  0.0000000E+00
         1    36      3  0.2433418E-02 -0.6770539E-04  0.0000000E+00  0.0000000E+00  0.5746221E-03  0.0000000E+00
         1    36      4  0.3238922E-02 -0.8968821E-04  0.0000000E+00  0.0000000E+00  0.7665982E-03  0.0000000E+00
         1    36      5  0.4041611E-02 -0.1113785E-03  0.0000000E+00  0.0000000E+00  0.9587927E-03  0.0000000E+00
         1    36      6  0.4841484E-02 -0.1327766E-03  0.0000000E+00  0.0000000E+00  0.1151206E-02  0.0000000E+00
         1    36      7  0.5638542E-02 -0.1538825E-03  0.0000000E+00  0.0000000E+00  0.1343839E-02  0.0000000E+00
         1    36      8  0.6432788E-02 -0.1746964E-03  0.0000000E+00  0.0000000E+00  0.1536691E-02  0.0000000E+00
         1    36      9  0.7224220E-02 -0.1952187E-03  0.0000000E+00  0.0000000E+00  0.1729763E-02  0.0000000E+00
         1    36     10  0.1113046E-02 -0.2636484E-03  0.0000000E+00  0.0000000E+00  0.4923660E-02  0.1000000E-02

         1    37      0  0.0000000E+00  0.0000000E+00  0.0000000E+00  0.0000000E+00  0.0000000E+00  0.0000000E+00
         1    37      1  0.0000000E+00  0.0000000E+00  0.0000000E+00  0.0000000E+00  0.0000000E+00  0.0000000E+00
         1    37      2  0.1595567E-02 -0.4542987E-04  0.0000000E+00  0.0000000E+00  0.3828636E-03  0.0000000E+00
         1    37      3  0.2389409E-02 -0.6770539E-04  0.0000000E+00  0.0000000E+00  0.5746213E-03  0.0000000E+00
         1    37      4  0.3180625E-02 -0.8968821E-04  0.0000000E+00  0.0000000E+00  0.7665968E-03  0.0000000E+00
         1    37      5  0.3969215E-02 -0.1113785E-03  0.0000000E+00  0.0000000E+00  0.9587906E-03  0.0000000E+00
         1    37      6  0.4755179E-02 -0.1327766E-03  0.0000000E+00  0.0000000E+00  0.1151203E-02  0.0000000E+00
         1    37      7  0.5538519E-02 -0.1538825E-03  0.0000000E+00  0.0000000E+00  0.1343834E-02  0.0000000E+00
         1    37      8  0.6319235E-02 -0.1746964E-03  0.0000000E+00  0.0000000E+00  0.1536685E-02  0.0000000E+00
         1    37      9  0.7097328E-02 -0.1952187E-03  0.0000000E+00  0.0000000E+00  0.1729756E-02  0.0000000E+00
         1    37     10  0.9417662E-03 -0.2636484E-03  0.0000000E+00  0.0000000E+00  0.5064951E-02  0.1000000E-02

         1    38      0  0.0000000E+00  0.0000000E+00  0.0000000E+00  0.0000000E+00  0.0000000E+00  0.0000000E+00
         1    38      1  0.0000000E+00  0.0000000E+00  0.0000000E+00  0.0000000E+00  0.0000000E+00  0.0000000E+00
         1    38      2  0.1073479E-02 -0.9812880E-04  0.0000000E+00  0.0000000E+00  0.1264429E-05  0.0000000E+00
         1    38      3  0.1609747E-02 -0.1466678E-03  0.0000000E+00  0.0000000E+00  0.2845064E-05  0.0000000E+00
         1    38      4  0.2145701E-02 -0.1948568E-03  0.0000000E+00  0.0000000E+00  0.5058615E-05  0.0000000E+00
         1    38      5  0.2681341E-02 -0.2426960E-03  0.0000000E+00  0.0000000E+00  0.7905554E-05  0.0000000E+00
         1    38      6  0.3216666E-02 -0.2901855E-03  0.0000000E+00  0.0000000E+00  0.1138635E-04  0.0000000E+00
         1    38      7  0.3751677E-02 -0.3373255E-03  0.0000000E+00  0.0000000E+00  0.1550148E-04  0.0000000E+00
         1    38      8  0.4286372E-02 -0.3841163E-03  0.0000000E+00  0.0000000E+00  0.2025141E-04  0.0000000E+00
         1    38      9  0.4820753E-02 -0.4305579E-03  0.0000000E+00  0.0000000E+00  0.2563661E-04  0.0000000E+00
         1    38     10 -0.3088721E-05  0.3686587E-05  0.0000000E+00  0.0000000E+00  0.6522972E-02  0.1000000E-02

         1    39      0  0.0000000E+00  0.0000000E+00  0.0000000E+00  0.0000000E+00  0.0000000E+00  0.0000000E+00
         1    39      1  0.0000000E+00  0.0000000E+00  0.0000000E+00  0.0000000E+00  0.0000000E+00  0.0000000E+00
         1    39      2  0.1009695E-02 -0.9812880E-04  0.0000000E+00  0.0000000E+00  0.1262760E-05  0.0000000E+00
         1    39      3  0.1514413E-02 -0.1466678E-03  0.0000000E+00  0.0000000E+00  0.2841334E-05  0.0000000E+00
         1    39      4  0.2019044E-02 -0.1948568E-03  0.0000000E+00  0.0000000E+00  0.5052030E-05  0.0000000E+00
         1    39      5  0.2523589E-02 -0.2426960E-03  0.0000000E+00  0.0000000E+00  0.7895340E-05  0.0000000E+00
         1    39      6  0.3028046E-02 -0.2901855E-03  0.0000000E+00  0.0000000E+00  0.1137175E-04  0.0000000E+00
         1    39      7  0.3532415E-02 -0.3373255E-03  0.0000000E+00  0.0000000E+00  0.1548175E-04  0.0000000E+00
         1    39      8  0.4036697E-02 -0.3841163E-03  0.0000000E+00  0.0000000E+00  0.2022583E-04  0.0000000E+00
         1    39      9  0.4540890E-02 -0.4305579E-03  0.0000000E+00  0.0000000E+00  0.2560446E-04  0.0000000E+00
         1    39     10 -0.6937172E-06  0.3686587E-05  0.0000000E+00  0.0000000E+00  0.6664275E-02  0.1000000E-02

         1    40      0  0.0000000E+00  0.0000000E+00  0.0000000E+00  0.0000000E+00  0.0000000E+00  0.0000000E+00
         1    40      1  0.0000000E+00  0.0000000E+00  0.0000000E+00  0.0000000E+00  0.0000000E+00  0.0000000E+00
         1    40      2  0.9999671E-03  0.6912736E-06  0.0000000E+00  0.0000000E+00  0.1262590E-05  0.0000000E+00
         1    40      3  0.1499925E-02  0.1554703E-05  0.0000000E+00  0.0000000E+00  0.2840957E-05  0.0000000E+00
         1    40      4  0.1999867E-02  0.2763036E-05  0.0000000E+00  0.0000000E+00  0.5051366E-05  0.0000000E+00
         1    40      5  0.2499790E-02  0.4316054E-05  0.0000000E+00  0.0000000E+00  0.7894313E-05  0.0000000E+00
         1    40      6  0.2999695E-02  0.6213541E-05  0.0000000E+00  0.0000000E+00  0.1137029E-04  0.0000000E+00
         1    40      7  0.3499582E-02  0.8455279E-05  0.0000000E+00  0.0000000E+00  0.1547978E-04  0.0000000E+00
         1    40      8  0.3999450E-02  0.1104105E-04  0.0000000E+00  0.0000000E+00  0.2022328E-04  0.0000000E+00
         1    40      9  0.4499300E-02  0.1397065E-04  0.0000000E+00  0.0000000E+00  0.2560127E-04  0.0000000E+00
         1    40     10  0.3878673E-07  0.3654382E-05  0.0000000E+00  0.0000000E+00  0.6707752E-02  0.1000000E-02

         1    41      0  0.0000000E+00  0.0000000E+00  0.0000000E+00  0.0000000E+00  0.0000000E+00  0.0000000E+00
         1    41      1  0.0000000E+00  0.0000000E+00  0.0000000E+00  0.0000000E+00  0.0000000E+00  0.0000000E+00
         1    41      2  0.1007406E-02  0.7378724E-04  0.0000000E+00  0.0000000E+00  0.1262492E-05  0.0000000E+00
         1    41      3  0.1511187E-02  0.1112006E-03  0.0000000E+00  0.0000000E+00  0.2840734E-05  0.0000000E+00
         1    41      4  0.2015020E-02  0.1489601E-03  0.0000000E+00  0.0000000E+00  0.5050965E-05  0.0000000E+00
         1    41      5  0.2518905E-02  0.1870655E-03  0.0000000E+00  0.0000000E+00  0.7893677E-05  0.0000000E+00
         1    41      6  0.3022840E-02  0.2255166E-03  0.0000000E+00  0.0000000E+00  0.1136936E-04  0.0000000E+00
         1    41      7  0.3526826E-02  0.2643131E-03  0.0000000E+00  0.0000000E+00  0.1547850E-04  0.0000000E+00
         1    41      8  0.4030862E-02  0.3034548E-03  0.0000000E+00  0.0000000E+00  0.2022159E-04  0.0000000E+00
         1    41      9  0.4534947E-02  0.3429414E-03  0.0000000E+00  0.0000000E+00  0.2559910E-04  0.0000000E+00
         1    41     10  0.7713323E-06  0.3683881E-05  0.0000000E+00  0.0000000E+00  0.6751230E-02  0.1000000E-02

         1    42      0  0.0000000E+00  0.0000000E+00  0.0000000E+00  0.0000000E+00  0.0000000E+00  0.0000000E+00
         1    42      1  0.0000000E+00  0.0000000E+00  0.0000000E+00  0.0000000E+00  0.0000000E+00  0.0000000E+00
         1    42      2  0.1055368E-02  0.7378724E-04  0.0000000E+00  0.0000000E+00  0.1261548E-05  0.0000000E+00
         1    42      3  0.1583468E-02  0.1112006E-03  0.0000000E+00  0.0000000E+00  0.2838590E-05  0.0000000E+00
         1    42      4  0.2111844E-02  0.1489601E-03  0.0000000E+00  0.0000000E+00  0.5047117E-05  0.0000000E+00
         1    42      5  0.2640497E-02  0.1870655E-03  0.0000000E+00  0.0000000E+00  0.7887609E-05  0.0000000E+00
         1    42      6  0.3169426E-02  0.2255166E-03  0.0000000E+00  0.0000000E+00  0.1136054E-04  0.0000000E+00
         1    42      7  0.3698629E-02  0.2643131E-03  0.0000000E+00  0.0000000E+00  0.1546639E-04  0.0000000E+00
         1    42      8  0.4228107E-02  0.3034548E-03  0.0000000E+00  0.0000000E+00  0.2020562E-04  0.0000000E+00
         1    42      9  0.4757859E-02  0.3429414E-03  0.0000000E+00  0.0000000E+00  0.2557870E-04  0.0000000E+00
         1    42     10  0.3164579E-05  0.3683881E-05  0.0000000E+00  0.0000000E+00  0.6892533E-02  0.1000000E-02

         1    43      0  0.0000000E+00  0.0000000E+00  0.0000000E+00  0.0000000E+00  0.0000000E+00  0.0000000E+00
         1    43      1  0.0000000E+00  0.0000000E+00  0.0000000E+00  0.0000000E+00  0.0000000E+00  0.0000000E+00
         1    43      2  0.1579691E-02  0.7378724E-04  0.0000000E+00  0.0000000E+00  0.1251227E-05  0.0000000E+00
         1    43      3  0.2373646E-02  0.1112006E-03  0.0000000E+00  0.0000000E+00  0.2815148E-05  0.0000000E+00
         1    43      4  0.3170338E-02  0.1489601E-03  0.0000000E+00  0.0000000E+00  0.5005053E-05  0.0000000E+00
         1    43      5  0.3969764E-02  0.1870655E-03  0.0000000E+00  0.0000000E+00  0.7821271E-05  0.0000000E+00
         1    43      6  0.4771921E-02  0.2255166E-03  0.0000000E+00  0.0000000E+00  0.1126413E-04  0.0000000E+00
         1    43      7  0.5576808E-02  0.2643131E-03  0.0000000E+00  0.0000000E+00  0.1533395E-04  0.0000000E+00
         1    43      8  0.6384423E-02  0.3034548E-03  0.0000000E+00  0.0000000E+00  0.2003105E-04  0.0000000E+00
         1    43      9  0.7194762E-02  0.3429414E-03  0.0000000E+00  0.0000000E+00  0.2535575E-04  0.0000000E+00
         1    43     10  0.2932787E-04  0.3683881E-05  0.0000000E+00  0.0000000E+00  0.8437276E-02  0.1000000E-02

         1    44      0  0.0000000E+00  0.0000000E+00  0.0000000E+00  0.0000000E+00  0.0000000E+00  0.0000000E+00
         1    44      1  0.0000000E+00  0.0000000E+00  0.0000000E+00  0.0000000E+00  0.0000000E+00  0.0000000E+00
         1    44      2  0.1627653E-02  0.7378724E-04  0.0000000E+00  0.0000000E+00  0.1250283E-05  0.0000000E+00
         1    44      3  0.2445927E-02  0.1112006E-03  0.0000000E+00  0.0000000E+00  0.2813004E-05  0.0000000E+00
         1    44      4  0.3267162E-02  0.1489601E-03  0.0000000E+00  0.0000000E+00  0.5001205E-05  0.0000000E+00
         1    44      5  0.4091356E-02  0.1870655E-03  0.0000000E+00  0.0000000E+00  0.7815203E-05  0.0000000E+00
         1    44      6  0.4918507E-02  0.2255166E-03  0.0000000E+00  0.0000000E+00  0.1125531E-04  0.0000000E+00
         1    44      7  0.5748612E-02  0.2643131E-03  0.0000000E+00  0.0000000E+00  0.1532184E-04  0.0000000E+00
         1    44      8  0.6581668E-02  0.3034548E-03  0.0000000E+00  0.0000000E+00  0.2001508E-04  0.0000000E+00
         1    44      9  0.7417674E-02  0.3429414E-03  0.0000000E+00  0.0000000E+00  0.2533536E-04  0.0000000E+00
         1    44     10  0.3172111E-04  0.3683881E-05  0.0000000E+00  0.0000000E+00  0.8578579E-02  0.1000000E-02

         1    45      0  0.0000000E+00  0.0000000E+00  0.0000000E+00  0.0000000E+00  0.0000000E+00  0.0000000E+00
         1    45      1  0.0000000E+00  0.0000000E+00  0.0000000E+00  0.0000000E+00  0.0000000E+00  0.0000000E+00
         1    45      2  0.1626307E-02 -0.8722989E-04  0.0000000E+00  0.0000000E+00  0.1250165E-05  0.0000000E+00
         1    45      3  0.2443967E-02 -0.1307682E-03  0.0000000E+00  0.0000000E+00  0.2812738E-05  0.0000000E+00
         1    45      4  0.3264628E-02 -0.1742554E-03  0.0000000E+00  0.0000000E+00  0.5000732E-05  0.0000000E+00
         1    45      5  0.4088289E-02 -0.2176915E-03  0.0000000E+00  0.0000000E+00  0.7814462E-05  0.0000000E+00
         1    45      6  0.4914945E-02 -0.2610765E-03  0.0000000E+00  0.0000000E+00  0.1125424E-04  0.0000000E+00
         1    45      7  0.5744595E-02 -0.3044104E-03  0.0000000E+00  0.0000000E+00  0.1532037E-04  0.0000000E+00
         1    45      8  0.6577237E-02 -0.3476932E-03  0.0000000E+00  0.0000000E+00  0.2001317E-04  0.0000000E+00
         1    45      9  0.7412868E-02 -0.3909249E-03  0.0000000E+00  0.0000000E+00  0.2533293E-04  0.0000000E+00
         1    45     10  0.3214234E-04  0.5237009E-06  0.0000000E+00  0.0000000E+00  0.8622056E-02  0.1000000E-02

         1    46      0  0.0000000E+00  0.0000000E+00  0.0000000E+00  0.0000000E+00  0.0000000E+00  0.0000000E+00
         1    46      1  0.0000000E+00  0.0000000E+00  0.0000000E+00  0.0000000E+00  0.0000000E+00  0.0000000E+00
         1    46      2  0.1592876E-02 -0.2465261E-03  0.0000000E+00  0.0000000E+00  0.1248561E-05  0.0000000E+00
         1    46      3  0.2393792E-02 -0.3701571E-03  0.0000000E+00  0.0000000E+00  0.2809125E-05  0.0000000E+00
         1    46      4  0.3197689E-02 -0.4940331E-03  0.0000000E+00  0.0000000E+00  0.4994300E-05  0.0000000E+00
         1    46      5  0.4004566E-02 -0.6181538E-03  0.0000000E+00  0.0000000E+00  0.7804398E-05  0.0000000E+00
         1    46      6  0.4814420E-02 -0.7425190E-03  0.0000000E+00  0.0000000E+00  0.1123973E-04  0.0000000E+00
         1    46      7  0.5627248E-02 -0.8671284E-03  0.0000000E+00  0.0000000E+00  0.1530060E-04  0.0000000E+00
         1    46      8  0.6443048E-02 -0.9919817E-03  0.0000000E+00  0.0000000E+00  0.1998730E-04  0.0000000E+00
         1    46      9  0.7261818E-02 -0.1117079E-02  0.0000000E+00  0.0000000E+00  0.2530015E-04  0.0000000E+00
         1    46     10  0.3192979E-04 -0.2646806E-05  0.0000000E+00  0.0000000E+00  0.8665534E-02  0.1000000E-02

         1    47      0  0.0000000E+00  0.0000000E+00  0.0000000E+00  0.0000000E+00  0.0000000E+00  0.0000000E+00
         1    47      1  0.0000000E+00  0.0000000E+00  0.0000000E+00  0.0000000E+00  0.0000000E+00  0.0000000E+00
         1    47      2  0.1432634E-02 -0.2465261E-03  0.0000000E+00  0.0000000E+00  0.1238022E-05  0.0000000E+00
         1    47      3  0.2153189E-02 -0.3701571E-03  0.0000000E+00  0.0000000E+00  0.2785365E-05  0.0000000E+00
         1    47      4  0.2876568E-02 -0.4940331E-03  0.0000000E+00  0.0000000E+00  0.4951976E-05  0.0000000E+00
         1    47      5  0.3602766E-02 -0.6181538E-03  0.0000000E+00  0.0000000E+00  0.7738137E-05  0.0000000E+00
         1    47      6  0.4331783E-02 -0.7425190E-03  0.0000000E+00  0.0000000E+00  0.1114412E-04  0.0000000E+00
         1    47      7  0.5063615E-02 -0.8671284E-03  0.0000000E+00  0.0000000E+00  0.1517021E-04  0.0000000E+00
         1    47      8  0.5798260E-02 -0.9919817E-03  0.0000000E+00  0.0000000E+00  0.1981667E-04  0.0000000E+00
         1    47      9  0.6535717E-02 -0.1117079E-02  0.0000000E+00  0.0000000E+00  0.2508376E-04  0.0000000E+00
         1    47     10  0.3021028E-04 -0.2646806E-05  0.0000000E+00  0.0000000E+00  0.8806837E-02  0.1000000E-02

         1    48      0  0.0000000E+00  0.0000000E+00  0.0000000E+00  0.0000000E+00  0.0000000E+00  0.0000000E+00
         1    48      1  0.0000000E+00  0.0000000E+00  0.0000000E+00  0.0000000E+00  0.0000000E+00  0.0000000E+00
         1    48      2 -0.3191527E-03 -0.2465261E-03  0.0000000E+00  0.0000000E+00  0.1122810E-05  0.0000000E+00
         1    48      3 -0.4771052E-03 -0.3701571E-03  0.0000000E+00  0.0000000E+00  0.2525621E-05  0.0000000E+00
         1    48      4 -0.6339759E-03 -0.4940331E-03  0.0000000E+00  0.0000000E+00  0.4489290E-05  0.0000000E+00
         1    48      5 -0.7897654E-03 -0.6181538E-03  0.0000000E+00  0.0000000E+00  0.7013755E-05  0.0000000E+00
         1    48      6 -0.9444743E-03 -0.7425190E-03  0.0000000E+00  0.0000000E+00  0.1009895E-04  0.0000000E+00
         1    48      7 -0.1098103E-02 -0.8671284E-03  0.0000000E+00  0.0000000E+00  0.1374480E-04  0.0000000E+00
         1    48      8 -0.1250653E-02 -0.9919817E-03  0.0000000E+00  0.0000000E+00  0.1795122E-04  0.0000000E+00
         1    48      9 -0.1402124E-02 -0.1117079E-02  0.0000000E+00  0.0000000E+00  0.2271815E-04  0.0000000E+00
         1    48     10  0.1141241E-04 -0.2646806E-05  0.0000000E+00  0.0000000E+00  0.1035158E-01  0.1000000E-02

         1    49      0  0.0000000E+00  0.0000000E+00  0.0000000E+00  0.0000000E+00  0.0000000E+00  0.0000000E+00
         1    49      1  0.0000000E+00  0.0000000E+00  0.0000000E+00  0.0000000E+00  0.0000000E+00  0.0000000E+00
         1    49      2 -0.4793947E-03 -0.2465261E-03  0.0000000E+00  0.0000000E+00  0.1112271E-05  0.0000000E+00
         1    49      3 -0.7177074E-03 -0.3701571E-03  0.0000000E+00  0.0000000E+00  0.2501861E-05  0.0000000E+00
         1    49      4 -0.9550974E-03 -0.4940331E-03  0.0000000E+00  0.0000000E+00  0.4446967E-05  0.0000000E+00
         1    49      5 -0.1191565E-02 -0.6181538E-03  0.0000000E+00  0.0000000E+00  0.6947493E-05  0.0000000E+00
         1    49      6 -0.1427112E-02 -0.7425190E-03  0.0000000E+00  0.0000000E+00  0.1000334E-04  0.0000000E+00
         1    49      7 -0.1661737E-02 -0.8671284E-03  0.0000000E+00  0.0000000E+00  0.1361441E-04  0.0000000E+00
         1    49      8 -0.1895441E-02 -0.9919817E-03  0.0000000E+00  0.0000000E+00  0.1778059E-04  0.0000000E+00
         1    49      9 -0.2128225E-02 -0.1117079E-02  0.0000000E+00  0.0000000E+00  0.2250176E-04  0.0000000E+00
         1    49     10  0.9692904E-05 -0.2646806E-05  0.0000000E+00  0.0000000E+00  0.1049288E-01  0.1000000E-02

         1    50      0  0.0000000E+00  0.0000000E+00  0.0000000E+00  0.0000000E+00  0.0000000E+00  0.0000000E+00
         1    50      1  0.0000000E+00  0.0000000E+00  0.0000000E+00  0.0000000E+00  0.0000000E+00  0.0000000E+00
         1    50      2 -0.5323197E-03 -0.2833664E-03  0.0000000E+00  0.0000000E+00  0.1108529E-05  0.0000000E+00
         1    50      3 -0.7971585E-03 -0.4253191E-03  0.0000000E+00  0.0000000E+00  0.2493427E-05  0.0000000E+00
         1    50      4 -0.1061117E-02 -0.5674510E-03  0.0000000E+00  0.0000000E+00  0.4431949E-05  0.0000000E+00
         1    50      5 -0.1324196E-02 -0.7097621E-03  0.0000000E+00  0.0000000E+00  0.6923992E-05  0.0000000E+00
         1    50      6 -0.1586395E-02 -0.8522520E-03  0.0000000E+00  0.0000000E+00  0.9969445E-05  0.0000000E+00
         1    50      7 -0.1847716E-02 -0.9949207E-03  0.0000000E+00  0.0000000E+00  0.1356820E-04  0.0000000E+00
         1    50      8 -0.2108158E-02 -0.1137768E-02  0.0000000E+00  0.0000000E+00  0.1772013E-04  0.0000000E+00
         1    50      9 -0.2367722E-02 -0.1280793E-02  0.0000000E+00  0.0000000E+00  0.2242513E-04  0.0000000E+00
         1    50     10  0.9233264E-05 -0.1957633E-05  0.0000000E+00  0.0000000E+00  0.1053636E-01  0.1000000E-02

         1    51      0  0.0000000E+00  0.0000000E+00  0.0000000E+00  0.0000000E+00  0.0000000E+00  0.0000000E+00
         1    51      1  0.0000000E+00  0.0000000E+00  0.0000000E+00  0.0000000E+00  0.0000000E+00  0.0000000E+00
         1    51      2 -0.5944315E-03 -0.3387716E-03  0.0000000E+00  0.0000000E+00  0.1103369E-05  0.0000000E+00
         1    51      3 -0.8903673E-03 -0.5082989E-03  0.0000000E+00  0.0000000E+00  0.2481808E-05  0.0000000E+00
         1    51      4 -0.1185450E-02 -0.6779203E-03  0.0000000E+00  0.0000000E+00  0.4411275E-05  0.0000000E+00
         1    51      5 -0.1479681E-02 -0.8476356E-03  0.0000000E+00  0.0000000E+00  0.6891659E-05  0.0000000E+00
         1    51      6 -0.1773059E-02 -0.1017445E-02  0.0000000E+00  0.0000000E+00  0.9922846E-05  0.0000000E+00
         1    51      7 -0.2065585E-02 -0.1187347E-02  0.0000000E+00  0.0000000E+00  0.1350472E-04  0.0000000E+00
         1    51      8 -0.2357260E-02 -0.1357343E-02  0.0000000E+00  0.0000000E+00  0.1763715E-04  0.0000000E+00
         1    51      9 -0.2648085E-02 -0.1527433E-02  0.0000000E+00  0.0000000E+00  0.2232001E-04  0.0000000E+00
         1    51     10  0.8931715E-05 -0.1064415E-05  0.0000000E+00  0.0000000E+00  0.1057984E-01  0.1000000E-02

         1    52      0  0.0000000E+00  0.0000000E+00  0.0000000E+00  0.0000000E+00  0.0000000E+00  0.0000000E+00
         1    52      1  0.0000000E+00  0.0000000E+00  0.0000000E+00  0.0000000E+00  0.0000000E+00  0.0000000E+00
         1    52      2 -0.8146331E-03 -0.3387716E-03  0.0000000E+00  0.0000000E+00  0.1083467E-05  0.0000000E+00
         1    52      3 -0.1220762E-02 -0.5082989E-03  0.0000000E+00  0.0000000E+00  0.2437005E-05  0.0000000E+00
         1    52      4 -0.1626098E-02 -0.6779203E-03  0.0000000E+00  0.0000000E+00  0.4331580E-05  0.0000000E+00
         1    52      5 -0.2030644E-02 -0.8476356E-03  0.0000000E+00  0.0000000E+00  0.6767068E-05  0.0000000E+00
         1    52      6 -0.2434398E-02 -0.1017445E-02  0.0000000E+00  0.0000000E+00  0.9743335E-05  0.0000000E+00
         1    52      7 -0.2837362E-02 -0.1187347E-02  0.0000000E+00  0.0000000E+00  0.1326025E-04  0.0000000E+00
         1    52      8 -0.3239535E-02 -0.1357343E-02  0.0000000E+00  0.0000000E+00  0.1731767E-04  0.0000000E+00
         1    52      9 -0.3640917E-02 -0.1527433E-02  0.0000000E+00  0.0000000E+00  0.2191545E-04  0.0000000E+00
         1    52     10  0.8240214E-05 -0.1064415E-05  0.0000000E+00  0.0000000E+00  0.1072114E-01  0.1000000E-02

         1    53      0  0.0000000E+00  0.0000000E+00  0.0000000E+00  0.0000000E+00  0.0000000E+00  0.0000000E+00
         1    53      1  0.0000000E+00  0.0000000E+00  0.0000000E+00  0.0000000E+00  0.0000000E+00  0.0000000E+00
         1    53      2 -0.3004065E-02 -0.2634003E-03  0.0000000E+00  0.0000000E+00  0.5468560E-03  0.0000000E+00
         1    53      3 -0.4505877E-02 -0.3952883E-03  0.0000000E+00  0.0000000E+00  0.8207601E-03  0.0000000E+00
         1    53      4 -0.6007539E-02 -0.5273014E-03  0.0000000E+00  0.0000000E+00  0.1094981E-02  0.0000000E+00
         1    53      5 -0.7509053E-02 -0.6594394E-03  0.0000000E+00  0.0000000E+00  0.1369519E-02  0.0000000E+00
         1    53      6 -0.9010416E-02 -0.7917022E-03  0.0000000E+00  0.0000000E+00  0.1644372E-02  0.0000000E+00
         1    53      7 -0.1051163E-01 -0.9240897E-03  0.0000000E+00  0.0000000E+00  0.1919542E-02  0.0000000E+00
         1    53      8 -0.1201269E-01 -0.1056602E-02  0.0000000E+00  0.0000000E+00  0.2195027E-02  0.0000000E+00
         1    53      9 -0.1351359E-01 -0.1189238E-02  0.0000000E+00  0.0000000E+00  0.2470826E-02  0.0000000E+00
         1    53     10  0.9693637E-03  0.2655019E-03  0.0000000E+00  0.0000000E+00  0.1217360E-01  0.1000000E-02

         1    54      0  0.0000000E+00  0.0000000E+00  0.0000000E+00  0.0000000E+00  0.0000000E+00  0.0000000E+00
         1    54      1  0.0000000E+00  0.0000000E+00  0.0000000E+00  0.0000000E+00  0.0000000E+00  0.0000000E+00
         1    54      2 -0.3069915E-02 -0.2634003E-03  0.0000000E+00  0.0000000E+00  0.5468514E-03  0.0000000E+00
         1    54      3 -0.4604699E-02 -0.3952883E-03  0.0000000E+00  0.0000000E+00  0.8207497E-03  0.0000000E+00
         1    54      4 -0.6139365E-02 -0.5273014E-03  0.0000000E+00  0.0000000E+00  0.1094963E-02  0.0000000E+00
         1    54      5 -0.7673913E-02 -0.6594394E-03  0.0000000E+00  0.0000000E+00  0.1369490E-02  0.0000000E+00
         1    54      6 -0.9208341E-02 -0.7917022E-03  0.0000000E+00  0.0000000E+00  0.1644331E-02  0.0000000E+00
         1    54      7 -0.1074265E-01 -0.9240897E-03  0.0000000E+00  0.0000000E+00  0.1919485E-02  0.0000000E+00
         1    54      8 -0.1227684E-01 -0.1056602E-02  0.0000000E+00  0.0000000E+00  0.2194952E-02  0.0000000E+00
         1    54      9 -0.1381090E-01 -0.1189238E-02  0.0000000E+00  0.0000000E+00  0.2470732E-02  0.0000000E+00
         1    54     10  0.1035704E-02  0.2655019E-03  0.0000000E+00  0.0000000E+00  0.1222794E-01  0.1000000E-02

         1    55      0  0.0000000E+00  0.0000000E+00  0.0000000E+00  0.0000000E+00  0.0000000E+00  0.0000000E+00
         1    55      1  0.0000000E+00  0.0000000E+00  0.0000000E+00  0.0000000E+00  0.0000000E+00  0.0000000E+00
         1    55      2 -0.3109416E-02 -0.2632817E-03  0.0000000E+00  0.0000000E+00  0.5468486E-03  0.0000000E+00
         1    55      3 -0.4663972E-02 -0.3950215E-03  0.0000000E+00  0.0000000E+00  0.8207435E-03  0.0000000E+00
         1    55      4 -0.6218424E-02 -0.5268271E-03  0.0000000E+00  0.0000000E+00  0.1094952E-02  0.0000000E+00
         1    55      5 -0.7772773E-02 -0.6586984E-03  0.0000000E+00  0.0000000E+00  0.1369472E-02  0.0000000E+00
         1    55      6 -0.9327017E-02 -0.7906352E-03  0.0000000E+00  0.0000000E+00  0.1644306E-02  0.0000000E+00
         1    55      7 -0.1088115E-01 -0.9226374E-03  0.0000000E+00  0.0000000E+00  0.1919451E-02  0.0000000E+00
         1    55      8 -0.1243519E-01 -0.1054705E-02  0.0000000E+00  0.0000000E+00  0.2194908E-02  0.0000000E+00
         1    55      9 -0.1398911E-01 -0.1186838E-02  0.0000000E+00  0.0000000E+00  0.2470676E-02  0.0000000E+00
         1    55     10  0.1075509E-02  0.2655158E-03  0.0000000E+00  0.0000000E+00  0.1226055E-01  0.1000000E-02

         1    56      0  0.0000000E+00  0.0000000E+00  0.0000000E+00  0.0000000E+00  0.0000000E+00  0.0000000E+00
         1    56      1  0.0000000E+00  0.0000000E+00  0.0000000E+00  0.0000000E+00  0.0000000E+00  0.0000000E+00
         1    56      2 -0.3175237E-02 -0.2632817E-03  0.0000000E+00  0.0000000E+00  0.5468440E-03  0.0000000E+00
         1    56      3 -0.4762727E-02 -0.3950215E-03  0.0000000E+00  0.0000000E+00  0.8207331E-03  0.0000000E+00
         1    56      4 -0.6350131E-02 -0.5268271E-03  0.0000000E+00  0.0000000E+00  0.1094933E-02  0.0000000E+00
         1    56      5 -0.7937448E-02 -0.6586984E-03  0.0000000E+00  0.0000000E+00  0.1369443E-02  0.0000000E+00
         1    56      6 -0.9524676E-02 -0.7906352E-03  0.0000000E+00  0.0000000E+00  0.1644264E-02  0.0000000E+00
         1    56      7 -0.1111181E-01 -0.9226374E-03  0.0000000E+00  0.0000000E+00  0.1919394E-02  0.0000000E+00
         1    56      8 -0.1269886E-01 -0.1054705E-02  0.0000000E+00  0.0000000E+00  0.2194833E-02  0.0000000E+00
         1    56      9 -0.1428582E-01 -0.1186838E-02  0.0000000E+00  0.0000000E+00  0.2470582E-02  0.0000000E+00
         1    56     10  0.1141852E-02  0.2655158E-03  0.0000000E+00  0.0000000E+00  0.1231489E-01  0.1000000E-02

         1    57      0  0.0000000E+00  0.0000000E+00  0.0000000E+00  0.0000000E+00  0.0000000E+00  0.0000000E+00
         1    57      1  0.0000000E+00  0.0000000E+00  0.0000000E+00  0.0000000E+00  0.0000000E+00  0.0000000E+00
         1    57      2 -0.3202406E-02  0.4909637E-05  0.0000000E+00  0.0000000E+00  0.5468427E-03  0.0000000E+00
         1    57      3 -0.4803503E-02  0.7255664E-05  0.0000000E+00  0.0000000E+00  0.8207302E-03  0.0000000E+00
         1    57      4 -0.6404527E-02  0.9529224E-05  0.0000000E+00  0.0000000E+00  0.1094928E-02  0.0000000E+00
         1    57      5 -0.8005479E-02  0.1173037E-04  0.0000000E+00  0.0000000E+00  0.1369435E-02  0.0000000E+00
         1    57      6 -0.9606357E-02  0.1385913E-04  0.0000000E+00  0.0000000E+00  0.1644252E-02  0.0000000E+00
         1    57      7 -0.1120716E-01  0.1591557E-04  0.0000000E+00  0.0000000E+00  0.1919378E-02  0.0000000E+00
         1    57      8 -0.1280789E-01  0.1789973E-04  0.0000000E+00  0.0000000E+00  0.2194813E-02  0.0000000E+00
         1    57      9 -0.1440854E-01  0.1981166E-04  0.0000000E+00  0.0000000E+00  0.2470556E-02  0.0000000E+00
         1    57     10  0.1187369E-02  0.1675679E-03  0.0000000E+00  0.0000000E+00  0.1236054E-01  0.1000000E-02

         1    58      0  0.0000000E+00  0.0000000E+00  0.0000000E+00  0.0000000E+00  0.0000000E+00  0.0000000E+00
         1    58      1  0.0000000E+00  0.0000000E+00  0.0000000E+00  0.0000000E+00  0.0000000E+00  0.0000000E+00
         1    58      2 -0.3173181E-02  0.2730145E-03  0.0000000E+00  0.0000000E+00  0.5468413E-03  0.0000000E+00
         1    58      3 -0.4759689E-02  0.4094050E-03  0.0000000E+00  0.0000000E+00  0.8207270E-03  0.0000000E+00
         1    58      4 -0.6346141E-02  0.5457177E-03  0.0000000E+00  0.0000000E+00  0.1094922E-02  0.0000000E+00
         1    58      5 -0.7932535E-02  0.6819525E-03  0.0000000E+00  0.0000000E+00  0.1369427E-02  0.0000000E+00
         1    58      6 -0.9518872E-02  0.8181094E-03  0.0000000E+00  0.0000000E+00  0.1644240E-02  0.0000000E+00
         1    58      7 -0.1110515E-01  0.9541883E-03  0.0000000E+00  0.0000000E+00  0.1919361E-02  0.0000000E+00
         1    58      8 -0.1269137E-01  0.1090189E-02  0.0000000E+00  0.0000000E+00  0.2194790E-02  0.0000000E+00
         1    58      9 -0.1427752E-01  0.1226112E-02  0.0000000E+00  0.0000000E+00  0.2470527E-02  0.0000000E+00
         1    58     10  0.1211987E-02  0.6667077E-04  0.0000000E+00  0.0000000E+00  0.1240619E-01  0.1000000E-02

         1    59      0  0.0000000E+00  0.0000000E+00  0.0000000E+00  0.0000000E+00  0.0000000E+00  0.0000000E+00
         1    59      1  0.0000000E+00  0.0000000E+00  0.0000000E+00  0.0000000E+00  0.0000000E+00  0.0000000E+00
         1    59      2 -0.2995721E-02  0.2730145E-03  0.0000000E+00  0.0000000E+00  0.5468284E-03  0.0000000E+00
         1    59      3 -0.4493576E-02  0.4094050E-03  0.0000000E+00  0.0000000E+00  0.8206979E-03  0.0000000E+00
         1    59      4 -0.5991424E-02  0.5457177E-03  0.0000000E+00  0.0000000E+00  0.1094871E-02  0.0000000E+00
         1    59      5 -0.7489266E-02  0.6819525E-03  0.0000000E+00  0.0000000E+00  0.1369346E-02  0.0000000E+00
         1    59      6 -0.8987101E-02  0.8181094E-03  0.0000000E+00  0.0000000E+00  0.1644124E-02  0.0000000E+00
         1    59      7 -0.1048493E-01  0.9541883E-03  0.0000000E+00  0.0000000E+00  0.1919203E-02  0.0000000E+00
         1    59      8 -0.1198274E-01  0.1090189E-02  0.0000000E+00  0.0000000E+00  0.2194584E-02  0.0000000E+00
         1    59      9 -0.1348055E-01  0.1226112E-02  0.0000000E+00  0.0000000E+00  0.2470266E-02  0.0000000E+00
         1    59     10  0.1255300E-02  0.6667077E-04  0.0000000E+00  0.0000000E+00  0.1254749E-01  0.1000000E-02

         1    60      0  0.0000000E+00  0.0000000E+00  0.0000000E+00  0.0000000E+00  0.0000000E+00  0.0000000E+00
         1    60      1  0.0000000E+00  0.0000000E+00  0.0000000E+00  0.0000000E+00  0.0000000E+00  0.0000000E+00
         1    60      2 -0.7421757E-03  0.3467891E-03  0.0000000E+00  0.0000000E+00  0.1081039E-02  0.0000000E+00
         1    60      3 -0.1114333E-02  0.5200683E-03  0.0000000E+00  0.0000000E+00  0.1622024E-02  0.0000000E+00
         1    60      4 -0.1487203E-02  0.6932707E-03  0.0000000E+00  0.0000000E+00  0.2163319E-02  0.0000000E+00
         1    60      5 -0.1860784E-02  0.8663960E-03  0.0000000E+00  0.0000000E+00  0.2704924E-02  0.0000000E+00
         1    60      6 -0.2235075E-02  0.1039444E-02  0.0000000E+00  0.0000000E+00  0.3246837E-02  0.0000000E+00
         1    60      7 -0.2610076E-02  0.1212416E-02  0.0000000E+00  0.0000000E+00  0.3789060E-02  0.0000000E+00
         1    60      8 -0.2985787E-02  0.1385310E-02  0.0000000E+00  0.0000000E+00  0.4331590E-02  0.0000000E+00
         1    60      9 -0.3362206E-02  0.1558127E-02  0.0000000E+00  0.0000000E+00  0.4874428E-02  0.0000000E+00
         1    60     10  0.2508954E-02  0.2782163E-03  0.0000000E+00  0.0000000E+00  0.1360170E-01  0.1000000E-02

         1    61      0  0.0000000E+00  0.0000000E+00  0.0000000E+00  0.0000000E+00  0.0000000E+00  0.0000000E+00
         1    61      1  0.0000000E+00  0.0000000E+00  0.0000000E+00  0.0000000E+00  0.0000000E+00  0.0000000E+00
         1    61      2 -0.6554784E-03  0.3467891E-03  0.0000000E+00  0.0000000E+00  0.1081031E-02  0.0000000E+00
         1    61      3 -0.9843161E-03  0.5200683E-03  0.0000000E+00  0.0000000E+00  0.1622006E-02  0.0000000E+00
         1    61      4 -0.1313885E-02  0.6932707E-03  0.0000000E+00  0.0000000E+00  0.2163287E-02  0.0000000E+00
         1    61      5 -0.1644185E-02  0.8663960E-03  0.0000000E+00  0.0000000E+00  0.2704874E-02  0.0000000E+00
         1    61      6 -0.1975214E-02  0.1039444E-02  0.0000000E+00  0.0000000E+00  0.3246765E-02  0.0000000E+00
         1    61      7 -0.2306972E-02  0.1212416E-02  0.0000000E+00  0.0000000E+00  0.3788962E-02  0.0000000E+00
         1    61      8 -0.2639459E-02  0.1385310E-02  0.0000000E+00  0.0000000E+00  0.4331462E-02  0.0000000E+00
         1    61      9 -0.2972673E-02  0.1558127E-02  0.0000000E+00  0.0000000E+00  0.4874266E-02  0.0000000E+00
         1    61     10  0.2578471E-02  0.2782163E-03  0.0000000E+00  0.0000000E+00  0.1365604E-01  0.1000000E-02

         1    62      0  0.0000000E+00  0.0000000E+00  0.0000000E+00  0.0000000E+00  0.0000000E+00  0.0000000E+00
         1    62      1  0.0000000E+00  0.0000000E+00  0.0000000E+00  0.0000000E+00  0.0000000E+00  0.0000000E+00
         1    62      2 -0.6034612E-03  0.3467746E-03  0.0000000E+00  0.0000000E+00  0.1081026E-02  0.0000000E+00
         1    62      3 -0.9063084E-03  0.5200358E-03  0.0000000E+00  0.0000000E+00  0.1621995E-02  0.0000000E+00
         1    62      4 -0.1209899E-02  0.6932128E-03  0.0000000E+00  0.0000000E+00  0.2163268E-02  0.0000000E+00
         1    62      5 -0.1514232E-02  0.8663054E-03  0.0000000E+00  0.0000000E+00  0.2704844E-02  0.0000000E+00
         1    62      6 -0.1819307E-02  0.1039314E-02  0.0000000E+00  0.0000000E+00  0.3246722E-02  0.0000000E+00
         1    62      7 -0.2125124E-02  0.1212237E-02  0.0000000E+00  0.0000000E+00  0.3788903E-02  0.0000000E+00
         1    62      8 -0.2431680E-02  0.1385076E-02  0.0000000E+00  0.0000000E+00  0.4331385E-02  0.0000000E+00
         1    62      9 -0.2738977E-02  0.1557830E-02  0.0000000E+00  0.0000000E+00  0.4874169E-02  0.0000000E+00
         1    62     10  0.2620162E-02  0.2779707E-03  0.0000000E+00  0.0000000E+00  0.1368865E-01  0.1000000E-02

         1    63      0  0.0000000E+00  0.0000000E+00  0.0000000E+00  0.0000000E+00  0.0000000E+00  0.0000000E+00
         1    63      1  0.0000000E+00  0.0000000E+00  0.0000000E+00  0.0000000E+00  0.0000000E+00  0.0000000E+00
         1    63      2 -0.5167675E-03  0.3467746E-03  0.0000000E+00  0.0000000E+00  0.1081018E-02  0.0000000E+00
         1    63      3 -0.7762994E-03  0.5200358E-03  0.0000000E+00  0.0000000E+00  0.1621977E-02  0.0000000E+00
         1    63      4 -0.1036596E-02  0.6932128E-03  0.0000000E+00  0.0000000E+00  0.2163236E-02  0.0000000E+00
         1    63      5 -0.1297656E-02  0.8663054E-03  0.0000000E+00  0.0000000E+00  0.2704794E-02  0.0000000E+00
         1    63      6 -0.1559479E-02  0.1039314E-02  0.0000000E+00  0.0000000E+00  0.3246650E-02  0.0000000E+00
         1    63      7 -0.1822064E-02  0.1212237E-02  0.0000000E+00  0.0000000E+00  0.3788805E-02  0.0000000E+00
         1    63      8 -0.2085411E-02  0.1385076E-02  0.0000000E+00  0.0000000E+00  0.4331257E-02  0.0000000E+00
         1    63      9 -0.2349519E-02  0.1557830E-02  0.0000000E+00  0.0000000E+00  0.4874007E-02  0.0000000E+00
         1    63     10  0.2689618E-02  0.2779707E-03  0.0000000E+00  0.0000000E+00  0.1374299E-01  0.1000000E-02

         1    64      0  0.0000000E+00  0.0000000E+00  0.0000000E+00  0.0000000E+00  0.0000000E+00  0.0000000E+00
         1    64      1  0.0000000E+00  0.0000000E+00  0.0000000E+00  0.0000000E+00  0.0000000E+00  0.0000000E+00
         1    64      2 -0.4522835E-03  0.2991240E-03  0.0000000E+00  0.0000000E+00  0.1081012E-02  0.0000000E+00
         1    64      3 -0.6796100E-03  0.4484451E-03  0.0000000E+00  0.0000000E+00  0.1621964E-02  0.0000000E+00
         1    64      4 -0.9077253E-03  0.5976057E-03  0.0000000E+00  0.0000000E+00  0.2163213E-02  0.0000000E+00
         1    64      5 -0.1136629E-02  0.7466055E-03  0.0000000E+00  0.0000000E+00  0.2704759E-02  0.0000000E+00
         1    64      6 -0.1366320E-02  0.8954447E-03  0.0000000E+00  0.0000000E+00  0.3246600E-02  0.0000000E+00
         1    64      7 -0.1596798E-02  0.1044123E-02  0.0000000E+00  0.0000000E+00  0.3788737E-02  0.0000000E+00
         1    64      8 -0.1828061E-02  0.1192641E-02  0.0000000E+00  0.0000000E+00  0.4331169E-02  0.0000000E+00
         1    64      9 -0.2060111E-02  0.1340998E-02  0.0000000E+00  0.0000000E+00  0.4873895E-02  0.0000000E+00
         1    64     10  0.2771889E-02  0.5465269E-03  0.0000000E+00  0.0000000E+00  0.1378646E-01  0.1000000E-02

         1    65      0  0.0000000E+00  0.0000000E+00  0.0000000E+00  0.0000000E+00  0.0000000E+00  0.0000000E+00
         1    65      1  0.0000000E+00  0.0000000E+00  0.0000000E+00  0.0000000E+00  0.0000000E+00  0.0000000E+00
         1    65      2 -0.3967247E-03  0.2573762E-03  0.0000000E+00  0.0000000E+00  0.1081008E-02  0.0000000E+00
         1    65      3 -0.5963317E-03  0.3857039E-03  0.0000000E+00  0.0000000E+00  0.1621955E-02  0.0000000E+00
         1    65      4 -0.7967677E-03  0.5137915E-03  0.0000000E+00  0.0000000E+00  0.2163197E-02  0.0000000E+00
         1    65      5 -0.9980318E-03  0.6416390E-03  0.0000000E+00  0.0000000E+00  0.2704733E-02  0.0000000E+00
         1    65      6 -0.1200123E-02  0.7692464E-03  0.0000000E+00  0.0000000E+00  0.3246563E-02  0.0000000E+00
         1    65      7 -0.1403042E-02  0.8966137E-03  0.0000000E+00  0.0000000E+00  0.3788687E-02  0.0000000E+00
         1    65      8 -0.1606786E-02  0.1023741E-02  0.0000000E+00  0.0000000E+00  0.4331103E-02  0.0000000E+00
         1    65      9 -0.1811356E-02  0.1150628E-02  0.0000000E+00  0.0000000E+00  0.4873813E-02  0.0000000E+00
         1    65     10  0.2908830E-02  0.8258622E-03  0.0000000E+00  0.0000000E+00  0.1382991E-01  0.1000000E-02

         1    66      0  0.0000000E+00  0.0000000E+00  0.0000000E+00  0.0000000E+00  0.0000000E+00  0.0000000E+00
         1    66      1  0.0000000E+00  0.0000000E+00  0.0000000E+00  0.0000000E+00  0.0000000E+00  0.0000000E+00
         1    66      2 -0.2294301E-03  0.2573762E-03  0.0000000E+00  0.0000000E+00  0.1080997E-02  0.0000000E+00
         1    66      3 -0.3456242E-03  0.3857039E-03  0.0000000E+00  0.0000000E+00  0.1621929E-02  0.0000000E+00
         1    66      4 -0.4628032E-03  0.5137915E-03  0.0000000E+00  0.0000000E+00  0.2163151E-02  0.0000000E+00
         1    66      5 -0.5809664E-03  0.6416390E-03  0.0000000E+00  0.0000000E+00  0.2704662E-02  0.0000000E+00
         1    66      6 -0.7001131E-03  0.7692464E-03  0.0000000E+00  0.0000000E+00  0.3246461E-02  0.0000000E+00
         1    66      7 -0.8202427E-03  0.8966137E-03  0.0000000E+00  0.0000000E+00  0.3788547E-02  0.0000000E+00
         1    66      8 -0.9413542E-03  0.1023741E-02  0.0000000E+00  0.0000000E+00  0.4330922E-02  0.0000000E+00
         1    66      9 -0.1063447E-02  0.1150628E-02  0.0000000E+00  0.0000000E+00  0.4873583E-02  0.0000000E+00
         1    66     10  0.3445354E-02  0.8258622E-03  0.0000000E+00  0.0000000E+00  0.1397109E-01  0.1000000E-02

         1    67      0  0.0000000E+00  0.0000000E+00  0.0000000E+00  0.0000000E+00  0.0000000E+00  0.0000000E+00
         1    67      1  0.0000000E+00  0.0000000E+00  0.0000000E+00  0.0000000E+00  0.0000000E+00  0.0000000E+00
         1    67      2  0.1547791E-02  0.2313305E-03  0.0000000E+00  0.0000000E+00  0.8923972E-03  0.0000000E+00
         1    67      3  0.2317980E-02  0.3467259E-03  0.0000000E+00  0.0000000E+00  0.1339685E-02  0.0000000E+00
         1    67      4  0.3085699E-02  0.4619414E-03  0.0000000E+00  0.0000000E+00  0.1787698E-02  0.0000000E+00
         1    67      5  0.3850948E-02  0.5769770E-03  0.0000000E+00  0.0000000E+00  0.2236437E-02  0.0000000E+00
         1    67      6  0.4613729E-02  0.6918329E-03  0.0000000E+00  0.0000000E+00  0.2685901E-02  0.0000000E+00
         1    67      7  0.5374041E-02  0.8065091E-03  0.0000000E+00  0.0000000E+00  0.3136089E-02  0.0000000E+00
         1    67      8  0.6131886E-02  0.9210057E-03  0.0000000E+00  0.0000000E+00  0.3587002E-02  0.0000000E+00
         1    67      9  0.6887264E-02  0.1035323E-02  0.0000000E+00  0.0000000E+00  0.4038639E-02  0.0000000E+00
         1    67     10  0.9556731E-02  0.8548387E-03  0.0000000E+00  0.0000000E+00  0.1370384E-01  0.1000000E-02

         1    68      0  0.0000000E+00  0.0000000E+00  0.0000000E+00  0.0000000E+00  0.0000000E+00  0.0000000E+00
         1    68      1  0.0000000E+00  0.0000000E+00  0.0000000E+00  0.0000000E+00  0.0000000E+00  0.0000000E+00
         1    68      2  0.1605624E-02  0.2313305E-03  0.0000000E+00  0.0000000E+00  0.8923936E-03  0.0000000E+00
         1    68      3  0.2404661E-02  0.3467259E-03  0.0000000E+00  0.0000000E+00  0.1339677E-02  0.0000000E+00
         1    68      4  0.3201184E-02  0.4619414E-03  0.0000000E+00  0.0000000E+00  0.1787684E-02  0.0000000E+00
         1    68      5  0.3995192E-02  0.5769770E-03  0.0000000E+00  0.0000000E+00  0.2236415E-02  0.0000000E+00
         1    68      6  0.4786687E-02  0.6918329E-03  0.0000000E+00  0.0000000E+00  0.2685869E-02  0.0000000E+00
         1    68      7  0.5575668E-02  0.8065091E-03  0.0000000E+00  0.0000000E+00  0.3136046E-02  0.0000000E+00
         1    68      8  0.6362137E-02  0.9210057E-03  0.0000000E+00  0.0000000E+00  0.3586946E-02  0.0000000E+00
         1    68      9  0.7146094E-02  0.1035323E-02  0.0000000E+00  0.0000000E+00  0.4038568E-02  0.0000000E+00
         1    68     10  0.9770327E-02  0.8548387E-03  0.0000000E+00  0.0000000E+00  0.1375813E-01  0.1000000E-02

         1    69      0  0.0000000E+00  0.0000000E+00  0.0000000E+00  0.0000000E+00  0.0000000E+00  0.0000000E+00
         1    69      1  0.0000000E+00  0.0000000E+00  0.0000000E+00  0.0000000E+00  0.0000000E+00  0.0000000E+00
         1    69      2  0.1640321E-02  0.2313007E-03  0.0000000E+00  0.0000000E+00  0.8923915E-03  0.0000000E+00
         1    69      3  0.2456665E-02  0.3466591E-03  0.0000000E+00  0.0000000E+00  0.1339672E-02  0.0000000E+00
         1    69      4  0.3270467E-02  0.4618229E-03  0.0000000E+00  0.0000000E+00  0.1787676E-02  0.0000000E+00
         1    69      5  0.4081725E-02  0.5767926E-03  0.0000000E+00  0.0000000E+00  0.2236402E-02  0.0000000E+00
         1    69      6  0.4890442E-02  0.6915681E-03  0.0000000E+00  0.0000000E+00  0.2685850E-02  0.0000000E+00
         1    69      7  0.5696618E-02  0.8061498E-03  0.0000000E+00  0.0000000E+00  0.3136020E-02  0.0000000E+00
         1    69      8  0.6500253E-02  0.9205378E-03  0.0000000E+00  0.0000000E+00  0.3586912E-02  0.0000000E+00
         1    69      9  0.7301349E-02  0.1034732E-02  0.0000000E+00  0.0000000E+00  0.4038525E-02  0.0000000E+00
         1    69     10  0.9898403E-02  0.8537447E-03  0.0000000E+00  0.0000000E+00  0.1379071E-01  0.1000000E-02

         1    70      0  0.0000000E+00  0.0000000E+00  0.0000000E+00  0.0000000E+00  0.0000000E+00  0.0000000E+00
         1    70      1  0.0000000E+00  0.0000000E+00  0.0000000E+00  0.0000000E+00  0.0000000E+00  0.0000000E+00
         1    70      2  0.1698146E-02  0.2313007E-03  0.0000000E+00  0.0000000E+00  0.8923879E-03  0.0000000E+00
         1    70      3  0.2543330E-02  0.3466591E-03  0.0000000E+00  0.0000000E+00  0.1339664E-02  0.0000000E+00
         1    70      4  0.3385922E-02  0.4618229E-03  0.0000000E+00  0.0000000E+00  0.1787661E-02  0.0000000E+00
         1    70      5  0.4225923E-02  0.5767926E-03  0.0000000E+00  0.0000000E+00  0.2236379E-02  0.0000000E+00
         1    70      6  0.5063334E-02  0.6915681E-03  0.0000000E+00  0.0000000E+00  0.2685818E-02  0.0000000E+00
         1    70      7  0.5898155E-02  0.8061498E-03  0.0000000E+00  0.0000000E+00  0.3135977E-02  0.0000000E+00
         1    70      8  0.6730388E-02  0.9205378E-03  0.0000000E+00  0.0000000E+00  0.3586855E-02  0.0000000E+00
         1    70      9  0.7560032E-02  0.1034732E-02  0.0000000E+00  0.0000000E+00  0.4038454E-02  0.0000000E+00
         1    70     10  0.1011173E-01  0.8537447E-03  0.0000000E+00  0.0000000E+00  0.1384501E-01  0.1000000E-02

         1    71      0  0.0000000E+00  0.0000000E+00  0.0000000E+00  0.0000000E+00  0.0000000E+00  0.0000000E+00
         1    71      1  0.0000000E+00  0.0000000E+00  0.0000000E+00  0.0000000E+00  0.0000000E+00  0.0000000E+00
         1    71      2  0.1731625E-02  0.8707272E-04  0.0000000E+00  0.0000000E+00  0.8923864E-03  0.0000000E+00
         1    71      3  0.2593521E-02  0.1306453E-03  0.0000000E+00  0.0000000E+00  0.1339661E-02  0.0000000E+00
         1    71      4  0.3452807E-02  0.1742421E-03  0.0000000E+00  0.0000000E+00  0.1787655E-02  0.0000000E+00
         1    71      5  0.4309485E-02  0.2178633E-03  0.0000000E+00  0.0000000E+00  0.2236370E-02  0.0000000E+00
         1    71      6  0.5163555E-02  0.2615091E-03  0.0000000E+00  0.0000000E+00  0.2685804E-02  0.0000000E+00
         1    71      7  0.6015017E-02  0.3051795E-03  0.0000000E+00  0.0000000E+00  0.3135958E-02  0.0000000E+00
         1    71      8  0.6863872E-02  0.3488748E-03  0.0000000E+00  0.0000000E+00  0.3586831E-02  0.0000000E+00
         1    71      9  0.7710122E-02  0.3925949E-03  0.0000000E+00  0.0000000E+00  0.4038423E-02  0.0000000E+00
         1    71     10  0.1020140E-01 -0.4581439E-06  0.0000000E+00  0.0000000E+00  0.1389065E-01  0.1000000E-02

         1    72      0  0.0000000E+00  0.0000000E+00  0.0000000E+00  0.0000000E+00  0.0000000E+00  0.0000000E+00
         1    72      1  0.0000000E+00  0.0000000E+00  0.0000000E+00  0.0000000E+00  0.0000000E+00  0.0000000E+00
         1    72      2  0.1734609E-02 -0.5868865E-04  0.0000000E+00  0.0000000E+00  0.8923863E-03  0.0000000E+00
         1    72      3  0.2598040E-02 -0.8766921E-04  0.0000000E+00  0.0000000E+00  0.1339660E-02  0.0000000E+00
         1    72      4  0.3458889E-02 -0.1164072E-03  0.0000000E+00  0.0000000E+00  0.1787655E-02  0.0000000E+00
         1    72      5  0.4317157E-02 -0.1449025E-03  0.0000000E+00  0.0000000E+00  0.2236369E-02  0.0000000E+00
         1    72      6  0.5172845E-02 -0.1731551E-03  0.0000000E+00  0.0000000E+00  0.2685803E-02  0.0000000E+00
         1    72      7  0.6025954E-02 -0.2011649E-03  0.0000000E+00  0.0000000E+00  0.3135957E-02  0.0000000E+00
         1    72      8  0.6876485E-02 -0.2289319E-03  0.0000000E+00  0.0000000E+00  0.3586829E-02  0.0000000E+00
         1    72      9  0.7724438E-02 -0.2564560E-03  0.0000000E+00  0.0000000E+00  0.4038421E-02  0.0000000E+00
         1    72     10  0.1011153E-01 -0.8546530E-03  0.0000000E+00  0.0000000E+00  0.1393629E-01  0.1000000E-02

         1    73      0  0.0000000E+00  0.0000000E+00  0.0000000E+00  0.0000000E+00  0.0000000E+00  0.0000000E+00
         1    73      1  0.0000000E+00  0.0000000E+00  0.0000000E+00  0.0000000E+00  0.0000000E+00  0.0000000E+00
         1    73      2  0.1696462E-02 -0.5868865E-04  0.0000000E+00  0.0000000E+00  0.8923857E-03  0.0000000E+00
         1    73      3  0.2541055E-02 -0.8766921E-04  0.0000000E+00  0.0000000E+00  0.1339659E-02  0.0000000E+00
         1    73      4  0.3383224E-02 -0.1164072E-03  0.0000000E+00  0.0000000E+00  0.1787652E-02  0.0000000E+00
         1    73      5  0.4222971E-02 -0.1449025E-03  0.0000000E+00  0.0000000E+00  0.2236366E-02  0.0000000E+00
         1    73      6  0.5060295E-02 -0.1731551E-03  0.0000000E+00  0.0000000E+00  0.2685798E-02  0.0000000E+00
         1    73      7  0.5895197E-02 -0.2011649E-03  0.0000000E+00  0.0000000E+00  0.3135950E-02  0.0000000E+00
         1    73      8  0.6727679E-02 -0.2289319E-03  0.0000000E+00  0.0000000E+00  0.3586820E-02  0.0000000E+00
         1    73      9  0.7557741E-02 -0.2564560E-03  0.0000000E+00  0.0000000E+00  0.4038410E-02  0.0000000E+00
         1    73     10  0.9556305E-02 -0.8546530E-03  0.0000000E+00  0.0000000E+00  0.1407746E-01  0.1000000E-02

         1    74      0  0.0000000E+00  0.0000000E+00  0.0000000E+00  0.0000000E+00  0.0000000E+00  0.0000000E+00
         1    74      1  0.0000000E+00  0.0000000E+00  0.0000000E+00  0.0000000E+00  0.0000000E+00  0.0000000E+00
         1    74      2  0.1070873E-02 -0.1133288E-03  0.0000000E+00  0.0000000E+00  0.4967299E-03  0.0000000E+00
         1    74      3  0.1605578E-02 -0.1695448E-03  0.0000000E+00  0.0000000E+00  0.7467883E-03  0.0000000E+00
         1    74      4  0.2139798E-02 -0.2254618E-03  0.0000000E+00  0.0000000E+00  0.9979752E-03  0.0000000E+00
         1    74      5  0.2673534E-02 -0.2810797E-03  0.0000000E+00  0.0000000E+00  0.1250290E-02  0.0000000E+00
         1    74      6  0.3206787E-02 -0.3363987E-03  0.0000000E+00  0.0000000E+00  0.1503732E-02  0.0000000E+00
         1    74      7  0.3739560E-02 -0.3914185E-03  0.0000000E+00  0.0000000E+00  0.1758301E-02  0.0000000E+00
         1    74      8  0.4271853E-02 -0.4461392E-03  0.0000000E+00  0.0000000E+00  0.2013997E-02  0.0000000E+00
         1    74      9  0.4803669E-02 -0.5005608E-03  0.0000000E+00  0.0000000E+00  0.2270818E-02  0.0000000E+00
         1    74     10  0.3446246E-02 -0.8256856E-03  0.0000000E+00  0.0000000E+00  0.1381014E-01  0.1000000E-02

         1    75      0  0.0000000E+00  0.0000000E+00  0.0000000E+00  0.0000000E+00  0.0000000E+00  0.0000000E+00
         1    75      1  0.0000000E+00  0.0000000E+00  0.0000000E+00  0.0000000E+00  0.0000000E+00  0.0000000E+00
         1    75      2  0.1042541E-02 -0.1133288E-03  0.0000000E+00  0.0000000E+00  0.4967290E-03  0.0000000E+00
         1    75      3  0.1563192E-02 -0.1695448E-03  0.0000000E+00  0.0000000E+00  0.7467864E-03  0.0000000E+00
         1    75      4  0.2083432E-02 -0.2254618E-03  0.0000000E+00  0.0000000E+00  0.9979718E-03  0.0000000E+00
         1    75      5  0.2603264E-02 -0.2810797E-03  0.0000000E+00  0.0000000E+00  0.1250285E-02  0.0000000E+00
         1    75      6  0.3122687E-02 -0.3363987E-03  0.0000000E+00  0.0000000E+00  0.1503725E-02  0.0000000E+00
         1    75      7  0.3641705E-02 -0.3914185E-03  0.0000000E+00  0.0000000E+00  0.1758291E-02  0.0000000E+00
         1    75      8  0.4160318E-02 -0.4461392E-03  0.0000000E+00  0.0000000E+00  0.2013983E-02  0.0000000E+00
         1    75      9  0.4678529E-02 -0.5005608E-03  0.0000000E+00  0.0000000E+00  0.2270801E-02  0.0000000E+00
         1    75     10  0.3239934E-02 -0.8256856E-03  0.0000000E+00  0.0000000E+00  0.1386444E-01  0.1000000E-02

         1    76      0  0.0000000E+00  0.0000000E+00  0.0000000E+00  0.0000000E+00  0.0000000E+00  0.0000000E+00
         1    76      1  0.0000000E+00  0.0000000E+00  0.0000000E+00  0.0000000E+00  0.0000000E+00  0.0000000E+00
         1    76      2  0.1025539E-02 -0.1133677E-03  0.0000000E+00  0.0000000E+00  0.4967285E-03  0.0000000E+00
         1    76      3  0.1537754E-02 -0.1696321E-03  0.0000000E+00  0.0000000E+00  0.7467853E-03  0.0000000E+00
         1    76      4  0.2049601E-02 -0.2256170E-03  0.0000000E+00  0.0000000E+00  0.9979698E-03  0.0000000E+00
         1    76      5  0.2561083E-02 -0.2813220E-03  0.0000000E+00  0.0000000E+00  0.1250282E-02  0.0000000E+00
         1    76      6  0.3072201E-02 -0.3367473E-03  0.0000000E+00  0.0000000E+00  0.1503720E-02  0.0000000E+00
         1    76      7  0.3582957E-02 -0.3918927E-03  0.0000000E+00  0.0000000E+00  0.1758285E-02  0.0000000E+00
         1    76      8  0.4093351E-02 -0.4467581E-03  0.0000000E+00  0.0000000E+00  0.2013975E-02  0.0000000E+00
         1    76      9  0.4603385E-02 -0.5013435E-03  0.0000000E+00  0.0000000E+00  0.2270791E-02  0.0000000E+00
         1    76     10  0.3116120E-02 -0.8260526E-03  0.0000000E+00  0.0000000E+00  0.1389702E-01  0.1000000E-02

         1    77      0  0.0000000E+00  0.0000000E+00  0.0000000E+00  0.0000000E+00  0.0000000E+00  0.0000000E+00
         1    77      1  0.0000000E+00  0.0000000E+00  0.0000000E+00  0.0000000E+00  0.0000000E+00  0.0000000E+00
         1    77      2  0.9971967E-03 -0.1133677E-03  0.0000000E+00  0.0000000E+00  0.4967276E-03  0.0000000E+00
         1    77      3  0.1495346E-02 -0.1696321E-03  0.0000000E+00  0.0000000E+00  0.7467834E-03  0.0000000E+00
         1    77      4  0.1993197E-02 -0.2256170E-03  0.0000000E+00  0.0000000E+00  0.9979664E-03  0.0000000E+00
         1    77      5  0.2490753E-02 -0.2813220E-03  0.0000000E+00  0.0000000E+00  0.1250276E-02  0.0000000E+00
         1    77      6  0.2988014E-02 -0.3367473E-03  0.0000000E+00  0.0000000E+00  0.1503712E-02  0.0000000E+00
         1    77      7  0.3484983E-02 -0.3918927E-03  0.0000000E+00  0.0000000E+00  0.1758275E-02  0.0000000E+00
         1    77      8  0.3981661E-02 -0.4467581E-03  0.0000000E+00  0.0000000E+00  0.2013962E-02  0.0000000E+00
         1    77      9  0.4478050E-02 -0.5013435E-03  0.0000000E+00  0.0000000E+00  0.2270774E-02  0.0000000E+00
         1    77     10  0.2909716E-02 -0.8260526E-03  0.0000000E+00  0.0000000E+00  0.1395133E-01  0.1000000E-02

         1    78      0  0.0000000E+00  0.0000000E+00  0.0000000E+00  0.0000000E+00  0.0000000E+00  0.0000000E+00
         1    78      1  0.0000000E+00  0.0000000E+00  0.0000000E+00  0.0000000E+00  0.0000000E+00  0.0000000E+00
         1    78      2  0.9842878E-03 -0.1593314E-04  0.0000000E+00  0.0000000E+00  0.4967274E-03  0.0000000E+00
         1    78      3  0.1476062E-02 -0.2352064E-04  0.0000000E+00  0.0000000E+00  0.7467828E-03  0.0000000E+00
         1    78      4  0.1967592E-02 -0.3085511E-04  0.0000000E+00  0.0000000E+00  0.9979653E-03  0.0000000E+00
         1    78      5  0.2458879E-02 -0.3793632E-04  0.0000000E+00  0.0000000E+00  0.1250275E-02  0.0000000E+00
         1    78      6  0.2949926E-02 -0.4476403E-04  0.0000000E+00  0.0000000E+00  0.1503710E-02  0.0000000E+00
         1    78      7  0.3440733E-02 -0.5133801E-04  0.0000000E+00  0.0000000E+00  0.1758271E-02  0.0000000E+00
         1    78      8  0.3931302E-02 -0.5765803E-04  0.0000000E+00  0.0000000E+00  0.2013958E-02  0.0000000E+00
         1    78      9  0.4421635E-02 -0.6372386E-04  0.0000000E+00  0.0000000E+00  0.2270769E-02  0.0000000E+00
         1    78     10  0.2772746E-02 -0.5466316E-03  0.0000000E+00  0.0000000E+00  0.1399478E-01  0.1000000E-02

         1    79      0  0.0000000E+00  0.0000000E+00  0.0000000E+00  0.0000000E+00  0.0000000E+00  0.0000000E+00
         1    79      1  0.0000000E+00  0.0000000E+00  0.0000000E+00  0.0000000E+00  0.0000000E+00  0.0000000E+00
         1    79      2  0.9908025E-03  0.8118696E-04  0.0000000E+00  0.0000000E+00  0.4967273E-03  0.0000000E+00
         1    79      3  0.1485907E-02  0.1221267E-03  0.0000000E+00  0.0000000E+00  0.7467825E-03  0.0000000E+00
         1    79      4  0.1980815E-02  0.1632979E-03  0.0000000E+00  0.0000000E+00  0.9979649E-03  0.0000000E+00
         1    79      5  0.2475529E-02  0.2047008E-03  0.0000000E+00  0.0000000E+00  0.1250274E-02  0.0000000E+00
         1    79      6  0.2970050E-02  0.2463359E-03  0.0000000E+00  0.0000000E+00  0.1503709E-02  0.0000000E+00
         1    79      7  0.3464381E-02  0.2882036E-03  0.0000000E+00  0.0000000E+00  0.1758270E-02  0.0000000E+00
         1    79      8  0.3958522E-02  0.3303042E-03  0.0000000E+00  0.0000000E+00  0.2013956E-02  0.0000000E+00
         1    79      9  0.4452476E-02  0.3726383E-03  0.0000000E+00  0.0000000E+00  0.2270767E-02  0.0000000E+00
         1    79     10  0.2690462E-02 -0.2779918E-03  0.0000000E+00  0.0000000E+00  0.1403825E-01  0.1000000E-02

         1    80      0  0.0000000E+00  0.0000000E+00  0.0000000E+00  0.0000000E+00  0.0000000E+00  0.0000000E+00
         1    80      1  0.0000000E+00  0.0000000E+00  0.0000000E+00  0.0000000E+00  0.0000000E+00  0.0000000E+00
         1    80      2  0.1043574E-02  0.8118696E-04  0.0000000E+00  0.0000000E+00  0.4967261E-03  0.0000000E+00
         1    80      3  0.1565289E-02  0.1221267E-03  0.0000000E+00  0.0000000E+00  0.7467800E-03  0.0000000E+00
         1    80      4  0.2086958E-02  0.1632979E-03  0.0000000E+00  0.0000000E+00  0.9979603E-03  0.0000000E+00
         1    80      5  0.2608584E-02  0.2047008E-03  0.0000000E+00  0.0000000E+00  0.1250267E-02  0.0000000E+00
         1    80      6  0.3130168E-02  0.2463359E-03  0.0000000E+00  0.0000000E+00  0.1503699E-02  0.0000000E+00
         1    80      7  0.3651713E-02  0.2882036E-03  0.0000000E+00  0.0000000E+00  0.1758256E-02  0.0000000E+00
         1    80      8  0.4173220E-02  0.3303042E-03  0.0000000E+00  0.0000000E+00  0.2013937E-02  0.0000000E+00
         1    80      9  0.4694691E-02  0.3726383E-03  0.0000000E+00  0.0000000E+00  0.2270743E-02  0.0000000E+00
         1    80     10  0.2509864E-02 -0.2779918E-03  0.0000000E+00  0.0000000E+00  0.1417954E-01  0.1000000E-02

         1    81      0  0.0000000E+00  0.0000000E+00  0.0000000E+00  0.0000000E+00  0.0000000E+00  0.0000000E+00
         1    81      1  0.0000000E+00  0.0000000E+00  0.0000000E+00  0.0000000E+00  0.0000000E+00  0.0000000E+00
         1    81      2  0.1454697E-02  0.3186033E-04  0.0000000E+00  0.0000000E+00  0.1395462E-03  0.0000000E+00
         1    81      3  0.2184358E-02  0.4809179E-04  0.0000000E+00  0.0000000E+00  0.2106842E-03  0.0000000E+00
         1    81      4  0.2915565E-02  0.6452444E-04  0.0000000E+00  0.0000000E+00  0.2827303E-03  0.0000000E+00
         1    81      5  0.3648324E-02  0.8115856E-04  0.0000000E+00  0.0000000E+00  0.3556828E-03  0.0000000E+00
         1    81      6  0.4382639E-02  0.9799441E-04  0.0000000E+00  0.0000000E+00  0.4295404E-03  0.0000000E+00
         1    81      7  0.5118515E-02  0.1150322E-03  0.0000000E+00  0.0000000E+00  0.5043014E-03  0.0000000E+00
         1    81      8  0.5855956E-02  0.1322723E-03  0.0000000E+00  0.0000000E+00  0.5799645E-03  0.0000000E+00
         1    81      9  0.6594968E-02  0.1497148E-03  0.0000000E+00  0.0000000E+00  0.6565281E-03  0.0000000E+00
         1    81     10  0.1257611E-02 -0.6650991E-04  0.0000000E+00  0.0000000E+00  0.1523328E-01  0.1000000E-02

         1    82      0  0.0000000E+00  0.0000000E+00  0.0000000E+00  0.0000000E+00  0.0000000E+00  0.0000000E+00
         1    82      1  0.0000000E+00  0.0000000E+00  0.0000000E+00  0.0000000E+00  0.0000000E+00  0.0000000E+00
         1    82      2  0.1462663E-02  0.3186033E-04  0.0000000E+00  0.0000000E+00  0.1395461E-03  0.0000000E+00
         1    82      3  0.2196381E-02  0.4809179E-04  0.0000000E+00  0.0000000E+00  0.2106841E-03  0.0000000E+00
         1    82      4  0.2931696E-02  0.6452444E-04  0.0000000E+00  0.0000000E+00  0.2827300E-03  0.0000000E+00
         1    82      5  0.3668613E-02  0.8115856E-04  0.0000000E+00  0.0000000E+00  0.3556824E-03  0.0000000E+00
         1    82      6  0.4407138E-02  0.9799441E-04  0.0000000E+00  0.0000000E+00  0.4295397E-03  0.0000000E+00
         1    82      7  0.5147273E-02  0.1150322E-03  0.0000000E+00  0.0000000E+00  0.5043006E-03  0.0000000E+00
         1    82      8  0.5889025E-02  0.1322723E-03  0.0000000E+00  0.0000000E+00  0.5799633E-03  0.0000000E+00
         1    82      9  0.6632397E-02  0.1497148E-03  0.0000000E+00  0.0000000E+00  0.6565266E-03  0.0000000E+00
         1    82     10  0.1240992E-02 -0.6650991E-04  0.0000000E+00  0.0000000E+00  0.1528763E-01  0.1000000E-02

         1    83      0  0.0000000E+00  0.0000000E+00  0.0000000E+00  0.0000000E+00  0.0000000E+00  0.0000000E+00
         1    83      1  0.0000000E+00  0.0000000E+00  0.0000000E+00  0.0000000E+00  0.0000000E+00  0.0000000E+00
         1    83      2  0.1467444E-02  0.3188700E-04  0.0000000E+00  0.0000000E+00  0.1395461E-03  0.0000000E+00
         1    83      3  0.2203599E-02  0.4815191E-04  0.0000000E+00  0.0000000E+00  0.2106840E-03  0.0000000E+00
         1    83      4  0.2941383E-02  0.6463157E-04  0.0000000E+00  0.0000000E+00  0.2827298E-03  0.0000000E+00
         1    83      5  0.3680800E-02  0.8132632E-04  0.0000000E+00  0.0000000E+00  0.3556821E-03  0.0000000E+00
         1    83      6  0.4421855E-02  0.9823650E-04  0.0000000E+00  0.0000000E+00  0.4295394E-03  0.0000000E+00
         1    83      7  0.5164553E-02  0.1153625E-03  0.0000000E+00  0.0000000E+00  0.5043000E-03  0.0000000E+00
         1    83      8  0.5908898E-02  0.1327046E-03  0.0000000E+00  0.0000000E+00  0.5799626E-03  0.0000000E+00
         1    83      9  0.6654895E-02  0.1502632E-03  0.0000000E+00  0.0000000E+00  0.6565257E-03  0.0000000E+00
         1    83     10  0.1231022E-02 -0.6649093E-04  0.0000000E+00  0.0000000E+00  0.1532024E-01  0.1000000E-02

         1    84      0  0.0000000E+00  0.0000000E+00  0.0000000E+00  0.0000000E+00  0.0000000E+00  0.0000000E+00
         1    84      1  0.0000000E+00  0.0000000E+00  0.0000000E+00  0.0000000E+00  0.0000000E+00  0.0000000E+00
         1    84      2  0.1475415E-02  0.3188700E-04  0.0000000E+00  0.0000000E+00  0.1395460E-03  0.0000000E+00
         1    84      3  0.2215637E-02  0.4815191E-04  0.0000000E+00  0.0000000E+00  0.2106838E-03  0.0000000E+00
         1    84      4  0.2957540E-02  0.6463157E-04  0.0000000E+00  0.0000000E+00  0.2827296E-03  0.0000000E+00
         1    84      5  0.3701131E-02  0.8132632E-04  0.0000000E+00  0.0000000E+00  0.3556817E-03  0.0000000E+00
         1    84      6  0.4446414E-02  0.9823650E-04  0.0000000E+00  0.0000000E+00  0.4295387E-03  0.0000000E+00
         1    84      7  0.5193393E-02  0.1153625E-03  0.0000000E+00  0.0000000E+00  0.5042991E-03  0.0000000E+00
         1    84      8  0.5942074E-02  0.1327046E-03  0.0000000E+00  0.0000000E+00  0.5799615E-03  0.0000000E+00
         1    84      9  0.6692461E-02  0.1502632E-03  0.0000000E+00  0.0000000E+00  0.6565242E-03  0.0000000E+00
         1    84     10  0.1214409E-02 -0.6649093E-04  0.0000000E+00  0.0000000E+00  0.1537458E-01  0.1000000E-02

         1    85      0  0.0000000E+00  0.0000000E+00  0.0000000E+00  0.0000000E+00  0.0000000E+00  0.0000000E+00
         1    85      1  0.0000000E+00  0.0000000E+00  0.0000000E+00  0.0000000E+00  0.0000000E+00  0.0000000E+00
         1    85      2  0.1469101E-02 -0.9193520E-04  0.0000000E+00  0.0000000E+00  0.1395459E-03  0.0000000E+00
         1    85      3  0.2206210E-02 -0.1377947E-03  0.0000000E+00  0.0000000E+00  0.2106836E-03  0.0000000E+00
         1    85      4  0.2945032E-02 -0.1835822E-03  0.0000000E+00  0.0000000E+00  0.2827291E-03  0.0000000E+00
         1    85      5  0.3685571E-02 -0.2292978E-03  0.0000000E+00  0.0000000E+00  0.3556809E-03  0.0000000E+00
         1    85      6  0.4427833E-02 -0.2749415E-03  0.0000000E+00  0.0000000E+00  0.4295376E-03  0.0000000E+00
         1    85      7  0.5171821E-02 -0.3205134E-03  0.0000000E+00  0.0000000E+00  0.5042977E-03  0.0000000E+00
         1    85      8  0.5917540E-02 -0.3660135E-03  0.0000000E+00  0.0000000E+00  0.5799595E-03  0.0000000E+00
         1    85      9  0.6664997E-02 -0.4114419E-03  0.0000000E+00  0.0000000E+00  0.6565217E-03  0.0000000E+00
         1    85     10  0.1189807E-02 -0.1675924E-03  0.0000000E+00  0.0000000E+00  0.1542024E-01  0.1000000E-02

         1    86      0  0.0000000E+00  0.0000000E+00  0.0000000E+00  0.0000000E+00  0.0000000E+00  0.0000000E+00
         1    86      1  0.0000000E+00  0.0000000E+00  0.0000000E+00  0.0000000E+00  0.0000000E+00  0.0000000E+00
         1    86      2  0.1436916E-02 -0.2141384E-03  0.0000000E+00  0.0000000E+00  0.1395445E-03  0.0000000E+00
         1    86      3  0.2157933E-02 -0.3213148E-03  0.0000000E+00  0.0000000E+00  0.2106804E-03  0.0000000E+00
         1    86      4  0.2880662E-02 -0.4285631E-03  0.0000000E+00  0.0000000E+00  0.2827235E-03  0.0000000E+00
         1    86      5  0.3605109E-02 -0.5358840E-03  0.0000000E+00  0.0000000E+00  0.3556723E-03  0.0000000E+00
         1    86      6  0.4331278E-02 -0.6432778E-03  0.0000000E+00  0.0000000E+00  0.4295251E-03  0.0000000E+00
         1    86      7  0.5059173E-02 -0.7507450E-03  0.0000000E+00  0.0000000E+00  0.5042807E-03  0.0000000E+00
         1    86      8  0.5788800E-02 -0.8582861E-03  0.0000000E+00  0.0000000E+00  0.5799373E-03  0.0000000E+00
         1    86      9  0.6520163E-02 -0.9659015E-03  0.0000000E+00  0.0000000E+00  0.6564937E-03  0.0000000E+00
         1    86     10  0.1144264E-02 -0.2657442E-03  0.0000000E+00  0.0000000E+00  0.1546588E-01  0.1000000E-02

         1    87      0  0.0000000E+00  0.0000000E+00  0.0000000E+00  0.0000000E+00  0.0000000E+00  0.0000000E+00
         1    87      1  0.0000000E+00  0.0000000E+00  0.0000000E+00  0.0000000E+00  0.0000000E+00  0.0000000E+00
         1    87      2  0.1297726E-02 -0.2141384E-03  0.0000000E+00  0.0000000E+00  0.1395365E-03  0.0000000E+00
         1    87      3  0.1949078E-02 -0.3213148E-03  0.0000000E+00  0.0000000E+00  0.2106625E-03  0.0000000E+00
         1    87      4  0.2602096E-02 -0.4285631E-03  0.0000000E+00  0.0000000E+00  0.2826917E-03  0.0000000E+00
         1    87      5  0.3256784E-02 -0.5358840E-03  0.0000000E+00  0.0000000E+00  0.3556225E-03  0.0000000E+00
         1    87      6  0.3913147E-02 -0.6432778E-03  0.0000000E+00  0.0000000E+00  0.4294534E-03  0.0000000E+00
         1    87      7  0.4571188E-02 -0.7507450E-03  0.0000000E+00  0.0000000E+00  0.5041829E-03  0.0000000E+00
         1    87      8  0.5230913E-02 -0.8582861E-03  0.0000000E+00  0.0000000E+00  0.5798096E-03  0.0000000E+00
         1    87      9  0.5892326E-02 -0.9659015E-03  0.0000000E+00  0.0000000E+00  0.6563319E-03  0.0000000E+00
         1    87     10  0.9716221E-03 -0.2657442E-03  0.0000000E+00  0.0000000E+00  0.1560718E-01  0.1000000E-02

         1    88      0  0.0000000E+00  0.0000000E+00  0.0000000E+00  0.0000000E+00  0.0000000E+00  0.0000000E+00
         1    88      1  0.0000000E+00  0.0000000E+00  0.0000000E+00  0.0000000E+00  0.0000000E+00  0.0000000E+00
         1    88      2 -0.3292985E-03 -0.2332724E-03  0.0000000E+00  0.0000000E+00  0.9852483E-06  0.0000000E+00
         1    88      3 -0.4925941E-03 -0.3501017E-03  0.0000000E+00  0.0000000E+00  0.2213006E-05  0.0000000E+00
         1    88      4 -0.6549867E-03 -0.4670605E-03  0.0000000E+00  0.0000000E+00  0.3927731E-05  0.0000000E+00
         1    88      5 -0.8164760E-03 -0.5841494E-03  0.0000000E+00  0.0000000E+00  0.6127083E-05  0.0000000E+00
         1    88      6 -0.9770615E-03 -0.7013689E-03  0.0000000E+00  0.0000000E+00  0.8808722E-05  0.0000000E+00
         1    88      7 -0.1136743E-02 -0.8187197E-03  0.0000000E+00  0.0000000E+00  0.1197031E-04  0.0000000E+00
         1    88      8 -0.1295519E-02 -0.9362022E-03  0.0000000E+00  0.0000000E+00  0.1560951E-04  0.0000000E+00
         1    88      9 -0.1453391E-02 -0.1053817E-02  0.0000000E+00  0.0000000E+00  0.1972399E-04  0.0000000E+00
         1    88     10  0.8552816E-05  0.7713609E-06  0.0000000E+00  0.0000000E+00  0.1705926E-01  0.1000000E-02

         1    89      0  0.0000000E+00  0.0000000E+00  0.0000000E+00  0.0000000E+00  0.0000000E+00  0.0000000E+00
         1    89      1  0.0000000E+00  0.0000000E+00  0.0000000E+00  0.0000000E+00  0.0000000E+00  0.0000000E+00
         1    89      2 -0.4809256E-03 -0.2332724E-03  0.0000000E+00  0.0000000E+00  0.9758121E-06  0.0000000E+00
         1    89      3 -0.7201602E-03 -0.3501017E-03  0.0000000E+00  0.0000000E+00  0.2191751E-05  0.0000000E+00
         1    89      4 -0.9585761E-03 -0.4670605E-03  0.0000000E+00  0.0000000E+00  0.3889903E-05  0.0000000E+00
         1    89      5 -0.1196173E-02 -0.5841494E-03  0.0000000E+00  0.0000000E+00  0.6067910E-05  0.0000000E+00
         1    89      6 -0.1432951E-02 -0.7013689E-03  0.0000000E+00  0.0000000E+00  0.8723419E-05  0.0000000E+00
         1    89      7 -0.1668911E-02 -0.8187197E-03  0.0000000E+00  0.0000000E+00  0.1185408E-04  0.0000000E+00
         1    89      8 -0.1904051E-02 -0.9362022E-03  0.0000000E+00  0.0000000E+00  0.1545753E-04  0.0000000E+00
         1    89      9 -0.2138373E-02 -0.1053817E-02  0.0000000E+00  0.0000000E+00  0.1953142E-04  0.0000000E+00
         1    89     10  0.9053933E-05  0.7713609E-06  0.0000000E+00  0.0000000E+00  0.1720057E-01  0.1000000E-02

         1    90      0  0.0000000E+00  0.0000000E+00  0.0000000E+00  0.0000000E+00  0.0000000E+00  0.0000000E+00
         1    90      1  0.0000000E+00  0.0000000E+00  0.0000000E+00  0.0000000E+00  0.0000000E+00  0.0000000E+00
         1    90      2 -0.5324786E-03 -0.2831040E-03  0.0000000E+00  0.0000000E+00  0.9722559E-06  0.0000000E+00
         1    90      3 -0.7975164E-03 -0.4247296E-03  0.0000000E+00  0.0000000E+00  0.2183744E-05  0.0000000E+00
         1    90      4 -0.1061753E-02 -0.5664051E-03  0.0000000E+00  0.0000000E+00  0.3875659E-05  0.0000000E+00
         1    90      5 -0.1325189E-02 -0.7081310E-03  0.0000000E+00  0.0000000E+00  0.6045639E-05  0.0000000E+00
         1    90      6 -0.1587825E-02 -0.8499080E-03  0.0000000E+00  0.0000000E+00  0.8691326E-05  0.0000000E+00
         1    90      7 -0.1849660E-02 -0.9917365E-03  0.0000000E+00  0.0000000E+00  0.1181036E-04  0.0000000E+00
         1    90      8 -0.2110694E-02 -0.1133617E-02  0.0000000E+00  0.0000000E+00  0.1540039E-04  0.0000000E+00
         1    90      9 -0.2370928E-02 -0.1275551E-02  0.0000000E+00  0.0000000E+00  0.1945906E-04  0.0000000E+00
         1    90     10  0.9297916E-05  0.1673768E-05  0.0000000E+00  0.0000000E+00  0.1724405E-01  0.1000000E-02

         1    91      0  0.0000000E+00  0.0000000E+00  0.0000000E+00  0.0000000E+00  0.0000000E+00  0.0000000E+00
         1    91      1  0.0000000E+00  0.0000000E+00  0.0000000E+00  0.0000000E+00  0.0000000E+00  0.0000000E+00
         1    91      2 -0.5931245E-03 -0.3240914E-03  0.0000000E+00  0.0000000E+00  0.9673425E-06  0.0000000E+00
         1    91      3 -0.8884912E-03 -0.4861235E-03  0.0000000E+00  0.0000000E+00  0.2172688E-05  0.0000000E+00
         1    91      4 -0.1183061E-02 -0.6481472E-03  0.0000000E+00  0.0000000E+00  0.3856000E-05  0.0000000E+00
         1    91      5 -0.1476835E-02 -0.8101632E-03  0.0000000E+00  0.0000000E+00  0.6014918E-05  0.0000000E+00
         1    91      6 -0.1769812E-02 -0.9721721E-03  0.0000000E+00  0.0000000E+00  0.8647082E-05  0.0000000E+00
         1    91      7 -0.2061993E-02 -0.1134174E-02  0.0000000E+00  0.0000000E+00  0.1175013E-04  0.0000000E+00
         1    91      8 -0.2353378E-02 -0.1296171E-02  0.0000000E+00  0.0000000E+00  0.1532171E-04  0.0000000E+00
         1    91      9 -0.2643968E-02 -0.1458162E-02  0.0000000E+00  0.0000000E+00  0.1935947E-04  0.0000000E+00
         1    91     10  0.9701147E-05  0.2365595E-05  0.0000000E+00  0.0000000E+00  0.1728752E-01  0.1000000E-02

         1    92      0  0.0000000E+00  0.0000000E+00  0.0000000E+00  0.0000000E+00  0.0000000E+00  0.0000000E+00
         1    92      1  0.0000000E+00  0.0000000E+00  0.0000000E+00  0.0000000E+00  0.0000000E+00  0.0000000E+00
         1    92      2 -0.8037839E-03 -0.3240914E-03  0.0000000E+00  0.0000000E+00  0.9491285E-06  0.0000000E+00
         1    92      3 -0.1204472E-02 -0.4861235E-03  0.0000000E+00  0.0000000E+00  0.2131709E-05  0.0000000E+00
         1    92      4 -0.1604357E-02 -0.6481472E-03  0.0000000E+00  0.0000000E+00  0.3783152E-05  0.0000000E+00
         1    92      5 -0.2003441E-02 -0.8101632E-03  0.0000000E+00  0.0000000E+00  0.5901099E-05  0.0000000E+00
         1    92      6 -0.2401724E-02 -0.9721721E-03  0.0000000E+00  0.0000000E+00  0.8483191E-05  0.0000000E+00
         1    92      7 -0.2799207E-02 -0.1134174E-02  0.0000000E+00  0.0000000E+00  0.1152707E-04  0.0000000E+00
         1    92      8 -0.3195890E-02 -0.1296171E-02  0.0000000E+00  0.0000000E+00  0.1503038E-04  0.0000000E+00
         1    92      9 -0.3591774E-02 -0.1458162E-02  0.0000000E+00  0.0000000E+00  0.1899076E-04  0.0000000E+00
         1    92     10  0.1123796E-04  0.2365595E-05  0.0000000E+00  0.0000000E+00  0.1742883E-01  0.1000000E-02

         1    93      0  0.0000000E+00  0.0000000E+00  0.0000000E+00  0.0000000E+00  0.0000000E+00  0.0000000E+00
         1    93      1  0.0000000E+00  0.0000000E+00  0.0000000E+00  0.0000000E+00  0.0000000E+00  0.0000000E+00
         1    93      2 -0.3106741E-02 -0.3240914E-03  0.0000000E+00  0.0000000E+00  0.7500110E-06  0.0000000E+00
         1    93      3 -0.4658810E-02 -0.4861235E-03  0.0000000E+00  0.0000000E+00  0.1683719E-05  0.0000000E+00
         1    93      4 -0.6210018E-02 -0.6481472E-03  0.0000000E+00  0.0000000E+00  0.2986770E-05  0.0000000E+00
         1    93      5 -0.7760371E-02 -0.8101632E-03  0.0000000E+00  0.0000000E+00  0.4656815E-05  0.0000000E+00
         1    93      6 -0.9309872E-02 -0.9721721E-03  0.0000000E+00  0.0000000E+00  0.6691510E-05  0.0000000E+00
         1    93      7 -0.1085853E-01 -0.1134174E-02  0.0000000E+00  0.0000000E+00  0.9088507E-05  0.0000000E+00
         1    93      8 -0.1240634E-01 -0.1296171E-02  0.0000000E+00  0.0000000E+00  0.1184546E-04  0.0000000E+00
         1    93      9 -0.1395332E-01 -0.1458162E-02  0.0000000E+00  0.0000000E+00  0.1496001E-04  0.0000000E+00
         1    93     10  0.2803865E-04  0.2365595E-05  0.0000000E+00  0.0000000E+00  0.1897357E-01  0.1000000E-02

         1    94      0  0.0000000E+00  0.0000000E+00  0.0000000E+00  0.0000000E+00  0.0000000E+00  0.0000000E+00
         1    94      1  0.0000000E+00  0.0000000E+00  0.0000000E+00  0.0000000E+00  0.0000000E+00  0.0000000E+00
         1    94      2 -0.3317400E-02 -0.3240914E-03  0.0000000E+00  0.0000000E+00  0.7317971E-06  0.0000000E+00
         1    94      3 -0.4974790E-02 -0.4861235E-03  0.0000000E+00  0.0000000E+00  0.1642740E-05  0.0000000E+00
         1    94      4 -0.6631314E-02 -0.6481472E-03  0.0000000E+00  0.0000000E+00  0.2913922E-05  0.0000000E+00
         1    94      5 -0.8286977E-02 -0.8101632E-03  0.0000000E+00  0.0000000E+00  0.4542996E-05  0.0000000E+00
         1    94      6 -0.9941784E-02 -0.9721721E-03  0.0000000E+00  0.0000000E+00  0.6527619E-05  0.0000000E+00
         1    94      7 -0.1159574E-01 -0.1134174E-02  0.0000000E+00  0.0000000E+00  0.8865443E-05  0.0000000E+00
         1    94      8 -0.1324885E-01 -0.1296171E-02  0.0000000E+00  0.0000000E+00  0.1155412E-04  0.0000000E+00
         1    94      9 -0.1490112E-01 -0.1458162E-02  0.0000000E+00  0.0000000E+00  0.1459131E-04  0.0000000E+00
         1    94     10  0.2957547E-04  0.2365595E-05  0.0000000E+00  0.0000000E+00  0.1911487E-01  0.1000000E-02

         1    95      0  0.0000000E+00  0.0000000E+00  0.0000000E+00  0.0000000E+00  0.0000000E+00  0.0000000E+00
         1    95      1  0.0000000E+00  0.0000000E+00  0.0000000E+00  0.0000000E+00  0.0000000E+00  0.0000000E+00
         1    95      2 -0.3349282E-02  0.5798973E-05  0.0000000E+00  0.0000000E+00  0.7299570E-06  0.0000000E+00
         1    95      3 -0.5022623E-02  0.8582971E-05  0.0000000E+00  0.0000000E+00  0.1638599E-05  0.0000000E+00
         1    95      4 -0.6695105E-02  0.1128989E-04  0.0000000E+00  0.0000000E+00  0.2906559E-05  0.0000000E+00
         1    95      5 -0.8366733E-02  0.1391966E-04  0.0000000E+00  0.0000000E+00  0.4531490E-05  0.0000000E+00
         1    95      6 -0.1003751E-01  0.1647223E-04  0.0000000E+00  0.0000000E+00  0.6511046E-05  0.0000000E+00
         1    95      7 -0.1170745E-01  0.1894753E-04  0.0000000E+00  0.0000000E+00  0.8842882E-05  0.0000000E+00
         1    95      8 -0.1337655E-01  0.2134549E-04  0.0000000E+00  0.0000000E+00  0.1152465E-04  0.0000000E+00
         1    95      9 -0.1504481E-01  0.2366606E-04  0.0000000E+00  0.0000000E+00  0.1455400E-04  0.0000000E+00
         1    95     10  0.2975520E-04 -0.5702880E-06  0.0000000E+00  0.0000000E+00  0.1915835E-01  0.1000000E-02

         1    96      0  0.0000000E+00  0.0000000E+00  0.0000000E+00  0.0000000E+00  0.0000000E+00  0.0000000E+00
         1    96      1  0.0000000E+00  0.0000000E+00  0.0000000E+00  0.0000000E+00  0.0000000E+00  0.0000000E+00
         1    96      2 -0.3315088E-02  0.3355750E-03  0.0000000E+00  0.0000000E+00  0.7279135E-06  0.0000000E+00
         1    96      3 -0.4971368E-02  0.5031201E-03  0.0000000E+00  0.0000000E+00  0.1634007E-05  0.0000000E+00
         1    96      4 -0.6626813E-02  0.6705043E-03  0.0000000E+00  0.0000000E+00  0.2898404E-05  0.0000000E+00
         1    96      5 -0.8281427E-02  0.8377279E-03  0.0000000E+00  0.0000000E+00  0.4518763E-05  0.0000000E+00
         1    96      6 -0.9935217E-02  0.1004792E-02  0.0000000E+00  0.0000000E+00  0.6492742E-05  0.0000000E+00
         1    96      7 -0.1158819E-01  0.1171696E-02  0.0000000E+00  0.0000000E+00  0.8817997E-05  0.0000000E+00
         1    96      8 -0.1324034E-01  0.1338441E-02  0.0000000E+00  0.0000000E+00  0.1149218E-04  0.0000000E+00
         1    96      9 -0.1489169E-01  0.1505027E-02  0.0000000E+00  0.0000000E+00  0.1451296E-04  0.0000000E+00
         1    96     10  0.2934822E-04 -0.3494926E-05  0.0000000E+00  0.0000000E+00  0.1920183E-01  0.1000000E-02

         1    97      0  0.0000000E+00  0.0000000E+00  0.0000000E+00  0.0000000E+00  0.0000000E+00  0.0000000E+00
         1    97      1  0.0000000E+00  0.0000000E+00  0.0000000E+00  0.0000000E+00  0.0000000E+00  0.0000000E+00
         1    97      2 -0.3096965E-02  0.3355750E-03  0.0000000E+00  0.0000000E+00  0.7083859E-06  0.0000000E+00
         1    97      3 -0.4644340E-02  0.5031201E-03  0.0000000E+00  0.0000000E+00  0.1590112E-05  0.0000000E+00
         1    97      4 -0.6190985E-02  0.6705043E-03  0.0000000E+00  0.0000000E+00  0.2820444E-05  0.0000000E+00
         1    97      5 -0.7736904E-02  0.8377279E-03  0.0000000E+00  0.0000000E+00  0.4397068E-05  0.0000000E+00
         1    97      6 -0.9282102E-02  0.1004792E-02  0.0000000E+00  0.0000000E+00  0.6317668E-05  0.0000000E+00
         1    97      7 -0.1082658E-01  0.1171696E-02  0.0000000E+00  0.0000000E+00  0.8579930E-05  0.0000000E+00
         1    97      8 -0.1237035E-01  0.1338441E-02  0.0000000E+00  0.0000000E+00  0.1118154E-04  0.0000000E+00
         1    97      9 -0.1391342E-01  0.1505027E-02  0.0000000E+00  0.0000000E+00  0.1412017E-04  0.0000000E+00
         1    97     10  0.2707773E-04 -0.3494926E-05  0.0000000E+00  0.0000000E+00  0.1934313E-01  0.1000000E-02

         1    98      0  0.0000000E+00  0.0000000E+00  0.0000000E+00  0.0000000E+00  0.0000000E+00  0.0000000E+00
         1    98      1  0.0000000E+00  0.0000000E+00  0.0000000E+00  0.0000000E+00  0.0000000E+00  0.0000000E+00
         1    98      2 -0.7124069E-03  0.3355750E-03  0.0000000E+00  0.0000000E+00  0.4949078E-06  0.0000000E+00
         1    98      3 -0.1069226E-02  0.5031201E-03  0.0000000E+00  0.0000000E+00  0.1110249E-05  0.0000000E+00
         1    98      4 -0.1426457E-02  0.6705043E-03  0.0000000E+00  0.0000000E+00  0.1968174E-05  0.0000000E+00
         1    98      5 -0.1784102E-02  0.8377279E-03  0.0000000E+00  0.0000000E+00  0.3066674E-05  0.0000000E+00
         1    98      6 -0.2142163E-02  0.1004792E-02  0.0000000E+00  0.0000000E+00  0.4403737E-05  0.0000000E+00
         1    98      7 -0.2500642E-02  0.1171696E-02  0.0000000E+00  0.0000000E+00  0.5977351E-05  0.0000000E+00
         1    98      8 -0.2859539E-02  0.1338441E-02  0.0000000E+00  0.0000000E+00  0.7785498E-05  0.0000000E+00
         1    98      9 -0.3218856E-02  0.1505027E-02  0.0000000E+00  0.0000000E+00  0.9826161E-05  0.0000000E+00
         1    98     10  0.2256425E-05 -0.3494926E-05  0.0000000E+00  0.0000000E+00  0.2088787E-01  0.1000000E-02

         1    99      0  0.0000000E+00  0.0000000E+00  0.0000000E+00  0.0000000E+00  0.0000000E+00  0.0000000E+00
         1    99      1  0.0000000E+00  0.0000000E+00  0.0000000E+00  0.0000000E+00  0.0000000E+00  0.0000000E+00
         1    99      2 -0.4942832E-03  0.3355750E-03  0.0000000E+00  0.0000000E+00  0.4753802E-06  0.0000000E+00
         1    99      3 -0.7421977E-03  0.5031201E-03  0.0000000E+00  0.0000000E+00  0.1066354E-05  0.0000000E+00
         1    99      4 -0.9906292E-03  0.6705043E-03  0.0000000E+00  0.0000000E+00  0.1890214E-05  0.0000000E+00
         1    99      5 -0.1239579E-02  0.8377279E-03  0.0000000E+00  0.0000000E+00  0.2944978E-05  0.0000000E+00
         1    99      6 -0.1489048E-02  0.1004792E-02  0.0000000E+00  0.0000000E+00  0.4228663E-05  0.0000000E+00
         1    99      7 -0.1739039E-02  0.1171696E-02  0.0000000E+00  0.0000000E+00  0.5739284E-05  0.0000000E+00
         1    99      8 -0.1989551E-02  0.1338441E-02  0.0000000E+00  0.0000000E+00  0.7474851E-05  0.0000000E+00
         1    99      9 -0.2240588E-02  0.1505027E-02  0.0000000E+00  0.0000000E+00  0.9433373E-05  0.0000000E+00
         1    99     10 -0.1406578E-07 -0.3494926E-05  0.0000000E+00  0.0000000E+00  0.2102918E-01  0.1000000E-02

         1   100      0  0.0000000E+00  0.0000000E+00  0.0000000E+00  0.0000000E+00  0.0000000E+00  0.0000000E+00
         1   100      1  0.0000000E+00  0.0000000E+00  0.0000000E+00  0.0000000E+00  0.0000000E+00  0.0000000E+00
         1   100      2 -0.4306134E-03  0.3018960E-03  0.0000000E+00  0.0000000E+00  0.4699677E-06  0.0000000E+00
         1   100      3 -0.6467473E-03  0.4525434E-03  0.0000000E+00  0.0000000E+00  0.1054190E-05  0.0000000E+00
         1   100      4 -0.8634342E-03  0.6029909E-03  0.0000000E+00  0.0000000E+00  0.1868613E-05  0.0000000E+00
         1   100      5 -0.1080675E-02  0.7532388E-03  0.0000000E+00  0.0000000E+00  0.2911265E-05  0.0000000E+00
         1   100      6 -0.1298472E-02  0.9032876E-03  0.0000000E+00  0.0000000E+00  0.4180171E-05  0.0000000E+00
         1   100      7 -0.1516825E-02  0.1053138E-02  0.0000000E+00  0.0000000E+00  0.5673355E-05  0.0000000E+00
         1   100      8 -0.1735737E-02  0.1202789E-02  0.0000000E+00  0.0000000E+00  0.7388836E-05  0.0000000E+00
         1   100      9 -0.1955207E-02  0.1352242E-02  0.0000000E+00  0.0000000E+00  0.9324633E-05  0.0000000E+00
         1   100     10 -0.7144793E-06 -0.3521455E-05  0.0000000E+00  0.0000000E+00  0.2107265E-01  0.1000000E-02
