# number of rays:      11
# iteration   EID   ray    X              A              Y              B              T              D
         0     0      0  0.0000000E+00  0.0000000E+00  0.0000000E+00  0.0000000E+00  0.0000000E+00  0.0000000E+00
         0     0      1  0.0000000E+00  0.0000000E+00  0.0000000E+00  0.0000000E+00  0.0000000E+00  0.0000000E+00
         0     0      2  0.1000000E-02  0.0000000E+00  0.0000000E+00  0.0000000E+00  0.0000000E+00  0.0000000E+00
         0     0      3  0.1500000E-02  0.0000000E+00  0.0000000E+00  0.0000000E+00  0.0000000E+00  0.0000000E+00
         0     0      4  0.2000000E-02  0.0000000E+00  0.0000000E+00  0.0000000E+00  0.0000000E+00  0.0000000E+00
         0     0      5  0.2500000E-02  0.0000000E+00  0.0000000E+00  0.0000000E+00  0.0000000E+00  0.0000000E+00
         0     0      6  0.3000000E-02  0.0000000E+00  0.0000000E+00  0.0000000E+00  0.0000000E+00  0.0000000E+00
         0     0      7  0.3500000E-02  0.0000000E+00  0.0000000E+00  0.0000000E+00  0.0000000E+00  0.0000000E+00
         0     0      8  0.4000000E-02  0.0000000E+00  0.0000000E+00  0.0000000E+00  0.0000000E+00  0.0000000E+00
         0     0      9  0.4500000E-02  0.0000000E+00  0.0000000E+00  0.0000000E+00  0.0000000E+00  0.0000000E+00
         0     0     10  0.0000000E+00  0.0000000E+00  0.0000000E+00  0.0000000E+00  0.0000000E+00  0.1000000E-02

         1     1      0  0.0000000E+00  0.0000000E+00  0.0000000E+00  0.0000000E+00  0.0000000E+00  0.0000000E+00
         1     1      1  0.0000000E+00  0.0000000E+00  0.0000000E+00  0.0000000E+00  0.0000000E+00  0.0000000E+00
         1     1      2  0.1009867E-02  0.9883014E-04  0.0000000E+00  0.0000000E+00 -0.1732625E-09  0.0000000E+00
         1     1      3  0.1514800E-02  0.1482452E-03  0.0000000E+00  0.0000000E+00 -0.3898406E-09  0.0000000E+00
         1     1      4  0.2019734E-02  0.1976603E-03  0.0000000E+00  0.0000000E+00 -0.6930499E-09  0.0000000E+00
         1     1      5  0.2524667E-02  0.2470754E-03  0.0000000E+00  0.0000000E+00 -0.1082890E-08  0.0000000E+00
         1     1      6  0.3029600E-02  0.2964904E-03  0.0000000E+00  0.0000000E+00 -0.1559362E-08  0.0000000E+00
         1     1      7  0.3534534E-02  0.3459055E-03  0.0000000E+00  0.0000000E+00 -0.2122465E-08  0.0000000E+00
         1     1      8  0.4039467E-02  0.3953206E-03  0.0000000E+00  0.0000000E+00 -0.2772200E-08  0.0000000E+00
         1     1      9  0.4544401E-02  0.4447357E-03  0.0000000E+00  0.0000000E+00 -0.3508565E-08  0.0000000E+00
         1     1     10  0.0000000E+00  0.0000000E+00  0.0000000E+00  0.0000000E+00  0.4347783E-04  0.1000000E-02

         1     2      0  0.0000000E+00  0.0000000E+00  0.0000000E+00  0.0000000E+00  0.0000000E+00  0.0000000E+00
         1     2      1  0.0000000E+00  0.0000000E+00  0.0000000E+00  0.0000000E+00  0.0000000E+00  0.0000000E+00
         1     2      2  0.1074106E-02  0.9883014E-04  0.0000000E+00  0.0000000E+00 -0.1867008E-08  0.0000000E+00
         1     2      3  0.1611160E-02  0.1482452E-03  0.0000000E+00  0.0000000E+00 -0.4200769E-08  0.0000000E+00
         1     2      4  0.2148213E-02  0.1976603E-03  0.0000000E+00  0.0000000E+00 -0.7468033E-08  0.0000000E+00
         1     2      5  0.2685266E-02  0.2470754E-03  0.0000000E+00  0.0000000E+00 -0.1166880E-07  0.0000000E+00
         1     2      6  0.3222319E-02  0.2964904E-03  0.0000000E+00  0.0000000E+00 -0.1680307E-07  0.0000000E+00
         1     2      7  0.3759372E-02  0.3459055E-03  0.0000000E+00  0.0000000E+00 -0.2287085E-07  0.0000000E+00
         1     2      8  0.4296426E-02  0.3953206E-03  0.0000000E+00  0.0000000E+00 -0.2987213E-07  0.0000000E+00
         1     2      9  0.4833479E-02  0.4447357E-03  0.0000000E+00  0.0000000E+00 -0.3780692E-07  0.0000000E+00
         1     2     10  0.0000000E+00  0.0000000E+00  0.0000000E+00  0.0000000E+00  0.1847808E-03  0.1000000E-02

         1     3      0  0.0000000E+00  0.0000000E+00  0.0000000E+00  0.0000000E+00  0.0000000E+00  0.0000000E+00
         1     3      1  0.0000000E+00  0.0000000E+00  0.0000000E+00  0.0000000E+00  0.0000000E+00  0.0000000E+00
         1     3      2  0.1600870E-02  0.4601409E-04  0.0000000E+00  0.0000000E+00 -0.3824492E-03  0.0000000E+00
         1     3      3  0.2401338E-02  0.6901931E-04  0.0000000E+00  0.0000000E+00 -0.5736884E-03  0.0000000E+00
         1     3      4  0.3201827E-02  0.9202330E-04  0.0000000E+00  0.0000000E+00 -0.7649374E-03  0.0000000E+00
         1     3      5  0.4002338E-02  0.1150261E-03  0.0000000E+00  0.0000000E+00 -0.9561962E-03  0.0000000E+00
         1     3      6  0.4802870E-02  0.1380276E-03  0.0000000E+00  0.0000000E+00 -0.1147465E-02  0.0000000E+00
         1     3      7  0.5603423E-02  0.1610280E-03  0.0000000E+00  0.0000000E+00 -0.1338743E-02  0.0000000E+00
         1     3      8  0.6403998E-02  0.1840271E-03  0.0000000E+00  0.0000000E+00 -0.1530031E-02  0.0000000E+00
         1     3      9  0.7204595E-02  0.2070250E-03  0.0000000E+00  0.0000000E+00 -0.1721329E-02  0.0000000E+00
         1     3     10  0.9694457E-03  0.2667273E-03  0.0000000E+00  0.0000000E+00  0.1638403E-02  0.1000000E-02

         1     4      0  0.0000000E+00  0.0000000E+00  0.0000000E+00  0.0000000E+00  0.0000000E+00  0.0000000E+00
         1     4      1  0.0000000E+00  0.0000000E+00  0.0000000E+00  0.0000000E+00  0.0000000E+00  0.0000000E+00
         1     4      2  0.1612374E-02  0.4601409E-04  0.0000000E+00  0.0000000E+00 -0.3824493E-03  0.0000000E+00
         1     4      3  0.2418593E-02  0.6901931E-04  0.0000000E+00  0.0000000E+00 -0.5736887E-03  0.0000000E+00
         1     4      4  0.3224833E-02  0.9202330E-04  0.0000000E+00  0.0000000E+00 -0.7649380E-03  0.0000000E+00
         1     4      5  0.4031094E-02  0.1150261E-03  0.0000000E+00  0.0000000E+00 -0.9561971E-03  0.0000000E+00
         1     4      6  0.4837376E-02  0.1380276E-03  0.0000000E+00  0.0000000E+00 -0.1147466E-02  0.0000000E+00
         1     4      7  0.5643680E-02  0.1610280E-03  0.0000000E+00  0.0000000E+00 -0.1338745E-02  0.0000000E+00
         1     4      8  0.6450005E-02  0.1840271E-03  0.0000000E+00  0.0000000E+00 -0.1530034E-02  0.0000000E+00
         1     4      9  0.7256351E-02  0.2070250E-03  0.0000000E+00  0.0000000E+00 -0.1721332E-02  0.0000000E+00
         1     4     10  0.1036092E-02  0.2667273E-03  0.0000000E+00  0.0000000E+00  0.1692745E-02  0.1000000E-02

         1     5      0  0.0000000E+00  0.0000000E+00  0.0000000E+00  0.0000000E+00  0.0000000E+00  0.0000000E+00
         1     5      1  0.0000000E+00  0.0000000E+00  0.0000000E+00  0.0000000E+00  0.0000000E+00  0.0000000E+00
         1     5      2  0.1619273E-02  0.4596703E-04  0.0000000E+00  0.0000000E+00 -0.3824494E-03  0.0000000E+00
         1     5      3  0.2428938E-02  0.6891341E-04  0.0000000E+00  0.0000000E+00 -0.5736889E-03  0.0000000E+00
         1     5      4  0.3238622E-02  0.9183504E-04  0.0000000E+00  0.0000000E+00 -0.7649383E-03  0.0000000E+00
         1     5      5  0.4048326E-02  0.1147319E-03  0.0000000E+00  0.0000000E+00 -0.9561976E-03  0.0000000E+00
         1     5      6  0.4858049E-02  0.1376040E-03  0.0000000E+00  0.0000000E+00 -0.1147467E-02  0.0000000E+00
         1     5      7  0.5667791E-02  0.1604514E-03  0.0000000E+00  0.0000000E+00 -0.1338746E-02  0.0000000E+00
         1     5      8  0.6477553E-02  0.1832740E-03  0.0000000E+00  0.0000000E+00 -0.1530035E-02  0.0000000E+00
         1     5      9  0.7287333E-02  0.2060718E-03  0.0000000E+00  0.0000000E+00 -0.1721334E-02  0.0000000E+00
         1     5     10  0.1076078E-02  0.2667072E-03  0.0000000E+00  0.0000000E+00  0.1725351E-02  0.1000000E-02

         1     6      0  0.0000000E+00  0.0000000E+00  0.0000000E+00  0.0000000E+00  0.0000000E+00  0.0000000E+00
         1     6      1  0.0000000E+00  0.0000000E+00  0.0000000E+00  0.0000000E+00  0.0000000E+00  0.0000000E+00
         1     6      2  0.1630764E-02  0.4596703E-04  0.0000000E+00  0.0000000E+00 -0.3824495E-03  0.0000000E+00
         1     6      3  0.2446166E-02  0.6891341E-04  0.0000000E+00  0.0000000E+00 -0.5736892E-03  0.0000000E+00
         1     6      4  0.3261581E-02  0.9183504E-04  0.0000000E+00  0.0000000E+00 -0.7649389E-03  0.0000000E+00
         1     6      5  0.4077009E-02  0.1147319E-03  0.0000000E+00  0.0000000E+00 -0.9561985E-03  0.0000000E+00
         1     6      6  0.4892450E-02  0.1376040E-03  0.0000000E+00  0.0000000E+00 -0.1147468E-02  0.0000000E+00
         1     6      7  0.5707904E-02  0.1604514E-03  0.0000000E+00  0.0000000E+00 -0.1338748E-02  0.0000000E+00
         1     6      8  0.6523371E-02  0.1832740E-03  0.0000000E+00  0.0000000E+00 -0.1530037E-02  0.0000000E+00
         1     6      9  0.7338851E-02  0.2060718E-03  0.0000000E+00  0.0000000E+00 -0.1721337E-02  0.0000000E+00
         1     6     10  0.1142720E-02  0.2667072E-03  0.0000000E+00  0.0000000E+00  0.1779694E-02  0.1000000E-02

         1     7      0  0.0000000E+00  0.0000000E+00  0.0000000E+00  0.0000000E+00  0.0000000E+00  0.0000000E+00
         1     7      1  0.0000000E+00  0.0000000E+00  0.0000000E+00  0.0000000E+00  0.0000000E+00  0.0000000E+00
         1     7      2  0.1626030E-02 -0.9098703E-04  0.0000000E+00  0.0000000E+00 -0.3824496E-03  0.0000000E+00
         1     7      3  0.2439057E-02 -0.1365190E-03  0.0000000E+00  0.0000000E+00 -0.5736895E-03  0.0000000E+00
         1     7      4  0.3252092E-02 -0.1820766E-03  0.0000000E+00  0.0000000E+00 -0.7649394E-03  0.0000000E+00
         1     7      5  0.4065134E-02 -0.2276598E-03  0.0000000E+00  0.0000000E+00 -0.9561992E-03  0.0000000E+00
         1     7      6  0.4878184E-02 -0.2732687E-03  0.0000000E+00  0.0000000E+00 -0.1147469E-02  0.0000000E+00
         1     7      7  0.5691242E-02 -0.3189032E-03  0.0000000E+00  0.0000000E+00 -0.1338749E-02  0.0000000E+00
         1     7      8  0.6504308E-02 -0.3645633E-03  0.0000000E+00  0.0000000E+00 -0.1530039E-02  0.0000000E+00
         1     7      9  0.7317381E-02 -0.4102491E-03  0.0000000E+00  0.0000000E+00 -0.1721339E-02  0.0000000E+00
         1     7     10  0.1188478E-02  0.1686763E-03  0.0000000E+00  0.0000000E+00  0.1825343E-02  0.1000000E-02

         1     8      0  0.0000000E+00  0.0000000E+00  0.0000000E+00  0.0000000E+00  0.0000000E+00  0.0000000E+00
         1     8      1  0.0000000E+00  0.0000000E+00  0.0000000E+00  0.0000000E+00  0.0000000E+00  0.0000000E+00
         1     8      2  0.1592662E-02 -0.2263388E-03  0.0000000E+00  0.0000000E+00 -0.3824511E-03  0.0000000E+00
         1     8      3  0.2388996E-02 -0.3395473E-03  0.0000000E+00  0.0000000E+00 -0.5736929E-03  0.0000000E+00
         1     8      4  0.3185333E-02 -0.4527819E-03  0.0000000E+00  0.0000000E+00 -0.7649454E-03  0.0000000E+00
         1     8      5  0.3981673E-02 -0.5660425E-03  0.0000000E+00  0.0000000E+00 -0.9562086E-03  0.0000000E+00
         1     8      6  0.4778014E-02 -0.6793292E-03  0.0000000E+00  0.0000000E+00 -0.1147483E-02  0.0000000E+00
         1     8      7  0.5574358E-02 -0.7926419E-03  0.0000000E+00  0.0000000E+00 -0.1338767E-02  0.0000000E+00
         1     8      8  0.6370704E-02 -0.9059807E-03  0.0000000E+00  0.0000000E+00 -0.1530063E-02  0.0000000E+00
         1     8      9  0.7167053E-02 -0.1019346E-02  0.0000000E+00  0.0000000E+00 -0.1721369E-02  0.0000000E+00
         1     8     10  0.1213318E-02  0.6767652E-04  0.0000000E+00  0.0000000E+00  0.1870993E-02  0.1000000E-02

         1     9      0  0.0000000E+00  0.0000000E+00  0.0000000E+00  0.0000000E+00  0.0000000E+00  0.0000000E+00
         1     9      1  0.0000000E+00  0.0000000E+00  0.0000000E+00  0.0000000E+00  0.0000000E+00  0.0000000E+00
         1     9      2  0.1445542E-02 -0.2263388E-03  0.0000000E+00  0.0000000E+00 -0.3824600E-03  0.0000000E+00
         1     9      3  0.2168291E-02 -0.3395473E-03  0.0000000E+00  0.0000000E+00 -0.5737129E-03  0.0000000E+00
         1     9      4  0.2891025E-02 -0.4527819E-03  0.0000000E+00  0.0000000E+00 -0.7649809E-03  0.0000000E+00
         1     9      5  0.3613745E-02 -0.5660425E-03  0.0000000E+00  0.0000000E+00 -0.9562642E-03  0.0000000E+00
         1     9      6  0.4336450E-02 -0.6793292E-03  0.0000000E+00  0.0000000E+00 -0.1147563E-02  0.0000000E+00
         1     9      7  0.5059141E-02 -0.7926419E-03  0.0000000E+00  0.0000000E+00 -0.1338876E-02  0.0000000E+00
         1     9      8  0.5781816E-02 -0.9059807E-03  0.0000000E+00  0.0000000E+00 -0.1530205E-02  0.0000000E+00
         1     9      9  0.6504478E-02 -0.1019346E-02  0.0000000E+00  0.0000000E+00 -0.1721550E-02  0.0000000E+00
         1     9     10  0.1257284E-02  0.6767652E-04  0.0000000E+00  0.0000000E+00  0.2012296E-02  0.1000000E-02

         1    10      0  0.0000000E+00  0.0000000E+00  0.0000000E+00  0.0000000E+00  0.0000000E+00  0.0000000E+00
         1    10      1  0.0000000E+00  0.0000000E+00  0.0000000E+00  0.0000000E+00  0.0000000E+00  0.0000000E+00
         1    10      2 -0.2840944E-03 -0.2492855E-03  0.0000000E+00  0.0000000E+00 -0.5486197E-03  0.0000000E+00
         1    10      3 -0.4265162E-03 -0.3739709E-03  0.0000000E+00  0.0000000E+00 -0.8229782E-03  0.0000000E+00
         1    10      4 -0.5691880E-03 -0.4986848E-03  0.0000000E+00  0.0000000E+00 -0.1097369E-02  0.0000000E+00
         1    10      5 -0.7121097E-03 -0.6234271E-03  0.0000000E+00  0.0000000E+00 -0.1371793E-02  0.0000000E+00
         1    10      6 -0.8552815E-03 -0.7481978E-03  0.0000000E+00  0.0000000E+00 -0.1646249E-02  0.0000000E+00
         1    10      7 -0.9987032E-03 -0.8729970E-03  0.0000000E+00  0.0000000E+00 -0.1920738E-02  0.0000000E+00
         1    10      8 -0.1142375E-02 -0.9978247E-03  0.0000000E+00  0.0000000E+00 -0.2195259E-02  0.0000000E+00
         1    10      9 -0.1286297E-02 -0.1122681E-02  0.0000000E+00  0.0000000E+00 -0.2469813E-02  0.0000000E+00
         1    10     10  0.2517495E-02  0.2790141E-03  0.0000000E+00  0.0000000E+00  0.3064998E-02  0.1000000E-02

         1    11      0  0.0000000E+00  0.0000000E+00  0.0000000E+00  0.0000000E+00  0.0000000E+00  0.0000000E+00
         1    11      1  0.0000000E+00  0.0000000E+00  0.0000000E+00  0.0000000E+00  0.0000000E+00  0.0000000E+00
         1    11      2 -0.3464157E-03 -0.2492855E-03  0.0000000E+00  0.0000000E+00 -0.5486238E-03  0.0000000E+00
         1    11      3 -0.5200090E-03 -0.3739709E-03  0.0000000E+00  0.0000000E+00 -0.8229875E-03  0.0000000E+00
         1    11      4 -0.6938592E-03 -0.4986848E-03  0.0000000E+00  0.0000000E+00 -0.1097386E-02  0.0000000E+00
         1    11      5 -0.8679665E-03 -0.6234271E-03  0.0000000E+00  0.0000000E+00 -0.1371819E-02  0.0000000E+00
         1    11      6 -0.1042331E-02 -0.7481978E-03  0.0000000E+00  0.0000000E+00 -0.1646286E-02  0.0000000E+00
         1    11      7 -0.1216953E-02 -0.8729970E-03  0.0000000E+00  0.0000000E+00 -0.1920788E-02  0.0000000E+00
         1    11      8 -0.1391831E-02 -0.9978247E-03  0.0000000E+00  0.0000000E+00 -0.2195325E-02  0.0000000E+00
         1    11      9 -0.1566968E-02 -0.1122681E-02  0.0000000E+00  0.0000000E+00 -0.2469897E-02  0.0000000E+00
         1    11     10  0.2587211E-02  0.2790141E-03  0.0000000E+00  0.0000000E+00  0.3119340E-02  0.1000000E-02

         1    12      0  0.0000000E+00  0.0000000E+00  0.0000000E+00  0.0000000E+00  0.0000000E+00  0.0000000E+00
         1    12      1  0.0000000E+00  0.0000000E+00  0.0000000E+00  0.0000000E+00  0.0000000E+00  0.0000000E+00
         1    12      2 -0.3838083E-03 -0.2492820E-03  0.0000000E+00  0.0000000E+00 -0.5486263E-03  0.0000000E+00
         1    12      3 -0.5761041E-03 -0.3739631E-03  0.0000000E+00  0.0000000E+00 -0.8229931E-03  0.0000000E+00
         1    12      4 -0.7686609E-03 -0.4986708E-03  0.0000000E+00  0.0000000E+00 -0.1097396E-02  0.0000000E+00
         1    12      5 -0.9614790E-03 -0.6234052E-03  0.0000000E+00  0.0000000E+00 -0.1371834E-02  0.0000000E+00
         1    12      6 -0.1154558E-02 -0.7481663E-03  0.0000000E+00  0.0000000E+00 -0.1646309E-02  0.0000000E+00
         1    12      7 -0.1347899E-02 -0.8729541E-03  0.0000000E+00  0.0000000E+00 -0.1920819E-02  0.0000000E+00
         1    12      8 -0.1541501E-02 -0.9977686E-03  0.0000000E+00  0.0000000E+00 -0.2195365E-02  0.0000000E+00
         1    12      9 -0.1735365E-02 -0.1122610E-02  0.0000000E+00  0.0000000E+00 -0.2469948E-02  0.0000000E+00
         1    12     10  0.2629054E-02  0.2791916E-03  0.0000000E+00  0.0000000E+00  0.3151945E-02  0.1000000E-02

         1    13      0  0.0000000E+00  0.0000000E+00  0.0000000E+00  0.0000000E+00  0.0000000E+00  0.0000000E+00
         1    13      1  0.0000000E+00  0.0000000E+00  0.0000000E+00  0.0000000E+00  0.0000000E+00  0.0000000E+00
         1    13      2 -0.4461288E-03 -0.2492820E-03  0.0000000E+00  0.0000000E+00 -0.5486305E-03  0.0000000E+00
         1    13      3 -0.6695948E-03 -0.3739631E-03  0.0000000E+00  0.0000000E+00 -0.8230024E-03  0.0000000E+00
         1    13      4 -0.8933287E-03 -0.4986708E-03  0.0000000E+00  0.0000000E+00 -0.1097412E-02  0.0000000E+00
         1    13      5 -0.1117330E-02 -0.6234052E-03  0.0000000E+00  0.0000000E+00 -0.1371860E-02  0.0000000E+00
         1    13      6 -0.1341600E-02 -0.7481663E-03  0.0000000E+00  0.0000000E+00 -0.1646346E-02  0.0000000E+00
         1    13      7 -0.1566138E-02 -0.8729541E-03  0.0000000E+00  0.0000000E+00 -0.1920870E-02  0.0000000E+00
         1    13      8 -0.1790943E-02 -0.9977686E-03  0.0000000E+00  0.0000000E+00 -0.2195432E-02  0.0000000E+00
         1    13      9 -0.2016017E-02 -0.1122610E-02  0.0000000E+00  0.0000000E+00 -0.2470032E-02  0.0000000E+00
         1    13     10  0.2698815E-02  0.2791916E-03  0.0000000E+00  0.0000000E+00  0.3206287E-02  0.1000000E-02

         1    14      0  0.0000000E+00  0.0000000E+00  0.0000000E+00  0.0000000E+00  0.0000000E+00  0.0000000E+00
         1    14      1  0.0000000E+00  0.0000000E+00  0.0000000E+00  0.0000000E+00  0.0000000E+00  0.0000000E+00
         1    14      2 -0.5005510E-03 -0.2958326E-03  0.0000000E+00  0.0000000E+00 -0.5486344E-03  0.0000000E+00
         1    14      3 -0.7512400E-03 -0.4438290E-03  0.0000000E+00  0.0000000E+00 -0.8230114E-03  0.0000000E+00
         1    14      4 -0.1002205E-02 -0.5918789E-03  0.0000000E+00  0.0000000E+00 -0.1097428E-02  0.0000000E+00
         1    14      5 -0.1253446E-02 -0.7399822E-03  0.0000000E+00  0.0000000E+00 -0.1371885E-02  0.0000000E+00
         1    14      6 -0.1504962E-02 -0.8881389E-03  0.0000000E+00  0.0000000E+00 -0.1646382E-02  0.0000000E+00
         1    14      7 -0.1756755E-02 -0.1036349E-02  0.0000000E+00  0.0000000E+00 -0.1920918E-02  0.0000000E+00
         1    14      8 -0.2008824E-02 -0.1184613E-02  0.0000000E+00  0.0000000E+00 -0.2195495E-02  0.0000000E+00
         1    14      9 -0.2261169E-02 -0.1332930E-02  0.0000000E+00  0.0000000E+00 -0.2470112E-02  0.0000000E+00
         1    14     10  0.2781421E-02  0.5486686E-03  0.0000000E+00  0.0000000E+00  0.3249756E-02  0.1000000E-02

         1    15      0  0.0000000E+00  0.0000000E+00  0.0000000E+00  0.0000000E+00  0.0000000E+00  0.0000000E+00
         1    15      1  0.0000000E+00  0.0000000E+00  0.0000000E+00  0.0000000E+00  0.0000000E+00  0.0000000E+00
         1    15      2 -0.5648508E-03 -0.3482211E-03  0.0000000E+00  0.0000000E+00 -0.5486399E-03  0.0000000E+00
         1    15      3 -0.8477100E-03 -0.5224534E-03  0.0000000E+00  0.0000000E+00 -0.8230238E-03  0.0000000E+00
         1    15      4 -0.1130858E-02 -0.6967669E-03  0.0000000E+00  0.0000000E+00 -0.1097450E-02  0.0000000E+00
         1    15      5 -0.1414296E-02 -0.8711617E-03  0.0000000E+00  0.0000000E+00 -0.1371920E-02  0.0000000E+00
         1    15      6 -0.1698023E-02 -0.1045638E-02  0.0000000E+00  0.0000000E+00 -0.1646431E-02  0.0000000E+00
         1    15      7 -0.1982040E-02 -0.1220195E-02  0.0000000E+00  0.0000000E+00 -0.1920986E-02  0.0000000E+00
         1    15      8 -0.2266346E-02 -0.1394833E-02  0.0000000E+00  0.0000000E+00 -0.2195584E-02  0.0000000E+00
         1    15      9 -0.2550942E-02 -0.1569553E-02  0.0000000E+00  0.0000000E+00 -0.2470224E-02  0.0000000E+00
         1    15     10  0.2918886E-02  0.8289671E-03  0.0000000E+00  0.0000000E+00  0.3293208E-02  0.1000000E-02

         1    16      0  0.0000000E+00  0.0000000E+00  0.0000000E+00  0.0000000E+00  0.0000000E+00  0.0000000E+00
         1    16      1  0.0000000E+00  0.0000000E+00  0.0000000E+00  0.0000000E+00  0.0000000E+00  0.0000000E+00
         1    16      2 -0.7911945E-03 -0.3482211E-03  0.0000000E+00  0.0000000E+00 -0.5486610E-03  0.0000000E+00
         1    16      3 -0.1187305E-02 -0.5224534E-03  0.0000000E+00  0.0000000E+00 -0.8230711E-03  0.0000000E+00
         1    16      4 -0.1583757E-02 -0.6967669E-03  0.0000000E+00  0.0000000E+00 -0.1097534E-02  0.0000000E+00
         1    16      5 -0.1980551E-02 -0.8711617E-03  0.0000000E+00  0.0000000E+00 -0.1372051E-02  0.0000000E+00
         1    16      6 -0.2377688E-02 -0.1045638E-02  0.0000000E+00  0.0000000E+00 -0.1646621E-02  0.0000000E+00
         1    16      7 -0.2775167E-02 -0.1220195E-02  0.0000000E+00  0.0000000E+00 -0.1921244E-02  0.0000000E+00
         1    16      8 -0.3172989E-02 -0.1394833E-02  0.0000000E+00  0.0000000E+00 -0.2195921E-02  0.0000000E+00
         1    16      9 -0.3571153E-02 -0.1569553E-02  0.0000000E+00  0.0000000E+00 -0.2470651E-02  0.0000000E+00
         1    16     10  0.3457427E-02  0.8289671E-03  0.0000000E+00  0.0000000E+00  0.3434392E-02  0.1000000E-02

         1    17      0  0.0000000E+00  0.0000000E+00  0.0000000E+00  0.0000000E+00  0.0000000E+00  0.0000000E+00
         1    17      1  0.0000000E+00  0.0000000E+00  0.0000000E+00  0.0000000E+00  0.0000000E+00  0.0000000E+00
         1    17      2 -0.3047882E-02 -0.2724489E-03  0.0000000E+00  0.0000000E+00  0.1404018E-07  0.0000000E+00
         1    17      3 -0.4572937E-02 -0.4087827E-03  0.0000000E+00  0.0000000E+00  0.3156553E-07  0.0000000E+00
         1    17      4 -0.6098734E-02 -0.5451895E-03  0.0000000E+00  0.0000000E+00  0.5588030E-07  0.0000000E+00
         1    17      5 -0.7625275E-02 -0.6816692E-03  0.0000000E+00  0.0000000E+00  0.8682388E-07  0.0000000E+00
         1    17      6 -0.9152558E-02 -0.8182219E-03  0.0000000E+00  0.0000000E+00  0.1242356E-06  0.0000000E+00
         1    17      7 -0.1068058E-01 -0.9548476E-03  0.0000000E+00  0.0000000E+00  0.1679547E-06  0.0000000E+00
         1    17      8 -0.1220935E-01 -0.1091546E-02  0.0000000E+00  0.0000000E+00  0.2178205E-06  0.0000000E+00
         1    17      9 -0.1373886E-01 -0.1228318E-02  0.0000000E+00  0.0000000E+00  0.2736722E-06  0.0000000E+00
         1    17     10  0.9588259E-02  0.8570815E-03  0.0000000E+00  0.0000000E+00  0.3160894E-02  0.1000000E-02

         1    18      0  0.0000000E+00  0.0000000E+00  0.0000000E+00  0.0000000E+00  0.0000000E+00  0.0000000E+00
         1    18      1  0.0000000E+00  0.0000000E+00  0.0000000E+00  0.0000000E+00  0.0000000E+00  0.0000000E+00
         1    18      2 -0.3115994E-02 -0.2724489E-03  0.0000000E+00  0.0000000E+00  0.9089484E-08  0.0000000E+00
         1    18      3 -0.4675133E-02 -0.4087827E-03  0.0000000E+00  0.0000000E+00  0.2042050E-07  0.0000000E+00
         1    18      4 -0.6235032E-02 -0.5451895E-03  0.0000000E+00  0.0000000E+00  0.3605632E-07  0.0000000E+00
         1    18      5 -0.7795692E-02 -0.6816692E-03  0.0000000E+00  0.0000000E+00  0.5583232E-07  0.0000000E+00
         1    18      6 -0.9357113E-02 -0.8182219E-03  0.0000000E+00  0.0000000E+00  0.7958387E-07  0.0000000E+00
         1    18      7 -0.1091930E-01 -0.9548476E-03  0.0000000E+00  0.0000000E+00  0.1071463E-06  0.0000000E+00
         1    18      8 -0.1248224E-01 -0.1091546E-02  0.0000000E+00  0.0000000E+00  0.1383547E-06  0.0000000E+00
         1    18      9 -0.1404594E-01 -0.1228318E-02  0.0000000E+00  0.0000000E+00  0.1730445E-06  0.0000000E+00
         1    18     10  0.9802415E-02  0.8570815E-03  0.0000000E+00  0.0000000E+00  0.3215192E-02  0.1000000E-02

         1    19      0  0.0000000E+00  0.0000000E+00  0.0000000E+00  0.0000000E+00  0.0000000E+00  0.0000000E+00
         1    19      1  0.0000000E+00  0.0000000E+00  0.0000000E+00  0.0000000E+00  0.0000000E+00  0.0000000E+00
         1    19      2 -0.3156868E-02 -0.2725325E-03  0.0000000E+00  0.0000000E+00  0.6118159E-08  0.0000000E+00
         1    19      3 -0.4736464E-02 -0.4089710E-03  0.0000000E+00  0.0000000E+00  0.1373042E-07  0.0000000E+00
         1    19      4 -0.6316835E-02 -0.5455243E-03  0.0000000E+00  0.0000000E+00  0.2415465E-07  0.0000000E+00
         1    19      5 -0.7897981E-02 -0.6821925E-03  0.0000000E+00  0.0000000E+00  0.3722318E-07  0.0000000E+00
         1    19      6 -0.9479903E-02 -0.8189758E-03  0.0000000E+00  0.0000000E+00  0.5276825E-07  0.0000000E+00
         1    19      7 -0.1106260E-01 -0.9558743E-03  0.0000000E+00  0.0000000E+00  0.7062210E-07  0.0000000E+00
         1    19      8 -0.1264607E-01 -0.1092888E-02  0.0000000E+00  0.0000000E+00  0.9061686E-07  0.0000000E+00
         1    19      9 -0.1423032E-01 -0.1230017E-02  0.0000000E+00  0.0000000E+00  0.1125846E-06  0.0000000E+00
         1    19     10  0.9930847E-02  0.8562541E-03  0.0000000E+00  0.0000000E+00  0.3247771E-02  0.1000000E-02

         1    20      0  0.0000000E+00  0.0000000E+00  0.0000000E+00  0.0000000E+00  0.0000000E+00  0.0000000E+00
         1    20      1  0.0000000E+00  0.0000000E+00  0.0000000E+00  0.0000000E+00  0.0000000E+00  0.0000000E+00
         1    20      2 -0.3225001E-02 -0.2725325E-03  0.0000000E+00  0.0000000E+00  0.1164424E-08  0.0000000E+00
         1    20      3 -0.4838707E-02 -0.4089710E-03  0.0000000E+00  0.0000000E+00  0.2575128E-08  0.0000000E+00
         1    20      4 -0.6453216E-02 -0.5455243E-03  0.0000000E+00  0.0000000E+00  0.4306315E-08  0.0000000E+00
         1    20      5 -0.8068530E-02 -0.6821925E-03  0.0000000E+00  0.0000000E+00  0.6184019E-08  0.0000000E+00
         1    20      6 -0.9684647E-02 -0.8189758E-03  0.0000000E+00  0.0000000E+00  0.8034207E-08  0.0000000E+00
         1    20      7 -0.1130157E-01 -0.9558743E-03  0.0000000E+00  0.0000000E+00  0.9682780E-08  0.0000000E+00
         1    20      8 -0.1291929E-01 -0.1092888E-02  0.0000000E+00  0.0000000E+00  0.1095557E-07  0.0000000E+00
         1    20      9 -0.1453782E-01 -0.1230017E-02  0.0000000E+00  0.0000000E+00  0.1167835E-07  0.0000000E+00
         1    20     10  0.1014480E-01  0.8562541E-03  0.0000000E+00  0.0000000E+00  0.3302070E-02  0.1000000E-02

         1    21      0  0.0000000E+00  0.0000000E+00  0.0000000E+00  0.0000000E+00  0.0000000E+00  0.0000000E+00
         1    21      1  0.0000000E+00  0.0000000E+00  0.0000000E+00  0.0000000E+00  0.0000000E+00  0.0000000E+00
         1    21      2 -0.3253669E-02 -0.9284153E-07  0.0000000E+00  0.0000000E+00 -0.2263666E-09  0.0000000E+00
         1    21      3 -0.4881734E-02 -0.2089621E-06  0.0000000E+00  0.0000000E+00 -0.5573210E-09  0.0000000E+00
         1    21      4 -0.6510620E-02 -0.3716561E-06  0.0000000E+00  0.0000000E+00 -0.1268126E-08  0.0000000E+00
         1    21      5 -0.8140326E-02 -0.5810034E-06  0.0000000E+00  0.0000000E+00 -0.2534872E-08  0.0000000E+00
         1    21      6 -0.9770854E-02 -0.8370843E-06  0.0000000E+00  0.0000000E+00 -0.4533722E-08  0.0000000E+00
         1    21      7 -0.1140220E-01 -0.1139979E-05  0.0000000E+00  0.0000000E+00 -0.7440910E-08  0.0000000E+00
         1    21      8 -0.1303437E-01 -0.1489767E-05  0.0000000E+00  0.0000000E+00 -0.1143274E-07  0.0000000E+00
         1    21      9 -0.1466736E-01 -0.1886530E-05  0.0000000E+00  0.0000000E+00 -0.1668559E-07  0.0000000E+00
         1    21     10  0.1023471E-01 -0.7400697E-06  0.0000000E+00  0.0000000E+00  0.3347708E-02  0.1000000E-02

         1    22      0  0.0000000E+00  0.0000000E+00  0.0000000E+00  0.0000000E+00  0.0000000E+00  0.0000000E+00
         1    22      1  0.0000000E+00  0.0000000E+00  0.0000000E+00  0.0000000E+00  0.0000000E+00  0.0000000E+00
         1    22      2 -0.3225040E-02  0.2723485E-03  0.0000000E+00  0.0000000E+00 -0.1614331E-08  0.0000000E+00
         1    22      3 -0.4838794E-02  0.4085567E-03  0.0000000E+00  0.0000000E+00 -0.3680227E-08  0.0000000E+00
         1    22      4 -0.6453372E-02  0.5447875E-03  0.0000000E+00  0.0000000E+00 -0.6819931E-08  0.0000000E+00
         1    22      5 -0.8068773E-02  0.6810407E-03  0.0000000E+00  0.0000000E+00 -0.1120952E-07  0.0000000E+00
         1    22      6 -0.9684997E-02  0.8173164E-03  0.0000000E+00  0.0000000E+00 -0.1702514E-07  0.0000000E+00
         1    22      7 -0.1130205E-01  0.9536144E-03  0.0000000E+00  0.0000000E+00 -0.2444301E-07  0.0000000E+00
         1    22      8 -0.1291992E-01  0.1089935E-02  0.0000000E+00  0.0000000E+00 -0.3363941E-07  0.0000000E+00
         1    22      9 -0.1453861E-01  0.1226277E-02  0.0000000E+00  0.0000000E+00 -0.4479069E-07  0.0000000E+00
         1    22     10  0.1014449E-01 -0.8577212E-03  0.0000000E+00  0.0000000E+00  0.3393346E-02  0.1000000E-02

         1    23      0  0.0000000E+00  0.0000000E+00  0.0000000E+00  0.0000000E+00  0.0000000E+00  0.0000000E+00
         1    23      1  0.0000000E+00  0.0000000E+00  0.0000000E+00  0.0000000E+00  0.0000000E+00  0.0000000E+00
         1    23      2 -0.3048013E-02  0.2723485E-03  0.0000000E+00  0.0000000E+00 -0.1447665E-07  0.0000000E+00
         1    23      3 -0.4573233E-02  0.4085567E-03  0.0000000E+00  0.0000000E+00 -0.3262526E-07  0.0000000E+00
         1    23      4 -0.6099260E-02  0.5447875E-03  0.0000000E+00  0.0000000E+00 -0.5828631E-07  0.0000000E+00
         1    23      5 -0.7626096E-02  0.6810407E-03  0.0000000E+00  0.0000000E+00 -0.9163905E-07  0.0000000E+00
         1    23      6 -0.9153741E-02  0.8173164E-03  0.0000000E+00  0.0000000E+00 -0.1328628E-06  0.0000000E+00
         1    23      7 -0.1068220E-01  0.9536144E-03  0.0000000E+00  0.0000000E+00 -0.1821369E-06  0.0000000E+00
         1    23      8 -0.1221146E-01  0.1089935E-02  0.0000000E+00  0.0000000E+00 -0.2396409E-06  0.0000000E+00
         1    23      9 -0.1374153E-01  0.1226277E-02  0.0000000E+00  0.0000000E+00 -0.3055541E-06  0.0000000E+00
         1    23     10  0.9587265E-02 -0.8577212E-03  0.0000000E+00  0.0000000E+00  0.3534521E-02  0.1000000E-02

         1    24      0  0.0000000E+00  0.0000000E+00  0.0000000E+00  0.0000000E+00  0.0000000E+00  0.0000000E+00
         1    24      1  0.0000000E+00  0.0000000E+00  0.0000000E+00  0.0000000E+00  0.0000000E+00  0.0000000E+00
         1    24      2 -0.7919897E-03  0.3481389E-03  0.0000000E+00  0.0000000E+00  0.5487931E-03  0.0000000E+00
         1    24      3 -0.1189094E-02  0.5222686E-03  0.0000000E+00  0.0000000E+00  0.8233685E-03  0.0000000E+00
         1    24      4 -0.1586940E-02  0.6964383E-03  0.0000000E+00  0.0000000E+00  0.1098063E-02  0.0000000E+00
         1    24      5 -0.1985526E-02  0.8706479E-03  0.0000000E+00  0.0000000E+00  0.1372877E-02  0.0000000E+00
         1    24      6 -0.2384856E-02  0.1044897E-02  0.0000000E+00  0.0000000E+00  0.1647809E-02  0.0000000E+00
         1    24      7 -0.2784928E-02  0.1219187E-02  0.0000000E+00  0.0000000E+00  0.1922861E-02  0.0000000E+00
         1    24      8 -0.3185745E-02  0.1393516E-02  0.0000000E+00  0.0000000E+00  0.2198031E-02  0.0000000E+00
         1    24      9 -0.3587306E-02  0.1567885E-02  0.0000000E+00  0.0000000E+00  0.2473320E-02  0.0000000E+00
         1    24     10  0.3452226E-02 -0.8294847E-03  0.0000000E+00  0.0000000E+00  0.3261907E-02  0.1000000E-02

         1    25      0  0.0000000E+00  0.0000000E+00  0.0000000E+00  0.0000000E+00  0.0000000E+00  0.0000000E+00
         1    25      1  0.0000000E+00  0.0000000E+00  0.0000000E+00  0.0000000E+00  0.0000000E+00  0.0000000E+00
         1    25      2 -0.7049550E-03  0.3481389E-03  0.0000000E+00  0.0000000E+00  0.5487850E-03  0.0000000E+00
         1    25      3 -0.1058527E-02  0.5222686E-03  0.0000000E+00  0.0000000E+00  0.8233503E-03  0.0000000E+00
         1    25      4 -0.1412830E-02  0.6964383E-03  0.0000000E+00  0.0000000E+00  0.1098031E-02  0.0000000E+00
         1    25      5 -0.1767864E-02  0.8706479E-03  0.0000000E+00  0.0000000E+00  0.1372826E-02  0.0000000E+00
         1    25      6 -0.2123631E-02  0.1044897E-02  0.0000000E+00  0.0000000E+00  0.1647737E-02  0.0000000E+00
         1    25      7 -0.2480131E-02  0.1219187E-02  0.0000000E+00  0.0000000E+00  0.1922762E-02  0.0000000E+00
         1    25      8 -0.2837366E-02  0.1393516E-02  0.0000000E+00  0.0000000E+00  0.2197902E-02  0.0000000E+00
         1    25      9 -0.3195335E-02  0.1567885E-02  0.0000000E+00  0.0000000E+00  0.2473156E-02  0.0000000E+00
         1    25     10  0.3244966E-02 -0.8294847E-03  0.0000000E+00  0.0000000E+00  0.3316208E-02  0.1000000E-02

         1    26      0  0.0000000E+00  0.0000000E+00  0.0000000E+00  0.0000000E+00  0.0000000E+00  0.0000000E+00
         1    26      1  0.0000000E+00  0.0000000E+00  0.0000000E+00  0.0000000E+00  0.0000000E+00  0.0000000E+00
         1    26      2 -0.6527332E-03  0.3481510E-03  0.0000000E+00  0.0000000E+00  0.5487802E-03  0.0000000E+00
         1    26      3 -0.9801847E-03  0.5222957E-03  0.0000000E+00  0.0000000E+00  0.8233394E-03  0.0000000E+00
         1    26      4 -0.1308360E-02  0.6964866E-03  0.0000000E+00  0.0000000E+00  0.1098011E-02  0.0000000E+00
         1    26      5 -0.1637261E-02  0.8707235E-03  0.0000000E+00  0.0000000E+00  0.1372796E-02  0.0000000E+00
         1    26      6 -0.1966888E-02  0.1045007E-02  0.0000000E+00  0.0000000E+00  0.1647693E-02  0.0000000E+00
         1    26      7 -0.2297242E-02  0.1219336E-02  0.0000000E+00  0.0000000E+00  0.1922702E-02  0.0000000E+00
         1    26      8 -0.2628323E-02  0.1393711E-02  0.0000000E+00  0.0000000E+00  0.2197824E-02  0.0000000E+00
         1    26      9 -0.2960133E-02  0.1568132E-02  0.0000000E+00  0.0000000E+00  0.2473058E-02  0.0000000E+00
         1    26     10  0.3120629E-02 -0.8292205E-03  0.0000000E+00  0.0000000E+00  0.3348789E-02  0.1000000E-02

         1    27      0  0.0000000E+00  0.0000000E+00  0.0000000E+00  0.0000000E+00  0.0000000E+00  0.0000000E+00
         1    27      1  0.0000000E+00  0.0000000E+00  0.0000000E+00  0.0000000E+00  0.0000000E+00  0.0000000E+00
         1    27      2 -0.5656954E-03  0.3481510E-03  0.0000000E+00  0.0000000E+00  0.5487721E-03  0.0000000E+00
         1    27      3 -0.8496107E-03  0.5222957E-03  0.0000000E+00  0.0000000E+00  0.8233212E-03  0.0000000E+00
         1    27      4 -0.1134239E-02  0.6964866E-03  0.0000000E+00  0.0000000E+00  0.1097979E-02  0.0000000E+00
         1    27      5 -0.1419580E-02  0.8707235E-03  0.0000000E+00  0.0000000E+00  0.1372745E-02  0.0000000E+00
         1    27      6 -0.1705636E-02  0.1045007E-02  0.0000000E+00  0.0000000E+00  0.1647620E-02  0.0000000E+00
         1    27      7 -0.1992408E-02  0.1219336E-02  0.0000000E+00  0.0000000E+00  0.1922603E-02  0.0000000E+00
         1    27      8 -0.2279895E-02  0.1393711E-02  0.0000000E+00  0.0000000E+00  0.2197694E-02  0.0000000E+00
         1    27      9 -0.2568099E-02  0.1568132E-02  0.0000000E+00  0.0000000E+00  0.2472894E-02  0.0000000E+00
         1    27     10  0.2913435E-02 -0.8292205E-03  0.0000000E+00  0.0000000E+00  0.3403091E-02  0.1000000E-02

         1    28      0  0.0000000E+00  0.0000000E+00  0.0000000E+00  0.0000000E+00  0.0000000E+00  0.0000000E+00
         1    28      1  0.0000000E+00  0.0000000E+00  0.0000000E+00  0.0000000E+00  0.0000000E+00  0.0000000E+00
         1    28      2 -0.5014180E-03  0.2956783E-03  0.0000000E+00  0.0000000E+00  0.5487666E-03  0.0000000E+00
         1    28      3 -0.7531912E-03  0.4434819E-03  0.0000000E+00  0.0000000E+00  0.8233088E-03  0.0000000E+00
         1    28      4 -0.1005675E-02  0.5912617E-03  0.0000000E+00  0.0000000E+00  0.1097957E-02  0.0000000E+00
         1    28      5 -0.1258870E-02  0.7390175E-03  0.0000000E+00  0.0000000E+00  0.1372711E-02  0.0000000E+00
         1    28      6 -0.1512777E-02  0.8867492E-03  0.0000000E+00  0.0000000E+00  0.1647570E-02  0.0000000E+00
         1    28      7 -0.1767398E-02  0.1034457E-02  0.0000000E+00  0.0000000E+00  0.1922535E-02  0.0000000E+00
         1    28      8 -0.2022732E-02  0.1182140E-02  0.0000000E+00  0.0000000E+00  0.2197606E-02  0.0000000E+00
         1    28      9 -0.2278780E-02  0.1329799E-02  0.0000000E+00  0.0000000E+00  0.2472782E-02  0.0000000E+00
         1    28     10  0.2775865E-02 -0.5494632E-03  0.0000000E+00  0.0000000E+00  0.3446543E-02  0.1000000E-02

         1    29      0  0.0000000E+00  0.0000000E+00  0.0000000E+00  0.0000000E+00  0.0000000E+00  0.0000000E+00
         1    29      1  0.0000000E+00  0.0000000E+00  0.0000000E+00  0.0000000E+00  0.0000000E+00  0.0000000E+00
         1    29      2 -0.4470354E-03  0.2490405E-03  0.0000000E+00  0.0000000E+00  0.5487626E-03  0.0000000E+00
         1    29      3 -0.6716349E-03  0.3734197E-03  0.0000000E+00  0.0000000E+00  0.8232999E-03  0.0000000E+00
         1    29      4 -0.8969567E-03  0.4977046E-03  0.0000000E+00  0.0000000E+00  0.1097941E-02  0.0000000E+00
         1    29      5 -0.1123002E-02  0.6218949E-03  0.0000000E+00  0.0000000E+00  0.1372686E-02  0.0000000E+00
         1    29      6 -0.1349771E-02  0.7459906E-03  0.0000000E+00  0.0000000E+00  0.1647535E-02  0.0000000E+00
         1    29      7 -0.1577265E-02  0.8699915E-03  0.0000000E+00  0.0000000E+00  0.1922487E-02  0.0000000E+00
         1    29      8 -0.1805484E-02  0.9938973E-03  0.0000000E+00  0.0000000E+00  0.2197543E-02  0.0000000E+00
         1    29      9 -0.2034431E-02  0.1117708E-02  0.0000000E+00  0.0000000E+00  0.2472702E-02  0.0000000E+00
         1    29     10  0.2693045E-02 -0.2805431E-03  0.0000000E+00  0.0000000E+00  0.3490011E-02  0.1000000E-02

         1    30      0  0.0000000E+00  0.0000000E+00  0.0000000E+00  0.0000000E+00  0.0000000E+00  0.0000000E+00
         1    30      1  0.0000000E+00  0.0000000E+00  0.0000000E+00  0.0000000E+00  0.0000000E+00  0.0000000E+00
         1    30      2 -0.2851590E-03  0.2490405E-03  0.0000000E+00  0.0000000E+00  0.5487519E-03  0.0000000E+00
         1    30      3 -0.4289120E-03  0.3734197E-03  0.0000000E+00  0.0000000E+00  0.8232757E-03  0.0000000E+00
         1    30      4 -0.5734487E-03  0.4977046E-03  0.0000000E+00  0.0000000E+00  0.1097898E-02  0.0000000E+00
         1    30      5 -0.7187699E-03  0.6218949E-03  0.0000000E+00  0.0000000E+00  0.1372619E-02  0.0000000E+00
         1    30      6 -0.8648767E-03  0.7459906E-03  0.0000000E+00  0.0000000E+00  0.1647438E-02  0.0000000E+00
         1    30      7 -0.1011770E-02  0.8699915E-03  0.0000000E+00  0.0000000E+00  0.1922356E-02  0.0000000E+00
         1    30      8 -0.1159451E-02  0.9938973E-03  0.0000000E+00  0.0000000E+00  0.2197372E-02  0.0000000E+00
         1    30      9 -0.1307920E-02  0.1117708E-02  0.0000000E+00  0.0000000E+00  0.2472486E-02  0.0000000E+00
         1    30     10  0.2510789E-02 -0.2805431E-03  0.0000000E+00  0.0000000E+00  0.3631301E-02  0.1000000E-02

         1    31      0  0.0000000E+00  0.0000000E+00  0.0000000E+00  0.0000000E+00  0.0000000E+00  0.0000000E+00
         1    31      1  0.0000000E+00  0.0000000E+00  0.0000000E+00  0.0000000E+00  0.0000000E+00  0.0000000E+00
         1    31      2  0.1442957E-02  0.2261659E-03  0.0000000E+00  0.0000000E+00  0.3831141E-03  0.0000000E+00
         1    31      3  0.2162475E-02  0.3391583E-03  0.0000000E+00  0.0000000E+00  0.5751850E-03  0.0000000E+00
         1    31      4  0.2880683E-02  0.4520902E-03  0.0000000E+00  0.0000000E+00  0.7675992E-03  0.0000000E+00
         1    31      5  0.3597578E-02  0.5649615E-03  0.0000000E+00  0.0000000E+00  0.9603571E-03  0.0000000E+00
         1    31      6  0.4313158E-02  0.6777720E-03  0.0000000E+00  0.0000000E+00  0.1153459E-02  0.0000000E+00
         1    31      7  0.5027422E-02  0.7905217E-03  0.0000000E+00  0.0000000E+00  0.1346906E-02  0.0000000E+00
         1    31      8  0.5740366E-02  0.9032105E-03  0.0000000E+00  0.0000000E+00  0.1540698E-02  0.0000000E+00
         1    31      9  0.6451990E-02  0.1015838E-02  0.0000000E+00  0.0000000E+00  0.1734835E-02  0.0000000E+00
         1    31     10  0.1241106E-02 -0.6875380E-04  0.0000000E+00  0.0000000E+00  0.4687272E-02  0.1000000E-02

         1    32      0  0.0000000E+00  0.0000000E+00  0.0000000E+00  0.0000000E+00  0.0000000E+00  0.0000000E+00
         1    32      1  0.0000000E+00  0.0000000E+00  0.0000000E+00  0.0000000E+00  0.0000000E+00  0.0000000E+00
         1    32      2  0.1499499E-02  0.2261659E-03  0.0000000E+00  0.0000000E+00  0.3831107E-03  0.0000000E+00
         1    32      3  0.2247265E-02  0.3391583E-03  0.0000000E+00  0.0000000E+00  0.5751774E-03  0.0000000E+00
         1    32      4  0.2993705E-02  0.4520902E-03  0.0000000E+00  0.0000000E+00  0.7675855E-03  0.0000000E+00
         1    32      5  0.3738818E-02  0.5649615E-03  0.0000000E+00  0.0000000E+00  0.9603358E-03  0.0000000E+00
         1    32      6  0.4482601E-02  0.6777720E-03  0.0000000E+00  0.0000000E+00  0.1153428E-02  0.0000000E+00
         1    32      7  0.5225052E-02  0.7905217E-03  0.0000000E+00  0.0000000E+00  0.1346864E-02  0.0000000E+00
         1    32      8  0.5966169E-02  0.9032105E-03  0.0000000E+00  0.0000000E+00  0.1540643E-02  0.0000000E+00
         1    32      9  0.6705949E-02  0.1015838E-02  0.0000000E+00  0.0000000E+00  0.1734767E-02  0.0000000E+00
         1    32     10  0.1223927E-02 -0.6875380E-04  0.0000000E+00  0.0000000E+00  0.4741619E-02  0.1000000E-02

         1    33      0  0.0000000E+00  0.0000000E+00  0.0000000E+00  0.0000000E+00  0.0000000E+00  0.0000000E+00
         1    33      1  0.0000000E+00  0.0000000E+00  0.0000000E+00  0.0000000E+00  0.0000000E+00  0.0000000E+00
         1    33      2  0.1533421E-02  0.2261245E-03  0.0000000E+00  0.0000000E+00  0.3831086E-03  0.0000000E+00
         1    33      3  0.2298131E-02  0.3390652E-03  0.0000000E+00  0.0000000E+00  0.5751728E-03  0.0000000E+00
         1    33      4  0.3061506E-02  0.4519250E-03  0.0000000E+00  0.0000000E+00  0.7675774E-03  0.0000000E+00
         1    33      5  0.3823543E-02  0.5647038E-03  0.0000000E+00  0.0000000E+00  0.9603230E-03  0.0000000E+00
         1    33      6  0.4584239E-02  0.6774015E-03  0.0000000E+00  0.0000000E+00  0.1153410E-02  0.0000000E+00
         1    33      7  0.5343593E-02  0.7900184E-03  0.0000000E+00  0.0000000E+00  0.1346839E-02  0.0000000E+00
         1    33      8  0.6101602E-02  0.9025542E-03  0.0000000E+00  0.0000000E+00  0.1540611E-02  0.0000000E+00
         1    33      9  0.6858263E-02  0.1015009E-02  0.0000000E+00  0.0000000E+00  0.1734725E-02  0.0000000E+00
         1    33     10  0.1213617E-02 -0.6878057E-04  0.0000000E+00  0.0000000E+00  0.4774227E-02  0.1000000E-02

         1    34      0  0.0000000E+00  0.0000000E+00  0.0000000E+00  0.0000000E+00  0.0000000E+00  0.0000000E+00
         1    34      1  0.0000000E+00  0.0000000E+00  0.0000000E+00  0.0000000E+00  0.0000000E+00  0.0000000E+00
         1    34      2  0.1589952E-02  0.2261245E-03  0.0000000E+00  0.0000000E+00  0.3831052E-03  0.0000000E+00
         1    34      3  0.2382898E-02  0.3390652E-03  0.0000000E+00  0.0000000E+00  0.5751651E-03  0.0000000E+00
         1    34      4  0.3174488E-02  0.4519250E-03  0.0000000E+00  0.0000000E+00  0.7675638E-03  0.0000000E+00
         1    34      5  0.3964719E-02  0.5647038E-03  0.0000000E+00  0.0000000E+00  0.9603017E-03  0.0000000E+00
         1    34      6  0.4753590E-02  0.6774015E-03  0.0000000E+00  0.0000000E+00  0.1153380E-02  0.0000000E+00
         1    34      7  0.5541098E-02  0.7900184E-03  0.0000000E+00  0.0000000E+00  0.1346798E-02  0.0000000E+00
         1    34      8  0.6327240E-02  0.9025542E-03  0.0000000E+00  0.0000000E+00  0.1540556E-02  0.0000000E+00
         1    34      9  0.7112016E-02  0.1015009E-02  0.0000000E+00  0.0000000E+00  0.1734657E-02  0.0000000E+00
         1    34     10  0.1196432E-02 -0.6878057E-04  0.0000000E+00  0.0000000E+00  0.4828574E-02  0.1000000E-02

         1    35      0  0.0000000E+00  0.0000000E+00  0.0000000E+00  0.0000000E+00  0.0000000E+00  0.0000000E+00
         1    35      1  0.0000000E+00  0.0000000E+00  0.0000000E+00  0.0000000E+00  0.0000000E+00  0.0000000E+00
         1    35      2  0.1623299E-02  0.9100151E-04  0.0000000E+00  0.0000000E+00  0.3831037E-03  0.0000000E+00
         1    35      3  0.2432911E-02  0.1365518E-03  0.0000000E+00  0.0000000E+00  0.5751617E-03  0.0000000E+00
         1    35      4  0.3241162E-02  0.1821354E-03  0.0000000E+00  0.0000000E+00  0.7675578E-03  0.0000000E+00
         1    35      5  0.4048049E-02  0.2277524E-03  0.0000000E+00  0.0000000E+00  0.9602924E-03  0.0000000E+00
         1    35      6  0.4853571E-02  0.2734032E-03  0.0000000E+00  0.0000000E+00  0.1153366E-02  0.0000000E+00
         1    35      7  0.5657725E-02  0.3190877E-03  0.0000000E+00  0.0000000E+00  0.1346779E-02  0.0000000E+00
         1    35      8  0.6460509E-02  0.3648064E-03  0.0000000E+00  0.0000000E+00  0.1540533E-02  0.0000000E+00
         1    35      9  0.7261921E-02  0.4105592E-03  0.0000000E+00  0.0000000E+00  0.1734626E-02  0.0000000E+00
         1    35     10  0.1171509E-02 -0.1683566E-03  0.0000000E+00  0.0000000E+00  0.4874225E-02  0.1000000E-02

         1    36      0  0.0000000E+00  0.0000000E+00  0.0000000E+00  0.0000000E+00  0.0000000E+00  0.0000000E+00
         1    36      1  0.0000000E+00  0.0000000E+00  0.0000000E+00  0.0000000E+00  0.0000000E+00  0.0000000E+00
         1    36      2  0.1628060E-02 -0.4572397E-04  0.0000000E+00  0.0000000E+00  0.3831036E-03  0.0000000E+00
         1    36      3  0.2440081E-02 -0.6836626E-04  0.0000000E+00  0.0000000E+00  0.5751615E-03  0.0000000E+00
         1    36      4  0.3250760E-02 -0.9086158E-04  0.0000000E+00  0.0000000E+00  0.7675573E-03  0.0000000E+00
         1    36      5  0.4060094E-02 -0.1132096E-03  0.0000000E+00  0.0000000E+00  0.9602917E-03  0.0000000E+00
         1    36      6  0.4868082E-02 -0.1354098E-03  0.0000000E+00  0.0000000E+00  0.1153365E-02  0.0000000E+00
         1    36      7  0.5674721E-02 -0.1574620E-03  0.0000000E+00  0.0000000E+00  0.1346778E-02  0.0000000E+00
         1    36      8  0.6480009E-02 -0.1793657E-03  0.0000000E+00  0.0000000E+00  0.1540531E-02  0.0000000E+00
         1    36      9  0.7283944E-02 -0.2011205E-03  0.0000000E+00  0.0000000E+00  0.1734624E-02  0.0000000E+00
         1    36     10  0.1125967E-02 -0.2649695E-03  0.0000000E+00  0.0000000E+00  0.4919874E-02  0.1000000E-02

         1    37      0  0.0000000E+00  0.0000000E+00  0.0000000E+00  0.0000000E+00  0.0000000E+00  0.0000000E+00
         1    37      1  0.0000000E+00  0.0000000E+00  0.0000000E+00  0.0000000E+00  0.0000000E+00  0.0000000E+00
         1    37      2  0.1598340E-02 -0.4572397E-04  0.0000000E+00  0.0000000E+00  0.3831033E-03  0.0000000E+00
         1    37      3  0.2395643E-02 -0.6836626E-04  0.0000000E+00  0.0000000E+00  0.5751606E-03  0.0000000E+00
         1    37      4  0.3191700E-02 -0.9086158E-04  0.0000000E+00  0.0000000E+00  0.7675559E-03  0.0000000E+00
         1    37      5  0.3986508E-02 -0.1132096E-03  0.0000000E+00  0.0000000E+00  0.9602894E-03  0.0000000E+00
         1    37      6  0.4780066E-02 -0.1354098E-03  0.0000000E+00  0.0000000E+00  0.1153362E-02  0.0000000E+00
         1    37      7  0.5572371E-02 -0.1574620E-03  0.0000000E+00  0.0000000E+00  0.1346774E-02  0.0000000E+00
         1    37      8  0.6363422E-02 -0.1793657E-03  0.0000000E+00  0.0000000E+00  0.1540525E-02  0.0000000E+00
         1    37      9  0.7153216E-02 -0.2011205E-03  0.0000000E+00  0.0000000E+00  0.1734617E-02  0.0000000E+00
         1    37     10  0.9538285E-03 -0.2649695E-03  0.0000000E+00  0.0000000E+00  0.5061165E-02  0.1000000E-02

         1    38      0  0.0000000E+00  0.0000000E+00  0.0000000E+00  0.0000000E+00  0.0000000E+00  0.0000000E+00
         1    38      1  0.0000000E+00  0.0000000E+00  0.0000000E+00  0.0000000E+00  0.0000000E+00  0.0000000E+00
         1    38      2  0.1073884E-02 -0.9848564E-04  0.0000000E+00  0.0000000E+00  0.1049763E-05  0.0000000E+00
         1    38      3  0.1610660E-02 -0.1474698E-03  0.0000000E+00  0.0000000E+00  0.2362365E-05  0.0000000E+00
         1    38      4  0.2147328E-02 -0.1962810E-03  0.0000000E+00  0.0000000E+00  0.4201019E-05  0.0000000E+00
         1    38      5  0.2683888E-02 -0.2449189E-03  0.0000000E+00  0.0000000E+00  0.6566405E-05  0.0000000E+00
         1    38      6  0.3220342E-02 -0.2933830E-03  0.0000000E+00  0.0000000E+00  0.9459200E-05  0.0000000E+00
         1    38      7  0.3756691E-02 -0.3416729E-03  0.0000000E+00  0.0000000E+00  0.1288008E-04  0.0000000E+00
         1    38      8  0.4292935E-02 -0.3897883E-03  0.0000000E+00  0.0000000E+00  0.1682974E-04  0.0000000E+00
         1    38      9  0.4829077E-02 -0.4377287E-03  0.0000000E+00  0.0000000E+00  0.2130883E-04  0.0000000E+00
         1    38     10 -0.1602759E-05  0.2097908E-05  0.0000000E+00  0.0000000E+00  0.6517249E-02  0.1000000E-02

         1    39      0  0.0000000E+00  0.0000000E+00  0.0000000E+00  0.0000000E+00  0.0000000E+00  0.0000000E+00
         1    39      1  0.0000000E+00  0.0000000E+00  0.0000000E+00  0.0000000E+00  0.0000000E+00  0.0000000E+00
         1    39      2  0.1009868E-02 -0.9848564E-04  0.0000000E+00  0.0000000E+00  0.1048081E-05  0.0000000E+00
         1    39      3  0.1514805E-02 -0.1474698E-03  0.0000000E+00  0.0000000E+00  0.2358594E-05  0.0000000E+00
         1    39      4  0.2019745E-02 -0.1962810E-03  0.0000000E+00  0.0000000E+00  0.4194338E-05  0.0000000E+00
         1    39      5  0.2524691E-02 -0.2449189E-03  0.0000000E+00  0.0000000E+00  0.6556003E-05  0.0000000E+00
         1    39      6  0.3029643E-02 -0.2933830E-03  0.0000000E+00  0.0000000E+00  0.9444274E-05  0.0000000E+00
         1    39      7  0.3534603E-02 -0.3416729E-03  0.0000000E+00  0.0000000E+00  0.1285984E-04  0.0000000E+00
         1    39      8  0.4039573E-02 -0.3897883E-03  0.0000000E+00  0.0000000E+00  0.1680339E-04  0.0000000E+00
         1    39      9  0.4544553E-02 -0.4377287E-03  0.0000000E+00  0.0000000E+00  0.2127561E-04  0.0000000E+00
         1    39     10 -0.2398457E-06  0.2097908E-05  0.0000000E+00  0.0000000E+00  0.6658552E-02  0.1000000E-02

         1    40      0  0.0000000E+00  0.0000000E+00  0.0000000E+00  0.0000000E+00  0.0000000E+00  0.0000000E+00
         1    40      1  0.0000000E+00  0.0000000E+00  0.0000000E+00  0.0000000E+00  0.0000000E+00  0.0000000E+00
         1    40      2  0.1000070E-02  0.3480027E-06  0.0000000E+00  0.0000000E+00  0.1047909E-05  0.0000000E+00
         1    40      3  0.1500160E-02  0.7834823E-06  0.0000000E+00  0.0000000E+00  0.2358210E-05  0.0000000E+00
         1    40      4  0.2000288E-02  0.1394001E-05  0.0000000E+00  0.0000000E+00  0.4193660E-05  0.0000000E+00
         1    40      5  0.2500457E-02  0.2180099E-05  0.0000000E+00  0.0000000E+00  0.6554948E-05  0.0000000E+00
         1    40      6  0.3000667E-02  0.3142317E-05  0.0000000E+00  0.0000000E+00  0.9442764E-05  0.0000000E+00
         1    40      7  0.3500919E-02  0.4281196E-05  0.0000000E+00  0.0000000E+00  0.1285780E-04  0.0000000E+00
         1    40      8  0.4001217E-02  0.5597277E-05  0.0000000E+00  0.0000000E+00  0.1680073E-04  0.0000000E+00
         1    40      9  0.4501560E-02  0.7091100E-05  0.0000000E+00  0.0000000E+00  0.2127226E-04  0.0000000E+00
         1    40     10  0.1785246E-06  0.2094893E-05  0.0000000E+00  0.0000000E+00  0.6702030E-02  0.1000000E-02

         1    41      0  0.0000000E+00  0.0000000E+00  0.0000000E+00  0.0000000E+00  0.0000000E+00  0.0000000E+00
         1    41      1  0.0000000E+00  0.0000000E+00  0.0000000E+00  0.0000000E+00  0.0000000E+00  0.0000000E+00
         1    41      2  0.1007441E-02  0.7344899E-04  0.0000000E+00  0.0000000E+00  0.1047813E-05  0.0000000E+00
         1    41      3  0.1511269E-02  0.1104409E-03  0.0000000E+00  0.0000000E+00  0.2357992E-05  0.0000000E+00
         1    41      4  0.2015171E-02  0.1476119E-03  0.0000000E+00  0.0000000E+00  0.4193269E-05  0.0000000E+00
         1    41      5  0.2519148E-02  0.1849627E-03  0.0000000E+00  0.0000000E+00  0.6554334E-05  0.0000000E+00
         1    41      6  0.3023203E-02  0.2224939E-03  0.0000000E+00  0.0000000E+00  0.9441872E-05  0.0000000E+00
         1    41      7  0.3527336E-02  0.2602063E-03  0.0000000E+00  0.0000000E+00  0.1285657E-04  0.0000000E+00
         1    41      8  0.4031550E-02  0.2981003E-03  0.0000000E+00  0.0000000E+00  0.1679912E-04  0.0000000E+00
         1    41      9  0.4535845E-02  0.3361768E-03  0.0000000E+00  0.0000000E+00  0.2127021E-04  0.0000000E+00
         1    41     10  0.5996003E-06  0.2123227E-05  0.0000000E+00  0.0000000E+00  0.6745507E-02  0.1000000E-02

         1    42      0  0.0000000E+00  0.0000000E+00  0.0000000E+00  0.0000000E+00  0.0000000E+00  0.0000000E+00
         1    42      1  0.0000000E+00  0.0000000E+00  0.0000000E+00  0.0000000E+00  0.0000000E+00  0.0000000E+00
         1    42      2  0.1055183E-02  0.7344899E-04  0.0000000E+00  0.0000000E+00  0.1046877E-05  0.0000000E+00
         1    42      3  0.1583056E-02  0.1104409E-03  0.0000000E+00  0.0000000E+00  0.2355877E-05  0.0000000E+00
         1    42      4  0.2111119E-02  0.1476119E-03  0.0000000E+00  0.0000000E+00  0.4189491E-05  0.0000000E+00
         1    42      5  0.2639374E-02  0.1849627E-03  0.0000000E+00  0.0000000E+00  0.6548401E-05  0.0000000E+00
         1    42      6  0.3167824E-02  0.2224939E-03  0.0000000E+00  0.0000000E+00  0.9433288E-05  0.0000000E+00
         1    42      7  0.3696470E-02  0.2602063E-03  0.0000000E+00  0.0000000E+00  0.1284483E-04  0.0000000E+00
         1    42      8  0.4225315E-02  0.2981003E-03  0.0000000E+00  0.0000000E+00  0.1678371E-04  0.0000000E+00
         1    42      9  0.4754360E-02  0.3361768E-03  0.0000000E+00  0.0000000E+00  0.2125062E-04  0.0000000E+00
         1    42     10  0.1978962E-05  0.2123227E-05  0.0000000E+00  0.0000000E+00  0.6886810E-02  0.1000000E-02

         1    43      0  0.0000000E+00  0.0000000E+00  0.0000000E+00  0.0000000E+00  0.0000000E+00  0.0000000E+00
         1    43      1  0.0000000E+00  0.0000000E+00  0.0000000E+00  0.0000000E+00  0.0000000E+00  0.0000000E+00
         1    43      2  0.1577103E-02  0.7344899E-04  0.0000000E+00  0.0000000E+00  0.1036651E-05  0.0000000E+00
         1    43      3  0.2367836E-02  0.1104409E-03  0.0000000E+00  0.0000000E+00  0.2332754E-05  0.0000000E+00
         1    43      4  0.3160032E-02  0.1476119E-03  0.0000000E+00  0.0000000E+00  0.4148185E-05  0.0000000E+00
         1    43      5  0.3953698E-02  0.1849627E-03  0.0000000E+00  0.0000000E+00  0.6483546E-05  0.0000000E+00
         1    43      6  0.4748841E-02  0.2224939E-03  0.0000000E+00  0.0000000E+00  0.9339443E-05  0.0000000E+00
         1    43      7  0.5545466E-02  0.2602063E-03  0.0000000E+00  0.0000000E+00  0.1271648E-04  0.0000000E+00
         1    43      8  0.6343582E-02  0.2981003E-03  0.0000000E+00  0.0000000E+00  0.1661525E-04  0.0000000E+00
         1    43      9  0.7143194E-02  0.3361768E-03  0.0000000E+00  0.0000000E+00  0.2103637E-04  0.0000000E+00
         1    43     10  0.1705833E-04  0.2123227E-05  0.0000000E+00  0.0000000E+00  0.8431553E-02  0.1000000E-02

         1    44      0  0.0000000E+00  0.0000000E+00  0.0000000E+00  0.0000000E+00  0.0000000E+00  0.0000000E+00
         1    44      1  0.0000000E+00  0.0000000E+00  0.0000000E+00  0.0000000E+00  0.0000000E+00  0.0000000E+00
         1    44      2  0.1624845E-02  0.7344899E-04  0.0000000E+00  0.0000000E+00  0.1035715E-05  0.0000000E+00
         1    44      3  0.2439622E-02  0.1104409E-03  0.0000000E+00  0.0000000E+00  0.2330639E-05  0.0000000E+00
         1    44      4  0.3255980E-02  0.1476119E-03  0.0000000E+00  0.0000000E+00  0.4144406E-05  0.0000000E+00
         1    44      5  0.4073924E-02  0.1849627E-03  0.0000000E+00  0.0000000E+00  0.6477614E-05  0.0000000E+00
         1    44      6  0.4893462E-02  0.2224939E-03  0.0000000E+00  0.0000000E+00  0.9330859E-05  0.0000000E+00
         1    44      7  0.5714601E-02  0.2602063E-03  0.0000000E+00  0.0000000E+00  0.1270474E-04  0.0000000E+00
         1    44      8  0.6537347E-02  0.2981003E-03  0.0000000E+00  0.0000000E+00  0.1659984E-04  0.0000000E+00
         1    44      9  0.7361709E-02  0.3361768E-03  0.0000000E+00  0.0000000E+00  0.2101677E-04  0.0000000E+00
         1    44     10  0.1843769E-04  0.2123227E-05  0.0000000E+00  0.0000000E+00  0.8572856E-02  0.1000000E-02

         1    45      0  0.0000000E+00  0.0000000E+00  0.0000000E+00  0.0000000E+00  0.0000000E+00  0.0000000E+00
         1    45      1  0.0000000E+00  0.0000000E+00  0.0000000E+00  0.0000000E+00  0.0000000E+00  0.0000000E+00
         1    45      2  0.1623459E-02 -0.8728824E-04  0.0000000E+00  0.0000000E+00  0.1035597E-05  0.0000000E+00
         1    45      3  0.2437573E-02 -0.1308996E-03  0.0000000E+00  0.0000000E+00  0.2330374E-05  0.0000000E+00
         1    45      4  0.3253288E-02 -0.1744891E-03  0.0000000E+00  0.0000000E+00  0.4143935E-05  0.0000000E+00
         1    45      5  0.4070609E-02 -0.2180568E-03  0.0000000E+00  0.0000000E+00  0.6476876E-05  0.0000000E+00
         1    45      6  0.4889544E-02 -0.2616029E-03  0.0000000E+00  0.0000000E+00  0.9329796E-05  0.0000000E+00
         1    45      7  0.5710101E-02 -0.3051273E-03  0.0000000E+00  0.0000000E+00  0.1270329E-04  0.0000000E+00
         1    45      8  0.6532286E-02 -0.3486301E-03  0.0000000E+00  0.0000000E+00  0.1659795E-04  0.0000000E+00
         1    45      9  0.7356106E-02 -0.3921114E-03  0.0000000E+00  0.0000000E+00  0.2101437E-04  0.0000000E+00
         1    45     10  0.1867894E-04  0.2865701E-06  0.0000000E+00  0.0000000E+00  0.8616334E-02  0.1000000E-02

         1    46      0  0.0000000E+00  0.0000000E+00  0.0000000E+00  0.0000000E+00  0.0000000E+00  0.0000000E+00
         1    46      1  0.0000000E+00  0.0000000E+00  0.0000000E+00  0.0000000E+00  0.0000000E+00  0.0000000E+00
         1    46      2  0.1590044E-02 -0.2463034E-03  0.0000000E+00  0.0000000E+00  0.1033996E-05  0.0000000E+00
         1    46      3  0.2387435E-02 -0.3696576E-03  0.0000000E+00  0.0000000E+00  0.2326767E-05  0.0000000E+00
         1    46      4  0.3186414E-02 -0.4931477E-03  0.0000000E+00  0.0000000E+00  0.4137518E-05  0.0000000E+00
         1    46      5  0.3986988E-02 -0.6167745E-03  0.0000000E+00  0.0000000E+00  0.6466842E-05  0.0000000E+00
         1    46      6  0.4789165E-02 -0.7405387E-03  0.0000000E+00  0.0000000E+00  0.9315335E-05  0.0000000E+00
         1    46      7  0.5592951E-02 -0.8644412E-03  0.0000000E+00  0.0000000E+00  0.1268359E-04  0.0000000E+00
         1    46      8  0.6398354E-02 -0.9884827E-03  0.0000000E+00  0.0000000E+00  0.1657220E-04  0.0000000E+00
         1    46      9  0.7205381E-02 -0.1112664E-02  0.0000000E+00  0.0000000E+00  0.2098176E-04  0.0000000E+00
         1    46     10  0.1855188E-04 -0.1555737E-05  0.0000000E+00  0.0000000E+00  0.8659812E-02  0.1000000E-02

         1    47      0  0.0000000E+00  0.0000000E+00  0.0000000E+00  0.0000000E+00  0.0000000E+00  0.0000000E+00
         1    47      1  0.0000000E+00  0.0000000E+00  0.0000000E+00  0.0000000E+00  0.0000000E+00  0.0000000E+00
         1    47      2  0.1429947E-02 -0.2463034E-03  0.0000000E+00  0.0000000E+00  0.1023476E-05  0.0000000E+00
         1    47      3  0.2147157E-02 -0.3696576E-03  0.0000000E+00  0.0000000E+00  0.2303072E-05  0.0000000E+00
         1    47      4  0.2865868E-02 -0.4931477E-03  0.0000000E+00  0.0000000E+00  0.4095346E-05  0.0000000E+00
         1    47      5  0.3586085E-02 -0.6167745E-03  0.0000000E+00  0.0000000E+00  0.6400875E-05  0.0000000E+00
         1    47      6  0.4307815E-02 -0.7405387E-03  0.0000000E+00  0.0000000E+00  0.9220238E-05  0.0000000E+00
         1    47      7  0.5031064E-02 -0.8644412E-03  0.0000000E+00  0.0000000E+00  0.1255401E-04  0.0000000E+00
         1    47      8  0.5755840E-02 -0.9884827E-03  0.0000000E+00  0.0000000E+00  0.1640276E-04  0.0000000E+00
         1    47      9  0.6482149E-02 -0.1112664E-02  0.0000000E+00  0.0000000E+00  0.2076707E-04  0.0000000E+00
         1    47     10  0.1754119E-04 -0.1555737E-05  0.0000000E+00  0.0000000E+00  0.8801114E-02  0.1000000E-02

         1    48      0  0.0000000E+00  0.0000000E+00  0.0000000E+00  0.0000000E+00  0.0000000E+00  0.0000000E+00
         1    48      1  0.0000000E+00  0.0000000E+00  0.0000000E+00  0.0000000E+00  0.0000000E+00  0.0000000E+00
         1    48      2 -0.3202571E-03 -0.2463034E-03  0.0000000E+00  0.0000000E+00  0.9084712E-06  0.0000000E+00
         1    48      3 -0.4795874E-03 -0.3696576E-03  0.0000000E+00  0.0000000E+00  0.2044028E-05  0.0000000E+00
         1    48      4 -0.6383839E-03 -0.4931477E-03  0.0000000E+00  0.0000000E+00  0.3634317E-05  0.0000000E+00
         1    48      5 -0.7966455E-03 -0.6167745E-03  0.0000000E+00  0.0000000E+00  0.5679723E-05  0.0000000E+00
         1    48      6 -0.9543710E-03 -0.7405387E-03  0.0000000E+00  0.0000000E+00  0.8180629E-05  0.0000000E+00
         1    48      7 -0.1111559E-02 -0.8644412E-03  0.0000000E+00  0.0000000E+00  0.1113742E-04  0.0000000E+00
         1    48      8 -0.1268209E-02 -0.9884827E-03  0.0000000E+00  0.0000000E+00  0.1455046E-04  0.0000000E+00
         1    48      9 -0.1424319E-02 -0.1112664E-02  0.0000000E+00  0.0000000E+00  0.1842013E-04  0.0000000E+00
         1    48     10  0.6492192E-05 -0.1555737E-05  0.0000000E+00  0.0000000E+00  0.1034586E-01  0.1000000E-02

         1    49      0  0.0000000E+00  0.0000000E+00  0.0000000E+00  0.0000000E+00  0.0000000E+00  0.0000000E+00
         1    49      1  0.0000000E+00  0.0000000E+00  0.0000000E+00  0.0000000E+00  0.0000000E+00  0.0000000E+00
         1    49      2 -0.4803544E-03 -0.2463034E-03  0.0000000E+00  0.0000000E+00  0.8979513E-06  0.0000000E+00
         1    49      3 -0.7198648E-03 -0.3696576E-03  0.0000000E+00  0.0000000E+00  0.2020332E-05  0.0000000E+00
         1    49      4 -0.9589299E-03 -0.4931477E-03  0.0000000E+00  0.0000000E+00  0.3592145E-05  0.0000000E+00
         1    49      5 -0.1197549E-02 -0.6167745E-03  0.0000000E+00  0.0000000E+00  0.5613757E-05  0.0000000E+00
         1    49      6 -0.1435721E-02 -0.7405387E-03  0.0000000E+00  0.0000000E+00  0.8085533E-05  0.0000000E+00
         1    49      7 -0.1673446E-02 -0.8644412E-03  0.0000000E+00  0.0000000E+00  0.1100783E-04  0.0000000E+00
         1    49      8 -0.1910723E-02 -0.9884827E-03  0.0000000E+00  0.0000000E+00  0.1438102E-04  0.0000000E+00
         1    49      9 -0.2147551E-02 -0.1112664E-02  0.0000000E+00  0.0000000E+00  0.1820545E-04  0.0000000E+00
         1    49     10  0.5481502E-05 -0.1555737E-05  0.0000000E+00  0.0000000E+00  0.1048716E-01  0.1000000E-02

         1    50      0  0.0000000E+00  0.0000000E+00  0.0000000E+00  0.0000000E+00  0.0000000E+00  0.0000000E+00
         1    50      1  0.0000000E+00  0.0000000E+00  0.0000000E+00  0.0000000E+00  0.0000000E+00  0.0000000E+00
         1    50      2 -0.5332417E-03 -0.2832123E-03  0.0000000E+00  0.0000000E+00  0.8942142E-06  0.0000000E+00
         1    50      3 -0.7992315E-03 -0.4249736E-03  0.0000000E+00  0.0000000E+00  0.2011916E-05  0.0000000E+00
         1    50      4 -0.1064800E-02 -0.5668392E-03  0.0000000E+00  0.0000000E+00  0.3577170E-05  0.0000000E+00
         1    50      5 -0.1329947E-02 -0.7088100E-03  0.0000000E+00  0.0000000E+00  0.5590337E-05  0.0000000E+00
         1    50      6 -0.1594671E-02 -0.8508867E-03  0.0000000E+00  0.0000000E+00  0.8051778E-05  0.0000000E+00
         1    50      7 -0.1858972E-02 -0.9930698E-03  0.0000000E+00  0.0000000E+00  0.1096185E-04  0.0000000E+00
         1    50      8 -0.2122850E-02 -0.1135360E-02  0.0000000E+00  0.0000000E+00  0.1432090E-04  0.0000000E+00
         1    50      9 -0.2386304E-02 -0.1277758E-02  0.0000000E+00  0.0000000E+00  0.1812929E-04  0.0000000E+00
         1    50     10  0.5209760E-05 -0.1166428E-05  0.0000000E+00  0.0000000E+00  0.1053064E-01  0.1000000E-02

         1    51      0  0.0000000E+00  0.0000000E+00  0.0000000E+00  0.0000000E+00  0.0000000E+00  0.0000000E+00
         1    51      1  0.0000000E+00  0.0000000E+00  0.0000000E+00  0.0000000E+00  0.0000000E+00  0.0000000E+00
         1    51      2 -0.5953317E-03 -0.3387070E-03  0.0000000E+00  0.0000000E+00  0.8890581E-06  0.0000000E+00
         1    51      3 -0.8923915E-03 -0.5081549E-03  0.0000000E+00  0.0000000E+00  0.2000309E-05  0.0000000E+00
         1    51      4 -0.1189047E-02 -0.6776665E-03  0.0000000E+00  0.0000000E+00  0.3556523E-05  0.0000000E+00
         1    51      5 -0.1485297E-02 -0.8472426E-03  0.0000000E+00  0.0000000E+00  0.5558060E-05  0.0000000E+00
         1    51      6 -0.1781142E-02 -0.1016884E-02  0.0000000E+00  0.0000000E+00  0.8005273E-05  0.0000000E+00
         1    51      7 -0.2076581E-02 -0.1186591E-02  0.0000000E+00  0.0000000E+00  0.1089852E-04  0.0000000E+00
         1    51      8 -0.2371614E-02 -0.1356364E-02  0.0000000E+00  0.0000000E+00  0.1423814E-04  0.0000000E+00
         1    51      9 -0.2666241E-02 -0.1526205E-02  0.0000000E+00  0.0000000E+00  0.1802449E-04  0.0000000E+00
         1    51     10  0.5027209E-05 -0.6630507E-06  0.0000000E+00  0.0000000E+00  0.1057412E-01  0.1000000E-02

         1    52      0  0.0000000E+00  0.0000000E+00  0.0000000E+00  0.0000000E+00  0.0000000E+00  0.0000000E+00
         1    52      1  0.0000000E+00  0.0000000E+00  0.0000000E+00  0.0000000E+00  0.0000000E+00  0.0000000E+00
         1    52      2 -0.8154913E-03 -0.3387070E-03  0.0000000E+00  0.0000000E+00  0.8691643E-06  0.0000000E+00
         1    52      3 -0.1222692E-02 -0.5081549E-03  0.0000000E+00  0.0000000E+00  0.1955531E-05  0.0000000E+00
         1    52      4 -0.1629530E-02 -0.6776665E-03  0.0000000E+00  0.0000000E+00  0.3476889E-05  0.0000000E+00
         1    52      5 -0.2036005E-02 -0.8472426E-03  0.0000000E+00  0.0000000E+00  0.5433584E-05  0.0000000E+00
         1    52      6 -0.2442117E-02 -0.1016884E-02  0.0000000E+00  0.0000000E+00  0.7825960E-05  0.0000000E+00
         1    52      7 -0.2847866E-02 -0.1186591E-02  0.0000000E+00  0.0000000E+00  0.1065436E-04  0.0000000E+00
         1    52      8 -0.3253252E-02 -0.1356364E-02  0.0000000E+00  0.0000000E+00  0.1391912E-04  0.0000000E+00
         1    52      9 -0.3658275E-02 -0.1526205E-02  0.0000000E+00  0.0000000E+00  0.1762057E-04  0.0000000E+00
         1    52     10  0.4596456E-05 -0.6630507E-06  0.0000000E+00  0.0000000E+00  0.1071542E-01  0.1000000E-02

         1    53      0  0.0000000E+00  0.0000000E+00  0.0000000E+00  0.0000000E+00  0.0000000E+00  0.0000000E+00
         1    53      1  0.0000000E+00  0.0000000E+00  0.0000000E+00  0.0000000E+00  0.0000000E+00  0.0000000E+00
         1    53      2 -0.3004370E-02 -0.2633127E-03  0.0000000E+00  0.0000000E+00  0.5468081E-03  0.0000000E+00
         1    53      3 -0.4506571E-02 -0.3950924E-03  0.0000000E+00  0.0000000E+00  0.8206542E-03  0.0000000E+00
         1    53      4 -0.6008788E-02 -0.5269551E-03  0.0000000E+00  0.0000000E+00  0.1094796E-02  0.0000000E+00
         1    53      5 -0.7511027E-02 -0.6589013E-03  0.0000000E+00  0.0000000E+00  0.1369235E-02  0.0000000E+00
         1    53      6 -0.9013292E-02 -0.7909317E-03  0.0000000E+00  0.0000000E+00  0.1643972E-02  0.0000000E+00
         1    53      7 -0.1051559E-01 -0.9230469E-03  0.0000000E+00  0.0000000E+00  0.1919007E-02  0.0000000E+00
         1    53      8 -0.1201792E-01 -0.1055247E-02  0.0000000E+00  0.0000000E+00  0.2194342E-02  0.0000000E+00
         1    53      9 -0.1352029E-01 -0.1187534E-02  0.0000000E+00  0.0000000E+00  0.2469978E-02  0.0000000E+00
         1    53     10  0.9689299E-03  0.2659838E-03  0.0000000E+00  0.0000000E+00  0.1216846E-01  0.1000000E-02

         1    54      0  0.0000000E+00  0.0000000E+00  0.0000000E+00  0.0000000E+00  0.0000000E+00  0.0000000E+00
         1    54      1  0.0000000E+00  0.0000000E+00  0.0000000E+00  0.0000000E+00  0.0000000E+00  0.0000000E+00
         1    54      2 -0.3070198E-02 -0.2633127E-03  0.0000000E+00  0.0000000E+00  0.5468035E-03  0.0000000E+00
         1    54      3 -0.4605344E-02 -0.3950924E-03  0.0000000E+00  0.0000000E+00  0.8206438E-03  0.0000000E+00
         1    54      4 -0.6140527E-02 -0.5269551E-03  0.0000000E+00  0.0000000E+00  0.1094778E-02  0.0000000E+00
         1    54      5 -0.7675753E-02 -0.6589013E-03  0.0000000E+00  0.0000000E+00  0.1369206E-02  0.0000000E+00
         1    54      6 -0.9211025E-02 -0.7909317E-03  0.0000000E+00  0.0000000E+00  0.1643930E-02  0.0000000E+00
         1    54      7 -0.1074635E-01 -0.9230469E-03  0.0000000E+00  0.0000000E+00  0.1918951E-02  0.0000000E+00
         1    54      8 -0.1228173E-01 -0.1055247E-02  0.0000000E+00  0.0000000E+00  0.2194268E-02  0.0000000E+00
         1    54      9 -0.1381717E-01 -0.1187534E-02  0.0000000E+00  0.0000000E+00  0.2469884E-02  0.0000000E+00
         1    54     10  0.1035390E-02  0.2659838E-03  0.0000000E+00  0.0000000E+00  0.1222280E-01  0.1000000E-02

         1    55      0  0.0000000E+00  0.0000000E+00  0.0000000E+00  0.0000000E+00  0.0000000E+00  0.0000000E+00
         1    55      1  0.0000000E+00  0.0000000E+00  0.0000000E+00  0.0000000E+00  0.0000000E+00  0.0000000E+00
         1    55      2 -0.3109708E-02 -0.2634848E-03  0.0000000E+00  0.0000000E+00  0.5468007E-03  0.0000000E+00
         1    55      3 -0.4664637E-02 -0.3954796E-03  0.0000000E+00  0.0000000E+00  0.8206376E-03  0.0000000E+00
         1    55      4 -0.6219622E-02 -0.5276435E-03  0.0000000E+00  0.0000000E+00  0.1094767E-02  0.0000000E+00
         1    55      5 -0.7774668E-02 -0.6599771E-03  0.0000000E+00  0.0000000E+00  0.1369189E-02  0.0000000E+00
         1    55      6 -0.9329780E-02 -0.7924809E-03  0.0000000E+00  0.0000000E+00  0.1643905E-02  0.0000000E+00
         1    55      7 -0.1088496E-01 -0.9251555E-03  0.0000000E+00  0.0000000E+00  0.1918916E-02  0.0000000E+00
         1    55      8 -0.1244022E-01 -0.1058002E-02  0.0000000E+00  0.0000000E+00  0.2194223E-02  0.0000000E+00
         1    55      9 -0.1399556E-01 -0.1191020E-02  0.0000000E+00  0.0000000E+00  0.2469827E-02  0.0000000E+00
         1    55     10  0.1075265E-02  0.2659637E-03  0.0000000E+00  0.0000000E+00  0.1225541E-01  0.1000000E-02

         1    56      0  0.0000000E+00  0.0000000E+00  0.0000000E+00  0.0000000E+00  0.0000000E+00  0.0000000E+00
         1    56      1  0.0000000E+00  0.0000000E+00  0.0000000E+00  0.0000000E+00  0.0000000E+00  0.0000000E+00
         1    56      2 -0.3175579E-02 -0.2634848E-03  0.0000000E+00  0.0000000E+00  0.5467961E-03  0.0000000E+00
         1    56      3 -0.4763507E-02 -0.3954796E-03  0.0000000E+00  0.0000000E+00  0.8206272E-03  0.0000000E+00
         1    56      4 -0.6351533E-02 -0.5276435E-03  0.0000000E+00  0.0000000E+00  0.1094748E-02  0.0000000E+00
         1    56      5 -0.7939662E-02 -0.6599771E-03  0.0000000E+00  0.0000000E+00  0.1369160E-02  0.0000000E+00
         1    56      6 -0.9527901E-02 -0.7924809E-03  0.0000000E+00  0.0000000E+00  0.1643863E-02  0.0000000E+00
         1    56      7 -0.1111625E-01 -0.9251555E-03  0.0000000E+00  0.0000000E+00  0.1918859E-02  0.0000000E+00
         1    56      8 -0.1270472E-01 -0.1058002E-02  0.0000000E+00  0.0000000E+00  0.2194149E-02  0.0000000E+00
         1    56      9 -0.1429332E-01 -0.1191020E-02  0.0000000E+00  0.0000000E+00  0.2469732E-02  0.0000000E+00
         1    56     10  0.1141721E-02  0.2659637E-03  0.0000000E+00  0.0000000E+00  0.1230975E-01  0.1000000E-02

         1    57      0  0.0000000E+00  0.0000000E+00  0.0000000E+00  0.0000000E+00  0.0000000E+00  0.0000000E+00
         1    57      1  0.0000000E+00  0.0000000E+00  0.0000000E+00  0.0000000E+00  0.0000000E+00  0.0000000E+00
         1    57      2 -0.3202788E-02  0.4736953E-05  0.0000000E+00  0.0000000E+00  0.5467948E-03  0.0000000E+00
         1    57      3 -0.4804371E-02  0.6866798E-05  0.0000000E+00  0.0000000E+00  0.8206243E-03  0.0000000E+00
         1    57      4 -0.6406088E-02  0.8837325E-05  0.0000000E+00  0.0000000E+00  0.1094743E-02  0.0000000E+00
         1    57      5 -0.8007942E-02  0.1064836E-04  0.0000000E+00  0.0000000E+00  0.1369152E-02  0.0000000E+00
         1    57      6 -0.9609940E-02  0.1229973E-04  0.0000000E+00  0.0000000E+00  0.1643852E-02  0.0000000E+00
         1    57      7 -0.1121209E-01  0.1379125E-04  0.0000000E+00  0.0000000E+00  0.1918844E-02  0.0000000E+00
         1    57      8 -0.1281439E-01  0.1512275E-04  0.0000000E+00  0.0000000E+00  0.2194128E-02  0.0000000E+00
         1    57      9 -0.1441685E-01  0.1629405E-04  0.0000000E+00  0.0000000E+00  0.2469706E-02  0.0000000E+00
         1    57     10  0.1187332E-02  0.1680229E-03  0.0000000E+00  0.0000000E+00  0.1235540E-01  0.1000000E-02

         1    58      0  0.0000000E+00  0.0000000E+00  0.0000000E+00  0.0000000E+00  0.0000000E+00  0.0000000E+00
         1    58      1  0.0000000E+00  0.0000000E+00  0.0000000E+00  0.0000000E+00  0.0000000E+00  0.0000000E+00
         1    58      2 -0.3173596E-02  0.2728753E-03  0.0000000E+00  0.0000000E+00  0.5467934E-03  0.0000000E+00
         1    58      3 -0.4760631E-02  0.4090923E-03  0.0000000E+00  0.0000000E+00  0.8206211E-03  0.0000000E+00
         1    58      4 -0.6347832E-02  0.5451625E-03  0.0000000E+00  0.0000000E+00  0.1094737E-02  0.0000000E+00
         1    58      5 -0.7935203E-02  0.6810863E-03  0.0000000E+00  0.0000000E+00  0.1369143E-02  0.0000000E+00
         1    58      6 -0.9522750E-02  0.8168637E-03  0.0000000E+00  0.0000000E+00  0.1643839E-02  0.0000000E+00
         1    58      7 -0.1111048E-01  0.9524952E-03  0.0000000E+00  0.0000000E+00  0.1918826E-02  0.0000000E+00
         1    58      8 -0.1269839E-01  0.1087981E-02  0.0000000E+00  0.0000000E+00  0.2194106E-02  0.0000000E+00
         1    58      9 -0.1428649E-01  0.1223321E-02  0.0000000E+00  0.0000000E+00  0.2469678E-02  0.0000000E+00
         1    58     10  0.1212046E-02  0.6712486E-04  0.0000000E+00  0.0000000E+00  0.1240105E-01  0.1000000E-02

         1    59      0  0.0000000E+00  0.0000000E+00  0.0000000E+00  0.0000000E+00  0.0000000E+00  0.0000000E+00
         1    59      1  0.0000000E+00  0.0000000E+00  0.0000000E+00  0.0000000E+00  0.0000000E+00  0.0000000E+00
         1    59      2 -0.2996227E-02  0.2728753E-03  0.0000000E+00  0.0000000E+00  0.5467805E-03  0.0000000E+00
         1    59      3 -0.4494721E-02  0.4090923E-03  0.0000000E+00  0.0000000E+00  0.8205921E-03  0.0000000E+00
         1    59      4 -0.5993476E-02  0.5451625E-03  0.0000000E+00  0.0000000E+00  0.1094686E-02  0.0000000E+00
         1    59      5 -0.7492497E-02  0.6810863E-03  0.0000000E+00  0.0000000E+00  0.1369063E-02  0.0000000E+00
         1    59      6 -0.8991788E-02  0.8168637E-03  0.0000000E+00  0.0000000E+00  0.1643723E-02  0.0000000E+00
         1    59      7 -0.1049136E-01  0.9524952E-03  0.0000000E+00  0.0000000E+00  0.1918669E-02  0.0000000E+00
         1    59      8 -0.1199120E-01  0.1087981E-02  0.0000000E+00  0.0000000E+00  0.2193900E-02  0.0000000E+00
         1    59      9 -0.1349133E-01  0.1223321E-02  0.0000000E+00  0.0000000E+00  0.2469418E-02  0.0000000E+00
         1    59     10  0.1255654E-02  0.6712486E-04  0.0000000E+00  0.0000000E+00  0.1254235E-01  0.1000000E-02

         1    60      0  0.0000000E+00  0.0000000E+00  0.0000000E+00  0.0000000E+00  0.0000000E+00  0.0000000E+00
         1    60      1  0.0000000E+00  0.0000000E+00  0.0000000E+00  0.0000000E+00  0.0000000E+00  0.0000000E+00
         1    60      2 -0.7435576E-03  0.3466871E-03  0.0000000E+00  0.0000000E+00  0.1081261E-02  0.0000000E+00
         1    60      3 -0.1117447E-02  0.5198398E-03  0.0000000E+00  0.0000000E+00  0.1622527E-02  0.0000000E+00
         1    60      4 -0.1492747E-02  0.6928656E-03  0.0000000E+00  0.0000000E+00  0.2164221E-02  0.0000000E+00
         1    60      5 -0.1869459E-02  0.8657652E-03  0.0000000E+00  0.0000000E+00  0.2706345E-02  0.0000000E+00
         1    60      6 -0.2247587E-02  0.1038539E-02  0.0000000E+00  0.0000000E+00  0.3248900E-02  0.0000000E+00
         1    60      7 -0.2627131E-02  0.1211187E-02  0.0000000E+00  0.0000000E+00  0.3791889E-02  0.0000000E+00
         1    60      8 -0.3008095E-02  0.1383710E-02  0.0000000E+00  0.0000000E+00  0.4335314E-02  0.0000000E+00
         1    60      9 -0.3390482E-02  0.1556109E-02  0.0000000E+00  0.0000000E+00  0.4879177E-02  0.0000000E+00
         1    60     10  0.2512340E-02  0.2785965E-03  0.0000000E+00  0.0000000E+00  0.1359602E-01  0.1000000E-02

         1    61      0  0.0000000E+00  0.0000000E+00  0.0000000E+00  0.0000000E+00  0.0000000E+00  0.0000000E+00
         1    61      1  0.0000000E+00  0.0000000E+00  0.0000000E+00  0.0000000E+00  0.0000000E+00  0.0000000E+00
         1    61      2 -0.6568858E-03  0.3466871E-03  0.0000000E+00  0.0000000E+00  0.1081253E-02  0.0000000E+00
         1    61      3 -0.9874872E-03  0.5198398E-03  0.0000000E+00  0.0000000E+00  0.1622509E-02  0.0000000E+00
         1    61      4 -0.1319530E-02  0.6928656E-03  0.0000000E+00  0.0000000E+00  0.2164189E-02  0.0000000E+00
         1    61      5 -0.1653018E-02  0.8657652E-03  0.0000000E+00  0.0000000E+00  0.2706295E-02  0.0000000E+00
         1    61      6 -0.1987952E-02  0.1038539E-02  0.0000000E+00  0.0000000E+00  0.3248828E-02  0.0000000E+00
         1    61      7 -0.2324334E-02  0.1211187E-02  0.0000000E+00  0.0000000E+00  0.3791791E-02  0.0000000E+00
         1    61      8 -0.2662168E-02  0.1383710E-02  0.0000000E+00  0.0000000E+00  0.4335186E-02  0.0000000E+00
         1    61      9 -0.3001454E-02  0.1556109E-02  0.0000000E+00  0.0000000E+00  0.4879016E-02  0.0000000E+00
         1    61     10  0.2581952E-02  0.2785965E-03  0.0000000E+00  0.0000000E+00  0.1365036E-01  0.1000000E-02

         1    62      0  0.0000000E+00  0.0000000E+00  0.0000000E+00  0.0000000E+00  0.0000000E+00  0.0000000E+00
         1    62      1  0.0000000E+00  0.0000000E+00  0.0000000E+00  0.0000000E+00  0.0000000E+00  0.0000000E+00
         1    62      2 -0.6048820E-03  0.3466975E-03  0.0000000E+00  0.0000000E+00  0.1081248E-02  0.0000000E+00
         1    62      3 -0.9095094E-03  0.5198632E-03  0.0000000E+00  0.0000000E+00  0.1622499E-02  0.0000000E+00
         1    62      4 -0.1215597E-02  0.6929075E-03  0.0000000E+00  0.0000000E+00  0.2164170E-02  0.0000000E+00
         1    62      5 -0.1523148E-02  0.8658310E-03  0.0000000E+00  0.0000000E+00  0.2706265E-02  0.0000000E+00
         1    62      6 -0.1832163E-02  0.1038634E-02  0.0000000E+00  0.0000000E+00  0.3248785E-02  0.0000000E+00
         1    62      7 -0.2142646E-02  0.1211317E-02  0.0000000E+00  0.0000000E+00  0.3791732E-02  0.0000000E+00
         1    62      8 -0.2454598E-02  0.1383881E-02  0.0000000E+00  0.0000000E+00  0.4335110E-02  0.0000000E+00
         1    62      9 -0.2768021E-02  0.1556326E-02  0.0000000E+00  0.0000000E+00  0.4878919E-02  0.0000000E+00
         1    62     10  0.2623732E-02  0.2787732E-03  0.0000000E+00  0.0000000E+00  0.1368297E-01  0.1000000E-02

         1    63      0  0.0000000E+00  0.0000000E+00  0.0000000E+00  0.0000000E+00  0.0000000E+00  0.0000000E+00
         1    63      1  0.0000000E+00  0.0000000E+00  0.0000000E+00  0.0000000E+00  0.0000000E+00  0.0000000E+00
         1    63      2 -0.5182076E-03  0.3466975E-03  0.0000000E+00  0.0000000E+00  0.1081240E-02  0.0000000E+00
         1    63      3 -0.7795436E-03  0.5198632E-03  0.0000000E+00  0.0000000E+00  0.1622481E-02  0.0000000E+00
         1    63      4 -0.1042370E-02  0.6929075E-03  0.0000000E+00  0.0000000E+00  0.2164138E-02  0.0000000E+00
         1    63      5 -0.1306690E-02  0.8658310E-03  0.0000000E+00  0.0000000E+00  0.2706215E-02  0.0000000E+00
         1    63      6 -0.1572505E-02  0.1038634E-02  0.0000000E+00  0.0000000E+00  0.3248713E-02  0.0000000E+00
         1    63      7 -0.1839816E-02  0.1211317E-02  0.0000000E+00  0.0000000E+00  0.3791634E-02  0.0000000E+00
         1    63      8 -0.2108627E-02  0.1383881E-02  0.0000000E+00  0.0000000E+00  0.4334982E-02  0.0000000E+00
         1    63      9 -0.2378939E-02  0.1556326E-02  0.0000000E+00  0.0000000E+00  0.4878757E-02  0.0000000E+00
         1    63     10  0.2693389E-02  0.2787732E-03  0.0000000E+00  0.0000000E+00  0.1373731E-01  0.1000000E-02

         1    64      0  0.0000000E+00  0.0000000E+00  0.0000000E+00  0.0000000E+00  0.0000000E+00  0.0000000E+00
         1    64      1  0.0000000E+00  0.0000000E+00  0.0000000E+00  0.0000000E+00  0.0000000E+00  0.0000000E+00
         1    64      2 -0.4537532E-03  0.2989038E-03  0.0000000E+00  0.0000000E+00  0.1081234E-02  0.0000000E+00
         1    64      3 -0.6829208E-03  0.4479502E-03  0.0000000E+00  0.0000000E+00  0.1622468E-02  0.0000000E+00
         1    64      4 -0.9136183E-03  0.5967267E-03  0.0000000E+00  0.0000000E+00  0.2164116E-02  0.0000000E+00
         1    64      5 -0.1145848E-02  0.7452336E-03  0.0000000E+00  0.0000000E+00  0.2706180E-02  0.0000000E+00
         1    64      6 -0.1379611E-02  0.8934712E-03  0.0000000E+00  0.0000000E+00  0.3248663E-02  0.0000000E+00
         1    64      7 -0.1614910E-02  0.1041440E-02  0.0000000E+00  0.0000000E+00  0.3791567E-02  0.0000000E+00
         1    64      8 -0.1851746E-02  0.1189140E-02  0.0000000E+00  0.0000000E+00  0.4334894E-02  0.0000000E+00
         1    64      9 -0.2090123E-02  0.1336571E-02  0.0000000E+00  0.0000000E+00  0.4878646E-02  0.0000000E+00
         1    64     10  0.2775858E-02  0.5477098E-03  0.0000000E+00  0.0000000E+00  0.1378078E-01  0.1000000E-02

         1    65      0  0.0000000E+00  0.0000000E+00  0.0000000E+00  0.0000000E+00  0.0000000E+00  0.0000000E+00
         1    65      1  0.0000000E+00  0.0000000E+00  0.0000000E+00  0.0000000E+00  0.0000000E+00  0.0000000E+00
         1    65      2 -0.3982531E-03  0.2570085E-03  0.0000000E+00  0.0000000E+00  0.1081230E-02  0.0000000E+00
         1    65      3 -0.5997746E-03  0.3848769E-03  0.0000000E+00  0.0000000E+00  0.1622459E-02  0.0000000E+00
         1    65      4 -0.8028952E-03  0.5123215E-03  0.0000000E+00  0.0000000E+00  0.2164100E-02  0.0000000E+00
         1    65      5 -0.1007617E-02  0.6393424E-03  0.0000000E+00  0.0000000E+00  0.2706155E-02  0.0000000E+00
         1    65      6 -0.1213941E-02  0.7659398E-03  0.0000000E+00  0.0000000E+00  0.3248626E-02  0.0000000E+00
         1    65      7 -0.1421871E-02  0.8921137E-03  0.0000000E+00  0.0000000E+00  0.3791517E-02  0.0000000E+00
         1    65      8 -0.1631407E-02  0.1017864E-02  0.0000000E+00  0.0000000E+00  0.4334829E-02  0.0000000E+00
         1    65      9 -0.1842553E-02  0.1143192E-02  0.0000000E+00  0.0000000E+00  0.4878564E-02  0.0000000E+00
         1    65     10  0.2913075E-02  0.8274490E-03  0.0000000E+00  0.0000000E+00  0.1382423E-01  0.1000000E-02

         1    66      0  0.0000000E+00  0.0000000E+00  0.0000000E+00  0.0000000E+00  0.0000000E+00  0.0000000E+00
         1    66      1  0.0000000E+00  0.0000000E+00  0.0000000E+00  0.0000000E+00  0.0000000E+00  0.0000000E+00
         1    66      2 -0.2311975E-03  0.2570085E-03  0.0000000E+00  0.0000000E+00  0.1081219E-02  0.0000000E+00
         1    66      3 -0.3496045E-03  0.3848769E-03  0.0000000E+00  0.0000000E+00  0.1622433E-02  0.0000000E+00
         1    66      4 -0.4698862E-03  0.5123215E-03  0.0000000E+00  0.0000000E+00  0.2164054E-02  0.0000000E+00
         1    66      5 -0.5920442E-03  0.6393424E-03  0.0000000E+00  0.0000000E+00  0.2706084E-02  0.0000000E+00
         1    66      6 -0.7160805E-03  0.7659398E-03  0.0000000E+00  0.0000000E+00  0.3248525E-02  0.0000000E+00
         1    66      7 -0.8419969E-03  0.8921137E-03  0.0000000E+00  0.0000000E+00  0.3791379E-02  0.0000000E+00
         1    66      8 -0.9697953E-03  0.1017864E-02  0.0000000E+00  0.0000000E+00  0.4334649E-02  0.0000000E+00
         1    66      9 -0.1099478E-02  0.1143192E-02  0.0000000E+00  0.0000000E+00  0.4878337E-02  0.0000000E+00
         1    66     10  0.3450630E-02  0.8274490E-03  0.0000000E+00  0.0000000E+00  0.1396542E-01  0.1000000E-02

         1    67      0  0.0000000E+00  0.0000000E+00  0.0000000E+00  0.0000000E+00  0.0000000E+00  0.0000000E+00
         1    67      1  0.0000000E+00  0.0000000E+00  0.0000000E+00  0.0000000E+00  0.0000000E+00  0.0000000E+00
         1    67      2  0.1543766E-02  0.2310773E-03  0.0000000E+00  0.0000000E+00  0.8934477E-03  0.0000000E+00
         1    67      3  0.2308920E-02  0.3461565E-03  0.0000000E+00  0.0000000E+00  0.1342054E-02  0.0000000E+00
         1    67      4  0.3069587E-02  0.4609296E-03  0.0000000E+00  0.0000000E+00  0.1791920E-02  0.0000000E+00
         1    67      5  0.3825766E-02  0.5753970E-03  0.0000000E+00  0.0000000E+00  0.2243048E-02  0.0000000E+00
         1    67      6  0.4577455E-02  0.6895589E-03  0.0000000E+00  0.0000000E+00  0.2695442E-02  0.0000000E+00
         1    67      7  0.5324653E-02  0.8034155E-03  0.0000000E+00  0.0000000E+00  0.3149105E-02  0.0000000E+00
         1    67      8  0.6067358E-02  0.9169672E-03  0.0000000E+00  0.0000000E+00  0.3604040E-02  0.0000000E+00
         1    67      9  0.6805569E-02  0.1030214E-02  0.0000000E+00  0.0000000E+00  0.4060251E-02  0.0000000E+00
         1    67     10  0.9572070E-02  0.8560179E-03  0.0000000E+00  0.0000000E+00  0.1369521E-01  0.1000000E-02

         1    68      0  0.0000000E+00  0.0000000E+00  0.0000000E+00  0.0000000E+00  0.0000000E+00  0.0000000E+00
         1    68      1  0.0000000E+00  0.0000000E+00  0.0000000E+00  0.0000000E+00  0.0000000E+00  0.0000000E+00
         1    68      2  0.1601535E-02  0.2310773E-03  0.0000000E+00  0.0000000E+00  0.8934442E-03  0.0000000E+00
         1    68      3  0.2395459E-02  0.3461565E-03  0.0000000E+00  0.0000000E+00  0.1342046E-02  0.0000000E+00
         1    68      4  0.3184820E-02  0.4609296E-03  0.0000000E+00  0.0000000E+00  0.1791905E-02  0.0000000E+00
         1    68      5  0.3969615E-02  0.5753970E-03  0.0000000E+00  0.0000000E+00  0.2243026E-02  0.0000000E+00
         1    68      6  0.4749845E-02  0.6895589E-03  0.0000000E+00  0.0000000E+00  0.2695410E-02  0.0000000E+00
         1    68      7  0.5525506E-02  0.8034155E-03  0.0000000E+00  0.0000000E+00  0.3149062E-02  0.0000000E+00
         1    68      8  0.6296600E-02  0.9169672E-03  0.0000000E+00  0.0000000E+00  0.3603984E-02  0.0000000E+00
         1    68      9  0.7063123E-02  0.1030214E-02  0.0000000E+00  0.0000000E+00  0.4060181E-02  0.0000000E+00
         1    68     10  0.9785960E-02  0.8560179E-03  0.0000000E+00  0.0000000E+00  0.1374951E-01  0.1000000E-02

         1    69      0  0.0000000E+00  0.0000000E+00  0.0000000E+00  0.0000000E+00  0.0000000E+00  0.0000000E+00
         1    69      1  0.0000000E+00  0.0000000E+00  0.0000000E+00  0.0000000E+00  0.0000000E+00  0.0000000E+00
         1    69      2  0.1636195E-02  0.2310551E-03  0.0000000E+00  0.0000000E+00  0.8934420E-03  0.0000000E+00
         1    69      3  0.2447379E-02  0.3461066E-03  0.0000000E+00  0.0000000E+00  0.1342041E-02  0.0000000E+00
         1    69      4  0.3253953E-02  0.4608415E-03  0.0000000E+00  0.0000000E+00  0.1791897E-02  0.0000000E+00
         1    69      5  0.4055915E-02  0.5752602E-03  0.0000000E+00  0.0000000E+00  0.2243012E-02  0.0000000E+00
         1    69      6  0.4853264E-02  0.6893630E-03  0.0000000E+00  0.0000000E+00  0.2695391E-02  0.0000000E+00
         1    69      7  0.5645999E-02  0.8031504E-03  0.0000000E+00  0.0000000E+00  0.3149036E-02  0.0000000E+00
         1    69      8  0.6434119E-02  0.9166228E-03  0.0000000E+00  0.0000000E+00  0.3603951E-02  0.0000000E+00
         1    69      9  0.7217623E-02  0.1029781E-02  0.0000000E+00  0.0000000E+00  0.4060138E-02  0.0000000E+00
         1    69     10  0.9914233E-02  0.8551933E-03  0.0000000E+00  0.0000000E+00  0.1378209E-01  0.1000000E-02

         1    70      0  0.0000000E+00  0.0000000E+00  0.0000000E+00  0.0000000E+00  0.0000000E+00  0.0000000E+00
         1    70      1  0.0000000E+00  0.0000000E+00  0.0000000E+00  0.0000000E+00  0.0000000E+00  0.0000000E+00
         1    70      2  0.1693959E-02  0.2310551E-03  0.0000000E+00  0.0000000E+00  0.8934385E-03  0.0000000E+00
         1    70      3  0.2533906E-02  0.3461066E-03  0.0000000E+00  0.0000000E+00  0.1342033E-02  0.0000000E+00
         1    70      4  0.3369163E-02  0.4608415E-03  0.0000000E+00  0.0000000E+00  0.1791883E-02  0.0000000E+00
         1    70      5  0.4199730E-02  0.5752602E-03  0.0000000E+00  0.0000000E+00  0.2242990E-02  0.0000000E+00
         1    70      6  0.5025605E-02  0.6893630E-03  0.0000000E+00  0.0000000E+00  0.2695359E-02  0.0000000E+00
         1    70      7  0.5846787E-02  0.8031504E-03  0.0000000E+00  0.0000000E+00  0.3148993E-02  0.0000000E+00
         1    70      8  0.6663275E-02  0.9166228E-03  0.0000000E+00  0.0000000E+00  0.3603895E-02  0.0000000E+00
         1    70      9  0.7475068E-02  0.1029781E-02  0.0000000E+00  0.0000000E+00  0.4060067E-02  0.0000000E+00
         1    70     10  0.1012792E-01  0.8551933E-03  0.0000000E+00  0.0000000E+00  0.1383639E-01  0.1000000E-02

         1    71      0  0.0000000E+00  0.0000000E+00  0.0000000E+00  0.0000000E+00  0.0000000E+00  0.0000000E+00
         1    71      1  0.0000000E+00  0.0000000E+00  0.0000000E+00  0.0000000E+00  0.0000000E+00  0.0000000E+00
         1    71      2  0.1727423E-02  0.8717983E-04  0.0000000E+00  0.0000000E+00  0.8934369E-03  0.0000000E+00
         1    71      3  0.2584064E-02  0.1308869E-03  0.0000000E+00  0.0000000E+00  0.1342030E-02  0.0000000E+00
         1    71      4  0.3435990E-02  0.1746726E-03  0.0000000E+00  0.0000000E+00  0.1791877E-02  0.0000000E+00
         1    71      5  0.4283201E-02  0.2185377E-03  0.0000000E+00  0.0000000E+00  0.2242981E-02  0.0000000E+00
         1    71      6  0.5125696E-02  0.2624826E-03  0.0000000E+00  0.0000000E+00  0.2695346E-02  0.0000000E+00
         1    71      7  0.5963472E-02  0.3065077E-03  0.0000000E+00  0.0000000E+00  0.3148974E-02  0.0000000E+00
         1    71      8  0.6796531E-02  0.3506138E-03  0.0000000E+00  0.0000000E+00  0.3603870E-02  0.0000000E+00
         1    71      9  0.7624869E-02  0.3948011E-03  0.0000000E+00  0.0000000E+00  0.4060037E-02  0.0000000E+00
         1    71     10  0.1021776E-01 -0.3781992E-06  0.0000000E+00  0.0000000E+00  0.1388202E-01  0.1000000E-02

         1    72      0  0.0000000E+00  0.0000000E+00  0.0000000E+00  0.0000000E+00  0.0000000E+00  0.0000000E+00
         1    72      1  0.0000000E+00  0.0000000E+00  0.0000000E+00  0.0000000E+00  0.0000000E+00  0.0000000E+00
         1    72      2  0.1730467E-02 -0.5823062E-04  0.0000000E+00  0.0000000E+00  0.8934368E-03  0.0000000E+00
         1    72      3  0.2588717E-02 -0.8663785E-04  0.0000000E+00  0.0000000E+00  0.1342030E-02  0.0000000E+00
         1    72      4  0.3442310E-02 -0.1145722E-03  0.0000000E+00  0.0000000E+00  0.1791876E-02  0.0000000E+00
         1    72      5  0.4291246E-02 -0.1420332E-03  0.0000000E+00  0.0000000E+00  0.2242980E-02  0.0000000E+00
         1    72      6  0.5135524E-02 -0.1690201E-03  0.0000000E+00  0.0000000E+00  0.2695345E-02  0.0000000E+00
         1    72      7  0.5975142E-02 -0.1955324E-03  0.0000000E+00  0.0000000E+00  0.3148973E-02  0.0000000E+00
         1    72      8  0.6810100E-02 -0.2215695E-03  0.0000000E+00  0.0000000E+00  0.3603869E-02  0.0000000E+00
         1    72      9  0.7640398E-02 -0.2471308E-03  0.0000000E+00  0.0000000E+00  0.4060035E-02  0.0000000E+00
         1    72     10  0.1012776E-01 -0.8559430E-03  0.0000000E+00  0.0000000E+00  0.1392766E-01  0.1000000E-02

         1    73      0  0.0000000E+00  0.0000000E+00  0.0000000E+00  0.0000000E+00  0.0000000E+00  0.0000000E+00
         1    73      1  0.0000000E+00  0.0000000E+00  0.0000000E+00  0.0000000E+00  0.0000000E+00  0.0000000E+00
         1    73      2  0.1692617E-02 -0.5823062E-04  0.0000000E+00  0.0000000E+00  0.8934362E-03  0.0000000E+00
         1    73      3  0.2532402E-02 -0.8663785E-04  0.0000000E+00  0.0000000E+00  0.1342028E-02  0.0000000E+00
         1    73      4  0.3367838E-02 -0.1145722E-03  0.0000000E+00  0.0000000E+00  0.1791874E-02  0.0000000E+00
         1    73      5  0.4198924E-02 -0.1420332E-03  0.0000000E+00  0.0000000E+00  0.2242977E-02  0.0000000E+00
         1    73      6  0.5025660E-02 -0.1690201E-03  0.0000000E+00  0.0000000E+00  0.2695340E-02  0.0000000E+00
         1    73      7  0.5848046E-02 -0.1955324E-03  0.0000000E+00  0.0000000E+00  0.3148966E-02  0.0000000E+00
         1    73      8  0.6666080E-02 -0.2215695E-03  0.0000000E+00  0.0000000E+00  0.3603860E-02  0.0000000E+00
         1    73      9  0.7479763E-02 -0.2471308E-03  0.0000000E+00  0.0000000E+00  0.4060024E-02  0.0000000E+00
         1    73     10  0.9571692E-02 -0.8559430E-03  0.0000000E+00  0.0000000E+00  0.1406884E-01  0.1000000E-02

         1    74      0  0.0000000E+00  0.0000000E+00  0.0000000E+00  0.0000000E+00  0.0000000E+00  0.0000000E+00
         1    74      1  0.0000000E+00  0.0000000E+00  0.0000000E+00  0.0000000E+00  0.0000000E+00  0.0000000E+00
         1    74      2  0.1070652E-02 -0.1127905E-03  0.0000000E+00  0.0000000E+00  0.4983620E-03  0.0000000E+00
         1    74      3  0.1605085E-02 -0.1683328E-03  0.0000000E+00  0.0000000E+00  0.7504658E-03  0.0000000E+00
         1    74      4  0.2138928E-02 -0.2233057E-03  0.0000000E+00  0.0000000E+00  0.1004522E-02  0.0000000E+00
         1    74      5  0.2672187E-02 -0.2777087E-03  0.0000000E+00  0.0000000E+00  0.1260534E-02  0.0000000E+00
         1    74      6  0.3204865E-02 -0.3315413E-03  0.0000000E+00  0.0000000E+00  0.1518505E-02  0.0000000E+00
         1    74      7  0.3736967E-02 -0.3848029E-03  0.0000000E+00  0.0000000E+00  0.1778437E-02  0.0000000E+00
         1    74      8  0.4268498E-02 -0.4374929E-03  0.0000000E+00  0.0000000E+00  0.2040333E-02  0.0000000E+00
         1    74      9  0.4799461E-02 -0.4896107E-03  0.0000000E+00  0.0000000E+00  0.2304198E-02  0.0000000E+00
         1    74     10  0.3450812E-02 -0.8273702E-03  0.0000000E+00  0.0000000E+00  0.1379866E-01  0.1000000E-02

         1    75      0  0.0000000E+00  0.0000000E+00  0.0000000E+00  0.0000000E+00  0.0000000E+00  0.0000000E+00
         1    75      1  0.0000000E+00  0.0000000E+00  0.0000000E+00  0.0000000E+00  0.0000000E+00  0.0000000E+00
         1    75      2  0.1042454E-02 -0.1127905E-03  0.0000000E+00  0.0000000E+00  0.4983611E-03  0.0000000E+00
         1    75      3  0.1563001E-02 -0.1683328E-03  0.0000000E+00  0.0000000E+00  0.7504639E-03  0.0000000E+00
         1    75      4  0.2083102E-02 -0.2233057E-03  0.0000000E+00  0.0000000E+00  0.1004519E-02  0.0000000E+00
         1    75      5  0.2602760E-02 -0.2777087E-03  0.0000000E+00  0.0000000E+00  0.1260529E-02  0.0000000E+00
         1    75      6  0.3121980E-02 -0.3315413E-03  0.0000000E+00  0.0000000E+00  0.1518497E-02  0.0000000E+00
         1    75      7  0.3640766E-02 -0.3848029E-03  0.0000000E+00  0.0000000E+00  0.1778427E-02  0.0000000E+00
         1    75      8  0.4159124E-02 -0.4374929E-03  0.0000000E+00  0.0000000E+00  0.2040321E-02  0.0000000E+00
         1    75      9  0.4677058E-02 -0.4896107E-03  0.0000000E+00  0.0000000E+00  0.2304182E-02  0.0000000E+00
         1    75     10  0.3244080E-02 -0.8273702E-03  0.0000000E+00  0.0000000E+00  0.1385296E-01  0.1000000E-02

         1    76      0  0.0000000E+00  0.0000000E+00  0.0000000E+00  0.0000000E+00  0.0000000E+00  0.0000000E+00
         1    76      1  0.0000000E+00  0.0000000E+00  0.0000000E+00  0.0000000E+00  0.0000000E+00  0.0000000E+00
         1    76      2  0.1025538E-02 -0.1127626E-03  0.0000000E+00  0.0000000E+00  0.4983606E-03  0.0000000E+00
         1    76      3  0.1537756E-02 -0.1682701E-03  0.0000000E+00  0.0000000E+00  0.7504628E-03  0.0000000E+00
         1    76      4  0.2049614E-02 -0.2231943E-03  0.0000000E+00  0.0000000E+00  0.1004517E-02  0.0000000E+00
         1    76      5  0.2561116E-02 -0.2775349E-03  0.0000000E+00  0.0000000E+00  0.1260526E-02  0.0000000E+00
         1    76      6  0.3072267E-02 -0.3312911E-03  0.0000000E+00  0.0000000E+00  0.1518493E-02  0.0000000E+00
         1    76      7  0.3583072E-02 -0.3844626E-03  0.0000000E+00  0.0000000E+00  0.1778421E-02  0.0000000E+00
         1    76      8  0.4093534E-02 -0.4370488E-03  0.0000000E+00  0.0000000E+00  0.2040313E-02  0.0000000E+00
         1    76      9  0.4603659E-02 -0.4890491E-03  0.0000000E+00  0.0000000E+00  0.2304172E-02  0.0000000E+00
         1    76     10  0.3120060E-02 -0.8271061E-03  0.0000000E+00  0.0000000E+00  0.1388554E-01  0.1000000E-02

         1    77      0  0.0000000E+00  0.0000000E+00  0.0000000E+00  0.0000000E+00  0.0000000E+00  0.0000000E+00
         1    77      1  0.0000000E+00  0.0000000E+00  0.0000000E+00  0.0000000E+00  0.0000000E+00  0.0000000E+00
         1    77      2  0.9973470E-03 -0.1127626E-03  0.0000000E+00  0.0000000E+00  0.4983598E-03  0.0000000E+00
         1    77      3  0.1495689E-02 -0.1682701E-03  0.0000000E+00  0.0000000E+00  0.7504609E-03  0.0000000E+00
         1    77      4  0.1993816E-02 -0.2231943E-03  0.0000000E+00  0.0000000E+00  0.1004514E-02  0.0000000E+00
         1    77      5  0.2491733E-02 -0.2775349E-03  0.0000000E+00  0.0000000E+00  0.1260521E-02  0.0000000E+00
         1    77      6  0.2989445E-02 -0.3312911E-03  0.0000000E+00  0.0000000E+00  0.1518486E-02  0.0000000E+00
         1    77      7  0.3486956E-02 -0.3844626E-03  0.0000000E+00  0.0000000E+00  0.1778411E-02  0.0000000E+00
         1    77      8  0.3984272E-02 -0.4370488E-03  0.0000000E+00  0.0000000E+00  0.2040300E-02  0.0000000E+00
         1    77      9  0.4481397E-02 -0.4890491E-03  0.0000000E+00  0.0000000E+00  0.2304156E-02  0.0000000E+00
         1    77     10  0.2913394E-02 -0.8271061E-03  0.0000000E+00  0.0000000E+00  0.1393984E-01  0.1000000E-02

         1    78      0  0.0000000E+00  0.0000000E+00  0.0000000E+00  0.0000000E+00  0.0000000E+00  0.0000000E+00
         1    78      1  0.0000000E+00  0.0000000E+00  0.0000000E+00  0.0000000E+00  0.0000000E+00  0.0000000E+00
         1    78      2  0.9845610E-03 -0.1530723E-04  0.0000000E+00  0.0000000E+00  0.4983595E-03  0.0000000E+00
         1    78      3  0.1476682E-02 -0.2211121E-04  0.0000000E+00  0.0000000E+00  0.7504603E-03  0.0000000E+00
         1    78      4  0.1968703E-02 -0.2834745E-04  0.0000000E+00  0.0000000E+00  0.1004513E-02  0.0000000E+00
         1    78      5  0.2460629E-02 -0.3401494E-04  0.0000000E+00  0.0000000E+00  0.1260519E-02  0.0000000E+00
         1    78      6  0.2952465E-02 -0.3911268E-04  0.0000000E+00  0.0000000E+00  0.1518483E-02  0.0000000E+00
         1    78      7  0.3444216E-02 -0.4363968E-04  0.0000000E+00  0.0000000E+00  0.1778408E-02  0.0000000E+00
         1    78      8  0.3935887E-02 -0.4759493E-04  0.0000000E+00  0.0000000E+00  0.2040296E-02  0.0000000E+00
         1    78      9  0.4427483E-02 -0.5097741E-04  0.0000000E+00  0.0000000E+00  0.2304152E-02  0.0000000E+00
         1    78     10  0.2776248E-02 -0.5473320E-03  0.0000000E+00  0.0000000E+00  0.1398329E-01  0.1000000E-02

         1    79      0  0.0000000E+00  0.0000000E+00  0.0000000E+00  0.0000000E+00  0.0000000E+00  0.0000000E+00
         1    79      1  0.0000000E+00  0.0000000E+00  0.0000000E+00  0.0000000E+00  0.0000000E+00  0.0000000E+00
         1    79      2  0.9912040E-03  0.8184605E-04  0.0000000E+00  0.0000000E+00  0.4983594E-03  0.0000000E+00
         1    79      3  0.1486815E-02  0.1236113E-03  0.0000000E+00  0.0000000E+00  0.7504601E-03  0.0000000E+00
         1    79      4  0.1982439E-02  0.1659400E-03  0.0000000E+00  0.0000000E+00  0.1004512E-02  0.0000000E+00
         1    79      5  0.2478082E-02  0.2088337E-03  0.0000000E+00  0.0000000E+00  0.1260519E-02  0.0000000E+00
         1    79      6  0.2973748E-02  0.2522939E-03  0.0000000E+00  0.0000000E+00  0.1518482E-02  0.0000000E+00
         1    79      7  0.3469443E-02  0.2963221E-03  0.0000000E+00  0.0000000E+00  0.1778407E-02  0.0000000E+00
         1    79      8  0.3965171E-02  0.3409197E-03  0.0000000E+00  0.0000000E+00  0.2040295E-02  0.0000000E+00
         1    79      9  0.4460939E-02  0.3860883E-03  0.0000000E+00  0.0000000E+00  0.2304149E-02  0.0000000E+00
         1    79     10  0.2693859E-02 -0.2783530E-03  0.0000000E+00  0.0000000E+00  0.1402676E-01  0.1000000E-02

         1    80      0  0.0000000E+00  0.0000000E+00  0.0000000E+00  0.0000000E+00  0.0000000E+00  0.0000000E+00
         1    80      1  0.0000000E+00  0.0000000E+00  0.0000000E+00  0.0000000E+00  0.0000000E+00  0.0000000E+00
         1    80      2  0.1044404E-02  0.8184605E-04  0.0000000E+00  0.0000000E+00  0.4983583E-03  0.0000000E+00
         1    80      3  0.1567163E-02  0.1236113E-03  0.0000000E+00  0.0000000E+00  0.7504574E-03  0.0000000E+00
         1    80      4  0.2090300E-02  0.1659400E-03  0.0000000E+00  0.0000000E+00  0.1004507E-02  0.0000000E+00
         1    80      5  0.2613824E-02  0.2088337E-03  0.0000000E+00  0.0000000E+00  0.1260511E-02  0.0000000E+00
         1    80      6  0.3137739E-02  0.2522939E-03  0.0000000E+00  0.0000000E+00  0.1518471E-02  0.0000000E+00
         1    80      7  0.3662052E-02  0.2963221E-03  0.0000000E+00  0.0000000E+00  0.1778392E-02  0.0000000E+00
         1    80      8  0.4186769E-02  0.3409197E-03  0.0000000E+00  0.0000000E+00  0.2040274E-02  0.0000000E+00
         1    80      9  0.4711896E-02  0.3860883E-03  0.0000000E+00  0.0000000E+00  0.2304123E-02  0.0000000E+00
         1    80     10  0.2513026E-02 -0.2783530E-03  0.0000000E+00  0.0000000E+00  0.1416805E-01  0.1000000E-02

         1    81      0  0.0000000E+00  0.0000000E+00  0.0000000E+00  0.0000000E+00  0.0000000E+00  0.0000000E+00
         1    81      1  0.0000000E+00  0.0000000E+00  0.0000000E+00  0.0000000E+00  0.0000000E+00  0.0000000E+00
         1    81      2  0.1459889E-02  0.3240052E-04  0.0000000E+00  0.0000000E+00  0.1403173E-03  0.0000000E+00
         1    81      3  0.2196055E-02  0.4930835E-04  0.0000000E+00  0.0000000E+00  0.2124210E-03  0.0000000E+00
         1    81      4  0.2936391E-02  0.6668928E-04  0.0000000E+00  0.0000000E+00  0.2858209E-03  0.0000000E+00
         1    81      5  0.3680912E-02  0.8454433E-04  0.0000000E+00  0.0000000E+00  0.3605166E-03  0.0000000E+00
         1    81      6  0.4429635E-02  0.1028745E-03  0.0000000E+00  0.0000000E+00  0.4365079E-03  0.0000000E+00
         1    81      7  0.5182575E-02  0.1216810E-03  0.0000000E+00  0.0000000E+00  0.5137944E-03  0.0000000E+00
         1    81      8  0.5939749E-02  0.1409646E-03  0.0000000E+00  0.0000000E+00  0.5923757E-03  0.0000000E+00
         1    81      9  0.6701172E-02  0.1607265E-03  0.0000000E+00  0.0000000E+00  0.6722515E-03  0.0000000E+00
         1    81     10  0.1257899E-02 -0.6693924E-04  0.0000000E+00  0.0000000E+00  0.1522130E-01  0.1000000E-02

         1    82      0  0.0000000E+00  0.0000000E+00  0.0000000E+00  0.0000000E+00  0.0000000E+00  0.0000000E+00
         1    82      1  0.0000000E+00  0.0000000E+00  0.0000000E+00  0.0000000E+00  0.0000000E+00  0.0000000E+00
         1    82      2  0.1467989E-02  0.3240052E-04  0.0000000E+00  0.0000000E+00  0.1403172E-03  0.0000000E+00
         1    82      3  0.2208382E-02  0.4930835E-04  0.0000000E+00  0.0000000E+00  0.2124208E-03  0.0000000E+00
         1    82      4  0.2953064E-02  0.6668928E-04  0.0000000E+00  0.0000000E+00  0.2858206E-03  0.0000000E+00
         1    82      5  0.3702049E-02  0.8454433E-04  0.0000000E+00  0.0000000E+00  0.3605161E-03  0.0000000E+00
         1    82      6  0.4455354E-02  0.1028745E-03  0.0000000E+00  0.0000000E+00  0.4365072E-03  0.0000000E+00
         1    82      7  0.5212995E-02  0.1216810E-03  0.0000000E+00  0.0000000E+00  0.5137934E-03  0.0000000E+00
         1    82      8  0.5974990E-02  0.1409646E-03  0.0000000E+00  0.0000000E+00  0.5923743E-03  0.0000000E+00
         1    82      9  0.6741353E-02  0.1607265E-03  0.0000000E+00  0.0000000E+00  0.6722498E-03  0.0000000E+00
         1    82     10  0.1241173E-02 -0.6693924E-04  0.0000000E+00  0.0000000E+00  0.1527565E-01  0.1000000E-02

         1    83      0  0.0000000E+00  0.0000000E+00  0.0000000E+00  0.0000000E+00  0.0000000E+00  0.0000000E+00
         1    83      1  0.0000000E+00  0.0000000E+00  0.0000000E+00  0.0000000E+00  0.0000000E+00  0.0000000E+00
         1    83      2  0.1472846E-02  0.3236154E-04  0.0000000E+00  0.0000000E+00  0.1403172E-03  0.0000000E+00
         1    83      3  0.2215772E-02  0.4922015E-04  0.0000000E+00  0.0000000E+00  0.2124207E-03  0.0000000E+00
         1    83      4  0.2963055E-02  0.6653155E-04  0.0000000E+00  0.0000000E+00  0.2858204E-03  0.0000000E+00
         1    83      5  0.3714712E-02  0.8429644E-04  0.0000000E+00  0.0000000E+00  0.3605159E-03  0.0000000E+00
         1    83      6  0.4470758E-02  0.1025155E-03  0.0000000E+00  0.0000000E+00  0.4365068E-03  0.0000000E+00
         1    83      7  0.5231211E-02  0.1211894E-03  0.0000000E+00  0.0000000E+00  0.5137928E-03  0.0000000E+00
         1    83      8  0.5996086E-02  0.1403188E-03  0.0000000E+00  0.0000000E+00  0.5923736E-03  0.0000000E+00
         1    83      9  0.6765401E-02  0.1599044E-03  0.0000000E+00  0.0000000E+00  0.6722487E-03  0.0000000E+00
         1    83     10  0.1231136E-02 -0.6696679E-04  0.0000000E+00  0.0000000E+00  0.1530826E-01  0.1000000E-02

         1    84      0  0.0000000E+00  0.0000000E+00  0.0000000E+00  0.0000000E+00  0.0000000E+00  0.0000000E+00
         1    84      1  0.0000000E+00  0.0000000E+00  0.0000000E+00  0.0000000E+00  0.0000000E+00  0.0000000E+00
         1    84      2  0.1480937E-02  0.3236154E-04  0.0000000E+00  0.0000000E+00  0.1403171E-03  0.0000000E+00
         1    84      3  0.2228077E-02  0.4922015E-04  0.0000000E+00  0.0000000E+00  0.2124206E-03  0.0000000E+00
         1    84      4  0.2979688E-02  0.6653155E-04  0.0000000E+00  0.0000000E+00  0.2858201E-03  0.0000000E+00
         1    84      5  0.3735786E-02  0.8429644E-04  0.0000000E+00  0.0000000E+00  0.3605154E-03  0.0000000E+00
         1    84      6  0.4496387E-02  0.1025155E-03  0.0000000E+00  0.0000000E+00  0.4365061E-03  0.0000000E+00
         1    84      7  0.5261508E-02  0.1211894E-03  0.0000000E+00  0.0000000E+00  0.5137918E-03  0.0000000E+00
         1    84      8  0.6031166E-02  0.1403188E-03  0.0000000E+00  0.0000000E+00  0.5923722E-03  0.0000000E+00
         1    84      9  0.6805377E-02  0.1599044E-03  0.0000000E+00  0.0000000E+00  0.6722470E-03  0.0000000E+00
         1    84     10  0.1214403E-02 -0.6696679E-04  0.0000000E+00  0.0000000E+00  0.1536261E-01  0.1000000E-02

         1    85      0  0.0000000E+00  0.0000000E+00  0.0000000E+00  0.0000000E+00  0.0000000E+00  0.0000000E+00
         1    85      1  0.0000000E+00  0.0000000E+00  0.0000000E+00  0.0000000E+00  0.0000000E+00  0.0000000E+00
         1    85      2  0.1474673E-02 -0.9192715E-04  0.0000000E+00  0.0000000E+00  0.1403170E-03  0.0000000E+00
         1    85      3  0.2218765E-02 -0.1377776E-03  0.0000000E+00  0.0000000E+00  0.2124203E-03  0.0000000E+00
         1    85      4  0.2967383E-02 -0.1835534E-03  0.0000000E+00  0.0000000E+00  0.2858196E-03  0.0000000E+00
         1    85      5  0.3720543E-02 -0.2292556E-03  0.0000000E+00  0.0000000E+00  0.3605146E-03  0.0000000E+00
         1    85      6  0.4478261E-02 -0.2748846E-03  0.0000000E+00  0.0000000E+00  0.4365050E-03  0.0000000E+00
         1    85      7  0.5240556E-02 -0.3204413E-03  0.0000000E+00  0.0000000E+00  0.5137903E-03  0.0000000E+00
         1    85      8  0.6007442E-02 -0.3659263E-03  0.0000000E+00  0.0000000E+00  0.5923703E-03  0.0000000E+00
         1    85      9  0.6778937E-02 -0.4113404E-03  0.0000000E+00  0.0000000E+00  0.6722446E-03  0.0000000E+00
         1    85     10  0.1189702E-02 -0.1680636E-03  0.0000000E+00  0.0000000E+00  0.1540826E-01  0.1000000E-02

         1    86      0  0.0000000E+00  0.0000000E+00  0.0000000E+00  0.0000000E+00  0.0000000E+00  0.0000000E+00
         1    86      1  0.0000000E+00  0.0000000E+00  0.0000000E+00  0.0000000E+00  0.0000000E+00  0.0000000E+00
         1    86      2  0.1442441E-02 -0.2145970E-03  0.0000000E+00  0.0000000E+00  0.1403156E-03  0.0000000E+00
         1    86      3  0.2170381E-02 -0.3223490E-03  0.0000000E+00  0.0000000E+00  0.2124171E-03  0.0000000E+00
         1    86      4  0.2902822E-02 -0.4304061E-03  0.0000000E+00  0.0000000E+00  0.2858140E-03  0.0000000E+00
         1    86      5  0.3639781E-02 -0.5387704E-03  0.0000000E+00  0.0000000E+00  0.3605059E-03  0.0000000E+00
         1    86      6  0.4381274E-02 -0.6474440E-03  0.0000000E+00  0.0000000E+00  0.4364924E-03  0.0000000E+00
         1    86      7  0.5127318E-02 -0.7564290E-03  0.0000000E+00  0.0000000E+00  0.5137732E-03  0.0000000E+00
         1    86      8  0.5877928E-02 -0.8657275E-03  0.0000000E+00  0.0000000E+00  0.5923478E-03  0.0000000E+00
         1    86      9  0.6633121E-02 -0.9753416E-03  0.0000000E+00  0.0000000E+00  0.6722161E-03  0.0000000E+00
         1    86     10  0.1144061E-02 -0.2662024E-03  0.0000000E+00  0.0000000E+00  0.1545391E-01  0.1000000E-02

         1    87      0  0.0000000E+00  0.0000000E+00  0.0000000E+00  0.0000000E+00  0.0000000E+00  0.0000000E+00
         1    87      1  0.0000000E+00  0.0000000E+00  0.0000000E+00  0.0000000E+00  0.0000000E+00  0.0000000E+00
         1    87      2  0.1302953E-02 -0.2145970E-03  0.0000000E+00  0.0000000E+00  0.1403076E-03  0.0000000E+00
         1    87      3  0.1960854E-02 -0.3223490E-03  0.0000000E+00  0.0000000E+00  0.2123991E-03  0.0000000E+00
         1    87      4  0.2623058E-02 -0.4304061E-03  0.0000000E+00  0.0000000E+00  0.2857819E-03  0.0000000E+00
         1    87      5  0.3289580E-02 -0.5387704E-03  0.0000000E+00  0.0000000E+00  0.3604556E-03  0.0000000E+00
         1    87      6  0.3960436E-02 -0.6474440E-03  0.0000000E+00  0.0000000E+00  0.4364197E-03  0.0000000E+00
         1    87      7  0.4635639E-02 -0.7564290E-03  0.0000000E+00  0.0000000E+00  0.5136739E-03  0.0000000E+00
         1    87      8  0.5315205E-02 -0.8657275E-03  0.0000000E+00  0.0000000E+00  0.5922179E-03  0.0000000E+00
         1    87      9  0.5999149E-02 -0.9753416E-03  0.0000000E+00  0.0000000E+00  0.6720512E-03  0.0000000E+00
         1    87     10  0.9711215E-03 -0.2662024E-03  0.0000000E+00  0.0000000E+00  0.1559520E-01  0.1000000E-02

         1    88      0  0.0000000E+00  0.0000000E+00  0.0000000E+00  0.0000000E+00  0.0000000E+00  0.0000000E+00
         1    88      1  0.0000000E+00  0.0000000E+00  0.0000000E+00  0.0000000E+00  0.0000000E+00  0.0000000E+00
         1    88      2 -0.3278847E-03 -0.2338621E-03  0.0000000E+00  0.0000000E+00  0.8065028E-06  0.0000000E+00
         1    88      3 -0.4894167E-03 -0.3514314E-03  0.0000000E+00  0.0000000E+00  0.1810279E-05  0.0000000E+00
         1    88      4 -0.6493448E-03 -0.4694292E-03  0.0000000E+00  0.0000000E+00  0.3210794E-05  0.0000000E+00
         1    88      5 -0.8076710E-03 -0.5878581E-03  0.0000000E+00  0.0000000E+00  0.5005341E-05  0.0000000E+00
         1    88      6 -0.9643977E-03 -0.7067205E-03  0.0000000E+00  0.0000000E+00  0.7191215E-05  0.0000000E+00
         1    88      7 -0.1119527E-02 -0.8260188E-03  0.0000000E+00  0.0000000E+00  0.9765709E-05  0.0000000E+00
         1    88      8 -0.1273061E-02 -0.9457554E-03  0.0000000E+00  0.0000000E+00  0.1272612E-04  0.0000000E+00
         1    88      9 -0.1425003E-02 -0.1065933E-02  0.0000000E+00  0.0000000E+00  0.1606975E-04  0.0000000E+00
         1    88     10  0.5011316E-05  0.3928975E-06  0.0000000E+00  0.0000000E+00  0.1704786E-01  0.1000000E-02

         1    89      0  0.0000000E+00  0.0000000E+00  0.0000000E+00  0.0000000E+00  0.0000000E+00  0.0000000E+00
         1    89      1  0.0000000E+00  0.0000000E+00  0.0000000E+00  0.0000000E+00  0.0000000E+00  0.0000000E+00
         1    89      2 -0.4798951E-03 -0.2338621E-03  0.0000000E+00  0.0000000E+00  0.7970189E-06  0.0000000E+00
         1    89      3 -0.7178471E-03 -0.3514314E-03  0.0000000E+00  0.0000000E+00  0.1788862E-05  0.0000000E+00
         1    89      4 -0.9544738E-03 -0.4694292E-03  0.0000000E+00  0.0000000E+00  0.3172581E-05  0.0000000E+00
         1    89      5 -0.1189779E-02 -0.5878581E-03  0.0000000E+00  0.0000000E+00  0.4945415E-05  0.0000000E+00
         1    89      6 -0.1423766E-02 -0.7067205E-03  0.0000000E+00  0.0000000E+00  0.7104605E-05  0.0000000E+00
         1    89      7 -0.1656440E-02 -0.8260188E-03  0.0000000E+00  0.0000000E+00  0.9647392E-05  0.0000000E+00
         1    89      8 -0.1887803E-02 -0.9457554E-03  0.0000000E+00  0.0000000E+00  0.1257102E-04  0.0000000E+00
         1    89      9 -0.2117860E-02 -0.1065933E-02  0.0000000E+00  0.0000000E+00  0.1587272E-04  0.0000000E+00
         1    89     10  0.5266563E-05  0.3928975E-06  0.0000000E+00  0.0000000E+00  0.1718917E-01  0.1000000E-02

         1    90      0  0.0000000E+00  0.0000000E+00  0.0000000E+00  0.0000000E+00  0.0000000E+00  0.0000000E+00
         1    90      1  0.0000000E+00  0.0000000E+00  0.0000000E+00  0.0000000E+00  0.0000000E+00  0.0000000E+00
         1    90      2 -0.5315563E-03 -0.2835977E-03  0.0000000E+00  0.0000000E+00  0.7934479E-06  0.0000000E+00
         1    90      3 -0.7954473E-03 -0.4258438E-03  0.0000000E+00  0.0000000E+00  0.1780805E-05  0.0000000E+00
         1    90      4 -0.1058086E-02 -0.5683918E-03  0.0000000E+00  0.0000000E+00  0.3158217E-05  0.0000000E+00
         1    90      5 -0.1319476E-02 -0.7112444E-03  0.0000000E+00  0.0000000E+00  0.4922909E-05  0.0000000E+00
         1    90      6 -0.1579623E-02 -0.8544046E-03  0.0000000E+00  0.0000000E+00  0.7072106E-05  0.0000000E+00
         1    90      7 -0.1838530E-02 -0.9978751E-03  0.0000000E+00  0.0000000E+00  0.9603032E-05  0.0000000E+00
         1    90      8 -0.2096202E-02 -0.1141659E-02  0.0000000E+00  0.0000000E+00  0.1251291E-04  0.0000000E+00
         1    90      9 -0.2352644E-02 -0.1285758E-02  0.0000000E+00  0.0000000E+00  0.1579897E-04  0.0000000E+00
         1    90     10  0.5397296E-05  0.9172664E-06  0.0000000E+00  0.0000000E+00  0.1723265E-01  0.1000000E-02

         1    91      0  0.0000000E+00  0.0000000E+00  0.0000000E+00  0.0000000E+00  0.0000000E+00  0.0000000E+00
         1    91      1  0.0000000E+00  0.0000000E+00  0.0000000E+00  0.0000000E+00  0.0000000E+00  0.0000000E+00
         1    91      2 -0.5922944E-03 -0.3245213E-03  0.0000000E+00  0.0000000E+00  0.7885195E-06  0.0000000E+00
         1    91      3 -0.8866303E-03 -0.4870945E-03  0.0000000E+00  0.0000000E+00  0.1769698E-05  0.0000000E+00
         1    91      4 -0.1179765E-02 -0.6498803E-03  0.0000000E+00  0.0000000E+00  0.3138438E-05  0.0000000E+00
         1    91      5 -0.1471704E-02 -0.8128818E-03  0.0000000E+00  0.0000000E+00  0.4891952E-05  0.0000000E+00
         1    91      6 -0.1762452E-02 -0.9761021E-03  0.0000000E+00  0.0000000E+00  0.7027452E-05  0.0000000E+00
         1    91      7 -0.2052013E-02 -0.1139544E-02  0.0000000E+00  0.0000000E+00  0.9542150E-05  0.0000000E+00
         1    91      8 -0.2340393E-02 -0.1303212E-02  0.0000000E+00  0.0000000E+00  0.1243326E-04  0.0000000E+00
         1    91      9 -0.2627596E-02 -0.1467108E-02  0.0000000E+00  0.0000000E+00  0.1569799E-04  0.0000000E+00
         1    91     10  0.5620478E-05  0.1318465E-05  0.0000000E+00  0.0000000E+00  0.1727612E-01  0.1000000E-02

         1    92      0  0.0000000E+00  0.0000000E+00  0.0000000E+00  0.0000000E+00  0.0000000E+00  0.0000000E+00
         1    92      1  0.0000000E+00  0.0000000E+00  0.0000000E+00  0.0000000E+00  0.0000000E+00  0.0000000E+00
         1    92      2 -0.8032332E-03 -0.3245213E-03  0.0000000E+00  0.0000000E+00  0.7702571E-06  0.0000000E+00
         1    92      3 -0.1203242E-02 -0.4870945E-03  0.0000000E+00  0.0000000E+00  0.1728555E-05  0.0000000E+00
         1    92      4 -0.1602188E-02 -0.6498803E-03  0.0000000E+00  0.0000000E+00  0.3065200E-05  0.0000000E+00
         1    92      5 -0.2000077E-02 -0.8128818E-03  0.0000000E+00  0.0000000E+00  0.4777368E-05  0.0000000E+00
         1    92      6 -0.2396918E-02 -0.9761021E-03  0.0000000E+00  0.0000000E+00  0.6862234E-05  0.0000000E+00
         1    92      7 -0.2792717E-02 -0.1139544E-02  0.0000000E+00  0.0000000E+00  0.9316969E-05  0.0000000E+00
         1    92      8 -0.3187481E-02 -0.1303212E-02  0.0000000E+00  0.0000000E+00  0.1213875E-04  0.0000000E+00
         1    92      9 -0.3581217E-02 -0.1467108E-02  0.0000000E+00  0.0000000E+00  0.1532474E-04  0.0000000E+00
         1    92     10  0.6477024E-05  0.1318465E-05  0.0000000E+00  0.0000000E+00  0.1741743E-01  0.1000000E-02

         1    93      0  0.0000000E+00  0.0000000E+00  0.0000000E+00  0.0000000E+00  0.0000000E+00  0.0000000E+00
         1    93      1  0.0000000E+00  0.0000000E+00  0.0000000E+00  0.0000000E+00  0.0000000E+00  0.0000000E+00
         1    93      2 -0.3109245E-02 -0.3245213E-03  0.0000000E+00  0.0000000E+00  0.5706111E-06  0.0000000E+00
         1    93      3 -0.4664481E-02 -0.4870945E-03  0.0000000E+00  0.0000000E+00  0.1278774E-05  0.0000000E+00
         1    93      4 -0.6220164E-02 -0.6498803E-03  0.0000000E+00  0.0000000E+00  0.2264553E-05  0.0000000E+00
         1    93      5 -0.7776325E-02 -0.8128818E-03  0.0000000E+00  0.0000000E+00  0.3524720E-05  0.0000000E+00
         1    93      6 -0.9332992E-02 -0.9761021E-03  0.0000000E+00  0.0000000E+00  0.5056038E-05  0.0000000E+00
         1    93      7 -0.1089020E-01 -0.1139544E-02  0.0000000E+00  0.0000000E+00  0.6855260E-05  0.0000000E+00
         1    93      8 -0.1244796E-01 -0.1303212E-02  0.0000000E+00  0.0000000E+00  0.8919130E-05  0.0000000E+00
         1    93      9 -0.1400633E-01 -0.1467108E-02  0.0000000E+00  0.0000000E+00  0.1124438E-04  0.0000000E+00
         1    93     10  0.1584089E-04  0.1318465E-05  0.0000000E+00  0.0000000E+00  0.1896217E-01  0.1000000E-02

         1    94      0  0.0000000E+00  0.0000000E+00  0.0000000E+00  0.0000000E+00  0.0000000E+00  0.0000000E+00
         1    94      1  0.0000000E+00  0.0000000E+00  0.0000000E+00  0.0000000E+00  0.0000000E+00  0.0000000E+00
         1    94      2 -0.3320184E-02 -0.3245213E-03  0.0000000E+00  0.0000000E+00  0.5523488E-06  0.0000000E+00
         1    94      3 -0.4981092E-02 -0.4870945E-03  0.0000000E+00  0.0000000E+00  0.1237631E-05  0.0000000E+00
         1    94      4 -0.6642586E-02 -0.6498803E-03  0.0000000E+00  0.0000000E+00  0.2191316E-05  0.0000000E+00
         1    94      5 -0.8304698E-02 -0.8128818E-03  0.0000000E+00  0.0000000E+00  0.3410136E-05  0.0000000E+00
         1    94      6 -0.9967458E-02 -0.9761021E-03  0.0000000E+00  0.0000000E+00  0.4890819E-05  0.0000000E+00
         1    94      7 -0.1163090E-01 -0.1139544E-02  0.0000000E+00  0.0000000E+00  0.6630079E-05  0.0000000E+00
         1    94      8 -0.1329505E-01 -0.1303212E-02  0.0000000E+00  0.0000000E+00  0.8624621E-05  0.0000000E+00
         1    94      9 -0.1495995E-01 -0.1467108E-02  0.0000000E+00  0.0000000E+00  0.1087114E-04  0.0000000E+00
         1    94     10  0.1669744E-04  0.1318465E-05  0.0000000E+00  0.0000000E+00  0.1910347E-01  0.1000000E-02

         1    95      0  0.0000000E+00  0.0000000E+00  0.0000000E+00  0.0000000E+00  0.0000000E+00  0.0000000E+00
         1    95      1  0.0000000E+00  0.0000000E+00  0.0000000E+00  0.0000000E+00  0.0000000E+00  0.0000000E+00
         1    95      2 -0.3352124E-02  0.5647437E-05  0.0000000E+00  0.0000000E+00  0.5505029E-06  0.0000000E+00
         1    95      3 -0.5029056E-02  0.8242076E-05  0.0000000E+00  0.0000000E+00  0.1233471E-05  0.0000000E+00
         1    95      4 -0.6706612E-02  0.1068397E-04  0.0000000E+00  0.0000000E+00  0.2183906E-05  0.0000000E+00
         1    95      5 -0.8384821E-02  0.1297309E-04  0.0000000E+00  0.0000000E+00  0.3398539E-05  0.0000000E+00
         1    95      6 -0.1006372E-01  0.1510943E-04  0.0000000E+00  0.0000000E+00  0.4874088E-05  0.0000000E+00
         1    95      7 -0.1174333E-01  0.1709298E-04  0.0000000E+00  0.0000000E+00  0.6607265E-05  0.0000000E+00
         1    95      8 -0.1342369E-01  0.1892372E-04  0.0000000E+00  0.0000000E+00  0.8594769E-05  0.0000000E+00
         1    95      9 -0.1510484E-01  0.2060164E-04  0.0000000E+00  0.0000000E+00  0.1083329E-04  0.0000000E+00
         1    95     10  0.1679550E-04 -0.3388795E-06  0.0000000E+00  0.0000000E+00  0.1914695E-01  0.1000000E-02

         1    96      0  0.0000000E+00  0.0000000E+00  0.0000000E+00  0.0000000E+00  0.0000000E+00  0.0000000E+00
         1    96      1  0.0000000E+00  0.0000000E+00  0.0000000E+00  0.0000000E+00  0.0000000E+00  0.0000000E+00
         1    96      2 -0.3317932E-02  0.3357048E-03  0.0000000E+00  0.0000000E+00  0.5484588E-06  0.0000000E+00
         1    96      3 -0.4977806E-02  0.5034161E-03  0.0000000E+00  0.0000000E+00  0.1228876E-05  0.0000000E+00
         1    96      4 -0.6638327E-02  0.6710375E-03  0.0000000E+00  0.0000000E+00  0.2175746E-05  0.0000000E+00
         1    96      5 -0.8299526E-02  0.8385720E-03  0.0000000E+00  0.0000000E+00  0.3385801E-05  0.0000000E+00
         1    96      6 -0.9961435E-02  0.1006023E-02  0.0000000E+00  0.0000000E+00  0.4855765E-05  0.0000000E+00
         1    96      7 -0.1162408E-01  0.1173393E-02  0.0000000E+00  0.0000000E+00  0.6582349E-05  0.0000000E+00
         1    96      8 -0.1328751E-01  0.1340686E-02  0.0000000E+00  0.0000000E+00  0.8562256E-05  0.0000000E+00
         1    96      9 -0.1495174E-01  0.1507904E-02  0.0000000E+00  0.0000000E+00  0.1079218E-04  0.0000000E+00
         1    96     10  0.1656240E-04 -0.1989542E-05  0.0000000E+00  0.0000000E+00  0.1919043E-01  0.1000000E-02

         1    97      0  0.0000000E+00  0.0000000E+00  0.0000000E+00  0.0000000E+00  0.0000000E+00  0.0000000E+00
         1    97      1  0.0000000E+00  0.0000000E+00  0.0000000E+00  0.0000000E+00  0.0000000E+00  0.0000000E+00
         1    97      2 -0.3099724E-02  0.3357048E-03  0.0000000E+00  0.0000000E+00  0.5289161E-06  0.0000000E+00
         1    97      3 -0.4650586E-02  0.5034161E-03  0.0000000E+00  0.0000000E+00  0.1184930E-05  0.0000000E+00
         1    97      4 -0.6202152E-02  0.6710375E-03  0.0000000E+00  0.0000000E+00  0.2097662E-05  0.0000000E+00
         1    97      5 -0.7754454E-02  0.8385720E-03  0.0000000E+00  0.0000000E+00  0.3263860E-05  0.0000000E+00
         1    97      6 -0.9307519E-02  0.1006023E-02  0.0000000E+00  0.0000000E+00  0.4680262E-05  0.0000000E+00
         1    97      7 -0.1086138E-01  0.1173393E-02  0.0000000E+00  0.0000000E+00  0.6343592E-05  0.0000000E+00
         1    97      8 -0.1241606E-01  0.1340686E-02  0.0000000E+00  0.0000000E+00  0.8250566E-05  0.0000000E+00
         1    97      9 -0.1397160E-01  0.1507904E-02  0.0000000E+00  0.0000000E+00  0.1039789E-04  0.0000000E+00
         1    97     10  0.1526989E-04 -0.1989542E-05  0.0000000E+00  0.0000000E+00  0.1933173E-01  0.1000000E-02

         1    98      0  0.0000000E+00  0.0000000E+00  0.0000000E+00  0.0000000E+00  0.0000000E+00  0.0000000E+00
         1    98      1  0.0000000E+00  0.0000000E+00  0.0000000E+00  0.0000000E+00  0.0000000E+00  0.0000000E+00
         1    98      2 -0.7142440E-03  0.3357048E-03  0.0000000E+00  0.0000000E+00  0.3152728E-06  0.0000000E+00
         1    98      3 -0.1073368E-02  0.5034161E-03  0.0000000E+00  0.0000000E+00  0.7045017E-06  0.0000000E+00
         1    98      4 -0.1433835E-02  0.6710375E-03  0.0000000E+00  0.0000000E+00  0.1244036E-05  0.0000000E+00
         1    98      5 -0.1795654E-02  0.8385720E-03  0.0000000E+00  0.0000000E+00  0.1930784E-05  0.0000000E+00
         1    98      6 -0.2158832E-02  0.1006023E-02  0.0000000E+00  0.0000000E+00  0.2761637E-05  0.0000000E+00
         1    98      7 -0.2523375E-02  0.1173393E-02  0.0000000E+00  0.0000000E+00  0.3733467E-05  0.0000000E+00
         1    98      8 -0.2889291E-02  0.1340686E-02  0.0000000E+00  0.0000000E+00  0.4843125E-05  0.0000000E+00
         1    98      9 -0.3256587E-02  0.1507904E-02  0.0000000E+00  0.0000000E+00  0.6087444E-05  0.0000000E+00
         1    98     10  0.1139967E-05 -0.1989542E-05  0.0000000E+00  0.0000000E+00  0.2087647E-01  0.1000000E-02

         1    99      0  0.0000000E+00  0.0000000E+00  0.0000000E+00  0.0000000E+00  0.0000000E+00  0.0000000E+00
         1    99      1  0.0000000E+00  0.0000000E+00  0.0000000E+00  0.0000000E+00  0.0000000E+00  0.0000000E+00
         1    99      2 -0.4960359E-03  0.3357048E-03  0.0000000E+00  0.0000000E+00  0.2957301E-06  0.0000000E+00
         1    99      3 -0.7461472E-03  0.5034161E-03  0.0000000E+00  0.0000000E+00  0.6605553E-06  0.0000000E+00
         1    99      4 -0.9976609E-03  0.6710375E-03  0.0000000E+00  0.0000000E+00  0.1165952E-05  0.0000000E+00
         1    99      5 -0.1250582E-02  0.8385720E-03  0.0000000E+00  0.0000000E+00  0.1808843E-05  0.0000000E+00
         1    99      6 -0.1504917E-02  0.1006023E-02  0.0000000E+00  0.0000000E+00  0.2586134E-05  0.0000000E+00
         1    99      7 -0.1760669E-02  0.1173393E-02  0.0000000E+00  0.0000000E+00  0.3494709E-05  0.0000000E+00
         1    99      8 -0.2017844E-02  0.1340686E-02  0.0000000E+00  0.0000000E+00  0.4531434E-05  0.0000000E+00
         1    99      9 -0.2276448E-02  0.1507904E-02  0.0000000E+00  0.0000000E+00  0.5693153E-05  0.0000000E+00
         1    99     10 -0.1525461E-06 -0.1989542E-05  0.0000000E+00  0.0000000E+00  0.2101778E-01  0.1000000E-02

         1   100      0  0.0000000E+00  0.0000000E+00  0.0000000E+00  0.0000000E+00  0.0000000E+00  0.0000000E+00
         1   100      1  0.0000000E+00  0.0000000E+00  0.0000000E+00  0.0000000E+00  0.0000000E+00  0.0000000E+00
         1   100      2 -0.4323529E-03  0.3018987E-03  0.0000000E+00  0.0000000E+00  0.2903153E-06  0.0000000E+00
         1   100      3 -0.6506663E-03  0.4525529E-03  0.0000000E+00  0.0000000E+00  0.6483830E-06  0.0000000E+00
         1   100      4 -0.8704104E-03  0.6030140E-03  0.0000000E+00  0.0000000E+00  0.1144331E-05  0.0000000E+00
         1   100      5 -0.1091590E-02  0.7532848E-03  0.0000000E+00  0.0000000E+00  0.1775091E-05  0.0000000E+00
         1   100      6 -0.1314209E-02  0.9033679E-03  0.0000000E+00  0.0000000E+00  0.2537574E-05  0.0000000E+00
         1   100      7 -0.1538273E-02  0.1053266E-02  0.0000000E+00  0.0000000E+00  0.3428670E-05  0.0000000E+00
         1   100      8 -0.1763786E-02  0.1202983E-02  0.0000000E+00  0.0000000E+00  0.4445252E-05  0.0000000E+00
         1   100      9 -0.1990753E-02  0.1352520E-02  0.0000000E+00  0.0000000E+00  0.5584170E-05  0.0000000E+00
         1   100     10 -0.5523223E-06 -0.2015209E-05  0.0000000E+00  0.0000000E+00  0.2106125E-01  0.1000000E-02
