# number of spin vectors:      11
# iteration   EID vector   S_X            S_Y            S_Z
         0     0      0  0.0000000E+00  0.0000000E+00  0.0000000E+00
         0     0      1  0.0000000E+00  0.0000000E+00  0.1000000E+01
         0     0      2  0.0000000E+00  0.0000000E+00  0.1000000E+01
         0     0      3  0.0000000E+00  0.0000000E+00  0.1000000E+01
         0     0      4  0.0000000E+00  0.0000000E+00  0.1000000E+01
         0     0      5  0.0000000E+00  0.0000000E+00  0.1000000E+01
         0     0      6  0.0000000E+00  0.0000000E+00  0.1000000E+01
         0     0      7  0.0000000E+00  0.0000000E+00  0.1000000E+01
         0     0      8  0.0000000E+00  0.0000000E+00  0.1000000E+01
         0     0      9  0.0000000E+00  0.0000000E+00  0.1000000E+01
         0     0     10  0.0000000E+00  0.0000000E+00  0.1000000E+01

         1     1      0  0.0000000E+00  0.0000000E+00  0.0000000E+00
         1     1      1  0.0000000E+00  0.0000000E+00  0.1000000E+01
         1     1      2 -0.9385902E-04  0.0000000E+00  0.1000000E+01
         1     1      3 -0.1407885E-03  0.0000000E+00  0.1000000E+01
         1     1      4 -0.1877180E-03  0.0000000E+00  0.1000000E+01
         1     1      5 -0.2346475E-03  0.0000000E+00  0.1000000E+01
         1     1      6 -0.2815771E-03  0.0000000E+00  0.1000000E+01
         1     1      7 -0.3285066E-03  0.0000000E+00  0.9999999E+00
         1     1      8 -0.3754361E-03  0.0000000E+00  0.9999999E+00
         1     1      9 -0.4223656E-03  0.0000000E+00  0.9999999E+00
         1     1     10  0.0000000E+00  0.0000000E+00  0.1000000E+01

         1     2      0  0.0000000E+00  0.0000000E+00  0.0000000E+00
         1     2      1  0.0000000E+00  0.0000000E+00  0.1000000E+01
         1     2      2 -0.9385902E-04  0.0000000E+00  0.1000000E+01
         1     2      3 -0.1407885E-03  0.0000000E+00  0.1000000E+01
         1     2      4 -0.1877180E-03  0.0000000E+00  0.1000000E+01
         1     2      5 -0.2346475E-03  0.0000000E+00  0.1000000E+01
         1     2      6 -0.2815771E-03  0.0000000E+00  0.1000000E+01
         1     2      7 -0.3285066E-03  0.0000000E+00  0.9999999E+00
         1     2      8 -0.3754361E-03  0.0000000E+00  0.9999999E+00
         1     2      9 -0.4223656E-03  0.0000000E+00  0.9999999E+00
         1     2     10  0.0000000E+00  0.0000000E+00  0.1000000E+01

         1     3      0  0.0000000E+00  0.0000000E+00  0.0000000E+00
         1     3      1  0.0000000E+00  0.0000000E+00  0.1000000E+01
         1     3      2 -0.9385902E-04  0.0000000E+00  0.1000000E+01
         1     3      3 -0.1407885E-03  0.0000000E+00  0.1000000E+01
         1     3      4 -0.1877180E-03  0.0000000E+00  0.1000000E+01
         1     3      5 -0.2346475E-03  0.0000000E+00  0.1000000E+01
         1     3      6 -0.2815771E-03  0.0000000E+00  0.1000000E+01
         1     3      7 -0.3285066E-03  0.0000000E+00  0.9999999E+00
         1     3      8 -0.3754361E-03  0.0000000E+00  0.9999999E+00
         1     3      9 -0.4223656E-03  0.0000000E+00  0.9999999E+00
         1     3     10  0.0000000E+00  0.0000000E+00  0.1000000E+01

         1     4      0  0.0000000E+00  0.0000000E+00  0.0000000E+00
         1     4      1  0.0000000E+00  0.0000000E+00  0.1000000E+01
         1     4      2 -0.9385902E-04  0.0000000E+00  0.1000000E+01
         1     4      3 -0.1407885E-03  0.0000000E+00  0.1000000E+01
         1     4      4 -0.1877180E-03  0.0000000E+00  0.1000000E+01
         1     4      5 -0.2346475E-03  0.0000000E+00  0.1000000E+01
         1     4      6 -0.2815771E-03  0.0000000E+00  0.1000000E+01
         1     4      7 -0.3285066E-03  0.0000000E+00  0.9999999E+00
         1     4      8 -0.3754361E-03  0.0000000E+00  0.9999999E+00
         1     4      9 -0.4223656E-03  0.0000000E+00  0.9999999E+00
         1     4     10  0.0000000E+00  0.0000000E+00  0.1000000E+01

         1     5      0  0.0000000E+00  0.0000000E+00  0.0000000E+00
         1     5      1  0.0000000E+00  0.0000000E+00  0.1000000E+01
         1     5      2 -0.9385902E-04  0.0000000E+00  0.1000000E+01
         1     5      3 -0.1407885E-03  0.0000000E+00  0.1000000E+01
         1     5      4 -0.1877180E-03  0.0000000E+00  0.1000000E+01
         1     5      5 -0.2346475E-03  0.0000000E+00  0.1000000E+01
         1     5      6 -0.2815771E-03  0.0000000E+00  0.1000000E+01
         1     5      7 -0.3285066E-03  0.0000000E+00  0.9999999E+00
         1     5      8 -0.3754361E-03  0.0000000E+00  0.9999999E+00
         1     5      9 -0.4223656E-03  0.0000000E+00  0.9999999E+00
         1     5     10  0.0000000E+00  0.0000000E+00  0.1000000E+01

         1     6      0  0.0000000E+00  0.0000000E+00  0.0000000E+00
         1     6      1  0.0000000E+00  0.0000000E+00  0.1000000E+01
         1     6      2 -0.9385902E-04  0.0000000E+00  0.1000000E+01
         1     6      3 -0.1407885E-03  0.0000000E+00  0.1000000E+01
         1     6      4 -0.1877180E-03  0.0000000E+00  0.1000000E+01
         1     6      5 -0.2346475E-03  0.0000000E+00  0.1000000E+01
         1     6      6 -0.2815771E-03  0.0000000E+00  0.1000000E+01
         1     6      7 -0.3285066E-03  0.0000000E+00  0.9999999E+00
         1     6      8 -0.3754361E-03  0.0000000E+00  0.9999999E+00
         1     6      9 -0.4223656E-03  0.0000000E+00  0.9999999E+00
         1     6     10  0.0000000E+00  0.0000000E+00  0.1000000E+01

         1     7      0  0.0000000E+00  0.0000000E+00  0.0000000E+00
         1     7      1  0.0000000E+00  0.0000000E+00  0.1000000E+01
         1     7      2 -0.9385902E-04  0.0000000E+00  0.1000000E+01
         1     7      3 -0.1407885E-03  0.0000000E+00  0.1000000E+01
         1     7      4 -0.1877180E-03  0.0000000E+00  0.1000000E+01
         1     7      5 -0.2346475E-03  0.0000000E+00  0.1000000E+01
         1     7      6 -0.2815771E-03  0.0000000E+00  0.1000000E+01
         1     7      7 -0.3285066E-03  0.0000000E+00  0.9999999E+00
         1     7      8 -0.3754361E-03  0.0000000E+00  0.9999999E+00
         1     7      9 -0.4223656E-03  0.0000000E+00  0.9999999E+00
         1     7     10  0.0000000E+00  0.0000000E+00  0.1000000E+01

         1     8      0  0.0000000E+00  0.0000000E+00  0.0000000E+00
         1     8      1  0.0000000E+00  0.0000000E+00  0.1000000E+01
         1     8      2 -0.9385902E-04  0.0000000E+00  0.1000000E+01
         1     8      3 -0.1407885E-03  0.0000000E+00  0.1000000E+01
         1     8      4 -0.1877180E-03  0.0000000E+00  0.1000000E+01
         1     8      5 -0.2346475E-03  0.0000000E+00  0.1000000E+01
         1     8      6 -0.2815771E-03  0.0000000E+00  0.1000000E+01
         1     8      7 -0.3285066E-03  0.0000000E+00  0.9999999E+00
         1     8      8 -0.3754361E-03  0.0000000E+00  0.9999999E+00
         1     8      9 -0.4223656E-03  0.0000000E+00  0.9999999E+00
         1     8     10  0.0000000E+00  0.0000000E+00  0.1000000E+01

         1     9      0  0.0000000E+00  0.0000000E+00  0.0000000E+00
         1     9      1  0.0000000E+00  0.0000000E+00  0.1000000E+01
         1     9      2 -0.6043326E-04  0.0000000E+00  0.1000000E+01
         1     9      3 -0.9064989E-04  0.0000000E+00  0.1000000E+01
         1     9      4 -0.1208665E-03  0.0000000E+00  0.1000000E+01
         1     9      5 -0.1510832E-03  0.0000000E+00  0.1000000E+01
         1     9      6 -0.1812999E-03  0.0000000E+00  0.1000000E+01
         1     9      7 -0.2115165E-03  0.0000000E+00  0.1000000E+01
         1     9      8 -0.2417332E-03  0.0000000E+00  0.1000000E+01
         1     9      9 -0.2719500E-03  0.0000000E+00  0.1000000E+01
         1     9     10  0.0000000E+00  0.0000000E+00  0.1000000E+01

         1    10      0  0.0000000E+00  0.0000000E+00  0.0000000E+00
         1    10      1  0.0000000E+00  0.0000000E+00  0.1000000E+01
         1    10      2 -0.3362454E-04  0.0000000E+00  0.1000000E+01
         1    10      3 -0.5043683E-04  0.0000000E+00  0.1000000E+01
         1    10      4 -0.6724913E-04  0.0000000E+00  0.1000000E+01
         1    10      5 -0.8406145E-04  0.0000000E+00  0.1000000E+01
         1    10      6 -0.1008738E-03  0.0000000E+00  0.1000000E+01
         1    10      7 -0.1176862E-03  0.0000000E+00  0.1000000E+01
         1    10      8 -0.1344986E-03  0.0000000E+00  0.1000000E+01
         1    10      9 -0.1513111E-03  0.0000000E+00  0.1000000E+01
         1    10     10  0.0000000E+00  0.0000000E+00  0.1000000E+01

         1    11      0  0.0000000E+00  0.0000000E+00  0.0000000E+00
         1    11      1  0.0000000E+00  0.0000000E+00  0.1000000E+01
         1    11      2 -0.3362454E-04  0.0000000E+00  0.1000000E+01
         1    11      3 -0.5043683E-04  0.0000000E+00  0.1000000E+01
         1    11      4 -0.6724913E-04  0.0000000E+00  0.1000000E+01
         1    11      5 -0.8406145E-04  0.0000000E+00  0.1000000E+01
         1    11      6 -0.1008738E-03  0.0000000E+00  0.1000000E+01
         1    11      7 -0.1176862E-03  0.0000000E+00  0.1000000E+01
         1    11      8 -0.1344986E-03  0.0000000E+00  0.1000000E+01
         1    11      9 -0.1513111E-03  0.0000000E+00  0.1000000E+01
         1    11     10  0.0000000E+00  0.0000000E+00  0.1000000E+01

         1    12      0  0.0000000E+00  0.0000000E+00  0.0000000E+00
         1    12      1  0.0000000E+00  0.0000000E+00  0.1000000E+01
         1    12      2 -0.3362454E-04  0.0000000E+00  0.1000000E+01
         1    12      3 -0.5043683E-04  0.0000000E+00  0.1000000E+01
         1    12      4 -0.6724913E-04  0.0000000E+00  0.1000000E+01
         1    12      5 -0.8406145E-04  0.0000000E+00  0.1000000E+01
         1    12      6 -0.1008738E-03  0.0000000E+00  0.1000000E+01
         1    12      7 -0.1176862E-03  0.0000000E+00  0.1000000E+01
         1    12      8 -0.1344986E-03  0.0000000E+00  0.1000000E+01
         1    12      9 -0.1513111E-03  0.0000000E+00  0.1000000E+01
         1    12     10  0.0000000E+00  0.0000000E+00  0.1000000E+01

         1    13      0  0.0000000E+00  0.0000000E+00  0.0000000E+00
         1    13      1  0.0000000E+00  0.0000000E+00  0.1000000E+01
         1    13      2 -0.3362454E-04  0.0000000E+00  0.1000000E+01
         1    13      3 -0.5043683E-04  0.0000000E+00  0.1000000E+01
         1    13      4 -0.6724913E-04  0.0000000E+00  0.1000000E+01
         1    13      5 -0.8406145E-04  0.0000000E+00  0.1000000E+01
         1    13      6 -0.1008738E-03  0.0000000E+00  0.1000000E+01
         1    13      7 -0.1176862E-03  0.0000000E+00  0.1000000E+01
         1    13      8 -0.1344986E-03  0.0000000E+00  0.1000000E+01
         1    13      9 -0.1513111E-03  0.0000000E+00  0.1000000E+01
         1    13     10  0.0000000E+00  0.0000000E+00  0.1000000E+01

         1    14      0  0.0000000E+00  0.0000000E+00  0.0000000E+00
         1    14      1  0.1764221E-07  0.0000000E+00  0.1000000E+01
         1    14      2 -0.3364032E-04  0.0000000E+00  0.1000000E+01
         1    14      3 -0.5046931E-04  0.0000000E+00  0.1000000E+01
         1    14      4 -0.6729832E-04  0.0000000E+00  0.1000000E+01
         1    14      5 -0.8412735E-04  0.0000000E+00  0.1000000E+01
         1    14      6 -0.1009564E-03  0.0000000E+00  0.1000000E+01
         1    14      7 -0.1177855E-03  0.0000000E+00  0.1000000E+01
         1    14      8 -0.1346146E-03  0.0000000E+00  0.1000000E+01
         1    14      9 -0.1514438E-03  0.0000000E+00  0.1000000E+01
         1    14     10  0.2762219E-05  0.0000000E+00  0.1000000E+01

         1    15      0  0.0000000E+00  0.0000000E+00  0.0000000E+00
         1    15      1  0.1764221E-07  0.0000000E+00  0.1000000E+01
         1    15      2 -0.3364032E-04  0.0000000E+00  0.1000000E+01
         1    15      3 -0.5046931E-04  0.0000000E+00  0.1000000E+01
         1    15      4 -0.6729832E-04  0.0000000E+00  0.1000000E+01
         1    15      5 -0.8412735E-04  0.0000000E+00  0.1000000E+01
         1    15      6 -0.1009564E-03  0.0000000E+00  0.1000000E+01
         1    15      7 -0.1177855E-03  0.0000000E+00  0.1000000E+01
         1    15      8 -0.1346146E-03  0.0000000E+00  0.1000000E+01
         1    15      9 -0.1514438E-03  0.0000000E+00  0.1000000E+01
         1    15     10  0.2762219E-05  0.0000000E+00  0.1000000E+01

         1    16      0  0.0000000E+00  0.0000000E+00  0.0000000E+00
         1    16      1  0.1764221E-07  0.0000000E+00  0.1000000E+01
         1    16      2 -0.3364032E-04  0.0000000E+00  0.1000000E+01
         1    16      3 -0.5046931E-04  0.0000000E+00  0.1000000E+01
         1    16      4 -0.6729832E-04  0.0000000E+00  0.1000000E+01
         1    16      5 -0.8412735E-04  0.0000000E+00  0.1000000E+01
         1    16      6 -0.1009564E-03  0.0000000E+00  0.1000000E+01
         1    16      7 -0.1177855E-03  0.0000000E+00  0.1000000E+01
         1    16      8 -0.1346146E-03  0.0000000E+00  0.1000000E+01
         1    16      9 -0.1514438E-03  0.0000000E+00  0.1000000E+01
         1    16     10  0.2762219E-05  0.0000000E+00  0.1000000E+01

         1    17      0  0.0000000E+00  0.0000000E+00  0.0000000E+00
         1    17      1  0.1764221E-07  0.0000000E+00  0.1000000E+01
         1    17      2 -0.3364032E-04  0.0000000E+00  0.1000000E+01
         1    17      3 -0.5046931E-04  0.0000000E+00  0.1000000E+01
         1    17      4 -0.6729832E-04  0.0000000E+00  0.1000000E+01
         1    17      5 -0.8412735E-04  0.0000000E+00  0.1000000E+01
         1    17      6 -0.1009564E-03  0.0000000E+00  0.1000000E+01
         1    17      7 -0.1177855E-03  0.0000000E+00  0.1000000E+01
         1    17      8 -0.1346146E-03  0.0000000E+00  0.1000000E+01
         1    17      9 -0.1514438E-03  0.0000000E+00  0.1000000E+01
         1    17     10  0.2762219E-05  0.0000000E+00  0.1000000E+01

         1    18      0  0.0000000E+00  0.0000000E+00  0.0000000E+00
         1    18      1  0.1764221E-07  0.0000000E+00  0.1000000E+01
         1    18      2 -0.4475395E-04  0.0000000E+00  0.1000000E+01
         1    18      3 -0.6713959E-04  0.0000000E+00  0.1000000E+01
         1    18      4 -0.8952510E-04  0.0000000E+00  0.1000000E+01
         1    18      5 -0.1119105E-03  0.0000000E+00  0.1000000E+01
         1    18      6 -0.1342958E-03  0.0000000E+00  0.1000000E+01
         1    18      7 -0.1566810E-03  0.0000000E+00  0.1000000E+01
         1    18      8 -0.1790660E-03  0.0000000E+00  0.1000000E+01
         1    18      9 -0.2014509E-03  0.0000000E+00  0.1000000E+01
         1    18     10 -0.2698369E-04  0.0000000E+00  0.1000000E+01

         1    19      0  0.0000000E+00  0.0000000E+00  0.0000000E+00
         1    19      1  0.1764221E-07  0.0000000E+00  0.1000000E+01
         1    19      2 -0.5400774E-04  0.0000000E+00  0.1000000E+01
         1    19      3 -0.8102009E-04  0.0000000E+00  0.1000000E+01
         1    19      4 -0.1080322E-03  0.0000000E+00  0.1000000E+01
         1    19      5 -0.1350441E-03  0.0000000E+00  0.1000000E+01
         1    19      6 -0.1620557E-03  0.0000000E+00  0.1000000E+01
         1    19      7 -0.1890670E-03  0.0000000E+00  0.1000000E+01
         1    19      8 -0.2160780E-03  0.0000000E+00  0.1000000E+01
         1    19      9 -0.2430888E-03  0.0000000E+00  0.1000000E+01
         1    19     10 -0.6012530E-04  0.0000000E+00  0.1000000E+01

         1    20      0  0.0000000E+00  0.0000000E+00  0.0000000E+00
         1    20      1  0.1764221E-07  0.0000000E+00  0.1000000E+01
         1    20      2 -0.5400774E-04  0.0000000E+00  0.1000000E+01
         1    20      3 -0.8102009E-04  0.0000000E+00  0.1000000E+01
         1    20      4 -0.1080322E-03  0.0000000E+00  0.1000000E+01
         1    20      5 -0.1350441E-03  0.0000000E+00  0.1000000E+01
         1    20      6 -0.1620557E-03  0.0000000E+00  0.1000000E+01
         1    20      7 -0.1890670E-03  0.0000000E+00  0.1000000E+01
         1    20      8 -0.2160780E-03  0.0000000E+00  0.1000000E+01
         1    20      9 -0.2430888E-03  0.0000000E+00  0.1000000E+01
         1    20     10 -0.6012530E-04  0.0000000E+00  0.1000000E+01

         1    21      0  0.0000000E+00  0.0000000E+00  0.0000000E+00
         1    21      1  0.1764221E-07  0.0000000E+00  0.1000000E+01
         1    21      2 -0.5400774E-04  0.0000000E+00  0.1000000E+01
         1    21      3 -0.8102009E-04  0.0000000E+00  0.1000000E+01
         1    21      4 -0.1080322E-03  0.0000000E+00  0.1000000E+01
         1    21      5 -0.1350441E-03  0.0000000E+00  0.1000000E+01
         1    21      6 -0.1620557E-03  0.0000000E+00  0.1000000E+01
         1    21      7 -0.1890670E-03  0.0000000E+00  0.1000000E+01
         1    21      8 -0.2160780E-03  0.0000000E+00  0.1000000E+01
         1    21      9 -0.2430888E-03  0.0000000E+00  0.1000000E+01
         1    21     10 -0.6012530E-04  0.0000000E+00  0.1000000E+01

         1    22      0  0.0000000E+00  0.0000000E+00  0.0000000E+00
         1    22      1  0.1764221E-07  0.0000000E+00  0.1000000E+01
         1    22      2 -0.5400774E-04  0.0000000E+00  0.1000000E+01
         1    22      3 -0.8102009E-04  0.0000000E+00  0.1000000E+01
         1    22      4 -0.1080322E-03  0.0000000E+00  0.1000000E+01
         1    22      5 -0.1350441E-03  0.0000000E+00  0.1000000E+01
         1    22      6 -0.1620557E-03  0.0000000E+00  0.1000000E+01
         1    22      7 -0.1890670E-03  0.0000000E+00  0.1000000E+01
         1    22      8 -0.2160780E-03  0.0000000E+00  0.1000000E+01
         1    22      9 -0.2430888E-03  0.0000000E+00  0.1000000E+01
         1    22     10 -0.6012530E-04  0.0000000E+00  0.1000000E+01

         1    23      0  0.0000000E+00  0.0000000E+00  0.0000000E+00
         1    23      1  0.3528442E-07  0.0000000E+00  0.1000000E+01
         1    23      2 -0.5398151E-04  0.0000000E+00  0.1000000E+01
         1    23      3 -0.8098957E-04  0.0000000E+00  0.1000000E+01
         1    23      4 -0.1079974E-03  0.0000000E+00  0.1000000E+01
         1    23      5 -0.1350049E-03  0.0000000E+00  0.1000000E+01
         1    23      6 -0.1620122E-03  0.0000000E+00  0.1000000E+01
         1    23      7 -0.1890193E-03  0.0000000E+00  0.1000000E+01
         1    23      8 -0.2160260E-03  0.0000000E+00  0.1000000E+01
         1    23      9 -0.2430325E-03  0.0000000E+00  0.1000000E+01
         1    23     10 -0.5743978E-04  0.0000000E+00  0.1000000E+01

         1    24      0  0.0000000E+00  0.0000000E+00  0.0000000E+00
         1    24      1  0.3528442E-07  0.0000000E+00  0.1000000E+01
         1    24      2 -0.5398151E-04  0.0000000E+00  0.1000000E+01
         1    24      3 -0.8098957E-04  0.0000000E+00  0.1000000E+01
         1    24      4 -0.1079974E-03  0.0000000E+00  0.1000000E+01
         1    24      5 -0.1350049E-03  0.0000000E+00  0.1000000E+01
         1    24      6 -0.1620122E-03  0.0000000E+00  0.1000000E+01
         1    24      7 -0.1890193E-03  0.0000000E+00  0.1000000E+01
         1    24      8 -0.2160260E-03  0.0000000E+00  0.1000000E+01
         1    24      9 -0.2430325E-03  0.0000000E+00  0.1000000E+01
         1    24     10 -0.5743978E-04  0.0000000E+00  0.1000000E+01

         1    25      0  0.0000000E+00  0.0000000E+00  0.0000000E+00
         1    25      1  0.3528442E-07  0.0000000E+00  0.1000000E+01
         1    25      2 -0.5398151E-04  0.0000000E+00  0.1000000E+01
         1    25      3 -0.8098957E-04  0.0000000E+00  0.1000000E+01
         1    25      4 -0.1079974E-03  0.0000000E+00  0.1000000E+01
         1    25      5 -0.1350049E-03  0.0000000E+00  0.1000000E+01
         1    25      6 -0.1620122E-03  0.0000000E+00  0.1000000E+01
         1    25      7 -0.1890193E-03  0.0000000E+00  0.1000000E+01
         1    25      8 -0.2160260E-03  0.0000000E+00  0.1000000E+01
         1    25      9 -0.2430325E-03  0.0000000E+00  0.1000000E+01
         1    25     10 -0.5743978E-04  0.0000000E+00  0.1000000E+01

         1    26      0  0.0000000E+00  0.0000000E+00  0.0000000E+00
         1    26      1  0.3528442E-07  0.0000000E+00  0.1000000E+01
         1    26      2 -0.5398151E-04  0.0000000E+00  0.1000000E+01
         1    26      3 -0.8098957E-04  0.0000000E+00  0.1000000E+01
         1    26      4 -0.1079974E-03  0.0000000E+00  0.1000000E+01
         1    26      5 -0.1350049E-03  0.0000000E+00  0.1000000E+01
         1    26      6 -0.1620122E-03  0.0000000E+00  0.1000000E+01
         1    26      7 -0.1890193E-03  0.0000000E+00  0.1000000E+01
         1    26      8 -0.2160260E-03  0.0000000E+00  0.1000000E+01
         1    26      9 -0.2430325E-03  0.0000000E+00  0.1000000E+01
         1    26     10 -0.5743978E-04  0.0000000E+00  0.1000000E+01

         1    27      0  0.0000000E+00  0.0000000E+00  0.0000000E+00
         1    27      1  0.3528442E-07  0.0000000E+00  0.1000000E+01
         1    27      2 -0.7204789E-04  0.0000000E+00  0.1000000E+01
         1    27      3 -0.1080892E-03  0.0000000E+00  0.1000000E+01
         1    27      4 -0.1441304E-03  0.0000000E+00  0.1000000E+01
         1    27      5 -0.1801713E-03  0.0000000E+00  0.1000000E+01
         1    27      6 -0.2162120E-03  0.0000000E+00  0.1000000E+01
         1    27      7 -0.2522526E-03  0.0000000E+00  0.1000000E+01
         1    27      8 -0.2882929E-03  0.0000000E+00  0.1000000E+01
         1    27      9 -0.3243330E-03  0.0000000E+00  0.9999999E+00
         1    27     10  0.2449608E-04  0.0000000E+00  0.1000000E+01

         1    28      0  0.0000000E+00  0.0000000E+00  0.0000000E+00
         1    28      1  0.3528442E-07  0.0000000E+00  0.1000000E+01
         1    28      2 -0.9281844E-04  0.0000000E+00  0.1000000E+01
         1    28      3 -0.1392451E-03  0.0000000E+00  0.1000000E+01
         1    28      4 -0.1856717E-03  0.0000000E+00  0.1000000E+01
         1    28      5 -0.2320981E-03  0.0000000E+00  0.1000000E+01
         1    28      6 -0.2785243E-03  0.0000000E+00  0.1000000E+01
         1    28      7 -0.3249505E-03  0.0000000E+00  0.9999999E+00
         1    28      8 -0.3713765E-03  0.0000000E+00  0.9999999E+00
         1    28      9 -0.4178023E-03  0.0000000E+00  0.9999999E+00
         1    28     10  0.1154490E-03  0.0000000E+00  0.1000000E+01

         1    29      0  0.0000000E+00  0.0000000E+00  0.0000000E+00
         1    29      1  0.3528442E-07  0.0000000E+00  0.1000000E+01
         1    29      2 -0.9281844E-04  0.0000000E+00  0.1000000E+01
         1    29      3 -0.1392451E-03  0.0000000E+00  0.1000000E+01
         1    29      4 -0.1856717E-03  0.0000000E+00  0.1000000E+01
         1    29      5 -0.2320981E-03  0.0000000E+00  0.1000000E+01
         1    29      6 -0.2785243E-03  0.0000000E+00  0.1000000E+01
         1    29      7 -0.3249505E-03  0.0000000E+00  0.9999999E+00
         1    29      8 -0.3713765E-03  0.0000000E+00  0.9999999E+00
         1    29      9 -0.4178023E-03  0.0000000E+00  0.9999999E+00
         1    29     10  0.1154490E-03  0.0000000E+00  0.1000000E+01

         1    30      0  0.0000000E+00  0.0000000E+00  0.0000000E+00
         1    30      1  0.3528442E-07  0.0000000E+00  0.1000000E+01
         1    30      2 -0.9281844E-04  0.0000000E+00  0.1000000E+01
         1    30      3 -0.1392451E-03  0.0000000E+00  0.1000000E+01
         1    30      4 -0.1856717E-03  0.0000000E+00  0.1000000E+01
         1    30      5 -0.2320981E-03  0.0000000E+00  0.1000000E+01
         1    30      6 -0.2785243E-03  0.0000000E+00  0.1000000E+01
         1    30      7 -0.3249505E-03  0.0000000E+00  0.9999999E+00
         1    30      8 -0.3713765E-03  0.0000000E+00  0.9999999E+00
         1    30      9 -0.4178023E-03  0.0000000E+00  0.9999999E+00
         1    30     10  0.1154490E-03  0.0000000E+00  0.1000000E+01

         1    31      0  0.0000000E+00  0.0000000E+00  0.0000000E+00
         1    31      1  0.3528442E-07  0.0000000E+00  0.1000000E+01
         1    31      2 -0.9281844E-04  0.0000000E+00  0.1000000E+01
         1    31      3 -0.1392451E-03  0.0000000E+00  0.1000000E+01
         1    31      4 -0.1856717E-03  0.0000000E+00  0.1000000E+01
         1    31      5 -0.2320981E-03  0.0000000E+00  0.1000000E+01
         1    31      6 -0.2785243E-03  0.0000000E+00  0.1000000E+01
         1    31      7 -0.3249505E-03  0.0000000E+00  0.9999999E+00
         1    31      8 -0.3713765E-03  0.0000000E+00  0.9999999E+00
         1    31      9 -0.4178023E-03  0.0000000E+00  0.9999999E+00
         1    31     10  0.1154490E-03  0.0000000E+00  0.1000000E+01

         1    32      0  0.0000000E+00  0.0000000E+00  0.0000000E+00
         1    32      1  0.5292663E-07  0.0000000E+00  0.1000000E+01
         1    32      2 -0.9272328E-04  0.0000000E+00  0.1000000E+01
         1    32      3 -0.1391112E-03  0.0000000E+00  0.1000000E+01
         1    32      4 -0.1854990E-03  0.0000000E+00  0.1000000E+01
         1    32      5 -0.2318866E-03  0.0000000E+00  0.1000000E+01
         1    32      6 -0.2782741E-03  0.0000000E+00  0.1000000E+01
         1    32      7 -0.3246615E-03  0.0000000E+00  0.9999999E+00
         1    32      8 -0.3710487E-03  0.0000000E+00  0.9999999E+00
         1    32      9 -0.4174358E-03  0.0000000E+00  0.9999999E+00
         1    32     10  0.1179046E-03  0.0000000E+00  0.1000000E+01

         1    33      0  0.0000000E+00  0.0000000E+00  0.0000000E+00
         1    33      1  0.5292663E-07  0.0000000E+00  0.1000000E+01
         1    33      2 -0.9272328E-04  0.0000000E+00  0.1000000E+01
         1    33      3 -0.1391112E-03  0.0000000E+00  0.1000000E+01
         1    33      4 -0.1854990E-03  0.0000000E+00  0.1000000E+01
         1    33      5 -0.2318866E-03  0.0000000E+00  0.1000000E+01
         1    33      6 -0.2782741E-03  0.0000000E+00  0.1000000E+01
         1    33      7 -0.3246615E-03  0.0000000E+00  0.9999999E+00
         1    33      8 -0.3710487E-03  0.0000000E+00  0.9999999E+00
         1    33      9 -0.4174358E-03  0.0000000E+00  0.9999999E+00
         1    33     10  0.1179046E-03  0.0000000E+00  0.1000000E+01

         1    34      0  0.0000000E+00  0.0000000E+00  0.0000000E+00
         1    34      1  0.5292663E-07  0.0000000E+00  0.1000000E+01
         1    34      2 -0.9272328E-04  0.0000000E+00  0.1000000E+01
         1    34      3 -0.1391112E-03  0.0000000E+00  0.1000000E+01
         1    34      4 -0.1854990E-03  0.0000000E+00  0.1000000E+01
         1    34      5 -0.2318866E-03  0.0000000E+00  0.1000000E+01
         1    34      6 -0.2782741E-03  0.0000000E+00  0.1000000E+01
         1    34      7 -0.3246615E-03  0.0000000E+00  0.9999999E+00
         1    34      8 -0.3710487E-03  0.0000000E+00  0.9999999E+00
         1    34      9 -0.4174358E-03  0.0000000E+00  0.9999999E+00
         1    34     10  0.1179046E-03  0.0000000E+00  0.1000000E+01

         1    35      0  0.0000000E+00  0.0000000E+00  0.0000000E+00
         1    35      1  0.5292663E-07  0.0000000E+00  0.1000000E+01
         1    35      2 -0.9272328E-04  0.0000000E+00  0.1000000E+01
         1    35      3 -0.1391112E-03  0.0000000E+00  0.1000000E+01
         1    35      4 -0.1854990E-03  0.0000000E+00  0.1000000E+01
         1    35      5 -0.2318866E-03  0.0000000E+00  0.1000000E+01
         1    35      6 -0.2782741E-03  0.0000000E+00  0.1000000E+01
         1    35      7 -0.3246615E-03  0.0000000E+00  0.9999999E+00
         1    35      8 -0.3710487E-03  0.0000000E+00  0.9999999E+00
         1    35      9 -0.4174358E-03  0.0000000E+00  0.9999999E+00
         1    35     10  0.1179046E-03  0.0000000E+00  0.1000000E+01

         1    36      0  0.0000000E+00  0.0000000E+00  0.0000000E+00
         1    36      1  0.5292663E-07  0.0000000E+00  0.1000000E+01
         1    36      2 -0.2207792E-04  0.0000000E+00  0.1000000E+01
         1    36      3 -0.3314355E-04  0.0000000E+00  0.1000000E+01
         1    36      4 -0.4420932E-04  0.0000000E+00  0.1000000E+01
         1    36      5 -0.5527521E-04  0.0000000E+00  0.1000000E+01
         1    36      6 -0.6634121E-04  0.0000000E+00  0.1000000E+01
         1    36      7 -0.7740733E-04  0.0000000E+00  0.1000000E+01
         1    36      8 -0.8847355E-04  0.0000000E+00  0.1000000E+01
         1    36      9 -0.9953987E-04  0.0000000E+00  0.1000000E+01
         1    36     10 -0.1816817E-03  0.0000000E+00  0.1000000E+01

         1    37      0  0.0000000E+00  0.0000000E+00  0.0000000E+00
         1    37      1  0.5292663E-07  0.0000000E+00  0.1000000E+01
         1    37      2  0.4937368E-04  0.0000000E+00  0.1000000E+01
         1    37      3  0.7403350E-04  0.0000000E+00  0.1000000E+01
         1    37      4  0.9869297E-04  0.0000000E+00  0.1000000E+01
         1    37      5  0.1233521E-03  0.0000000E+00  0.1000000E+01
         1    37      6  0.1480109E-03  0.0000000E+00  0.1000000E+01
         1    37      7  0.1726694E-03  0.0000000E+00  0.1000000E+01
         1    37      8  0.1973275E-03  0.0000000E+00  0.1000000E+01
         1    37      9  0.2219854E-03  0.0000000E+00  0.1000000E+01
         1    37     10 -0.4867708E-03  0.0000000E+00  0.9999999E+00

         1    38      0  0.0000000E+00  0.0000000E+00  0.0000000E+00
         1    38      1  0.5292663E-07  0.0000000E+00  0.1000000E+01
         1    38      2  0.4937368E-04  0.0000000E+00  0.1000000E+01
         1    38      3  0.7403350E-04  0.0000000E+00  0.1000000E+01
         1    38      4  0.9869297E-04  0.0000000E+00  0.1000000E+01
         1    38      5  0.1233521E-03  0.0000000E+00  0.1000000E+01
         1    38      6  0.1480109E-03  0.0000000E+00  0.1000000E+01
         1    38      7  0.1726694E-03  0.0000000E+00  0.1000000E+01
         1    38      8  0.1973275E-03  0.0000000E+00  0.1000000E+01
         1    38      9  0.2219854E-03  0.0000000E+00  0.1000000E+01
         1    38     10 -0.4867708E-03  0.0000000E+00  0.9999999E+00

         1    39      0  0.0000000E+00  0.0000000E+00  0.0000000E+00
         1    39      1  0.5292663E-07  0.0000000E+00  0.1000000E+01
         1    39      2  0.4937368E-04  0.0000000E+00  0.1000000E+01
         1    39      3  0.7403350E-04  0.0000000E+00  0.1000000E+01
         1    39      4  0.9869297E-04  0.0000000E+00  0.1000000E+01
         1    39      5  0.1233521E-03  0.0000000E+00  0.1000000E+01
         1    39      6  0.1480109E-03  0.0000000E+00  0.1000000E+01
         1    39      7  0.1726694E-03  0.0000000E+00  0.1000000E+01
         1    39      8  0.1973275E-03  0.0000000E+00  0.1000000E+01
         1    39      9  0.2219854E-03  0.0000000E+00  0.1000000E+01
         1    39     10 -0.4867708E-03  0.0000000E+00  0.9999999E+00

         1    40      0  0.0000000E+00  0.0000000E+00  0.0000000E+00
         1    40      1  0.5292663E-07  0.0000000E+00  0.1000000E+01
         1    40      2  0.4937368E-04  0.0000000E+00  0.1000000E+01
         1    40      3  0.7403350E-04  0.0000000E+00  0.1000000E+01
         1    40      4  0.9869297E-04  0.0000000E+00  0.1000000E+01
         1    40      5  0.1233521E-03  0.0000000E+00  0.1000000E+01
         1    40      6  0.1480109E-03  0.0000000E+00  0.1000000E+01
         1    40      7  0.1726694E-03  0.0000000E+00  0.1000000E+01
         1    40      8  0.1973275E-03  0.0000000E+00  0.1000000E+01
         1    40      9  0.2219854E-03  0.0000000E+00  0.1000000E+01
         1    40     10 -0.4867708E-03  0.0000000E+00  0.9999999E+00

         1    41      0  0.0000000E+00  0.0000000E+00  0.0000000E+00
         1    41      1  0.7056883E-07  0.0000000E+00  0.1000000E+01
         1    41      2  0.4948706E-04  0.0000000E+00  0.1000000E+01
         1    41      3  0.7419475E-04  0.0000000E+00  0.1000000E+01
         1    41      4  0.9890208E-04  0.0000000E+00  0.1000000E+01
         1    41      5  0.1236091E-03  0.0000000E+00  0.1000000E+01
         1    41      6  0.1483157E-03  0.0000000E+00  0.1000000E+01
         1    41      7  0.1730221E-03  0.0000000E+00  0.1000000E+01
         1    41      8  0.1977281E-03  0.0000000E+00  0.1000000E+01
         1    41      9  0.2224339E-03  0.0000000E+00  0.1000000E+01
         1    41     10 -0.4844395E-03  0.0000000E+00  0.9999999E+00

         1    42      0  0.0000000E+00  0.0000000E+00  0.0000000E+00
         1    42      1  0.7056883E-07  0.0000000E+00  0.1000000E+01
         1    42      2  0.4948706E-04  0.0000000E+00  0.1000000E+01
         1    42      3  0.7419475E-04  0.0000000E+00  0.1000000E+01
         1    42      4  0.9890208E-04  0.0000000E+00  0.1000000E+01
         1    42      5  0.1236091E-03  0.0000000E+00  0.1000000E+01
         1    42      6  0.1483157E-03  0.0000000E+00  0.1000000E+01
         1    42      7  0.1730221E-03  0.0000000E+00  0.1000000E+01
         1    42      8  0.1977281E-03  0.0000000E+00  0.1000000E+01
         1    42      9  0.2224339E-03  0.0000000E+00  0.1000000E+01
         1    42     10 -0.4844395E-03  0.0000000E+00  0.9999999E+00

         1    43      0  0.0000000E+00  0.0000000E+00  0.0000000E+00
         1    43      1  0.7056883E-07  0.0000000E+00  0.1000000E+01
         1    43      2  0.4948706E-04  0.0000000E+00  0.1000000E+01
         1    43      3  0.7419475E-04  0.0000000E+00  0.1000000E+01
         1    43      4  0.9890208E-04  0.0000000E+00  0.1000000E+01
         1    43      5  0.1236091E-03  0.0000000E+00  0.1000000E+01
         1    43      6  0.1483157E-03  0.0000000E+00  0.1000000E+01
         1    43      7  0.1730221E-03  0.0000000E+00  0.1000000E+01
         1    43      8  0.1977281E-03  0.0000000E+00  0.1000000E+01
         1    43      9  0.2224339E-03  0.0000000E+00  0.1000000E+01
         1    43     10 -0.4844395E-03  0.0000000E+00  0.9999999E+00

         1    44      0  0.0000000E+00  0.0000000E+00  0.0000000E+00
         1    44      1  0.7056883E-07  0.0000000E+00  0.1000000E+01
         1    44      2  0.4948706E-04  0.0000000E+00  0.1000000E+01
         1    44      3  0.7419475E-04  0.0000000E+00  0.1000000E+01
         1    44      4  0.9890208E-04  0.0000000E+00  0.1000000E+01
         1    44      5  0.1236091E-03  0.0000000E+00  0.1000000E+01
         1    44      6  0.1483157E-03  0.0000000E+00  0.1000000E+01
         1    44      7  0.1730221E-03  0.0000000E+00  0.1000000E+01
         1    44      8  0.1977281E-03  0.0000000E+00  0.1000000E+01
         1    44      9  0.2224339E-03  0.0000000E+00  0.1000000E+01
         1    44     10 -0.4844395E-03  0.0000000E+00  0.9999999E+00

         1    45      0  0.0000000E+00  0.0000000E+00  0.0000000E+00
         1    45      1  0.7056883E-07  0.0000000E+00  0.1000000E+01
         1    45      2  0.9263791E-05  0.0000000E+00  0.1000000E+01
         1    45      3  0.1385871E-04  0.0000000E+00  0.1000000E+01
         1    45      4  0.1845252E-04  0.0000000E+00  0.1000000E+01
         1    45      5  0.2304523E-04  0.0000000E+00  0.1000000E+01
         1    45      6  0.2763687E-04  0.0000000E+00  0.1000000E+01
         1    45      7  0.3222744E-04  0.0000000E+00  0.1000000E+01
         1    45      8  0.3681696E-04  0.0000000E+00  0.1000000E+01
         1    45      9  0.4140544E-04  0.0000000E+00  0.1000000E+01
         1    45     10 -0.2606969E-03  0.0000000E+00  0.1000000E+01

         1    46      0  0.0000000E+00  0.0000000E+00  0.0000000E+00
         1    46      1  0.7056883E-07  0.0000000E+00  0.1000000E+01
         1    46      2 -0.3039676E-04  0.0000000E+00  0.1000000E+01
         1    46      3 -0.4563337E-04  0.0000000E+00  0.1000000E+01
         1    46      4 -0.6087192E-04  0.0000000E+00  0.1000000E+01
         1    46      5 -0.7611239E-04  0.0000000E+00  0.1000000E+01
         1    46      6 -0.9135477E-04  0.0000000E+00  0.1000000E+01
         1    46      7 -0.1065990E-03  0.0000000E+00  0.1000000E+01
         1    46      8 -0.1218452E-03  0.0000000E+00  0.1000000E+01
         1    46      9 -0.1370932E-03  0.0000000E+00  0.1000000E+01
         1    46     10 -0.3135806E-04  0.0000000E+00  0.1000000E+01

         1    47      0  0.0000000E+00  0.0000000E+00  0.0000000E+00
         1    47      1  0.7056883E-07  0.0000000E+00  0.1000000E+01
         1    47      2 -0.3039676E-04  0.0000000E+00  0.1000000E+01
         1    47      3 -0.4563337E-04  0.0000000E+00  0.1000000E+01
         1    47      4 -0.6087192E-04  0.0000000E+00  0.1000000E+01
         1    47      5 -0.7611239E-04  0.0000000E+00  0.1000000E+01
         1    47      6 -0.9135477E-04  0.0000000E+00  0.1000000E+01
         1    47      7 -0.1065990E-03  0.0000000E+00  0.1000000E+01
         1    47      8 -0.1218452E-03  0.0000000E+00  0.1000000E+01
         1    47      9 -0.1370932E-03  0.0000000E+00  0.1000000E+01
         1    47     10 -0.3135806E-04  0.0000000E+00  0.1000000E+01

         1    48      0  0.0000000E+00  0.0000000E+00  0.0000000E+00
         1    48      1  0.7056883E-07  0.0000000E+00  0.1000000E+01
         1    48      2 -0.3039676E-04  0.0000000E+00  0.1000000E+01
         1    48      3 -0.4563337E-04  0.0000000E+00  0.1000000E+01
         1    48      4 -0.6087192E-04  0.0000000E+00  0.1000000E+01
         1    48      5 -0.7611239E-04  0.0000000E+00  0.1000000E+01
         1    48      6 -0.9135477E-04  0.0000000E+00  0.1000000E+01
         1    48      7 -0.1065990E-03  0.0000000E+00  0.1000000E+01
         1    48      8 -0.1218452E-03  0.0000000E+00  0.1000000E+01
         1    48      9 -0.1370932E-03  0.0000000E+00  0.1000000E+01
         1    48     10 -0.3135806E-04  0.0000000E+00  0.1000000E+01

         1    49      0  0.0000000E+00  0.0000000E+00  0.0000000E+00
         1    49      1  0.7056883E-07  0.0000000E+00  0.1000000E+01
         1    49      2 -0.3039676E-04  0.0000000E+00  0.1000000E+01
         1    49      3 -0.4563337E-04  0.0000000E+00  0.1000000E+01
         1    49      4 -0.6087192E-04  0.0000000E+00  0.1000000E+01
         1    49      5 -0.7611239E-04  0.0000000E+00  0.1000000E+01
         1    49      6 -0.9135477E-04  0.0000000E+00  0.1000000E+01
         1    49      7 -0.1065990E-03  0.0000000E+00  0.1000000E+01
         1    49      8 -0.1218452E-03  0.0000000E+00  0.1000000E+01
         1    49      9 -0.1370932E-03  0.0000000E+00  0.1000000E+01
         1    49     10 -0.3135806E-04  0.0000000E+00  0.1000000E+01

         1    50      0  0.0000000E+00  0.0000000E+00  0.0000000E+00
         1    50      1  0.8821104E-07  0.0000000E+00  0.1000000E+01
         1    50      2 -0.3029773E-04  0.0000000E+00  0.1000000E+01
         1    50      3 -0.4549364E-04  0.0000000E+00  0.1000000E+01
         1    50      4 -0.6069149E-04  0.0000000E+00  0.1000000E+01
         1    50      5 -0.7589125E-04  0.0000000E+00  0.1000000E+01
         1    50      6 -0.9109293E-04  0.0000000E+00  0.1000000E+01
         1    50      7 -0.1062965E-03  0.0000000E+00  0.1000000E+01
         1    50      8 -0.1215019E-03  0.0000000E+00  0.1000000E+01
         1    50      9 -0.1367092E-03  0.0000000E+00  0.1000000E+01
         1    50     10 -0.2916933E-04  0.0000000E+00  0.1000000E+01

         1    51      0  0.0000000E+00  0.0000000E+00  0.0000000E+00
         1    51      1  0.8821104E-07  0.0000000E+00  0.1000000E+01
         1    51      2 -0.3029773E-04  0.0000000E+00  0.1000000E+01
         1    51      3 -0.4549364E-04  0.0000000E+00  0.1000000E+01
         1    51      4 -0.6069149E-04  0.0000000E+00  0.1000000E+01
         1    51      5 -0.7589125E-04  0.0000000E+00  0.1000000E+01
         1    51      6 -0.9109293E-04  0.0000000E+00  0.1000000E+01
         1    51      7 -0.1062965E-03  0.0000000E+00  0.1000000E+01
         1    51      8 -0.1215019E-03  0.0000000E+00  0.1000000E+01
         1    51      9 -0.1367092E-03  0.0000000E+00  0.1000000E+01
         1    51     10 -0.2916933E-04  0.0000000E+00  0.1000000E+01

         1    52      0  0.0000000E+00  0.0000000E+00  0.0000000E+00
         1    52      1  0.8821104E-07  0.0000000E+00  0.1000000E+01
         1    52      2 -0.3029773E-04  0.0000000E+00  0.1000000E+01
         1    52      3 -0.4549364E-04  0.0000000E+00  0.1000000E+01
         1    52      4 -0.6069149E-04  0.0000000E+00  0.1000000E+01
         1    52      5 -0.7589125E-04  0.0000000E+00  0.1000000E+01
         1    52      6 -0.9109293E-04  0.0000000E+00  0.1000000E+01
         1    52      7 -0.1062965E-03  0.0000000E+00  0.1000000E+01
         1    52      8 -0.1215019E-03  0.0000000E+00  0.1000000E+01
         1    52      9 -0.1367092E-03  0.0000000E+00  0.1000000E+01
         1    52     10 -0.2916933E-04  0.0000000E+00  0.1000000E+01

         1    53      0  0.0000000E+00  0.0000000E+00  0.0000000E+00
         1    53      1  0.8821104E-07  0.0000000E+00  0.1000000E+01
         1    53      2 -0.3029773E-04  0.0000000E+00  0.1000000E+01
         1    53      3 -0.4549364E-04  0.0000000E+00  0.1000000E+01
         1    53      4 -0.6069149E-04  0.0000000E+00  0.1000000E+01
         1    53      5 -0.7589125E-04  0.0000000E+00  0.1000000E+01
         1    53      6 -0.9109293E-04  0.0000000E+00  0.1000000E+01
         1    53      7 -0.1062965E-03  0.0000000E+00  0.1000000E+01
         1    53      8 -0.1215019E-03  0.0000000E+00  0.1000000E+01
         1    53      9 -0.1367092E-03  0.0000000E+00  0.1000000E+01
         1    53     10 -0.2916933E-04  0.0000000E+00  0.1000000E+01

         1    54      0  0.0000000E+00  0.0000000E+00  0.0000000E+00
         1    54      1  0.8821104E-07  0.0000000E+00  0.1000000E+01
         1    54      2  0.2452756E-04  0.0000000E+00  0.1000000E+01
         1    54      3  0.3674773E-04  0.0000000E+00  0.1000000E+01
         1    54      4  0.4896822E-04  0.0000000E+00  0.1000000E+01
         1    54      5  0.6118905E-04  0.0000000E+00  0.1000000E+01
         1    54      6  0.7341021E-04  0.0000000E+00  0.1000000E+01
         1    54      7  0.8563172E-04  0.0000000E+00  0.1000000E+01
         1    54      8  0.9785358E-04  0.0000000E+00  0.1000000E+01
         1    54      9  0.1100758E-03  0.0000000E+00  0.1000000E+01
         1    54     10 -0.4996370E-03  0.0000000E+00  0.9999999E+00

         1    55      0  0.0000000E+00  0.0000000E+00  0.0000000E+00
         1    55      1  0.8821104E-07  0.0000000E+00  0.1000000E+01
         1    55      2  0.7799181E-04  0.0000000E+00  0.1000000E+01
         1    55      3  0.1169476E-03  0.0000000E+00  0.1000000E+01
         1    55      4  0.1559059E-03  0.0000000E+00  0.1000000E+01
         1    55      5  0.1948669E-03  0.0000000E+00  0.1000000E+01
         1    55      6  0.2338305E-03  0.0000000E+00  0.1000000E+01
         1    55      7  0.2727967E-03  0.0000000E+00  0.1000000E+01
         1    55      8  0.3117654E-03  0.0000000E+00  0.1000000E+01
         1    55      9  0.3507368E-03  0.0000000E+00  0.9999999E+00
         1    55     10 -0.9701233E-03  0.0000000E+00  0.9999995E+00

         1    56      0  0.0000000E+00  0.0000000E+00  0.0000000E+00
         1    56      1  0.8821104E-07  0.0000000E+00  0.1000000E+01
         1    56      2  0.7799181E-04  0.0000000E+00  0.1000000E+01
         1    56      3  0.1169476E-03  0.0000000E+00  0.1000000E+01
         1    56      4  0.1559059E-03  0.0000000E+00  0.1000000E+01
         1    56      5  0.1948669E-03  0.0000000E+00  0.1000000E+01
         1    56      6  0.2338305E-03  0.0000000E+00  0.1000000E+01
         1    56      7  0.2727967E-03  0.0000000E+00  0.1000000E+01
         1    56      8  0.3117654E-03  0.0000000E+00  0.1000000E+01
         1    56      9  0.3507368E-03  0.0000000E+00  0.9999999E+00
         1    56     10 -0.9701233E-03  0.0000000E+00  0.9999995E+00

         1    57      0  0.0000000E+00  0.0000000E+00  0.0000000E+00
         1    57      1  0.8821104E-07  0.0000000E+00  0.1000000E+01
         1    57      2  0.7799181E-04  0.0000000E+00  0.1000000E+01
         1    57      3  0.1169476E-03  0.0000000E+00  0.1000000E+01
         1    57      4  0.1559059E-03  0.0000000E+00  0.1000000E+01
         1    57      5  0.1948669E-03  0.0000000E+00  0.1000000E+01
         1    57      6  0.2338305E-03  0.0000000E+00  0.1000000E+01
         1    57      7  0.2727967E-03  0.0000000E+00  0.1000000E+01
         1    57      8  0.3117654E-03  0.0000000E+00  0.1000000E+01
         1    57      9  0.3507368E-03  0.0000000E+00  0.9999999E+00
         1    57     10 -0.9701233E-03  0.0000000E+00  0.9999995E+00

         1    58      0  0.0000000E+00  0.0000000E+00  0.0000000E+00
         1    58      1  0.8821104E-07  0.0000000E+00  0.1000000E+01
         1    58      2  0.7799181E-04  0.0000000E+00  0.1000000E+01
         1    58      3  0.1169476E-03  0.0000000E+00  0.1000000E+01
         1    58      4  0.1559059E-03  0.0000000E+00  0.1000000E+01
         1    58      5  0.1948669E-03  0.0000000E+00  0.1000000E+01
         1    58      6  0.2338305E-03  0.0000000E+00  0.1000000E+01
         1    58      7  0.2727967E-03  0.0000000E+00  0.1000000E+01
         1    58      8  0.3117654E-03  0.0000000E+00  0.1000000E+01
         1    58      9  0.3507368E-03  0.0000000E+00  0.9999999E+00
         1    58     10 -0.9701233E-03  0.0000000E+00  0.9999995E+00

         1    59      0  0.0000000E+00  0.0000000E+00  0.0000000E+00
         1    59      1  0.1058533E-06  0.0000000E+00  0.1000000E+01
         1    59      2  0.7806010E-04  0.0000000E+00  0.1000000E+01
         1    59      3  0.1170412E-03  0.0000000E+00  0.1000000E+01
         1    59      4  0.1560249E-03  0.0000000E+00  0.1000000E+01
         1    59      5  0.1950112E-03  0.0000000E+00  0.1000000E+01
         1    59      6  0.2340001E-03  0.0000000E+00  0.1000000E+01
         1    59      7  0.2729916E-03  0.0000000E+00  0.1000000E+01
         1    59      8  0.3119857E-03  0.0000000E+00  0.1000000E+01
         1    59      9  0.3509824E-03  0.0000000E+00  0.9999999E+00
         1    59     10 -0.9679350E-03  0.0000000E+00  0.9999995E+00

         1    60      0  0.0000000E+00  0.0000000E+00  0.0000000E+00
         1    60      1  0.1058533E-06  0.0000000E+00  0.1000000E+01
         1    60      2  0.7806010E-04  0.0000000E+00  0.1000000E+01
         1    60      3  0.1170412E-03  0.0000000E+00  0.1000000E+01
         1    60      4  0.1560249E-03  0.0000000E+00  0.1000000E+01
         1    60      5  0.1950112E-03  0.0000000E+00  0.1000000E+01
         1    60      6  0.2340001E-03  0.0000000E+00  0.1000000E+01
         1    60      7  0.2729916E-03  0.0000000E+00  0.1000000E+01
         1    60      8  0.3119857E-03  0.0000000E+00  0.1000000E+01
         1    60      9  0.3509824E-03  0.0000000E+00  0.9999999E+00
         1    60     10 -0.9679350E-03  0.0000000E+00  0.9999995E+00

         1    61      0  0.0000000E+00  0.0000000E+00  0.0000000E+00
         1    61      1  0.1058533E-06  0.0000000E+00  0.1000000E+01
         1    61      2  0.7806010E-04  0.0000000E+00  0.1000000E+01
         1    61      3  0.1170412E-03  0.0000000E+00  0.1000000E+01
         1    61      4  0.1560249E-03  0.0000000E+00  0.1000000E+01
         1    61      5  0.1950112E-03  0.0000000E+00  0.1000000E+01
         1    61      6  0.2340001E-03  0.0000000E+00  0.1000000E+01
         1    61      7  0.2729916E-03  0.0000000E+00  0.1000000E+01
         1    61      8  0.3119857E-03  0.0000000E+00  0.1000000E+01
         1    61      9  0.3509824E-03  0.0000000E+00  0.9999999E+00
         1    61     10 -0.9679350E-03  0.0000000E+00  0.9999995E+00

         1    62      0  0.0000000E+00  0.0000000E+00  0.0000000E+00
         1    62      1  0.1058533E-06  0.0000000E+00  0.1000000E+01
         1    62      2  0.7806010E-04  0.0000000E+00  0.1000000E+01
         1    62      3  0.1170412E-03  0.0000000E+00  0.1000000E+01
         1    62      4  0.1560249E-03  0.0000000E+00  0.1000000E+01
         1    62      5  0.1950112E-03  0.0000000E+00  0.1000000E+01
         1    62      6  0.2340001E-03  0.0000000E+00  0.1000000E+01
         1    62      7  0.2729916E-03  0.0000000E+00  0.1000000E+01
         1    62      8  0.3119857E-03  0.0000000E+00  0.1000000E+01
         1    62      9  0.3509824E-03  0.0000000E+00  0.9999999E+00
         1    62     10 -0.9679350E-03  0.0000000E+00  0.9999995E+00

         1    63      0  0.0000000E+00  0.0000000E+00  0.0000000E+00
         1    63      1  0.1058533E-06  0.0000000E+00  0.1000000E+01
         1    63      2  0.7123879E-04  0.0000000E+00  0.1000000E+01
         1    63      3  0.1068067E-03  0.0000000E+00  0.1000000E+01
         1    63      4  0.1423755E-03  0.0000000E+00  0.1000000E+01
         1    63      5  0.1779452E-03  0.0000000E+00  0.1000000E+01
         1    63      6  0.2135159E-03  0.0000000E+00  0.1000000E+01
         1    63      7  0.2490875E-03  0.0000000E+00  0.1000000E+01
         1    63      8  0.2846601E-03  0.0000000E+00  0.1000000E+01
         1    63      9  0.3202336E-03  0.0000000E+00  0.9999999E+00
         1    63     10 -0.7381411E-03  0.0000000E+00  0.9999997E+00

         1    64      0  0.0000000E+00  0.0000000E+00  0.0000000E+00
         1    64      1  0.1058533E-06  0.0000000E+00  0.1000000E+01
         1    64      2  0.6746985E-04  0.0000000E+00  0.1000000E+01
         1    64      3  0.1011507E-03  0.0000000E+00  0.1000000E+01
         1    64      4  0.1348307E-03  0.0000000E+00  0.1000000E+01
         1    64      5  0.1685101E-03  0.0000000E+00  0.1000000E+01
         1    64      6  0.2021886E-03  0.0000000E+00  0.1000000E+01
         1    64      7  0.2358664E-03  0.0000000E+00  0.1000000E+01
         1    64      8  0.2695436E-03  0.0000000E+00  0.1000000E+01
         1    64      9  0.3032200E-03  0.0000000E+00  0.1000000E+01
         1    64     10 -0.5138933E-03  0.0000000E+00  0.9999999E+00

         1    65      0  0.0000000E+00  0.0000000E+00  0.0000000E+00
         1    65      1  0.1058533E-06  0.0000000E+00  0.1000000E+01
         1    65      2  0.6746985E-04  0.0000000E+00  0.1000000E+01
         1    65      3  0.1011507E-03  0.0000000E+00  0.1000000E+01
         1    65      4  0.1348307E-03  0.0000000E+00  0.1000000E+01
         1    65      5  0.1685101E-03  0.0000000E+00  0.1000000E+01
         1    65      6  0.2021886E-03  0.0000000E+00  0.1000000E+01
         1    65      7  0.2358664E-03  0.0000000E+00  0.1000000E+01
         1    65      8  0.2695436E-03  0.0000000E+00  0.1000000E+01
         1    65      9  0.3032200E-03  0.0000000E+00  0.1000000E+01
         1    65     10 -0.5138933E-03  0.0000000E+00  0.9999999E+00

         1    66      0  0.0000000E+00  0.0000000E+00  0.0000000E+00
         1    66      1  0.1058533E-06  0.0000000E+00  0.1000000E+01
         1    66      2  0.6746985E-04  0.0000000E+00  0.1000000E+01
         1    66      3  0.1011507E-03  0.0000000E+00  0.1000000E+01
         1    66      4  0.1348307E-03  0.0000000E+00  0.1000000E+01
         1    66      5  0.1685101E-03  0.0000000E+00  0.1000000E+01
         1    66      6  0.2021886E-03  0.0000000E+00  0.1000000E+01
         1    66      7  0.2358664E-03  0.0000000E+00  0.1000000E+01
         1    66      8  0.2695436E-03  0.0000000E+00  0.1000000E+01
         1    66      9  0.3032200E-03  0.0000000E+00  0.1000000E+01
         1    66     10 -0.5138933E-03  0.0000000E+00  0.9999999E+00

         1    67      0  0.0000000E+00  0.0000000E+00  0.0000000E+00
         1    67      1  0.1058533E-06  0.0000000E+00  0.1000000E+01
         1    67      2  0.6746985E-04  0.0000000E+00  0.1000000E+01
         1    67      3  0.1011507E-03  0.0000000E+00  0.1000000E+01
         1    67      4  0.1348307E-03  0.0000000E+00  0.1000000E+01
         1    67      5  0.1685101E-03  0.0000000E+00  0.1000000E+01
         1    67      6  0.2021886E-03  0.0000000E+00  0.1000000E+01
         1    67      7  0.2358664E-03  0.0000000E+00  0.1000000E+01
         1    67      8  0.2695436E-03  0.0000000E+00  0.1000000E+01
         1    67      9  0.3032200E-03  0.0000000E+00  0.1000000E+01
         1    67     10 -0.5138933E-03  0.0000000E+00  0.9999999E+00

         1    68      0  0.0000000E+00  0.0000000E+00  0.0000000E+00
         1    68      1  0.1234955E-06  0.0000000E+00  0.1000000E+01
         1    68      2  0.6746033E-04  0.0000000E+00  0.1000000E+01
         1    68      3  0.1011276E-03  0.0000000E+00  0.1000000E+01
         1    68      4  0.1347941E-03  0.0000000E+00  0.1000000E+01
         1    68      5  0.1684598E-03  0.0000000E+00  0.1000000E+01
         1    68      6  0.2021248E-03  0.0000000E+00  0.1000000E+01
         1    68      7  0.2357891E-03  0.0000000E+00  0.1000000E+01
         1    68      8  0.2694526E-03  0.0000000E+00  0.1000000E+01
         1    68      9  0.3031155E-03  0.0000000E+00  0.1000000E+01
         1    68     10 -0.5115636E-03  0.0000000E+00  0.9999999E+00

         1    69      0  0.0000000E+00  0.0000000E+00  0.0000000E+00
         1    69      1  0.1234955E-06  0.0000000E+00  0.1000000E+01
         1    69      2  0.6746033E-04  0.0000000E+00  0.1000000E+01
         1    69      3  0.1011276E-03  0.0000000E+00  0.1000000E+01
         1    69      4  0.1347941E-03  0.0000000E+00  0.1000000E+01
         1    69      5  0.1684598E-03  0.0000000E+00  0.1000000E+01
         1    69      6  0.2021248E-03  0.0000000E+00  0.1000000E+01
         1    69      7  0.2357891E-03  0.0000000E+00  0.1000000E+01
         1    69      8  0.2694526E-03  0.0000000E+00  0.1000000E+01
         1    69      9  0.3031155E-03  0.0000000E+00  0.1000000E+01
         1    69     10 -0.5115636E-03  0.0000000E+00  0.9999999E+00

         1    70      0  0.0000000E+00  0.0000000E+00  0.0000000E+00
         1    70      1  0.1234955E-06  0.0000000E+00  0.1000000E+01
         1    70      2  0.6746033E-04  0.0000000E+00  0.1000000E+01
         1    70      3  0.1011276E-03  0.0000000E+00  0.1000000E+01
         1    70      4  0.1347941E-03  0.0000000E+00  0.1000000E+01
         1    70      5  0.1684598E-03  0.0000000E+00  0.1000000E+01
         1    70      6  0.2021248E-03  0.0000000E+00  0.1000000E+01
         1    70      7  0.2357891E-03  0.0000000E+00  0.1000000E+01
         1    70      8  0.2694526E-03  0.0000000E+00  0.1000000E+01
         1    70      9  0.3031155E-03  0.0000000E+00  0.1000000E+01
         1    70     10 -0.5115636E-03  0.0000000E+00  0.9999999E+00

         1    71      0  0.0000000E+00  0.0000000E+00  0.0000000E+00
         1    71      1  0.1234955E-06  0.0000000E+00  0.1000000E+01
         1    71      2  0.6746033E-04  0.0000000E+00  0.1000000E+01
         1    71      3  0.1011276E-03  0.0000000E+00  0.1000000E+01
         1    71      4  0.1347941E-03  0.0000000E+00  0.1000000E+01
         1    71      5  0.1684598E-03  0.0000000E+00  0.1000000E+01
         1    71      6  0.2021248E-03  0.0000000E+00  0.1000000E+01
         1    71      7  0.2357891E-03  0.0000000E+00  0.1000000E+01
         1    71      8  0.2694526E-03  0.0000000E+00  0.1000000E+01
         1    71      9  0.3031155E-03  0.0000000E+00  0.1000000E+01
         1    71     10 -0.5115636E-03  0.0000000E+00  0.9999999E+00

         1    72      0  0.0000000E+00  0.0000000E+00  0.0000000E+00
         1    72      1  0.1234955E-06  0.0000000E+00  0.1000000E+01
         1    72      2  0.3073628E-04  0.0000000E+00  0.1000000E+01
         1    72      3  0.4604574E-04  0.0000000E+00  0.1000000E+01
         1    72      4  0.6135724E-04  0.0000000E+00  0.1000000E+01
         1    72      5  0.7667077E-04  0.0000000E+00  0.1000000E+01
         1    72      6  0.9198633E-04  0.0000000E+00  0.1000000E+01
         1    72      7  0.1073039E-03  0.0000000E+00  0.1000000E+01
         1    72      8  0.1226235E-03  0.0000000E+00  0.1000000E+01
         1    72      9  0.1379451E-03  0.0000000E+00  0.1000000E+01
         1    72     10 -0.8181518E-03  0.0000000E+00  0.9999997E+00

         1    73      0  0.0000000E+00  0.0000000E+00  0.0000000E+00
         1    73      1  0.1234955E-06  0.0000000E+00  0.1000000E+01
         1    73      2 -0.7636054E-05  0.0000000E+00  0.1000000E+01
         1    73      3 -0.1150856E-04  0.0000000E+00  0.1000000E+01
         1    73      4 -0.1537625E-04  0.0000000E+00  0.1000000E+01
         1    73      5 -0.1923915E-04  0.0000000E+00  0.1000000E+01
         1    73      6 -0.2309727E-04  0.0000000E+00  0.1000000E+01
         1    73      7 -0.2695065E-04  0.0000000E+00  0.1000000E+01
         1    73      8 -0.3079930E-04  0.0000000E+00  0.1000000E+01
         1    73      9 -0.3464326E-04  0.0000000E+00  0.1000000E+01
         1    73     10 -0.1119249E-02  0.0000000E+00  0.9999994E+00

         1    74      0  0.0000000E+00  0.0000000E+00  0.0000000E+00
         1    74      1  0.1234955E-06  0.0000000E+00  0.1000000E+01
         1    74      2 -0.7636054E-05  0.0000000E+00  0.1000000E+01
         1    74      3 -0.1150856E-04  0.0000000E+00  0.1000000E+01
         1    74      4 -0.1537625E-04  0.0000000E+00  0.1000000E+01
         1    74      5 -0.1923915E-04  0.0000000E+00  0.1000000E+01
         1    74      6 -0.2309727E-04  0.0000000E+00  0.1000000E+01
         1    74      7 -0.2695065E-04  0.0000000E+00  0.1000000E+01
         1    74      8 -0.3079930E-04  0.0000000E+00  0.1000000E+01
         1    74      9 -0.3464326E-04  0.0000000E+00  0.1000000E+01
         1    74     10 -0.1119249E-02  0.0000000E+00  0.9999994E+00

         1    75      0  0.0000000E+00  0.0000000E+00  0.0000000E+00
         1    75      1  0.1234955E-06  0.0000000E+00  0.1000000E+01
         1    75      2 -0.7636054E-05  0.0000000E+00  0.1000000E+01
         1    75      3 -0.1150856E-04  0.0000000E+00  0.1000000E+01
         1    75      4 -0.1537625E-04  0.0000000E+00  0.1000000E+01
         1    75      5 -0.1923915E-04  0.0000000E+00  0.1000000E+01
         1    75      6 -0.2309727E-04  0.0000000E+00  0.1000000E+01
         1    75      7 -0.2695065E-04  0.0000000E+00  0.1000000E+01
         1    75      8 -0.3079930E-04  0.0000000E+00  0.1000000E+01
         1    75      9 -0.3464326E-04  0.0000000E+00  0.1000000E+01
         1    75     10 -0.1119249E-02  0.0000000E+00  0.9999994E+00

         1    76      0  0.0000000E+00  0.0000000E+00  0.0000000E+00
         1    76      1  0.1234955E-06  0.0000000E+00  0.1000000E+01
         1    76      2 -0.7636054E-05  0.0000000E+00  0.1000000E+01
         1    76      3 -0.1150856E-04  0.0000000E+00  0.1000000E+01
         1    76      4 -0.1537625E-04  0.0000000E+00  0.1000000E+01
         1    76      5 -0.1923915E-04  0.0000000E+00  0.1000000E+01
         1    76      6 -0.2309727E-04  0.0000000E+00  0.1000000E+01
         1    76      7 -0.2695065E-04  0.0000000E+00  0.1000000E+01
         1    76      8 -0.3079930E-04  0.0000000E+00  0.1000000E+01
         1    76      9 -0.3464326E-04  0.0000000E+00  0.1000000E+01
         1    76     10 -0.1119249E-02  0.0000000E+00  0.9999994E+00

         1    77      0  0.0000000E+00  0.0000000E+00  0.0000000E+00
         1    77      1  0.1411377E-06  0.0000000E+00  0.1000000E+01
         1    77      2 -0.7682805E-05  0.0000000E+00  0.1000000E+01
         1    77      3 -0.1158750E-04  0.0000000E+00  0.1000000E+01
         1    77      4 -0.1548738E-04  0.0000000E+00  0.1000000E+01
         1    77      5 -0.1938246E-04  0.0000000E+00  0.1000000E+01
         1    77      6 -0.2327277E-04  0.0000000E+00  0.1000000E+01
         1    77      7 -0.2715832E-04  0.0000000E+00  0.1000000E+01
         1    77      8 -0.3103915E-04  0.0000000E+00  0.1000000E+01
         1    77      9 -0.3491527E-04  0.0000000E+00  0.1000000E+01
         1    77     10 -0.1116795E-02  0.0000000E+00  0.9999994E+00

         1    78      0  0.0000000E+00  0.0000000E+00  0.0000000E+00
         1    78      1  0.1411377E-06  0.0000000E+00  0.1000000E+01
         1    78      2 -0.7682805E-05  0.0000000E+00  0.1000000E+01
         1    78      3 -0.1158750E-04  0.0000000E+00  0.1000000E+01
         1    78      4 -0.1548738E-04  0.0000000E+00  0.1000000E+01
         1    78      5 -0.1938246E-04  0.0000000E+00  0.1000000E+01
         1    78      6 -0.2327277E-04  0.0000000E+00  0.1000000E+01
         1    78      7 -0.2715832E-04  0.0000000E+00  0.1000000E+01
         1    78      8 -0.3103915E-04  0.0000000E+00  0.1000000E+01
         1    78      9 -0.3491527E-04  0.0000000E+00  0.1000000E+01
         1    78     10 -0.1116795E-02  0.0000000E+00  0.9999994E+00

         1    79      0  0.0000000E+00  0.0000000E+00  0.0000000E+00
         1    79      1  0.1411377E-06  0.0000000E+00  0.1000000E+01
         1    79      2 -0.7682805E-05  0.0000000E+00  0.1000000E+01
         1    79      3 -0.1158750E-04  0.0000000E+00  0.1000000E+01
         1    79      4 -0.1548738E-04  0.0000000E+00  0.1000000E+01
         1    79      5 -0.1938246E-04  0.0000000E+00  0.1000000E+01
         1    79      6 -0.2327277E-04  0.0000000E+00  0.1000000E+01
         1    79      7 -0.2715832E-04  0.0000000E+00  0.1000000E+01
         1    79      8 -0.3103915E-04  0.0000000E+00  0.1000000E+01
         1    79      9 -0.3491527E-04  0.0000000E+00  0.1000000E+01
         1    79     10 -0.1116795E-02  0.0000000E+00  0.9999994E+00

         1    80      0  0.0000000E+00  0.0000000E+00  0.0000000E+00
         1    80      1  0.1411377E-06  0.0000000E+00  0.1000000E+01
         1    80      2 -0.7682805E-05  0.0000000E+00  0.1000000E+01
         1    80      3 -0.1158750E-04  0.0000000E+00  0.1000000E+01
         1    80      4 -0.1548738E-04  0.0000000E+00  0.1000000E+01
         1    80      5 -0.1938246E-04  0.0000000E+00  0.1000000E+01
         1    80      6 -0.2327277E-04  0.0000000E+00  0.1000000E+01
         1    80      7 -0.2715832E-04  0.0000000E+00  0.1000000E+01
         1    80      8 -0.3103915E-04  0.0000000E+00  0.1000000E+01
         1    80      9 -0.3491527E-04  0.0000000E+00  0.1000000E+01
         1    80     10 -0.1116795E-02  0.0000000E+00  0.9999994E+00

         1    81      0  0.0000000E+00  0.0000000E+00  0.0000000E+00
         1    81      1  0.1411377E-06  0.0000000E+00  0.1000000E+01
         1    81      2  0.2831901E-04  0.0000000E+00  0.1000000E+01
         1    81      3  0.4241381E-04  0.0000000E+00  0.1000000E+01
         1    81      4  0.5651251E-04  0.0000000E+00  0.1000000E+01
         1    81      5  0.7061508E-04  0.0000000E+00  0.1000000E+01
         1    81      6  0.8472150E-04  0.0000000E+00  0.1000000E+01
         1    81      7  0.9883175E-04  0.0000000E+00  0.1000000E+01
         1    81      8  0.1129458E-03  0.0000000E+00  0.1000000E+01
         1    81      9  0.1270637E-03  0.0000000E+00  0.1000000E+01
         1    81     10 -0.1025055E-02  0.0000000E+00  0.9999995E+00

         1    82      0  0.0000000E+00  0.0000000E+00  0.0000000E+00
         1    82      1  0.1411377E-06  0.0000000E+00  0.1000000E+01
         1    82      2  0.6564657E-04  0.0000000E+00  0.1000000E+01
         1    82      3  0.9840390E-04  0.0000000E+00  0.1000000E+01
         1    82      4  0.1311643E-03  0.0000000E+00  0.1000000E+01
         1    82      5  0.1639277E-03  0.0000000E+00  0.1000000E+01
         1    82      6  0.1966941E-03  0.0000000E+00  0.1000000E+01
         1    82      7  0.2294636E-03  0.0000000E+00  0.1000000E+01
         1    82      8  0.2622360E-03  0.0000000E+00  0.1000000E+01
         1    82      9  0.2950114E-03  0.0000000E+00  0.1000000E+01
         1    82     10 -0.9423502E-03  0.0000000E+00  0.9999996E+00

         1    83      0  0.0000000E+00  0.0000000E+00  0.0000000E+00
         1    83      1  0.1411377E-06  0.0000000E+00  0.1000000E+01
         1    83      2  0.6564657E-04  0.0000000E+00  0.1000000E+01
         1    83      3  0.9840390E-04  0.0000000E+00  0.1000000E+01
         1    83      4  0.1311643E-03  0.0000000E+00  0.1000000E+01
         1    83      5  0.1639277E-03  0.0000000E+00  0.1000000E+01
         1    83      6  0.1966941E-03  0.0000000E+00  0.1000000E+01
         1    83      7  0.2294636E-03  0.0000000E+00  0.1000000E+01
         1    83      8  0.2622360E-03  0.0000000E+00  0.1000000E+01
         1    83      9  0.2950114E-03  0.0000000E+00  0.1000000E+01
         1    83     10 -0.9423502E-03  0.0000000E+00  0.9999996E+00

         1    84      0  0.0000000E+00  0.0000000E+00  0.0000000E+00
         1    84      1  0.1411377E-06  0.0000000E+00  0.1000000E+01
         1    84      2  0.6564657E-04  0.0000000E+00  0.1000000E+01
         1    84      3  0.9840390E-04  0.0000000E+00  0.1000000E+01
         1    84      4  0.1311643E-03  0.0000000E+00  0.1000000E+01
         1    84      5  0.1639277E-03  0.0000000E+00  0.1000000E+01
         1    84      6  0.1966941E-03  0.0000000E+00  0.1000000E+01
         1    84      7  0.2294636E-03  0.0000000E+00  0.1000000E+01
         1    84      8  0.2622360E-03  0.0000000E+00  0.1000000E+01
         1    84      9  0.2950114E-03  0.0000000E+00  0.1000000E+01
         1    84     10 -0.9423502E-03  0.0000000E+00  0.9999996E+00

         1    85      0  0.0000000E+00  0.0000000E+00  0.0000000E+00
         1    85      1  0.1411377E-06  0.0000000E+00  0.1000000E+01
         1    85      2  0.6564657E-04  0.0000000E+00  0.1000000E+01
         1    85      3  0.9840390E-04  0.0000000E+00  0.1000000E+01
         1    85      4  0.1311643E-03  0.0000000E+00  0.1000000E+01
         1    85      5  0.1639277E-03  0.0000000E+00  0.1000000E+01
         1    85      6  0.1966941E-03  0.0000000E+00  0.1000000E+01
         1    85      7  0.2294636E-03  0.0000000E+00  0.1000000E+01
         1    85      8  0.2622360E-03  0.0000000E+00  0.1000000E+01
         1    85      9  0.2950114E-03  0.0000000E+00  0.1000000E+01
         1    85     10 -0.9423502E-03  0.0000000E+00  0.9999996E+00

         1    86      0  0.0000000E+00  0.0000000E+00  0.0000000E+00
         1    86      1  0.1587799E-06  0.0000000E+00  0.1000000E+01
         1    86      2  0.6556603E-04  0.0000000E+00  0.1000000E+01
         1    86      3  0.9827426E-04  0.0000000E+00  0.1000000E+01
         1    86      4  0.1309855E-03  0.0000000E+00  0.1000000E+01
         1    86      5  0.1636999E-03  0.0000000E+00  0.1000000E+01
         1    86      6  0.1964172E-03  0.0000000E+00  0.1000000E+01
         1    86      7  0.2291376E-03  0.0000000E+00  0.1000000E+01
         1    86      8  0.2618609E-03  0.0000000E+00  0.1000000E+01
         1    86      9  0.2945873E-03  0.0000000E+00  0.1000000E+01
         1    86     10 -0.9396661E-03  0.0000000E+00  0.9999996E+00

         1    87      0  0.0000000E+00  0.0000000E+00  0.0000000E+00
         1    87      1  0.1587799E-06  0.0000000E+00  0.1000000E+01
         1    87      2  0.6556603E-04  0.0000000E+00  0.1000000E+01
         1    87      3  0.9827426E-04  0.0000000E+00  0.1000000E+01
         1    87      4  0.1309855E-03  0.0000000E+00  0.1000000E+01
         1    87      5  0.1636999E-03  0.0000000E+00  0.1000000E+01
         1    87      6  0.1964172E-03  0.0000000E+00  0.1000000E+01
         1    87      7  0.2291376E-03  0.0000000E+00  0.1000000E+01
         1    87      8  0.2618609E-03  0.0000000E+00  0.1000000E+01
         1    87      9  0.2945873E-03  0.0000000E+00  0.1000000E+01
         1    87     10 -0.9396661E-03  0.0000000E+00  0.9999996E+00

         1    88      0  0.0000000E+00  0.0000000E+00  0.0000000E+00
         1    88      1  0.1587799E-06  0.0000000E+00  0.1000000E+01
         1    88      2  0.6556603E-04  0.0000000E+00  0.1000000E+01
         1    88      3  0.9827426E-04  0.0000000E+00  0.1000000E+01
         1    88      4  0.1309855E-03  0.0000000E+00  0.1000000E+01
         1    88      5  0.1636999E-03  0.0000000E+00  0.1000000E+01
         1    88      6  0.1964172E-03  0.0000000E+00  0.1000000E+01
         1    88      7  0.2291376E-03  0.0000000E+00  0.1000000E+01
         1    88      8  0.2618609E-03  0.0000000E+00  0.1000000E+01
         1    88      9  0.2945873E-03  0.0000000E+00  0.1000000E+01
         1    88     10 -0.9396661E-03  0.0000000E+00  0.9999996E+00

         1    89      0  0.0000000E+00  0.0000000E+00  0.0000000E+00
         1    89      1  0.1587799E-06  0.0000000E+00  0.1000000E+01
         1    89      2  0.6556603E-04  0.0000000E+00  0.1000000E+01
         1    89      3  0.9827426E-04  0.0000000E+00  0.1000000E+01
         1    89      4  0.1309855E-03  0.0000000E+00  0.1000000E+01
         1    89      5  0.1636999E-03  0.0000000E+00  0.1000000E+01
         1    89      6  0.1964172E-03  0.0000000E+00  0.1000000E+01
         1    89      7  0.2291376E-03  0.0000000E+00  0.1000000E+01
         1    89      8  0.2618609E-03  0.0000000E+00  0.1000000E+01
         1    89      9  0.2945873E-03  0.0000000E+00  0.1000000E+01
         1    89     10 -0.9396661E-03  0.0000000E+00  0.9999996E+00

         1    90      0  0.0000000E+00  0.0000000E+00  0.0000000E+00
         1    90      1  0.1587799E-06  0.0000000E+00  0.1000000E+01
         1    90      2 -0.1197928E-04  0.0000000E+00  0.1000000E+01
         1    90      3 -0.1804433E-04  0.0000000E+00  0.1000000E+01
         1    90      4 -0.2410674E-04  0.0000000E+00  0.1000000E+01
         1    90      5 -0.3016653E-04  0.0000000E+00  0.1000000E+01
         1    90      6 -0.3622371E-04  0.0000000E+00  0.1000000E+01
         1    90      7 -0.4227828E-04  0.0000000E+00  0.1000000E+01
         1    90      8 -0.4833025E-04  0.0000000E+00  0.1000000E+01
         1    90      9 -0.5437965E-04  0.0000000E+00  0.1000000E+01
         1    90     10 -0.9737564E-03  0.0000000E+00  0.9999995E+00

         1    91      0  0.0000000E+00  0.0000000E+00  0.0000000E+00
         1    91      1  0.1587799E-06  0.0000000E+00  0.1000000E+01
         1    91      2 -0.8918329E-04  0.0000000E+00  0.1000000E+01
         1    91      3 -0.1338510E-03  0.0000000E+00  0.1000000E+01
         1    91      4 -0.1785166E-03  0.0000000E+00  0.1000000E+01
         1    91      5 -0.2231800E-03  0.0000000E+00  0.1000000E+01
         1    91      6 -0.2678412E-03  0.0000000E+00  0.1000000E+01
         1    91      7 -0.3125002E-03  0.0000000E+00  0.1000000E+01
         1    91      8 -0.3571572E-03  0.0000000E+00  0.9999999E+00
         1    91      9 -0.4018119E-03  0.0000000E+00  0.9999999E+00
         1    91     10 -0.1004421E-02  0.0000000E+00  0.9999995E+00

         1    92      0  0.0000000E+00  0.0000000E+00  0.0000000E+00
         1    92      1  0.1587799E-06  0.0000000E+00  0.1000000E+01
         1    92      2 -0.8918329E-04  0.0000000E+00  0.1000000E+01
         1    92      3 -0.1338510E-03  0.0000000E+00  0.1000000E+01
         1    92      4 -0.1785166E-03  0.0000000E+00  0.1000000E+01
         1    92      5 -0.2231800E-03  0.0000000E+00  0.1000000E+01
         1    92      6 -0.2678412E-03  0.0000000E+00  0.1000000E+01
         1    92      7 -0.3125002E-03  0.0000000E+00  0.1000000E+01
         1    92      8 -0.3571572E-03  0.0000000E+00  0.9999999E+00
         1    92      9 -0.4018119E-03  0.0000000E+00  0.9999999E+00
         1    92     10 -0.1004421E-02  0.0000000E+00  0.9999995E+00

         1    93      0  0.0000000E+00  0.0000000E+00  0.0000000E+00
         1    93      1  0.1587799E-06  0.0000000E+00  0.1000000E+01
         1    93      2 -0.8918329E-04  0.0000000E+00  0.1000000E+01
         1    93      3 -0.1338510E-03  0.0000000E+00  0.1000000E+01
         1    93      4 -0.1785166E-03  0.0000000E+00  0.1000000E+01
         1    93      5 -0.2231800E-03  0.0000000E+00  0.1000000E+01
         1    93      6 -0.2678412E-03  0.0000000E+00  0.1000000E+01
         1    93      7 -0.3125002E-03  0.0000000E+00  0.1000000E+01
         1    93      8 -0.3571572E-03  0.0000000E+00  0.9999999E+00
         1    93      9 -0.4018119E-03  0.0000000E+00  0.9999999E+00
         1    93     10 -0.1004421E-02  0.0000000E+00  0.9999995E+00

         1    94      0  0.0000000E+00  0.0000000E+00  0.0000000E+00
         1    94      1  0.1587799E-06  0.0000000E+00  0.1000000E+01
         1    94      2 -0.8918329E-04  0.0000000E+00  0.1000000E+01
         1    94      3 -0.1338510E-03  0.0000000E+00  0.1000000E+01
         1    94      4 -0.1785166E-03  0.0000000E+00  0.1000000E+01
         1    94      5 -0.2231800E-03  0.0000000E+00  0.1000000E+01
         1    94      6 -0.2678412E-03  0.0000000E+00  0.1000000E+01
         1    94      7 -0.3125002E-03  0.0000000E+00  0.1000000E+01
         1    94      8 -0.3571572E-03  0.0000000E+00  0.9999999E+00
         1    94      9 -0.4018119E-03  0.0000000E+00  0.9999999E+00
         1    94     10 -0.1004421E-02  0.0000000E+00  0.9999995E+00

         1    95      0  0.0000000E+00  0.0000000E+00  0.0000000E+00
         1    95      1  0.1764221E-06  0.0000000E+00  0.1000000E+01
         1    95      2 -0.8925612E-04  0.0000000E+00  0.1000000E+01
         1    95      3 -0.1339691E-03  0.0000000E+00  0.1000000E+01
         1    95      4 -0.1786799E-03  0.0000000E+00  0.1000000E+01
         1    95      5 -0.2233885E-03  0.0000000E+00  0.1000000E+01
         1    95      6 -0.2680950E-03  0.0000000E+00  0.1000000E+01
         1    95      7 -0.3127993E-03  0.0000000E+00  0.1000000E+01
         1    95      8 -0.3575014E-03  0.0000000E+00  0.9999999E+00
         1    95      9 -0.4022014E-03  0.0000000E+00  0.9999999E+00
         1    95     10 -0.1001659E-02  0.0000000E+00  0.9999995E+00

         1    96      0  0.0000000E+00  0.0000000E+00  0.0000000E+00
         1    96      1  0.1764221E-06  0.0000000E+00  0.1000000E+01
         1    96      2 -0.8925612E-04  0.0000000E+00  0.1000000E+01
         1    96      3 -0.1339691E-03  0.0000000E+00  0.1000000E+01
         1    96      4 -0.1786799E-03  0.0000000E+00  0.1000000E+01
         1    96      5 -0.2233885E-03  0.0000000E+00  0.1000000E+01
         1    96      6 -0.2680950E-03  0.0000000E+00  0.1000000E+01
         1    96      7 -0.3127993E-03  0.0000000E+00  0.1000000E+01
         1    96      8 -0.3575014E-03  0.0000000E+00  0.9999999E+00
         1    96      9 -0.4022014E-03  0.0000000E+00  0.9999999E+00
         1    96     10 -0.1001659E-02  0.0000000E+00  0.9999995E+00

         1    97      0  0.0000000E+00  0.0000000E+00  0.0000000E+00
         1    97      1  0.1764221E-06  0.0000000E+00  0.1000000E+01
         1    97      2 -0.8925612E-04  0.0000000E+00  0.1000000E+01
         1    97      3 -0.1339691E-03  0.0000000E+00  0.1000000E+01
         1    97      4 -0.1786799E-03  0.0000000E+00  0.1000000E+01
         1    97      5 -0.2233885E-03  0.0000000E+00  0.1000000E+01
         1    97      6 -0.2680950E-03  0.0000000E+00  0.1000000E+01
         1    97      7 -0.3127993E-03  0.0000000E+00  0.1000000E+01
         1    97      8 -0.3575014E-03  0.0000000E+00  0.9999999E+00
         1    97      9 -0.4022014E-03  0.0000000E+00  0.9999999E+00
         1    97     10 -0.1001659E-02  0.0000000E+00  0.9999995E+00

         1    98      0  0.0000000E+00  0.0000000E+00  0.0000000E+00
         1    98      1  0.1764221E-06  0.0000000E+00  0.1000000E+01
         1    98      2 -0.8925612E-04  0.0000000E+00  0.1000000E+01
         1    98      3 -0.1339691E-03  0.0000000E+00  0.1000000E+01
         1    98      4 -0.1786799E-03  0.0000000E+00  0.1000000E+01
         1    98      5 -0.2233885E-03  0.0000000E+00  0.1000000E+01
         1    98      6 -0.2680950E-03  0.0000000E+00  0.1000000E+01
         1    98      7 -0.3127993E-03  0.0000000E+00  0.1000000E+01
         1    98      8 -0.3575014E-03  0.0000000E+00  0.9999999E+00
         1    98      9 -0.4022014E-03  0.0000000E+00  0.9999999E+00
         1    98     10 -0.1001659E-02  0.0000000E+00  0.9999995E+00

         1    99      0  0.0000000E+00  0.0000000E+00  0.0000000E+00
         1    99      1  0.1764221E-06  0.0000000E+00  0.1000000E+01
         1    99      2 -0.6016367E-04  0.0000000E+00  0.1000000E+01
         1    99      3 -0.9033046E-04  0.0000000E+00  0.1000000E+01
         1    99      4 -0.1204951E-03  0.0000000E+00  0.1000000E+01
         1    99      5 -0.1506576E-03  0.0000000E+00  0.1000000E+01
         1    99      6 -0.1808180E-03  0.0000000E+00  0.1000000E+01
         1    99      7 -0.2109762E-03  0.0000000E+00  0.1000000E+01
         1    99      8 -0.2411324E-03  0.0000000E+00  0.1000000E+01
         1    99      9 -0.2712866E-03  0.0000000E+00  0.1000000E+01
         1    99     10 -0.1001626E-02  0.0000000E+00  0.9999995E+00

         1   100      0  0.0000000E+00  0.0000000E+00  0.0000000E+00
         1   100      1  0.1764221E-06  0.0000000E+00  0.1000000E+01
         1   100      2 -0.2925072E-04  0.0000000E+00  0.1000000E+01
         1   100      3 -0.4396106E-04  0.0000000E+00  0.1000000E+01
         1   100      4 -0.5866929E-04  0.0000000E+00  0.1000000E+01
         1   100      5 -0.7337543E-04  0.0000000E+00  0.1000000E+01
         1   100      6 -0.8807952E-04  0.0000000E+00  0.1000000E+01
         1   100      7 -0.1027816E-03  0.0000000E+00  0.1000000E+01
         1   100      8 -0.1174816E-03  0.0000000E+00  0.1000000E+01
         1   100      9 -0.1321797E-03  0.0000000E+00  0.1000000E+01
         1   100     10 -0.1001658E-02  0.0000000E+00  0.9999995E+00

         1   101      0  0.0000000E+00  0.0000000E+00  0.0000000E+00
         1   101      1  0.1764221E-06  0.0000000E+00  0.1000000E+01
         1   101      2 -0.2925072E-04  0.0000000E+00  0.1000000E+01
         1   101      3 -0.4396106E-04  0.0000000E+00  0.1000000E+01
         1   101      4 -0.5866929E-04  0.0000000E+00  0.1000000E+01
         1   101      5 -0.7337543E-04  0.0000000E+00  0.1000000E+01
         1   101      6 -0.8807952E-04  0.0000000E+00  0.1000000E+01
         1   101      7 -0.1027816E-03  0.0000000E+00  0.1000000E+01
         1   101      8 -0.1174816E-03  0.0000000E+00  0.1000000E+01
         1   101      9 -0.1321797E-03  0.0000000E+00  0.1000000E+01
         1   101     10 -0.1001658E-02  0.0000000E+00  0.9999995E+00

         1   102      0  0.0000000E+00  0.0000000E+00  0.0000000E+00
         1   102      1  0.1764221E-06  0.0000000E+00  0.1000000E+01
         1   102      2 -0.2925072E-04  0.0000000E+00  0.1000000E+01
         1   102      3 -0.4396106E-04  0.0000000E+00  0.1000000E+01
         1   102      4 -0.5866929E-04  0.0000000E+00  0.1000000E+01
         1   102      5 -0.7337543E-04  0.0000000E+00  0.1000000E+01
         1   102      6 -0.8807952E-04  0.0000000E+00  0.1000000E+01
         1   102      7 -0.1027816E-03  0.0000000E+00  0.1000000E+01
         1   102      8 -0.1174816E-03  0.0000000E+00  0.1000000E+01
         1   102      9 -0.1321797E-03  0.0000000E+00  0.1000000E+01
         1   102     10 -0.1001658E-02  0.0000000E+00  0.9999995E+00

         1   103      0  0.0000000E+00  0.0000000E+00  0.0000000E+00
         1   103      1  0.1764221E-06  0.0000000E+00  0.1000000E+01
         1   103      2 -0.2925072E-04  0.0000000E+00  0.1000000E+01
         1   103      3 -0.4396106E-04  0.0000000E+00  0.1000000E+01
         1   103      4 -0.5866929E-04  0.0000000E+00  0.1000000E+01
         1   103      5 -0.7337543E-04  0.0000000E+00  0.1000000E+01
         1   103      6 -0.8807952E-04  0.0000000E+00  0.1000000E+01
         1   103      7 -0.1027816E-03  0.0000000E+00  0.1000000E+01
         1   103      8 -0.1174816E-03  0.0000000E+00  0.1000000E+01
         1   103      9 -0.1321797E-03  0.0000000E+00  0.1000000E+01
         1   103     10 -0.1001658E-02  0.0000000E+00  0.9999995E+00

         1   104      0  0.0000000E+00  0.0000000E+00  0.0000000E+00
         1   104      1  0.1764221E-06  0.0000000E+00  0.1000000E+01
         1   104      2 -0.2925072E-04  0.0000000E+00  0.1000000E+01
         1   104      3 -0.4396106E-04  0.0000000E+00  0.1000000E+01
         1   104      4 -0.5866929E-04  0.0000000E+00  0.1000000E+01
         1   104      5 -0.7337543E-04  0.0000000E+00  0.1000000E+01
         1   104      6 -0.8807952E-04  0.0000000E+00  0.1000000E+01
         1   104      7 -0.1027816E-03  0.0000000E+00  0.1000000E+01
         1   104      8 -0.1174816E-03  0.0000000E+00  0.1000000E+01
         1   104      9 -0.1321797E-03  0.0000000E+00  0.1000000E+01
         1   104     10 -0.1001658E-02  0.0000000E+00  0.9999995E+00

         1   105      0  0.0000000E+00  0.0000000E+00  0.0000000E+00
         1   105      1  0.1764221E-06  0.0000000E+00  0.1000000E+01
         1   105      2 -0.2925072E-04  0.0000000E+00  0.1000000E+01
         1   105      3 -0.4396106E-04  0.0000000E+00  0.1000000E+01
         1   105      4 -0.5866929E-04  0.0000000E+00  0.1000000E+01
         1   105      5 -0.7337543E-04  0.0000000E+00  0.1000000E+01
         1   105      6 -0.8807952E-04  0.0000000E+00  0.1000000E+01
         1   105      7 -0.1027816E-03  0.0000000E+00  0.1000000E+01
         1   105      8 -0.1174816E-03  0.0000000E+00  0.1000000E+01
         1   105      9 -0.1321797E-03  0.0000000E+00  0.1000000E+01
         1   105     10 -0.1001658E-02  0.0000000E+00  0.9999995E+00

         1   106      0  0.0000000E+00  0.0000000E+00  0.0000000E+00
         1   106      1  0.1764221E-06  0.0000000E+00  0.1000000E+01
         1   106      2 -0.2925072E-04  0.0000000E+00  0.1000000E+01
         1   106      3 -0.4396106E-04  0.0000000E+00  0.1000000E+01
         1   106      4 -0.5866929E-04  0.0000000E+00  0.1000000E+01
         1   106      5 -0.7337543E-04  0.0000000E+00  0.1000000E+01
         1   106      6 -0.8807952E-04  0.0000000E+00  0.1000000E+01
         1   106      7 -0.1027816E-03  0.0000000E+00  0.1000000E+01
         1   106      8 -0.1174816E-03  0.0000000E+00  0.1000000E+01
         1   106      9 -0.1321797E-03  0.0000000E+00  0.1000000E+01
         1   106     10 -0.1001658E-02  0.0000000E+00  0.9999995E+00

         1   107      0  0.0000000E+00  0.0000000E+00  0.0000000E+00
         1   107      1  0.1764221E-06  0.0000000E+00  0.1000000E+01
         1   107      2 -0.2925072E-04  0.0000000E+00  0.1000000E+01
         1   107      3 -0.4396106E-04  0.0000000E+00  0.1000000E+01
         1   107      4 -0.5866929E-04  0.0000000E+00  0.1000000E+01
         1   107      5 -0.7337543E-04  0.0000000E+00  0.1000000E+01
         1   107      6 -0.8807952E-04  0.0000000E+00  0.1000000E+01
         1   107      7 -0.1027816E-03  0.0000000E+00  0.1000000E+01
         1   107      8 -0.1174816E-03  0.0000000E+00  0.1000000E+01
         1   107      9 -0.1321797E-03  0.0000000E+00  0.1000000E+01
         1   107     10 -0.1001658E-02  0.0000000E+00  0.9999995E+00

         1   108      0  0.0000000E+00  0.0000000E+00  0.0000000E+00
         1   108      1  0.1764221E-06  0.0000000E+00  0.1000000E+01
         1   108      2 -0.4530806E-04  0.0000000E+00  0.1000000E+01
         1   108      3 -0.6804698E-04  0.0000000E+00  0.1000000E+01
         1   108      4 -0.9078368E-04  0.0000000E+00  0.1000000E+01
         1   108      5 -0.1135182E-03  0.0000000E+00  0.1000000E+01
         1   108      6 -0.1362504E-03  0.0000000E+00  0.1000000E+01
         1   108      7 -0.1589804E-03  0.0000000E+00  0.1000000E+01
         1   108      8 -0.1817082E-03  0.0000000E+00  0.1000000E+01
         1   108      9 -0.2044337E-03  0.0000000E+00  0.1000000E+01
         1   108     10 -0.1000585E-02  0.0000000E+00  0.9999995E+00

         1   109      0  0.0000000E+00  0.0000000E+00  0.0000000E+00
         1   109      1  0.1764221E-06  0.0000000E+00  0.1000000E+01
         1   109      2 -0.5922253E-04  0.0000000E+00  0.1000000E+01
         1   109      3 -0.8891860E-04  0.0000000E+00  0.1000000E+01
         1   109      4 -0.1186123E-03  0.0000000E+00  0.1000000E+01
         1   109      5 -0.1483037E-03  0.0000000E+00  0.1000000E+01
         1   109      6 -0.1779927E-03  0.0000000E+00  0.1000000E+01
         1   109      7 -0.2076792E-03  0.0000000E+00  0.1000000E+01
         1   109      8 -0.2373632E-03  0.0000000E+00  0.1000000E+01
         1   109      9 -0.2670448E-03  0.0000000E+00  0.1000000E+01
         1   109     10 -0.9994815E-03  0.0000000E+00  0.9999995E+00

         1   110      0  0.0000000E+00  0.0000000E+00  0.0000000E+00
         1   110      1  0.1764221E-06  0.0000000E+00  0.1000000E+01
         1   110      2 -0.5922253E-04  0.0000000E+00  0.1000000E+01
         1   110      3 -0.8891860E-04  0.0000000E+00  0.1000000E+01
         1   110      4 -0.1186123E-03  0.0000000E+00  0.1000000E+01
         1   110      5 -0.1483037E-03  0.0000000E+00  0.1000000E+01
         1   110      6 -0.1779927E-03  0.0000000E+00  0.1000000E+01
         1   110      7 -0.2076792E-03  0.0000000E+00  0.1000000E+01
         1   110      8 -0.2373632E-03  0.0000000E+00  0.1000000E+01
         1   110      9 -0.2670448E-03  0.0000000E+00  0.1000000E+01
         1   110     10 -0.9994815E-03  0.0000000E+00  0.9999995E+00

         1   111      0  0.0000000E+00  0.0000000E+00  0.0000000E+00
         1   111      1  0.1764221E-06  0.0000000E+00  0.1000000E+01
         1   111      2 -0.5922253E-04  0.0000000E+00  0.1000000E+01
         1   111      3 -0.8891860E-04  0.0000000E+00  0.1000000E+01
         1   111      4 -0.1186123E-03  0.0000000E+00  0.1000000E+01
         1   111      5 -0.1483037E-03  0.0000000E+00  0.1000000E+01
         1   111      6 -0.1779927E-03  0.0000000E+00  0.1000000E+01
         1   111      7 -0.2076792E-03  0.0000000E+00  0.1000000E+01
         1   111      8 -0.2373632E-03  0.0000000E+00  0.1000000E+01
         1   111      9 -0.2670448E-03  0.0000000E+00  0.1000000E+01
         1   111     10 -0.9994815E-03  0.0000000E+00  0.9999995E+00

         1   112      0  0.0000000E+00  0.0000000E+00  0.0000000E+00
         1   112      1  0.1764221E-06  0.0000000E+00  0.1000000E+01
         1   112      2 -0.5922253E-04  0.0000000E+00  0.1000000E+01
         1   112      3 -0.8891860E-04  0.0000000E+00  0.1000000E+01
         1   112      4 -0.1186123E-03  0.0000000E+00  0.1000000E+01
         1   112      5 -0.1483037E-03  0.0000000E+00  0.1000000E+01
         1   112      6 -0.1779927E-03  0.0000000E+00  0.1000000E+01
         1   112      7 -0.2076792E-03  0.0000000E+00  0.1000000E+01
         1   112      8 -0.2373632E-03  0.0000000E+00  0.1000000E+01
         1   112      9 -0.2670448E-03  0.0000000E+00  0.1000000E+01
         1   112     10 -0.9994815E-03  0.0000000E+00  0.9999995E+00

         1   113      0  0.0000000E+00  0.0000000E+00  0.0000000E+00
         1   113      1  0.1764221E-06  0.0000000E+00  0.1000000E+01
         1   113      2 -0.5922253E-04  0.0000000E+00  0.1000000E+01
         1   113      3 -0.8891860E-04  0.0000000E+00  0.1000000E+01
         1   113      4 -0.1186123E-03  0.0000000E+00  0.1000000E+01
         1   113      5 -0.1483037E-03  0.0000000E+00  0.1000000E+01
         1   113      6 -0.1779927E-03  0.0000000E+00  0.1000000E+01
         1   113      7 -0.2076792E-03  0.0000000E+00  0.1000000E+01
         1   113      8 -0.2373632E-03  0.0000000E+00  0.1000000E+01
         1   113      9 -0.2670448E-03  0.0000000E+00  0.1000000E+01
         1   113     10 -0.9994815E-03  0.0000000E+00  0.9999995E+00

         1   114      0  0.0000000E+00  0.0000000E+00  0.0000000E+00
         1   114      1  0.1764221E-06  0.0000000E+00  0.1000000E+01
         1   114      2 -0.5922253E-04  0.0000000E+00  0.1000000E+01
         1   114      3 -0.8891860E-04  0.0000000E+00  0.1000000E+01
         1   114      4 -0.1186123E-03  0.0000000E+00  0.1000000E+01
         1   114      5 -0.1483037E-03  0.0000000E+00  0.1000000E+01
         1   114      6 -0.1779927E-03  0.0000000E+00  0.1000000E+01
         1   114      7 -0.2076792E-03  0.0000000E+00  0.1000000E+01
         1   114      8 -0.2373632E-03  0.0000000E+00  0.1000000E+01
         1   114      9 -0.2670448E-03  0.0000000E+00  0.1000000E+01
         1   114     10 -0.9994815E-03  0.0000000E+00  0.9999995E+00

         1   115      0  0.0000000E+00  0.0000000E+00  0.0000000E+00
         1   115      1  0.1764221E-06  0.0000000E+00  0.1000000E+01
         1   115      2 -0.5922253E-04  0.0000000E+00  0.1000000E+01
         1   115      3 -0.8891860E-04  0.0000000E+00  0.1000000E+01
         1   115      4 -0.1186123E-03  0.0000000E+00  0.1000000E+01
         1   115      5 -0.1483037E-03  0.0000000E+00  0.1000000E+01
         1   115      6 -0.1779927E-03  0.0000000E+00  0.1000000E+01
         1   115      7 -0.2076792E-03  0.0000000E+00  0.1000000E+01
         1   115      8 -0.2373632E-03  0.0000000E+00  0.1000000E+01
         1   115      9 -0.2670448E-03  0.0000000E+00  0.1000000E+01
         1   115     10 -0.9994815E-03  0.0000000E+00  0.9999995E+00

         1   116      0  0.0000000E+00  0.0000000E+00  0.0000000E+00
         1   116      1  0.1764221E-06  0.0000000E+00  0.1000000E+01
         1   116      2 -0.5922253E-04  0.0000000E+00  0.1000000E+01
         1   116      3 -0.8891860E-04  0.0000000E+00  0.1000000E+01
         1   116      4 -0.1186123E-03  0.0000000E+00  0.1000000E+01
         1   116      5 -0.1483037E-03  0.0000000E+00  0.1000000E+01
         1   116      6 -0.1779927E-03  0.0000000E+00  0.1000000E+01
         1   116      7 -0.2076792E-03  0.0000000E+00  0.1000000E+01
         1   116      8 -0.2373632E-03  0.0000000E+00  0.1000000E+01
         1   116      9 -0.2670448E-03  0.0000000E+00  0.1000000E+01
         1   116     10 -0.9994815E-03  0.0000000E+00  0.9999995E+00

         1   117      0  0.0000000E+00  0.0000000E+00  0.0000000E+00
         1   117      1  0.1764221E-06  0.0000000E+00  0.1000000E+01
         1   117      2 -0.7946170E-04  0.0000000E+00  0.1000000E+01
         1   117      3 -0.1192774E-03  0.0000000E+00  0.1000000E+01
         1   117      4 -0.1590908E-03  0.0000000E+00  0.1000000E+01
         1   117      5 -0.1989019E-03  0.0000000E+00  0.1000000E+01
         1   117      6 -0.2387106E-03  0.0000000E+00  0.1000000E+01
         1   117      7 -0.2785170E-03  0.0000000E+00  0.1000000E+01
         1   117      8 -0.3183209E-03  0.0000000E+00  0.9999999E+00
         1   117      9 -0.3581225E-03  0.0000000E+00  0.9999999E+00
         1   117     10 -0.1000225E-02  0.0000000E+00  0.9999995E+00

         1   118      0  0.0000000E+00  0.0000000E+00  0.0000000E+00
         1   118      1  0.1764221E-06  0.0000000E+00  0.1000000E+01
         1   118      2 -0.9999338E-04  0.0000000E+00  0.1000000E+01
         1   118      3 -0.1500749E-03  0.0000000E+00  0.1000000E+01
         1   118      4 -0.2001542E-03  0.0000000E+00  0.1000000E+01
         1   118      5 -0.2502312E-03  0.0000000E+00  0.1000000E+01
         1   118      6 -0.3003059E-03  0.0000000E+00  0.1000000E+01
         1   118      7 -0.3503784E-03  0.0000000E+00  0.9999999E+00
         1   118      8 -0.4004484E-03  0.0000000E+00  0.9999999E+00
         1   118      9 -0.4505162E-03  0.0000000E+00  0.9999999E+00
         1   118     10 -0.1000882E-02  0.0000000E+00  0.9999995E+00

         1   119      0  0.0000000E+00  0.0000000E+00  0.0000000E+00
         1   119      1  0.1764221E-06  0.0000000E+00  0.1000000E+01
         1   119      2 -0.9999338E-04  0.0000000E+00  0.1000000E+01
         1   119      3 -0.1500749E-03  0.0000000E+00  0.1000000E+01
         1   119      4 -0.2001542E-03  0.0000000E+00  0.1000000E+01
         1   119      5 -0.2502312E-03  0.0000000E+00  0.1000000E+01
         1   119      6 -0.3003059E-03  0.0000000E+00  0.1000000E+01
         1   119      7 -0.3503784E-03  0.0000000E+00  0.9999999E+00
         1   119      8 -0.4004484E-03  0.0000000E+00  0.9999999E+00
         1   119      9 -0.4505162E-03  0.0000000E+00  0.9999999E+00
         1   119     10 -0.1000882E-02  0.0000000E+00  0.9999995E+00

         1   120      0  0.0000000E+00  0.0000000E+00  0.0000000E+00
         1   120      1  0.1764221E-06  0.0000000E+00  0.1000000E+01
         1   120      2 -0.9999338E-04  0.0000000E+00  0.1000000E+01
         1   120      3 -0.1500749E-03  0.0000000E+00  0.1000000E+01
         1   120      4 -0.2001542E-03  0.0000000E+00  0.1000000E+01
         1   120      5 -0.2502312E-03  0.0000000E+00  0.1000000E+01
         1   120      6 -0.3003059E-03  0.0000000E+00  0.1000000E+01
         1   120      7 -0.3503784E-03  0.0000000E+00  0.9999999E+00
         1   120      8 -0.4004484E-03  0.0000000E+00  0.9999999E+00
         1   120      9 -0.4505162E-03  0.0000000E+00  0.9999999E+00
         1   120     10 -0.1000882E-02  0.0000000E+00  0.9999995E+00

         1   121      0  0.0000000E+00  0.0000000E+00  0.0000000E+00
         1   121      1  0.1764221E-06  0.0000000E+00  0.1000000E+01
         1   121      2 -0.9999338E-04  0.0000000E+00  0.1000000E+01
         1   121      3 -0.1500749E-03  0.0000000E+00  0.1000000E+01
         1   121      4 -0.2001542E-03  0.0000000E+00  0.1000000E+01
         1   121      5 -0.2502312E-03  0.0000000E+00  0.1000000E+01
         1   121      6 -0.3003059E-03  0.0000000E+00  0.1000000E+01
         1   121      7 -0.3503784E-03  0.0000000E+00  0.9999999E+00
         1   121      8 -0.4004484E-03  0.0000000E+00  0.9999999E+00
         1   121      9 -0.4505162E-03  0.0000000E+00  0.9999999E+00
         1   121     10 -0.1000882E-02  0.0000000E+00  0.9999995E+00

         1   122      0  0.0000000E+00  0.0000000E+00  0.0000000E+00
         1   122      1  0.1940643E-06  0.0000000E+00  0.1000000E+01
         1   122      2 -0.9989593E-04  0.0000000E+00  0.1000000E+01
         1   122      3 -0.1499376E-03  0.0000000E+00  0.1000000E+01
         1   122      4 -0.1999770E-03  0.0000000E+00  0.1000000E+01
         1   122      5 -0.2500141E-03  0.0000000E+00  0.1000000E+01
         1   122      6 -0.3000489E-03  0.0000000E+00  0.1000000E+01
         1   122      7 -0.3500814E-03  0.0000000E+00  0.9999999E+00
         1   122      8 -0.4001115E-03  0.0000000E+00  0.9999999E+00
         1   122      9 -0.4501394E-03  0.0000000E+00  0.9999999E+00
         1   122     10 -0.9981177E-03  0.0000000E+00  0.9999995E+00

         1   123      0  0.0000000E+00  0.0000000E+00  0.0000000E+00
         1   123      1  0.1940643E-06  0.0000000E+00  0.1000000E+01
         1   123      2 -0.9989593E-04  0.0000000E+00  0.1000000E+01
         1   123      3 -0.1499376E-03  0.0000000E+00  0.1000000E+01
         1   123      4 -0.1999770E-03  0.0000000E+00  0.1000000E+01
         1   123      5 -0.2500141E-03  0.0000000E+00  0.1000000E+01
         1   123      6 -0.3000489E-03  0.0000000E+00  0.1000000E+01
         1   123      7 -0.3500814E-03  0.0000000E+00  0.9999999E+00
         1   123      8 -0.4001115E-03  0.0000000E+00  0.9999999E+00
         1   123      9 -0.4501394E-03  0.0000000E+00  0.9999999E+00
         1   123     10 -0.9981177E-03  0.0000000E+00  0.9999995E+00

         1   124      0  0.0000000E+00  0.0000000E+00  0.0000000E+00
         1   124      1  0.1940643E-06  0.0000000E+00  0.1000000E+01
         1   124      2 -0.9989593E-04  0.0000000E+00  0.1000000E+01
         1   124      3 -0.1499376E-03  0.0000000E+00  0.1000000E+01
         1   124      4 -0.1999770E-03  0.0000000E+00  0.1000000E+01
         1   124      5 -0.2500141E-03  0.0000000E+00  0.1000000E+01
         1   124      6 -0.3000489E-03  0.0000000E+00  0.1000000E+01
         1   124      7 -0.3500814E-03  0.0000000E+00  0.9999999E+00
         1   124      8 -0.4001115E-03  0.0000000E+00  0.9999999E+00
         1   124      9 -0.4501394E-03  0.0000000E+00  0.9999999E+00
         1   124     10 -0.9981177E-03  0.0000000E+00  0.9999995E+00

         1   125      0  0.0000000E+00  0.0000000E+00  0.0000000E+00
         1   125      1  0.1940643E-06  0.0000000E+00  0.1000000E+01
         1   125      2 -0.9989593E-04  0.0000000E+00  0.1000000E+01
         1   125      3 -0.1499376E-03  0.0000000E+00  0.1000000E+01
         1   125      4 -0.1999770E-03  0.0000000E+00  0.1000000E+01
         1   125      5 -0.2500141E-03  0.0000000E+00  0.1000000E+01
         1   125      6 -0.3000489E-03  0.0000000E+00  0.1000000E+01
         1   125      7 -0.3500814E-03  0.0000000E+00  0.9999999E+00
         1   125      8 -0.4001115E-03  0.0000000E+00  0.9999999E+00
         1   125      9 -0.4501394E-03  0.0000000E+00  0.9999999E+00
         1   125     10 -0.9981177E-03  0.0000000E+00  0.9999995E+00

         1   126      0  0.0000000E+00  0.0000000E+00  0.0000000E+00
         1   126      1  0.1940643E-06  0.0000000E+00  0.1000000E+01
         1   126      2 -0.2624268E-04  0.0000000E+00  0.1000000E+01
         1   126      3 -0.3945834E-04  0.0000000E+00  0.1000000E+01
         1   126      4 -0.5267215E-04  0.0000000E+00  0.1000000E+01
         1   126      5 -0.6588411E-04  0.0000000E+00  0.1000000E+01
         1   126      6 -0.7909417E-04  0.0000000E+00  0.1000000E+01
         1   126      7 -0.9230233E-04  0.0000000E+00  0.1000000E+01
         1   126      8 -0.1055086E-03  0.0000000E+00  0.1000000E+01
         1   126      9 -0.1187128E-03  0.0000000E+00  0.1000000E+01
         1   126     10 -0.1026685E-02  0.0000000E+00  0.9999995E+00

         1   127      0  0.0000000E+00  0.0000000E+00  0.0000000E+00
         1   127      1  0.1940643E-06  0.0000000E+00  0.1000000E+01
         1   127      2  0.4834593E-04  0.0000000E+00  0.1000000E+01
         1   127      3  0.7242400E-04  0.0000000E+00  0.1000000E+01
         1   127      4  0.9650354E-04  0.0000000E+00  0.1000000E+01
         1   127      5  0.1205846E-03  0.0000000E+00  0.1000000E+01
         1   127      6  0.1446671E-03  0.0000000E+00  0.1000000E+01
         1   127      7  0.1687512E-03  0.0000000E+00  0.1000000E+01
         1   127      8  0.1928369E-03  0.0000000E+00  0.1000000E+01
         1   127      9  0.2169241E-03  0.0000000E+00  0.1000000E+01
         1   127     10 -0.1058661E-02  0.0000000E+00  0.9999994E+00

         1   128      0  0.0000000E+00  0.0000000E+00  0.0000000E+00
         1   128      1  0.1940643E-06  0.0000000E+00  0.1000000E+01
         1   128      2  0.4834593E-04  0.0000000E+00  0.1000000E+01
         1   128      3  0.7242400E-04  0.0000000E+00  0.1000000E+01
         1   128      4  0.9650354E-04  0.0000000E+00  0.1000000E+01
         1   128      5  0.1205846E-03  0.0000000E+00  0.1000000E+01
         1   128      6  0.1446671E-03  0.0000000E+00  0.1000000E+01
         1   128      7  0.1687512E-03  0.0000000E+00  0.1000000E+01
         1   128      8  0.1928369E-03  0.0000000E+00  0.1000000E+01
         1   128      9  0.2169241E-03  0.0000000E+00  0.1000000E+01
         1   128     10 -0.1058661E-02  0.0000000E+00  0.9999994E+00

         1   129      0  0.0000000E+00  0.0000000E+00  0.0000000E+00
         1   129      1  0.1940643E-06  0.0000000E+00  0.1000000E+01
         1   129      2  0.4834593E-04  0.0000000E+00  0.1000000E+01
         1   129      3  0.7242400E-04  0.0000000E+00  0.1000000E+01
         1   129      4  0.9650354E-04  0.0000000E+00  0.1000000E+01
         1   129      5  0.1205846E-03  0.0000000E+00  0.1000000E+01
         1   129      6  0.1446671E-03  0.0000000E+00  0.1000000E+01
         1   129      7  0.1687512E-03  0.0000000E+00  0.1000000E+01
         1   129      8  0.1928369E-03  0.0000000E+00  0.1000000E+01
         1   129      9  0.2169241E-03  0.0000000E+00  0.1000000E+01
         1   129     10 -0.1058661E-02  0.0000000E+00  0.9999994E+00

         1   130      0  0.0000000E+00  0.0000000E+00  0.0000000E+00
         1   130      1  0.1940643E-06  0.0000000E+00  0.1000000E+01
         1   130      2  0.4834593E-04  0.0000000E+00  0.1000000E+01
         1   130      3  0.7242400E-04  0.0000000E+00  0.1000000E+01
         1   130      4  0.9650354E-04  0.0000000E+00  0.1000000E+01
         1   130      5  0.1205846E-03  0.0000000E+00  0.1000000E+01
         1   130      6  0.1446671E-03  0.0000000E+00  0.1000000E+01
         1   130      7  0.1687512E-03  0.0000000E+00  0.1000000E+01
         1   130      8  0.1928369E-03  0.0000000E+00  0.1000000E+01
         1   130      9  0.2169241E-03  0.0000000E+00  0.1000000E+01
         1   130     10 -0.1058661E-02  0.0000000E+00  0.9999994E+00

         1   131      0  0.0000000E+00  0.0000000E+00  0.0000000E+00
         1   131      1  0.2117065E-06  0.0000000E+00  0.1000000E+01
         1   131      2  0.4846451E-04  0.0000000E+00  0.1000000E+01
         1   131      3  0.7259305E-04  0.0000000E+00  0.1000000E+01
         1   131      4  0.9672306E-04  0.0000000E+00  0.1000000E+01
         1   131      5  0.1208546E-03  0.0000000E+00  0.1000000E+01
         1   131      6  0.1449876E-03  0.0000000E+00  0.1000000E+01
         1   131      7  0.1691221E-03  0.0000000E+00  0.1000000E+01
         1   131      8  0.1932583E-03  0.0000000E+00  0.1000000E+01
         1   131      9  0.2173960E-03  0.0000000E+00  0.1000000E+01
         1   131     10 -0.1055974E-02  0.0000000E+00  0.9999994E+00

         1   132      0  0.0000000E+00  0.0000000E+00  0.0000000E+00
         1   132      1  0.2117065E-06  0.0000000E+00  0.1000000E+01
         1   132      2  0.4846451E-04  0.0000000E+00  0.1000000E+01
         1   132      3  0.7259305E-04  0.0000000E+00  0.1000000E+01
         1   132      4  0.9672306E-04  0.0000000E+00  0.1000000E+01
         1   132      5  0.1208546E-03  0.0000000E+00  0.1000000E+01
         1   132      6  0.1449876E-03  0.0000000E+00  0.1000000E+01
         1   132      7  0.1691221E-03  0.0000000E+00  0.1000000E+01
         1   132      8  0.1932583E-03  0.0000000E+00  0.1000000E+01
         1   132      9  0.2173960E-03  0.0000000E+00  0.1000000E+01
         1   132     10 -0.1055974E-02  0.0000000E+00  0.9999994E+00

         1   133      0  0.0000000E+00  0.0000000E+00  0.0000000E+00
         1   133      1  0.2117065E-06  0.0000000E+00  0.1000000E+01
         1   133      2  0.4846451E-04  0.0000000E+00  0.1000000E+01
         1   133      3  0.7259305E-04  0.0000000E+00  0.1000000E+01
         1   133      4  0.9672306E-04  0.0000000E+00  0.1000000E+01
         1   133      5  0.1208546E-03  0.0000000E+00  0.1000000E+01
         1   133      6  0.1449876E-03  0.0000000E+00  0.1000000E+01
         1   133      7  0.1691221E-03  0.0000000E+00  0.1000000E+01
         1   133      8  0.1932583E-03  0.0000000E+00  0.1000000E+01
         1   133      9  0.2173960E-03  0.0000000E+00  0.1000000E+01
         1   133     10 -0.1055974E-02  0.0000000E+00  0.9999994E+00

         1   134      0  0.0000000E+00  0.0000000E+00  0.0000000E+00
         1   134      1  0.2117065E-06  0.0000000E+00  0.1000000E+01
         1   134      2  0.4846451E-04  0.0000000E+00  0.1000000E+01
         1   134      3  0.7259305E-04  0.0000000E+00  0.1000000E+01
         1   134      4  0.9672306E-04  0.0000000E+00  0.1000000E+01
         1   134      5  0.1208546E-03  0.0000000E+00  0.1000000E+01
         1   134      6  0.1449876E-03  0.0000000E+00  0.1000000E+01
         1   134      7  0.1691221E-03  0.0000000E+00  0.1000000E+01
         1   134      8  0.1932583E-03  0.0000000E+00  0.1000000E+01
         1   134      9  0.2173960E-03  0.0000000E+00  0.1000000E+01
         1   134     10 -0.1055974E-02  0.0000000E+00  0.9999994E+00

         1   135      0  0.0000000E+00  0.0000000E+00  0.0000000E+00
         1   135      1  0.2117065E-06  0.0000000E+00  0.1000000E+01
         1   135      2  0.5364648E-05  0.0000000E+00  0.1000000E+01
         1   135      3  0.7942141E-05  0.0000000E+00  0.1000000E+01
         1   135      4  0.1052036E-04  0.0000000E+00  0.1000000E+01
         1   135      5  0.1309935E-04  0.0000000E+00  0.1000000E+01
         1   135      6  0.1567914E-04  0.0000000E+00  0.1000000E+01
         1   135      7  0.1825976E-04  0.0000000E+00  0.1000000E+01
         1   135      8  0.2084126E-04  0.0000000E+00  0.1000000E+01
         1   135      9  0.2342367E-04  0.0000000E+00  0.1000000E+01
         1   135     10 -0.9743891E-03  0.0000000E+00  0.9999995E+00

         1   136      0  0.0000000E+00  0.0000000E+00  0.0000000E+00
         1   136      1  0.2117065E-06  0.0000000E+00  0.1000000E+01
         1   136      2 -0.3727334E-04  0.0000000E+00  0.1000000E+01
         1   136      3 -0.5601610E-04  0.0000000E+00  0.1000000E+01
         1   136      4 -0.7475894E-04  0.0000000E+00  0.1000000E+01
         1   136      5 -0.9350183E-04  0.0000000E+00  0.1000000E+01
         1   136      6 -0.1122447E-03  0.0000000E+00  0.1000000E+01
         1   136      7 -0.1309876E-03  0.0000000E+00  0.1000000E+01
         1   136      8 -0.1497303E-03  0.0000000E+00  0.1000000E+01
         1   136      9 -0.1684729E-03  0.0000000E+00  0.1000000E+01
         1   136     10 -0.8837436E-03  0.0000000E+00  0.9999996E+00

         1   137      0  0.0000000E+00  0.0000000E+00  0.0000000E+00
         1   137      1  0.2117065E-06  0.0000000E+00  0.1000000E+01
         1   137      2 -0.3727334E-04  0.0000000E+00  0.1000000E+01
         1   137      3 -0.5601610E-04  0.0000000E+00  0.1000000E+01
         1   137      4 -0.7475894E-04  0.0000000E+00  0.1000000E+01
         1   137      5 -0.9350183E-04  0.0000000E+00  0.1000000E+01
         1   137      6 -0.1122447E-03  0.0000000E+00  0.1000000E+01
         1   137      7 -0.1309876E-03  0.0000000E+00  0.1000000E+01
         1   137      8 -0.1497303E-03  0.0000000E+00  0.1000000E+01
         1   137      9 -0.1684729E-03  0.0000000E+00  0.1000000E+01
         1   137     10 -0.8837436E-03  0.0000000E+00  0.9999996E+00

         1   138      0  0.0000000E+00  0.0000000E+00  0.0000000E+00
         1   138      1  0.2117065E-06  0.0000000E+00  0.1000000E+01
         1   138      2 -0.3727334E-04  0.0000000E+00  0.1000000E+01
         1   138      3 -0.5601610E-04  0.0000000E+00  0.1000000E+01
         1   138      4 -0.7475894E-04  0.0000000E+00  0.1000000E+01
         1   138      5 -0.9350183E-04  0.0000000E+00  0.1000000E+01
         1   138      6 -0.1122447E-03  0.0000000E+00  0.1000000E+01
         1   138      7 -0.1309876E-03  0.0000000E+00  0.1000000E+01
         1   138      8 -0.1497303E-03  0.0000000E+00  0.1000000E+01
         1   138      9 -0.1684729E-03  0.0000000E+00  0.1000000E+01
         1   138     10 -0.8837436E-03  0.0000000E+00  0.9999996E+00

         1   139      0  0.0000000E+00  0.0000000E+00  0.0000000E+00
         1   139      1  0.2117065E-06  0.0000000E+00  0.1000000E+01
         1   139      2 -0.3727334E-04  0.0000000E+00  0.1000000E+01
         1   139      3 -0.5601610E-04  0.0000000E+00  0.1000000E+01
         1   139      4 -0.7475894E-04  0.0000000E+00  0.1000000E+01
         1   139      5 -0.9350183E-04  0.0000000E+00  0.1000000E+01
         1   139      6 -0.1122447E-03  0.0000000E+00  0.1000000E+01
         1   139      7 -0.1309876E-03  0.0000000E+00  0.1000000E+01
         1   139      8 -0.1497303E-03  0.0000000E+00  0.1000000E+01
         1   139      9 -0.1684729E-03  0.0000000E+00  0.1000000E+01
         1   139     10 -0.8837436E-03  0.0000000E+00  0.9999996E+00

         1   140      0  0.0000000E+00  0.0000000E+00  0.0000000E+00
         1   140      1  0.2293487E-06  0.0000000E+00  0.1000000E+01
         1   140      2 -0.3716654E-04  0.0000000E+00  0.1000000E+01
         1   140      3 -0.5586470E-04  0.0000000E+00  0.1000000E+01
         1   140      4 -0.7456296E-04  0.0000000E+00  0.1000000E+01
         1   140      5 -0.9326126E-04  0.0000000E+00  0.1000000E+01
         1   140      6 -0.1119595E-03  0.0000000E+00  0.1000000E+01
         1   140      7 -0.1306578E-03  0.0000000E+00  0.1000000E+01
         1   140      8 -0.1493559E-03  0.0000000E+00  0.1000000E+01
         1   140      9 -0.1680539E-03  0.0000000E+00  0.1000000E+01
         1   140     10 -0.8812877E-03  0.0000000E+00  0.9999996E+00

         1   141      0  0.0000000E+00  0.0000000E+00  0.0000000E+00
         1   141      1  0.2293487E-06  0.0000000E+00  0.1000000E+01
         1   141      2 -0.3716654E-04  0.0000000E+00  0.1000000E+01
         1   141      3 -0.5586470E-04  0.0000000E+00  0.1000000E+01
         1   141      4 -0.7456296E-04  0.0000000E+00  0.1000000E+01
         1   141      5 -0.9326126E-04  0.0000000E+00  0.1000000E+01
         1   141      6 -0.1119595E-03  0.0000000E+00  0.1000000E+01
         1   141      7 -0.1306578E-03  0.0000000E+00  0.1000000E+01
         1   141      8 -0.1493559E-03  0.0000000E+00  0.1000000E+01
         1   141      9 -0.1680539E-03  0.0000000E+00  0.1000000E+01
         1   141     10 -0.8812877E-03  0.0000000E+00  0.9999996E+00

         1   142      0  0.0000000E+00  0.0000000E+00  0.0000000E+00
         1   142      1  0.2293487E-06  0.0000000E+00  0.1000000E+01
         1   142      2 -0.3716654E-04  0.0000000E+00  0.1000000E+01
         1   142      3 -0.5586470E-04  0.0000000E+00  0.1000000E+01
         1   142      4 -0.7456296E-04  0.0000000E+00  0.1000000E+01
         1   142      5 -0.9326126E-04  0.0000000E+00  0.1000000E+01
         1   142      6 -0.1119595E-03  0.0000000E+00  0.1000000E+01
         1   142      7 -0.1306578E-03  0.0000000E+00  0.1000000E+01
         1   142      8 -0.1493559E-03  0.0000000E+00  0.1000000E+01
         1   142      9 -0.1680539E-03  0.0000000E+00  0.1000000E+01
         1   142     10 -0.8812877E-03  0.0000000E+00  0.9999996E+00

         1   143      0  0.0000000E+00  0.0000000E+00  0.0000000E+00
         1   143      1  0.2293487E-06  0.0000000E+00  0.1000000E+01
         1   143      2 -0.3716654E-04  0.0000000E+00  0.1000000E+01
         1   143      3 -0.5586470E-04  0.0000000E+00  0.1000000E+01
         1   143      4 -0.7456296E-04  0.0000000E+00  0.1000000E+01
         1   143      5 -0.9326126E-04  0.0000000E+00  0.1000000E+01
         1   143      6 -0.1119595E-03  0.0000000E+00  0.1000000E+01
         1   143      7 -0.1306578E-03  0.0000000E+00  0.1000000E+01
         1   143      8 -0.1493559E-03  0.0000000E+00  0.1000000E+01
         1   143      9 -0.1680539E-03  0.0000000E+00  0.1000000E+01
         1   143     10 -0.8812877E-03  0.0000000E+00  0.9999996E+00

         1   144      0  0.0000000E+00  0.0000000E+00  0.0000000E+00
         1   144      1  0.2293487E-06  0.0000000E+00  0.1000000E+01
         1   144      2  0.2377549E-04  0.0000000E+00  0.1000000E+01
         1   144      3  0.3555186E-04  0.0000000E+00  0.1000000E+01
         1   144      4  0.4733045E-04  0.0000000E+00  0.1000000E+01
         1   144      5  0.5911127E-04  0.0000000E+00  0.1000000E+01
         1   144      6  0.7089434E-04  0.0000000E+00  0.1000000E+01
         1   144      7  0.8267965E-04  0.0000000E+00  0.1000000E+01
         1   144      8  0.9446723E-04  0.0000000E+00  0.1000000E+01
         1   144      9  0.1062571E-03  0.0000000E+00  0.1000000E+01
         1   144     10 -0.1180999E-02  0.0000000E+00  0.9999993E+00

         1   145      0  0.0000000E+00  0.0000000E+00  0.0000000E+00
         1   145      1  0.2293487E-06  0.0000000E+00  0.1000000E+01
         1   145      2  0.8332676E-04  0.0000000E+00  0.1000000E+01
         1   145      3  0.1248824E-03  0.0000000E+00  0.1000000E+01
         1   145      4  0.1664425E-03  0.0000000E+00  0.1000000E+01
         1   145      5  0.2080072E-03  0.0000000E+00  0.1000000E+01
         1   145      6  0.2495763E-03  0.0000000E+00  0.1000000E+01
         1   145      7  0.2911500E-03  0.0000000E+00  0.1000000E+01
         1   145      8  0.3327281E-03  0.0000000E+00  0.9999999E+00
         1   145      9  0.3743106E-03  0.0000000E+00  0.9999999E+00
         1   145     10 -0.1486244E-02  0.0000000E+00  0.9999989E+00

         1   146      0  0.0000000E+00  0.0000000E+00  0.0000000E+00
         1   146      1  0.2293487E-06  0.0000000E+00  0.1000000E+01
         1   146      2  0.8332676E-04  0.0000000E+00  0.1000000E+01
         1   146      3  0.1248824E-03  0.0000000E+00  0.1000000E+01
         1   146      4  0.1664425E-03  0.0000000E+00  0.1000000E+01
         1   146      5  0.2080072E-03  0.0000000E+00  0.1000000E+01
         1   146      6  0.2495763E-03  0.0000000E+00  0.1000000E+01
         1   146      7  0.2911500E-03  0.0000000E+00  0.1000000E+01
         1   146      8  0.3327281E-03  0.0000000E+00  0.9999999E+00
         1   146      9  0.3743106E-03  0.0000000E+00  0.9999999E+00
         1   146     10 -0.1486244E-02  0.0000000E+00  0.9999989E+00

         1   147      0  0.0000000E+00  0.0000000E+00  0.0000000E+00
         1   147      1  0.2293487E-06  0.0000000E+00  0.1000000E+01
         1   147      2  0.8332676E-04  0.0000000E+00  0.1000000E+01
         1   147      3  0.1248824E-03  0.0000000E+00  0.1000000E+01
         1   147      4  0.1664425E-03  0.0000000E+00  0.1000000E+01
         1   147      5  0.2080072E-03  0.0000000E+00  0.1000000E+01
         1   147      6  0.2495763E-03  0.0000000E+00  0.1000000E+01
         1   147      7  0.2911500E-03  0.0000000E+00  0.1000000E+01
         1   147      8  0.3327281E-03  0.0000000E+00  0.9999999E+00
         1   147      9  0.3743106E-03  0.0000000E+00  0.9999999E+00
         1   147     10 -0.1486244E-02  0.0000000E+00  0.9999989E+00

         1   148      0  0.0000000E+00  0.0000000E+00  0.0000000E+00
         1   148      1  0.2293487E-06  0.0000000E+00  0.1000000E+01
         1   148      2  0.8332676E-04  0.0000000E+00  0.1000000E+01
         1   148      3  0.1248824E-03  0.0000000E+00  0.1000000E+01
         1   148      4  0.1664425E-03  0.0000000E+00  0.1000000E+01
         1   148      5  0.2080072E-03  0.0000000E+00  0.1000000E+01
         1   148      6  0.2495763E-03  0.0000000E+00  0.1000000E+01
         1   148      7  0.2911500E-03  0.0000000E+00  0.1000000E+01
         1   148      8  0.3327281E-03  0.0000000E+00  0.9999999E+00
         1   148      9  0.3743106E-03  0.0000000E+00  0.9999999E+00
         1   148     10 -0.1486244E-02  0.0000000E+00  0.9999989E+00

         1   149      0  0.0000000E+00  0.0000000E+00  0.0000000E+00
         1   149      1  0.2469909E-06  0.0000000E+00  0.1000000E+01
         1   149      2  0.8340216E-04  0.0000000E+00  0.1000000E+01
         1   149      3  0.1249866E-03  0.0000000E+00  0.1000000E+01
         1   149      4  0.1665757E-03  0.0000000E+00  0.1000000E+01
         1   149      5  0.2081692E-03  0.0000000E+00  0.1000000E+01
         1   149      6  0.2497673E-03  0.0000000E+00  0.1000000E+01
         1   149      7  0.2913698E-03  0.0000000E+00  0.1000000E+01
         1   149      8  0.3329768E-03  0.0000000E+00  0.9999999E+00
         1   149      9  0.3745883E-03  0.0000000E+00  0.9999999E+00
         1   149     10 -0.1483913E-02  0.0000000E+00  0.9999989E+00

         1   150      0  0.0000000E+00  0.0000000E+00  0.0000000E+00
         1   150      1  0.2469909E-06  0.0000000E+00  0.1000000E+01
         1   150      2  0.8340216E-04  0.0000000E+00  0.1000000E+01
         1   150      3  0.1249866E-03  0.0000000E+00  0.1000000E+01
         1   150      4  0.1665757E-03  0.0000000E+00  0.1000000E+01
         1   150      5  0.2081692E-03  0.0000000E+00  0.1000000E+01
         1   150      6  0.2497673E-03  0.0000000E+00  0.1000000E+01
         1   150      7  0.2913698E-03  0.0000000E+00  0.1000000E+01
         1   150      8  0.3329768E-03  0.0000000E+00  0.9999999E+00
         1   150      9  0.3745883E-03  0.0000000E+00  0.9999999E+00
         1   150     10 -0.1483913E-02  0.0000000E+00  0.9999989E+00

         1   151      0  0.0000000E+00  0.0000000E+00  0.0000000E+00
         1   151      1  0.2469909E-06  0.0000000E+00  0.1000000E+01
         1   151      2  0.8340216E-04  0.0000000E+00  0.1000000E+01
         1   151      3  0.1249866E-03  0.0000000E+00  0.1000000E+01
         1   151      4  0.1665757E-03  0.0000000E+00  0.1000000E+01
         1   151      5  0.2081692E-03  0.0000000E+00  0.1000000E+01
         1   151      6  0.2497673E-03  0.0000000E+00  0.1000000E+01
         1   151      7  0.2913698E-03  0.0000000E+00  0.1000000E+01
         1   151      8  0.3329768E-03  0.0000000E+00  0.9999999E+00
         1   151      9  0.3745883E-03  0.0000000E+00  0.9999999E+00
         1   151     10 -0.1483913E-02  0.0000000E+00  0.9999989E+00

         1   152      0  0.0000000E+00  0.0000000E+00  0.0000000E+00
         1   152      1  0.2469909E-06  0.0000000E+00  0.1000000E+01
         1   152      2  0.8340216E-04  0.0000000E+00  0.1000000E+01
         1   152      3  0.1249866E-03  0.0000000E+00  0.1000000E+01
         1   152      4  0.1665757E-03  0.0000000E+00  0.1000000E+01
         1   152      5  0.2081692E-03  0.0000000E+00  0.1000000E+01
         1   152      6  0.2497673E-03  0.0000000E+00  0.1000000E+01
         1   152      7  0.2913698E-03  0.0000000E+00  0.1000000E+01
         1   152      8  0.3329768E-03  0.0000000E+00  0.9999999E+00
         1   152      9  0.3745883E-03  0.0000000E+00  0.9999999E+00
         1   152     10 -0.1483913E-02  0.0000000E+00  0.9999989E+00

         1   153      0  0.0000000E+00  0.0000000E+00  0.0000000E+00
         1   153      1  0.2469909E-06  0.0000000E+00  0.1000000E+01
         1   153      2  0.7431983E-04  0.0000000E+00  0.1000000E+01
         1   153      3  0.1113603E-03  0.0000000E+00  0.1000000E+01
         1   153      4  0.1484034E-03  0.0000000E+00  0.1000000E+01
         1   153      5  0.1854492E-03  0.0000000E+00  0.1000000E+01
         1   153      6  0.2224977E-03  0.0000000E+00  0.1000000E+01
         1   153      7  0.2595488E-03  0.0000000E+00  0.1000000E+01
         1   153      8  0.2966027E-03  0.0000000E+00  0.1000000E+01
         1   153      9  0.3336591E-03  0.0000000E+00  0.9999999E+00
         1   153     10 -0.1259743E-02  0.0000000E+00  0.9999992E+00

         1   154      0  0.0000000E+00  0.0000000E+00  0.0000000E+00
         1   154      1  0.2469909E-06  0.0000000E+00  0.1000000E+01
         1   154      2  0.6846958E-04  0.0000000E+00  0.1000000E+01
         1   154      3  0.1025820E-03  0.0000000E+00  0.1000000E+01
         1   154      4  0.1366952E-03  0.0000000E+00  0.1000000E+01
         1   154      5  0.1708092E-03  0.0000000E+00  0.1000000E+01
         1   154      6  0.2049240E-03  0.0000000E+00  0.1000000E+01
         1   154      7  0.2390397E-03  0.0000000E+00  0.1000000E+01
         1   154      8  0.2731562E-03  0.0000000E+00  0.1000000E+01
         1   154      9  0.3072735E-03  0.0000000E+00  0.1000000E+01
         1   154     10 -0.1029939E-02  0.0000000E+00  0.9999995E+00

         1   155      0  0.0000000E+00  0.0000000E+00  0.0000000E+00
         1   155      1  0.2469909E-06  0.0000000E+00  0.1000000E+01
         1   155      2  0.6846958E-04  0.0000000E+00  0.1000000E+01
         1   155      3  0.1025820E-03  0.0000000E+00  0.1000000E+01
         1   155      4  0.1366952E-03  0.0000000E+00  0.1000000E+01
         1   155      5  0.1708092E-03  0.0000000E+00  0.1000000E+01
         1   155      6  0.2049240E-03  0.0000000E+00  0.1000000E+01
         1   155      7  0.2390397E-03  0.0000000E+00  0.1000000E+01
         1   155      8  0.2731562E-03  0.0000000E+00  0.1000000E+01
         1   155      9  0.3072735E-03  0.0000000E+00  0.1000000E+01
         1   155     10 -0.1029939E-02  0.0000000E+00  0.9999995E+00

         1   156      0  0.0000000E+00  0.0000000E+00  0.0000000E+00
         1   156      1  0.2469909E-06  0.0000000E+00  0.1000000E+01
         1   156      2  0.6846958E-04  0.0000000E+00  0.1000000E+01
         1   156      3  0.1025820E-03  0.0000000E+00  0.1000000E+01
         1   156      4  0.1366952E-03  0.0000000E+00  0.1000000E+01
         1   156      5  0.1708092E-03  0.0000000E+00  0.1000000E+01
         1   156      6  0.2049240E-03  0.0000000E+00  0.1000000E+01
         1   156      7  0.2390397E-03  0.0000000E+00  0.1000000E+01
         1   156      8  0.2731562E-03  0.0000000E+00  0.1000000E+01
         1   156      9  0.3072735E-03  0.0000000E+00  0.1000000E+01
         1   156     10 -0.1029939E-02  0.0000000E+00  0.9999995E+00

         1   157      0  0.0000000E+00  0.0000000E+00  0.0000000E+00
         1   157      1  0.2469909E-06  0.0000000E+00  0.1000000E+01
         1   157      2  0.6846958E-04  0.0000000E+00  0.1000000E+01
         1   157      3  0.1025820E-03  0.0000000E+00  0.1000000E+01
         1   157      4  0.1366952E-03  0.0000000E+00  0.1000000E+01
         1   157      5  0.1708092E-03  0.0000000E+00  0.1000000E+01
         1   157      6  0.2049240E-03  0.0000000E+00  0.1000000E+01
         1   157      7  0.2390397E-03  0.0000000E+00  0.1000000E+01
         1   157      8  0.2731562E-03  0.0000000E+00  0.1000000E+01
         1   157      9  0.3072735E-03  0.0000000E+00  0.1000000E+01
         1   157     10 -0.1029939E-02  0.0000000E+00  0.9999995E+00

         1   158      0  0.0000000E+00  0.0000000E+00  0.0000000E+00
         1   158      1  0.2646331E-06  0.0000000E+00  0.1000000E+01
         1   158      2  0.6846258E-04  0.0000000E+00  0.1000000E+01
         1   158      3  0.1025627E-03  0.0000000E+00  0.1000000E+01
         1   158      4  0.1366636E-03  0.0000000E+00  0.1000000E+01
         1   158      5  0.1707653E-03  0.0000000E+00  0.1000000E+01
         1   158      6  0.2048678E-03  0.0000000E+00  0.1000000E+01
         1   158      7  0.2389711E-03  0.0000000E+00  0.1000000E+01
         1   158      8  0.2730754E-03  0.0000000E+00  0.1000000E+01
         1   158      9  0.3071804E-03  0.0000000E+00  0.1000000E+01
         1   158     10 -0.1027751E-02  0.0000000E+00  0.9999995E+00

         1   159      0  0.0000000E+00  0.0000000E+00  0.0000000E+00
         1   159      1  0.2646331E-06  0.0000000E+00  0.1000000E+01
         1   159      2  0.6846258E-04  0.0000000E+00  0.1000000E+01
         1   159      3  0.1025627E-03  0.0000000E+00  0.1000000E+01
         1   159      4  0.1366636E-03  0.0000000E+00  0.1000000E+01
         1   159      5  0.1707653E-03  0.0000000E+00  0.1000000E+01
         1   159      6  0.2048678E-03  0.0000000E+00  0.1000000E+01
         1   159      7  0.2389711E-03  0.0000000E+00  0.1000000E+01
         1   159      8  0.2730754E-03  0.0000000E+00  0.1000000E+01
         1   159      9  0.3071804E-03  0.0000000E+00  0.1000000E+01
         1   159     10 -0.1027751E-02  0.0000000E+00  0.9999995E+00

         1   160      0  0.0000000E+00  0.0000000E+00  0.0000000E+00
         1   160      1  0.2646331E-06  0.0000000E+00  0.1000000E+01
         1   160      2  0.6846258E-04  0.0000000E+00  0.1000000E+01
         1   160      3  0.1025627E-03  0.0000000E+00  0.1000000E+01
         1   160      4  0.1366636E-03  0.0000000E+00  0.1000000E+01
         1   160      5  0.1707653E-03  0.0000000E+00  0.1000000E+01
         1   160      6  0.2048678E-03  0.0000000E+00  0.1000000E+01
         1   160      7  0.2389711E-03  0.0000000E+00  0.1000000E+01
         1   160      8  0.2730754E-03  0.0000000E+00  0.1000000E+01
         1   160      9  0.3071804E-03  0.0000000E+00  0.1000000E+01
         1   160     10 -0.1027751E-02  0.0000000E+00  0.9999995E+00

         1   161      0  0.0000000E+00  0.0000000E+00  0.0000000E+00
         1   161      1  0.2646331E-06  0.0000000E+00  0.1000000E+01
         1   161      2  0.6846258E-04  0.0000000E+00  0.1000000E+01
         1   161      3  0.1025627E-03  0.0000000E+00  0.1000000E+01
         1   161      4  0.1366636E-03  0.0000000E+00  0.1000000E+01
         1   161      5  0.1707653E-03  0.0000000E+00  0.1000000E+01
         1   161      6  0.2048678E-03  0.0000000E+00  0.1000000E+01
         1   161      7  0.2389711E-03  0.0000000E+00  0.1000000E+01
         1   161      8  0.2730754E-03  0.0000000E+00  0.1000000E+01
         1   161      9  0.3071804E-03  0.0000000E+00  0.1000000E+01
         1   161     10 -0.1027751E-02  0.0000000E+00  0.9999995E+00

         1   162      0  0.0000000E+00  0.0000000E+00  0.0000000E+00
         1   162      1  0.2646331E-06  0.0000000E+00  0.1000000E+01
         1   162      2  0.3251563E-04  0.0000000E+00  0.1000000E+01
         1   162      3  0.4864734E-04  0.0000000E+00  0.1000000E+01
         1   162      4  0.6478315E-04  0.0000000E+00  0.1000000E+01
         1   162      5  0.8092307E-04  0.0000000E+00  0.1000000E+01
         1   162      6  0.9706708E-04  0.0000000E+00  0.1000000E+01
         1   162      7  0.1132152E-03  0.0000000E+00  0.1000000E+01
         1   162      8  0.1293673E-03  0.0000000E+00  0.1000000E+01
         1   162      9  0.1455235E-03  0.0000000E+00  0.1000000E+01
         1   162     10 -0.1499475E-02  0.0000000E+00  0.9999989E+00

         1   163      0  0.0000000E+00  0.0000000E+00  0.0000000E+00
         1   163      1  0.2646331E-06  0.0000000E+00  0.1000000E+01
         1   163      2 -0.5227096E-05  0.0000000E+00  0.1000000E+01
         1   163      3 -0.7961725E-05  0.0000000E+00  0.1000000E+01
         1   163      4 -0.1068892E-04  0.0000000E+00  0.1000000E+01
         1   163      5 -0.1340874E-04  0.0000000E+00  0.1000000E+01
         1   163      6 -0.1612121E-04  0.0000000E+00  0.1000000E+01
         1   163      7 -0.1882639E-04  0.0000000E+00  0.1000000E+01
         1   163      8 -0.2152432E-04  0.0000000E+00  0.1000000E+01
         1   163      9 -0.2421504E-04  0.0000000E+00  0.1000000E+01
         1   163     10 -0.1971224E-02  0.0000000E+00  0.9999981E+00

         1   164      0  0.0000000E+00  0.0000000E+00  0.0000000E+00
         1   164      1  0.2646331E-06  0.0000000E+00  0.1000000E+01
         1   164      2 -0.5227096E-05  0.0000000E+00  0.1000000E+01
         1   164      3 -0.7961725E-05  0.0000000E+00  0.1000000E+01
         1   164      4 -0.1068892E-04  0.0000000E+00  0.1000000E+01
         1   164      5 -0.1340874E-04  0.0000000E+00  0.1000000E+01
         1   164      6 -0.1612121E-04  0.0000000E+00  0.1000000E+01
         1   164      7 -0.1882639E-04  0.0000000E+00  0.1000000E+01
         1   164      8 -0.2152432E-04  0.0000000E+00  0.1000000E+01
         1   164      9 -0.2421504E-04  0.0000000E+00  0.1000000E+01
         1   164     10 -0.1971224E-02  0.0000000E+00  0.9999981E+00

         1   165      0  0.0000000E+00  0.0000000E+00  0.0000000E+00
         1   165      1  0.2646331E-06  0.0000000E+00  0.1000000E+01
         1   165      2 -0.5227096E-05  0.0000000E+00  0.1000000E+01
         1   165      3 -0.7961725E-05  0.0000000E+00  0.1000000E+01
         1   165      4 -0.1068892E-04  0.0000000E+00  0.1000000E+01
         1   165      5 -0.1340874E-04  0.0000000E+00  0.1000000E+01
         1   165      6 -0.1612121E-04  0.0000000E+00  0.1000000E+01
         1   165      7 -0.1882639E-04  0.0000000E+00  0.1000000E+01
         1   165      8 -0.2152432E-04  0.0000000E+00  0.1000000E+01
         1   165      9 -0.2421504E-04  0.0000000E+00  0.1000000E+01
         1   165     10 -0.1971224E-02  0.0000000E+00  0.9999981E+00

         1   166      0  0.0000000E+00  0.0000000E+00  0.0000000E+00
         1   166      1  0.2646331E-06  0.0000000E+00  0.1000000E+01
         1   166      2 -0.5227096E-05  0.0000000E+00  0.1000000E+01
         1   166      3 -0.7961725E-05  0.0000000E+00  0.1000000E+01
         1   166      4 -0.1068892E-04  0.0000000E+00  0.1000000E+01
         1   166      5 -0.1340874E-04  0.0000000E+00  0.1000000E+01
         1   166      6 -0.1612121E-04  0.0000000E+00  0.1000000E+01
         1   166      7 -0.1882639E-04  0.0000000E+00  0.1000000E+01
         1   166      8 -0.2152432E-04  0.0000000E+00  0.1000000E+01
         1   166      9 -0.2421504E-04  0.0000000E+00  0.1000000E+01
         1   166     10 -0.1971224E-02  0.0000000E+00  0.9999981E+00

         1   167      0  0.0000000E+00  0.0000000E+00  0.0000000E+00
         1   167      1  0.2822753E-06  0.0000000E+00  0.1000000E+01
         1   167      2 -0.5274655E-05  0.0000000E+00  0.1000000E+01
         1   167      3 -0.8041879E-05  0.0000000E+00  0.1000000E+01
         1   167      4 -0.1080167E-04  0.0000000E+00  0.1000000E+01
         1   167      5 -0.1355407E-04  0.0000000E+00  0.1000000E+01
         1   167      6 -0.1629912E-04  0.0000000E+00  0.1000000E+01
         1   167      7 -0.1903688E-04  0.0000000E+00  0.1000000E+01
         1   167      8 -0.2176738E-04  0.0000000E+00  0.1000000E+01
         1   167      9 -0.2449067E-04  0.0000000E+00  0.1000000E+01
         1   167     10 -0.1969037E-02  0.0000000E+00  0.9999981E+00

         1   168      0  0.0000000E+00  0.0000000E+00  0.0000000E+00
         1   168      1  0.2822753E-06  0.0000000E+00  0.1000000E+01
         1   168      2 -0.5274655E-05  0.0000000E+00  0.1000000E+01
         1   168      3 -0.8041879E-05  0.0000000E+00  0.1000000E+01
         1   168      4 -0.1080167E-04  0.0000000E+00  0.1000000E+01
         1   168      5 -0.1355407E-04  0.0000000E+00  0.1000000E+01
         1   168      6 -0.1629912E-04  0.0000000E+00  0.1000000E+01
         1   168      7 -0.1903688E-04  0.0000000E+00  0.1000000E+01
         1   168      8 -0.2176738E-04  0.0000000E+00  0.1000000E+01
         1   168      9 -0.2449067E-04  0.0000000E+00  0.1000000E+01
         1   168     10 -0.1969037E-02  0.0000000E+00  0.9999981E+00

         1   169      0  0.0000000E+00  0.0000000E+00  0.0000000E+00
         1   169      1  0.2822753E-06  0.0000000E+00  0.1000000E+01
         1   169      2 -0.5274655E-05  0.0000000E+00  0.1000000E+01
         1   169      3 -0.8041879E-05  0.0000000E+00  0.1000000E+01
         1   169      4 -0.1080167E-04  0.0000000E+00  0.1000000E+01
         1   169      5 -0.1355407E-04  0.0000000E+00  0.1000000E+01
         1   169      6 -0.1629912E-04  0.0000000E+00  0.1000000E+01
         1   169      7 -0.1903688E-04  0.0000000E+00  0.1000000E+01
         1   169      8 -0.2176738E-04  0.0000000E+00  0.1000000E+01
         1   169      9 -0.2449067E-04  0.0000000E+00  0.1000000E+01
         1   169     10 -0.1969037E-02  0.0000000E+00  0.9999981E+00

         1   170      0  0.0000000E+00  0.0000000E+00  0.0000000E+00
         1   170      1  0.2822753E-06  0.0000000E+00  0.1000000E+01
         1   170      2 -0.5274655E-05  0.0000000E+00  0.1000000E+01
         1   170      3 -0.8041879E-05  0.0000000E+00  0.1000000E+01
         1   170      4 -0.1080167E-04  0.0000000E+00  0.1000000E+01
         1   170      5 -0.1355407E-04  0.0000000E+00  0.1000000E+01
         1   170      6 -0.1629912E-04  0.0000000E+00  0.1000000E+01
         1   170      7 -0.1903688E-04  0.0000000E+00  0.1000000E+01
         1   170      8 -0.2176738E-04  0.0000000E+00  0.1000000E+01
         1   170      9 -0.2449067E-04  0.0000000E+00  0.1000000E+01
         1   170     10 -0.1969037E-02  0.0000000E+00  0.9999981E+00

         1   171      0  0.0000000E+00  0.0000000E+00  0.0000000E+00
         1   171      1  0.2822753E-06  0.0000000E+00  0.1000000E+01
         1   171      2  0.3220471E-04  0.0000000E+00  0.1000000E+01
         1   171      3  0.4817541E-04  0.0000000E+00  0.1000000E+01
         1   171      4  0.6415238E-04  0.0000000E+00  0.1000000E+01
         1   171      5  0.8013558E-04  0.0000000E+00  0.1000000E+01
         1   171      6  0.9612497E-04  0.0000000E+00  0.1000000E+01
         1   171      7  0.1121205E-03  0.0000000E+00  0.1000000E+01
         1   171      8  0.1281222E-03  0.0000000E+00  0.1000000E+01
         1   171      9  0.1441299E-03  0.0000000E+00  0.1000000E+01
         1   171     10 -0.1738627E-02  0.0000000E+00  0.9999985E+00

         1   172      0  0.0000000E+00  0.0000000E+00  0.0000000E+00
         1   172      1  0.2822753E-06  0.0000000E+00  0.1000000E+01
         1   172      2  0.7122189E-04  0.0000000E+00  0.1000000E+01
         1   172      3  0.1066996E-03  0.0000000E+00  0.1000000E+01
         1   172      4  0.1421825E-03  0.0000000E+00  0.1000000E+01
         1   172      5  0.1776705E-03  0.0000000E+00  0.1000000E+01
         1   172      6  0.2131637E-03  0.0000000E+00  0.1000000E+01
         1   172      7  0.2486620E-03  0.0000000E+00  0.1000000E+01
         1   172      8  0.2841654E-03  0.0000000E+00  0.1000000E+01
         1   172      9  0.3196738E-03  0.0000000E+00  0.9999999E+00
         1   172     10 -0.1513784E-02  0.0000000E+00  0.9999989E+00

         1   173      0  0.0000000E+00  0.0000000E+00  0.0000000E+00
         1   173      1  0.2822753E-06  0.0000000E+00  0.1000000E+01
         1   173      2  0.7122189E-04  0.0000000E+00  0.1000000E+01
         1   173      3  0.1066996E-03  0.0000000E+00  0.1000000E+01
         1   173      4  0.1421825E-03  0.0000000E+00  0.1000000E+01
         1   173      5  0.1776705E-03  0.0000000E+00  0.1000000E+01
         1   173      6  0.2131637E-03  0.0000000E+00  0.1000000E+01
         1   173      7  0.2486620E-03  0.0000000E+00  0.1000000E+01
         1   173      8  0.2841654E-03  0.0000000E+00  0.1000000E+01
         1   173      9  0.3196738E-03  0.0000000E+00  0.9999999E+00
         1   173     10 -0.1513784E-02  0.0000000E+00  0.9999989E+00

         1   174      0  0.0000000E+00  0.0000000E+00  0.0000000E+00
         1   174      1  0.2822753E-06  0.0000000E+00  0.1000000E+01
         1   174      2  0.7122189E-04  0.0000000E+00  0.1000000E+01
         1   174      3  0.1066996E-03  0.0000000E+00  0.1000000E+01
         1   174      4  0.1421825E-03  0.0000000E+00  0.1000000E+01
         1   174      5  0.1776705E-03  0.0000000E+00  0.1000000E+01
         1   174      6  0.2131637E-03  0.0000000E+00  0.1000000E+01
         1   174      7  0.2486620E-03  0.0000000E+00  0.1000000E+01
         1   174      8  0.2841654E-03  0.0000000E+00  0.1000000E+01
         1   174      9  0.3196738E-03  0.0000000E+00  0.9999999E+00
         1   174     10 -0.1513784E-02  0.0000000E+00  0.9999989E+00

         1   175      0  0.0000000E+00  0.0000000E+00  0.0000000E+00
         1   175      1  0.2822753E-06  0.0000000E+00  0.1000000E+01
         1   175      2  0.7122189E-04  0.0000000E+00  0.1000000E+01
         1   175      3  0.1066996E-03  0.0000000E+00  0.1000000E+01
         1   175      4  0.1421825E-03  0.0000000E+00  0.1000000E+01
         1   175      5  0.1776705E-03  0.0000000E+00  0.1000000E+01
         1   175      6  0.2131637E-03  0.0000000E+00  0.1000000E+01
         1   175      7  0.2486620E-03  0.0000000E+00  0.1000000E+01
         1   175      8  0.2841654E-03  0.0000000E+00  0.1000000E+01
         1   175      9  0.3196738E-03  0.0000000E+00  0.9999999E+00
         1   175     10 -0.1513784E-02  0.0000000E+00  0.9999989E+00

         1   176      0  0.0000000E+00  0.0000000E+00  0.0000000E+00
         1   176      1  0.2999175E-06  0.0000000E+00  0.1000000E+01
         1   176      2  0.7113513E-04  0.0000000E+00  0.1000000E+01
         1   176      3  0.1065606E-03  0.0000000E+00  0.1000000E+01
         1   176      4  0.1419913E-03  0.0000000E+00  0.1000000E+01
         1   176      5  0.1774272E-03  0.0000000E+00  0.1000000E+01
         1   176      6  0.2128682E-03  0.0000000E+00  0.1000000E+01
         1   176      7  0.2483143E-03  0.0000000E+00  0.1000000E+01
         1   176      8  0.2837654E-03  0.0000000E+00  0.1000000E+01
         1   176      9  0.3192216E-03  0.0000000E+00  0.9999999E+00
         1   176     10 -0.1511455E-02  0.0000000E+00  0.9999989E+00

         1   177      0  0.0000000E+00  0.0000000E+00  0.0000000E+00
         1   177      1  0.2999175E-06  0.0000000E+00  0.1000000E+01
         1   177      2  0.7113513E-04  0.0000000E+00  0.1000000E+01
         1   177      3  0.1065606E-03  0.0000000E+00  0.1000000E+01
         1   177      4  0.1419913E-03  0.0000000E+00  0.1000000E+01
         1   177      5  0.1774272E-03  0.0000000E+00  0.1000000E+01
         1   177      6  0.2128682E-03  0.0000000E+00  0.1000000E+01
         1   177      7  0.2483143E-03  0.0000000E+00  0.1000000E+01
         1   177      8  0.2837654E-03  0.0000000E+00  0.1000000E+01
         1   177      9  0.3192216E-03  0.0000000E+00  0.9999999E+00
         1   177     10 -0.1511455E-02  0.0000000E+00  0.9999989E+00

         1   178      0  0.0000000E+00  0.0000000E+00  0.0000000E+00
         1   178      1  0.2999175E-06  0.0000000E+00  0.1000000E+01
         1   178      2  0.7113513E-04  0.0000000E+00  0.1000000E+01
         1   178      3  0.1065606E-03  0.0000000E+00  0.1000000E+01
         1   178      4  0.1419913E-03  0.0000000E+00  0.1000000E+01
         1   178      5  0.1774272E-03  0.0000000E+00  0.1000000E+01
         1   178      6  0.2128682E-03  0.0000000E+00  0.1000000E+01
         1   178      7  0.2483143E-03  0.0000000E+00  0.1000000E+01
         1   178      8  0.2837654E-03  0.0000000E+00  0.1000000E+01
         1   178      9  0.3192216E-03  0.0000000E+00  0.9999999E+00
         1   178     10 -0.1511455E-02  0.0000000E+00  0.9999989E+00

         1   179      0  0.0000000E+00  0.0000000E+00  0.0000000E+00
         1   179      1  0.2999175E-06  0.0000000E+00  0.1000000E+01
         1   179      2  0.7113513E-04  0.0000000E+00  0.1000000E+01
         1   179      3  0.1065606E-03  0.0000000E+00  0.1000000E+01
         1   179      4  0.1419913E-03  0.0000000E+00  0.1000000E+01
         1   179      5  0.1774272E-03  0.0000000E+00  0.1000000E+01
         1   179      6  0.2128682E-03  0.0000000E+00  0.1000000E+01
         1   179      7  0.2483143E-03  0.0000000E+00  0.1000000E+01
         1   179      8  0.2837654E-03  0.0000000E+00  0.1000000E+01
         1   179      9  0.3192216E-03  0.0000000E+00  0.9999999E+00
         1   179     10 -0.1511455E-02  0.0000000E+00  0.9999989E+00

         1   180      0  0.0000000E+00  0.0000000E+00  0.0000000E+00
         1   180      1  0.2999175E-06  0.0000000E+00  0.1000000E+01
         1   180      2 -0.1204644E-04  0.0000000E+00  0.1000000E+01
         1   180      3 -0.1821217E-04  0.0000000E+00  0.1000000E+01
         1   180      4 -0.2437298E-04  0.0000000E+00  0.1000000E+01
         1   180      5 -0.3052887E-04  0.0000000E+00  0.1000000E+01
         1   180      6 -0.3667987E-04  0.0000000E+00  0.1000000E+01
         1   180      7 -0.4282599E-04  0.0000000E+00  0.1000000E+01
         1   180      8 -0.4896726E-04  0.0000000E+00  0.1000000E+01
         1   180      9 -0.5510368E-04  0.0000000E+00  0.1000000E+01
         1   180     10 -0.1818696E-02  0.0000000E+00  0.9999983E+00

         1   181      0  0.0000000E+00  0.0000000E+00  0.0000000E+00
         1   181      1  0.2999175E-06  0.0000000E+00  0.1000000E+01
         1   181      2 -0.9494826E-04  0.0000000E+00  0.1000000E+01
         1   181      3 -0.1425654E-03  0.0000000E+00  0.1000000E+01
         1   181      4 -0.1901780E-03  0.0000000E+00  0.1000000E+01
         1   181      5 -0.2377859E-03  0.0000000E+00  0.1000000E+01
         1   181      6 -0.2853892E-03  0.0000000E+00  0.1000000E+01
         1   181      7 -0.3329879E-03  0.0000000E+00  0.9999999E+00
         1   181      8 -0.3805820E-03  0.0000000E+00  0.9999999E+00
         1   181      9 -0.4281715E-03  0.0000000E+00  0.9999999E+00
         1   181     10 -0.2120420E-02  0.0000000E+00  0.9999978E+00

         1   182      0  0.0000000E+00  0.0000000E+00  0.0000000E+00
         1   182      1  0.2999175E-06  0.0000000E+00  0.1000000E+01
         1   182      2 -0.9494826E-04  0.0000000E+00  0.1000000E+01
         1   182      3 -0.1425654E-03  0.0000000E+00  0.1000000E+01
         1   182      4 -0.1901780E-03  0.0000000E+00  0.1000000E+01
         1   182      5 -0.2377859E-03  0.0000000E+00  0.1000000E+01
         1   182      6 -0.2853892E-03  0.0000000E+00  0.1000000E+01
         1   182      7 -0.3329879E-03  0.0000000E+00  0.9999999E+00
         1   182      8 -0.3805820E-03  0.0000000E+00  0.9999999E+00
         1   182      9 -0.4281715E-03  0.0000000E+00  0.9999999E+00
         1   182     10 -0.2120420E-02  0.0000000E+00  0.9999978E+00

         1   183      0  0.0000000E+00  0.0000000E+00  0.0000000E+00
         1   183      1  0.2999175E-06  0.0000000E+00  0.1000000E+01
         1   183      2 -0.9494826E-04  0.0000000E+00  0.1000000E+01
         1   183      3 -0.1425654E-03  0.0000000E+00  0.1000000E+01
         1   183      4 -0.1901780E-03  0.0000000E+00  0.1000000E+01
         1   183      5 -0.2377859E-03  0.0000000E+00  0.1000000E+01
         1   183      6 -0.2853892E-03  0.0000000E+00  0.1000000E+01
         1   183      7 -0.3329879E-03  0.0000000E+00  0.9999999E+00
         1   183      8 -0.3805820E-03  0.0000000E+00  0.9999999E+00
         1   183      9 -0.4281715E-03  0.0000000E+00  0.9999999E+00
         1   183     10 -0.2120420E-02  0.0000000E+00  0.9999978E+00

         1   184      0  0.0000000E+00  0.0000000E+00  0.0000000E+00
         1   184      1  0.2999175E-06  0.0000000E+00  0.1000000E+01
         1   184      2 -0.9494826E-04  0.0000000E+00  0.1000000E+01
         1   184      3 -0.1425654E-03  0.0000000E+00  0.1000000E+01
         1   184      4 -0.1901780E-03  0.0000000E+00  0.1000000E+01
         1   184      5 -0.2377859E-03  0.0000000E+00  0.1000000E+01
         1   184      6 -0.2853892E-03  0.0000000E+00  0.1000000E+01
         1   184      7 -0.3329879E-03  0.0000000E+00  0.9999999E+00
         1   184      8 -0.3805820E-03  0.0000000E+00  0.9999999E+00
         1   184      9 -0.4281715E-03  0.0000000E+00  0.9999999E+00
         1   184     10 -0.2120420E-02  0.0000000E+00  0.9999978E+00

         1   185      0  0.0000000E+00  0.0000000E+00  0.0000000E+00
         1   185      1  0.3175598E-06  0.0000000E+00  0.1000000E+01
         1   185      2 -0.9502870E-04  0.0000000E+00  0.1000000E+01
         1   185      3 -0.1426949E-03  0.0000000E+00  0.1000000E+01
         1   185      4 -0.1903565E-03  0.0000000E+00  0.1000000E+01
         1   185      5 -0.2380135E-03  0.0000000E+00  0.1000000E+01
         1   185      6 -0.2856658E-03  0.0000000E+00  0.1000000E+01
         1   185      7 -0.3333136E-03  0.0000000E+00  0.9999999E+00
         1   185      8 -0.3809567E-03  0.0000000E+00  0.9999999E+00
         1   185      9 -0.4285952E-03  0.0000000E+00  0.9999999E+00
         1   185     10 -0.2117967E-02  0.0000000E+00  0.9999978E+00

         1   186      0  0.0000000E+00  0.0000000E+00  0.0000000E+00
         1   186      1  0.3175598E-06  0.0000000E+00  0.1000000E+01
         1   186      2 -0.9502870E-04  0.0000000E+00  0.1000000E+01
         1   186      3 -0.1426949E-03  0.0000000E+00  0.1000000E+01
         1   186      4 -0.1903565E-03  0.0000000E+00  0.1000000E+01
         1   186      5 -0.2380135E-03  0.0000000E+00  0.1000000E+01
         1   186      6 -0.2856658E-03  0.0000000E+00  0.1000000E+01
         1   186      7 -0.3333136E-03  0.0000000E+00  0.9999999E+00
         1   186      8 -0.3809567E-03  0.0000000E+00  0.9999999E+00
         1   186      9 -0.4285952E-03  0.0000000E+00  0.9999999E+00
         1   186     10 -0.2117967E-02  0.0000000E+00  0.9999978E+00

         1   187      0  0.0000000E+00  0.0000000E+00  0.0000000E+00
         1   187      1  0.3175598E-06  0.0000000E+00  0.1000000E+01
         1   187      2 -0.9502870E-04  0.0000000E+00  0.1000000E+01
         1   187      3 -0.1426949E-03  0.0000000E+00  0.1000000E+01
         1   187      4 -0.1903565E-03  0.0000000E+00  0.1000000E+01
         1   187      5 -0.2380135E-03  0.0000000E+00  0.1000000E+01
         1   187      6 -0.2856658E-03  0.0000000E+00  0.1000000E+01
         1   187      7 -0.3333136E-03  0.0000000E+00  0.9999999E+00
         1   187      8 -0.3809567E-03  0.0000000E+00  0.9999999E+00
         1   187      9 -0.4285952E-03  0.0000000E+00  0.9999999E+00
         1   187     10 -0.2117967E-02  0.0000000E+00  0.9999978E+00

         1   188      0  0.0000000E+00  0.0000000E+00  0.0000000E+00
         1   188      1  0.3175598E-06  0.0000000E+00  0.1000000E+01
         1   188      2 -0.9502870E-04  0.0000000E+00  0.1000000E+01
         1   188      3 -0.1426949E-03  0.0000000E+00  0.1000000E+01
         1   188      4 -0.1903565E-03  0.0000000E+00  0.1000000E+01
         1   188      5 -0.2380135E-03  0.0000000E+00  0.1000000E+01
         1   188      6 -0.2856658E-03  0.0000000E+00  0.1000000E+01
         1   188      7 -0.3333136E-03  0.0000000E+00  0.9999999E+00
         1   188      8 -0.3809567E-03  0.0000000E+00  0.9999999E+00
         1   188      9 -0.4285952E-03  0.0000000E+00  0.9999999E+00
         1   188     10 -0.2117967E-02  0.0000000E+00  0.9999978E+00

         1   189      0  0.0000000E+00  0.0000000E+00  0.0000000E+00
         1   189      1  0.3175598E-06  0.0000000E+00  0.1000000E+01
         1   189      2 -0.6276136E-04  0.0000000E+00  0.1000000E+01
         1   189      3 -0.9429401E-04  0.0000000E+00  0.1000000E+01
         1   189      4 -0.1258222E-03  0.0000000E+00  0.1000000E+01
         1   189      5 -0.1573459E-03  0.0000000E+00  0.1000000E+01
         1   189      6 -0.1888651E-03  0.0000000E+00  0.1000000E+01
         1   189      7 -0.2203799E-03  0.0000000E+00  0.1000000E+01
         1   189      8 -0.2518903E-03  0.0000000E+00  0.1000000E+01
         1   189      9 -0.2833963E-03  0.0000000E+00  0.1000000E+01
         1   189     10 -0.2026272E-02  0.0000000E+00  0.9999979E+00

         1   190      0  0.0000000E+00  0.0000000E+00  0.0000000E+00
         1   190      1  0.3175598E-06  0.0000000E+00  0.1000000E+01
         1   190      2 -0.3277486E-04  0.0000000E+00  0.1000000E+01
         1   190      3 -0.4931440E-04  0.0000000E+00  0.1000000E+01
         1   190      4 -0.6584954E-04  0.0000000E+00  0.1000000E+01
         1   190      5 -0.8238034E-04  0.0000000E+00  0.1000000E+01
         1   190      6 -0.9890685E-04  0.0000000E+00  0.1000000E+01
         1   190      7 -0.1154291E-03  0.0000000E+00  0.1000000E+01
         1   190      8 -0.1319472E-03  0.0000000E+00  0.1000000E+01
         1   190      9 -0.1484611E-03  0.0000000E+00  0.1000000E+01
         1   190     10 -0.1943664E-02  0.0000000E+00  0.9999981E+00

         1   191      0  0.0000000E+00  0.0000000E+00  0.0000000E+00
         1   191      1  0.3175598E-06  0.0000000E+00  0.1000000E+01
         1   191      2 -0.3277486E-04  0.0000000E+00  0.1000000E+01
         1   191      3 -0.4931440E-04  0.0000000E+00  0.1000000E+01
         1   191      4 -0.6584954E-04  0.0000000E+00  0.1000000E+01
         1   191      5 -0.8238034E-04  0.0000000E+00  0.1000000E+01
         1   191      6 -0.9890685E-04  0.0000000E+00  0.1000000E+01
         1   191      7 -0.1154291E-03  0.0000000E+00  0.1000000E+01
         1   191      8 -0.1319472E-03  0.0000000E+00  0.1000000E+01
         1   191      9 -0.1484611E-03  0.0000000E+00  0.1000000E+01
         1   191     10 -0.1943664E-02  0.0000000E+00  0.9999981E+00

         1   192      0  0.0000000E+00  0.0000000E+00  0.0000000E+00
         1   192      1  0.3175598E-06  0.0000000E+00  0.1000000E+01
         1   192      2 -0.3277486E-04  0.0000000E+00  0.1000000E+01
         1   192      3 -0.4931440E-04  0.0000000E+00  0.1000000E+01
         1   192      4 -0.6584954E-04  0.0000000E+00  0.1000000E+01
         1   192      5 -0.8238034E-04  0.0000000E+00  0.1000000E+01
         1   192      6 -0.9890685E-04  0.0000000E+00  0.1000000E+01
         1   192      7 -0.1154291E-03  0.0000000E+00  0.1000000E+01
         1   192      8 -0.1319472E-03  0.0000000E+00  0.1000000E+01
         1   192      9 -0.1484611E-03  0.0000000E+00  0.1000000E+01
         1   192     10 -0.1943664E-02  0.0000000E+00  0.9999981E+00

         1   193      0  0.0000000E+00  0.0000000E+00  0.0000000E+00
         1   193      1  0.3175598E-06  0.0000000E+00  0.1000000E+01
         1   193      2 -0.3277486E-04  0.0000000E+00  0.1000000E+01
         1   193      3 -0.4931440E-04  0.0000000E+00  0.1000000E+01
         1   193      4 -0.6584954E-04  0.0000000E+00  0.1000000E+01
         1   193      5 -0.8238034E-04  0.0000000E+00  0.1000000E+01
         1   193      6 -0.9890685E-04  0.0000000E+00  0.1000000E+01
         1   193      7 -0.1154291E-03  0.0000000E+00  0.1000000E+01
         1   193      8 -0.1319472E-03  0.0000000E+00  0.1000000E+01
         1   193      9 -0.1484611E-03  0.0000000E+00  0.1000000E+01
         1   193     10 -0.1943664E-02  0.0000000E+00  0.9999981E+00

         1   194      0  0.0000000E+00  0.0000000E+00  0.0000000E+00
         1   194      1  0.3352020E-06  0.0000000E+00  0.1000000E+01
         1   194      2 -0.3279716E-04  0.0000000E+00  0.1000000E+01
         1   194      3 -0.4935667E-04  0.0000000E+00  0.1000000E+01
         1   194      4 -0.6591178E-04  0.0000000E+00  0.1000000E+01
         1   194      5 -0.8246255E-04  0.0000000E+00  0.1000000E+01
         1   194      6 -0.9900903E-04  0.0000000E+00  0.1000000E+01
         1   194      7 -0.1155513E-03  0.0000000E+00  0.1000000E+01
         1   194      8 -0.1320893E-03  0.0000000E+00  0.1000000E+01
         1   194      9 -0.1486232E-03  0.0000000E+00  0.1000000E+01
         1   194     10 -0.1940979E-02  0.0000000E+00  0.9999981E+00

         1   195      0  0.0000000E+00  0.0000000E+00  0.0000000E+00
         1   195      1  0.3352020E-06  0.0000000E+00  0.1000000E+01
         1   195      2 -0.3279716E-04  0.0000000E+00  0.1000000E+01
         1   195      3 -0.4935667E-04  0.0000000E+00  0.1000000E+01
         1   195      4 -0.6591178E-04  0.0000000E+00  0.1000000E+01
         1   195      5 -0.8246255E-04  0.0000000E+00  0.1000000E+01
         1   195      6 -0.9900903E-04  0.0000000E+00  0.1000000E+01
         1   195      7 -0.1155513E-03  0.0000000E+00  0.1000000E+01
         1   195      8 -0.1320893E-03  0.0000000E+00  0.1000000E+01
         1   195      9 -0.1486232E-03  0.0000000E+00  0.1000000E+01
         1   195     10 -0.1940979E-02  0.0000000E+00  0.9999981E+00

         1   196      0  0.0000000E+00  0.0000000E+00  0.0000000E+00
         1   196      1  0.3352020E-06  0.0000000E+00  0.1000000E+01
         1   196      2 -0.3279716E-04  0.0000000E+00  0.1000000E+01
         1   196      3 -0.4935667E-04  0.0000000E+00  0.1000000E+01
         1   196      4 -0.6591178E-04  0.0000000E+00  0.1000000E+01
         1   196      5 -0.8246255E-04  0.0000000E+00  0.1000000E+01
         1   196      6 -0.9900903E-04  0.0000000E+00  0.1000000E+01
         1   196      7 -0.1155513E-03  0.0000000E+00  0.1000000E+01
         1   196      8 -0.1320893E-03  0.0000000E+00  0.1000000E+01
         1   196      9 -0.1486232E-03  0.0000000E+00  0.1000000E+01
         1   196     10 -0.1940979E-02  0.0000000E+00  0.9999981E+00

         1   197      0  0.0000000E+00  0.0000000E+00  0.0000000E+00
         1   197      1  0.3352020E-06  0.0000000E+00  0.1000000E+01
         1   197      2 -0.3279716E-04  0.0000000E+00  0.1000000E+01
         1   197      3 -0.4935667E-04  0.0000000E+00  0.1000000E+01
         1   197      4 -0.6591178E-04  0.0000000E+00  0.1000000E+01
         1   197      5 -0.8246255E-04  0.0000000E+00  0.1000000E+01
         1   197      6 -0.9900903E-04  0.0000000E+00  0.1000000E+01
         1   197      7 -0.1155513E-03  0.0000000E+00  0.1000000E+01
         1   197      8 -0.1320893E-03  0.0000000E+00  0.1000000E+01
         1   197      9 -0.1486232E-03  0.0000000E+00  0.1000000E+01
         1   197     10 -0.1940979E-02  0.0000000E+00  0.9999981E+00

         1   198      0  0.0000000E+00  0.0000000E+00  0.0000000E+00
         1   198      1  0.3352020E-06  0.0000000E+00  0.1000000E+01
         1   198      2 -0.4830509E-04  0.0000000E+00  0.1000000E+01
         1   198      3 -0.7261828E-04  0.0000000E+00  0.1000000E+01
         1   198      4 -0.9692684E-04  0.0000000E+00  0.1000000E+01
         1   198      5 -0.1212307E-03  0.0000000E+00  0.1000000E+01
         1   198      6 -0.1455300E-03  0.0000000E+00  0.1000000E+01
         1   198      7 -0.1698245E-03  0.0000000E+00  0.1000000E+01
         1   198      8 -0.1941144E-03  0.0000000E+00  0.1000000E+01
         1   198      9 -0.2183997E-03  0.0000000E+00  0.1000000E+01
         1   198     10 -0.1974218E-02  0.0000000E+00  0.9999981E+00

         1   199      0  0.0000000E+00  0.0000000E+00  0.0000000E+00
         1   199      1  0.3352020E-06  0.0000000E+00  0.1000000E+01
         1   199      2 -0.6184417E-04  0.0000000E+00  0.1000000E+01
         1   199      3 -0.9292664E-04  0.0000000E+00  0.1000000E+01
         1   199      4 -0.1240042E-03  0.0000000E+00  0.1000000E+01
         1   199      5 -0.1550768E-03  0.0000000E+00  0.1000000E+01
         1   199      6 -0.1861445E-03  0.0000000E+00  0.1000000E+01
         1   199      7 -0.2172070E-03  0.0000000E+00  0.1000000E+01
         1   199      8 -0.2482644E-03  0.0000000E+00  0.1000000E+01
         1   199      9 -0.2793165E-03  0.0000000E+00  0.1000000E+01
         1   199     10 -0.2004008E-02  0.0000000E+00  0.9999980E+00

         1   200      0  0.0000000E+00  0.0000000E+00  0.0000000E+00
         1   200      1  0.3352020E-06  0.0000000E+00  0.1000000E+01
         1   200      2 -0.6184417E-04  0.0000000E+00  0.1000000E+01
         1   200      3 -0.9292664E-04  0.0000000E+00  0.1000000E+01
         1   200      4 -0.1240042E-03  0.0000000E+00  0.1000000E+01
         1   200      5 -0.1550768E-03  0.0000000E+00  0.1000000E+01
         1   200      6 -0.1861445E-03  0.0000000E+00  0.1000000E+01
         1   200      7 -0.2172070E-03  0.0000000E+00  0.1000000E+01
         1   200      8 -0.2482644E-03  0.0000000E+00  0.1000000E+01
         1   200      9 -0.2793165E-03  0.0000000E+00  0.1000000E+01
         1   200     10 -0.2004008E-02  0.0000000E+00  0.9999980E+00

         1   201      0  0.0000000E+00  0.0000000E+00  0.0000000E+00
         1   201      1  0.3352020E-06  0.0000000E+00  0.1000000E+01
         1   201      2 -0.6184417E-04  0.0000000E+00  0.1000000E+01
         1   201      3 -0.9292664E-04  0.0000000E+00  0.1000000E+01
         1   201      4 -0.1240042E-03  0.0000000E+00  0.1000000E+01
         1   201      5 -0.1550768E-03  0.0000000E+00  0.1000000E+01
         1   201      6 -0.1861445E-03  0.0000000E+00  0.1000000E+01
         1   201      7 -0.2172070E-03  0.0000000E+00  0.1000000E+01
         1   201      8 -0.2482644E-03  0.0000000E+00  0.1000000E+01
         1   201      9 -0.2793165E-03  0.0000000E+00  0.1000000E+01
         1   201     10 -0.2004008E-02  0.0000000E+00  0.9999980E+00

         1   202      0  0.0000000E+00  0.0000000E+00  0.0000000E+00
         1   202      1  0.3352020E-06  0.0000000E+00  0.1000000E+01
         1   202      2 -0.6184417E-04  0.0000000E+00  0.1000000E+01
         1   202      3 -0.9292664E-04  0.0000000E+00  0.1000000E+01
         1   202      4 -0.1240042E-03  0.0000000E+00  0.1000000E+01
         1   202      5 -0.1550768E-03  0.0000000E+00  0.1000000E+01
         1   202      6 -0.1861445E-03  0.0000000E+00  0.1000000E+01
         1   202      7 -0.2172070E-03  0.0000000E+00  0.1000000E+01
         1   202      8 -0.2482644E-03  0.0000000E+00  0.1000000E+01
         1   202      9 -0.2793165E-03  0.0000000E+00  0.1000000E+01
         1   202     10 -0.2004008E-02  0.0000000E+00  0.9999980E+00

         1   203      0  0.0000000E+00  0.0000000E+00  0.0000000E+00
         1   203      1  0.3528442E-06  0.0000000E+00  0.1000000E+01
         1   203      2 -0.6182200E-04  0.0000000E+00  0.1000000E+01
         1   203      3 -0.9290221E-04  0.0000000E+00  0.1000000E+01
         1   203      4 -0.1239775E-03  0.0000000E+00  0.1000000E+01
         1   203      5 -0.1550479E-03  0.0000000E+00  0.1000000E+01
         1   203      6 -0.1861132E-03  0.0000000E+00  0.1000000E+01
         1   203      7 -0.2171735E-03  0.0000000E+00  0.1000000E+01
         1   203      8 -0.2482286E-03  0.0000000E+00  0.1000000E+01
         1   203      9 -0.2792785E-03  0.0000000E+00  0.1000000E+01
         1   203     10 -0.2001246E-02  0.0000000E+00  0.9999980E+00

         1   204      0  0.0000000E+00  0.0000000E+00  0.0000000E+00
         1   204      1  0.3528442E-06  0.0000000E+00  0.1000000E+01
         1   204      2 -0.6182200E-04  0.0000000E+00  0.1000000E+01
         1   204      3 -0.9290221E-04  0.0000000E+00  0.1000000E+01
         1   204      4 -0.1239775E-03  0.0000000E+00  0.1000000E+01
         1   204      5 -0.1550479E-03  0.0000000E+00  0.1000000E+01
         1   204      6 -0.1861132E-03  0.0000000E+00  0.1000000E+01
         1   204      7 -0.2171735E-03  0.0000000E+00  0.1000000E+01
         1   204      8 -0.2482286E-03  0.0000000E+00  0.1000000E+01
         1   204      9 -0.2792785E-03  0.0000000E+00  0.1000000E+01
         1   204     10 -0.2001246E-02  0.0000000E+00  0.9999980E+00

         1   205      0  0.0000000E+00  0.0000000E+00  0.0000000E+00
         1   205      1  0.3528442E-06  0.0000000E+00  0.1000000E+01
         1   205      2 -0.6182200E-04  0.0000000E+00  0.1000000E+01
         1   205      3 -0.9290221E-04  0.0000000E+00  0.1000000E+01
         1   205      4 -0.1239775E-03  0.0000000E+00  0.1000000E+01
         1   205      5 -0.1550479E-03  0.0000000E+00  0.1000000E+01
         1   205      6 -0.1861132E-03  0.0000000E+00  0.1000000E+01
         1   205      7 -0.2171735E-03  0.0000000E+00  0.1000000E+01
         1   205      8 -0.2482286E-03  0.0000000E+00  0.1000000E+01
         1   205      9 -0.2792785E-03  0.0000000E+00  0.1000000E+01
         1   205     10 -0.2001246E-02  0.0000000E+00  0.9999980E+00

         1   206      0  0.0000000E+00  0.0000000E+00  0.0000000E+00
         1   206      1  0.3528442E-06  0.0000000E+00  0.1000000E+01
         1   206      2 -0.6182200E-04  0.0000000E+00  0.1000000E+01
         1   206      3 -0.9290221E-04  0.0000000E+00  0.1000000E+01
         1   206      4 -0.1239775E-03  0.0000000E+00  0.1000000E+01
         1   206      5 -0.1550479E-03  0.0000000E+00  0.1000000E+01
         1   206      6 -0.1861132E-03  0.0000000E+00  0.1000000E+01
         1   206      7 -0.2171735E-03  0.0000000E+00  0.1000000E+01
         1   206      8 -0.2482286E-03  0.0000000E+00  0.1000000E+01
         1   206      9 -0.2792785E-03  0.0000000E+00  0.1000000E+01
         1   206     10 -0.2001246E-02  0.0000000E+00  0.9999980E+00

         1   207      0  0.0000000E+00  0.0000000E+00  0.0000000E+00
         1   207      1  0.3528442E-06  0.0000000E+00  0.1000000E+01
         1   207      2 -0.7934068E-04  0.0000000E+00  0.1000000E+01
         1   207      3 -0.1191803E-03  0.0000000E+00  0.1000000E+01
         1   207      4 -0.1590151E-03  0.0000000E+00  0.1000000E+01
         1   207      5 -0.1988450E-03  0.0000000E+00  0.1000000E+01
         1   207      6 -0.2386700E-03  0.0000000E+00  0.1000000E+01
         1   207      7 -0.2784901E-03  0.0000000E+00  0.1000000E+01
         1   207      8 -0.3183052E-03  0.0000000E+00  0.9999999E+00
         1   207      9 -0.3581152E-03  0.0000000E+00  0.9999999E+00
         1   207     10 -0.2001857E-02  0.0000000E+00  0.9999980E+00

         1   208      0  0.0000000E+00  0.0000000E+00  0.0000000E+00
         1   208      1  0.3528442E-06  0.0000000E+00  0.1000000E+01
         1   208      2 -0.1028951E-03  0.0000000E+00  0.1000000E+01
         1   208      3 -0.1545119E-03  0.0000000E+00  0.1000000E+01
         1   208      4 -0.2061240E-03  0.0000000E+00  0.1000000E+01
         1   208      5 -0.2577314E-03  0.0000000E+00  0.1000000E+01
         1   208      6 -0.3093340E-03  0.0000000E+00  0.1000000E+01
         1   208      7 -0.3609318E-03  0.0000000E+00  0.9999999E+00
         1   208      8 -0.4125247E-03  0.0000000E+00  0.9999999E+00
         1   208      9 -0.4641129E-03  0.0000000E+00  0.9999999E+00
         1   208     10 -0.2002644E-02  0.0000000E+00  0.9999980E+00

         1   209      0  0.0000000E+00  0.0000000E+00  0.0000000E+00
         1   209      1  0.3528442E-06  0.0000000E+00  0.1000000E+01
         1   209      2 -0.1028951E-03  0.0000000E+00  0.1000000E+01
         1   209      3 -0.1545119E-03  0.0000000E+00  0.1000000E+01
         1   209      4 -0.2061240E-03  0.0000000E+00  0.1000000E+01
         1   209      5 -0.2577314E-03  0.0000000E+00  0.1000000E+01
         1   209      6 -0.3093340E-03  0.0000000E+00  0.1000000E+01
         1   209      7 -0.3609318E-03  0.0000000E+00  0.9999999E+00
         1   209      8 -0.4125247E-03  0.0000000E+00  0.9999999E+00
         1   209      9 -0.4641129E-03  0.0000000E+00  0.9999999E+00
         1   209     10 -0.2002644E-02  0.0000000E+00  0.9999980E+00

         1   210      0  0.0000000E+00  0.0000000E+00  0.0000000E+00
         1   210      1  0.3528442E-06  0.0000000E+00  0.1000000E+01
         1   210      2 -0.1028951E-03  0.0000000E+00  0.1000000E+01
         1   210      3 -0.1545119E-03  0.0000000E+00  0.1000000E+01
         1   210      4 -0.2061240E-03  0.0000000E+00  0.1000000E+01
         1   210      5 -0.2577314E-03  0.0000000E+00  0.1000000E+01
         1   210      6 -0.3093340E-03  0.0000000E+00  0.1000000E+01
         1   210      7 -0.3609318E-03  0.0000000E+00  0.9999999E+00
         1   210      8 -0.4125247E-03  0.0000000E+00  0.9999999E+00
         1   210      9 -0.4641129E-03  0.0000000E+00  0.9999999E+00
         1   210     10 -0.2002644E-02  0.0000000E+00  0.9999980E+00

         1   211      0  0.0000000E+00  0.0000000E+00  0.0000000E+00
         1   211      1  0.3528442E-06  0.0000000E+00  0.1000000E+01
         1   211      2 -0.1028951E-03  0.0000000E+00  0.1000000E+01
         1   211      3 -0.1545119E-03  0.0000000E+00  0.1000000E+01
         1   211      4 -0.2061240E-03  0.0000000E+00  0.1000000E+01
         1   211      5 -0.2577314E-03  0.0000000E+00  0.1000000E+01
         1   211      6 -0.3093340E-03  0.0000000E+00  0.1000000E+01
         1   211      7 -0.3609318E-03  0.0000000E+00  0.9999999E+00
         1   211      8 -0.4125247E-03  0.0000000E+00  0.9999999E+00
         1   211      9 -0.4641129E-03  0.0000000E+00  0.9999999E+00
         1   211     10 -0.2002644E-02  0.0000000E+00  0.9999980E+00

         1   212      0  0.0000000E+00  0.0000000E+00  0.0000000E+00
         1   212      1  0.3528442E-06  0.0000000E+00  0.1000000E+01
         1   212      2 -0.1028951E-03  0.0000000E+00  0.1000000E+01
         1   212      3 -0.1545119E-03  0.0000000E+00  0.1000000E+01
         1   212      4 -0.2061240E-03  0.0000000E+00  0.1000000E+01
         1   212      5 -0.2577314E-03  0.0000000E+00  0.1000000E+01
         1   212      6 -0.3093340E-03  0.0000000E+00  0.1000000E+01
         1   212      7 -0.3609318E-03  0.0000000E+00  0.9999999E+00
         1   212      8 -0.4125247E-03  0.0000000E+00  0.9999999E+00
         1   212      9 -0.4641129E-03  0.0000000E+00  0.9999999E+00
         1   212     10 -0.2002644E-02  0.0000000E+00  0.9999980E+00

         1   213      0  0.0000000E+00  0.0000000E+00  0.0000000E+00
         1   213      1  0.3528442E-06  0.0000000E+00  0.1000000E+01
         1   213      2 -0.1028951E-03  0.0000000E+00  0.1000000E+01
         1   213      3 -0.1545119E-03  0.0000000E+00  0.1000000E+01
         1   213      4 -0.2061240E-03  0.0000000E+00  0.1000000E+01
         1   213      5 -0.2577314E-03  0.0000000E+00  0.1000000E+01
         1   213      6 -0.3093340E-03  0.0000000E+00  0.1000000E+01
         1   213      7 -0.3609318E-03  0.0000000E+00  0.9999999E+00
         1   213      8 -0.4125247E-03  0.0000000E+00  0.9999999E+00
         1   213      9 -0.4641129E-03  0.0000000E+00  0.9999999E+00
         1   213     10 -0.2002644E-02  0.0000000E+00  0.9999980E+00

         1   214      0  0.0000000E+00  0.0000000E+00  0.0000000E+00
         1   214      1  0.3528442E-06  0.0000000E+00  0.1000000E+01
         1   214      2 -0.1028951E-03  0.0000000E+00  0.1000000E+01
         1   214      3 -0.1545119E-03  0.0000000E+00  0.1000000E+01
         1   214      4 -0.2061240E-03  0.0000000E+00  0.1000000E+01
         1   214      5 -0.2577314E-03  0.0000000E+00  0.1000000E+01
         1   214      6 -0.3093340E-03  0.0000000E+00  0.1000000E+01
         1   214      7 -0.3609318E-03  0.0000000E+00  0.9999999E+00
         1   214      8 -0.4125247E-03  0.0000000E+00  0.9999999E+00
         1   214      9 -0.4641129E-03  0.0000000E+00  0.9999999E+00
         1   214     10 -0.2002644E-02  0.0000000E+00  0.9999980E+00

         1   215      0  0.0000000E+00  0.0000000E+00  0.0000000E+00
         1   215      1  0.3528442E-06  0.0000000E+00  0.1000000E+01
         1   215      2 -0.1028951E-03  0.0000000E+00  0.1000000E+01
         1   215      3 -0.1545119E-03  0.0000000E+00  0.1000000E+01
         1   215      4 -0.2061240E-03  0.0000000E+00  0.1000000E+01
         1   215      5 -0.2577314E-03  0.0000000E+00  0.1000000E+01
         1   215      6 -0.3093340E-03  0.0000000E+00  0.1000000E+01
         1   215      7 -0.3609318E-03  0.0000000E+00  0.9999999E+00
         1   215      8 -0.4125247E-03  0.0000000E+00  0.9999999E+00
         1   215      9 -0.4641129E-03  0.0000000E+00  0.9999999E+00
         1   215     10 -0.2002644E-02  0.0000000E+00  0.9999980E+00

         1   216      0  0.0000000E+00  0.0000000E+00  0.0000000E+00
         1   216      1  0.3528442E-06  0.0000000E+00  0.1000000E+01
         1   216      2 -0.1416362E-04  0.0000000E+00  0.1000000E+01
         1   216      3 -0.2141470E-04  0.0000000E+00  0.1000000E+01
         1   216      4 -0.2866097E-04  0.0000000E+00  0.1000000E+01
         1   216      5 -0.3590239E-04  0.0000000E+00  0.1000000E+01
         1   216      6 -0.4313892E-04  0.0000000E+00  0.1000000E+01
         1   216      7 -0.5037053E-04  0.0000000E+00  0.1000000E+01
         1   216      8 -0.5759717E-04  0.0000000E+00  0.1000000E+01
         1   216      9 -0.6481882E-04  0.0000000E+00  0.1000000E+01
         1   216     10 -0.2000111E-02  0.0000000E+00  0.9999980E+00

         1   217      0  0.0000000E+00  0.0000000E+00  0.0000000E+00
         1   217      1  0.3528442E-06  0.0000000E+00  0.1000000E+01
         1   217      2  0.7525211E-04  0.0000000E+00  0.1000000E+01
         1   217      3  0.1127089E-03  0.0000000E+00  0.1000000E+01
         1   217      4  0.1501706E-03  0.0000000E+00  0.1000000E+01
         1   217      5  0.1876373E-03  0.0000000E+00  0.1000000E+01
         1   217      6  0.2251089E-03  0.0000000E+00  0.1000000E+01
         1   217      7  0.2625856E-03  0.0000000E+00  0.1000000E+01
         1   217      8  0.3000674E-03  0.0000000E+00  0.1000000E+01
         1   217      9  0.3375543E-03  0.0000000E+00  0.9999999E+00
         1   217     10 -0.1997569E-02  0.0000000E+00  0.9999980E+00

         1   218      0  0.0000000E+00  0.0000000E+00  0.0000000E+00
         1   218      1  0.3528442E-06  0.0000000E+00  0.1000000E+01
         1   218      2  0.7525211E-04  0.0000000E+00  0.1000000E+01
         1   218      3  0.1127089E-03  0.0000000E+00  0.1000000E+01
         1   218      4  0.1501706E-03  0.0000000E+00  0.1000000E+01
         1   218      5  0.1876373E-03  0.0000000E+00  0.1000000E+01
         1   218      6  0.2251089E-03  0.0000000E+00  0.1000000E+01
         1   218      7  0.2625856E-03  0.0000000E+00  0.1000000E+01
         1   218      8  0.3000674E-03  0.0000000E+00  0.1000000E+01
         1   218      9  0.3375543E-03  0.0000000E+00  0.9999999E+00
         1   218     10 -0.1997569E-02  0.0000000E+00  0.9999980E+00

         1   219      0  0.0000000E+00  0.0000000E+00  0.0000000E+00
         1   219      1  0.3528442E-06  0.0000000E+00  0.1000000E+01
         1   219      2  0.7525211E-04  0.0000000E+00  0.1000000E+01
         1   219      3  0.1127089E-03  0.0000000E+00  0.1000000E+01
         1   219      4  0.1501706E-03  0.0000000E+00  0.1000000E+01
         1   219      5  0.1876373E-03  0.0000000E+00  0.1000000E+01
         1   219      6  0.2251089E-03  0.0000000E+00  0.1000000E+01
         1   219      7  0.2625856E-03  0.0000000E+00  0.1000000E+01
         1   219      8  0.3000674E-03  0.0000000E+00  0.1000000E+01
         1   219      9  0.3375543E-03  0.0000000E+00  0.9999999E+00
         1   219     10 -0.1997569E-02  0.0000000E+00  0.9999980E+00

         1   220      0  0.0000000E+00  0.0000000E+00  0.0000000E+00
         1   220      1  0.3528442E-06  0.0000000E+00  0.1000000E+01
         1   220      2  0.7525211E-04  0.0000000E+00  0.1000000E+01
         1   220      3  0.1127089E-03  0.0000000E+00  0.1000000E+01
         1   220      4  0.1501706E-03  0.0000000E+00  0.1000000E+01
         1   220      5  0.1876373E-03  0.0000000E+00  0.1000000E+01
         1   220      6  0.2251089E-03  0.0000000E+00  0.1000000E+01
         1   220      7  0.2625856E-03  0.0000000E+00  0.1000000E+01
         1   220      8  0.3000674E-03  0.0000000E+00  0.1000000E+01
         1   220      9  0.3375543E-03  0.0000000E+00  0.9999999E+00
         1   220     10 -0.1997569E-02  0.0000000E+00  0.9999980E+00

         1   221      0  0.0000000E+00  0.0000000E+00  0.0000000E+00
         1   221      1  0.3528442E-06  0.0000000E+00  0.1000000E+01
         1   221      2  0.7525211E-04  0.0000000E+00  0.1000000E+01
         1   221      3  0.1127089E-03  0.0000000E+00  0.1000000E+01
         1   221      4  0.1501706E-03  0.0000000E+00  0.1000000E+01
         1   221      5  0.1876373E-03  0.0000000E+00  0.1000000E+01
         1   221      6  0.2251089E-03  0.0000000E+00  0.1000000E+01
         1   221      7  0.2625856E-03  0.0000000E+00  0.1000000E+01
         1   221      8  0.3000674E-03  0.0000000E+00  0.1000000E+01
         1   221      9  0.3375543E-03  0.0000000E+00  0.9999999E+00
         1   221     10 -0.1997569E-02  0.0000000E+00  0.9999980E+00

         1   222      0  0.0000000E+00  0.0000000E+00  0.0000000E+00
         1   222      1  0.3528442E-06  0.0000000E+00  0.1000000E+01
         1   222      2  0.7525211E-04  0.0000000E+00  0.1000000E+01
         1   222      3  0.1127089E-03  0.0000000E+00  0.1000000E+01
         1   222      4  0.1501706E-03  0.0000000E+00  0.1000000E+01
         1   222      5  0.1876373E-03  0.0000000E+00  0.1000000E+01
         1   222      6  0.2251089E-03  0.0000000E+00  0.1000000E+01
         1   222      7  0.2625856E-03  0.0000000E+00  0.1000000E+01
         1   222      8  0.3000674E-03  0.0000000E+00  0.1000000E+01
         1   222      9  0.3375543E-03  0.0000000E+00  0.9999999E+00
         1   222     10 -0.1997569E-02  0.0000000E+00  0.9999980E+00

         1   223      0  0.0000000E+00  0.0000000E+00  0.0000000E+00
         1   223      1  0.3528442E-06  0.0000000E+00  0.1000000E+01
         1   223      2  0.7525211E-04  0.0000000E+00  0.1000000E+01
         1   223      3  0.1127089E-03  0.0000000E+00  0.1000000E+01
         1   223      4  0.1501706E-03  0.0000000E+00  0.1000000E+01
         1   223      5  0.1876373E-03  0.0000000E+00  0.1000000E+01
         1   223      6  0.2251089E-03  0.0000000E+00  0.1000000E+01
         1   223      7  0.2625856E-03  0.0000000E+00  0.1000000E+01
         1   223      8  0.3000674E-03  0.0000000E+00  0.1000000E+01
         1   223      9  0.3375543E-03  0.0000000E+00  0.9999999E+00
         1   223     10 -0.1997569E-02  0.0000000E+00  0.9999980E+00

         1   224      0  0.0000000E+00  0.0000000E+00  0.0000000E+00
         1   224      1  0.3528442E-06  0.0000000E+00  0.1000000E+01
         1   224      2  0.7525211E-04  0.0000000E+00  0.1000000E+01
         1   224      3  0.1127089E-03  0.0000000E+00  0.1000000E+01
         1   224      4  0.1501706E-03  0.0000000E+00  0.1000000E+01
         1   224      5  0.1876373E-03  0.0000000E+00  0.1000000E+01
         1   224      6  0.2251089E-03  0.0000000E+00  0.1000000E+01
         1   224      7  0.2625856E-03  0.0000000E+00  0.1000000E+01
         1   224      8  0.3000674E-03  0.0000000E+00  0.1000000E+01
         1   224      9  0.3375543E-03  0.0000000E+00  0.9999999E+00
         1   224     10 -0.1997569E-02  0.0000000E+00  0.9999980E+00

         1   225      0  0.0000000E+00  0.0000000E+00  0.0000000E+00
         1   225      1  0.3528442E-06  0.0000000E+00  0.1000000E+01
         1   225      2  0.3536342E-04  0.0000000E+00  0.1000000E+01
         1   225      3  0.5287594E-04  0.0000000E+00  0.1000000E+01
         1   225      4  0.7039338E-04  0.0000000E+00  0.1000000E+01
         1   225      5  0.8791582E-04  0.0000000E+00  0.1000000E+01
         1   225      6  0.1054433E-03  0.0000000E+00  0.1000000E+01
         1   225      7  0.1229759E-03  0.0000000E+00  0.1000000E+01
         1   225      8  0.1405138E-03  0.0000000E+00  0.1000000E+01
         1   225      9  0.1580569E-03  0.0000000E+00  0.1000000E+01
         1   225     10 -0.1998592E-02  0.0000000E+00  0.9999980E+00

         1   226      0  0.0000000E+00  0.0000000E+00  0.0000000E+00
         1   226      1  0.3528442E-06  0.0000000E+00  0.1000000E+01
         1   226      2  0.1998370E-05  0.0000000E+00  0.1000000E+01
         1   226      3  0.2828405E-05  0.0000000E+00  0.1000000E+01
         1   226      4  0.3663406E-05  0.0000000E+00  0.1000000E+01
         1   226      5  0.4503460E-05  0.0000000E+00  0.1000000E+01
         1   226      6  0.5348655E-05  0.0000000E+00  0.1000000E+01
         1   226      7  0.6199078E-05  0.0000000E+00  0.1000000E+01
         1   226      8  0.7054817E-05  0.0000000E+00  0.1000000E+01
         1   226      9  0.7915960E-05  0.0000000E+00  0.1000000E+01
         1   226     10 -0.1999432E-02  0.0000000E+00  0.9999980E+00

         1   227      0  0.0000000E+00  0.0000000E+00  0.0000000E+00
         1   227      1  0.3528442E-06  0.0000000E+00  0.1000000E+01
         1   227      2  0.1998370E-05  0.0000000E+00  0.1000000E+01
         1   227      3  0.2828405E-05  0.0000000E+00  0.1000000E+01
         1   227      4  0.3663406E-05  0.0000000E+00  0.1000000E+01
         1   227      5  0.4503460E-05  0.0000000E+00  0.1000000E+01
         1   227      6  0.5348655E-05  0.0000000E+00  0.1000000E+01
         1   227      7  0.6199078E-05  0.0000000E+00  0.1000000E+01
         1   227      8  0.7054817E-05  0.0000000E+00  0.1000000E+01
         1   227      9  0.7915960E-05  0.0000000E+00  0.1000000E+01
         1   227     10 -0.1999432E-02  0.0000000E+00  0.9999980E+00

         1   228      0  0.0000000E+00  0.0000000E+00  0.0000000E+00
         1   228      1  0.3528442E-06  0.0000000E+00  0.1000000E+01
         1   228      2  0.1998370E-05  0.0000000E+00  0.1000000E+01
         1   228      3  0.2828405E-05  0.0000000E+00  0.1000000E+01
         1   228      4  0.3663406E-05  0.0000000E+00  0.1000000E+01
         1   228      5  0.4503460E-05  0.0000000E+00  0.1000000E+01
         1   228      6  0.5348655E-05  0.0000000E+00  0.1000000E+01
         1   228      7  0.6199078E-05  0.0000000E+00  0.1000000E+01
         1   228      8  0.7054817E-05  0.0000000E+00  0.1000000E+01
         1   228      9  0.7915960E-05  0.0000000E+00  0.1000000E+01
         1   228     10 -0.1999432E-02  0.0000000E+00  0.9999980E+00

         1   229      0  0.0000000E+00  0.0000000E+00  0.0000000E+00
         1   229      1  0.3528442E-06  0.0000000E+00  0.1000000E+01
         1   229      2  0.1998370E-05  0.0000000E+00  0.1000000E+01
         1   229      3  0.2828405E-05  0.0000000E+00  0.1000000E+01
         1   229      4  0.3663406E-05  0.0000000E+00  0.1000000E+01
         1   229      5  0.4503460E-05  0.0000000E+00  0.1000000E+01
         1   229      6  0.5348655E-05  0.0000000E+00  0.1000000E+01
         1   229      7  0.6199078E-05  0.0000000E+00  0.1000000E+01
         1   229      8  0.7054817E-05  0.0000000E+00  0.1000000E+01
         1   229      9  0.7915960E-05  0.0000000E+00  0.1000000E+01
         1   229     10 -0.1999432E-02  0.0000000E+00  0.9999980E+00

         1   230      0  0.0000000E+00  0.0000000E+00  0.0000000E+00
         1   230      1  0.3704864E-06  0.0000000E+00  0.1000000E+01
         1   230      2  0.2074918E-05  0.0000000E+00  0.1000000E+01
         1   230      3  0.2934407E-05  0.0000000E+00  0.1000000E+01
         1   230      4  0.3798862E-05  0.0000000E+00  0.1000000E+01
         1   230      5  0.4668369E-05  0.0000000E+00  0.1000000E+01
         1   230      6  0.5543018E-05  0.0000000E+00  0.1000000E+01
         1   230      7  0.6422895E-05  0.0000000E+00  0.1000000E+01
         1   230      8  0.7308087E-05  0.0000000E+00  0.1000000E+01
         1   230      9  0.8198684E-05  0.0000000E+00  0.1000000E+01
         1   230     10 -0.1996669E-02  0.0000000E+00  0.9999980E+00

         1   231      0  0.0000000E+00  0.0000000E+00  0.0000000E+00
         1   231      1  0.3704864E-06  0.0000000E+00  0.1000000E+01
         1   231      2  0.2074918E-05  0.0000000E+00  0.1000000E+01
         1   231      3  0.2934407E-05  0.0000000E+00  0.1000000E+01
         1   231      4  0.3798862E-05  0.0000000E+00  0.1000000E+01
         1   231      5  0.4668369E-05  0.0000000E+00  0.1000000E+01
         1   231      6  0.5543018E-05  0.0000000E+00  0.1000000E+01
         1   231      7  0.6422895E-05  0.0000000E+00  0.1000000E+01
         1   231      8  0.7308087E-05  0.0000000E+00  0.1000000E+01
         1   231      9  0.8198684E-05  0.0000000E+00  0.1000000E+01
         1   231     10 -0.1996669E-02  0.0000000E+00  0.9999980E+00

         1   232      0  0.0000000E+00  0.0000000E+00  0.0000000E+00
         1   232      1  0.3704864E-06  0.0000000E+00  0.1000000E+01
         1   232      2  0.2074918E-05  0.0000000E+00  0.1000000E+01
         1   232      3  0.2934407E-05  0.0000000E+00  0.1000000E+01
         1   232      4  0.3798862E-05  0.0000000E+00  0.1000000E+01
         1   232      5  0.4668369E-05  0.0000000E+00  0.1000000E+01
         1   232      6  0.5543018E-05  0.0000000E+00  0.1000000E+01
         1   232      7  0.6422895E-05  0.0000000E+00  0.1000000E+01
         1   232      8  0.7308087E-05  0.0000000E+00  0.1000000E+01
         1   232      9  0.8198684E-05  0.0000000E+00  0.1000000E+01
         1   232     10 -0.1996669E-02  0.0000000E+00  0.9999980E+00

         1   233      0  0.0000000E+00  0.0000000E+00  0.0000000E+00
         1   233      1  0.3704864E-06  0.0000000E+00  0.1000000E+01
         1   233      2  0.2074918E-05  0.0000000E+00  0.1000000E+01
         1   233      3  0.2934407E-05  0.0000000E+00  0.1000000E+01
         1   233      4  0.3798862E-05  0.0000000E+00  0.1000000E+01
         1   233      5  0.4668369E-05  0.0000000E+00  0.1000000E+01
         1   233      6  0.5543018E-05  0.0000000E+00  0.1000000E+01
         1   233      7  0.6422895E-05  0.0000000E+00  0.1000000E+01
         1   233      8  0.7308087E-05  0.0000000E+00  0.1000000E+01
         1   233      9  0.8198684E-05  0.0000000E+00  0.1000000E+01
         1   233     10 -0.1996669E-02  0.0000000E+00  0.9999980E+00

         1   234      0  0.0000000E+00  0.0000000E+00  0.0000000E+00
         1   234      1  0.3704864E-06  0.0000000E+00  0.1000000E+01
         1   234      2  0.3670860E-04  0.0000000E+00  0.1000000E+01
         1   234      3  0.5488480E-04  0.0000000E+00  0.1000000E+01
         1   234      4  0.7306579E-04  0.0000000E+00  0.1000000E+01
         1   234      5  0.9125159E-04  0.0000000E+00  0.1000000E+01
         1   234      6  0.1094422E-03  0.0000000E+00  0.1000000E+01
         1   234      7  0.1276377E-03  0.0000000E+00  0.1000000E+01
         1   234      8  0.1458381E-03  0.0000000E+00  0.1000000E+01
         1   234      9  0.1640434E-03  0.0000000E+00  0.1000000E+01
         1   234     10 -0.2025763E-02  0.0000000E+00  0.9999979E+00

         1   235      0  0.0000000E+00  0.0000000E+00  0.0000000E+00
         1   235      1  0.3704864E-06  0.0000000E+00  0.1000000E+01
         1   235      2  0.6978110E-04  0.0000000E+00  0.1000000E+01
         1   235      3  0.1044934E-03  0.0000000E+00  0.1000000E+01
         1   235      4  0.1392103E-03  0.0000000E+00  0.1000000E+01
         1   235      5  0.1739318E-03  0.0000000E+00  0.1000000E+01
         1   235      6  0.2086578E-03  0.0000000E+00  0.1000000E+01
         1   235      7  0.2433883E-03  0.0000000E+00  0.1000000E+01
         1   235      8  0.2781233E-03  0.0000000E+00  0.1000000E+01
         1   235      9  0.3128627E-03  0.0000000E+00  0.1000000E+01
         1   235     10 -0.2058301E-02  0.0000000E+00  0.9999979E+00

         1   236      0  0.0000000E+00  0.0000000E+00  0.0000000E+00
         1   236      1  0.3704864E-06  0.0000000E+00  0.1000000E+01
         1   236      2  0.6978110E-04  0.0000000E+00  0.1000000E+01
         1   236      3  0.1044934E-03  0.0000000E+00  0.1000000E+01
         1   236      4  0.1392103E-03  0.0000000E+00  0.1000000E+01
         1   236      5  0.1739318E-03  0.0000000E+00  0.1000000E+01
         1   236      6  0.2086578E-03  0.0000000E+00  0.1000000E+01
         1   236      7  0.2433883E-03  0.0000000E+00  0.1000000E+01
         1   236      8  0.2781233E-03  0.0000000E+00  0.1000000E+01
         1   236      9  0.3128627E-03  0.0000000E+00  0.1000000E+01
         1   236     10 -0.2058301E-02  0.0000000E+00  0.9999979E+00

         1   237      0  0.0000000E+00  0.0000000E+00  0.0000000E+00
         1   237      1  0.3704864E-06  0.0000000E+00  0.1000000E+01
         1   237      2  0.6978110E-04  0.0000000E+00  0.1000000E+01
         1   237      3  0.1044934E-03  0.0000000E+00  0.1000000E+01
         1   237      4  0.1392103E-03  0.0000000E+00  0.1000000E+01
         1   237      5  0.1739318E-03  0.0000000E+00  0.1000000E+01
         1   237      6  0.2086578E-03  0.0000000E+00  0.1000000E+01
         1   237      7  0.2433883E-03  0.0000000E+00  0.1000000E+01
         1   237      8  0.2781233E-03  0.0000000E+00  0.1000000E+01
         1   237      9  0.3128627E-03  0.0000000E+00  0.1000000E+01
         1   237     10 -0.2058301E-02  0.0000000E+00  0.9999979E+00

         1   238      0  0.0000000E+00  0.0000000E+00  0.0000000E+00
         1   238      1  0.3704864E-06  0.0000000E+00  0.1000000E+01
         1   238      2  0.6978110E-04  0.0000000E+00  0.1000000E+01
         1   238      3  0.1044934E-03  0.0000000E+00  0.1000000E+01
         1   238      4  0.1392103E-03  0.0000000E+00  0.1000000E+01
         1   238      5  0.1739318E-03  0.0000000E+00  0.1000000E+01
         1   238      6  0.2086578E-03  0.0000000E+00  0.1000000E+01
         1   238      7  0.2433883E-03  0.0000000E+00  0.1000000E+01
         1   238      8  0.2781233E-03  0.0000000E+00  0.1000000E+01
         1   238      9  0.3128627E-03  0.0000000E+00  0.1000000E+01
         1   238     10 -0.2058301E-02  0.0000000E+00  0.9999979E+00

         1   239      0  0.0000000E+00  0.0000000E+00  0.0000000E+00
         1   239      1  0.3881286E-06  0.0000000E+00  0.1000000E+01
         1   239      2  0.6982239E-04  0.0000000E+00  0.1000000E+01
         1   239      3  0.1045465E-03  0.0000000E+00  0.1000000E+01
         1   239      4  0.1392753E-03  0.0000000E+00  0.1000000E+01
         1   239      5  0.1740086E-03  0.0000000E+00  0.1000000E+01
         1   239      6  0.2087464E-03  0.0000000E+00  0.1000000E+01
         1   239      7  0.2434887E-03  0.0000000E+00  0.1000000E+01
         1   239      8  0.2782355E-03  0.0000000E+00  0.1000000E+01
         1   239      9  0.3129867E-03  0.0000000E+00  0.1000000E+01
         1   239     10 -0.2055615E-02  0.0000000E+00  0.9999979E+00

         1   240      0  0.0000000E+00  0.0000000E+00  0.0000000E+00
         1   240      1  0.3881286E-06  0.0000000E+00  0.1000000E+01
         1   240      2  0.6982239E-04  0.0000000E+00  0.1000000E+01
         1   240      3  0.1045465E-03  0.0000000E+00  0.1000000E+01
         1   240      4  0.1392753E-03  0.0000000E+00  0.1000000E+01
         1   240      5  0.1740086E-03  0.0000000E+00  0.1000000E+01
         1   240      6  0.2087464E-03  0.0000000E+00  0.1000000E+01
         1   240      7  0.2434887E-03  0.0000000E+00  0.1000000E+01
         1   240      8  0.2782355E-03  0.0000000E+00  0.1000000E+01
         1   240      9  0.3129867E-03  0.0000000E+00  0.1000000E+01
         1   240     10 -0.2055615E-02  0.0000000E+00  0.9999979E+00

         1   241      0  0.0000000E+00  0.0000000E+00  0.0000000E+00
         1   241      1  0.3881286E-06  0.0000000E+00  0.1000000E+01
         1   241      2  0.6982239E-04  0.0000000E+00  0.1000000E+01
         1   241      3  0.1045465E-03  0.0000000E+00  0.1000000E+01
         1   241      4  0.1392753E-03  0.0000000E+00  0.1000000E+01
         1   241      5  0.1740086E-03  0.0000000E+00  0.1000000E+01
         1   241      6  0.2087464E-03  0.0000000E+00  0.1000000E+01
         1   241      7  0.2434887E-03  0.0000000E+00  0.1000000E+01
         1   241      8  0.2782355E-03  0.0000000E+00  0.1000000E+01
         1   241      9  0.3129867E-03  0.0000000E+00  0.1000000E+01
         1   241     10 -0.2055615E-02  0.0000000E+00  0.9999979E+00

         1   242      0  0.0000000E+00  0.0000000E+00  0.0000000E+00
         1   242      1  0.3881286E-06  0.0000000E+00  0.1000000E+01
         1   242      2  0.6982239E-04  0.0000000E+00  0.1000000E+01
         1   242      3  0.1045465E-03  0.0000000E+00  0.1000000E+01
         1   242      4  0.1392753E-03  0.0000000E+00  0.1000000E+01
         1   242      5  0.1740086E-03  0.0000000E+00  0.1000000E+01
         1   242      6  0.2087464E-03  0.0000000E+00  0.1000000E+01
         1   242      7  0.2434887E-03  0.0000000E+00  0.1000000E+01
         1   242      8  0.2782355E-03  0.0000000E+00  0.1000000E+01
         1   242      9  0.3129867E-03  0.0000000E+00  0.1000000E+01
         1   242     10 -0.2055615E-02  0.0000000E+00  0.9999979E+00

         1   243      0  0.0000000E+00  0.0000000E+00  0.0000000E+00
         1   243      1  0.3881286E-06  0.0000000E+00  0.1000000E+01
         1   243      2  0.7412579E-04  0.0000000E+00  0.1000000E+01
         1   243      3  0.1110014E-03  0.0000000E+00  0.1000000E+01
         1   243      4  0.1478816E-03  0.0000000E+00  0.1000000E+01
         1   243      5  0.1847663E-03  0.0000000E+00  0.1000000E+01
         1   243      6  0.2216555E-03  0.0000000E+00  0.1000000E+01
         1   243      7  0.2585492E-03  0.0000000E+00  0.1000000E+01
         1   243      8  0.2954475E-03  0.0000000E+00  0.1000000E+01
         1   243      9  0.3323503E-03  0.0000000E+00  0.9999999E+00
         1   243     10 -0.1973378E-02  0.0000000E+00  0.9999981E+00

         1   244      0  0.0000000E+00  0.0000000E+00  0.0000000E+00
         1   244      1  0.3881286E-06  0.0000000E+00  0.1000000E+01
         1   244      2  0.8128085E-04  0.0000000E+00  0.1000000E+01
         1   244      3  0.1217338E-03  0.0000000E+00  0.1000000E+01
         1   244      4  0.1621911E-03  0.0000000E+00  0.1000000E+01
         1   244      5  0.2026530E-03  0.0000000E+00  0.1000000E+01
         1   244      6  0.2431193E-03  0.0000000E+00  0.1000000E+01
         1   244      7  0.2835902E-03  0.0000000E+00  0.1000000E+01
         1   244      8  0.3240657E-03  0.0000000E+00  0.9999999E+00
         1   244      9  0.3645458E-03  0.0000000E+00  0.9999999E+00
         1   244     10 -0.1882047E-02  0.0000000E+00  0.9999982E+00

         1   245      0  0.0000000E+00  0.0000000E+00  0.0000000E+00
         1   245      1  0.3881286E-06  0.0000000E+00  0.1000000E+01
         1   245      2  0.8128085E-04  0.0000000E+00  0.1000000E+01
         1   245      3  0.1217338E-03  0.0000000E+00  0.1000000E+01
         1   245      4  0.1621911E-03  0.0000000E+00  0.1000000E+01
         1   245      5  0.2026530E-03  0.0000000E+00  0.1000000E+01
         1   245      6  0.2431193E-03  0.0000000E+00  0.1000000E+01
         1   245      7  0.2835902E-03  0.0000000E+00  0.1000000E+01
         1   245      8  0.3240657E-03  0.0000000E+00  0.9999999E+00
         1   245      9  0.3645458E-03  0.0000000E+00  0.9999999E+00
         1   245     10 -0.1882047E-02  0.0000000E+00  0.9999982E+00

         1   246      0  0.0000000E+00  0.0000000E+00  0.0000000E+00
         1   246      1  0.3881286E-06  0.0000000E+00  0.1000000E+01
         1   246      2  0.8128085E-04  0.0000000E+00  0.1000000E+01
         1   246      3  0.1217338E-03  0.0000000E+00  0.1000000E+01
         1   246      4  0.1621911E-03  0.0000000E+00  0.1000000E+01
         1   246      5  0.2026530E-03  0.0000000E+00  0.1000000E+01
         1   246      6  0.2431193E-03  0.0000000E+00  0.1000000E+01
         1   246      7  0.2835902E-03  0.0000000E+00  0.1000000E+01
         1   246      8  0.3240657E-03  0.0000000E+00  0.9999999E+00
         1   246      9  0.3645458E-03  0.0000000E+00  0.9999999E+00
         1   246     10 -0.1882047E-02  0.0000000E+00  0.9999982E+00

         1   247      0  0.0000000E+00  0.0000000E+00  0.0000000E+00
         1   247      1  0.3881286E-06  0.0000000E+00  0.1000000E+01
         1   247      2  0.8128085E-04  0.0000000E+00  0.1000000E+01
         1   247      3  0.1217338E-03  0.0000000E+00  0.1000000E+01
         1   247      4  0.1621911E-03  0.0000000E+00  0.1000000E+01
         1   247      5  0.2026530E-03  0.0000000E+00  0.1000000E+01
         1   247      6  0.2431193E-03  0.0000000E+00  0.1000000E+01
         1   247      7  0.2835902E-03  0.0000000E+00  0.1000000E+01
         1   247      8  0.3240657E-03  0.0000000E+00  0.9999999E+00
         1   247      9  0.3645458E-03  0.0000000E+00  0.9999999E+00
         1   247     10 -0.1882047E-02  0.0000000E+00  0.9999982E+00

         1   248      0  0.0000000E+00  0.0000000E+00  0.0000000E+00
         1   248      1  0.4057708E-06  0.0000000E+00  0.1000000E+01
         1   248      2  0.8124944E-04  0.0000000E+00  0.1000000E+01
         1   248      3  0.1216778E-03  0.0000000E+00  0.1000000E+01
         1   248      4  0.1621107E-03  0.0000000E+00  0.1000000E+01
         1   248      5  0.2025480E-03  0.0000000E+00  0.1000000E+01
         1   248      6  0.2429898E-03  0.0000000E+00  0.1000000E+01
         1   248      7  0.2834362E-03  0.0000000E+00  0.1000000E+01
         1   248      8  0.3238871E-03  0.0000000E+00  0.9999999E+00
         1   248      9  0.3643427E-03  0.0000000E+00  0.9999999E+00
         1   248     10 -0.1879593E-02  0.0000000E+00  0.9999982E+00

         1   249      0  0.0000000E+00  0.0000000E+00  0.0000000E+00
         1   249      1  0.4057708E-06  0.0000000E+00  0.1000000E+01
         1   249      2  0.8124944E-04  0.0000000E+00  0.1000000E+01
         1   249      3  0.1216778E-03  0.0000000E+00  0.1000000E+01
         1   249      4  0.1621107E-03  0.0000000E+00  0.1000000E+01
         1   249      5  0.2025480E-03  0.0000000E+00  0.1000000E+01
         1   249      6  0.2429898E-03  0.0000000E+00  0.1000000E+01
         1   249      7  0.2834362E-03  0.0000000E+00  0.1000000E+01
         1   249      8  0.3238871E-03  0.0000000E+00  0.9999999E+00
         1   249      9  0.3643427E-03  0.0000000E+00  0.9999999E+00
         1   249     10 -0.1879593E-02  0.0000000E+00  0.9999982E+00

         1   250      0  0.0000000E+00  0.0000000E+00  0.0000000E+00
         1   250      1  0.4057708E-06  0.0000000E+00  0.1000000E+01
         1   250      2  0.8124944E-04  0.0000000E+00  0.1000000E+01
         1   250      3  0.1216778E-03  0.0000000E+00  0.1000000E+01
         1   250      4  0.1621107E-03  0.0000000E+00  0.1000000E+01
         1   250      5  0.2025480E-03  0.0000000E+00  0.1000000E+01
         1   250      6  0.2429898E-03  0.0000000E+00  0.1000000E+01
         1   250      7  0.2834362E-03  0.0000000E+00  0.1000000E+01
         1   250      8  0.3238871E-03  0.0000000E+00  0.9999999E+00
         1   250      9  0.3643427E-03  0.0000000E+00  0.9999999E+00
         1   250     10 -0.1879593E-02  0.0000000E+00  0.9999982E+00

         1   251      0  0.0000000E+00  0.0000000E+00  0.0000000E+00
         1   251      1  0.4057708E-06  0.0000000E+00  0.1000000E+01
         1   251      2  0.8124944E-04  0.0000000E+00  0.1000000E+01
         1   251      3  0.1216778E-03  0.0000000E+00  0.1000000E+01
         1   251      4  0.1621107E-03  0.0000000E+00  0.1000000E+01
         1   251      5  0.2025480E-03  0.0000000E+00  0.1000000E+01
         1   251      6  0.2429898E-03  0.0000000E+00  0.1000000E+01
         1   251      7  0.2834362E-03  0.0000000E+00  0.1000000E+01
         1   251      8  0.3238871E-03  0.0000000E+00  0.9999999E+00
         1   251      9  0.3643427E-03  0.0000000E+00  0.9999999E+00
         1   251     10 -0.1879593E-02  0.0000000E+00  0.9999982E+00

         1   252      0  0.0000000E+00  0.0000000E+00  0.0000000E+00
         1   252      1  0.4057708E-06  0.0000000E+00  0.1000000E+01
         1   252      2  0.3006330E-04  0.0000000E+00  0.1000000E+01
         1   252      3  0.4489909E-04  0.0000000E+00  0.1000000E+01
         1   252      4  0.5973955E-04  0.0000000E+00  0.1000000E+01
         1   252      5  0.7458464E-04  0.0000000E+00  0.1000000E+01
         1   252      6  0.8943435E-04  0.0000000E+00  0.1000000E+01
         1   252      7  0.1042887E-03  0.0000000E+00  0.1000000E+01
         1   252      8  0.1191475E-03  0.0000000E+00  0.1000000E+01
         1   252      9  0.1340110E-03  0.0000000E+00  0.1000000E+01
         1   252     10 -0.2180857E-02  0.0000000E+00  0.9999976E+00

         1   253      0  0.0000000E+00  0.0000000E+00  0.0000000E+00
         1   253      1  0.4057708E-06  0.0000000E+00  0.1000000E+01
         1   253      2 -0.2237307E-04  0.0000000E+00  0.1000000E+01
         1   253      3 -0.3375495E-04  0.0000000E+00  0.1000000E+01
         1   253      4 -0.4513191E-04  0.0000000E+00  0.1000000E+01
         1   253      5 -0.5650403E-04  0.0000000E+00  0.1000000E+01
         1   253      6 -0.6787140E-04  0.0000000E+00  0.1000000E+01
         1   253      7 -0.7923409E-04  0.0000000E+00  0.1000000E+01
         1   253      8 -0.9059218E-04  0.0000000E+00  0.1000000E+01
         1   253      9 -0.1019458E-03  0.0000000E+00  0.1000000E+01
         1   253     10 -0.2487652E-02  0.0000000E+00  0.9999969E+00

         1   254      0  0.0000000E+00  0.0000000E+00  0.0000000E+00
         1   254      1  0.4057708E-06  0.0000000E+00  0.1000000E+01
         1   254      2 -0.2237307E-04  0.0000000E+00  0.1000000E+01
         1   254      3 -0.3375495E-04  0.0000000E+00  0.1000000E+01
         1   254      4 -0.4513191E-04  0.0000000E+00  0.1000000E+01
         1   254      5 -0.5650403E-04  0.0000000E+00  0.1000000E+01
         1   254      6 -0.6787140E-04  0.0000000E+00  0.1000000E+01
         1   254      7 -0.7923409E-04  0.0000000E+00  0.1000000E+01
         1   254      8 -0.9059218E-04  0.0000000E+00  0.1000000E+01
         1   254      9 -0.1019458E-03  0.0000000E+00  0.1000000E+01
         1   254     10 -0.2487652E-02  0.0000000E+00  0.9999969E+00

         1   255      0  0.0000000E+00  0.0000000E+00  0.0000000E+00
         1   255      1  0.4057708E-06  0.0000000E+00  0.1000000E+01
         1   255      2 -0.2237307E-04  0.0000000E+00  0.1000000E+01
         1   255      3 -0.3375495E-04  0.0000000E+00  0.1000000E+01
         1   255      4 -0.4513191E-04  0.0000000E+00  0.1000000E+01
         1   255      5 -0.5650403E-04  0.0000000E+00  0.1000000E+01
         1   255      6 -0.6787140E-04  0.0000000E+00  0.1000000E+01
         1   255      7 -0.7923409E-04  0.0000000E+00  0.1000000E+01
         1   255      8 -0.9059218E-04  0.0000000E+00  0.1000000E+01
         1   255      9 -0.1019458E-03  0.0000000E+00  0.1000000E+01
         1   255     10 -0.2487652E-02  0.0000000E+00  0.9999969E+00

         1   256      0  0.0000000E+00  0.0000000E+00  0.0000000E+00
         1   256      1  0.4057708E-06  0.0000000E+00  0.1000000E+01
         1   256      2 -0.2237307E-04  0.0000000E+00  0.1000000E+01
         1   256      3 -0.3375495E-04  0.0000000E+00  0.1000000E+01
         1   256      4 -0.4513191E-04  0.0000000E+00  0.1000000E+01
         1   256      5 -0.5650403E-04  0.0000000E+00  0.1000000E+01
         1   256      6 -0.6787140E-04  0.0000000E+00  0.1000000E+01
         1   256      7 -0.7923409E-04  0.0000000E+00  0.1000000E+01
         1   256      8 -0.9059218E-04  0.0000000E+00  0.1000000E+01
         1   256      9 -0.1019458E-03  0.0000000E+00  0.1000000E+01
         1   256     10 -0.2487652E-02  0.0000000E+00  0.9999969E+00

         1   257      0  0.0000000E+00  0.0000000E+00  0.0000000E+00
         1   257      1  0.4234130E-06  0.0000000E+00  0.1000000E+01
         1   257      2 -0.2243272E-04  0.0000000E+00  0.1000000E+01
         1   257      3 -0.3385324E-04  0.0000000E+00  0.1000000E+01
         1   257      4 -0.4526884E-04  0.0000000E+00  0.1000000E+01
         1   257      5 -0.5667960E-04  0.0000000E+00  0.1000000E+01
         1   257      6 -0.6808560E-04  0.0000000E+00  0.1000000E+01
         1   257      7 -0.7948693E-04  0.0000000E+00  0.1000000E+01
         1   257      8 -0.9088366E-04  0.0000000E+00  0.1000000E+01
         1   257      9 -0.1022759E-03  0.0000000E+00  0.1000000E+01
         1   257     10 -0.2485323E-02  0.0000000E+00  0.9999969E+00

         1   258      0  0.0000000E+00  0.0000000E+00  0.0000000E+00
         1   258      1  0.4234130E-06  0.0000000E+00  0.1000000E+01
         1   258      2 -0.2243272E-04  0.0000000E+00  0.1000000E+01
         1   258      3 -0.3385324E-04  0.0000000E+00  0.1000000E+01
         1   258      4 -0.4526884E-04  0.0000000E+00  0.1000000E+01
         1   258      5 -0.5667960E-04  0.0000000E+00  0.1000000E+01
         1   258      6 -0.6808560E-04  0.0000000E+00  0.1000000E+01
         1   258      7 -0.7948693E-04  0.0000000E+00  0.1000000E+01
         1   258      8 -0.9088366E-04  0.0000000E+00  0.1000000E+01
         1   258      9 -0.1022759E-03  0.0000000E+00  0.1000000E+01
         1   258     10 -0.2485323E-02  0.0000000E+00  0.9999969E+00

         1   259      0  0.0000000E+00  0.0000000E+00  0.0000000E+00
         1   259      1  0.4234130E-06  0.0000000E+00  0.1000000E+01
         1   259      2 -0.2243272E-04  0.0000000E+00  0.1000000E+01
         1   259      3 -0.3385324E-04  0.0000000E+00  0.1000000E+01
         1   259      4 -0.4526884E-04  0.0000000E+00  0.1000000E+01
         1   259      5 -0.5667960E-04  0.0000000E+00  0.1000000E+01
         1   259      6 -0.6808560E-04  0.0000000E+00  0.1000000E+01
         1   259      7 -0.7948693E-04  0.0000000E+00  0.1000000E+01
         1   259      8 -0.9088366E-04  0.0000000E+00  0.1000000E+01
         1   259      9 -0.1022759E-03  0.0000000E+00  0.1000000E+01
         1   259     10 -0.2485323E-02  0.0000000E+00  0.9999969E+00

         1   260      0  0.0000000E+00  0.0000000E+00  0.0000000E+00
         1   260      1  0.4234130E-06  0.0000000E+00  0.1000000E+01
         1   260      2 -0.2243272E-04  0.0000000E+00  0.1000000E+01
         1   260      3 -0.3385324E-04  0.0000000E+00  0.1000000E+01
         1   260      4 -0.4526884E-04  0.0000000E+00  0.1000000E+01
         1   260      5 -0.5667960E-04  0.0000000E+00  0.1000000E+01
         1   260      6 -0.6808560E-04  0.0000000E+00  0.1000000E+01
         1   260      7 -0.7948693E-04  0.0000000E+00  0.1000000E+01
         1   260      8 -0.9088366E-04  0.0000000E+00  0.1000000E+01
         1   260      9 -0.1022759E-03  0.0000000E+00  0.1000000E+01
         1   260     10 -0.2485323E-02  0.0000000E+00  0.9999969E+00

         1   261      0  0.0000000E+00  0.0000000E+00  0.0000000E+00
         1   261      1  0.4234130E-06  0.0000000E+00  0.1000000E+01
         1   261      2  0.1488869E-04  0.0000000E+00  0.1000000E+01
         1   261      3  0.2212790E-04  0.0000000E+00  0.1000000E+01
         1   261      4  0.2937139E-04  0.0000000E+00  0.1000000E+01
         1   261      5  0.3661910E-04  0.0000000E+00  0.1000000E+01
         1   261      6  0.4387096E-04  0.0000000E+00  0.1000000E+01
         1   261      7  0.5112689E-04  0.0000000E+00  0.1000000E+01
         1   261      8  0.5838683E-04  0.0000000E+00  0.1000000E+01
         1   261      9  0.6565071E-04  0.0000000E+00  0.1000000E+01
         1   261     10 -0.2260505E-02  0.0000000E+00  0.9999974E+00

         1   262      0  0.0000000E+00  0.0000000E+00  0.0000000E+00
         1   262      1  0.4234130E-06  0.0000000E+00  0.1000000E+01
         1   262      2  0.5267926E-04  0.0000000E+00  0.1000000E+01
         1   262      3  0.7881272E-04  0.0000000E+00  0.1000000E+01
         1   262      4  0.1049498E-03  0.0000000E+00  0.1000000E+01
         1   262      5  0.1310904E-03  0.0000000E+00  0.1000000E+01
         1   262      6  0.1572345E-03  0.0000000E+00  0.1000000E+01
         1   262      7  0.1833820E-03  0.0000000E+00  0.1000000E+01
         1   262      8  0.2095329E-03  0.0000000E+00  0.1000000E+01
         1   262      9  0.2356871E-03  0.0000000E+00  0.1000000E+01
         1   262     10 -0.2030092E-02  0.0000000E+00  0.9999979E+00

         1   263      0  0.0000000E+00  0.0000000E+00  0.0000000E+00
         1   263      1  0.4234130E-06  0.0000000E+00  0.1000000E+01
         1   263      2  0.5267926E-04  0.0000000E+00  0.1000000E+01
         1   263      3  0.7881272E-04  0.0000000E+00  0.1000000E+01
         1   263      4  0.1049498E-03  0.0000000E+00  0.1000000E+01
         1   263      5  0.1310904E-03  0.0000000E+00  0.1000000E+01
         1   263      6  0.1572345E-03  0.0000000E+00  0.1000000E+01
         1   263      7  0.1833820E-03  0.0000000E+00  0.1000000E+01
         1   263      8  0.2095329E-03  0.0000000E+00  0.1000000E+01
         1   263      9  0.2356871E-03  0.0000000E+00  0.1000000E+01
         1   263     10 -0.2030092E-02  0.0000000E+00  0.9999979E+00

         1   264      0  0.0000000E+00  0.0000000E+00  0.0000000E+00
         1   264      1  0.4234130E-06  0.0000000E+00  0.1000000E+01
         1   264      2  0.5267926E-04  0.0000000E+00  0.1000000E+01
         1   264      3  0.7881272E-04  0.0000000E+00  0.1000000E+01
         1   264      4  0.1049498E-03  0.0000000E+00  0.1000000E+01
         1   264      5  0.1310904E-03  0.0000000E+00  0.1000000E+01
         1   264      6  0.1572345E-03  0.0000000E+00  0.1000000E+01
         1   264      7  0.1833820E-03  0.0000000E+00  0.1000000E+01
         1   264      8  0.2095329E-03  0.0000000E+00  0.1000000E+01
         1   264      9  0.2356871E-03  0.0000000E+00  0.1000000E+01
         1   264     10 -0.2030092E-02  0.0000000E+00  0.9999979E+00

         1   265      0  0.0000000E+00  0.0000000E+00  0.0000000E+00
         1   265      1  0.4234130E-06  0.0000000E+00  0.1000000E+01
         1   265      2  0.5267926E-04  0.0000000E+00  0.1000000E+01
         1   265      3  0.7881272E-04  0.0000000E+00  0.1000000E+01
         1   265      4  0.1049498E-03  0.0000000E+00  0.1000000E+01
         1   265      5  0.1310904E-03  0.0000000E+00  0.1000000E+01
         1   265      6  0.1572345E-03  0.0000000E+00  0.1000000E+01
         1   265      7  0.1833820E-03  0.0000000E+00  0.1000000E+01
         1   265      8  0.2095329E-03  0.0000000E+00  0.1000000E+01
         1   265      9  0.2356871E-03  0.0000000E+00  0.1000000E+01
         1   265     10 -0.2030092E-02  0.0000000E+00  0.9999979E+00

         1   266      0  0.0000000E+00  0.0000000E+00  0.0000000E+00
         1   266      1  0.4410552E-06  0.0000000E+00  0.1000000E+01
         1   266      2  0.5260765E-04  0.0000000E+00  0.1000000E+01
         1   266      3  0.7869649E-04  0.0000000E+00  0.1000000E+01
         1   266      4  0.1047889E-03  0.0000000E+00  0.1000000E+01
         1   266      5  0.1308849E-03  0.0000000E+00  0.1000000E+01
         1   266      6  0.1569844E-03  0.0000000E+00  0.1000000E+01
         1   266      7  0.1830873E-03  0.0000000E+00  0.1000000E+01
         1   266      8  0.2091936E-03  0.0000000E+00  0.1000000E+01
         1   266      9  0.2353032E-03  0.0000000E+00  0.1000000E+01
         1   266     10 -0.2027905E-02  0.0000000E+00  0.9999979E+00

         1   267      0  0.0000000E+00  0.0000000E+00  0.0000000E+00
         1   267      1  0.4410552E-06  0.0000000E+00  0.1000000E+01
         1   267      2  0.5260765E-04  0.0000000E+00  0.1000000E+01
         1   267      3  0.7869649E-04  0.0000000E+00  0.1000000E+01
         1   267      4  0.1047889E-03  0.0000000E+00  0.1000000E+01
         1   267      5  0.1308849E-03  0.0000000E+00  0.1000000E+01
         1   267      6  0.1569844E-03  0.0000000E+00  0.1000000E+01
         1   267      7  0.1830873E-03  0.0000000E+00  0.1000000E+01
         1   267      8  0.2091936E-03  0.0000000E+00  0.1000000E+01
         1   267      9  0.2353032E-03  0.0000000E+00  0.1000000E+01
         1   267     10 -0.2027905E-02  0.0000000E+00  0.9999979E+00

         1   268      0  0.0000000E+00  0.0000000E+00  0.0000000E+00
         1   268      1  0.4410552E-06  0.0000000E+00  0.1000000E+01
         1   268      2  0.5260765E-04  0.0000000E+00  0.1000000E+01
         1   268      3  0.7869649E-04  0.0000000E+00  0.1000000E+01
         1   268      4  0.1047889E-03  0.0000000E+00  0.1000000E+01
         1   268      5  0.1308849E-03  0.0000000E+00  0.1000000E+01
         1   268      6  0.1569844E-03  0.0000000E+00  0.1000000E+01
         1   268      7  0.1830873E-03  0.0000000E+00  0.1000000E+01
         1   268      8  0.2091936E-03  0.0000000E+00  0.1000000E+01
         1   268      9  0.2353032E-03  0.0000000E+00  0.1000000E+01
         1   268     10 -0.2027905E-02  0.0000000E+00  0.9999979E+00

         1   269      0  0.0000000E+00  0.0000000E+00  0.0000000E+00
         1   269      1  0.4410552E-06  0.0000000E+00  0.1000000E+01
         1   269      2  0.5260765E-04  0.0000000E+00  0.1000000E+01
         1   269      3  0.7869649E-04  0.0000000E+00  0.1000000E+01
         1   269      4  0.1047889E-03  0.0000000E+00  0.1000000E+01
         1   269      5  0.1308849E-03  0.0000000E+00  0.1000000E+01
         1   269      6  0.1569844E-03  0.0000000E+00  0.1000000E+01
         1   269      7  0.1830873E-03  0.0000000E+00  0.1000000E+01
         1   269      8  0.2091936E-03  0.0000000E+00  0.1000000E+01
         1   269      9  0.2353032E-03  0.0000000E+00  0.1000000E+01
         1   269     10 -0.2027905E-02  0.0000000E+00  0.9999979E+00

         1   270      0  0.0000000E+00  0.0000000E+00  0.0000000E+00
         1   270      1  0.4410552E-06  0.0000000E+00  0.1000000E+01
         1   270      2 -0.1369144E-04  0.0000000E+00  0.1000000E+01
         1   270      3 -0.2075009E-04  0.0000000E+00  0.1000000E+01
         1   270      4 -0.2780373E-04  0.0000000E+00  0.1000000E+01
         1   270      5 -0.3485238E-04  0.0000000E+00  0.1000000E+01
         1   270      6 -0.4189608E-04  0.0000000E+00  0.1000000E+01
         1   270      7 -0.4893486E-04  0.0000000E+00  0.1000000E+01
         1   270      8 -0.5596875E-04  0.0000000E+00  0.1000000E+01
         1   270      9 -0.6299779E-04  0.0000000E+00  0.1000000E+01
         1   270     10 -0.2500064E-02  0.0000000E+00  0.9999969E+00

         1   271      0  0.0000000E+00  0.0000000E+00  0.0000000E+00
         1   271      1  0.4410552E-06  0.0000000E+00  0.1000000E+01
         1   271      2 -0.7920283E-04  0.0000000E+00  0.1000000E+01
         1   271      3 -0.1190151E-03  0.0000000E+00  0.1000000E+01
         1   271      4 -0.1588209E-03  0.0000000E+00  0.1000000E+01
         1   271      5 -0.1986203E-03  0.0000000E+00  0.1000000E+01
         1   271      6 -0.2384132E-03  0.0000000E+00  0.1000000E+01
         1   271      7 -0.2781997E-03  0.0000000E+00  0.1000000E+01
         1   271      8 -0.3179797E-03  0.0000000E+00  0.9999999E+00
         1   271      9 -0.3577533E-03  0.0000000E+00  0.9999999E+00
         1   271     10 -0.2972212E-02  0.0000000E+00  0.9999956E+00

         1   272      0  0.0000000E+00  0.0000000E+00  0.0000000E+00
         1   272      1  0.4410552E-06  0.0000000E+00  0.1000000E+01
         1   272      2 -0.7920283E-04  0.0000000E+00  0.1000000E+01
         1   272      3 -0.1190151E-03  0.0000000E+00  0.1000000E+01
         1   272      4 -0.1588209E-03  0.0000000E+00  0.1000000E+01
         1   272      5 -0.1986203E-03  0.0000000E+00  0.1000000E+01
         1   272      6 -0.2384132E-03  0.0000000E+00  0.1000000E+01
         1   272      7 -0.2781997E-03  0.0000000E+00  0.1000000E+01
         1   272      8 -0.3179797E-03  0.0000000E+00  0.9999999E+00
         1   272      9 -0.3577533E-03  0.0000000E+00  0.9999999E+00
         1   272     10 -0.2972212E-02  0.0000000E+00  0.9999956E+00

         1   273      0  0.0000000E+00  0.0000000E+00  0.0000000E+00
         1   273      1  0.4410552E-06  0.0000000E+00  0.1000000E+01
         1   273      2 -0.7920283E-04  0.0000000E+00  0.1000000E+01
         1   273      3 -0.1190151E-03  0.0000000E+00  0.1000000E+01
         1   273      4 -0.1588209E-03  0.0000000E+00  0.1000000E+01
         1   273      5 -0.1986203E-03  0.0000000E+00  0.1000000E+01
         1   273      6 -0.2384132E-03  0.0000000E+00  0.1000000E+01
         1   273      7 -0.2781997E-03  0.0000000E+00  0.1000000E+01
         1   273      8 -0.3179797E-03  0.0000000E+00  0.9999999E+00
         1   273      9 -0.3577533E-03  0.0000000E+00  0.9999999E+00
         1   273     10 -0.2972212E-02  0.0000000E+00  0.9999956E+00

         1   274      0  0.0000000E+00  0.0000000E+00  0.0000000E+00
         1   274      1  0.4410552E-06  0.0000000E+00  0.1000000E+01
         1   274      2 -0.7920283E-04  0.0000000E+00  0.1000000E+01
         1   274      3 -0.1190151E-03  0.0000000E+00  0.1000000E+01
         1   274      4 -0.1588209E-03  0.0000000E+00  0.1000000E+01
         1   274      5 -0.1986203E-03  0.0000000E+00  0.1000000E+01
         1   274      6 -0.2384132E-03  0.0000000E+00  0.1000000E+01
         1   274      7 -0.2781997E-03  0.0000000E+00  0.1000000E+01
         1   274      8 -0.3179797E-03  0.0000000E+00  0.9999999E+00
         1   274      9 -0.3577533E-03  0.0000000E+00  0.9999999E+00
         1   274     10 -0.2972212E-02  0.0000000E+00  0.9999956E+00

         1   275      0  0.0000000E+00  0.0000000E+00  0.0000000E+00
         1   275      1  0.4586974E-06  0.0000000E+00  0.1000000E+01
         1   275      2 -0.7925664E-04  0.0000000E+00  0.1000000E+01
         1   275      3 -0.1191046E-03  0.0000000E+00  0.1000000E+01
         1   275      4 -0.1589462E-03  0.0000000E+00  0.1000000E+01
         1   275      5 -0.1987812E-03  0.0000000E+00  0.1000000E+01
         1   275      6 -0.2386099E-03  0.0000000E+00  0.1000000E+01
         1   275      7 -0.2784321E-03  0.0000000E+00  0.1000000E+01
         1   275      8 -0.3182478E-03  0.0000000E+00  0.9999999E+00
         1   275      9 -0.3580571E-03  0.0000000E+00  0.9999999E+00
         1   275     10 -0.2970026E-02  0.0000000E+00  0.9999956E+00

         1   276      0  0.0000000E+00  0.0000000E+00  0.0000000E+00
         1   276      1  0.4586974E-06  0.0000000E+00  0.1000000E+01
         1   276      2 -0.7925664E-04  0.0000000E+00  0.1000000E+01
         1   276      3 -0.1191046E-03  0.0000000E+00  0.1000000E+01
         1   276      4 -0.1589462E-03  0.0000000E+00  0.1000000E+01
         1   276      5 -0.1987812E-03  0.0000000E+00  0.1000000E+01
         1   276      6 -0.2386099E-03  0.0000000E+00  0.1000000E+01
         1   276      7 -0.2784321E-03  0.0000000E+00  0.1000000E+01
         1   276      8 -0.3182478E-03  0.0000000E+00  0.9999999E+00
         1   276      9 -0.3580571E-03  0.0000000E+00  0.9999999E+00
         1   276     10 -0.2970026E-02  0.0000000E+00  0.9999956E+00

         1   277      0  0.0000000E+00  0.0000000E+00  0.0000000E+00
         1   277      1  0.4586974E-06  0.0000000E+00  0.1000000E+01
         1   277      2 -0.7925664E-04  0.0000000E+00  0.1000000E+01
         1   277      3 -0.1191046E-03  0.0000000E+00  0.1000000E+01
         1   277      4 -0.1589462E-03  0.0000000E+00  0.1000000E+01
         1   277      5 -0.1987812E-03  0.0000000E+00  0.1000000E+01
         1   277      6 -0.2386099E-03  0.0000000E+00  0.1000000E+01
         1   277      7 -0.2784321E-03  0.0000000E+00  0.1000000E+01
         1   277      8 -0.3182478E-03  0.0000000E+00  0.9999999E+00
         1   277      9 -0.3580571E-03  0.0000000E+00  0.9999999E+00
         1   277     10 -0.2970026E-02  0.0000000E+00  0.9999956E+00

         1   278      0  0.0000000E+00  0.0000000E+00  0.0000000E+00
         1   278      1  0.4586974E-06  0.0000000E+00  0.1000000E+01
         1   278      2 -0.7925664E-04  0.0000000E+00  0.1000000E+01
         1   278      3 -0.1191046E-03  0.0000000E+00  0.1000000E+01
         1   278      4 -0.1589462E-03  0.0000000E+00  0.1000000E+01
         1   278      5 -0.1987812E-03  0.0000000E+00  0.1000000E+01
         1   278      6 -0.2386099E-03  0.0000000E+00  0.1000000E+01
         1   278      7 -0.2784321E-03  0.0000000E+00  0.1000000E+01
         1   278      8 -0.3182478E-03  0.0000000E+00  0.9999999E+00
         1   278      9 -0.3580571E-03  0.0000000E+00  0.9999999E+00
         1   278     10 -0.2970026E-02  0.0000000E+00  0.9999956E+00

         1   279      0  0.0000000E+00  0.0000000E+00  0.0000000E+00
         1   279      1  0.4586974E-06  0.0000000E+00  0.1000000E+01
         1   279      2 -0.6047245E-04  0.0000000E+00  0.1000000E+01
         1   279      3 -0.9093041E-04  0.0000000E+00  0.1000000E+01
         1   279      4 -0.1213833E-03  0.0000000E+00  0.1000000E+01
         1   279      5 -0.1518313E-03  0.0000000E+00  0.1000000E+01
         1   279      6 -0.1822743E-03  0.0000000E+00  0.1000000E+01
         1   279      7 -0.2127124E-03  0.0000000E+00  0.1000000E+01
         1   279      8 -0.2431456E-03  0.0000000E+00  0.1000000E+01
         1   279      9 -0.2735740E-03  0.0000000E+00  0.1000000E+01
         1   279     10 -0.2739867E-02  0.0000000E+00  0.9999962E+00

         1   280      0  0.0000000E+00  0.0000000E+00  0.0000000E+00
         1   280      1  0.4586974E-06  0.0000000E+00  0.1000000E+01
         1   280      2 -0.4424971E-04  0.0000000E+00  0.1000000E+01
         1   280      3 -0.6659842E-04  0.0000000E+00  0.1000000E+01
         1   280      4 -0.8894357E-04  0.0000000E+00  0.1000000E+01
         1   280      5 -0.1112852E-03  0.0000000E+00  0.1000000E+01
         1   280      6 -0.1336235E-03  0.0000000E+00  0.1000000E+01
         1   280      7 -0.1559584E-03  0.0000000E+00  0.1000000E+01
         1   280      8 -0.1782901E-03  0.0000000E+00  0.1000000E+01
         1   280      9 -0.2006186E-03  0.0000000E+00  0.1000000E+01
         1   280     10 -0.2515331E-02  0.0000000E+00  0.9999968E+00

         1   281      0  0.0000000E+00  0.0000000E+00  0.0000000E+00
         1   281      1  0.4586974E-06  0.0000000E+00  0.1000000E+01
         1   281      2 -0.4424971E-04  0.0000000E+00  0.1000000E+01
         1   281      3 -0.6659842E-04  0.0000000E+00  0.1000000E+01
         1   281      4 -0.8894357E-04  0.0000000E+00  0.1000000E+01
         1   281      5 -0.1112852E-03  0.0000000E+00  0.1000000E+01
         1   281      6 -0.1336235E-03  0.0000000E+00  0.1000000E+01
         1   281      7 -0.1559584E-03  0.0000000E+00  0.1000000E+01
         1   281      8 -0.1782901E-03  0.0000000E+00  0.1000000E+01
         1   281      9 -0.2006186E-03  0.0000000E+00  0.1000000E+01
         1   281     10 -0.2515331E-02  0.0000000E+00  0.9999968E+00

         1   282      0  0.0000000E+00  0.0000000E+00  0.0000000E+00
         1   282      1  0.4586974E-06  0.0000000E+00  0.1000000E+01
         1   282      2 -0.4424971E-04  0.0000000E+00  0.1000000E+01
         1   282      3 -0.6659842E-04  0.0000000E+00  0.1000000E+01
         1   282      4 -0.8894357E-04  0.0000000E+00  0.1000000E+01
         1   282      5 -0.1112852E-03  0.0000000E+00  0.1000000E+01
         1   282      6 -0.1336235E-03  0.0000000E+00  0.1000000E+01
         1   282      7 -0.1559584E-03  0.0000000E+00  0.1000000E+01
         1   282      8 -0.1782901E-03  0.0000000E+00  0.1000000E+01
         1   282      9 -0.2006186E-03  0.0000000E+00  0.1000000E+01
         1   282     10 -0.2515331E-02  0.0000000E+00  0.9999968E+00

         1   283      0  0.0000000E+00  0.0000000E+00  0.0000000E+00
         1   283      1  0.4586974E-06  0.0000000E+00  0.1000000E+01
         1   283      2 -0.4424971E-04  0.0000000E+00  0.1000000E+01
         1   283      3 -0.6659842E-04  0.0000000E+00  0.1000000E+01
         1   283      4 -0.8894357E-04  0.0000000E+00  0.1000000E+01
         1   283      5 -0.1112852E-03  0.0000000E+00  0.1000000E+01
         1   283      6 -0.1336235E-03  0.0000000E+00  0.1000000E+01
         1   283      7 -0.1559584E-03  0.0000000E+00  0.1000000E+01
         1   283      8 -0.1782901E-03  0.0000000E+00  0.1000000E+01
         1   283      9 -0.2006186E-03  0.0000000E+00  0.1000000E+01
         1   283     10 -0.2515331E-02  0.0000000E+00  0.9999968E+00

         1   284      0  0.0000000E+00  0.0000000E+00  0.0000000E+00
         1   284      1  0.4763396E-06  0.0000000E+00  0.1000000E+01
         1   284      2 -0.4423823E-04  0.0000000E+00  0.1000000E+01
         1   284      3 -0.6659001E-04  0.0000000E+00  0.1000000E+01
         1   284      4 -0.8893823E-04  0.0000000E+00  0.1000000E+01
         1   284      5 -0.1112830E-03  0.0000000E+00  0.1000000E+01
         1   284      6 -0.1336243E-03  0.0000000E+00  0.1000000E+01
         1   284      7 -0.1559623E-03  0.0000000E+00  0.1000000E+01
         1   284      8 -0.1782970E-03  0.0000000E+00  0.1000000E+01
         1   284      9 -0.2006285E-03  0.0000000E+00  0.1000000E+01
         1   284     10 -0.2513001E-02  0.0000000E+00  0.9999968E+00

         1   285      0  0.0000000E+00  0.0000000E+00  0.0000000E+00
         1   285      1  0.4763396E-06  0.0000000E+00  0.1000000E+01
         1   285      2 -0.4423823E-04  0.0000000E+00  0.1000000E+01
         1   285      3 -0.6659001E-04  0.0000000E+00  0.1000000E+01
         1   285      4 -0.8893823E-04  0.0000000E+00  0.1000000E+01
         1   285      5 -0.1112830E-03  0.0000000E+00  0.1000000E+01
         1   285      6 -0.1336243E-03  0.0000000E+00  0.1000000E+01
         1   285      7 -0.1559623E-03  0.0000000E+00  0.1000000E+01
         1   285      8 -0.1782970E-03  0.0000000E+00  0.1000000E+01
         1   285      9 -0.2006285E-03  0.0000000E+00  0.1000000E+01
         1   285     10 -0.2513001E-02  0.0000000E+00  0.9999968E+00

         1   286      0  0.0000000E+00  0.0000000E+00  0.0000000E+00
         1   286      1  0.4763396E-06  0.0000000E+00  0.1000000E+01
         1   286      2 -0.4423823E-04  0.0000000E+00  0.1000000E+01
         1   286      3 -0.6659001E-04  0.0000000E+00  0.1000000E+01
         1   286      4 -0.8893823E-04  0.0000000E+00  0.1000000E+01
         1   286      5 -0.1112830E-03  0.0000000E+00  0.1000000E+01
         1   286      6 -0.1336243E-03  0.0000000E+00  0.1000000E+01
         1   286      7 -0.1559623E-03  0.0000000E+00  0.1000000E+01
         1   286      8 -0.1782970E-03  0.0000000E+00  0.1000000E+01
         1   286      9 -0.2006285E-03  0.0000000E+00  0.1000000E+01
         1   286     10 -0.2513001E-02  0.0000000E+00  0.9999968E+00

         1   287      0  0.0000000E+00  0.0000000E+00  0.0000000E+00
         1   287      1  0.4763396E-06  0.0000000E+00  0.1000000E+01
         1   287      2 -0.4423823E-04  0.0000000E+00  0.1000000E+01
         1   287      3 -0.6659001E-04  0.0000000E+00  0.1000000E+01
         1   287      4 -0.8893823E-04  0.0000000E+00  0.1000000E+01
         1   287      5 -0.1112830E-03  0.0000000E+00  0.1000000E+01
         1   287      6 -0.1336243E-03  0.0000000E+00  0.1000000E+01
         1   287      7 -0.1559623E-03  0.0000000E+00  0.1000000E+01
         1   287      8 -0.1782970E-03  0.0000000E+00  0.1000000E+01
         1   287      9 -0.2006285E-03  0.0000000E+00  0.1000000E+01
         1   287     10 -0.2513001E-02  0.0000000E+00  0.9999968E+00

         1   288      0  0.0000000E+00  0.0000000E+00  0.0000000E+00
         1   288      1  0.4763396E-06  0.0000000E+00  0.1000000E+01
         1   288      2 -0.3406524E-04  0.0000000E+00  0.1000000E+01
         1   288      3 -0.5132640E-04  0.0000000E+00  0.1000000E+01
         1   288      4 -0.6858112E-04  0.0000000E+00  0.1000000E+01
         1   288      5 -0.8582940E-04  0.0000000E+00  0.1000000E+01
         1   288      6 -0.1030712E-03  0.0000000E+00  0.1000000E+01
         1   288      7 -0.1203066E-03  0.0000000E+00  0.1000000E+01
         1   288      8 -0.1375355E-03  0.0000000E+00  0.1000000E+01
         1   288      9 -0.1547579E-03  0.0000000E+00  0.1000000E+01
         1   288     10 -0.2818960E-02  0.0000000E+00  0.9999960E+00

         1   289      0  0.0000000E+00  0.0000000E+00  0.0000000E+00
         1   289      1  0.4763396E-06  0.0000000E+00  0.1000000E+01
         1   289      2 -0.2215469E-04  0.0000000E+00  0.1000000E+01
         1   289      3 -0.3345647E-04  0.0000000E+00  0.1000000E+01
         1   289      4 -0.4474896E-04  0.0000000E+00  0.1000000E+01
         1   289      5 -0.5603207E-04  0.0000000E+00  0.1000000E+01
         1   289      6 -0.6730571E-04  0.0000000E+00  0.1000000E+01
         1   289      7 -0.7856978E-04  0.0000000E+00  0.1000000E+01
         1   289      8 -0.8982419E-04  0.0000000E+00  0.1000000E+01
         1   289      9 -0.1010688E-03  0.0000000E+00  0.1000000E+01
         1   289     10 -0.3119380E-02  0.0000000E+00  0.9999951E+00

         1   290      0  0.0000000E+00  0.0000000E+00  0.0000000E+00
         1   290      1  0.4763396E-06  0.0000000E+00  0.1000000E+01
         1   290      2 -0.2215469E-04  0.0000000E+00  0.1000000E+01
         1   290      3 -0.3345647E-04  0.0000000E+00  0.1000000E+01
         1   290      4 -0.4474896E-04  0.0000000E+00  0.1000000E+01
         1   290      5 -0.5603207E-04  0.0000000E+00  0.1000000E+01
         1   290      6 -0.6730571E-04  0.0000000E+00  0.1000000E+01
         1   290      7 -0.7856978E-04  0.0000000E+00  0.1000000E+01
         1   290      8 -0.8982419E-04  0.0000000E+00  0.1000000E+01
         1   290      9 -0.1010688E-03  0.0000000E+00  0.1000000E+01
         1   290     10 -0.3119380E-02  0.0000000E+00  0.9999951E+00

         1   291      0  0.0000000E+00  0.0000000E+00  0.0000000E+00
         1   291      1  0.4763396E-06  0.0000000E+00  0.1000000E+01
         1   291      2 -0.2215469E-04  0.0000000E+00  0.1000000E+01
         1   291      3 -0.3345647E-04  0.0000000E+00  0.1000000E+01
         1   291      4 -0.4474896E-04  0.0000000E+00  0.1000000E+01
         1   291      5 -0.5603207E-04  0.0000000E+00  0.1000000E+01
         1   291      6 -0.6730571E-04  0.0000000E+00  0.1000000E+01
         1   291      7 -0.7856978E-04  0.0000000E+00  0.1000000E+01
         1   291      8 -0.8982419E-04  0.0000000E+00  0.1000000E+01
         1   291      9 -0.1010688E-03  0.0000000E+00  0.1000000E+01
         1   291     10 -0.3119380E-02  0.0000000E+00  0.9999951E+00

         1   292      0  0.0000000E+00  0.0000000E+00  0.0000000E+00
         1   292      1  0.4763396E-06  0.0000000E+00  0.1000000E+01
         1   292      2 -0.2215469E-04  0.0000000E+00  0.1000000E+01
         1   292      3 -0.3345647E-04  0.0000000E+00  0.1000000E+01
         1   292      4 -0.4474896E-04  0.0000000E+00  0.1000000E+01
         1   292      5 -0.5603207E-04  0.0000000E+00  0.1000000E+01
         1   292      6 -0.6730571E-04  0.0000000E+00  0.1000000E+01
         1   292      7 -0.7856978E-04  0.0000000E+00  0.1000000E+01
         1   292      8 -0.8982419E-04  0.0000000E+00  0.1000000E+01
         1   292      9 -0.1010688E-03  0.0000000E+00  0.1000000E+01
         1   292     10 -0.3119380E-02  0.0000000E+00  0.9999951E+00

         1   293      0  0.0000000E+00  0.0000000E+00  0.0000000E+00
         1   293      1  0.4939818E-06  0.0000000E+00  0.1000000E+01
         1   293      2 -0.2210396E-04  0.0000000E+00  0.1000000E+01
         1   293      3 -0.3338919E-04  0.0000000E+00  0.1000000E+01
         1   293      4 -0.4466513E-04  0.0000000E+00  0.1000000E+01
         1   293      5 -0.5593169E-04  0.0000000E+00  0.1000000E+01
         1   293      6 -0.6718877E-04  0.0000000E+00  0.1000000E+01
         1   293      7 -0.7843628E-04  0.0000000E+00  0.1000000E+01
         1   293      8 -0.8967412E-04  0.0000000E+00  0.1000000E+01
         1   293      9 -0.1009022E-03  0.0000000E+00  0.1000000E+01
         1   293     10 -0.3116925E-02  0.0000000E+00  0.9999951E+00

         1   294      0  0.0000000E+00  0.0000000E+00  0.0000000E+00
         1   294      1  0.4939818E-06  0.0000000E+00  0.1000000E+01
         1   294      2 -0.2210396E-04  0.0000000E+00  0.1000000E+01
         1   294      3 -0.3338919E-04  0.0000000E+00  0.1000000E+01
         1   294      4 -0.4466513E-04  0.0000000E+00  0.1000000E+01
         1   294      5 -0.5593169E-04  0.0000000E+00  0.1000000E+01
         1   294      6 -0.6718877E-04  0.0000000E+00  0.1000000E+01
         1   294      7 -0.7843628E-04  0.0000000E+00  0.1000000E+01
         1   294      8 -0.8967412E-04  0.0000000E+00  0.1000000E+01
         1   294      9 -0.1009022E-03  0.0000000E+00  0.1000000E+01
         1   294     10 -0.3116925E-02  0.0000000E+00  0.9999951E+00

         1   295      0  0.0000000E+00  0.0000000E+00  0.0000000E+00
         1   295      1  0.4939818E-06  0.0000000E+00  0.1000000E+01
         1   295      2 -0.2210396E-04  0.0000000E+00  0.1000000E+01
         1   295      3 -0.3338919E-04  0.0000000E+00  0.1000000E+01
         1   295      4 -0.4466513E-04  0.0000000E+00  0.1000000E+01
         1   295      5 -0.5593169E-04  0.0000000E+00  0.1000000E+01
         1   295      6 -0.6718877E-04  0.0000000E+00  0.1000000E+01
         1   295      7 -0.7843628E-04  0.0000000E+00  0.1000000E+01
         1   295      8 -0.8967412E-04  0.0000000E+00  0.1000000E+01
         1   295      9 -0.1009022E-03  0.0000000E+00  0.1000000E+01
         1   295     10 -0.3116925E-02  0.0000000E+00  0.9999951E+00

         1   296      0  0.0000000E+00  0.0000000E+00  0.0000000E+00
         1   296      1  0.4939818E-06  0.0000000E+00  0.1000000E+01
         1   296      2 -0.2210396E-04  0.0000000E+00  0.1000000E+01
         1   296      3 -0.3338919E-04  0.0000000E+00  0.1000000E+01
         1   296      4 -0.4466513E-04  0.0000000E+00  0.1000000E+01
         1   296      5 -0.5593169E-04  0.0000000E+00  0.1000000E+01
         1   296      6 -0.6718877E-04  0.0000000E+00  0.1000000E+01
         1   296      7 -0.7843628E-04  0.0000000E+00  0.1000000E+01
         1   296      8 -0.8967412E-04  0.0000000E+00  0.1000000E+01
         1   296      9 -0.1009022E-03  0.0000000E+00  0.1000000E+01
         1   296     10 -0.3116925E-02  0.0000000E+00  0.9999951E+00

         1   297      0  0.0000000E+00  0.0000000E+00  0.0000000E+00
         1   297      1  0.4939818E-06  0.0000000E+00  0.1000000E+01
         1   297      2 -0.4780547E-04  0.0000000E+00  0.1000000E+01
         1   297      3 -0.7194281E-04  0.0000000E+00  0.1000000E+01
         1   297      4 -0.9607182E-04  0.0000000E+00  0.1000000E+01
         1   297      5 -0.1201924E-03  0.0000000E+00  0.1000000E+01
         1   297      6 -0.1443046E-03  0.0000000E+00  0.1000000E+01
         1   297      7 -0.1684083E-03  0.0000000E+00  0.1000000E+01
         1   297      8 -0.1925034E-03  0.0000000E+00  0.1000000E+01
         1   297      9 -0.2165898E-03  0.0000000E+00  0.1000000E+01
         1   297     10 -0.3026033E-02  0.0000000E+00  0.9999954E+00

         1   298      0  0.0000000E+00  0.0000000E+00  0.0000000E+00
         1   298      1  0.4939818E-06  0.0000000E+00  0.1000000E+01
         1   298      2 -0.7556071E-04  0.0000000E+00  0.1000000E+01
         1   298      3 -0.1135769E-03  0.0000000E+00  0.1000000E+01
         1   298      4 -0.1515856E-03  0.0000000E+00  0.1000000E+01
         1   298      5 -0.1895869E-03  0.0000000E+00  0.1000000E+01
         1   298      6 -0.2275806E-03  0.0000000E+00  0.1000000E+01
         1   298      7 -0.2655668E-03  0.0000000E+00  0.1000000E+01
         1   298      8 -0.3035454E-03  0.0000000E+00  0.1000000E+01
         1   298      9 -0.3415164E-03  0.0000000E+00  0.9999999E+00
         1   298     10 -0.2944226E-02  0.0000000E+00  0.9999957E+00

         1   299      0  0.0000000E+00  0.0000000E+00  0.0000000E+00
         1   299      1  0.4939818E-06  0.0000000E+00  0.1000000E+01
         1   299      2 -0.7556071E-04  0.0000000E+00  0.1000000E+01
         1   299      3 -0.1135769E-03  0.0000000E+00  0.1000000E+01
         1   299      4 -0.1515856E-03  0.0000000E+00  0.1000000E+01
         1   299      5 -0.1895869E-03  0.0000000E+00  0.1000000E+01
         1   299      6 -0.2275806E-03  0.0000000E+00  0.1000000E+01
         1   299      7 -0.2655668E-03  0.0000000E+00  0.1000000E+01
         1   299      8 -0.3035454E-03  0.0000000E+00  0.1000000E+01
         1   299      9 -0.3415164E-03  0.0000000E+00  0.9999999E+00
         1   299     10 -0.2944226E-02  0.0000000E+00  0.9999957E+00

         1   300      0  0.0000000E+00  0.0000000E+00  0.0000000E+00
         1   300      1  0.4939818E-06  0.0000000E+00  0.1000000E+01
         1   300      2 -0.7556071E-04  0.0000000E+00  0.1000000E+01
         1   300      3 -0.1135769E-03  0.0000000E+00  0.1000000E+01
         1   300      4 -0.1515856E-03  0.0000000E+00  0.1000000E+01
         1   300      5 -0.1895869E-03  0.0000000E+00  0.1000000E+01
         1   300      6 -0.2275806E-03  0.0000000E+00  0.1000000E+01
         1   300      7 -0.2655668E-03  0.0000000E+00  0.1000000E+01
         1   300      8 -0.3035454E-03  0.0000000E+00  0.1000000E+01
         1   300      9 -0.3415164E-03  0.0000000E+00  0.9999999E+00
         1   300     10 -0.2944226E-02  0.0000000E+00  0.9999957E+00

         1   301      0  0.0000000E+00  0.0000000E+00  0.0000000E+00
         1   301      1  0.4939818E-06  0.0000000E+00  0.1000000E+01
         1   301      2 -0.7556071E-04  0.0000000E+00  0.1000000E+01
         1   301      3 -0.1135769E-03  0.0000000E+00  0.1000000E+01
         1   301      4 -0.1515856E-03  0.0000000E+00  0.1000000E+01
         1   301      5 -0.1895869E-03  0.0000000E+00  0.1000000E+01
         1   301      6 -0.2275806E-03  0.0000000E+00  0.1000000E+01
         1   301      7 -0.2655668E-03  0.0000000E+00  0.1000000E+01
         1   301      8 -0.3035454E-03  0.0000000E+00  0.1000000E+01
         1   301      9 -0.3415164E-03  0.0000000E+00  0.9999999E+00
         1   301     10 -0.2944226E-02  0.0000000E+00  0.9999957E+00

         1   302      0  0.0000000E+00  0.0000000E+00  0.0000000E+00
         1   302      1  0.5116241E-06  0.0000000E+00  0.1000000E+01
         1   302      2 -0.7545763E-04  0.0000000E+00  0.1000000E+01
         1   302      3 -0.1134311E-03  0.0000000E+00  0.1000000E+01
         1   302      4 -0.1513971E-03  0.0000000E+00  0.1000000E+01
         1   302      5 -0.1893556E-03  0.0000000E+00  0.1000000E+01
         1   302      6 -0.2273066E-03  0.0000000E+00  0.1000000E+01
         1   302      7 -0.2652501E-03  0.0000000E+00  0.1000000E+01
         1   302      8 -0.3031860E-03  0.0000000E+00  0.1000000E+01
         1   302      9 -0.3411143E-03  0.0000000E+00  0.9999999E+00
         1   302     10 -0.2941539E-02  0.0000000E+00  0.9999957E+00

         1   303      0  0.0000000E+00  0.0000000E+00  0.0000000E+00
         1   303      1  0.5116241E-06  0.0000000E+00  0.1000000E+01
         1   303      2 -0.7545763E-04  0.0000000E+00  0.1000000E+01
         1   303      3 -0.1134311E-03  0.0000000E+00  0.1000000E+01
         1   303      4 -0.1513971E-03  0.0000000E+00  0.1000000E+01
         1   303      5 -0.1893556E-03  0.0000000E+00  0.1000000E+01
         1   303      6 -0.2273066E-03  0.0000000E+00  0.1000000E+01
         1   303      7 -0.2652501E-03  0.0000000E+00  0.1000000E+01
         1   303      8 -0.3031860E-03  0.0000000E+00  0.1000000E+01
         1   303      9 -0.3411143E-03  0.0000000E+00  0.9999999E+00
         1   303     10 -0.2941539E-02  0.0000000E+00  0.9999957E+00

         1   304      0  0.0000000E+00  0.0000000E+00  0.0000000E+00
         1   304      1  0.5116241E-06  0.0000000E+00  0.1000000E+01
         1   304      2 -0.7545763E-04  0.0000000E+00  0.1000000E+01
         1   304      3 -0.1134311E-03  0.0000000E+00  0.1000000E+01
         1   304      4 -0.1513971E-03  0.0000000E+00  0.1000000E+01
         1   304      5 -0.1893556E-03  0.0000000E+00  0.1000000E+01
         1   304      6 -0.2273066E-03  0.0000000E+00  0.1000000E+01
         1   304      7 -0.2652501E-03  0.0000000E+00  0.1000000E+01
         1   304      8 -0.3031860E-03  0.0000000E+00  0.1000000E+01
         1   304      9 -0.3411143E-03  0.0000000E+00  0.9999999E+00
         1   304     10 -0.2941539E-02  0.0000000E+00  0.9999957E+00

         1   305      0  0.0000000E+00  0.0000000E+00  0.0000000E+00
         1   305      1  0.5116241E-06  0.0000000E+00  0.1000000E+01
         1   305      2 -0.7545763E-04  0.0000000E+00  0.1000000E+01
         1   305      3 -0.1134311E-03  0.0000000E+00  0.1000000E+01
         1   305      4 -0.1513971E-03  0.0000000E+00  0.1000000E+01
         1   305      5 -0.1893556E-03  0.0000000E+00  0.1000000E+01
         1   305      6 -0.2273066E-03  0.0000000E+00  0.1000000E+01
         1   305      7 -0.2652501E-03  0.0000000E+00  0.1000000E+01
         1   305      8 -0.3031860E-03  0.0000000E+00  0.1000000E+01
         1   305      9 -0.3411143E-03  0.0000000E+00  0.9999999E+00
         1   305     10 -0.2941539E-02  0.0000000E+00  0.9999957E+00

         1   306      0  0.0000000E+00  0.0000000E+00  0.0000000E+00
         1   306      1  0.5116241E-06  0.0000000E+00  0.1000000E+01
         1   306      2 -0.2866077E-05  0.0000000E+00  0.1000000E+01
         1   306      3 -0.4544262E-05  0.0000000E+00  0.1000000E+01
         1   306      4 -0.6215271E-05  0.0000000E+00  0.1000000E+01
         1   306      5 -0.7879053E-05  0.0000000E+00  0.1000000E+01
         1   306      6 -0.9535560E-05  0.0000000E+00  0.1000000E+01
         1   306      7 -0.1118474E-04  0.0000000E+00  0.1000000E+01
         1   306      8 -0.1282655E-04  0.0000000E+00  0.1000000E+01
         1   306      9 -0.1446093E-04  0.0000000E+00  0.1000000E+01
         1   306     10 -0.2973547E-02  0.0000000E+00  0.9999956E+00

         1   307      0  0.0000000E+00  0.0000000E+00  0.0000000E+00
         1   307      1  0.5116241E-06  0.0000000E+00  0.1000000E+01
         1   307      2  0.7001276E-04  0.0000000E+00  0.1000000E+01
         1   307      3  0.1047735E-03  0.0000000E+00  0.1000000E+01
         1   307      4  0.1395410E-03  0.0000000E+00  0.1000000E+01
         1   307      5  0.1743155E-03  0.0000000E+00  0.1000000E+01
         1   307      6  0.2090970E-03  0.0000000E+00  0.1000000E+01
         1   307      7  0.2438855E-03  0.0000000E+00  0.1000000E+01
         1   307      8  0.2786812E-03  0.0000000E+00  0.1000000E+01
         1   307      9  0.3134841E-03  0.0000000E+00  0.1000000E+01
         1   307     10 -0.3002129E-02  0.0000000E+00  0.9999955E+00

         1   308      0  0.0000000E+00  0.0000000E+00  0.0000000E+00
         1   308      1  0.5116241E-06  0.0000000E+00  0.1000000E+01
         1   308      2  0.7001276E-04  0.0000000E+00  0.1000000E+01
         1   308      3  0.1047735E-03  0.0000000E+00  0.1000000E+01
         1   308      4  0.1395410E-03  0.0000000E+00  0.1000000E+01
         1   308      5  0.1743155E-03  0.0000000E+00  0.1000000E+01
         1   308      6  0.2090970E-03  0.0000000E+00  0.1000000E+01
         1   308      7  0.2438855E-03  0.0000000E+00  0.1000000E+01
         1   308      8  0.2786812E-03  0.0000000E+00  0.1000000E+01
         1   308      9  0.3134841E-03  0.0000000E+00  0.1000000E+01
         1   308     10 -0.3002129E-02  0.0000000E+00  0.9999955E+00

         1   309      0  0.0000000E+00  0.0000000E+00  0.0000000E+00
         1   309      1  0.5116241E-06  0.0000000E+00  0.1000000E+01
         1   309      2  0.7001276E-04  0.0000000E+00  0.1000000E+01
         1   309      3  0.1047735E-03  0.0000000E+00  0.1000000E+01
         1   309      4  0.1395410E-03  0.0000000E+00  0.1000000E+01
         1   309      5  0.1743155E-03  0.0000000E+00  0.1000000E+01
         1   309      6  0.2090970E-03  0.0000000E+00  0.1000000E+01
         1   309      7  0.2438855E-03  0.0000000E+00  0.1000000E+01
         1   309      8  0.2786812E-03  0.0000000E+00  0.1000000E+01
         1   309      9  0.3134841E-03  0.0000000E+00  0.1000000E+01
         1   309     10 -0.3002129E-02  0.0000000E+00  0.9999955E+00

         1   310      0  0.0000000E+00  0.0000000E+00  0.0000000E+00
         1   310      1  0.5116241E-06  0.0000000E+00  0.1000000E+01
         1   310      2  0.7001276E-04  0.0000000E+00  0.1000000E+01
         1   310      3  0.1047735E-03  0.0000000E+00  0.1000000E+01
         1   310      4  0.1395410E-03  0.0000000E+00  0.1000000E+01
         1   310      5  0.1743155E-03  0.0000000E+00  0.1000000E+01
         1   310      6  0.2090970E-03  0.0000000E+00  0.1000000E+01
         1   310      7  0.2438855E-03  0.0000000E+00  0.1000000E+01
         1   310      8  0.2786812E-03  0.0000000E+00  0.1000000E+01
         1   310      9  0.3134841E-03  0.0000000E+00  0.1000000E+01
         1   310     10 -0.3002129E-02  0.0000000E+00  0.9999955E+00

         1   311      0  0.0000000E+00  0.0000000E+00  0.0000000E+00
         1   311      1  0.5292663E-06  0.0000000E+00  0.1000000E+01
         1   311      2  0.7012233E-04  0.0000000E+00  0.1000000E+01
         1   311      3  0.1049290E-03  0.0000000E+00  0.1000000E+01
         1   311      4  0.1397425E-03  0.0000000E+00  0.1000000E+01
         1   311      5  0.1745629E-03  0.0000000E+00  0.1000000E+01
         1   311      6  0.2093904E-03  0.0000000E+00  0.1000000E+01
         1   311      7  0.2442249E-03  0.0000000E+00  0.1000000E+01
         1   311      8  0.2790665E-03  0.0000000E+00  0.1000000E+01
         1   311      9  0.3139154E-03  0.0000000E+00  0.1000000E+01
         1   311     10 -0.2999365E-02  0.0000000E+00  0.9999955E+00

         1   312      0  0.0000000E+00  0.0000000E+00  0.0000000E+00
         1   312      1  0.5292663E-06  0.0000000E+00  0.1000000E+01
         1   312      2  0.7012233E-04  0.0000000E+00  0.1000000E+01
         1   312      3  0.1049290E-03  0.0000000E+00  0.1000000E+01
         1   312      4  0.1397425E-03  0.0000000E+00  0.1000000E+01
         1   312      5  0.1745629E-03  0.0000000E+00  0.1000000E+01
         1   312      6  0.2093904E-03  0.0000000E+00  0.1000000E+01
         1   312      7  0.2442249E-03  0.0000000E+00  0.1000000E+01
         1   312      8  0.2790665E-03  0.0000000E+00  0.1000000E+01
         1   312      9  0.3139154E-03  0.0000000E+00  0.1000000E+01
         1   312     10 -0.2999365E-02  0.0000000E+00  0.9999955E+00

         1   313      0  0.0000000E+00  0.0000000E+00  0.0000000E+00
         1   313      1  0.5292663E-06  0.0000000E+00  0.1000000E+01
         1   313      2  0.7012233E-04  0.0000000E+00  0.1000000E+01
         1   313      3  0.1049290E-03  0.0000000E+00  0.1000000E+01
         1   313      4  0.1397425E-03  0.0000000E+00  0.1000000E+01
         1   313      5  0.1745629E-03  0.0000000E+00  0.1000000E+01
         1   313      6  0.2093904E-03  0.0000000E+00  0.1000000E+01
         1   313      7  0.2442249E-03  0.0000000E+00  0.1000000E+01
         1   313      8  0.2790665E-03  0.0000000E+00  0.1000000E+01
         1   313      9  0.3139154E-03  0.0000000E+00  0.1000000E+01
         1   313     10 -0.2999365E-02  0.0000000E+00  0.9999955E+00

         1   314      0  0.0000000E+00  0.0000000E+00  0.0000000E+00
         1   314      1  0.5292663E-06  0.0000000E+00  0.1000000E+01
         1   314      2  0.7012233E-04  0.0000000E+00  0.1000000E+01
         1   314      3  0.1049290E-03  0.0000000E+00  0.1000000E+01
         1   314      4  0.1397425E-03  0.0000000E+00  0.1000000E+01
         1   314      5  0.1745629E-03  0.0000000E+00  0.1000000E+01
         1   314      6  0.2093904E-03  0.0000000E+00  0.1000000E+01
         1   314      7  0.2442249E-03  0.0000000E+00  0.1000000E+01
         1   314      8  0.2790665E-03  0.0000000E+00  0.1000000E+01
         1   314      9  0.3139154E-03  0.0000000E+00  0.1000000E+01
         1   314     10 -0.2999365E-02  0.0000000E+00  0.9999955E+00

         1   315      0  0.0000000E+00  0.0000000E+00  0.0000000E+00
         1   315      1  0.5292663E-06  0.0000000E+00  0.1000000E+01
         1   315      2  0.3543567E-04  0.0000000E+00  0.1000000E+01
         1   315      3  0.5289905E-04  0.0000000E+00  0.1000000E+01
         1   315      4  0.7036933E-04  0.0000000E+00  0.1000000E+01
         1   315      5  0.8784660E-04  0.0000000E+00  0.1000000E+01
         1   315      6  0.1053309E-03  0.0000000E+00  0.1000000E+01
         1   315      7  0.1228225E-03  0.0000000E+00  0.1000000E+01
         1   315      8  0.1403212E-03  0.0000000E+00  0.1000000E+01
         1   315      9  0.1578273E-03  0.0000000E+00  0.1000000E+01
         1   315     10 -0.3000224E-02  0.0000000E+00  0.9999955E+00

         1   316      0  0.0000000E+00  0.0000000E+00  0.0000000E+00
         1   316      1  0.5292663E-06  0.0000000E+00  0.1000000E+01
         1   316      2 -0.2998855E-05  0.0000000E+00  0.1000000E+01
         1   316      3 -0.4752682E-05  0.0000000E+00  0.1000000E+01
         1   316      4 -0.6499538E-05  0.0000000E+00  0.1000000E+01
         1   316      5 -0.8239314E-05  0.0000000E+00  0.1000000E+01
         1   316      6 -0.9971899E-05  0.0000000E+00  0.1000000E+01
         1   316      7 -0.1169718E-04  0.0000000E+00  0.1000000E+01
         1   316      8 -0.1341505E-04  0.0000000E+00  0.1000000E+01
         1   316      9 -0.1512540E-04  0.0000000E+00  0.1000000E+01
         1   316     10 -0.3001229E-02  0.0000000E+00  0.9999955E+00

         1   317      0  0.0000000E+00  0.0000000E+00  0.0000000E+00
         1   317      1  0.5292663E-06  0.0000000E+00  0.1000000E+01
         1   317      2 -0.2998855E-05  0.0000000E+00  0.1000000E+01
         1   317      3 -0.4752682E-05  0.0000000E+00  0.1000000E+01
         1   317      4 -0.6499538E-05  0.0000000E+00  0.1000000E+01
         1   317      5 -0.8239314E-05  0.0000000E+00  0.1000000E+01
         1   317      6 -0.9971899E-05  0.0000000E+00  0.1000000E+01
         1   317      7 -0.1169718E-04  0.0000000E+00  0.1000000E+01
         1   317      8 -0.1341505E-04  0.0000000E+00  0.1000000E+01
         1   317      9 -0.1512540E-04  0.0000000E+00  0.1000000E+01
         1   317     10 -0.3001229E-02  0.0000000E+00  0.9999955E+00

         1   318      0  0.0000000E+00  0.0000000E+00  0.0000000E+00
         1   318      1  0.5292663E-06  0.0000000E+00  0.1000000E+01
         1   318      2 -0.2998855E-05  0.0000000E+00  0.1000000E+01
         1   318      3 -0.4752682E-05  0.0000000E+00  0.1000000E+01
         1   318      4 -0.6499538E-05  0.0000000E+00  0.1000000E+01
         1   318      5 -0.8239314E-05  0.0000000E+00  0.1000000E+01
         1   318      6 -0.9971899E-05  0.0000000E+00  0.1000000E+01
         1   318      7 -0.1169718E-04  0.0000000E+00  0.1000000E+01
         1   318      8 -0.1341505E-04  0.0000000E+00  0.1000000E+01
         1   318      9 -0.1512540E-04  0.0000000E+00  0.1000000E+01
         1   318     10 -0.3001229E-02  0.0000000E+00  0.9999955E+00

         1   319      0  0.0000000E+00  0.0000000E+00  0.0000000E+00
         1   319      1  0.5292663E-06  0.0000000E+00  0.1000000E+01
         1   319      2 -0.2998855E-05  0.0000000E+00  0.1000000E+01
         1   319      3 -0.4752682E-05  0.0000000E+00  0.1000000E+01
         1   319      4 -0.6499538E-05  0.0000000E+00  0.1000000E+01
         1   319      5 -0.8239314E-05  0.0000000E+00  0.1000000E+01
         1   319      6 -0.9971899E-05  0.0000000E+00  0.1000000E+01
         1   319      7 -0.1169718E-04  0.0000000E+00  0.1000000E+01
         1   319      8 -0.1341505E-04  0.0000000E+00  0.1000000E+01
         1   319      9 -0.1512540E-04  0.0000000E+00  0.1000000E+01
         1   319     10 -0.3001229E-02  0.0000000E+00  0.9999955E+00

         1   320      0  0.0000000E+00  0.0000000E+00  0.0000000E+00
         1   320      1  0.5292663E-06  0.0000000E+00  0.1000000E+01
         1   320      2 -0.2998855E-05  0.0000000E+00  0.1000000E+01
         1   320      3 -0.4752682E-05  0.0000000E+00  0.1000000E+01
         1   320      4 -0.6499538E-05  0.0000000E+00  0.1000000E+01
         1   320      5 -0.8239314E-05  0.0000000E+00  0.1000000E+01
         1   320      6 -0.9971899E-05  0.0000000E+00  0.1000000E+01
         1   320      7 -0.1169718E-04  0.0000000E+00  0.1000000E+01
         1   320      8 -0.1341505E-04  0.0000000E+00  0.1000000E+01
         1   320      9 -0.1512540E-04  0.0000000E+00  0.1000000E+01
         1   320     10 -0.3001229E-02  0.0000000E+00  0.9999955E+00

         1   321      0  0.0000000E+00  0.0000000E+00  0.0000000E+00
         1   321      1  0.5292663E-06  0.0000000E+00  0.1000000E+01
         1   321      2 -0.2998855E-05  0.0000000E+00  0.1000000E+01
         1   321      3 -0.4752682E-05  0.0000000E+00  0.1000000E+01
         1   321      4 -0.6499538E-05  0.0000000E+00  0.1000000E+01
         1   321      5 -0.8239314E-05  0.0000000E+00  0.1000000E+01
         1   321      6 -0.9971899E-05  0.0000000E+00  0.1000000E+01
         1   321      7 -0.1169718E-04  0.0000000E+00  0.1000000E+01
         1   321      8 -0.1341505E-04  0.0000000E+00  0.1000000E+01
         1   321      9 -0.1512540E-04  0.0000000E+00  0.1000000E+01
         1   321     10 -0.3001229E-02  0.0000000E+00  0.9999955E+00

         1   322      0  0.0000000E+00  0.0000000E+00  0.0000000E+00
         1   322      1  0.5292663E-06  0.0000000E+00  0.1000000E+01
         1   322      2 -0.2998855E-05  0.0000000E+00  0.1000000E+01
         1   322      3 -0.4752682E-05  0.0000000E+00  0.1000000E+01
         1   322      4 -0.6499538E-05  0.0000000E+00  0.1000000E+01
         1   322      5 -0.8239314E-05  0.0000000E+00  0.1000000E+01
         1   322      6 -0.9971899E-05  0.0000000E+00  0.1000000E+01
         1   322      7 -0.1169718E-04  0.0000000E+00  0.1000000E+01
         1   322      8 -0.1341505E-04  0.0000000E+00  0.1000000E+01
         1   322      9 -0.1512540E-04  0.0000000E+00  0.1000000E+01
         1   322     10 -0.3001229E-02  0.0000000E+00  0.9999955E+00

         1   323      0  0.0000000E+00  0.0000000E+00  0.0000000E+00
         1   323      1  0.5292663E-06  0.0000000E+00  0.1000000E+01
         1   323      2 -0.2998855E-05  0.0000000E+00  0.1000000E+01
         1   323      3 -0.4752682E-05  0.0000000E+00  0.1000000E+01
         1   323      4 -0.6499538E-05  0.0000000E+00  0.1000000E+01
         1   323      5 -0.8239314E-05  0.0000000E+00  0.1000000E+01
         1   323      6 -0.9971899E-05  0.0000000E+00  0.1000000E+01
         1   323      7 -0.1169718E-04  0.0000000E+00  0.1000000E+01
         1   323      8 -0.1341505E-04  0.0000000E+00  0.1000000E+01
         1   323      9 -0.1512540E-04  0.0000000E+00  0.1000000E+01
         1   323     10 -0.3001229E-02  0.0000000E+00  0.9999955E+00

         1   324      0  0.0000000E+00  0.0000000E+00  0.0000000E+00
         1   324      1  0.5292663E-06  0.0000000E+00  0.1000000E+01
         1   324      2  0.4139291E-04  0.0000000E+00  0.1000000E+01
         1   324      3  0.6183472E-04  0.0000000E+00  0.1000000E+01
         1   324      4  0.8228323E-04  0.0000000E+00  0.1000000E+01
         1   324      5  0.1027384E-03  0.0000000E+00  0.1000000E+01
         1   324      6  0.1232003E-03  0.0000000E+00  0.1000000E+01
         1   324      7  0.1436690E-03  0.0000000E+00  0.1000000E+01
         1   324      8  0.1641444E-03  0.0000000E+00  0.1000000E+01
         1   324      9  0.1846266E-03  0.0000000E+00  0.1000000E+01
         1   324     10 -0.2999285E-02  0.0000000E+00  0.9999955E+00

         1   325      0  0.0000000E+00  0.0000000E+00  0.0000000E+00
         1   325      1  0.5292663E-06  0.0000000E+00  0.1000000E+01
         1   325      2  0.8386032E-04  0.0000000E+00  0.1000000E+01
         1   325      3  0.1255356E-03  0.0000000E+00  0.1000000E+01
         1   325      4  0.1672173E-03  0.0000000E+00  0.1000000E+01
         1   325      5  0.2089053E-03  0.0000000E+00  0.1000000E+01
         1   325      6  0.2505995E-03  0.0000000E+00  0.1000000E+01
         1   325      7  0.2922999E-03  0.0000000E+00  0.1000000E+01
         1   325      8  0.3340063E-03  0.0000000E+00  0.9999999E+00
         1   325      9  0.3757188E-03  0.0000000E+00  0.9999999E+00
         1   325     10 -0.2997368E-02  0.0000000E+00  0.9999955E+00

         1   326      0  0.0000000E+00  0.0000000E+00  0.0000000E+00
         1   326      1  0.5292663E-06  0.0000000E+00  0.1000000E+01
         1   326      2  0.8386032E-04  0.0000000E+00  0.1000000E+01
         1   326      3  0.1255356E-03  0.0000000E+00  0.1000000E+01
         1   326      4  0.1672173E-03  0.0000000E+00  0.1000000E+01
         1   326      5  0.2089053E-03  0.0000000E+00  0.1000000E+01
         1   326      6  0.2505995E-03  0.0000000E+00  0.1000000E+01
         1   326      7  0.2922999E-03  0.0000000E+00  0.1000000E+01
         1   326      8  0.3340063E-03  0.0000000E+00  0.9999999E+00
         1   326      9  0.3757188E-03  0.0000000E+00  0.9999999E+00
         1   326     10 -0.2997368E-02  0.0000000E+00  0.9999955E+00

         1   327      0  0.0000000E+00  0.0000000E+00  0.0000000E+00
         1   327      1  0.5292663E-06  0.0000000E+00  0.1000000E+01
         1   327      2  0.8386032E-04  0.0000000E+00  0.1000000E+01
         1   327      3  0.1255356E-03  0.0000000E+00  0.1000000E+01
         1   327      4  0.1672173E-03  0.0000000E+00  0.1000000E+01
         1   327      5  0.2089053E-03  0.0000000E+00  0.1000000E+01
         1   327      6  0.2505995E-03  0.0000000E+00  0.1000000E+01
         1   327      7  0.2922999E-03  0.0000000E+00  0.1000000E+01
         1   327      8  0.3340063E-03  0.0000000E+00  0.9999999E+00
         1   327      9  0.3757188E-03  0.0000000E+00  0.9999999E+00
         1   327     10 -0.2997368E-02  0.0000000E+00  0.9999955E+00

         1   328      0  0.0000000E+00  0.0000000E+00  0.0000000E+00
         1   328      1  0.5292663E-06  0.0000000E+00  0.1000000E+01
         1   328      2  0.8386032E-04  0.0000000E+00  0.1000000E+01
         1   328      3  0.1255356E-03  0.0000000E+00  0.1000000E+01
         1   328      4  0.1672173E-03  0.0000000E+00  0.1000000E+01
         1   328      5  0.2089053E-03  0.0000000E+00  0.1000000E+01
         1   328      6  0.2505995E-03  0.0000000E+00  0.1000000E+01
         1   328      7  0.2922999E-03  0.0000000E+00  0.1000000E+01
         1   328      8  0.3340063E-03  0.0000000E+00  0.9999999E+00
         1   328      9  0.3757188E-03  0.0000000E+00  0.9999999E+00
         1   328     10 -0.2997368E-02  0.0000000E+00  0.9999955E+00

         1   329      0  0.0000000E+00  0.0000000E+00  0.0000000E+00
         1   329      1  0.5292663E-06  0.0000000E+00  0.1000000E+01
         1   329      2  0.8386032E-04  0.0000000E+00  0.1000000E+01
         1   329      3  0.1255356E-03  0.0000000E+00  0.1000000E+01
         1   329      4  0.1672173E-03  0.0000000E+00  0.1000000E+01
         1   329      5  0.2089053E-03  0.0000000E+00  0.1000000E+01
         1   329      6  0.2505995E-03  0.0000000E+00  0.1000000E+01
         1   329      7  0.2922999E-03  0.0000000E+00  0.1000000E+01
         1   329      8  0.3340063E-03  0.0000000E+00  0.9999999E+00
         1   329      9  0.3757188E-03  0.0000000E+00  0.9999999E+00
         1   329     10 -0.2997368E-02  0.0000000E+00  0.9999955E+00

         1   330      0  0.0000000E+00  0.0000000E+00  0.0000000E+00
         1   330      1  0.5292663E-06  0.0000000E+00  0.1000000E+01
         1   330      2  0.8386032E-04  0.0000000E+00  0.1000000E+01
         1   330      3  0.1255356E-03  0.0000000E+00  0.1000000E+01
         1   330      4  0.1672173E-03  0.0000000E+00  0.1000000E+01
         1   330      5  0.2089053E-03  0.0000000E+00  0.1000000E+01
         1   330      6  0.2505995E-03  0.0000000E+00  0.1000000E+01
         1   330      7  0.2922999E-03  0.0000000E+00  0.1000000E+01
         1   330      8  0.3340063E-03  0.0000000E+00  0.9999999E+00
         1   330      9  0.3757188E-03  0.0000000E+00  0.9999999E+00
         1   330     10 -0.2997368E-02  0.0000000E+00  0.9999955E+00

         1   331      0  0.0000000E+00  0.0000000E+00  0.0000000E+00
         1   331      1  0.5292663E-06  0.0000000E+00  0.1000000E+01
         1   331      2  0.8386032E-04  0.0000000E+00  0.1000000E+01
         1   331      3  0.1255356E-03  0.0000000E+00  0.1000000E+01
         1   331      4  0.1672173E-03  0.0000000E+00  0.1000000E+01
         1   331      5  0.2089053E-03  0.0000000E+00  0.1000000E+01
         1   331      6  0.2505995E-03  0.0000000E+00  0.1000000E+01
         1   331      7  0.2922999E-03  0.0000000E+00  0.1000000E+01
         1   331      8  0.3340063E-03  0.0000000E+00  0.9999999E+00
         1   331      9  0.3757188E-03  0.0000000E+00  0.9999999E+00
         1   331     10 -0.2997368E-02  0.0000000E+00  0.9999955E+00

         1   332      0  0.0000000E+00  0.0000000E+00  0.0000000E+00
         1   332      1  0.5292663E-06  0.0000000E+00  0.1000000E+01
         1   332      2  0.8386032E-04  0.0000000E+00  0.1000000E+01
         1   332      3  0.1255356E-03  0.0000000E+00  0.1000000E+01
         1   332      4  0.1672173E-03  0.0000000E+00  0.1000000E+01
         1   332      5  0.2089053E-03  0.0000000E+00  0.1000000E+01
         1   332      6  0.2505995E-03  0.0000000E+00  0.1000000E+01
         1   332      7  0.2922999E-03  0.0000000E+00  0.1000000E+01
         1   332      8  0.3340063E-03  0.0000000E+00  0.9999999E+00
         1   332      9  0.3757188E-03  0.0000000E+00  0.9999999E+00
         1   332     10 -0.2997368E-02  0.0000000E+00  0.9999955E+00

         1   333      0  0.0000000E+00  0.0000000E+00  0.0000000E+00
         1   333      1  0.5292663E-06  0.0000000E+00  0.1000000E+01
         1   333      2  0.9136192E-04  0.0000000E+00  0.1000000E+01
         1   333      3  0.1367881E-03  0.0000000E+00  0.1000000E+01
         1   333      4  0.1822208E-03  0.0000000E+00  0.1000000E+01
         1   333      5  0.2276601E-03  0.0000000E+00  0.1000000E+01
         1   333      6  0.2731058E-03  0.0000000E+00  0.1000000E+01
         1   333      7  0.3185579E-03  0.0000000E+00  0.9999999E+00
         1   333      8  0.3640164E-03  0.0000000E+00  0.9999999E+00
         1   333      9  0.4094813E-03  0.0000000E+00  0.9999999E+00
         1   333     10 -0.2997740E-02  0.0000000E+00  0.9999955E+00

         1   334      0  0.0000000E+00  0.0000000E+00  0.0000000E+00
         1   334      1  0.5292663E-06  0.0000000E+00  0.1000000E+01
         1   334      2  0.1012392E-03  0.0000000E+00  0.1000000E+01
         1   334      3  0.1516041E-03  0.0000000E+00  0.1000000E+01
         1   334      4  0.2019757E-03  0.0000000E+00  0.1000000E+01
         1   334      5  0.2523540E-03  0.0000000E+00  0.1000000E+01
         1   334      6  0.3027389E-03  0.0000000E+00  0.1000000E+01
         1   334      7  0.3531304E-03  0.0000000E+00  0.9999999E+00
         1   334      8  0.4035287E-03  0.0000000E+00  0.9999999E+00
         1   334      9  0.4539336E-03  0.0000000E+00  0.9999999E+00
         1   334     10 -0.2997986E-02  0.0000000E+00  0.9999955E+00

         1   335      0  0.0000000E+00  0.0000000E+00  0.0000000E+00
         1   335      1  0.5292663E-06  0.0000000E+00  0.1000000E+01
         1   335      2  0.1012392E-03  0.0000000E+00  0.1000000E+01
         1   335      3  0.1516041E-03  0.0000000E+00  0.1000000E+01
         1   335      4  0.2019757E-03  0.0000000E+00  0.1000000E+01
         1   335      5  0.2523540E-03  0.0000000E+00  0.1000000E+01
         1   335      6  0.3027389E-03  0.0000000E+00  0.1000000E+01
         1   335      7  0.3531304E-03  0.0000000E+00  0.9999999E+00
         1   335      8  0.4035287E-03  0.0000000E+00  0.9999999E+00
         1   335      9  0.4539336E-03  0.0000000E+00  0.9999999E+00
         1   335     10 -0.2997986E-02  0.0000000E+00  0.9999955E+00

         1   336      0  0.0000000E+00  0.0000000E+00  0.0000000E+00
         1   336      1  0.5292663E-06  0.0000000E+00  0.1000000E+01
         1   336      2  0.1012392E-03  0.0000000E+00  0.1000000E+01
         1   336      3  0.1516041E-03  0.0000000E+00  0.1000000E+01
         1   336      4  0.2019757E-03  0.0000000E+00  0.1000000E+01
         1   336      5  0.2523540E-03  0.0000000E+00  0.1000000E+01
         1   336      6  0.3027389E-03  0.0000000E+00  0.1000000E+01
         1   336      7  0.3531304E-03  0.0000000E+00  0.9999999E+00
         1   336      8  0.4035287E-03  0.0000000E+00  0.9999999E+00
         1   336      9  0.4539336E-03  0.0000000E+00  0.9999999E+00
         1   336     10 -0.2997986E-02  0.0000000E+00  0.9999955E+00

         1   337      0  0.0000000E+00  0.0000000E+00  0.0000000E+00
         1   337      1  0.5292663E-06  0.0000000E+00  0.1000000E+01
         1   337      2  0.1012392E-03  0.0000000E+00  0.1000000E+01
         1   337      3  0.1516041E-03  0.0000000E+00  0.1000000E+01
         1   337      4  0.2019757E-03  0.0000000E+00  0.1000000E+01
         1   337      5  0.2523540E-03  0.0000000E+00  0.1000000E+01
         1   337      6  0.3027389E-03  0.0000000E+00  0.1000000E+01
         1   337      7  0.3531304E-03  0.0000000E+00  0.9999999E+00
         1   337      8  0.4035287E-03  0.0000000E+00  0.9999999E+00
         1   337      9  0.4539336E-03  0.0000000E+00  0.9999999E+00
         1   337     10 -0.2997986E-02  0.0000000E+00  0.9999955E+00

         1   338      0  0.0000000E+00  0.0000000E+00  0.0000000E+00
         1   338      1  0.5469085E-06  0.0000000E+00  0.1000000E+01
         1   338      2  0.1011958E-03  0.0000000E+00  0.1000000E+01
         1   338      3  0.1515303E-03  0.0000000E+00  0.1000000E+01
         1   338      4  0.2018714E-03  0.0000000E+00  0.1000000E+01
         1   338      5  0.2522191E-03  0.0000000E+00  0.1000000E+01
         1   338      6  0.3025735E-03  0.0000000E+00  0.1000000E+01
         1   338      7  0.3529346E-03  0.0000000E+00  0.9999999E+00
         1   338      8  0.4033023E-03  0.0000000E+00  0.9999999E+00
         1   338      9  0.4536767E-03  0.0000000E+00  0.9999999E+00
         1   338     10 -0.2995224E-02  0.0000000E+00  0.9999955E+00

         1   339      0  0.0000000E+00  0.0000000E+00  0.0000000E+00
         1   339      1  0.5469085E-06  0.0000000E+00  0.1000000E+01
         1   339      2  0.1011958E-03  0.0000000E+00  0.1000000E+01
         1   339      3  0.1515303E-03  0.0000000E+00  0.1000000E+01
         1   339      4  0.2018714E-03  0.0000000E+00  0.1000000E+01
         1   339      5  0.2522191E-03  0.0000000E+00  0.1000000E+01
         1   339      6  0.3025735E-03  0.0000000E+00  0.1000000E+01
         1   339      7  0.3529346E-03  0.0000000E+00  0.9999999E+00
         1   339      8  0.4033023E-03  0.0000000E+00  0.9999999E+00
         1   339      9  0.4536767E-03  0.0000000E+00  0.9999999E+00
         1   339     10 -0.2995224E-02  0.0000000E+00  0.9999955E+00

         1   340      0  0.0000000E+00  0.0000000E+00  0.0000000E+00
         1   340      1  0.5469085E-06  0.0000000E+00  0.1000000E+01
         1   340      2  0.1011958E-03  0.0000000E+00  0.1000000E+01
         1   340      3  0.1515303E-03  0.0000000E+00  0.1000000E+01
         1   340      4  0.2018714E-03  0.0000000E+00  0.1000000E+01
         1   340      5  0.2522191E-03  0.0000000E+00  0.1000000E+01
         1   340      6  0.3025735E-03  0.0000000E+00  0.1000000E+01
         1   340      7  0.3529346E-03  0.0000000E+00  0.9999999E+00
         1   340      8  0.4033023E-03  0.0000000E+00  0.9999999E+00
         1   340      9  0.4536767E-03  0.0000000E+00  0.9999999E+00
         1   340     10 -0.2995224E-02  0.0000000E+00  0.9999955E+00

         1   341      0  0.0000000E+00  0.0000000E+00  0.0000000E+00
         1   341      1  0.5469085E-06  0.0000000E+00  0.1000000E+01
         1   341      2  0.1011958E-03  0.0000000E+00  0.1000000E+01
         1   341      3  0.1515303E-03  0.0000000E+00  0.1000000E+01
         1   341      4  0.2018714E-03  0.0000000E+00  0.1000000E+01
         1   341      5  0.2522191E-03  0.0000000E+00  0.1000000E+01
         1   341      6  0.3025735E-03  0.0000000E+00  0.1000000E+01
         1   341      7  0.3529346E-03  0.0000000E+00  0.9999999E+00
         1   341      8  0.4033023E-03  0.0000000E+00  0.9999999E+00
         1   341      9  0.4536767E-03  0.0000000E+00  0.9999999E+00
         1   341     10 -0.2995224E-02  0.0000000E+00  0.9999955E+00

         1   342      0  0.0000000E+00  0.0000000E+00  0.0000000E+00
         1   342      1  0.5469085E-06  0.0000000E+00  0.1000000E+01
         1   342      2  0.3860065E-04  0.0000000E+00  0.1000000E+01
         1   342      3  0.5763692E-04  0.0000000E+00  0.1000000E+01
         1   342      4  0.7667942E-04  0.0000000E+00  0.1000000E+01
         1   342      5  0.9572809E-04  0.0000000E+00  0.1000000E+01
         1   342      6  0.1147829E-03  0.0000000E+00  0.1000000E+01
         1   342      7  0.1338438E-03  0.0000000E+00  0.1000000E+01
         1   342      8  0.1529107E-03  0.0000000E+00  0.1000000E+01
         1   342      9  0.1719837E-03  0.0000000E+00  0.1000000E+01
         1   342     10 -0.3025671E-02  0.0000000E+00  0.9999954E+00

         1   343      0  0.0000000E+00  0.0000000E+00  0.0000000E+00
         1   343      1  0.5469085E-06  0.0000000E+00  0.1000000E+01
         1   343      2 -0.2542829E-04  0.0000000E+00  0.1000000E+01
         1   343      3 -0.3840697E-04  0.0000000E+00  0.1000000E+01
         1   343      4 -0.5137983E-04  0.0000000E+00  0.1000000E+01
         1   343      5 -0.6434695E-04  0.0000000E+00  0.1000000E+01
         1   343      6 -0.7730842E-04  0.0000000E+00  0.1000000E+01
         1   343      7 -0.9026433E-04  0.0000000E+00  0.1000000E+01
         1   343      8 -0.1032148E-03  0.0000000E+00  0.1000000E+01
         1   343      9 -0.1161598E-03  0.0000000E+00  0.1000000E+01
         1   343     10 -0.3059561E-02  0.0000000E+00  0.9999953E+00

         1   344      0  0.0000000E+00  0.0000000E+00  0.0000000E+00
         1   344      1  0.5469085E-06  0.0000000E+00  0.1000000E+01
         1   344      2 -0.2542829E-04  0.0000000E+00  0.1000000E+01
         1   344      3 -0.3840697E-04  0.0000000E+00  0.1000000E+01
         1   344      4 -0.5137983E-04  0.0000000E+00  0.1000000E+01
         1   344      5 -0.6434695E-04  0.0000000E+00  0.1000000E+01
         1   344      6 -0.7730842E-04  0.0000000E+00  0.1000000E+01
         1   344      7 -0.9026433E-04  0.0000000E+00  0.1000000E+01
         1   344      8 -0.1032148E-03  0.0000000E+00  0.1000000E+01
         1   344      9 -0.1161598E-03  0.0000000E+00  0.1000000E+01
         1   344     10 -0.3059561E-02  0.0000000E+00  0.9999953E+00

         1   345      0  0.0000000E+00  0.0000000E+00  0.0000000E+00
         1   345      1  0.5469085E-06  0.0000000E+00  0.1000000E+01
         1   345      2 -0.2542829E-04  0.0000000E+00  0.1000000E+01
         1   345      3 -0.3840697E-04  0.0000000E+00  0.1000000E+01
         1   345      4 -0.5137983E-04  0.0000000E+00  0.1000000E+01
         1   345      5 -0.6434695E-04  0.0000000E+00  0.1000000E+01
         1   345      6 -0.7730842E-04  0.0000000E+00  0.1000000E+01
         1   345      7 -0.9026433E-04  0.0000000E+00  0.1000000E+01
         1   345      8 -0.1032148E-03  0.0000000E+00  0.1000000E+01
         1   345      9 -0.1161598E-03  0.0000000E+00  0.1000000E+01
         1   345     10 -0.3059561E-02  0.0000000E+00  0.9999953E+00

         1   346      0  0.0000000E+00  0.0000000E+00  0.0000000E+00
         1   346      1  0.5469085E-06  0.0000000E+00  0.1000000E+01
         1   346      2 -0.2542829E-04  0.0000000E+00  0.1000000E+01
         1   346      3 -0.3840697E-04  0.0000000E+00  0.1000000E+01
         1   346      4 -0.5137983E-04  0.0000000E+00  0.1000000E+01
         1   346      5 -0.6434695E-04  0.0000000E+00  0.1000000E+01
         1   346      6 -0.7730842E-04  0.0000000E+00  0.1000000E+01
         1   346      7 -0.9026433E-04  0.0000000E+00  0.1000000E+01
         1   346      8 -0.1032148E-03  0.0000000E+00  0.1000000E+01
         1   346      9 -0.1161598E-03  0.0000000E+00  0.1000000E+01
         1   346     10 -0.3059561E-02  0.0000000E+00  0.9999953E+00

         1   347      0  0.0000000E+00  0.0000000E+00  0.0000000E+00
         1   347      1  0.5645507E-06  0.0000000E+00  0.1000000E+01
         1   347      2 -0.2550403E-04  0.0000000E+00  0.1000000E+01
         1   347      3 -0.3852940E-04  0.0000000E+00  0.1000000E+01
         1   347      4 -0.5154895E-04  0.0000000E+00  0.1000000E+01
         1   347      5 -0.6456276E-04  0.0000000E+00  0.1000000E+01
         1   347      6 -0.7757091E-04  0.0000000E+00  0.1000000E+01
         1   347      7 -0.9057350E-04  0.0000000E+00  0.1000000E+01
         1   347      8 -0.1035706E-03  0.0000000E+00  0.1000000E+01
         1   347      9 -0.1165623E-03  0.0000000E+00  0.1000000E+01
         1   347     10 -0.3056877E-02  0.0000000E+00  0.9999953E+00

         1   348      0  0.0000000E+00  0.0000000E+00  0.0000000E+00
         1   348      1  0.5645507E-06  0.0000000E+00  0.1000000E+01
         1   348      2 -0.2550403E-04  0.0000000E+00  0.1000000E+01
         1   348      3 -0.3852940E-04  0.0000000E+00  0.1000000E+01
         1   348      4 -0.5154895E-04  0.0000000E+00  0.1000000E+01
         1   348      5 -0.6456276E-04  0.0000000E+00  0.1000000E+01
         1   348      6 -0.7757091E-04  0.0000000E+00  0.1000000E+01
         1   348      7 -0.9057350E-04  0.0000000E+00  0.1000000E+01
         1   348      8 -0.1035706E-03  0.0000000E+00  0.1000000E+01
         1   348      9 -0.1165623E-03  0.0000000E+00  0.1000000E+01
         1   348     10 -0.3056877E-02  0.0000000E+00  0.9999953E+00

         1   349      0  0.0000000E+00  0.0000000E+00  0.0000000E+00
         1   349      1  0.5645507E-06  0.0000000E+00  0.1000000E+01
         1   349      2 -0.2550403E-04  0.0000000E+00  0.1000000E+01
         1   349      3 -0.3852940E-04  0.0000000E+00  0.1000000E+01
         1   349      4 -0.5154895E-04  0.0000000E+00  0.1000000E+01
         1   349      5 -0.6456276E-04  0.0000000E+00  0.1000000E+01
         1   349      6 -0.7757091E-04  0.0000000E+00  0.1000000E+01
         1   349      7 -0.9057350E-04  0.0000000E+00  0.1000000E+01
         1   349      8 -0.1035706E-03  0.0000000E+00  0.1000000E+01
         1   349      9 -0.1165623E-03  0.0000000E+00  0.1000000E+01
         1   349     10 -0.3056877E-02  0.0000000E+00  0.9999953E+00

         1   350      0  0.0000000E+00  0.0000000E+00  0.0000000E+00
         1   350      1  0.5645507E-06  0.0000000E+00  0.1000000E+01
         1   350      2 -0.2550403E-04  0.0000000E+00  0.1000000E+01
         1   350      3 -0.3852940E-04  0.0000000E+00  0.1000000E+01
         1   350      4 -0.5154895E-04  0.0000000E+00  0.1000000E+01
         1   350      5 -0.6456276E-04  0.0000000E+00  0.1000000E+01
         1   350      6 -0.7757091E-04  0.0000000E+00  0.1000000E+01
         1   350      7 -0.9057350E-04  0.0000000E+00  0.1000000E+01
         1   350      8 -0.1035706E-03  0.0000000E+00  0.1000000E+01
         1   350      9 -0.1165623E-03  0.0000000E+00  0.1000000E+01
         1   350     10 -0.3056877E-02  0.0000000E+00  0.9999953E+00

         1   351      0  0.0000000E+00  0.0000000E+00  0.0000000E+00
         1   351      1  0.5645507E-06  0.0000000E+00  0.1000000E+01
         1   351      2  0.1896753E-04  0.0000000E+00  0.1000000E+01
         1   351      3  0.2817711E-04  0.0000000E+00  0.1000000E+01
         1   351      4  0.3739196E-04  0.0000000E+00  0.1000000E+01
         1   351      5  0.4661199E-04  0.0000000E+00  0.1000000E+01
         1   351      6  0.5583712E-04  0.0000000E+00  0.1000000E+01
         1   351      7  0.6506726E-04  0.0000000E+00  0.1000000E+01
         1   351      8  0.7430232E-04  0.0000000E+00  0.1000000E+01
         1   351      9  0.8354222E-04  0.0000000E+00  0.1000000E+01
         1   351     10 -0.2974073E-02  0.0000000E+00  0.9999956E+00

         1   352      0  0.0000000E+00  0.0000000E+00  0.0000000E+00
         1   352      1  0.5645507E-06  0.0000000E+00  0.1000000E+01
         1   352      2  0.6388753E-04  0.0000000E+00  0.1000000E+01
         1   352      3  0.9555618E-04  0.0000000E+00  0.1000000E+01
         1   352      4  0.1272295E-03  0.0000000E+00  0.1000000E+01
         1   352      5  0.1589073E-03  0.0000000E+00  0.1000000E+01
         1   352      6  0.1905896E-03  0.0000000E+00  0.1000000E+01
         1   352      7  0.2222762E-03  0.0000000E+00  0.1000000E+01
         1   352      8  0.2539672E-03  0.0000000E+00  0.1000000E+01
         1   352      9  0.2856623E-03  0.0000000E+00  0.1000000E+01
         1   352     10 -0.2882207E-02  0.0000000E+00  0.9999958E+00

         1   353      0  0.0000000E+00  0.0000000E+00  0.0000000E+00
         1   353      1  0.5645507E-06  0.0000000E+00  0.1000000E+01
         1   353      2  0.6388753E-04  0.0000000E+00  0.1000000E+01
         1   353      3  0.9555618E-04  0.0000000E+00  0.1000000E+01
         1   353      4  0.1272295E-03  0.0000000E+00  0.1000000E+01
         1   353      5  0.1589073E-03  0.0000000E+00  0.1000000E+01
         1   353      6  0.1905896E-03  0.0000000E+00  0.1000000E+01
         1   353      7  0.2222762E-03  0.0000000E+00  0.1000000E+01
         1   353      8  0.2539672E-03  0.0000000E+00  0.1000000E+01
         1   353      9  0.2856623E-03  0.0000000E+00  0.1000000E+01
         1   353     10 -0.2882207E-02  0.0000000E+00  0.9999958E+00

         1   354      0  0.0000000E+00  0.0000000E+00  0.0000000E+00
         1   354      1  0.5645507E-06  0.0000000E+00  0.1000000E+01
         1   354      2  0.6388753E-04  0.0000000E+00  0.1000000E+01
         1   354      3  0.9555618E-04  0.0000000E+00  0.1000000E+01
         1   354      4  0.1272295E-03  0.0000000E+00  0.1000000E+01
         1   354      5  0.1589073E-03  0.0000000E+00  0.1000000E+01
         1   354      6  0.1905896E-03  0.0000000E+00  0.1000000E+01
         1   354      7  0.2222762E-03  0.0000000E+00  0.1000000E+01
         1   354      8  0.2539672E-03  0.0000000E+00  0.1000000E+01
         1   354      9  0.2856623E-03  0.0000000E+00  0.1000000E+01
         1   354     10 -0.2882207E-02  0.0000000E+00  0.9999958E+00

         1   355      0  0.0000000E+00  0.0000000E+00  0.0000000E+00
         1   355      1  0.5645507E-06  0.0000000E+00  0.1000000E+01
         1   355      2  0.6388753E-04  0.0000000E+00  0.1000000E+01
         1   355      3  0.9555618E-04  0.0000000E+00  0.1000000E+01
         1   355      4  0.1272295E-03  0.0000000E+00  0.1000000E+01
         1   355      5  0.1589073E-03  0.0000000E+00  0.1000000E+01
         1   355      6  0.1905896E-03  0.0000000E+00  0.1000000E+01
         1   355      7  0.2222762E-03  0.0000000E+00  0.1000000E+01
         1   355      8  0.2539672E-03  0.0000000E+00  0.1000000E+01
         1   355      9  0.2856623E-03  0.0000000E+00  0.1000000E+01
         1   355     10 -0.2882207E-02  0.0000000E+00  0.9999958E+00

         1   356      0  0.0000000E+00  0.0000000E+00  0.0000000E+00
         1   356      1  0.5821929E-06  0.0000000E+00  0.1000000E+01
         1   356      2  0.6380036E-04  0.0000000E+00  0.1000000E+01
         1   356      3  0.9541660E-04  0.0000000E+00  0.1000000E+01
         1   356      4  0.1270375E-03  0.0000000E+00  0.1000000E+01
         1   356      5  0.1586629E-03  0.0000000E+00  0.1000000E+01
         1   356      6  0.1902928E-03  0.0000000E+00  0.1000000E+01
         1   356      7  0.2219271E-03  0.0000000E+00  0.1000000E+01
         1   356      8  0.2535656E-03  0.0000000E+00  0.1000000E+01
         1   356      9  0.2852084E-03  0.0000000E+00  0.1000000E+01
         1   356     10 -0.2879754E-02  0.0000000E+00  0.9999959E+00

         1   357      0  0.0000000E+00  0.0000000E+00  0.0000000E+00
         1   357      1  0.5821929E-06  0.0000000E+00  0.1000000E+01
         1   357      2  0.6380036E-04  0.0000000E+00  0.1000000E+01
         1   357      3  0.9541660E-04  0.0000000E+00  0.1000000E+01
         1   357      4  0.1270375E-03  0.0000000E+00  0.1000000E+01
         1   357      5  0.1586629E-03  0.0000000E+00  0.1000000E+01
         1   357      6  0.1902928E-03  0.0000000E+00  0.1000000E+01
         1   357      7  0.2219271E-03  0.0000000E+00  0.1000000E+01
         1   357      8  0.2535656E-03  0.0000000E+00  0.1000000E+01
         1   357      9  0.2852084E-03  0.0000000E+00  0.1000000E+01
         1   357     10 -0.2879754E-02  0.0000000E+00  0.9999959E+00

         1   358      0  0.0000000E+00  0.0000000E+00  0.0000000E+00
         1   358      1  0.5821929E-06  0.0000000E+00  0.1000000E+01
         1   358      2  0.6380036E-04  0.0000000E+00  0.1000000E+01
         1   358      3  0.9541660E-04  0.0000000E+00  0.1000000E+01
         1   358      4  0.1270375E-03  0.0000000E+00  0.1000000E+01
         1   358      5  0.1586629E-03  0.0000000E+00  0.1000000E+01
         1   358      6  0.1902928E-03  0.0000000E+00  0.1000000E+01
         1   358      7  0.2219271E-03  0.0000000E+00  0.1000000E+01
         1   358      8  0.2535656E-03  0.0000000E+00  0.1000000E+01
         1   358      9  0.2852084E-03  0.0000000E+00  0.1000000E+01
         1   358     10 -0.2879754E-02  0.0000000E+00  0.9999959E+00

         1   359      0  0.0000000E+00  0.0000000E+00  0.0000000E+00
         1   359      1  0.5821929E-06  0.0000000E+00  0.1000000E+01
         1   359      2  0.6380036E-04  0.0000000E+00  0.1000000E+01
         1   359      3  0.9541660E-04  0.0000000E+00  0.1000000E+01
         1   359      4  0.1270375E-03  0.0000000E+00  0.1000000E+01
         1   359      5  0.1586629E-03  0.0000000E+00  0.1000000E+01
         1   359      6  0.1902928E-03  0.0000000E+00  0.1000000E+01
         1   359      7  0.2219271E-03  0.0000000E+00  0.1000000E+01
         1   359      8  0.2535656E-03  0.0000000E+00  0.1000000E+01
         1   359      9  0.2852084E-03  0.0000000E+00  0.1000000E+01
         1   359     10 -0.2879754E-02  0.0000000E+00  0.9999959E+00

         1   360      0  0.0000000E+00  0.0000000E+00  0.0000000E+00
         1   360      1  0.5821929E-06  0.0000000E+00  0.1000000E+01
         1   360      2 -0.1347922E-04  0.0000000E+00  0.1000000E+01
         1   360      3 -0.2050035E-04  0.0000000E+00  0.1000000E+01
         1   360      4 -0.2751514E-04  0.0000000E+00  0.1000000E+01
         1   360      5 -0.3452364E-04  0.0000000E+00  0.1000000E+01
         1   360      6 -0.4152588E-04  0.0000000E+00  0.1000000E+01
         1   360      7 -0.4852191E-04  0.0000000E+00  0.1000000E+01
         1   360      8 -0.5551175E-04  0.0000000E+00  0.1000000E+01
         1   360      9 -0.6249545E-04  0.0000000E+00  0.1000000E+01
         1   360     10 -0.3181407E-02  0.0000000E+00  0.9999949E+00

         1   361      0  0.0000000E+00  0.0000000E+00  0.0000000E+00
         1   361      1  0.5821929E-06  0.0000000E+00  0.1000000E+01
         1   361      2 -0.8976716E-04  0.0000000E+00  0.1000000E+01
         1   361      3 -0.1349298E-03  0.0000000E+00  0.1000000E+01
         1   361      4 -0.1800843E-03  0.0000000E+00  0.1000000E+01
         1   361      5 -0.2252308E-03  0.0000000E+00  0.1000000E+01
         1   361      6 -0.2703691E-03  0.0000000E+00  0.1000000E+01
         1   361      7 -0.3154994E-03  0.0000000E+00  0.1000000E+01
         1   361      8 -0.3606215E-03  0.0000000E+00  0.9999999E+00
         1   361      9 -0.4057354E-03  0.0000000E+00  0.9999999E+00
         1   361     10 -0.3488560E-02  0.0000000E+00  0.9999939E+00

         1   362      0  0.0000000E+00  0.0000000E+00  0.0000000E+00
         1   362      1  0.5821929E-06  0.0000000E+00  0.1000000E+01
         1   362      2 -0.8976716E-04  0.0000000E+00  0.1000000E+01
         1   362      3 -0.1349298E-03  0.0000000E+00  0.1000000E+01
         1   362      4 -0.1800843E-03  0.0000000E+00  0.1000000E+01
         1   362      5 -0.2252308E-03  0.0000000E+00  0.1000000E+01
         1   362      6 -0.2703691E-03  0.0000000E+00  0.1000000E+01
         1   362      7 -0.3154994E-03  0.0000000E+00  0.1000000E+01
         1   362      8 -0.3606215E-03  0.0000000E+00  0.9999999E+00
         1   362      9 -0.4057354E-03  0.0000000E+00  0.9999999E+00
         1   362     10 -0.3488560E-02  0.0000000E+00  0.9999939E+00

         1   363      0  0.0000000E+00  0.0000000E+00  0.0000000E+00
         1   363      1  0.5821929E-06  0.0000000E+00  0.1000000E+01
         1   363      2 -0.8976716E-04  0.0000000E+00  0.1000000E+01
         1   363      3 -0.1349298E-03  0.0000000E+00  0.1000000E+01
         1   363      4 -0.1800843E-03  0.0000000E+00  0.1000000E+01
         1   363      5 -0.2252308E-03  0.0000000E+00  0.1000000E+01
         1   363      6 -0.2703691E-03  0.0000000E+00  0.1000000E+01
         1   363      7 -0.3154994E-03  0.0000000E+00  0.1000000E+01
         1   363      8 -0.3606215E-03  0.0000000E+00  0.9999999E+00
         1   363      9 -0.4057354E-03  0.0000000E+00  0.9999999E+00
         1   363     10 -0.3488560E-02  0.0000000E+00  0.9999939E+00

         1   364      0  0.0000000E+00  0.0000000E+00  0.0000000E+00
         1   364      1  0.5821929E-06  0.0000000E+00  0.1000000E+01
         1   364      2 -0.8976716E-04  0.0000000E+00  0.1000000E+01
         1   364      3 -0.1349298E-03  0.0000000E+00  0.1000000E+01
         1   364      4 -0.1800843E-03  0.0000000E+00  0.1000000E+01
         1   364      5 -0.2252308E-03  0.0000000E+00  0.1000000E+01
         1   364      6 -0.2703691E-03  0.0000000E+00  0.1000000E+01
         1   364      7 -0.3154994E-03  0.0000000E+00  0.1000000E+01
         1   364      8 -0.3606215E-03  0.0000000E+00  0.9999999E+00
         1   364      9 -0.4057354E-03  0.0000000E+00  0.9999999E+00
         1   364     10 -0.3488560E-02  0.0000000E+00  0.9999939E+00

         1   365      0  0.0000000E+00  0.0000000E+00  0.0000000E+00
         1   365      1  0.5998351E-06  0.0000000E+00  0.1000000E+01
         1   365      2 -0.8983193E-04  0.0000000E+00  0.1000000E+01
         1   365      3 -0.1350357E-03  0.0000000E+00  0.1000000E+01
         1   365      4 -0.1802315E-03  0.0000000E+00  0.1000000E+01
         1   365      5 -0.2254191E-03  0.0000000E+00  0.1000000E+01
         1   365      6 -0.2705987E-03  0.0000000E+00  0.1000000E+01
         1   365      7 -0.3157701E-03  0.0000000E+00  0.1000000E+01
         1   365      8 -0.3609334E-03  0.0000000E+00  0.9999999E+00
         1   365      9 -0.4060885E-03  0.0000000E+00  0.9999999E+00
         1   365     10 -0.3486231E-02  0.0000000E+00  0.9999939E+00

         1   366      0  0.0000000E+00  0.0000000E+00  0.0000000E+00
         1   366      1  0.5998351E-06  0.0000000E+00  0.1000000E+01
         1   366      2 -0.8983193E-04  0.0000000E+00  0.1000000E+01
         1   366      3 -0.1350357E-03  0.0000000E+00  0.1000000E+01
         1   366      4 -0.1802315E-03  0.0000000E+00  0.1000000E+01
         1   366      5 -0.2254191E-03  0.0000000E+00  0.1000000E+01
         1   366      6 -0.2705987E-03  0.0000000E+00  0.1000000E+01
         1   366      7 -0.3157701E-03  0.0000000E+00  0.1000000E+01
         1   366      8 -0.3609334E-03  0.0000000E+00  0.9999999E+00
         1   366      9 -0.4060885E-03  0.0000000E+00  0.9999999E+00
         1   366     10 -0.3486231E-02  0.0000000E+00  0.9999939E+00

         1   367      0  0.0000000E+00  0.0000000E+00  0.0000000E+00
         1   367      1  0.5998351E-06  0.0000000E+00  0.1000000E+01
         1   367      2 -0.8983193E-04  0.0000000E+00  0.1000000E+01
         1   367      3 -0.1350357E-03  0.0000000E+00  0.1000000E+01
         1   367      4 -0.1802315E-03  0.0000000E+00  0.1000000E+01
         1   367      5 -0.2254191E-03  0.0000000E+00  0.1000000E+01
         1   367      6 -0.2705987E-03  0.0000000E+00  0.1000000E+01
         1   367      7 -0.3157701E-03  0.0000000E+00  0.1000000E+01
         1   367      8 -0.3609334E-03  0.0000000E+00  0.9999999E+00
         1   367      9 -0.4060885E-03  0.0000000E+00  0.9999999E+00
         1   367     10 -0.3486231E-02  0.0000000E+00  0.9999939E+00

         1   368      0  0.0000000E+00  0.0000000E+00  0.0000000E+00
         1   368      1  0.5998351E-06  0.0000000E+00  0.1000000E+01
         1   368      2 -0.8983193E-04  0.0000000E+00  0.1000000E+01
         1   368      3 -0.1350357E-03  0.0000000E+00  0.1000000E+01
         1   368      4 -0.1802315E-03  0.0000000E+00  0.1000000E+01
         1   368      5 -0.2254191E-03  0.0000000E+00  0.1000000E+01
         1   368      6 -0.2705987E-03  0.0000000E+00  0.1000000E+01
         1   368      7 -0.3157701E-03  0.0000000E+00  0.1000000E+01
         1   368      8 -0.3609334E-03  0.0000000E+00  0.9999999E+00
         1   368      9 -0.4060885E-03  0.0000000E+00  0.9999999E+00
         1   368     10 -0.3486231E-02  0.0000000E+00  0.9999939E+00

         1   369      0  0.0000000E+00  0.0000000E+00  0.0000000E+00
         1   369      1  0.5998351E-06  0.0000000E+00  0.1000000E+01
         1   369      2 -0.6883910E-04  0.0000000E+00  0.1000000E+01
         1   369      3 -0.1035495E-03  0.0000000E+00  0.1000000E+01
         1   369      4 -0.1382538E-03  0.0000000E+00  0.1000000E+01
         1   369      5 -0.1729522E-03  0.0000000E+00  0.1000000E+01
         1   369      6 -0.2076445E-03  0.0000000E+00  0.1000000E+01
         1   369      7 -0.2423310E-03  0.0000000E+00  0.1000000E+01
         1   369      8 -0.2770115E-03  0.0000000E+00  0.1000000E+01
         1   369      9 -0.3116861E-03  0.0000000E+00  0.1000000E+01
         1   369     10 -0.3261627E-02  0.0000000E+00  0.9999947E+00

         1   370      0  0.0000000E+00  0.0000000E+00  0.0000000E+00
         1   370      1  0.5998351E-06  0.0000000E+00  0.1000000E+01
         1   370      2 -0.5092871E-04  0.0000000E+00  0.1000000E+01
         1   370      3 -0.7668697E-04  0.0000000E+00  0.1000000E+01
         1   370      4 -0.1024413E-03  0.0000000E+00  0.1000000E+01
         1   370      5 -0.1281918E-03  0.0000000E+00  0.1000000E+01
         1   370      6 -0.1539386E-03  0.0000000E+00  0.1000000E+01
         1   370      7 -0.1796816E-03  0.0000000E+00  0.1000000E+01
         1   370      8 -0.2054211E-03  0.0000000E+00  0.1000000E+01
         1   370      9 -0.2311570E-03  0.0000000E+00  0.1000000E+01
         1   370     10 -0.3031478E-02  0.0000000E+00  0.9999954E+00

         1   371      0  0.0000000E+00  0.0000000E+00  0.0000000E+00
         1   371      1  0.5998351E-06  0.0000000E+00  0.1000000E+01
         1   371      2 -0.5092871E-04  0.0000000E+00  0.1000000E+01
         1   371      3 -0.7668697E-04  0.0000000E+00  0.1000000E+01
         1   371      4 -0.1024413E-03  0.0000000E+00  0.1000000E+01
         1   371      5 -0.1281918E-03  0.0000000E+00  0.1000000E+01
         1   371      6 -0.1539386E-03  0.0000000E+00  0.1000000E+01
         1   371      7 -0.1796816E-03  0.0000000E+00  0.1000000E+01
         1   371      8 -0.2054211E-03  0.0000000E+00  0.1000000E+01
         1   371      9 -0.2311570E-03  0.0000000E+00  0.1000000E+01
         1   371     10 -0.3031478E-02  0.0000000E+00  0.9999954E+00

         1   372      0  0.0000000E+00  0.0000000E+00  0.0000000E+00
         1   372      1  0.5998351E-06  0.0000000E+00  0.1000000E+01
         1   372      2 -0.5092871E-04  0.0000000E+00  0.1000000E+01
         1   372      3 -0.7668697E-04  0.0000000E+00  0.1000000E+01
         1   372      4 -0.1024413E-03  0.0000000E+00  0.1000000E+01
         1   372      5 -0.1281918E-03  0.0000000E+00  0.1000000E+01
         1   372      6 -0.1539386E-03  0.0000000E+00  0.1000000E+01
         1   372      7 -0.1796816E-03  0.0000000E+00  0.1000000E+01
         1   372      8 -0.2054211E-03  0.0000000E+00  0.1000000E+01
         1   372      9 -0.2311570E-03  0.0000000E+00  0.1000000E+01
         1   372     10 -0.3031478E-02  0.0000000E+00  0.9999954E+00

         1   373      0  0.0000000E+00  0.0000000E+00  0.0000000E+00
         1   373      1  0.5998351E-06  0.0000000E+00  0.1000000E+01
         1   373      2 -0.5092871E-04  0.0000000E+00  0.1000000E+01
         1   373      3 -0.7668697E-04  0.0000000E+00  0.1000000E+01
         1   373      4 -0.1024413E-03  0.0000000E+00  0.1000000E+01
         1   373      5 -0.1281918E-03  0.0000000E+00  0.1000000E+01
         1   373      6 -0.1539386E-03  0.0000000E+00  0.1000000E+01
         1   373      7 -0.1796816E-03  0.0000000E+00  0.1000000E+01
         1   373      8 -0.2054211E-03  0.0000000E+00  0.1000000E+01
         1   373      9 -0.2311570E-03  0.0000000E+00  0.1000000E+01
         1   373     10 -0.3031478E-02  0.0000000E+00  0.9999954E+00

         1   374      0  0.0000000E+00  0.0000000E+00  0.0000000E+00
         1   374      1  0.6174773E-06  0.0000000E+00  0.1000000E+01
         1   374      2 -0.5091491E-04  0.0000000E+00  0.1000000E+01
         1   374      3 -0.7667507E-04  0.0000000E+00  0.1000000E+01
         1   374      4 -0.1024313E-03  0.0000000E+00  0.1000000E+01
         1   374      5 -0.1281837E-03  0.0000000E+00  0.1000000E+01
         1   374      6 -0.1539324E-03  0.0000000E+00  0.1000000E+01
         1   374      7 -0.1796773E-03  0.0000000E+00  0.1000000E+01
         1   374      8 -0.2054187E-03  0.0000000E+00  0.1000000E+01
         1   374      9 -0.2311564E-03  0.0000000E+00  0.1000000E+01
         1   374     10 -0.3029290E-02  0.0000000E+00  0.9999954E+00

         1   375      0  0.0000000E+00  0.0000000E+00  0.0000000E+00
         1   375      1  0.6174773E-06  0.0000000E+00  0.1000000E+01
         1   375      2 -0.5091491E-04  0.0000000E+00  0.1000000E+01
         1   375      3 -0.7667507E-04  0.0000000E+00  0.1000000E+01
         1   375      4 -0.1024313E-03  0.0000000E+00  0.1000000E+01
         1   375      5 -0.1281837E-03  0.0000000E+00  0.1000000E+01
         1   375      6 -0.1539324E-03  0.0000000E+00  0.1000000E+01
         1   375      7 -0.1796773E-03  0.0000000E+00  0.1000000E+01
         1   375      8 -0.2054187E-03  0.0000000E+00  0.1000000E+01
         1   375      9 -0.2311564E-03  0.0000000E+00  0.1000000E+01
         1   375     10 -0.3029290E-02  0.0000000E+00  0.9999954E+00

         1   376      0  0.0000000E+00  0.0000000E+00  0.0000000E+00
         1   376      1  0.6174773E-06  0.0000000E+00  0.1000000E+01
         1   376      2 -0.5091491E-04  0.0000000E+00  0.1000000E+01
         1   376      3 -0.7667507E-04  0.0000000E+00  0.1000000E+01
         1   376      4 -0.1024313E-03  0.0000000E+00  0.1000000E+01
         1   376      5 -0.1281837E-03  0.0000000E+00  0.1000000E+01
         1   376      6 -0.1539324E-03  0.0000000E+00  0.1000000E+01
         1   376      7 -0.1796773E-03  0.0000000E+00  0.1000000E+01
         1   376      8 -0.2054187E-03  0.0000000E+00  0.1000000E+01
         1   376      9 -0.2311564E-03  0.0000000E+00  0.1000000E+01
         1   376     10 -0.3029290E-02  0.0000000E+00  0.9999954E+00

         1   377      0  0.0000000E+00  0.0000000E+00  0.0000000E+00
         1   377      1  0.6174773E-06  0.0000000E+00  0.1000000E+01
         1   377      2 -0.5091491E-04  0.0000000E+00  0.1000000E+01
         1   377      3 -0.7667507E-04  0.0000000E+00  0.1000000E+01
         1   377      4 -0.1024313E-03  0.0000000E+00  0.1000000E+01
         1   377      5 -0.1281837E-03  0.0000000E+00  0.1000000E+01
         1   377      6 -0.1539324E-03  0.0000000E+00  0.1000000E+01
         1   377      7 -0.1796773E-03  0.0000000E+00  0.1000000E+01
         1   377      8 -0.2054187E-03  0.0000000E+00  0.1000000E+01
         1   377      9 -0.2311564E-03  0.0000000E+00  0.1000000E+01
         1   377     10 -0.3029290E-02  0.0000000E+00  0.9999954E+00

         1   378      0  0.0000000E+00  0.0000000E+00  0.0000000E+00
         1   378      1  0.6174773E-06  0.0000000E+00  0.1000000E+01
         1   378      2 -0.3612470E-04  0.0000000E+00  0.1000000E+01
         1   378      3 -0.5448324E-04  0.0000000E+00  0.1000000E+01
         1   378      4 -0.7283340E-04  0.0000000E+00  0.1000000E+01
         1   378      5 -0.9117515E-04  0.0000000E+00  0.1000000E+01
         1   378      6 -0.1095085E-03  0.0000000E+00  0.1000000E+01
         1   378      7 -0.1278334E-03  0.0000000E+00  0.1000000E+01
         1   378      8 -0.1461499E-03  0.0000000E+00  0.1000000E+01
         1   378      9 -0.1644579E-03  0.0000000E+00  0.1000000E+01
         1   378     10 -0.3500336E-02  0.0000000E+00  0.9999939E+00

         1   379      0  0.0000000E+00  0.0000000E+00  0.0000000E+00
         1   379      1  0.6174773E-06  0.0000000E+00  0.1000000E+01
         1   379      2 -0.1928725E-04  0.0000000E+00  0.1000000E+01
         1   379      3 -0.2922057E-04  0.0000000E+00  0.1000000E+01
         1   379      4 -0.3914104E-04  0.0000000E+00  0.1000000E+01
         1   379      5 -0.4904857E-04  0.0000000E+00  0.1000000E+01
         1   379      6 -0.5894304E-04  0.0000000E+00  0.1000000E+01
         1   379      7 -0.6882436E-04  0.0000000E+00  0.1000000E+01
         1   379      8 -0.7869242E-04  0.0000000E+00  0.1000000E+01
         1   379      9 -0.8854712E-04  0.0000000E+00  0.1000000E+01
         1   379     10 -0.3971352E-02  0.0000000E+00  0.9999921E+00

         1   380      0  0.0000000E+00  0.0000000E+00  0.0000000E+00
         1   380      1  0.6174773E-06  0.0000000E+00  0.1000000E+01
         1   380      2 -0.1928725E-04  0.0000000E+00  0.1000000E+01
         1   380      3 -0.2922057E-04  0.0000000E+00  0.1000000E+01
         1   380      4 -0.3914104E-04  0.0000000E+00  0.1000000E+01
         1   380      5 -0.4904857E-04  0.0000000E+00  0.1000000E+01
         1   380      6 -0.5894304E-04  0.0000000E+00  0.1000000E+01
         1   380      7 -0.6882436E-04  0.0000000E+00  0.1000000E+01
         1   380      8 -0.7869242E-04  0.0000000E+00  0.1000000E+01
         1   380      9 -0.8854712E-04  0.0000000E+00  0.1000000E+01
         1   380     10 -0.3971352E-02  0.0000000E+00  0.9999921E+00

         1   381      0  0.0000000E+00  0.0000000E+00  0.0000000E+00
         1   381      1  0.6174773E-06  0.0000000E+00  0.1000000E+01
         1   381      2 -0.1928725E-04  0.0000000E+00  0.1000000E+01
         1   381      3 -0.2922057E-04  0.0000000E+00  0.1000000E+01
         1   381      4 -0.3914104E-04  0.0000000E+00  0.1000000E+01
         1   381      5 -0.4904857E-04  0.0000000E+00  0.1000000E+01
         1   381      6 -0.5894304E-04  0.0000000E+00  0.1000000E+01
         1   381      7 -0.6882436E-04  0.0000000E+00  0.1000000E+01
         1   381      8 -0.7869242E-04  0.0000000E+00  0.1000000E+01
         1   381      9 -0.8854712E-04  0.0000000E+00  0.1000000E+01
         1   381     10 -0.3971352E-02  0.0000000E+00  0.9999921E+00

         1   382      0  0.0000000E+00  0.0000000E+00  0.0000000E+00
         1   382      1  0.6174773E-06  0.0000000E+00  0.1000000E+01
         1   382      2 -0.1928725E-04  0.0000000E+00  0.1000000E+01
         1   382      3 -0.2922057E-04  0.0000000E+00  0.1000000E+01
         1   382      4 -0.3914104E-04  0.0000000E+00  0.1000000E+01
         1   382      5 -0.4904857E-04  0.0000000E+00  0.1000000E+01
         1   382      6 -0.5894304E-04  0.0000000E+00  0.1000000E+01
         1   382      7 -0.6882436E-04  0.0000000E+00  0.1000000E+01
         1   382      8 -0.7869242E-04  0.0000000E+00  0.1000000E+01
         1   382      9 -0.8854712E-04  0.0000000E+00  0.1000000E+01
         1   382     10 -0.3971352E-02  0.0000000E+00  0.9999921E+00

         1   383      0  0.0000000E+00  0.0000000E+00  0.0000000E+00
         1   383      1  0.6351195E-06  0.0000000E+00  0.1000000E+01
         1   383      2 -0.1922721E-04  0.0000000E+00  0.1000000E+01
         1   383      3 -0.2913932E-04  0.0000000E+00  0.1000000E+01
         1   383      4 -0.3903857E-04  0.0000000E+00  0.1000000E+01
         1   383      5 -0.4892488E-04  0.0000000E+00  0.1000000E+01
         1   383      6 -0.5879813E-04  0.0000000E+00  0.1000000E+01
         1   383      7 -0.6865822E-04  0.0000000E+00  0.1000000E+01
         1   383      8 -0.7850505E-04  0.0000000E+00  0.1000000E+01
         1   383      9 -0.8833850E-04  0.0000000E+00  0.1000000E+01
         1   383     10 -0.3969164E-02  0.0000000E+00  0.9999921E+00

         1   384      0  0.0000000E+00  0.0000000E+00  0.0000000E+00
         1   384      1  0.6351195E-06  0.0000000E+00  0.1000000E+01
         1   384      2 -0.1922721E-04  0.0000000E+00  0.1000000E+01
         1   384      3 -0.2913932E-04  0.0000000E+00  0.1000000E+01
         1   384      4 -0.3903857E-04  0.0000000E+00  0.1000000E+01
         1   384      5 -0.4892488E-04  0.0000000E+00  0.1000000E+01
         1   384      6 -0.5879813E-04  0.0000000E+00  0.1000000E+01
         1   384      7 -0.6865822E-04  0.0000000E+00  0.1000000E+01
         1   384      8 -0.7850505E-04  0.0000000E+00  0.1000000E+01
         1   384      9 -0.8833850E-04  0.0000000E+00  0.1000000E+01
         1   384     10 -0.3969164E-02  0.0000000E+00  0.9999921E+00

         1   385      0  0.0000000E+00  0.0000000E+00  0.0000000E+00
         1   385      1  0.6351195E-06  0.0000000E+00  0.1000000E+01
         1   385      2 -0.1922721E-04  0.0000000E+00  0.1000000E+01
         1   385      3 -0.2913932E-04  0.0000000E+00  0.1000000E+01
         1   385      4 -0.3903857E-04  0.0000000E+00  0.1000000E+01
         1   385      5 -0.4892488E-04  0.0000000E+00  0.1000000E+01
         1   385      6 -0.5879813E-04  0.0000000E+00  0.1000000E+01
         1   385      7 -0.6865822E-04  0.0000000E+00  0.1000000E+01
         1   385      8 -0.7850505E-04  0.0000000E+00  0.1000000E+01
         1   385      9 -0.8833850E-04  0.0000000E+00  0.1000000E+01
         1   385     10 -0.3969164E-02  0.0000000E+00  0.9999921E+00

         1   386      0  0.0000000E+00  0.0000000E+00  0.0000000E+00
         1   386      1  0.6351195E-06  0.0000000E+00  0.1000000E+01
         1   386      2 -0.1922721E-04  0.0000000E+00  0.1000000E+01
         1   386      3 -0.2913932E-04  0.0000000E+00  0.1000000E+01
         1   386      4 -0.3903857E-04  0.0000000E+00  0.1000000E+01
         1   386      5 -0.4892488E-04  0.0000000E+00  0.1000000E+01
         1   386      6 -0.5879813E-04  0.0000000E+00  0.1000000E+01
         1   386      7 -0.6865822E-04  0.0000000E+00  0.1000000E+01
         1   386      8 -0.7850505E-04  0.0000000E+00  0.1000000E+01
         1   386      9 -0.8833850E-04  0.0000000E+00  0.1000000E+01
         1   386     10 -0.3969164E-02  0.0000000E+00  0.9999921E+00

         1   387      0  0.0000000E+00  0.0000000E+00  0.0000000E+00
         1   387      1  0.6351195E-06  0.0000000E+00  0.1000000E+01
         1   387      2 -0.5071296E-04  0.0000000E+00  0.1000000E+01
         1   387      3 -0.7637040E-04  0.0000000E+00  0.1000000E+01
         1   387      4 -0.1020167E-03  0.0000000E+00  0.1000000E+01
         1   387      5 -0.1276517E-03  0.0000000E+00  0.1000000E+01
         1   387      6 -0.1532754E-03  0.0000000E+00  0.1000000E+01
         1   387      7 -0.1788878E-03  0.0000000E+00  0.1000000E+01
         1   387      8 -0.2044886E-03  0.0000000E+00  0.1000000E+01
         1   387      9 -0.2300779E-03  0.0000000E+00  0.1000000E+01
         1   387     10 -0.3739706E-02  0.0000000E+00  0.9999930E+00

         1   388      0  0.0000000E+00  0.0000000E+00  0.0000000E+00
         1   388      1  0.6351195E-06  0.0000000E+00  0.1000000E+01
         1   388      2 -0.8455400E-04  0.0000000E+00  0.1000000E+01
         1   388      3 -0.1271343E-03  0.0000000E+00  0.1000000E+01
         1   388      4 -0.1697049E-03  0.0000000E+00  0.1000000E+01
         1   388      5 -0.2122659E-03  0.0000000E+00  0.1000000E+01
         1   388      6 -0.2548172E-03  0.0000000E+00  0.1000000E+01
         1   388      7 -0.2973587E-03  0.0000000E+00  0.1000000E+01
         1   388      8 -0.3398905E-03  0.0000000E+00  0.9999999E+00
         1   388      9 -0.3824124E-03  0.0000000E+00  0.9999999E+00
         1   388     10 -0.3515869E-02  0.0000000E+00  0.9999938E+00

         1   389      0  0.0000000E+00  0.0000000E+00  0.0000000E+00
         1   389      1  0.6351195E-06  0.0000000E+00  0.1000000E+01
         1   389      2 -0.8455400E-04  0.0000000E+00  0.1000000E+01
         1   389      3 -0.1271343E-03  0.0000000E+00  0.1000000E+01
         1   389      4 -0.1697049E-03  0.0000000E+00  0.1000000E+01
         1   389      5 -0.2122659E-03  0.0000000E+00  0.1000000E+01
         1   389      6 -0.2548172E-03  0.0000000E+00  0.1000000E+01
         1   389      7 -0.2973587E-03  0.0000000E+00  0.1000000E+01
         1   389      8 -0.3398905E-03  0.0000000E+00  0.9999999E+00
         1   389      9 -0.3824124E-03  0.0000000E+00  0.9999999E+00
         1   389     10 -0.3515869E-02  0.0000000E+00  0.9999938E+00

         1   390      0  0.0000000E+00  0.0000000E+00  0.0000000E+00
         1   390      1  0.6351195E-06  0.0000000E+00  0.1000000E+01
         1   390      2 -0.8455400E-04  0.0000000E+00  0.1000000E+01
         1   390      3 -0.1271343E-03  0.0000000E+00  0.1000000E+01
         1   390      4 -0.1697049E-03  0.0000000E+00  0.1000000E+01
         1   390      5 -0.2122659E-03  0.0000000E+00  0.1000000E+01
         1   390      6 -0.2548172E-03  0.0000000E+00  0.1000000E+01
         1   390      7 -0.2973587E-03  0.0000000E+00  0.1000000E+01
         1   390      8 -0.3398905E-03  0.0000000E+00  0.9999999E+00
         1   390      9 -0.3824124E-03  0.0000000E+00  0.9999999E+00
         1   390     10 -0.3515869E-02  0.0000000E+00  0.9999938E+00

         1   391      0  0.0000000E+00  0.0000000E+00  0.0000000E+00
         1   391      1  0.6351195E-06  0.0000000E+00  0.1000000E+01
         1   391      2 -0.8455400E-04  0.0000000E+00  0.1000000E+01
         1   391      3 -0.1271343E-03  0.0000000E+00  0.1000000E+01
         1   391      4 -0.1697049E-03  0.0000000E+00  0.1000000E+01
         1   391      5 -0.2122659E-03  0.0000000E+00  0.1000000E+01
         1   391      6 -0.2548172E-03  0.0000000E+00  0.1000000E+01
         1   391      7 -0.2973587E-03  0.0000000E+00  0.1000000E+01
         1   391      8 -0.3398905E-03  0.0000000E+00  0.9999999E+00
         1   391      9 -0.3824124E-03  0.0000000E+00  0.9999999E+00
         1   391     10 -0.3515869E-02  0.0000000E+00  0.9999938E+00

         1   392      0  0.0000000E+00  0.0000000E+00  0.0000000E+00
         1   392      1  0.6527617E-06  0.0000000E+00  0.1000000E+01
         1   392      2 -0.8443392E-04  0.0000000E+00  0.1000000E+01
         1   392      3 -0.1269629E-03  0.0000000E+00  0.1000000E+01
         1   392      4 -0.1694824E-03  0.0000000E+00  0.1000000E+01
         1   392      5 -0.2119921E-03  0.0000000E+00  0.1000000E+01
         1   392      6 -0.2544922E-03  0.0000000E+00  0.1000000E+01
         1   392      7 -0.2969825E-03  0.0000000E+00  0.1000000E+01
         1   392      8 -0.3394630E-03  0.0000000E+00  0.9999999E+00
         1   392      9 -0.3819336E-03  0.0000000E+00  0.9999999E+00
         1   392     10 -0.3513537E-02  0.0000000E+00  0.9999938E+00

         1   393      0  0.0000000E+00  0.0000000E+00  0.0000000E+00
         1   393      1  0.6527617E-06  0.0000000E+00  0.1000000E+01
         1   393      2 -0.8443392E-04  0.0000000E+00  0.1000000E+01
         1   393      3 -0.1269629E-03  0.0000000E+00  0.1000000E+01
         1   393      4 -0.1694824E-03  0.0000000E+00  0.1000000E+01
         1   393      5 -0.2119921E-03  0.0000000E+00  0.1000000E+01
         1   393      6 -0.2544922E-03  0.0000000E+00  0.1000000E+01
         1   393      7 -0.2969825E-03  0.0000000E+00  0.1000000E+01
         1   393      8 -0.3394630E-03  0.0000000E+00  0.9999999E+00
         1   393      9 -0.3819336E-03  0.0000000E+00  0.9999999E+00
         1   393     10 -0.3513537E-02  0.0000000E+00  0.9999938E+00

         1   394      0  0.0000000E+00  0.0000000E+00  0.0000000E+00
         1   394      1  0.6527617E-06  0.0000000E+00  0.1000000E+01
         1   394      2 -0.8443392E-04  0.0000000E+00  0.1000000E+01
         1   394      3 -0.1269629E-03  0.0000000E+00  0.1000000E+01
         1   394      4 -0.1694824E-03  0.0000000E+00  0.1000000E+01
         1   394      5 -0.2119921E-03  0.0000000E+00  0.1000000E+01
         1   394      6 -0.2544922E-03  0.0000000E+00  0.1000000E+01
         1   394      7 -0.2969825E-03  0.0000000E+00  0.1000000E+01
         1   394      8 -0.3394630E-03  0.0000000E+00  0.9999999E+00
         1   394      9 -0.3819336E-03  0.0000000E+00  0.9999999E+00
         1   394     10 -0.3513537E-02  0.0000000E+00  0.9999938E+00

         1   395      0  0.0000000E+00  0.0000000E+00  0.0000000E+00
         1   395      1  0.6527617E-06  0.0000000E+00  0.1000000E+01
         1   395      2 -0.8443392E-04  0.0000000E+00  0.1000000E+01
         1   395      3 -0.1269629E-03  0.0000000E+00  0.1000000E+01
         1   395      4 -0.1694824E-03  0.0000000E+00  0.1000000E+01
         1   395      5 -0.2119921E-03  0.0000000E+00  0.1000000E+01
         1   395      6 -0.2544922E-03  0.0000000E+00  0.1000000E+01
         1   395      7 -0.2969825E-03  0.0000000E+00  0.1000000E+01
         1   395      8 -0.3394630E-03  0.0000000E+00  0.9999999E+00
         1   395      9 -0.3819336E-03  0.0000000E+00  0.9999999E+00
         1   395     10 -0.3513537E-02  0.0000000E+00  0.9999938E+00

         1   396      0  0.0000000E+00  0.0000000E+00  0.0000000E+00
         1   396      1  0.6527617E-06  0.0000000E+00  0.1000000E+01
         1   396      2  0.1994255E-05  0.0000000E+00  0.1000000E+01
         1   396      3  0.2679629E-05  0.0000000E+00  0.1000000E+01
         1   396      4  0.3374822E-05  0.0000000E+00  0.1000000E+01
         1   396      5  0.4079880E-05  0.0000000E+00  0.1000000E+01
         1   396      6  0.4794855E-05  0.0000000E+00  0.1000000E+01
         1   396      7  0.5519795E-05  0.0000000E+00  0.1000000E+01
         1   396      8  0.6254749E-05  0.0000000E+00  0.1000000E+01
         1   396      9  0.6999766E-05  0.0000000E+00  0.1000000E+01
         1   396     10 -0.3818416E-02  0.0000000E+00  0.9999927E+00

         1   397      0  0.0000000E+00  0.0000000E+00  0.0000000E+00
         1   397      1  0.6527617E-06  0.0000000E+00  0.1000000E+01
         1   397      2  0.8869736E-04  0.0000000E+00  0.1000000E+01
         1   397      3  0.1327345E-03  0.0000000E+00  0.1000000E+01
         1   397      4  0.1767817E-03  0.0000000E+00  0.1000000E+01
         1   397      5  0.2208388E-03  0.0000000E+00  0.1000000E+01
         1   397      6  0.2649060E-03  0.0000000E+00  0.1000000E+01
         1   397      7  0.3089834E-03  0.0000000E+00  0.1000000E+01
         1   397      8  0.3530709E-03  0.0000000E+00  0.9999999E+00
         1   397      9  0.3971686E-03  0.0000000E+00  0.9999999E+00
         1   397     10 -0.4117775E-02  0.0000000E+00  0.9999915E+00

         1   398      0  0.0000000E+00  0.0000000E+00  0.0000000E+00
         1   398      1  0.6527617E-06  0.0000000E+00  0.1000000E+01
         1   398      2  0.8869736E-04  0.0000000E+00  0.1000000E+01
         1   398      3  0.1327345E-03  0.0000000E+00  0.1000000E+01
         1   398      4  0.1767817E-03  0.0000000E+00  0.1000000E+01
         1   398      5  0.2208388E-03  0.0000000E+00  0.1000000E+01
         1   398      6  0.2649060E-03  0.0000000E+00  0.1000000E+01
         1   398      7  0.3089834E-03  0.0000000E+00  0.1000000E+01
         1   398      8  0.3530709E-03  0.0000000E+00  0.9999999E+00
         1   398      9  0.3971686E-03  0.0000000E+00  0.9999999E+00
         1   398     10 -0.4117775E-02  0.0000000E+00  0.9999915E+00

         1   399      0  0.0000000E+00  0.0000000E+00  0.0000000E+00
         1   399      1  0.6527617E-06  0.0000000E+00  0.1000000E+01
         1   399      2  0.8869736E-04  0.0000000E+00  0.1000000E+01
         1   399      3  0.1327345E-03  0.0000000E+00  0.1000000E+01
         1   399      4  0.1767817E-03  0.0000000E+00  0.1000000E+01
         1   399      5  0.2208388E-03  0.0000000E+00  0.1000000E+01
         1   399      6  0.2649060E-03  0.0000000E+00  0.1000000E+01
         1   399      7  0.3089834E-03  0.0000000E+00  0.1000000E+01
         1   399      8  0.3530709E-03  0.0000000E+00  0.9999999E+00
         1   399      9  0.3971686E-03  0.0000000E+00  0.9999999E+00
         1   399     10 -0.4117775E-02  0.0000000E+00  0.9999915E+00

         1   400      0  0.0000000E+00  0.0000000E+00  0.0000000E+00
         1   400      1  0.6527617E-06  0.0000000E+00  0.1000000E+01
         1   400      2  0.8869736E-04  0.0000000E+00  0.1000000E+01
         1   400      3  0.1327345E-03  0.0000000E+00  0.1000000E+01
         1   400      4  0.1767817E-03  0.0000000E+00  0.1000000E+01
         1   400      5  0.2208388E-03  0.0000000E+00  0.1000000E+01
         1   400      6  0.2649060E-03  0.0000000E+00  0.1000000E+01
         1   400      7  0.3089834E-03  0.0000000E+00  0.1000000E+01
         1   400      8  0.3530709E-03  0.0000000E+00  0.9999999E+00
         1   400      9  0.3971686E-03  0.0000000E+00  0.9999999E+00
         1   400     10 -0.4117775E-02  0.0000000E+00  0.9999915E+00

         1   401      0  0.0000000E+00  0.0000000E+00  0.0000000E+00
         1   401      1  0.6704039E-06  0.0000000E+00  0.1000000E+01
         1   401      2  0.8882366E-04  0.0000000E+00  0.1000000E+01
         1   401      3  0.1329151E-03  0.0000000E+00  0.1000000E+01
         1   401      4  0.1770166E-03  0.0000000E+00  0.1000000E+01
         1   401      5  0.2211281E-03  0.0000000E+00  0.1000000E+01
         1   401      6  0.2652496E-03  0.0000000E+00  0.1000000E+01
         1   401      7  0.3093813E-03  0.0000000E+00  0.1000000E+01
         1   401      8  0.3535232E-03  0.0000000E+00  0.9999999E+00
         1   401      9  0.3976752E-03  0.0000000E+00  0.9999999E+00
         1   401     10 -0.4115319E-02  0.0000000E+00  0.9999915E+00

         1   402      0  0.0000000E+00  0.0000000E+00  0.0000000E+00
         1   402      1  0.6704039E-06  0.0000000E+00  0.1000000E+01
         1   402      2  0.8882366E-04  0.0000000E+00  0.1000000E+01
         1   402      3  0.1329151E-03  0.0000000E+00  0.1000000E+01
         1   402      4  0.1770166E-03  0.0000000E+00  0.1000000E+01
         1   402      5  0.2211281E-03  0.0000000E+00  0.1000000E+01
         1   402      6  0.2652496E-03  0.0000000E+00  0.1000000E+01
         1   402      7  0.3093813E-03  0.0000000E+00  0.1000000E+01
         1   402      8  0.3535232E-03  0.0000000E+00  0.9999999E+00
         1   402      9  0.3976752E-03  0.0000000E+00  0.9999999E+00
         1   402     10 -0.4115319E-02  0.0000000E+00  0.9999915E+00

         1   403      0  0.0000000E+00  0.0000000E+00  0.0000000E+00
         1   403      1  0.6704039E-06  0.0000000E+00  0.1000000E+01
         1   403      2  0.8882366E-04  0.0000000E+00  0.1000000E+01
         1   403      3  0.1329151E-03  0.0000000E+00  0.1000000E+01
         1   403      4  0.1770166E-03  0.0000000E+00  0.1000000E+01
         1   403      5  0.2211281E-03  0.0000000E+00  0.1000000E+01
         1   403      6  0.2652496E-03  0.0000000E+00  0.1000000E+01
         1   403      7  0.3093813E-03  0.0000000E+00  0.1000000E+01
         1   403      8  0.3535232E-03  0.0000000E+00  0.9999999E+00
         1   403      9  0.3976752E-03  0.0000000E+00  0.9999999E+00
         1   403     10 -0.4115319E-02  0.0000000E+00  0.9999915E+00

         1   404      0  0.0000000E+00  0.0000000E+00  0.0000000E+00
         1   404      1  0.6704039E-06  0.0000000E+00  0.1000000E+01
         1   404      2  0.8882366E-04  0.0000000E+00  0.1000000E+01
         1   404      3  0.1329151E-03  0.0000000E+00  0.1000000E+01
         1   404      4  0.1770166E-03  0.0000000E+00  0.1000000E+01
         1   404      5  0.2211281E-03  0.0000000E+00  0.1000000E+01
         1   404      6  0.2652496E-03  0.0000000E+00  0.1000000E+01
         1   404      7  0.3093813E-03  0.0000000E+00  0.1000000E+01
         1   404      8  0.3535232E-03  0.0000000E+00  0.9999999E+00
         1   404      9  0.3976752E-03  0.0000000E+00  0.9999999E+00
         1   404     10 -0.4115319E-02  0.0000000E+00  0.9999915E+00

         1   405      0  0.0000000E+00  0.0000000E+00  0.0000000E+00
         1   405      1  0.6704039E-06  0.0000000E+00  0.1000000E+01
         1   405      2  0.4834911E-04  0.0000000E+00  0.1000000E+01
         1   405      3  0.7220307E-04  0.0000000E+00  0.1000000E+01
         1   405      4  0.9606689E-04  0.0000000E+00  0.1000000E+01
         1   405      5  0.1199406E-03  0.0000000E+00  0.1000000E+01
         1   405      6  0.1438244E-03  0.0000000E+00  0.1000000E+01
         1   405      7  0.1677182E-03  0.0000000E+00  0.1000000E+01
         1   405      8  0.1916222E-03  0.0000000E+00  0.1000000E+01
         1   405      9  0.2155364E-03  0.0000000E+00  0.1000000E+01
         1   405     10 -0.4024649E-02  0.0000000E+00  0.9999919E+00

         1   406      0  0.0000000E+00  0.0000000E+00  0.0000000E+00
         1   406      1  0.6704039E-06  0.0000000E+00  0.1000000E+01
         1   406      2  0.9499613E-05  0.0000000E+00  0.1000000E+01
         1   406      3  0.1392862E-04  0.0000000E+00  0.1000000E+01
         1   406      4  0.1836739E-04  0.0000000E+00  0.1000000E+01
         1   406      5  0.2281603E-04  0.0000000E+00  0.1000000E+01
         1   406      6  0.2727466E-04  0.0000000E+00  0.1000000E+01
         1   406      7  0.3174338E-04  0.0000000E+00  0.1000000E+01
         1   406      8  0.3622232E-04  0.0000000E+00  0.1000000E+01
         1   406      9  0.4071159E-04  0.0000000E+00  0.1000000E+01
         1   406     10 -0.3943011E-02  0.0000000E+00  0.9999922E+00

         1   407      0  0.0000000E+00  0.0000000E+00  0.0000000E+00
         1   407      1  0.6704039E-06  0.0000000E+00  0.1000000E+01
         1   407      2  0.9499613E-05  0.0000000E+00  0.1000000E+01
         1   407      3  0.1392862E-04  0.0000000E+00  0.1000000E+01
         1   407      4  0.1836739E-04  0.0000000E+00  0.1000000E+01
         1   407      5  0.2281603E-04  0.0000000E+00  0.1000000E+01
         1   407      6  0.2727466E-04  0.0000000E+00  0.1000000E+01
         1   407      7  0.3174338E-04  0.0000000E+00  0.1000000E+01
         1   407      8  0.3622232E-04  0.0000000E+00  0.1000000E+01
         1   407      9  0.4071159E-04  0.0000000E+00  0.1000000E+01
         1   407     10 -0.3943011E-02  0.0000000E+00  0.9999922E+00

         1   408      0  0.0000000E+00  0.0000000E+00  0.0000000E+00
         1   408      1  0.6704039E-06  0.0000000E+00  0.1000000E+01
         1   408      2  0.9499613E-05  0.0000000E+00  0.1000000E+01
         1   408      3  0.1392862E-04  0.0000000E+00  0.1000000E+01
         1   408      4  0.1836739E-04  0.0000000E+00  0.1000000E+01
         1   408      5  0.2281603E-04  0.0000000E+00  0.1000000E+01
         1   408      6  0.2727466E-04  0.0000000E+00  0.1000000E+01
         1   408      7  0.3174338E-04  0.0000000E+00  0.1000000E+01
         1   408      8  0.3622232E-04  0.0000000E+00  0.1000000E+01
         1   408      9  0.4071159E-04  0.0000000E+00  0.1000000E+01
         1   408     10 -0.3943011E-02  0.0000000E+00  0.9999922E+00

         1   409      0  0.0000000E+00  0.0000000E+00  0.0000000E+00
         1   409      1  0.6704039E-06  0.0000000E+00  0.1000000E+01
         1   409      2  0.9499613E-05  0.0000000E+00  0.1000000E+01
         1   409      3  0.1392862E-04  0.0000000E+00  0.1000000E+01
         1   409      4  0.1836739E-04  0.0000000E+00  0.1000000E+01
         1   409      5  0.2281603E-04  0.0000000E+00  0.1000000E+01
         1   409      6  0.2727466E-04  0.0000000E+00  0.1000000E+01
         1   409      7  0.3174338E-04  0.0000000E+00  0.1000000E+01
         1   409      8  0.3622232E-04  0.0000000E+00  0.1000000E+01
         1   409      9  0.4071159E-04  0.0000000E+00  0.1000000E+01
         1   409     10 -0.3943011E-02  0.0000000E+00  0.9999922E+00

         1   410      0  0.0000000E+00  0.0000000E+00  0.0000000E+00
         1   410      1  0.6880461E-06  0.0000000E+00  0.1000000E+01
         1   410      2  0.9584481E-05  0.0000000E+00  0.1000000E+01
         1   410      3  0.1404711E-04  0.0000000E+00  0.1000000E+01
         1   410      4  0.1851949E-04  0.0000000E+00  0.1000000E+01
         1   410      5  0.2300174E-04  0.0000000E+00  0.1000000E+01
         1   410      6  0.2749398E-04  0.0000000E+00  0.1000000E+01
         1   410      7  0.3199632E-04  0.0000000E+00  0.1000000E+01
         1   410      8  0.3650888E-04  0.0000000E+00  0.1000000E+01
         1   410      9  0.4103176E-04  0.0000000E+00  0.1000000E+01
         1   410     10 -0.3940325E-02  0.0000000E+00  0.9999922E+00

         1   411      0  0.0000000E+00  0.0000000E+00  0.0000000E+00
         1   411      1  0.6880461E-06  0.0000000E+00  0.1000000E+01
         1   411      2  0.9584481E-05  0.0000000E+00  0.1000000E+01
         1   411      3  0.1404711E-04  0.0000000E+00  0.1000000E+01
         1   411      4  0.1851949E-04  0.0000000E+00  0.1000000E+01
         1   411      5  0.2300174E-04  0.0000000E+00  0.1000000E+01
         1   411      6  0.2749398E-04  0.0000000E+00  0.1000000E+01
         1   411      7  0.3199632E-04  0.0000000E+00  0.1000000E+01
         1   411      8  0.3650888E-04  0.0000000E+00  0.1000000E+01
         1   411      9  0.4103176E-04  0.0000000E+00  0.1000000E+01
         1   411     10 -0.3940325E-02  0.0000000E+00  0.9999922E+00

         1   412      0  0.0000000E+00  0.0000000E+00  0.0000000E+00
         1   412      1  0.6880461E-06  0.0000000E+00  0.1000000E+01
         1   412      2  0.9584481E-05  0.0000000E+00  0.1000000E+01
         1   412      3  0.1404711E-04  0.0000000E+00  0.1000000E+01
         1   412      4  0.1851949E-04  0.0000000E+00  0.1000000E+01
         1   412      5  0.2300174E-04  0.0000000E+00  0.1000000E+01
         1   412      6  0.2749398E-04  0.0000000E+00  0.1000000E+01
         1   412      7  0.3199632E-04  0.0000000E+00  0.1000000E+01
         1   412      8  0.3650888E-04  0.0000000E+00  0.1000000E+01
         1   412      9  0.4103176E-04  0.0000000E+00  0.1000000E+01
         1   412     10 -0.3940325E-02  0.0000000E+00  0.9999922E+00

         1   413      0  0.0000000E+00  0.0000000E+00  0.0000000E+00
         1   413      1  0.6880461E-06  0.0000000E+00  0.1000000E+01
         1   413      2  0.9584481E-05  0.0000000E+00  0.1000000E+01
         1   413      3  0.1404711E-04  0.0000000E+00  0.1000000E+01
         1   413      4  0.1851949E-04  0.0000000E+00  0.1000000E+01
         1   413      5  0.2300174E-04  0.0000000E+00  0.1000000E+01
         1   413      6  0.2749398E-04  0.0000000E+00  0.1000000E+01
         1   413      7  0.3199632E-04  0.0000000E+00  0.1000000E+01
         1   413      8  0.3650888E-04  0.0000000E+00  0.1000000E+01
         1   413      9  0.4103176E-04  0.0000000E+00  0.1000000E+01
         1   413     10 -0.3940325E-02  0.0000000E+00  0.9999922E+00

         1   414      0  0.0000000E+00  0.0000000E+00  0.0000000E+00
         1   414      1  0.6880461E-06  0.0000000E+00  0.1000000E+01
         1   414      2  0.4827328E-04  0.0000000E+00  0.1000000E+01
         1   414      3  0.7208001E-04  0.0000000E+00  0.1000000E+01
         1   414      4  0.9589616E-04  0.0000000E+00  0.1000000E+01
         1   414      5  0.1197217E-03  0.0000000E+00  0.1000000E+01
         1   414      6  0.1435568E-03  0.0000000E+00  0.1000000E+01
         1   414      7  0.1674013E-03  0.0000000E+00  0.1000000E+01
         1   414      8  0.1912552E-03  0.0000000E+00  0.1000000E+01
         1   414      9  0.2151186E-03  0.0000000E+00  0.1000000E+01
         1   414     10 -0.3972775E-02  0.0000000E+00  0.9999921E+00

         1   415      0  0.0000000E+00  0.0000000E+00  0.0000000E+00
         1   415      1  0.6880461E-06  0.0000000E+00  0.1000000E+01
         1   415      2  0.8508493E-04  0.0000000E+00  0.1000000E+01
         1   415      3  0.1272972E-03  0.0000000E+00  0.1000000E+01
         1   415      4  0.1695185E-03  0.0000000E+00  0.1000000E+01
         1   415      5  0.2117487E-03  0.0000000E+00  0.1000000E+01
         1   415      6  0.2539879E-03  0.0000000E+00  0.1000000E+01
         1   415      7  0.2962358E-03  0.0000000E+00  0.1000000E+01
         1   415      8  0.3384924E-03  0.0000000E+00  0.9999999E+00
         1   415      9  0.3807576E-03  0.0000000E+00  0.9999999E+00
         1   415     10 -0.4001830E-02  0.0000000E+00  0.9999920E+00

         1   416      0  0.0000000E+00  0.0000000E+00  0.0000000E+00
         1   416      1  0.6880461E-06  0.0000000E+00  0.1000000E+01
         1   416      2  0.8508493E-04  0.0000000E+00  0.1000000E+01
         1   416      3  0.1272972E-03  0.0000000E+00  0.1000000E+01
         1   416      4  0.1695185E-03  0.0000000E+00  0.1000000E+01
         1   416      5  0.2117487E-03  0.0000000E+00  0.1000000E+01
         1   416      6  0.2539879E-03  0.0000000E+00  0.1000000E+01
         1   416      7  0.2962358E-03  0.0000000E+00  0.1000000E+01
         1   416      8  0.3384924E-03  0.0000000E+00  0.9999999E+00
         1   416      9  0.3807576E-03  0.0000000E+00  0.9999999E+00
         1   416     10 -0.4001830E-02  0.0000000E+00  0.9999920E+00

         1   417      0  0.0000000E+00  0.0000000E+00  0.0000000E+00
         1   417      1  0.6880461E-06  0.0000000E+00  0.1000000E+01
         1   417      2  0.8508493E-04  0.0000000E+00  0.1000000E+01
         1   417      3  0.1272972E-03  0.0000000E+00  0.1000000E+01
         1   417      4  0.1695185E-03  0.0000000E+00  0.1000000E+01
         1   417      5  0.2117487E-03  0.0000000E+00  0.1000000E+01
         1   417      6  0.2539879E-03  0.0000000E+00  0.1000000E+01
         1   417      7  0.2962358E-03  0.0000000E+00  0.1000000E+01
         1   417      8  0.3384924E-03  0.0000000E+00  0.9999999E+00
         1   417      9  0.3807576E-03  0.0000000E+00  0.9999999E+00
         1   417     10 -0.4001830E-02  0.0000000E+00  0.9999920E+00

         1   418      0  0.0000000E+00  0.0000000E+00  0.0000000E+00
         1   418      1  0.6880461E-06  0.0000000E+00  0.1000000E+01
         1   418      2  0.8508493E-04  0.0000000E+00  0.1000000E+01
         1   418      3  0.1272972E-03  0.0000000E+00  0.1000000E+01
         1   418      4  0.1695185E-03  0.0000000E+00  0.1000000E+01
         1   418      5  0.2117487E-03  0.0000000E+00  0.1000000E+01
         1   418      6  0.2539879E-03  0.0000000E+00  0.1000000E+01
         1   418      7  0.2962358E-03  0.0000000E+00  0.1000000E+01
         1   418      8  0.3384924E-03  0.0000000E+00  0.9999999E+00
         1   418      9  0.3807576E-03  0.0000000E+00  0.9999999E+00
         1   418     10 -0.4001830E-02  0.0000000E+00  0.9999920E+00

         1   419      0  0.0000000E+00  0.0000000E+00  0.0000000E+00
         1   419      1  0.7056883E-06  0.0000000E+00  0.1000000E+01
         1   419      2  0.8512740E-04  0.0000000E+00  0.1000000E+01
         1   419      3  0.1273520E-03  0.0000000E+00  0.1000000E+01
         1   419      4  0.1695858E-03  0.0000000E+00  0.1000000E+01
         1   419      5  0.2118284E-03  0.0000000E+00  0.1000000E+01
         1   419      6  0.2540800E-03  0.0000000E+00  0.1000000E+01
         1   419      7  0.2963403E-03  0.0000000E+00  0.1000000E+01
         1   419      8  0.3386094E-03  0.0000000E+00  0.9999999E+00
         1   419      9  0.3808870E-03  0.0000000E+00  0.9999999E+00
         1   419     10 -0.3999067E-02  0.0000000E+00  0.9999920E+00

         1   420      0  0.0000000E+00  0.0000000E+00  0.0000000E+00
         1   420      1  0.7056883E-06  0.0000000E+00  0.1000000E+01
         1   420      2  0.8512740E-04  0.0000000E+00  0.1000000E+01
         1   420      3  0.1273520E-03  0.0000000E+00  0.1000000E+01
         1   420      4  0.1695858E-03  0.0000000E+00  0.1000000E+01
         1   420      5  0.2118284E-03  0.0000000E+00  0.1000000E+01
         1   420      6  0.2540800E-03  0.0000000E+00  0.1000000E+01
         1   420      7  0.2963403E-03  0.0000000E+00  0.1000000E+01
         1   420      8  0.3386094E-03  0.0000000E+00  0.9999999E+00
         1   420      9  0.3808870E-03  0.0000000E+00  0.9999999E+00
         1   420     10 -0.3999067E-02  0.0000000E+00  0.9999920E+00

         1   421      0  0.0000000E+00  0.0000000E+00  0.0000000E+00
         1   421      1  0.7056883E-06  0.0000000E+00  0.1000000E+01
         1   421      2  0.8512740E-04  0.0000000E+00  0.1000000E+01
         1   421      3  0.1273520E-03  0.0000000E+00  0.1000000E+01
         1   421      4  0.1695858E-03  0.0000000E+00  0.1000000E+01
         1   421      5  0.2118284E-03  0.0000000E+00  0.1000000E+01
         1   421      6  0.2540800E-03  0.0000000E+00  0.1000000E+01
         1   421      7  0.2963403E-03  0.0000000E+00  0.1000000E+01
         1   421      8  0.3386094E-03  0.0000000E+00  0.9999999E+00
         1   421      9  0.3808870E-03  0.0000000E+00  0.9999999E+00
         1   421     10 -0.3999067E-02  0.0000000E+00  0.9999920E+00

         1   422      0  0.0000000E+00  0.0000000E+00  0.0000000E+00
         1   422      1  0.7056883E-06  0.0000000E+00  0.1000000E+01
         1   422      2  0.8512740E-04  0.0000000E+00  0.1000000E+01
         1   422      3  0.1273520E-03  0.0000000E+00  0.1000000E+01
         1   422      4  0.1695858E-03  0.0000000E+00  0.1000000E+01
         1   422      5  0.2118284E-03  0.0000000E+00  0.1000000E+01
         1   422      6  0.2540800E-03  0.0000000E+00  0.1000000E+01
         1   422      7  0.2963403E-03  0.0000000E+00  0.1000000E+01
         1   422      8  0.3386094E-03  0.0000000E+00  0.9999999E+00
         1   422      9  0.3808870E-03  0.0000000E+00  0.9999999E+00
         1   422     10 -0.3999067E-02  0.0000000E+00  0.9999920E+00

         1   423      0  0.0000000E+00  0.0000000E+00  0.0000000E+00
         1   423      1  0.7056883E-06  0.0000000E+00  0.1000000E+01
         1   423      2  0.9156967E-04  0.0000000E+00  0.1000000E+01
         1   423      3  0.1370156E-03  0.0000000E+00  0.1000000E+01
         1   423      4  0.1824707E-03  0.0000000E+00  0.1000000E+01
         1   423      5  0.2279351E-03  0.0000000E+00  0.1000000E+01
         1   423      6  0.2734086E-03  0.0000000E+00  0.1000000E+01
         1   423      7  0.3188912E-03  0.0000000E+00  0.9999999E+00
         1   423      8  0.3643828E-03  0.0000000E+00  0.9999999E+00
         1   423      9  0.4098836E-03  0.0000000E+00  0.9999999E+00
         1   423     10 -0.3999363E-02  0.0000000E+00  0.9999920E+00

         1   424      0  0.0000000E+00  0.0000000E+00  0.0000000E+00
         1   424      1  0.7056883E-06  0.0000000E+00  0.1000000E+01
         1   424      2  0.1028508E-03  0.0000000E+00  0.1000000E+01
         1   424      3  0.1539375E-03  0.0000000E+00  0.1000000E+01
         1   424      4  0.2050336E-03  0.0000000E+00  0.1000000E+01
         1   424      5  0.2561391E-03  0.0000000E+00  0.1000000E+01
         1   424      6  0.3072541E-03  0.0000000E+00  0.1000000E+01
         1   424      7  0.3583785E-03  0.0000000E+00  0.9999999E+00
         1   424      8  0.4095125E-03  0.0000000E+00  0.9999999E+00
         1   424      9  0.4606560E-03  0.0000000E+00  0.9999999E+00
         1   424     10 -0.3999686E-02  0.0000000E+00  0.9999920E+00

         1   425      0  0.0000000E+00  0.0000000E+00  0.0000000E+00
         1   425      1  0.7056883E-06  0.0000000E+00  0.1000000E+01
         1   425      2  0.1028508E-03  0.0000000E+00  0.1000000E+01
         1   425      3  0.1539375E-03  0.0000000E+00  0.1000000E+01
         1   425      4  0.2050336E-03  0.0000000E+00  0.1000000E+01
         1   425      5  0.2561391E-03  0.0000000E+00  0.1000000E+01
         1   425      6  0.3072541E-03  0.0000000E+00  0.1000000E+01
         1   425      7  0.3583785E-03  0.0000000E+00  0.9999999E+00
         1   425      8  0.4095125E-03  0.0000000E+00  0.9999999E+00
         1   425      9  0.4606560E-03  0.0000000E+00  0.9999999E+00
         1   425     10 -0.3999686E-02  0.0000000E+00  0.9999920E+00

         1   426      0  0.0000000E+00  0.0000000E+00  0.0000000E+00
         1   426      1  0.7056883E-06  0.0000000E+00  0.1000000E+01
         1   426      2  0.1028508E-03  0.0000000E+00  0.1000000E+01
         1   426      3  0.1539375E-03  0.0000000E+00  0.1000000E+01
         1   426      4  0.2050336E-03  0.0000000E+00  0.1000000E+01
         1   426      5  0.2561391E-03  0.0000000E+00  0.1000000E+01
         1   426      6  0.3072541E-03  0.0000000E+00  0.1000000E+01
         1   426      7  0.3583785E-03  0.0000000E+00  0.9999999E+00
         1   426      8  0.4095125E-03  0.0000000E+00  0.9999999E+00
         1   426      9  0.4606560E-03  0.0000000E+00  0.9999999E+00
         1   426     10 -0.3999686E-02  0.0000000E+00  0.9999920E+00

         1   427      0  0.0000000E+00  0.0000000E+00  0.0000000E+00
         1   427      1  0.7056883E-06  0.0000000E+00  0.1000000E+01
         1   427      2  0.1028508E-03  0.0000000E+00  0.1000000E+01
         1   427      3  0.1539375E-03  0.0000000E+00  0.1000000E+01
         1   427      4  0.2050336E-03  0.0000000E+00  0.1000000E+01
         1   427      5  0.2561391E-03  0.0000000E+00  0.1000000E+01
         1   427      6  0.3072541E-03  0.0000000E+00  0.1000000E+01
         1   427      7  0.3583785E-03  0.0000000E+00  0.9999999E+00
         1   427      8  0.4095125E-03  0.0000000E+00  0.9999999E+00
         1   427      9  0.4606560E-03  0.0000000E+00  0.9999999E+00
         1   427     10 -0.3999686E-02  0.0000000E+00  0.9999920E+00

         1   428      0  0.0000000E+00  0.0000000E+00  0.0000000E+00
         1   428      1  0.7056883E-06  0.0000000E+00  0.1000000E+01
         1   428      2  0.1028508E-03  0.0000000E+00  0.1000000E+01
         1   428      3  0.1539375E-03  0.0000000E+00  0.1000000E+01
         1   428      4  0.2050336E-03  0.0000000E+00  0.1000000E+01
         1   428      5  0.2561391E-03  0.0000000E+00  0.1000000E+01
         1   428      6  0.3072541E-03  0.0000000E+00  0.1000000E+01
         1   428      7  0.3583785E-03  0.0000000E+00  0.9999999E+00
         1   428      8  0.4095125E-03  0.0000000E+00  0.9999999E+00
         1   428      9  0.4606560E-03  0.0000000E+00  0.9999999E+00
         1   428     10 -0.3999686E-02  0.0000000E+00  0.9999920E+00

         1   429      0  0.0000000E+00  0.0000000E+00  0.0000000E+00
         1   429      1  0.7056883E-06  0.0000000E+00  0.1000000E+01
         1   429      2  0.1028508E-03  0.0000000E+00  0.1000000E+01
         1   429      3  0.1539375E-03  0.0000000E+00  0.1000000E+01
         1   429      4  0.2050336E-03  0.0000000E+00  0.1000000E+01
         1   429      5  0.2561391E-03  0.0000000E+00  0.1000000E+01
         1   429      6  0.3072541E-03  0.0000000E+00  0.1000000E+01
         1   429      7  0.3583785E-03  0.0000000E+00  0.9999999E+00
         1   429      8  0.4095125E-03  0.0000000E+00  0.9999999E+00
         1   429      9  0.4606560E-03  0.0000000E+00  0.9999999E+00
         1   429     10 -0.3999686E-02  0.0000000E+00  0.9999920E+00

         1   430      0  0.0000000E+00  0.0000000E+00  0.0000000E+00
         1   430      1  0.7056883E-06  0.0000000E+00  0.1000000E+01
         1   430      2  0.1028508E-03  0.0000000E+00  0.1000000E+01
         1   430      3  0.1539375E-03  0.0000000E+00  0.1000000E+01
         1   430      4  0.2050336E-03  0.0000000E+00  0.1000000E+01
         1   430      5  0.2561391E-03  0.0000000E+00  0.1000000E+01
         1   430      6  0.3072541E-03  0.0000000E+00  0.1000000E+01
         1   430      7  0.3583785E-03  0.0000000E+00  0.9999999E+00
         1   430      8  0.4095125E-03  0.0000000E+00  0.9999999E+00
         1   430      9  0.4606560E-03  0.0000000E+00  0.9999999E+00
         1   430     10 -0.3999686E-02  0.0000000E+00  0.9999920E+00

         1   431      0  0.0000000E+00  0.0000000E+00  0.0000000E+00
         1   431      1  0.7056883E-06  0.0000000E+00  0.1000000E+01
         1   431      2  0.1028508E-03  0.0000000E+00  0.1000000E+01
         1   431      3  0.1539375E-03  0.0000000E+00  0.1000000E+01
         1   431      4  0.2050336E-03  0.0000000E+00  0.1000000E+01
         1   431      5  0.2561391E-03  0.0000000E+00  0.1000000E+01
         1   431      6  0.3072541E-03  0.0000000E+00  0.1000000E+01
         1   431      7  0.3583785E-03  0.0000000E+00  0.9999999E+00
         1   431      8  0.4095125E-03  0.0000000E+00  0.9999999E+00
         1   431      9  0.4606560E-03  0.0000000E+00  0.9999999E+00
         1   431     10 -0.3999686E-02  0.0000000E+00  0.9999920E+00

         1   432      0  0.0000000E+00  0.0000000E+00  0.0000000E+00
         1   432      1  0.7056883E-06  0.0000000E+00  0.1000000E+01
         1   432      2  0.2829492E-04  0.0000000E+00  0.1000000E+01
         1   432      3  0.4210340E-04  0.0000000E+00  0.1000000E+01
         1   432      4  0.5592105E-04  0.0000000E+00  0.1000000E+01
         1   432      5  0.6974779E-04  0.0000000E+00  0.1000000E+01
         1   432      6  0.8358357E-04  0.0000000E+00  0.1000000E+01
         1   432      7  0.9742833E-04  0.0000000E+00  0.1000000E+01
         1   432      8  0.1112820E-03  0.0000000E+00  0.1000000E+01
         1   432      9  0.1251445E-03  0.0000000E+00  0.1000000E+01
         1   432     10 -0.3999397E-02  0.0000000E+00  0.9999920E+00

         1   433      0  0.0000000E+00  0.0000000E+00  0.0000000E+00
         1   433      1  0.7056883E-06  0.0000000E+00  0.1000000E+01
         1   433      2 -0.4755979E-04  0.0000000E+00  0.1000000E+01
         1   433      3 -0.7167886E-04  0.0000000E+00  0.1000000E+01
         1   433      4 -0.9578902E-04  0.0000000E+00  0.1000000E+01
         1   433      5 -0.1198904E-03  0.0000000E+00  0.1000000E+01
         1   433      6 -0.1439832E-03  0.0000000E+00  0.1000000E+01
         1   433      7 -0.1680675E-03  0.0000000E+00  0.1000000E+01
         1   433      8 -0.1921434E-03  0.0000000E+00  0.1000000E+01
         1   433      9 -0.2162112E-03  0.0000000E+00  0.1000000E+01
         1   433     10 -0.3999127E-02  0.0000000E+00  0.9999920E+00

         1   434      0  0.0000000E+00  0.0000000E+00  0.0000000E+00
         1   434      1  0.7056883E-06  0.0000000E+00  0.1000000E+01
         1   434      2 -0.4755979E-04  0.0000000E+00  0.1000000E+01
         1   434      3 -0.7167886E-04  0.0000000E+00  0.1000000E+01
         1   434      4 -0.9578902E-04  0.0000000E+00  0.1000000E+01
         1   434      5 -0.1198904E-03  0.0000000E+00  0.1000000E+01
         1   434      6 -0.1439832E-03  0.0000000E+00  0.1000000E+01
         1   434      7 -0.1680675E-03  0.0000000E+00  0.1000000E+01
         1   434      8 -0.1921434E-03  0.0000000E+00  0.1000000E+01
         1   434      9 -0.2162112E-03  0.0000000E+00  0.1000000E+01
         1   434     10 -0.3999127E-02  0.0000000E+00  0.9999920E+00

         1   435      0  0.0000000E+00  0.0000000E+00  0.0000000E+00
         1   435      1  0.7056883E-06  0.0000000E+00  0.1000000E+01
         1   435      2 -0.4755979E-04  0.0000000E+00  0.1000000E+01
         1   435      3 -0.7167886E-04  0.0000000E+00  0.1000000E+01
         1   435      4 -0.9578902E-04  0.0000000E+00  0.1000000E+01
         1   435      5 -0.1198904E-03  0.0000000E+00  0.1000000E+01
         1   435      6 -0.1439832E-03  0.0000000E+00  0.1000000E+01
         1   435      7 -0.1680675E-03  0.0000000E+00  0.1000000E+01
         1   435      8 -0.1921434E-03  0.0000000E+00  0.1000000E+01
         1   435      9 -0.2162112E-03  0.0000000E+00  0.1000000E+01
         1   435     10 -0.3999127E-02  0.0000000E+00  0.9999920E+00

         1   436      0  0.0000000E+00  0.0000000E+00  0.0000000E+00
         1   436      1  0.7056883E-06  0.0000000E+00  0.1000000E+01
         1   436      2 -0.4755979E-04  0.0000000E+00  0.1000000E+01
         1   436      3 -0.7167886E-04  0.0000000E+00  0.1000000E+01
         1   436      4 -0.9578902E-04  0.0000000E+00  0.1000000E+01
         1   436      5 -0.1198904E-03  0.0000000E+00  0.1000000E+01
         1   436      6 -0.1439832E-03  0.0000000E+00  0.1000000E+01
         1   436      7 -0.1680675E-03  0.0000000E+00  0.1000000E+01
         1   436      8 -0.1921434E-03  0.0000000E+00  0.1000000E+01
         1   436      9 -0.2162112E-03  0.0000000E+00  0.1000000E+01
         1   436     10 -0.3999127E-02  0.0000000E+00  0.9999920E+00

         1   437      0  0.0000000E+00  0.0000000E+00  0.0000000E+00
         1   437      1  0.7056883E-06  0.0000000E+00  0.1000000E+01
         1   437      2 -0.4755979E-04  0.0000000E+00  0.1000000E+01
         1   437      3 -0.7167886E-04  0.0000000E+00  0.1000000E+01
         1   437      4 -0.9578902E-04  0.0000000E+00  0.1000000E+01
         1   437      5 -0.1198904E-03  0.0000000E+00  0.1000000E+01
         1   437      6 -0.1439832E-03  0.0000000E+00  0.1000000E+01
         1   437      7 -0.1680675E-03  0.0000000E+00  0.1000000E+01
         1   437      8 -0.1921434E-03  0.0000000E+00  0.1000000E+01
         1   437      9 -0.2162112E-03  0.0000000E+00  0.1000000E+01
         1   437     10 -0.3999127E-02  0.0000000E+00  0.9999920E+00

         1   438      0  0.0000000E+00  0.0000000E+00  0.0000000E+00
         1   438      1  0.7056883E-06  0.0000000E+00  0.1000000E+01
         1   438      2 -0.4755979E-04  0.0000000E+00  0.1000000E+01
         1   438      3 -0.7167886E-04  0.0000000E+00  0.1000000E+01
         1   438      4 -0.9578902E-04  0.0000000E+00  0.1000000E+01
         1   438      5 -0.1198904E-03  0.0000000E+00  0.1000000E+01
         1   438      6 -0.1439832E-03  0.0000000E+00  0.1000000E+01
         1   438      7 -0.1680675E-03  0.0000000E+00  0.1000000E+01
         1   438      8 -0.1921434E-03  0.0000000E+00  0.1000000E+01
         1   438      9 -0.2162112E-03  0.0000000E+00  0.1000000E+01
         1   438     10 -0.3999127E-02  0.0000000E+00  0.9999920E+00

         1   439      0  0.0000000E+00  0.0000000E+00  0.0000000E+00
         1   439      1  0.7056883E-06  0.0000000E+00  0.1000000E+01
         1   439      2 -0.4755979E-04  0.0000000E+00  0.1000000E+01
         1   439      3 -0.7167886E-04  0.0000000E+00  0.1000000E+01
         1   439      4 -0.9578902E-04  0.0000000E+00  0.1000000E+01
         1   439      5 -0.1198904E-03  0.0000000E+00  0.1000000E+01
         1   439      6 -0.1439832E-03  0.0000000E+00  0.1000000E+01
         1   439      7 -0.1680675E-03  0.0000000E+00  0.1000000E+01
         1   439      8 -0.1921434E-03  0.0000000E+00  0.1000000E+01
         1   439      9 -0.2162112E-03  0.0000000E+00  0.1000000E+01
         1   439     10 -0.3999127E-02  0.0000000E+00  0.9999920E+00

         1   440      0  0.0000000E+00  0.0000000E+00  0.0000000E+00
         1   440      1  0.7056883E-06  0.0000000E+00  0.1000000E+01
         1   440      2 -0.4755979E-04  0.0000000E+00  0.1000000E+01
         1   440      3 -0.7167886E-04  0.0000000E+00  0.1000000E+01
         1   440      4 -0.9578902E-04  0.0000000E+00  0.1000000E+01
         1   440      5 -0.1198904E-03  0.0000000E+00  0.1000000E+01
         1   440      6 -0.1439832E-03  0.0000000E+00  0.1000000E+01
         1   440      7 -0.1680675E-03  0.0000000E+00  0.1000000E+01
         1   440      8 -0.1921434E-03  0.0000000E+00  0.1000000E+01
         1   440      9 -0.2162112E-03  0.0000000E+00  0.1000000E+01
         1   440     10 -0.3999127E-02  0.0000000E+00  0.9999920E+00

         1   441      0  0.0000000E+00  0.0000000E+00  0.0000000E+00
         1   441      1  0.7056883E-06  0.0000000E+00  0.1000000E+01
         1   441      2 -0.5275625E-05  0.0000000E+00  0.1000000E+01
         1   441      3 -0.8252634E-05  0.0000000E+00  0.1000000E+01
         1   441      4 -0.1122074E-04  0.0000000E+00  0.1000000E+01
         1   441      5 -0.1418011E-04  0.0000000E+00  0.1000000E+01
         1   441      6 -0.1713087E-04  0.0000000E+00  0.1000000E+01
         1   441      7 -0.2007318E-04  0.0000000E+00  0.1000000E+01
         1   441      8 -0.2300719E-04  0.0000000E+00  0.1000000E+01
         1   441      9 -0.2593305E-04  0.0000000E+00  0.1000000E+01
         1   441     10 -0.3999003E-02  0.0000000E+00  0.9999920E+00

         1   442      0  0.0000000E+00  0.0000000E+00  0.0000000E+00
         1   442      1  0.7056883E-06  0.0000000E+00  0.1000000E+01
         1   442      2  0.3124352E-04  0.0000000E+00  0.1000000E+01
         1   442      3  0.4652606E-04  0.0000000E+00  0.1000000E+01
         1   442      4  0.6181746E-04  0.0000000E+00  0.1000000E+01
         1   442      5  0.7711758E-04  0.0000000E+00  0.1000000E+01
         1   442      6  0.9242624E-04  0.0000000E+00  0.1000000E+01
         1   442      7  0.1077433E-03  0.0000000E+00  0.1000000E+01
         1   442      8  0.1230686E-03  0.0000000E+00  0.1000000E+01
         1   442      9  0.1384019E-03  0.0000000E+00  0.1000000E+01
         1   442     10 -0.3998867E-02  0.0000000E+00  0.9999920E+00

         1   443      0  0.0000000E+00  0.0000000E+00  0.0000000E+00
         1   443      1  0.7056883E-06  0.0000000E+00  0.1000000E+01
         1   443      2  0.3124352E-04  0.0000000E+00  0.1000000E+01
         1   443      3  0.4652606E-04  0.0000000E+00  0.1000000E+01
         1   443      4  0.6181746E-04  0.0000000E+00  0.1000000E+01
         1   443      5  0.7711758E-04  0.0000000E+00  0.1000000E+01
         1   443      6  0.9242624E-04  0.0000000E+00  0.1000000E+01
         1   443      7  0.1077433E-03  0.0000000E+00  0.1000000E+01
         1   443      8  0.1230686E-03  0.0000000E+00  0.1000000E+01
         1   443      9  0.1384019E-03  0.0000000E+00  0.1000000E+01
         1   443     10 -0.3998867E-02  0.0000000E+00  0.9999920E+00

         1   444      0  0.0000000E+00  0.0000000E+00  0.0000000E+00
         1   444      1  0.7056883E-06  0.0000000E+00  0.1000000E+01
         1   444      2  0.3124352E-04  0.0000000E+00  0.1000000E+01
         1   444      3  0.4652606E-04  0.0000000E+00  0.1000000E+01
         1   444      4  0.6181746E-04  0.0000000E+00  0.1000000E+01
         1   444      5  0.7711758E-04  0.0000000E+00  0.1000000E+01
         1   444      6  0.9242624E-04  0.0000000E+00  0.1000000E+01
         1   444      7  0.1077433E-03  0.0000000E+00  0.1000000E+01
         1   444      8  0.1230686E-03  0.0000000E+00  0.1000000E+01
         1   444      9  0.1384019E-03  0.0000000E+00  0.1000000E+01
         1   444     10 -0.3998867E-02  0.0000000E+00  0.9999920E+00

         1   445      0  0.0000000E+00  0.0000000E+00  0.0000000E+00
         1   445      1  0.7056883E-06  0.0000000E+00  0.1000000E+01
         1   445      2  0.3124352E-04  0.0000000E+00  0.1000000E+01
         1   445      3  0.4652606E-04  0.0000000E+00  0.1000000E+01
         1   445      4  0.6181746E-04  0.0000000E+00  0.1000000E+01
         1   445      5  0.7711758E-04  0.0000000E+00  0.1000000E+01
         1   445      6  0.9242624E-04  0.0000000E+00  0.1000000E+01
         1   445      7  0.1077433E-03  0.0000000E+00  0.1000000E+01
         1   445      8  0.1230686E-03  0.0000000E+00  0.1000000E+01
         1   445      9  0.1384019E-03  0.0000000E+00  0.1000000E+01
         1   445     10 -0.3998867E-02  0.0000000E+00  0.9999920E+00

         1   446      0  0.0000000E+00  0.0000000E+00  0.0000000E+00
         1   446      1  0.7233306E-06  0.0000000E+00  0.1000000E+01
         1   446      2  0.3118278E-04  0.0000000E+00  0.1000000E+01
         1   446      3  0.4642613E-04  0.0000000E+00  0.1000000E+01
         1   446      4  0.6167834E-04  0.0000000E+00  0.1000000E+01
         1   446      5  0.7693927E-04  0.0000000E+00  0.1000000E+01
         1   446      6  0.9220874E-04  0.0000000E+00  0.1000000E+01
         1   446      7  0.1074866E-03  0.0000000E+00  0.1000000E+01
         1   446      8  0.1227727E-03  0.0000000E+00  0.1000000E+01
         1   446      9  0.1380669E-03  0.0000000E+00  0.1000000E+01
         1   446     10 -0.3996105E-02  0.0000000E+00  0.9999920E+00

         1   447      0  0.0000000E+00  0.0000000E+00  0.0000000E+00
         1   447      1  0.7233306E-06  0.0000000E+00  0.1000000E+01
         1   447      2  0.3118278E-04  0.0000000E+00  0.1000000E+01
         1   447      3  0.4642613E-04  0.0000000E+00  0.1000000E+01
         1   447      4  0.6167834E-04  0.0000000E+00  0.1000000E+01
         1   447      5  0.7693927E-04  0.0000000E+00  0.1000000E+01
         1   447      6  0.9220874E-04  0.0000000E+00  0.1000000E+01
         1   447      7  0.1074866E-03  0.0000000E+00  0.1000000E+01
         1   447      8  0.1227727E-03  0.0000000E+00  0.1000000E+01
         1   447      9  0.1380669E-03  0.0000000E+00  0.1000000E+01
         1   447     10 -0.3996105E-02  0.0000000E+00  0.9999920E+00

         1   448      0  0.0000000E+00  0.0000000E+00  0.0000000E+00
         1   448      1  0.7233306E-06  0.0000000E+00  0.1000000E+01
         1   448      2  0.3118278E-04  0.0000000E+00  0.1000000E+01
         1   448      3  0.4642613E-04  0.0000000E+00  0.1000000E+01
         1   448      4  0.6167834E-04  0.0000000E+00  0.1000000E+01
         1   448      5  0.7693927E-04  0.0000000E+00  0.1000000E+01
         1   448      6  0.9220874E-04  0.0000000E+00  0.1000000E+01
         1   448      7  0.1074866E-03  0.0000000E+00  0.1000000E+01
         1   448      8  0.1227727E-03  0.0000000E+00  0.1000000E+01
         1   448      9  0.1380669E-03  0.0000000E+00  0.1000000E+01
         1   448     10 -0.3996105E-02  0.0000000E+00  0.9999920E+00

         1   449      0  0.0000000E+00  0.0000000E+00  0.0000000E+00
         1   449      1  0.7233306E-06  0.0000000E+00  0.1000000E+01
         1   449      2  0.3118278E-04  0.0000000E+00  0.1000000E+01
         1   449      3  0.4642613E-04  0.0000000E+00  0.1000000E+01
         1   449      4  0.6167834E-04  0.0000000E+00  0.1000000E+01
         1   449      5  0.7693927E-04  0.0000000E+00  0.1000000E+01
         1   449      6  0.9220874E-04  0.0000000E+00  0.1000000E+01
         1   449      7  0.1074866E-03  0.0000000E+00  0.1000000E+01
         1   449      8  0.1227727E-03  0.0000000E+00  0.1000000E+01
         1   449      9  0.1380669E-03  0.0000000E+00  0.1000000E+01
         1   449     10 -0.3996105E-02  0.0000000E+00  0.9999920E+00

         1   450      0  0.0000000E+00  0.0000000E+00  0.0000000E+00
         1   450      1  0.7233306E-06  0.0000000E+00  0.1000000E+01
         1   450      2 -0.2343939E-04  0.0000000E+00  0.1000000E+01
         1   450      3 -0.3550713E-04  0.0000000E+00  0.1000000E+01
         1   450      4 -0.4756587E-04  0.0000000E+00  0.1000000E+01
         1   450      5 -0.5961568E-04  0.0000000E+00  0.1000000E+01
         1   450      6 -0.7165663E-04  0.0000000E+00  0.1000000E+01
         1   450      7 -0.8368878E-04  0.0000000E+00  0.1000000E+01
         1   450      8 -0.9571220E-04  0.0000000E+00  0.1000000E+01
         1   450      9 -0.1077270E-03  0.0000000E+00  0.1000000E+01
         1   450     10 -0.4026475E-02  0.0000000E+00  0.9999919E+00

         1   451      0  0.0000000E+00  0.0000000E+00  0.0000000E+00
         1   451      1  0.7233306E-06  0.0000000E+00  0.1000000E+01
         1   451      2 -0.7695821E-04  0.0000000E+00  0.1000000E+01
         1   451      3 -0.1157853E-03  0.0000000E+00  0.1000000E+01
         1   451      4 -0.1546033E-03  0.0000000E+00  0.1000000E+01
         1   451      5 -0.1934121E-03  0.0000000E+00  0.1000000E+01
         1   451      6 -0.2322117E-03  0.0000000E+00  0.1000000E+01
         1   451      7 -0.2710021E-03  0.0000000E+00  0.1000000E+01
         1   451      8 -0.3097833E-03  0.0000000E+00  0.1000000E+01
         1   451      9 -0.3485551E-03  0.0000000E+00  0.9999999E+00
         1   451     10 -0.4060252E-02  0.0000000E+00  0.9999918E+00

         1   452      0  0.0000000E+00  0.0000000E+00  0.0000000E+00
         1   452      1  0.7233306E-06  0.0000000E+00  0.1000000E+01
         1   452      2 -0.7695821E-04  0.0000000E+00  0.1000000E+01
         1   452      3 -0.1157853E-03  0.0000000E+00  0.1000000E+01
         1   452      4 -0.1546033E-03  0.0000000E+00  0.1000000E+01
         1   452      5 -0.1934121E-03  0.0000000E+00  0.1000000E+01
         1   452      6 -0.2322117E-03  0.0000000E+00  0.1000000E+01
         1   452      7 -0.2710021E-03  0.0000000E+00  0.1000000E+01
         1   452      8 -0.3097833E-03  0.0000000E+00  0.1000000E+01
         1   452      9 -0.3485551E-03  0.0000000E+00  0.9999999E+00
         1   452     10 -0.4060252E-02  0.0000000E+00  0.9999918E+00

         1   453      0  0.0000000E+00  0.0000000E+00  0.0000000E+00
         1   453      1  0.7233306E-06  0.0000000E+00  0.1000000E+01
         1   453      2 -0.7695821E-04  0.0000000E+00  0.1000000E+01
         1   453      3 -0.1157853E-03  0.0000000E+00  0.1000000E+01
         1   453      4 -0.1546033E-03  0.0000000E+00  0.1000000E+01
         1   453      5 -0.1934121E-03  0.0000000E+00  0.1000000E+01
         1   453      6 -0.2322117E-03  0.0000000E+00  0.1000000E+01
         1   453      7 -0.2710021E-03  0.0000000E+00  0.1000000E+01
         1   453      8 -0.3097833E-03  0.0000000E+00  0.1000000E+01
         1   453      9 -0.3485551E-03  0.0000000E+00  0.9999999E+00
         1   453     10 -0.4060252E-02  0.0000000E+00  0.9999918E+00

         1   454      0  0.0000000E+00  0.0000000E+00  0.0000000E+00
         1   454      1  0.7233306E-06  0.0000000E+00  0.1000000E+01
         1   454      2 -0.7695821E-04  0.0000000E+00  0.1000000E+01
         1   454      3 -0.1157853E-03  0.0000000E+00  0.1000000E+01
         1   454      4 -0.1546033E-03  0.0000000E+00  0.1000000E+01
         1   454      5 -0.1934121E-03  0.0000000E+00  0.1000000E+01
         1   454      6 -0.2322117E-03  0.0000000E+00  0.1000000E+01
         1   454      7 -0.2710021E-03  0.0000000E+00  0.1000000E+01
         1   454      8 -0.3097833E-03  0.0000000E+00  0.1000000E+01
         1   454      9 -0.3485551E-03  0.0000000E+00  0.9999999E+00
         1   454     10 -0.4060252E-02  0.0000000E+00  0.9999918E+00

         1   455      0  0.0000000E+00  0.0000000E+00  0.0000000E+00
         1   455      1  0.7409728E-06  0.0000000E+00  0.1000000E+01
         1   455      2 -0.7699403E-04  0.0000000E+00  0.1000000E+01
         1   455      3 -0.1158479E-03  0.0000000E+00  0.1000000E+01
         1   455      4 -0.1546926E-03  0.0000000E+00  0.1000000E+01
         1   455      5 -0.1935281E-03  0.0000000E+00  0.1000000E+01
         1   455      6 -0.2323545E-03  0.0000000E+00  0.1000000E+01
         1   455      7 -0.2711716E-03  0.0000000E+00  0.1000000E+01
         1   455      8 -0.3099795E-03  0.0000000E+00  0.1000000E+01
         1   455      9 -0.3487780E-03  0.0000000E+00  0.9999999E+00
         1   455     10 -0.4057567E-02  0.0000000E+00  0.9999918E+00

         1   456      0  0.0000000E+00  0.0000000E+00  0.0000000E+00
         1   456      1  0.7409728E-06  0.0000000E+00  0.1000000E+01
         1   456      2 -0.7699403E-04  0.0000000E+00  0.1000000E+01
         1   456      3 -0.1158479E-03  0.0000000E+00  0.1000000E+01
         1   456      4 -0.1546926E-03  0.0000000E+00  0.1000000E+01
         1   456      5 -0.1935281E-03  0.0000000E+00  0.1000000E+01
         1   456      6 -0.2323545E-03  0.0000000E+00  0.1000000E+01
         1   456      7 -0.2711716E-03  0.0000000E+00  0.1000000E+01
         1   456      8 -0.3099795E-03  0.0000000E+00  0.1000000E+01
         1   456      9 -0.3487780E-03  0.0000000E+00  0.9999999E+00
         1   456     10 -0.4057567E-02  0.0000000E+00  0.9999918E+00

         1   457      0  0.0000000E+00  0.0000000E+00  0.0000000E+00
         1   457      1  0.7409728E-06  0.0000000E+00  0.1000000E+01
         1   457      2 -0.7699403E-04  0.0000000E+00  0.1000000E+01
         1   457      3 -0.1158479E-03  0.0000000E+00  0.1000000E+01
         1   457      4 -0.1546926E-03  0.0000000E+00  0.1000000E+01
         1   457      5 -0.1935281E-03  0.0000000E+00  0.1000000E+01
         1   457      6 -0.2323545E-03  0.0000000E+00  0.1000000E+01
         1   457      7 -0.2711716E-03  0.0000000E+00  0.1000000E+01
         1   457      8 -0.3099795E-03  0.0000000E+00  0.1000000E+01
         1   457      9 -0.3487780E-03  0.0000000E+00  0.9999999E+00
         1   457     10 -0.4057567E-02  0.0000000E+00  0.9999918E+00

         1   458      0  0.0000000E+00  0.0000000E+00  0.0000000E+00
         1   458      1  0.7409728E-06  0.0000000E+00  0.1000000E+01
         1   458      2 -0.7699403E-04  0.0000000E+00  0.1000000E+01
         1   458      3 -0.1158479E-03  0.0000000E+00  0.1000000E+01
         1   458      4 -0.1546926E-03  0.0000000E+00  0.1000000E+01
         1   458      5 -0.1935281E-03  0.0000000E+00  0.1000000E+01
         1   458      6 -0.2323545E-03  0.0000000E+00  0.1000000E+01
         1   458      7 -0.2711716E-03  0.0000000E+00  0.1000000E+01
         1   458      8 -0.3099795E-03  0.0000000E+00  0.1000000E+01
         1   458      9 -0.3487780E-03  0.0000000E+00  0.9999999E+00
         1   458     10 -0.4057567E-02  0.0000000E+00  0.9999918E+00

         1   459      0  0.0000000E+00  0.0000000E+00  0.0000000E+00
         1   459      1  0.7409728E-06  0.0000000E+00  0.1000000E+01
         1   459      2 -0.6709737E-04  0.0000000E+00  0.1000000E+01
         1   459      3 -0.1010038E-03  0.0000000E+00  0.1000000E+01
         1   459      4 -0.1349017E-03  0.0000000E+00  0.1000000E+01
         1   459      5 -0.1687911E-03  0.0000000E+00  0.1000000E+01
         1   459      6 -0.2026722E-03  0.0000000E+00  0.1000000E+01
         1   459      7 -0.2365450E-03  0.0000000E+00  0.1000000E+01
         1   459      8 -0.2704094E-03  0.0000000E+00  0.1000000E+01
         1   459      9 -0.3042656E-03  0.0000000E+00  0.1000000E+01
         1   459     10 -0.3975227E-02  0.0000000E+00  0.9999921E+00

         1   460      0  0.0000000E+00  0.0000000E+00  0.0000000E+00
         1   460      1  0.7409728E-06  0.0000000E+00  0.1000000E+01
         1   460      2 -0.5990926E-04  0.0000000E+00  0.1000000E+01
         1   460      3 -0.9022251E-04  0.0000000E+00  0.1000000E+01
         1   460      4 -0.1205280E-03  0.0000000E+00  0.1000000E+01
         1   460      5 -0.1508258E-03  0.0000000E+00  0.1000000E+01
         1   460      6 -0.1811162E-03  0.0000000E+00  0.1000000E+01
         1   460      7 -0.2113991E-03  0.0000000E+00  0.1000000E+01
         1   460      8 -0.2416747E-03  0.0000000E+00  0.1000000E+01
         1   460      9 -0.2719432E-03  0.0000000E+00  0.1000000E+01
         1   460     10 -0.3883870E-02  0.0000000E+00  0.9999925E+00

         1   461      0  0.0000000E+00  0.0000000E+00  0.0000000E+00
         1   461      1  0.7409728E-06  0.0000000E+00  0.1000000E+01
         1   461      2 -0.5990926E-04  0.0000000E+00  0.1000000E+01
         1   461      3 -0.9022251E-04  0.0000000E+00  0.1000000E+01
         1   461      4 -0.1205280E-03  0.0000000E+00  0.1000000E+01
         1   461      5 -0.1508258E-03  0.0000000E+00  0.1000000E+01
         1   461      6 -0.1811162E-03  0.0000000E+00  0.1000000E+01
         1   461      7 -0.2113991E-03  0.0000000E+00  0.1000000E+01
         1   461      8 -0.2416747E-03  0.0000000E+00  0.1000000E+01
         1   461      9 -0.2719432E-03  0.0000000E+00  0.1000000E+01
         1   461     10 -0.3883870E-02  0.0000000E+00  0.9999925E+00

         1   462      0  0.0000000E+00  0.0000000E+00  0.0000000E+00
         1   462      1  0.7409728E-06  0.0000000E+00  0.1000000E+01
         1   462      2 -0.5990926E-04  0.0000000E+00  0.1000000E+01
         1   462      3 -0.9022251E-04  0.0000000E+00  0.1000000E+01
         1   462      4 -0.1205280E-03  0.0000000E+00  0.1000000E+01
         1   462      5 -0.1508258E-03  0.0000000E+00  0.1000000E+01
         1   462      6 -0.1811162E-03  0.0000000E+00  0.1000000E+01
         1   462      7 -0.2113991E-03  0.0000000E+00  0.1000000E+01
         1   462      8 -0.2416747E-03  0.0000000E+00  0.1000000E+01
         1   462      9 -0.2719432E-03  0.0000000E+00  0.1000000E+01
         1   462     10 -0.3883870E-02  0.0000000E+00  0.9999925E+00

         1   463      0  0.0000000E+00  0.0000000E+00  0.0000000E+00
         1   463      1  0.7409728E-06  0.0000000E+00  0.1000000E+01
         1   463      2 -0.5990926E-04  0.0000000E+00  0.1000000E+01
         1   463      3 -0.9022251E-04  0.0000000E+00  0.1000000E+01
         1   463      4 -0.1205280E-03  0.0000000E+00  0.1000000E+01
         1   463      5 -0.1508258E-03  0.0000000E+00  0.1000000E+01
         1   463      6 -0.1811162E-03  0.0000000E+00  0.1000000E+01
         1   463      7 -0.2113991E-03  0.0000000E+00  0.1000000E+01
         1   463      8 -0.2416747E-03  0.0000000E+00  0.1000000E+01
         1   463      9 -0.2719432E-03  0.0000000E+00  0.1000000E+01
         1   463     10 -0.3883870E-02  0.0000000E+00  0.9999925E+00

         1   464      0  0.0000000E+00  0.0000000E+00  0.0000000E+00
         1   464      1  0.7586150E-06  0.0000000E+00  0.1000000E+01
         1   464      2 -0.5987603E-04  0.0000000E+00  0.1000000E+01
         1   464      3 -0.9018149E-04  0.0000000E+00  0.1000000E+01
         1   464      4 -0.1204792E-03  0.0000000E+00  0.1000000E+01
         1   464      5 -0.1507692E-03  0.0000000E+00  0.1000000E+01
         1   464      6 -0.1810518E-03  0.0000000E+00  0.1000000E+01
         1   464      7 -0.2113269E-03  0.0000000E+00  0.1000000E+01
         1   464      8 -0.2415947E-03  0.0000000E+00  0.1000000E+01
         1   464      9 -0.2718553E-03  0.0000000E+00  0.1000000E+01
         1   464     10 -0.3881415E-02  0.0000000E+00  0.9999925E+00

         1   465      0  0.0000000E+00  0.0000000E+00  0.0000000E+00
         1   465      1  0.7586150E-06  0.0000000E+00  0.1000000E+01
         1   465      2 -0.5987603E-04  0.0000000E+00  0.1000000E+01
         1   465      3 -0.9018149E-04  0.0000000E+00  0.1000000E+01
         1   465      4 -0.1204792E-03  0.0000000E+00  0.1000000E+01
         1   465      5 -0.1507692E-03  0.0000000E+00  0.1000000E+01
         1   465      6 -0.1810518E-03  0.0000000E+00  0.1000000E+01
         1   465      7 -0.2113269E-03  0.0000000E+00  0.1000000E+01
         1   465      8 -0.2415947E-03  0.0000000E+00  0.1000000E+01
         1   465      9 -0.2718553E-03  0.0000000E+00  0.1000000E+01
         1   465     10 -0.3881415E-02  0.0000000E+00  0.9999925E+00

         1   466      0  0.0000000E+00  0.0000000E+00  0.0000000E+00
         1   466      1  0.7586150E-06  0.0000000E+00  0.1000000E+01
         1   466      2 -0.5987603E-04  0.0000000E+00  0.1000000E+01
         1   466      3 -0.9018149E-04  0.0000000E+00  0.1000000E+01
         1   466      4 -0.1204792E-03  0.0000000E+00  0.1000000E+01
         1   466      5 -0.1507692E-03  0.0000000E+00  0.1000000E+01
         1   466      6 -0.1810518E-03  0.0000000E+00  0.1000000E+01
         1   466      7 -0.2113269E-03  0.0000000E+00  0.1000000E+01
         1   466      8 -0.2415947E-03  0.0000000E+00  0.1000000E+01
         1   466      9 -0.2718553E-03  0.0000000E+00  0.1000000E+01
         1   466     10 -0.3881415E-02  0.0000000E+00  0.9999925E+00

         1   467      0  0.0000000E+00  0.0000000E+00  0.0000000E+00
         1   467      1  0.7586150E-06  0.0000000E+00  0.1000000E+01
         1   467      2 -0.5987603E-04  0.0000000E+00  0.1000000E+01
         1   467      3 -0.9018149E-04  0.0000000E+00  0.1000000E+01
         1   467      4 -0.1204792E-03  0.0000000E+00  0.1000000E+01
         1   467      5 -0.1507692E-03  0.0000000E+00  0.1000000E+01
         1   467      6 -0.1810518E-03  0.0000000E+00  0.1000000E+01
         1   467      7 -0.2113269E-03  0.0000000E+00  0.1000000E+01
         1   467      8 -0.2415947E-03  0.0000000E+00  0.1000000E+01
         1   467      9 -0.2718553E-03  0.0000000E+00  0.1000000E+01
         1   467     10 -0.3881415E-02  0.0000000E+00  0.9999925E+00

         1   468      0  0.0000000E+00  0.0000000E+00  0.0000000E+00
         1   468      1  0.7586150E-06  0.0000000E+00  0.1000000E+01
         1   468      2 -0.3336474E-04  0.0000000E+00  0.1000000E+01
         1   468      3 -0.5041209E-04  0.0000000E+00  0.1000000E+01
         1   468      4 -0.6744986E-04  0.0000000E+00  0.1000000E+01
         1   468      5 -0.8447803E-04  0.0000000E+00  0.1000000E+01
         1   468      6 -0.1014966E-03  0.0000000E+00  0.1000000E+01
         1   468      7 -0.1185055E-03  0.0000000E+00  0.1000000E+01
         1   468      8 -0.1355048E-03  0.0000000E+00  0.1000000E+01
         1   468      9 -0.1524944E-03  0.0000000E+00  0.1000000E+01
         1   468     10 -0.4181644E-02  0.0000000E+00  0.9999913E+00

         1   469      0  0.0000000E+00  0.0000000E+00  0.0000000E+00
         1   469      1  0.7586150E-06  0.0000000E+00  0.1000000E+01
         1   469      2 -0.5286488E-05  0.0000000E+00  0.1000000E+01
         1   469      3 -0.8292224E-05  0.0000000E+00  0.1000000E+01
         1   469      4 -0.1128655E-04  0.0000000E+00  0.1000000E+01
         1   469      5 -0.1426931E-04  0.0000000E+00  0.1000000E+01
         1   469      6 -0.1724035E-04  0.0000000E+00  0.1000000E+01
         1   469      7 -0.2019953E-04  0.0000000E+00  0.1000000E+01
         1   469      8 -0.2314668E-04  0.0000000E+00  0.1000000E+01
         1   469      9 -0.2608167E-04  0.0000000E+00  0.1000000E+01
         1   469     10 -0.4487364E-02  0.0000000E+00  0.9999899E+00

         1   470      0  0.0000000E+00  0.0000000E+00  0.0000000E+00
         1   470      1  0.7586150E-06  0.0000000E+00  0.1000000E+01
         1   470      2 -0.5286488E-05  0.0000000E+00  0.1000000E+01
         1   470      3 -0.8292224E-05  0.0000000E+00  0.1000000E+01
         1   470      4 -0.1128655E-04  0.0000000E+00  0.1000000E+01
         1   470      5 -0.1426931E-04  0.0000000E+00  0.1000000E+01
         1   470      6 -0.1724035E-04  0.0000000E+00  0.1000000E+01
         1   470      7 -0.2019953E-04  0.0000000E+00  0.1000000E+01
         1   470      8 -0.2314668E-04  0.0000000E+00  0.1000000E+01
         1   470      9 -0.2608167E-04  0.0000000E+00  0.1000000E+01
         1   470     10 -0.4487364E-02  0.0000000E+00  0.9999899E+00

         1   471      0  0.0000000E+00  0.0000000E+00  0.0000000E+00
         1   471      1  0.7586150E-06  0.0000000E+00  0.1000000E+01
         1   471      2 -0.5286488E-05  0.0000000E+00  0.1000000E+01
         1   471      3 -0.8292224E-05  0.0000000E+00  0.1000000E+01
         1   471      4 -0.1128655E-04  0.0000000E+00  0.1000000E+01
         1   471      5 -0.1426931E-04  0.0000000E+00  0.1000000E+01
         1   471      6 -0.1724035E-04  0.0000000E+00  0.1000000E+01
         1   471      7 -0.2019953E-04  0.0000000E+00  0.1000000E+01
         1   471      8 -0.2314668E-04  0.0000000E+00  0.1000000E+01
         1   471      9 -0.2608167E-04  0.0000000E+00  0.1000000E+01
         1   471     10 -0.4487364E-02  0.0000000E+00  0.9999899E+00

         1   472      0  0.0000000E+00  0.0000000E+00  0.0000000E+00
         1   472      1  0.7586150E-06  0.0000000E+00  0.1000000E+01
         1   472      2 -0.5286488E-05  0.0000000E+00  0.1000000E+01
         1   472      3 -0.8292224E-05  0.0000000E+00  0.1000000E+01
         1   472      4 -0.1128655E-04  0.0000000E+00  0.1000000E+01
         1   472      5 -0.1426931E-04  0.0000000E+00  0.1000000E+01
         1   472      6 -0.1724035E-04  0.0000000E+00  0.1000000E+01
         1   472      7 -0.2019953E-04  0.0000000E+00  0.1000000E+01
         1   472      8 -0.2314668E-04  0.0000000E+00  0.1000000E+01
         1   472      9 -0.2608167E-04  0.0000000E+00  0.1000000E+01
         1   472     10 -0.4487364E-02  0.0000000E+00  0.9999899E+00

         1   473      0  0.0000000E+00  0.0000000E+00  0.0000000E+00
         1   473      1  0.7762572E-06  0.0000000E+00  0.1000000E+01
         1   473      2 -0.5217871E-05  0.0000000E+00  0.1000000E+01
         1   473      3 -0.8198116E-05  0.0000000E+00  0.1000000E+01
         1   473      4 -0.1116695E-04  0.0000000E+00  0.1000000E+01
         1   473      5 -0.1412421E-04  0.0000000E+00  0.1000000E+01
         1   473      6 -0.1706975E-04  0.0000000E+00  0.1000000E+01
         1   473      7 -0.2000342E-04  0.0000000E+00  0.1000000E+01
         1   473      8 -0.2292508E-04  0.0000000E+00  0.1000000E+01
         1   473      9 -0.2583455E-04  0.0000000E+00  0.1000000E+01
         1   473     10 -0.4485033E-02  0.0000000E+00  0.9999899E+00

         1   474      0  0.0000000E+00  0.0000000E+00  0.0000000E+00
         1   474      1  0.7762572E-06  0.0000000E+00  0.1000000E+01
         1   474      2 -0.5217871E-05  0.0000000E+00  0.1000000E+01
         1   474      3 -0.8198116E-05  0.0000000E+00  0.1000000E+01
         1   474      4 -0.1116695E-04  0.0000000E+00  0.1000000E+01
         1   474      5 -0.1412421E-04  0.0000000E+00  0.1000000E+01
         1   474      6 -0.1706975E-04  0.0000000E+00  0.1000000E+01
         1   474      7 -0.2000342E-04  0.0000000E+00  0.1000000E+01
         1   474      8 -0.2292508E-04  0.0000000E+00  0.1000000E+01
         1   474      9 -0.2583455E-04  0.0000000E+00  0.1000000E+01
         1   474     10 -0.4485033E-02  0.0000000E+00  0.9999899E+00

         1   475      0  0.0000000E+00  0.0000000E+00  0.0000000E+00
         1   475      1  0.7762572E-06  0.0000000E+00  0.1000000E+01
         1   475      2 -0.5217871E-05  0.0000000E+00  0.1000000E+01
         1   475      3 -0.8198116E-05  0.0000000E+00  0.1000000E+01
         1   475      4 -0.1116695E-04  0.0000000E+00  0.1000000E+01
         1   475      5 -0.1412421E-04  0.0000000E+00  0.1000000E+01
         1   475      6 -0.1706975E-04  0.0000000E+00  0.1000000E+01
         1   475      7 -0.2000342E-04  0.0000000E+00  0.1000000E+01
         1   475      8 -0.2292508E-04  0.0000000E+00  0.1000000E+01
         1   475      9 -0.2583455E-04  0.0000000E+00  0.1000000E+01
         1   475     10 -0.4485033E-02  0.0000000E+00  0.9999899E+00

         1   476      0  0.0000000E+00  0.0000000E+00  0.0000000E+00
         1   476      1  0.7762572E-06  0.0000000E+00  0.1000000E+01
         1   476      2 -0.5217871E-05  0.0000000E+00  0.1000000E+01
         1   476      3 -0.8198116E-05  0.0000000E+00  0.1000000E+01
         1   476      4 -0.1116695E-04  0.0000000E+00  0.1000000E+01
         1   476      5 -0.1412421E-04  0.0000000E+00  0.1000000E+01
         1   476      6 -0.1706975E-04  0.0000000E+00  0.1000000E+01
         1   476      7 -0.2000342E-04  0.0000000E+00  0.1000000E+01
         1   476      8 -0.2292508E-04  0.0000000E+00  0.1000000E+01
         1   476      9 -0.2583455E-04  0.0000000E+00  0.1000000E+01
         1   476     10 -0.4485033E-02  0.0000000E+00  0.9999899E+00

         1   477      0  0.0000000E+00  0.0000000E+00  0.0000000E+00
         1   477      1  0.7762572E-06  0.0000000E+00  0.1000000E+01
         1   477      2 -0.3583747E-04  0.0000000E+00  0.1000000E+01
         1   477      3 -0.5412886E-04  0.0000000E+00  0.1000000E+01
         1   477      4 -0.7240979E-04  0.0000000E+00  0.1000000E+01
         1   477      5 -0.9068015E-04  0.0000000E+00  0.1000000E+01
         1   477      6 -0.1089398E-03  0.0000000E+00  0.1000000E+01
         1   477      7 -0.1271887E-03  0.0000000E+00  0.1000000E+01
         1   477      8 -0.1454267E-03  0.0000000E+00  0.1000000E+01
         1   477      9 -0.1636537E-03  0.0000000E+00  0.1000000E+01
         1   477     10 -0.4261149E-02  0.0000000E+00  0.9999909E+00

         1   478      0  0.0000000E+00  0.0000000E+00  0.0000000E+00
         1   478      1  0.7762572E-06  0.0000000E+00  0.1000000E+01
         1   478      2 -0.6791054E-04  0.0000000E+00  0.1000000E+01
         1   478      3 -0.1022398E-03  0.0000000E+00  0.1000000E+01
         1   478      4 -0.1365595E-03  0.0000000E+00  0.1000000E+01
         1   478      5 -0.1708697E-03  0.0000000E+00  0.1000000E+01
         1   478      6 -0.2051701E-03  0.0000000E+00  0.1000000E+01
         1   478      7 -0.2394609E-03  0.0000000E+00  0.1000000E+01
         1   478      8 -0.2737417E-03  0.0000000E+00  0.1000000E+01
         1   478      9 -0.3080127E-03  0.0000000E+00  0.1000000E+01
         1   478     10 -0.4031697E-02  0.0000000E+00  0.9999919E+00

         1   479      0  0.0000000E+00  0.0000000E+00  0.0000000E+00
         1   479      1  0.7762572E-06  0.0000000E+00  0.1000000E+01
         1   479      2 -0.6791054E-04  0.0000000E+00  0.1000000E+01
         1   479      3 -0.1022398E-03  0.0000000E+00  0.1000000E+01
         1   479      4 -0.1365595E-03  0.0000000E+00  0.1000000E+01
         1   479      5 -0.1708697E-03  0.0000000E+00  0.1000000E+01
         1   479      6 -0.2051701E-03  0.0000000E+00  0.1000000E+01
         1   479      7 -0.2394609E-03  0.0000000E+00  0.1000000E+01
         1   479      8 -0.2737417E-03  0.0000000E+00  0.1000000E+01
         1   479      9 -0.3080127E-03  0.0000000E+00  0.1000000E+01
         1   479     10 -0.4031697E-02  0.0000000E+00  0.9999919E+00

         1   480      0  0.0000000E+00  0.0000000E+00  0.0000000E+00
         1   480      1  0.7762572E-06  0.0000000E+00  0.1000000E+01
         1   480      2 -0.6791054E-04  0.0000000E+00  0.1000000E+01
         1   480      3 -0.1022398E-03  0.0000000E+00  0.1000000E+01
         1   480      4 -0.1365595E-03  0.0000000E+00  0.1000000E+01
         1   480      5 -0.1708697E-03  0.0000000E+00  0.1000000E+01
         1   480      6 -0.2051701E-03  0.0000000E+00  0.1000000E+01
         1   480      7 -0.2394609E-03  0.0000000E+00  0.1000000E+01
         1   480      8 -0.2737417E-03  0.0000000E+00  0.1000000E+01
         1   480      9 -0.3080127E-03  0.0000000E+00  0.1000000E+01
         1   480     10 -0.4031697E-02  0.0000000E+00  0.9999919E+00

         1   481      0  0.0000000E+00  0.0000000E+00  0.0000000E+00
         1   481      1  0.7762572E-06  0.0000000E+00  0.1000000E+01
         1   481      2 -0.6791054E-04  0.0000000E+00  0.1000000E+01
         1   481      3 -0.1022398E-03  0.0000000E+00  0.1000000E+01
         1   481      4 -0.1365595E-03  0.0000000E+00  0.1000000E+01
         1   481      5 -0.1708697E-03  0.0000000E+00  0.1000000E+01
         1   481      6 -0.2051701E-03  0.0000000E+00  0.1000000E+01
         1   481      7 -0.2394609E-03  0.0000000E+00  0.1000000E+01
         1   481      8 -0.2737417E-03  0.0000000E+00  0.1000000E+01
         1   481      9 -0.3080127E-03  0.0000000E+00  0.1000000E+01
         1   481     10 -0.4031697E-02  0.0000000E+00  0.9999919E+00

         1   482      0  0.0000000E+00  0.0000000E+00  0.0000000E+00
         1   482      1  0.7938994E-06  0.0000000E+00  0.1000000E+01
         1   482      2 -0.6780487E-04  0.0000000E+00  0.1000000E+01
         1   482      3 -0.1020901E-03  0.0000000E+00  0.1000000E+01
         1   482      4 -0.1363658E-03  0.0000000E+00  0.1000000E+01
         1   482      5 -0.1706319E-03  0.0000000E+00  0.1000000E+01
         1   482      6 -0.2048884E-03  0.0000000E+00  0.1000000E+01
         1   482      7 -0.2391351E-03  0.0000000E+00  0.1000000E+01
         1   482      8 -0.2733719E-03  0.0000000E+00  0.1000000E+01
         1   482      9 -0.3075989E-03  0.0000000E+00  0.1000000E+01
         1   482     10 -0.4029508E-02  0.0000000E+00  0.9999919E+00

         1   483      0  0.0000000E+00  0.0000000E+00  0.0000000E+00
         1   483      1  0.7938994E-06  0.0000000E+00  0.1000000E+01
         1   483      2 -0.6780487E-04  0.0000000E+00  0.1000000E+01
         1   483      3 -0.1020901E-03  0.0000000E+00  0.1000000E+01
         1   483      4 -0.1363658E-03  0.0000000E+00  0.1000000E+01
         1   483      5 -0.1706319E-03  0.0000000E+00  0.1000000E+01
         1   483      6 -0.2048884E-03  0.0000000E+00  0.1000000E+01
         1   483      7 -0.2391351E-03  0.0000000E+00  0.1000000E+01
         1   483      8 -0.2733719E-03  0.0000000E+00  0.1000000E+01
         1   483      9 -0.3075989E-03  0.0000000E+00  0.1000000E+01
         1   483     10 -0.4029508E-02  0.0000000E+00  0.9999919E+00

         1   484      0  0.0000000E+00  0.0000000E+00  0.0000000E+00
         1   484      1  0.7938994E-06  0.0000000E+00  0.1000000E+01
         1   484      2 -0.6780487E-04  0.0000000E+00  0.1000000E+01
         1   484      3 -0.1020901E-03  0.0000000E+00  0.1000000E+01
         1   484      4 -0.1363658E-03  0.0000000E+00  0.1000000E+01
         1   484      5 -0.1706319E-03  0.0000000E+00  0.1000000E+01
         1   484      6 -0.2048884E-03  0.0000000E+00  0.1000000E+01
         1   484      7 -0.2391351E-03  0.0000000E+00  0.1000000E+01
         1   484      8 -0.2733719E-03  0.0000000E+00  0.1000000E+01
         1   484      9 -0.3075989E-03  0.0000000E+00  0.1000000E+01
         1   484     10 -0.4029508E-02  0.0000000E+00  0.9999919E+00

         1   485      0  0.0000000E+00  0.0000000E+00  0.0000000E+00
         1   485      1  0.7938994E-06  0.0000000E+00  0.1000000E+01
         1   485      2 -0.6780487E-04  0.0000000E+00  0.1000000E+01
         1   485      3 -0.1020901E-03  0.0000000E+00  0.1000000E+01
         1   485      4 -0.1363658E-03  0.0000000E+00  0.1000000E+01
         1   485      5 -0.1706319E-03  0.0000000E+00  0.1000000E+01
         1   485      6 -0.2048884E-03  0.0000000E+00  0.1000000E+01
         1   485      7 -0.2391351E-03  0.0000000E+00  0.1000000E+01
         1   485      8 -0.2733719E-03  0.0000000E+00  0.1000000E+01
         1   485      9 -0.3075989E-03  0.0000000E+00  0.1000000E+01
         1   485     10 -0.4029508E-02  0.0000000E+00  0.9999919E+00

         1   486      0  0.0000000E+00  0.0000000E+00  0.0000000E+00
         1   486      1  0.7938994E-06  0.0000000E+00  0.1000000E+01
         1   486      2  0.3218799E-05  0.0000000E+00  0.1000000E+01
         1   486      3  0.4446633E-05  0.0000000E+00  0.1000000E+01
         1   486      4  0.5684807E-05  0.0000000E+00  0.1000000E+01
         1   486      5  0.6933386E-05  0.0000000E+00  0.1000000E+01
         1   486      6  0.8192433E-05  0.0000000E+00  0.1000000E+01
         1   486      7  0.9462011E-05  0.0000000E+00  0.1000000E+01
         1   486      8  0.1074219E-04  0.0000000E+00  0.1000000E+01
         1   486      9  0.1203302E-04  0.0000000E+00  0.1000000E+01
         1   486     10 -0.4499747E-02  0.0000000E+00  0.9999899E+00

         1   487      0  0.0000000E+00  0.0000000E+00  0.0000000E+00
         1   487      1  0.7938994E-06  0.0000000E+00  0.1000000E+01
         1   487      2  0.7410856E-04  0.0000000E+00  0.1000000E+01
         1   487      3  0.1107825E-03  0.0000000E+00  0.1000000E+01
         1   487      4  0.1474676E-03  0.0000000E+00  0.1000000E+01
         1   487      5  0.1841639E-03  0.0000000E+00  0.1000000E+01
         1   487      6  0.2208714E-03  0.0000000E+00  0.1000000E+01
         1   487      7  0.2575903E-03  0.0000000E+00  0.1000000E+01
         1   487      8  0.2943204E-03  0.0000000E+00  0.1000000E+01
         1   487      9  0.3310620E-03  0.0000000E+00  0.9999999E+00
         1   487     10 -0.4969986E-02  0.0000000E+00  0.9999876E+00

         1   488      0  0.0000000E+00  0.0000000E+00  0.0000000E+00
         1   488      1  0.7938994E-06  0.0000000E+00  0.1000000E+01
         1   488      2  0.7410856E-04  0.0000000E+00  0.1000000E+01
         1   488      3  0.1107825E-03  0.0000000E+00  0.1000000E+01
         1   488      4  0.1474676E-03  0.0000000E+00  0.1000000E+01
         1   488      5  0.1841639E-03  0.0000000E+00  0.1000000E+01
         1   488      6  0.2208714E-03  0.0000000E+00  0.1000000E+01
         1   488      7  0.2575903E-03  0.0000000E+00  0.1000000E+01
         1   488      8  0.2943204E-03  0.0000000E+00  0.1000000E+01
         1   488      9  0.3310620E-03  0.0000000E+00  0.9999999E+00
         1   488     10 -0.4969986E-02  0.0000000E+00  0.9999876E+00

         1   489      0  0.0000000E+00  0.0000000E+00  0.0000000E+00
         1   489      1  0.7938994E-06  0.0000000E+00  0.1000000E+01
         1   489      2  0.7410856E-04  0.0000000E+00  0.1000000E+01
         1   489      3  0.1107825E-03  0.0000000E+00  0.1000000E+01
         1   489      4  0.1474676E-03  0.0000000E+00  0.1000000E+01
         1   489      5  0.1841639E-03  0.0000000E+00  0.1000000E+01
         1   489      6  0.2208714E-03  0.0000000E+00  0.1000000E+01
         1   489      7  0.2575903E-03  0.0000000E+00  0.1000000E+01
         1   489      8  0.2943204E-03  0.0000000E+00  0.1000000E+01
         1   489      9  0.3310620E-03  0.0000000E+00  0.9999999E+00
         1   489     10 -0.4969986E-02  0.0000000E+00  0.9999876E+00

         1   490      0  0.0000000E+00  0.0000000E+00  0.0000000E+00
         1   490      1  0.7938994E-06  0.0000000E+00  0.1000000E+01
         1   490      2  0.7410856E-04  0.0000000E+00  0.1000000E+01
         1   490      3  0.1107825E-03  0.0000000E+00  0.1000000E+01
         1   490      4  0.1474676E-03  0.0000000E+00  0.1000000E+01
         1   490      5  0.1841639E-03  0.0000000E+00  0.1000000E+01
         1   490      6  0.2208714E-03  0.0000000E+00  0.1000000E+01
         1   490      7  0.2575903E-03  0.0000000E+00  0.1000000E+01
         1   490      8  0.2943204E-03  0.0000000E+00  0.1000000E+01
         1   490      9  0.3310620E-03  0.0000000E+00  0.9999999E+00
         1   490     10 -0.4969986E-02  0.0000000E+00  0.9999876E+00

         1   491      0  0.0000000E+00  0.0000000E+00  0.0000000E+00
         1   491      1  0.8115416E-06  0.0000000E+00  0.1000000E+01
         1   491      2  0.7421120E-04  0.0000000E+00  0.1000000E+01
         1   491      3  0.1109277E-03  0.0000000E+00  0.1000000E+01
         1   491      4  0.1476553E-03  0.0000000E+00  0.1000000E+01
         1   491      5  0.1843941E-03  0.0000000E+00  0.1000000E+01
         1   491      6  0.2211441E-03  0.0000000E+00  0.1000000E+01
         1   491      7  0.2579054E-03  0.0000000E+00  0.1000000E+01
         1   491      8  0.2946781E-03  0.0000000E+00  0.1000000E+01
         1   491      9  0.3314622E-03  0.0000000E+00  0.9999999E+00
         1   491     10 -0.4967797E-02  0.0000000E+00  0.9999877E+00

         1   492      0  0.0000000E+00  0.0000000E+00  0.0000000E+00
         1   492      1  0.8115416E-06  0.0000000E+00  0.1000000E+01
         1   492      2  0.7421120E-04  0.0000000E+00  0.1000000E+01
         1   492      3  0.1109277E-03  0.0000000E+00  0.1000000E+01
         1   492      4  0.1476553E-03  0.0000000E+00  0.1000000E+01
         1   492      5  0.1843941E-03  0.0000000E+00  0.1000000E+01
         1   492      6  0.2211441E-03  0.0000000E+00  0.1000000E+01
         1   492      7  0.2579054E-03  0.0000000E+00  0.1000000E+01
         1   492      8  0.2946781E-03  0.0000000E+00  0.1000000E+01
         1   492      9  0.3314622E-03  0.0000000E+00  0.9999999E+00
         1   492     10 -0.4967797E-02  0.0000000E+00  0.9999877E+00

         1   493      0  0.0000000E+00  0.0000000E+00  0.0000000E+00
         1   493      1  0.8115416E-06  0.0000000E+00  0.1000000E+01
         1   493      2  0.7421120E-04  0.0000000E+00  0.1000000E+01
         1   493      3  0.1109277E-03  0.0000000E+00  0.1000000E+01
         1   493      4  0.1476553E-03  0.0000000E+00  0.1000000E+01
         1   493      5  0.1843941E-03  0.0000000E+00  0.1000000E+01
         1   493      6  0.2211441E-03  0.0000000E+00  0.1000000E+01
         1   493      7  0.2579054E-03  0.0000000E+00  0.1000000E+01
         1   493      8  0.2946781E-03  0.0000000E+00  0.1000000E+01
         1   493      9  0.3314622E-03  0.0000000E+00  0.9999999E+00
         1   493     10 -0.4967797E-02  0.0000000E+00  0.9999877E+00

         1   494      0  0.0000000E+00  0.0000000E+00  0.0000000E+00
         1   494      1  0.8115416E-06  0.0000000E+00  0.1000000E+01
         1   494      2  0.7421120E-04  0.0000000E+00  0.1000000E+01
         1   494      3  0.1109277E-03  0.0000000E+00  0.1000000E+01
         1   494      4  0.1476553E-03  0.0000000E+00  0.1000000E+01
         1   494      5  0.1843941E-03  0.0000000E+00  0.1000000E+01
         1   494      6  0.2211441E-03  0.0000000E+00  0.1000000E+01
         1   494      7  0.2579054E-03  0.0000000E+00  0.1000000E+01
         1   494      8  0.2946781E-03  0.0000000E+00  0.1000000E+01
         1   494      9  0.3314622E-03  0.0000000E+00  0.9999999E+00
         1   494     10 -0.4967797E-02  0.0000000E+00  0.9999877E+00

         1   495      0  0.0000000E+00  0.0000000E+00  0.0000000E+00
         1   495      1  0.8115416E-06  0.0000000E+00  0.1000000E+01
         1   495      2  0.4536922E-04  0.0000000E+00  0.1000000E+01
         1   495      3  0.6766340E-04  0.0000000E+00  0.1000000E+01
         1   495      4  0.8996794E-04  0.0000000E+00  0.1000000E+01
         1   495      5  0.1122829E-03  0.0000000E+00  0.1000000E+01
         1   495      6  0.1346085E-03  0.0000000E+00  0.1000000E+01
         1   495      7  0.1569447E-03  0.0000000E+00  0.1000000E+01
         1   495      8  0.1792916E-03  0.0000000E+00  0.1000000E+01
         1   495      9  0.2016494E-03  0.0000000E+00  0.1000000E+01
         1   495     10 -0.4738321E-02  0.0000000E+00  0.9999888E+00

         1   496      0  0.0000000E+00  0.0000000E+00  0.0000000E+00
         1   496      1  0.8115416E-06  0.0000000E+00  0.1000000E+01
         1   496      2  0.1833642E-04  0.0000000E+00  0.1000000E+01
         1   496      3  0.2711290E-04  0.0000000E+00  0.1000000E+01
         1   496      4  0.3589894E-04  0.0000000E+00  0.1000000E+01
         1   496      5  0.4469470E-04  0.0000000E+00  0.1000000E+01
         1   496      6  0.5350033E-04  0.0000000E+00  0.1000000E+01
         1   496      7  0.6231597E-04  0.0000000E+00  0.1000000E+01
         1   496      8  0.7114179E-04  0.0000000E+00  0.1000000E+01
         1   496      9  0.7997793E-04  0.0000000E+00  0.1000000E+01
         1   496     10 -0.4514410E-02  0.0000000E+00  0.9999898E+00

         1   497      0  0.0000000E+00  0.0000000E+00  0.0000000E+00
         1   497      1  0.8115416E-06  0.0000000E+00  0.1000000E+01
         1   497      2  0.1833642E-04  0.0000000E+00  0.1000000E+01
         1   497      3  0.2711290E-04  0.0000000E+00  0.1000000E+01
         1   497      4  0.3589894E-04  0.0000000E+00  0.1000000E+01
         1   497      5  0.4469470E-04  0.0000000E+00  0.1000000E+01
         1   497      6  0.5350033E-04  0.0000000E+00  0.1000000E+01
         1   497      7  0.6231597E-04  0.0000000E+00  0.1000000E+01
         1   497      8  0.7114179E-04  0.0000000E+00  0.1000000E+01
         1   497      9  0.7997793E-04  0.0000000E+00  0.1000000E+01
         1   497     10 -0.4514410E-02  0.0000000E+00  0.9999898E+00

         1   498      0  0.0000000E+00  0.0000000E+00  0.0000000E+00
         1   498      1  0.8115416E-06  0.0000000E+00  0.1000000E+01
         1   498      2  0.1833642E-04  0.0000000E+00  0.1000000E+01
         1   498      3  0.2711290E-04  0.0000000E+00  0.1000000E+01
         1   498      4  0.3589894E-04  0.0000000E+00  0.1000000E+01
         1   498      5  0.4469470E-04  0.0000000E+00  0.1000000E+01
         1   498      6  0.5350033E-04  0.0000000E+00  0.1000000E+01
         1   498      7  0.6231597E-04  0.0000000E+00  0.1000000E+01
         1   498      8  0.7114179E-04  0.0000000E+00  0.1000000E+01
         1   498      9  0.7997793E-04  0.0000000E+00  0.1000000E+01
         1   498     10 -0.4514410E-02  0.0000000E+00  0.9999898E+00

         1   499      0  0.0000000E+00  0.0000000E+00  0.0000000E+00
         1   499      1  0.8115416E-06  0.0000000E+00  0.1000000E+01
         1   499      2  0.1833642E-04  0.0000000E+00  0.1000000E+01
         1   499      3  0.2711290E-04  0.0000000E+00  0.1000000E+01
         1   499      4  0.3589894E-04  0.0000000E+00  0.1000000E+01
         1   499      5  0.4469470E-04  0.0000000E+00  0.1000000E+01
         1   499      6  0.5350033E-04  0.0000000E+00  0.1000000E+01
         1   499      7  0.6231597E-04  0.0000000E+00  0.1000000E+01
         1   499      8  0.7114179E-04  0.0000000E+00  0.1000000E+01
         1   499      9  0.7997793E-04  0.0000000E+00  0.1000000E+01
         1   499     10 -0.4514410E-02  0.0000000E+00  0.9999898E+00

         1   500      0  0.0000000E+00  0.0000000E+00  0.0000000E+00
         1   500      1  0.8291838E-06  0.0000000E+00  0.1000000E+01
         1   500      2  0.1839295E-04  0.0000000E+00  0.1000000E+01
         1   500      3  0.2718887E-04  0.0000000E+00  0.1000000E+01
         1   500      4  0.3599436E-04  0.0000000E+00  0.1000000E+01
         1   500      5  0.4480957E-04  0.0000000E+00  0.1000000E+01
         1   500      6  0.5363464E-04  0.0000000E+00  0.1000000E+01
         1   500      7  0.6246974E-04  0.0000000E+00  0.1000000E+01
         1   500      8  0.7131501E-04  0.0000000E+00  0.1000000E+01
         1   500      9  0.8017061E-04  0.0000000E+00  0.1000000E+01
         1   500     10 -0.4512079E-02  0.0000000E+00  0.9999898E+00

         1   501      0  0.0000000E+00  0.0000000E+00  0.0000000E+00
         1   501      1  0.8291838E-06  0.0000000E+00  0.1000000E+01
         1   501      2  0.1839295E-04  0.0000000E+00  0.1000000E+01
         1   501      3  0.2718887E-04  0.0000000E+00  0.1000000E+01
         1   501      4  0.3599436E-04  0.0000000E+00  0.1000000E+01
         1   501      5  0.4480957E-04  0.0000000E+00  0.1000000E+01
         1   501      6  0.5363464E-04  0.0000000E+00  0.1000000E+01
         1   501      7  0.6246974E-04  0.0000000E+00  0.1000000E+01
         1   501      8  0.7131501E-04  0.0000000E+00  0.1000000E+01
         1   501      9  0.8017061E-04  0.0000000E+00  0.1000000E+01
         1   501     10 -0.4512079E-02  0.0000000E+00  0.9999898E+00

         1   502      0  0.0000000E+00  0.0000000E+00  0.0000000E+00
         1   502      1  0.8291838E-06  0.0000000E+00  0.1000000E+01
         1   502      2  0.1839295E-04  0.0000000E+00  0.1000000E+01
         1   502      3  0.2718887E-04  0.0000000E+00  0.1000000E+01
         1   502      4  0.3599436E-04  0.0000000E+00  0.1000000E+01
         1   502      5  0.4480957E-04  0.0000000E+00  0.1000000E+01
         1   502      6  0.5363464E-04  0.0000000E+00  0.1000000E+01
         1   502      7  0.6246974E-04  0.0000000E+00  0.1000000E+01
         1   502      8  0.7131501E-04  0.0000000E+00  0.1000000E+01
         1   502      9  0.8017061E-04  0.0000000E+00  0.1000000E+01
         1   502     10 -0.4512079E-02  0.0000000E+00  0.9999898E+00

         1   503      0  0.0000000E+00  0.0000000E+00  0.0000000E+00
         1   503      1  0.8291838E-06  0.0000000E+00  0.1000000E+01
         1   503      2  0.1839295E-04  0.0000000E+00  0.1000000E+01
         1   503      3  0.2718887E-04  0.0000000E+00  0.1000000E+01
         1   503      4  0.3599436E-04  0.0000000E+00  0.1000000E+01
         1   503      5  0.4480957E-04  0.0000000E+00  0.1000000E+01
         1   503      6  0.5363464E-04  0.0000000E+00  0.1000000E+01
         1   503      7  0.6246974E-04  0.0000000E+00  0.1000000E+01
         1   503      8  0.7131501E-04  0.0000000E+00  0.1000000E+01
         1   503      9  0.8017061E-04  0.0000000E+00  0.1000000E+01
         1   503     10 -0.4512079E-02  0.0000000E+00  0.9999898E+00

         1   504      0  0.0000000E+00  0.0000000E+00  0.0000000E+00
         1   504      1  0.8291838E-06  0.0000000E+00  0.1000000E+01
         1   504      2  0.3582765E-04  0.0000000E+00  0.1000000E+01
         1   504      3  0.5334331E-04  0.0000000E+00  0.1000000E+01
         1   504      4  0.7086992E-04  0.0000000E+00  0.1000000E+01
         1   504      5  0.8840748E-04  0.0000000E+00  0.1000000E+01
         1   504      6  0.1059560E-03  0.0000000E+00  0.1000000E+01
         1   504      7  0.1235155E-03  0.0000000E+00  0.1000000E+01
         1   504      8  0.1410860E-03  0.0000000E+00  0.1000000E+01
         1   504      9  0.1586674E-03  0.0000000E+00  0.1000000E+01
         1   504     10 -0.4817880E-02  0.0000000E+00  0.9999884E+00

         1   505      0  0.0000000E+00  0.0000000E+00  0.0000000E+00
         1   505      1  0.8291838E-06  0.0000000E+00  0.1000000E+01
         1   505      2  0.5161255E-04  0.0000000E+00  0.1000000E+01
         1   505      3  0.7702300E-04  0.0000000E+00  0.1000000E+01
         1   505      4  0.1024458E-03  0.0000000E+00  0.1000000E+01
         1   505      5  0.1278807E-03  0.0000000E+00  0.1000000E+01
         1   505      6  0.1533277E-03  0.0000000E+00  0.1000000E+01
         1   505      7  0.1787865E-03  0.0000000E+00  0.1000000E+01
         1   505      8  0.2042571E-03  0.0000000E+00  0.1000000E+01
         1   505      9  0.2297393E-03  0.0000000E+00  0.1000000E+01
         1   505     10 -0.5118190E-02  0.0000000E+00  0.9999869E+00

         1   506      0  0.0000000E+00  0.0000000E+00  0.0000000E+00
         1   506      1  0.8291838E-06  0.0000000E+00  0.1000000E+01
         1   506      2  0.5161255E-04  0.0000000E+00  0.1000000E+01
         1   506      3  0.7702300E-04  0.0000000E+00  0.1000000E+01
         1   506      4  0.1024458E-03  0.0000000E+00  0.1000000E+01
         1   506      5  0.1278807E-03  0.0000000E+00  0.1000000E+01
         1   506      6  0.1533277E-03  0.0000000E+00  0.1000000E+01
         1   506      7  0.1787865E-03  0.0000000E+00  0.1000000E+01
         1   506      8  0.2042571E-03  0.0000000E+00  0.1000000E+01
         1   506      9  0.2297393E-03  0.0000000E+00  0.1000000E+01
         1   506     10 -0.5118190E-02  0.0000000E+00  0.9999869E+00

         1   507      0  0.0000000E+00  0.0000000E+00  0.0000000E+00
         1   507      1  0.8291838E-06  0.0000000E+00  0.1000000E+01
         1   507      2  0.5161255E-04  0.0000000E+00  0.1000000E+01
         1   507      3  0.7702300E-04  0.0000000E+00  0.1000000E+01
         1   507      4  0.1024458E-03  0.0000000E+00  0.1000000E+01
         1   507      5  0.1278807E-03  0.0000000E+00  0.1000000E+01
         1   507      6  0.1533277E-03  0.0000000E+00  0.1000000E+01
         1   507      7  0.1787865E-03  0.0000000E+00  0.1000000E+01
         1   507      8  0.2042571E-03  0.0000000E+00  0.1000000E+01
         1   507      9  0.2297393E-03  0.0000000E+00  0.1000000E+01
         1   507     10 -0.5118190E-02  0.0000000E+00  0.9999869E+00

         1   508      0  0.0000000E+00  0.0000000E+00  0.0000000E+00
         1   508      1  0.8291838E-06  0.0000000E+00  0.1000000E+01
         1   508      2  0.5161255E-04  0.0000000E+00  0.1000000E+01
         1   508      3  0.7702300E-04  0.0000000E+00  0.1000000E+01
         1   508      4  0.1024458E-03  0.0000000E+00  0.1000000E+01
         1   508      5  0.1278807E-03  0.0000000E+00  0.1000000E+01
         1   508      6  0.1533277E-03  0.0000000E+00  0.1000000E+01
         1   508      7  0.1787865E-03  0.0000000E+00  0.1000000E+01
         1   508      8  0.2042571E-03  0.0000000E+00  0.1000000E+01
         1   508      9  0.2297393E-03  0.0000000E+00  0.1000000E+01
         1   508     10 -0.5118190E-02  0.0000000E+00  0.9999869E+00

         1   509      0  0.0000000E+00  0.0000000E+00  0.0000000E+00
         1   509      1  0.8468260E-06  0.0000000E+00  0.1000000E+01
         1   509      2  0.5163181E-04  0.0000000E+00  0.1000000E+01
         1   509      3  0.7704308E-04  0.0000000E+00  0.1000000E+01
         1   509      4  0.1024667E-03  0.0000000E+00  0.1000000E+01
         1   509      5  0.1279024E-03  0.0000000E+00  0.1000000E+01
         1   509      6  0.1533502E-03  0.0000000E+00  0.1000000E+01
         1   509      7  0.1788099E-03  0.0000000E+00  0.1000000E+01
         1   509      8  0.2042813E-03  0.0000000E+00  0.1000000E+01
         1   509      9  0.2297643E-03  0.0000000E+00  0.1000000E+01
         1   509     10 -0.5115735E-02  0.0000000E+00  0.9999869E+00

         1   510      0  0.0000000E+00  0.0000000E+00  0.0000000E+00
         1   510      1  0.8468260E-06  0.0000000E+00  0.1000000E+01
         1   510      2  0.5163181E-04  0.0000000E+00  0.1000000E+01
         1   510      3  0.7704308E-04  0.0000000E+00  0.1000000E+01
         1   510      4  0.1024667E-03  0.0000000E+00  0.1000000E+01
         1   510      5  0.1279024E-03  0.0000000E+00  0.1000000E+01
         1   510      6  0.1533502E-03  0.0000000E+00  0.1000000E+01
         1   510      7  0.1788099E-03  0.0000000E+00  0.1000000E+01
         1   510      8  0.2042813E-03  0.0000000E+00  0.1000000E+01
         1   510      9  0.2297643E-03  0.0000000E+00  0.1000000E+01
         1   510     10 -0.5115735E-02  0.0000000E+00  0.9999869E+00

         1   511      0  0.0000000E+00  0.0000000E+00  0.0000000E+00
         1   511      1  0.8468260E-06  0.0000000E+00  0.1000000E+01
         1   511      2  0.5163181E-04  0.0000000E+00  0.1000000E+01
         1   511      3  0.7704308E-04  0.0000000E+00  0.1000000E+01
         1   511      4  0.1024667E-03  0.0000000E+00  0.1000000E+01
         1   511      5  0.1279024E-03  0.0000000E+00  0.1000000E+01
         1   511      6  0.1533502E-03  0.0000000E+00  0.1000000E+01
         1   511      7  0.1788099E-03  0.0000000E+00  0.1000000E+01
         1   511      8  0.2042813E-03  0.0000000E+00  0.1000000E+01
         1   511      9  0.2297643E-03  0.0000000E+00  0.1000000E+01
         1   511     10 -0.5115735E-02  0.0000000E+00  0.9999869E+00

         1   512      0  0.0000000E+00  0.0000000E+00  0.0000000E+00
         1   512      1  0.8468260E-06  0.0000000E+00  0.1000000E+01
         1   512      2  0.5163181E-04  0.0000000E+00  0.1000000E+01
         1   512      3  0.7704308E-04  0.0000000E+00  0.1000000E+01
         1   512      4  0.1024667E-03  0.0000000E+00  0.1000000E+01
         1   512      5  0.1279024E-03  0.0000000E+00  0.1000000E+01
         1   512      6  0.1533502E-03  0.0000000E+00  0.1000000E+01
         1   512      7  0.1788099E-03  0.0000000E+00  0.1000000E+01
         1   512      8  0.2042813E-03  0.0000000E+00  0.1000000E+01
         1   512      9  0.2297643E-03  0.0000000E+00  0.1000000E+01
         1   512     10 -0.5115735E-02  0.0000000E+00  0.9999869E+00

         1   513      0  0.0000000E+00  0.0000000E+00  0.0000000E+00
         1   513      1  0.8468260E-06  0.0000000E+00  0.1000000E+01
         1   513      2  0.6440588E-04  0.0000000E+00  0.1000000E+01
         1   513      3  0.9620345E-04  0.0000000E+00  0.1000000E+01
         1   513      4  0.1280129E-03  0.0000000E+00  0.1000000E+01
         1   513      5  0.1598343E-03  0.0000000E+00  0.1000000E+01
         1   513      6  0.1916674E-03  0.0000000E+00  0.1000000E+01
         1   513      7  0.2235123E-03  0.0000000E+00  0.1000000E+01
         1   513      8  0.2553688E-03  0.0000000E+00  0.1000000E+01
         1   513      9  0.2872369E-03  0.0000000E+00  0.1000000E+01
         1   513     10 -0.5024335E-02  0.0000000E+00  0.9999874E+00

         1   514      0  0.0000000E+00  0.0000000E+00  0.0000000E+00
         1   514      1  0.8468260E-06  0.0000000E+00  0.1000000E+01
         1   514      2  0.7975287E-04  0.0000000E+00  0.1000000E+01
         1   514      3  0.1192233E-03  0.0000000E+00  0.1000000E+01
         1   514      4  0.1587053E-03  0.0000000E+00  0.1000000E+01
         1   514      5  0.1981989E-03  0.0000000E+00  0.1000000E+01
         1   514      6  0.2377041E-03  0.0000000E+00  0.1000000E+01
         1   514      7  0.2772209E-03  0.0000000E+00  0.1000000E+01
         1   514      8  0.3167492E-03  0.0000000E+00  0.9999999E+00
         1   514      9  0.3562892E-03  0.0000000E+00  0.9999999E+00
         1   514     10 -0.4941954E-02  0.0000000E+00  0.9999878E+00

         1   515      0  0.0000000E+00  0.0000000E+00  0.0000000E+00
         1   515      1  0.8468260E-06  0.0000000E+00  0.1000000E+01
         1   515      2  0.7975287E-04  0.0000000E+00  0.1000000E+01
         1   515      3  0.1192233E-03  0.0000000E+00  0.1000000E+01
         1   515      4  0.1587053E-03  0.0000000E+00  0.1000000E+01
         1   515      5  0.1981989E-03  0.0000000E+00  0.1000000E+01
         1   515      6  0.2377041E-03  0.0000000E+00  0.1000000E+01
         1   515      7  0.2772209E-03  0.0000000E+00  0.1000000E+01
         1   515      8  0.3167492E-03  0.0000000E+00  0.9999999E+00
         1   515      9  0.3562892E-03  0.0000000E+00  0.9999999E+00
         1   515     10 -0.4941954E-02  0.0000000E+00  0.9999878E+00

         1   516      0  0.0000000E+00  0.0000000E+00  0.0000000E+00
         1   516      1  0.8468260E-06  0.0000000E+00  0.1000000E+01
         1   516      2  0.7975287E-04  0.0000000E+00  0.1000000E+01
         1   516      3  0.1192233E-03  0.0000000E+00  0.1000000E+01
         1   516      4  0.1587053E-03  0.0000000E+00  0.1000000E+01
         1   516      5  0.1981989E-03  0.0000000E+00  0.1000000E+01
         1   516      6  0.2377041E-03  0.0000000E+00  0.1000000E+01
         1   516      7  0.2772209E-03  0.0000000E+00  0.1000000E+01
         1   516      8  0.3167492E-03  0.0000000E+00  0.9999999E+00
         1   516      9  0.3562892E-03  0.0000000E+00  0.9999999E+00
         1   516     10 -0.4941954E-02  0.0000000E+00  0.9999878E+00

         1   517      0  0.0000000E+00  0.0000000E+00  0.0000000E+00
         1   517      1  0.8468260E-06  0.0000000E+00  0.1000000E+01
         1   517      2  0.7975287E-04  0.0000000E+00  0.1000000E+01
         1   517      3  0.1192233E-03  0.0000000E+00  0.1000000E+01
         1   517      4  0.1587053E-03  0.0000000E+00  0.1000000E+01
         1   517      5  0.1981989E-03  0.0000000E+00  0.1000000E+01
         1   517      6  0.2377041E-03  0.0000000E+00  0.1000000E+01
         1   517      7  0.2772209E-03  0.0000000E+00  0.1000000E+01
         1   517      8  0.3167492E-03  0.0000000E+00  0.9999999E+00
         1   517      9  0.3562892E-03  0.0000000E+00  0.9999999E+00
         1   517     10 -0.4941954E-02  0.0000000E+00  0.9999878E+00

         1   518      0  0.0000000E+00  0.0000000E+00  0.0000000E+00
         1   518      1  0.8644682E-06  0.0000000E+00  0.1000000E+01
         1   518      2  0.7970655E-04  0.0000000E+00  0.1000000E+01
         1   518      3  0.1191450E-03  0.0000000E+00  0.1000000E+01
         1   518      4  0.1585950E-03  0.0000000E+00  0.1000000E+01
         1   518      5  0.1980566E-03  0.0000000E+00  0.1000000E+01
         1   518      6  0.2375298E-03  0.0000000E+00  0.1000000E+01
         1   518      7  0.2770146E-03  0.0000000E+00  0.1000000E+01
         1   518      8  0.3165110E-03  0.0000000E+00  0.9999999E+00
         1   518      9  0.3560190E-03  0.0000000E+00  0.9999999E+00
         1   518     10 -0.4939269E-02  0.0000000E+00  0.9999878E+00

         1   519      0  0.0000000E+00  0.0000000E+00  0.0000000E+00
         1   519      1  0.8644682E-06  0.0000000E+00  0.1000000E+01
         1   519      2  0.7970655E-04  0.0000000E+00  0.1000000E+01
         1   519      3  0.1191450E-03  0.0000000E+00  0.1000000E+01
         1   519      4  0.1585950E-03  0.0000000E+00  0.1000000E+01
         1   519      5  0.1980566E-03  0.0000000E+00  0.1000000E+01
         1   519      6  0.2375298E-03  0.0000000E+00  0.1000000E+01
         1   519      7  0.2770146E-03  0.0000000E+00  0.1000000E+01
         1   519      8  0.3165110E-03  0.0000000E+00  0.9999999E+00
         1   519      9  0.3560190E-03  0.0000000E+00  0.9999999E+00
         1   519     10 -0.4939269E-02  0.0000000E+00  0.9999878E+00

         1   520      0  0.0000000E+00  0.0000000E+00  0.0000000E+00
         1   520      1  0.8644682E-06  0.0000000E+00  0.1000000E+01
         1   520      2  0.7970655E-04  0.0000000E+00  0.1000000E+01
         1   520      3  0.1191450E-03  0.0000000E+00  0.1000000E+01
         1   520      4  0.1585950E-03  0.0000000E+00  0.1000000E+01
         1   520      5  0.1980566E-03  0.0000000E+00  0.1000000E+01
         1   520      6  0.2375298E-03  0.0000000E+00  0.1000000E+01
         1   520      7  0.2770146E-03  0.0000000E+00  0.1000000E+01
         1   520      8  0.3165110E-03  0.0000000E+00  0.9999999E+00
         1   520      9  0.3560190E-03  0.0000000E+00  0.9999999E+00
         1   520     10 -0.4939269E-02  0.0000000E+00  0.9999878E+00

         1   521      0  0.0000000E+00  0.0000000E+00  0.0000000E+00
         1   521      1  0.8644682E-06  0.0000000E+00  0.1000000E+01
         1   521      2  0.7970655E-04  0.0000000E+00  0.1000000E+01
         1   521      3  0.1191450E-03  0.0000000E+00  0.1000000E+01
         1   521      4  0.1585950E-03  0.0000000E+00  0.1000000E+01
         1   521      5  0.1980566E-03  0.0000000E+00  0.1000000E+01
         1   521      6  0.2375298E-03  0.0000000E+00  0.1000000E+01
         1   521      7  0.2770146E-03  0.0000000E+00  0.1000000E+01
         1   521      8  0.3165110E-03  0.0000000E+00  0.9999999E+00
         1   521      9  0.3560190E-03  0.0000000E+00  0.9999999E+00
         1   521     10 -0.4939269E-02  0.0000000E+00  0.9999878E+00

         1   522      0  0.0000000E+00  0.0000000E+00  0.0000000E+00
         1   522      1  0.8644682E-06  0.0000000E+00  0.1000000E+01
         1   522      2  0.1946828E-04  0.0000000E+00  0.1000000E+01
         1   522      3  0.2878705E-04  0.0000000E+00  0.1000000E+01
         1   522      4  0.3811696E-04  0.0000000E+00  0.1000000E+01
         1   522      5  0.4745792E-04  0.0000000E+00  0.1000000E+01
         1   522      6  0.5680986E-04  0.0000000E+00  0.1000000E+01
         1   522      7  0.6617268E-04  0.0000000E+00  0.1000000E+01
         1   522      8  0.7554631E-04  0.0000000E+00  0.1000000E+01
         1   522      9  0.8493067E-04  0.0000000E+00  0.1000000E+01
         1   522     10 -0.4973098E-02  0.0000000E+00  0.9999876E+00

         1   523      0  0.0000000E+00  0.0000000E+00  0.0000000E+00
         1   523      1  0.8644682E-06  0.0000000E+00  0.1000000E+01
         1   523      2 -0.4165676E-04  0.0000000E+00  0.1000000E+01
         1   523      3 -0.6290105E-04  0.0000000E+00  0.1000000E+01
         1   523      4 -0.8413466E-04  0.0000000E+00  0.1000000E+01
         1   523      5 -0.1053578E-03  0.0000000E+00  0.1000000E+01
         1   523      6 -0.1265705E-03  0.0000000E+00  0.1000000E+01
         1   523      7 -0.1477731E-03  0.0000000E+00  0.1000000E+01
         1   523      8 -0.1689656E-03  0.0000000E+00  0.1000000E+01
         1   523      9 -0.1901483E-03  0.0000000E+00  0.1000000E+01
         1   523     10 -0.5003517E-02  0.0000000E+00  0.9999875E+00

         1   524      0  0.0000000E+00  0.0000000E+00  0.0000000E+00
         1   524      1  0.8644682E-06  0.0000000E+00  0.1000000E+01
         1   524      2 -0.4165676E-04  0.0000000E+00  0.1000000E+01
         1   524      3 -0.6290105E-04  0.0000000E+00  0.1000000E+01
         1   524      4 -0.8413466E-04  0.0000000E+00  0.1000000E+01
         1   524      5 -0.1053578E-03  0.0000000E+00  0.1000000E+01
         1   524      6 -0.1265705E-03  0.0000000E+00  0.1000000E+01
         1   524      7 -0.1477731E-03  0.0000000E+00  0.1000000E+01
         1   524      8 -0.1689656E-03  0.0000000E+00  0.1000000E+01
         1   524      9 -0.1901483E-03  0.0000000E+00  0.1000000E+01
         1   524     10 -0.5003517E-02  0.0000000E+00  0.9999875E+00

         1   525      0  0.0000000E+00  0.0000000E+00  0.0000000E+00
         1   525      1  0.8644682E-06  0.0000000E+00  0.1000000E+01
         1   525      2 -0.4165676E-04  0.0000000E+00  0.1000000E+01
         1   525      3 -0.6290105E-04  0.0000000E+00  0.1000000E+01
         1   525      4 -0.8413466E-04  0.0000000E+00  0.1000000E+01
         1   525      5 -0.1053578E-03  0.0000000E+00  0.1000000E+01
         1   525      6 -0.1265705E-03  0.0000000E+00  0.1000000E+01
         1   525      7 -0.1477731E-03  0.0000000E+00  0.1000000E+01
         1   525      8 -0.1689656E-03  0.0000000E+00  0.1000000E+01
         1   525      9 -0.1901483E-03  0.0000000E+00  0.1000000E+01
         1   525     10 -0.5003517E-02  0.0000000E+00  0.9999875E+00

         1   526      0  0.0000000E+00  0.0000000E+00  0.0000000E+00
         1   526      1  0.8644682E-06  0.0000000E+00  0.1000000E+01
         1   526      2 -0.4165676E-04  0.0000000E+00  0.1000000E+01
         1   526      3 -0.6290105E-04  0.0000000E+00  0.1000000E+01
         1   526      4 -0.8413466E-04  0.0000000E+00  0.1000000E+01
         1   526      5 -0.1053578E-03  0.0000000E+00  0.1000000E+01
         1   526      6 -0.1265705E-03  0.0000000E+00  0.1000000E+01
         1   526      7 -0.1477731E-03  0.0000000E+00  0.1000000E+01
         1   526      8 -0.1689656E-03  0.0000000E+00  0.1000000E+01
         1   526      9 -0.1901483E-03  0.0000000E+00  0.1000000E+01
         1   526     10 -0.5003517E-02  0.0000000E+00  0.9999875E+00

         1   527      0  0.0000000E+00  0.0000000E+00  0.0000000E+00
         1   527      1  0.8821104E-06  0.0000000E+00  0.1000000E+01
         1   527      2 -0.4172312E-04  0.0000000E+00  0.1000000E+01
         1   527      3 -0.6300940E-04  0.0000000E+00  0.1000000E+01
         1   527      4 -0.8428501E-04  0.0000000E+00  0.1000000E+01
         1   527      5 -0.1055501E-03  0.0000000E+00  0.1000000E+01
         1   527      6 -0.1268049E-03  0.0000000E+00  0.1000000E+01
         1   527      7 -0.1480494E-03  0.0000000E+00  0.1000000E+01
         1   527      8 -0.1692839E-03  0.0000000E+00  0.1000000E+01
         1   527      9 -0.1905086E-03  0.0000000E+00  0.1000000E+01
         1   527     10 -0.5000756E-02  0.0000000E+00  0.9999875E+00

         1   528      0  0.0000000E+00  0.0000000E+00  0.0000000E+00
         1   528      1  0.8821104E-06  0.0000000E+00  0.1000000E+01
         1   528      2 -0.4172312E-04  0.0000000E+00  0.1000000E+01
         1   528      3 -0.6300940E-04  0.0000000E+00  0.1000000E+01
         1   528      4 -0.8428501E-04  0.0000000E+00  0.1000000E+01
         1   528      5 -0.1055501E-03  0.0000000E+00  0.1000000E+01
         1   528      6 -0.1268049E-03  0.0000000E+00  0.1000000E+01
         1   528      7 -0.1480494E-03  0.0000000E+00  0.1000000E+01
         1   528      8 -0.1692839E-03  0.0000000E+00  0.1000000E+01
         1   528      9 -0.1905086E-03  0.0000000E+00  0.1000000E+01
         1   528     10 -0.5000756E-02  0.0000000E+00  0.9999875E+00

         1   529      0  0.0000000E+00  0.0000000E+00  0.0000000E+00
         1   529      1  0.8821104E-06  0.0000000E+00  0.1000000E+01
         1   529      2 -0.4172312E-04  0.0000000E+00  0.1000000E+01
         1   529      3 -0.6300940E-04  0.0000000E+00  0.1000000E+01
         1   529      4 -0.8428501E-04  0.0000000E+00  0.1000000E+01
         1   529      5 -0.1055501E-03  0.0000000E+00  0.1000000E+01
         1   529      6 -0.1268049E-03  0.0000000E+00  0.1000000E+01
         1   529      7 -0.1480494E-03  0.0000000E+00  0.1000000E+01
         1   529      8 -0.1692839E-03  0.0000000E+00  0.1000000E+01
         1   529      9 -0.1905086E-03  0.0000000E+00  0.1000000E+01
         1   529     10 -0.5000756E-02  0.0000000E+00  0.9999875E+00

         1   530      0  0.0000000E+00  0.0000000E+00  0.0000000E+00
         1   530      1  0.8821104E-06  0.0000000E+00  0.1000000E+01
         1   530      2 -0.4172312E-04  0.0000000E+00  0.1000000E+01
         1   530      3 -0.6300940E-04  0.0000000E+00  0.1000000E+01
         1   530      4 -0.8428501E-04  0.0000000E+00  0.1000000E+01
         1   530      5 -0.1055501E-03  0.0000000E+00  0.1000000E+01
         1   530      6 -0.1268049E-03  0.0000000E+00  0.1000000E+01
         1   530      7 -0.1480494E-03  0.0000000E+00  0.1000000E+01
         1   530      8 -0.1692839E-03  0.0000000E+00  0.1000000E+01
         1   530      9 -0.1905086E-03  0.0000000E+00  0.1000000E+01
         1   530     10 -0.5000756E-02  0.0000000E+00  0.9999875E+00

         1   531      0  0.0000000E+00  0.0000000E+00  0.0000000E+00
         1   531      1  0.8821104E-06  0.0000000E+00  0.1000000E+01
         1   531      2 -0.4979269E-05  0.0000000E+00  0.1000000E+01
         1   531      3 -0.7893641E-05  0.0000000E+00  0.1000000E+01
         1   531      4 -0.1079735E-04  0.0000000E+00  0.1000000E+01
         1   531      5 -0.1369057E-04  0.0000000E+00  0.1000000E+01
         1   531      6 -0.1657347E-04  0.0000000E+00  0.1000000E+01
         1   531      7 -0.1944619E-04  0.0000000E+00  0.1000000E+01
         1   531      8 -0.2230892E-04  0.0000000E+00  0.1000000E+01
         1   531      9 -0.2516182E-04  0.0000000E+00  0.1000000E+01
         1   531     10 -0.5000617E-02  0.0000000E+00  0.9999875E+00

         1   532      0  0.0000000E+00  0.0000000E+00  0.0000000E+00
         1   532      1  0.8821104E-06  0.0000000E+00  0.1000000E+01
         1   532      2  0.3705765E-04  0.0000000E+00  0.1000000E+01
         1   532      3  0.5516170E-04  0.0000000E+00  0.1000000E+01
         1   532      4  0.7327638E-04  0.0000000E+00  0.1000000E+01
         1   532      5  0.9140150E-04  0.0000000E+00  0.1000000E+01
         1   532      6  0.1095369E-03  0.0000000E+00  0.1000000E+01
         1   532      7  0.1276824E-03  0.0000000E+00  0.1000000E+01
         1   532      8  0.1458377E-03  0.0000000E+00  0.1000000E+01
         1   532      9  0.1640029E-03  0.0000000E+00  0.1000000E+01
         1   532     10 -0.5000496E-02  0.0000000E+00  0.9999875E+00

         1   533      0  0.0000000E+00  0.0000000E+00  0.0000000E+00
         1   533      1  0.8821104E-06  0.0000000E+00  0.1000000E+01
         1   533      2  0.3705765E-04  0.0000000E+00  0.1000000E+01
         1   533      3  0.5516170E-04  0.0000000E+00  0.1000000E+01
         1   533      4  0.7327638E-04  0.0000000E+00  0.1000000E+01
         1   533      5  0.9140150E-04  0.0000000E+00  0.1000000E+01
         1   533      6  0.1095369E-03  0.0000000E+00  0.1000000E+01
         1   533      7  0.1276824E-03  0.0000000E+00  0.1000000E+01
         1   533      8  0.1458377E-03  0.0000000E+00  0.1000000E+01
         1   533      9  0.1640029E-03  0.0000000E+00  0.1000000E+01
         1   533     10 -0.5000496E-02  0.0000000E+00  0.9999875E+00

         1   534      0  0.0000000E+00  0.0000000E+00  0.0000000E+00
         1   534      1  0.8821104E-06  0.0000000E+00  0.1000000E+01
         1   534      2  0.3705765E-04  0.0000000E+00  0.1000000E+01
         1   534      3  0.5516170E-04  0.0000000E+00  0.1000000E+01
         1   534      4  0.7327638E-04  0.0000000E+00  0.1000000E+01
         1   534      5  0.9140150E-04  0.0000000E+00  0.1000000E+01
         1   534      6  0.1095369E-03  0.0000000E+00  0.1000000E+01
         1   534      7  0.1276824E-03  0.0000000E+00  0.1000000E+01
         1   534      8  0.1458377E-03  0.0000000E+00  0.1000000E+01
         1   534      9  0.1640029E-03  0.0000000E+00  0.1000000E+01
         1   534     10 -0.5000496E-02  0.0000000E+00  0.9999875E+00

         1   535      0  0.0000000E+00  0.0000000E+00  0.0000000E+00
         1   535      1  0.8821104E-06  0.0000000E+00  0.1000000E+01
         1   535      2  0.3705765E-04  0.0000000E+00  0.1000000E+01
         1   535      3  0.5516170E-04  0.0000000E+00  0.1000000E+01
         1   535      4  0.7327638E-04  0.0000000E+00  0.1000000E+01
         1   535      5  0.9140150E-04  0.0000000E+00  0.1000000E+01
         1   535      6  0.1095369E-03  0.0000000E+00  0.1000000E+01
         1   535      7  0.1276824E-03  0.0000000E+00  0.1000000E+01
         1   535      8  0.1458377E-03  0.0000000E+00  0.1000000E+01
         1   535      9  0.1640029E-03  0.0000000E+00  0.1000000E+01
         1   535     10 -0.5000496E-02  0.0000000E+00  0.9999875E+00

         1   536      0  0.0000000E+00  0.0000000E+00  0.0000000E+00
         1   536      1  0.8821104E-06  0.0000000E+00  0.1000000E+01
         1   536      2  0.3705765E-04  0.0000000E+00  0.1000000E+01
         1   536      3  0.5516170E-04  0.0000000E+00  0.1000000E+01
         1   536      4  0.7327638E-04  0.0000000E+00  0.1000000E+01
         1   536      5  0.9140150E-04  0.0000000E+00  0.1000000E+01
         1   536      6  0.1095369E-03  0.0000000E+00  0.1000000E+01
         1   536      7  0.1276824E-03  0.0000000E+00  0.1000000E+01
         1   536      8  0.1458377E-03  0.0000000E+00  0.1000000E+01
         1   536      9  0.1640029E-03  0.0000000E+00  0.1000000E+01
         1   536     10 -0.5000496E-02  0.0000000E+00  0.9999875E+00

         1   537      0  0.0000000E+00  0.0000000E+00  0.0000000E+00
         1   537      1  0.8821104E-06  0.0000000E+00  0.1000000E+01
         1   537      2  0.3705765E-04  0.0000000E+00  0.1000000E+01
         1   537      3  0.5516170E-04  0.0000000E+00  0.1000000E+01
         1   537      4  0.7327638E-04  0.0000000E+00  0.1000000E+01
         1   537      5  0.9140150E-04  0.0000000E+00  0.1000000E+01
         1   537      6  0.1095369E-03  0.0000000E+00  0.1000000E+01
         1   537      7  0.1276824E-03  0.0000000E+00  0.1000000E+01
         1   537      8  0.1458377E-03  0.0000000E+00  0.1000000E+01
         1   537      9  0.1640029E-03  0.0000000E+00  0.1000000E+01
         1   537     10 -0.5000496E-02  0.0000000E+00  0.9999875E+00

         1   538      0  0.0000000E+00  0.0000000E+00  0.0000000E+00
         1   538      1  0.8821104E-06  0.0000000E+00  0.1000000E+01
         1   538      2  0.3705765E-04  0.0000000E+00  0.1000000E+01
         1   538      3  0.5516170E-04  0.0000000E+00  0.1000000E+01
         1   538      4  0.7327638E-04  0.0000000E+00  0.1000000E+01
         1   538      5  0.9140150E-04  0.0000000E+00  0.1000000E+01
         1   538      6  0.1095369E-03  0.0000000E+00  0.1000000E+01
         1   538      7  0.1276824E-03  0.0000000E+00  0.1000000E+01
         1   538      8  0.1458377E-03  0.0000000E+00  0.1000000E+01
         1   538      9  0.1640029E-03  0.0000000E+00  0.1000000E+01
         1   538     10 -0.5000496E-02  0.0000000E+00  0.9999875E+00

         1   539      0  0.0000000E+00  0.0000000E+00  0.0000000E+00
         1   539      1  0.8821104E-06  0.0000000E+00  0.1000000E+01
         1   539      2  0.3705765E-04  0.0000000E+00  0.1000000E+01
         1   539      3  0.5516170E-04  0.0000000E+00  0.1000000E+01
         1   539      4  0.7327638E-04  0.0000000E+00  0.1000000E+01
         1   539      5  0.9140150E-04  0.0000000E+00  0.1000000E+01
         1   539      6  0.1095369E-03  0.0000000E+00  0.1000000E+01
         1   539      7  0.1276824E-03  0.0000000E+00  0.1000000E+01
         1   539      8  0.1458377E-03  0.0000000E+00  0.1000000E+01
         1   539      9  0.1640029E-03  0.0000000E+00  0.1000000E+01
         1   539     10 -0.5000496E-02  0.0000000E+00  0.9999875E+00

         1   540      0  0.0000000E+00  0.0000000E+00  0.0000000E+00
         1   540      1  0.8821104E-06  0.0000000E+00  0.1000000E+01
         1   540      2 -0.3114191E-04  0.0000000E+00  0.1000000E+01
         1   540      3 -0.4713733E-04  0.0000000E+00  0.1000000E+01
         1   540      4 -0.6312176E-04  0.0000000E+00  0.1000000E+01
         1   540      5 -0.7909526E-04  0.0000000E+00  0.1000000E+01
         1   540      6 -0.9505787E-04  0.0000000E+00  0.1000000E+01
         1   540      7 -0.1110097E-03  0.0000000E+00  0.1000000E+01
         1   540      8 -0.1269507E-03  0.0000000E+00  0.1000000E+01
         1   540      9 -0.1428810E-03  0.0000000E+00  0.1000000E+01
         1   540     10 -0.5000167E-02  0.0000000E+00  0.9999875E+00
