# number of spin vectors:      11
# iteration   EID vector   S_X            S_Y            S_Z
         0     0      0  0.0000000E+00  0.0000000E+00  0.0000000E+00
         0     0      1  0.0000000E+00  0.0000000E+00  0.1000000E+01
         0     0      2  0.0000000E+00  0.0000000E+00  0.1000000E+01
         0     0      3  0.0000000E+00  0.0000000E+00  0.1000000E+01
         0     0      4  0.0000000E+00  0.0000000E+00  0.1000000E+01
         0     0      5  0.0000000E+00  0.0000000E+00  0.1000000E+01
         0     0      6  0.0000000E+00  0.0000000E+00  0.1000000E+01
         0     0      7  0.0000000E+00  0.0000000E+00  0.1000000E+01
         0     0      8  0.0000000E+00  0.0000000E+00  0.1000000E+01
         0     0      9  0.0000000E+00  0.0000000E+00  0.1000000E+01
         0     0     10  0.0000000E+00  0.0000000E+00  0.1000000E+01

         1     1      0  0.0000000E+00  0.0000000E+00  0.0000000E+00
         1     1      1  0.0000000E+00  0.0000000E+00  0.1000000E+01
         1     1      2 -0.9385902E-04  0.0000000E+00  0.1000000E+01
         1     1      3 -0.1407885E-03  0.0000000E+00  0.1000000E+01
         1     1      4 -0.1877180E-03  0.0000000E+00  0.1000000E+01
         1     1      5 -0.2346475E-03  0.0000000E+00  0.1000000E+01
         1     1      6 -0.2815771E-03  0.0000000E+00  0.1000000E+01
         1     1      7 -0.3285066E-03  0.0000000E+00  0.9999999E+00
         1     1      8 -0.3754361E-03  0.0000000E+00  0.9999999E+00
         1     1      9 -0.4223656E-03  0.0000000E+00  0.9999999E+00
         1     1     10  0.0000000E+00  0.0000000E+00  0.1000000E+01

         1     2      0  0.0000000E+00  0.0000000E+00  0.0000000E+00
         1     2      1  0.0000000E+00  0.0000000E+00  0.1000000E+01
         1     2      2 -0.9385902E-04  0.0000000E+00  0.1000000E+01
         1     2      3 -0.1407885E-03  0.0000000E+00  0.1000000E+01
         1     2      4 -0.1877180E-03  0.0000000E+00  0.1000000E+01
         1     2      5 -0.2346475E-03  0.0000000E+00  0.1000000E+01
         1     2      6 -0.2815771E-03  0.0000000E+00  0.1000000E+01
         1     2      7 -0.3285066E-03  0.0000000E+00  0.9999999E+00
         1     2      8 -0.3754361E-03  0.0000000E+00  0.9999999E+00
         1     2      9 -0.4223656E-03  0.0000000E+00  0.9999999E+00
         1     2     10  0.0000000E+00  0.0000000E+00  0.1000000E+01

         1     3      0  0.0000000E+00  0.0000000E+00  0.0000000E+00
         1     3      1  0.0000000E+00  0.0000000E+00  0.1000000E+01
         1     3      2 -0.9385902E-04  0.0000000E+00  0.1000000E+01
         1     3      3 -0.1407885E-03  0.0000000E+00  0.1000000E+01
         1     3      4 -0.1877180E-03  0.0000000E+00  0.1000000E+01
         1     3      5 -0.2346475E-03  0.0000000E+00  0.1000000E+01
         1     3      6 -0.2815771E-03  0.0000000E+00  0.1000000E+01
         1     3      7 -0.3285066E-03  0.0000000E+00  0.9999999E+00
         1     3      8 -0.3754361E-03  0.0000000E+00  0.9999999E+00
         1     3      9 -0.4223656E-03  0.0000000E+00  0.9999999E+00
         1     3     10  0.0000000E+00  0.0000000E+00  0.1000000E+01

         1     4      0  0.0000000E+00  0.0000000E+00  0.0000000E+00
         1     4      1  0.0000000E+00  0.0000000E+00  0.1000000E+01
         1     4      2 -0.9385902E-04  0.0000000E+00  0.1000000E+01
         1     4      3 -0.1407885E-03  0.0000000E+00  0.1000000E+01
         1     4      4 -0.1877180E-03  0.0000000E+00  0.1000000E+01
         1     4      5 -0.2346475E-03  0.0000000E+00  0.1000000E+01
         1     4      6 -0.2815771E-03  0.0000000E+00  0.1000000E+01
         1     4      7 -0.3285066E-03  0.0000000E+00  0.9999999E+00
         1     4      8 -0.3754361E-03  0.0000000E+00  0.9999999E+00
         1     4      9 -0.4223656E-03  0.0000000E+00  0.9999999E+00
         1     4     10  0.0000000E+00  0.0000000E+00  0.1000000E+01

         1     5      0  0.0000000E+00  0.0000000E+00  0.0000000E+00
         1     5      1  0.0000000E+00  0.0000000E+00  0.1000000E+01
         1     5      2 -0.9385902E-04  0.0000000E+00  0.1000000E+01
         1     5      3 -0.1407885E-03  0.0000000E+00  0.1000000E+01
         1     5      4 -0.1877180E-03  0.0000000E+00  0.1000000E+01
         1     5      5 -0.2346475E-03  0.0000000E+00  0.1000000E+01
         1     5      6 -0.2815771E-03  0.0000000E+00  0.1000000E+01
         1     5      7 -0.3285066E-03  0.0000000E+00  0.9999999E+00
         1     5      8 -0.3754361E-03  0.0000000E+00  0.9999999E+00
         1     5      9 -0.4223656E-03  0.0000000E+00  0.9999999E+00
         1     5     10  0.0000000E+00  0.0000000E+00  0.1000000E+01

         1     6      0  0.0000000E+00  0.0000000E+00  0.0000000E+00
         1     6      1  0.0000000E+00  0.0000000E+00  0.1000000E+01
         1     6      2 -0.9385902E-04  0.0000000E+00  0.1000000E+01
         1     6      3 -0.1407885E-03  0.0000000E+00  0.1000000E+01
         1     6      4 -0.1877180E-03  0.0000000E+00  0.1000000E+01
         1     6      5 -0.2346475E-03  0.0000000E+00  0.1000000E+01
         1     6      6 -0.2815771E-03  0.0000000E+00  0.1000000E+01
         1     6      7 -0.3285066E-03  0.0000000E+00  0.9999999E+00
         1     6      8 -0.3754361E-03  0.0000000E+00  0.9999999E+00
         1     6      9 -0.4223656E-03  0.0000000E+00  0.9999999E+00
         1     6     10  0.0000000E+00  0.0000000E+00  0.1000000E+01

         1     7      0  0.0000000E+00  0.0000000E+00  0.0000000E+00
         1     7      1  0.0000000E+00  0.0000000E+00  0.1000000E+01
         1     7      2 -0.9385902E-04  0.0000000E+00  0.1000000E+01
         1     7      3 -0.1407885E-03  0.0000000E+00  0.1000000E+01
         1     7      4 -0.1877180E-03  0.0000000E+00  0.1000000E+01
         1     7      5 -0.2346475E-03  0.0000000E+00  0.1000000E+01
         1     7      6 -0.2815771E-03  0.0000000E+00  0.1000000E+01
         1     7      7 -0.3285066E-03  0.0000000E+00  0.9999999E+00
         1     7      8 -0.3754361E-03  0.0000000E+00  0.9999999E+00
         1     7      9 -0.4223656E-03  0.0000000E+00  0.9999999E+00
         1     7     10  0.0000000E+00  0.0000000E+00  0.1000000E+01

         1     8      0  0.0000000E+00  0.0000000E+00  0.0000000E+00
         1     8      1  0.0000000E+00  0.0000000E+00  0.1000000E+01
         1     8      2 -0.9385902E-04  0.0000000E+00  0.1000000E+01
         1     8      3 -0.1407885E-03  0.0000000E+00  0.1000000E+01
         1     8      4 -0.1877180E-03  0.0000000E+00  0.1000000E+01
         1     8      5 -0.2346475E-03  0.0000000E+00  0.1000000E+01
         1     8      6 -0.2815771E-03  0.0000000E+00  0.1000000E+01
         1     8      7 -0.3285066E-03  0.0000000E+00  0.9999999E+00
         1     8      8 -0.3754361E-03  0.0000000E+00  0.9999999E+00
         1     8      9 -0.4223656E-03  0.0000000E+00  0.9999999E+00
         1     8     10  0.0000000E+00  0.0000000E+00  0.1000000E+01

         1     9      0  0.0000000E+00  0.0000000E+00  0.0000000E+00
         1     9      1  0.0000000E+00  0.0000000E+00  0.1000000E+01
         1     9      2 -0.6043326E-04  0.0000000E+00  0.1000000E+01
         1     9      3 -0.9064989E-04  0.0000000E+00  0.1000000E+01
         1     9      4 -0.1208665E-03  0.0000000E+00  0.1000000E+01
         1     9      5 -0.1510832E-03  0.0000000E+00  0.1000000E+01
         1     9      6 -0.1812999E-03  0.0000000E+00  0.1000000E+01
         1     9      7 -0.2115165E-03  0.0000000E+00  0.1000000E+01
         1     9      8 -0.2417332E-03  0.0000000E+00  0.1000000E+01
         1     9      9 -0.2719500E-03  0.0000000E+00  0.1000000E+01
         1     9     10  0.0000000E+00  0.0000000E+00  0.1000000E+01

         1    10      0  0.0000000E+00  0.0000000E+00  0.0000000E+00
         1    10      1  0.0000000E+00  0.0000000E+00  0.1000000E+01
         1    10      2 -0.3362454E-04  0.0000000E+00  0.1000000E+01
         1    10      3 -0.5043683E-04  0.0000000E+00  0.1000000E+01
         1    10      4 -0.6724913E-04  0.0000000E+00  0.1000000E+01
         1    10      5 -0.8406145E-04  0.0000000E+00  0.1000000E+01
         1    10      6 -0.1008738E-03  0.0000000E+00  0.1000000E+01
         1    10      7 -0.1176862E-03  0.0000000E+00  0.1000000E+01
         1    10      8 -0.1344986E-03  0.0000000E+00  0.1000000E+01
         1    10      9 -0.1513111E-03  0.0000000E+00  0.1000000E+01
         1    10     10  0.0000000E+00  0.0000000E+00  0.1000000E+01

         1    11      0  0.0000000E+00  0.0000000E+00  0.0000000E+00
         1    11      1  0.0000000E+00  0.0000000E+00  0.1000000E+01
         1    11      2 -0.3362454E-04  0.0000000E+00  0.1000000E+01
         1    11      3 -0.5043683E-04  0.0000000E+00  0.1000000E+01
         1    11      4 -0.6724913E-04  0.0000000E+00  0.1000000E+01
         1    11      5 -0.8406145E-04  0.0000000E+00  0.1000000E+01
         1    11      6 -0.1008738E-03  0.0000000E+00  0.1000000E+01
         1    11      7 -0.1176862E-03  0.0000000E+00  0.1000000E+01
         1    11      8 -0.1344986E-03  0.0000000E+00  0.1000000E+01
         1    11      9 -0.1513111E-03  0.0000000E+00  0.1000000E+01
         1    11     10  0.0000000E+00  0.0000000E+00  0.1000000E+01

         1    12      0  0.0000000E+00  0.0000000E+00  0.0000000E+00
         1    12      1  0.0000000E+00  0.0000000E+00  0.1000000E+01
         1    12      2 -0.3362454E-04  0.0000000E+00  0.1000000E+01
         1    12      3 -0.5043683E-04  0.0000000E+00  0.1000000E+01
         1    12      4 -0.6724913E-04  0.0000000E+00  0.1000000E+01
         1    12      5 -0.8406145E-04  0.0000000E+00  0.1000000E+01
         1    12      6 -0.1008738E-03  0.0000000E+00  0.1000000E+01
         1    12      7 -0.1176862E-03  0.0000000E+00  0.1000000E+01
         1    12      8 -0.1344986E-03  0.0000000E+00  0.1000000E+01
         1    12      9 -0.1513111E-03  0.0000000E+00  0.1000000E+01
         1    12     10  0.0000000E+00  0.0000000E+00  0.1000000E+01

         1    13      0  0.0000000E+00  0.0000000E+00  0.0000000E+00
         1    13      1  0.0000000E+00  0.0000000E+00  0.1000000E+01
         1    13      2 -0.3362454E-04  0.0000000E+00  0.1000000E+01
         1    13      3 -0.5043683E-04  0.0000000E+00  0.1000000E+01
         1    13      4 -0.6724913E-04  0.0000000E+00  0.1000000E+01
         1    13      5 -0.8406145E-04  0.0000000E+00  0.1000000E+01
         1    13      6 -0.1008738E-03  0.0000000E+00  0.1000000E+01
         1    13      7 -0.1176862E-03  0.0000000E+00  0.1000000E+01
         1    13      8 -0.1344986E-03  0.0000000E+00  0.1000000E+01
         1    13      9 -0.1513111E-03  0.0000000E+00  0.1000000E+01
         1    13     10  0.0000000E+00  0.0000000E+00  0.1000000E+01

         1    14      0  0.0000000E+00  0.0000000E+00  0.0000000E+00
         1    14      1  0.1764221E-07  0.0000000E+00  0.1000000E+01
         1    14      2 -0.3364032E-04  0.0000000E+00  0.1000000E+01
         1    14      3 -0.5046931E-04  0.0000000E+00  0.1000000E+01
         1    14      4 -0.6729832E-04  0.0000000E+00  0.1000000E+01
         1    14      5 -0.8412735E-04  0.0000000E+00  0.1000000E+01
         1    14      6 -0.1009564E-03  0.0000000E+00  0.1000000E+01
         1    14      7 -0.1177855E-03  0.0000000E+00  0.1000000E+01
         1    14      8 -0.1346146E-03  0.0000000E+00  0.1000000E+01
         1    14      9 -0.1514438E-03  0.0000000E+00  0.1000000E+01
         1    14     10  0.2762219E-05  0.0000000E+00  0.1000000E+01

         1    15      0  0.0000000E+00  0.0000000E+00  0.0000000E+00
         1    15      1  0.1764221E-07  0.0000000E+00  0.1000000E+01
         1    15      2 -0.3364032E-04  0.0000000E+00  0.1000000E+01
         1    15      3 -0.5046931E-04  0.0000000E+00  0.1000000E+01
         1    15      4 -0.6729832E-04  0.0000000E+00  0.1000000E+01
         1    15      5 -0.8412735E-04  0.0000000E+00  0.1000000E+01
         1    15      6 -0.1009564E-03  0.0000000E+00  0.1000000E+01
         1    15      7 -0.1177855E-03  0.0000000E+00  0.1000000E+01
         1    15      8 -0.1346146E-03  0.0000000E+00  0.1000000E+01
         1    15      9 -0.1514438E-03  0.0000000E+00  0.1000000E+01
         1    15     10  0.2762219E-05  0.0000000E+00  0.1000000E+01

         1    16      0  0.0000000E+00  0.0000000E+00  0.0000000E+00
         1    16      1  0.1764221E-07  0.0000000E+00  0.1000000E+01
         1    16      2 -0.3364032E-04  0.0000000E+00  0.1000000E+01
         1    16      3 -0.5046931E-04  0.0000000E+00  0.1000000E+01
         1    16      4 -0.6729832E-04  0.0000000E+00  0.1000000E+01
         1    16      5 -0.8412735E-04  0.0000000E+00  0.1000000E+01
         1    16      6 -0.1009564E-03  0.0000000E+00  0.1000000E+01
         1    16      7 -0.1177855E-03  0.0000000E+00  0.1000000E+01
         1    16      8 -0.1346146E-03  0.0000000E+00  0.1000000E+01
         1    16      9 -0.1514438E-03  0.0000000E+00  0.1000000E+01
         1    16     10  0.2762219E-05  0.0000000E+00  0.1000000E+01

         1    17      0  0.0000000E+00  0.0000000E+00  0.0000000E+00
         1    17      1  0.1764221E-07  0.0000000E+00  0.1000000E+01
         1    17      2 -0.3364032E-04  0.0000000E+00  0.1000000E+01
         1    17      3 -0.5046931E-04  0.0000000E+00  0.1000000E+01
         1    17      4 -0.6729832E-04  0.0000000E+00  0.1000000E+01
         1    17      5 -0.8412735E-04  0.0000000E+00  0.1000000E+01
         1    17      6 -0.1009564E-03  0.0000000E+00  0.1000000E+01
         1    17      7 -0.1177855E-03  0.0000000E+00  0.1000000E+01
         1    17      8 -0.1346146E-03  0.0000000E+00  0.1000000E+01
         1    17      9 -0.1514438E-03  0.0000000E+00  0.1000000E+01
         1    17     10  0.2762219E-05  0.0000000E+00  0.1000000E+01

         1    18      0  0.0000000E+00  0.0000000E+00  0.0000000E+00
         1    18      1  0.1764221E-07  0.0000000E+00  0.1000000E+01
         1    18      2 -0.4475395E-04  0.0000000E+00  0.1000000E+01
         1    18      3 -0.6713959E-04  0.0000000E+00  0.1000000E+01
         1    18      4 -0.8952510E-04  0.0000000E+00  0.1000000E+01
         1    18      5 -0.1119105E-03  0.0000000E+00  0.1000000E+01
         1    18      6 -0.1342958E-03  0.0000000E+00  0.1000000E+01
         1    18      7 -0.1566810E-03  0.0000000E+00  0.1000000E+01
         1    18      8 -0.1790660E-03  0.0000000E+00  0.1000000E+01
         1    18      9 -0.2014509E-03  0.0000000E+00  0.1000000E+01
         1    18     10 -0.2698369E-04  0.0000000E+00  0.1000000E+01

         1    19      0  0.0000000E+00  0.0000000E+00  0.0000000E+00
         1    19      1  0.1764221E-07  0.0000000E+00  0.1000000E+01
         1    19      2 -0.5400774E-04  0.0000000E+00  0.1000000E+01
         1    19      3 -0.8102009E-04  0.0000000E+00  0.1000000E+01
         1    19      4 -0.1080322E-03  0.0000000E+00  0.1000000E+01
         1    19      5 -0.1350441E-03  0.0000000E+00  0.1000000E+01
         1    19      6 -0.1620557E-03  0.0000000E+00  0.1000000E+01
         1    19      7 -0.1890670E-03  0.0000000E+00  0.1000000E+01
         1    19      8 -0.2160780E-03  0.0000000E+00  0.1000000E+01
         1    19      9 -0.2430888E-03  0.0000000E+00  0.1000000E+01
         1    19     10 -0.6012530E-04  0.0000000E+00  0.1000000E+01

         1    20      0  0.0000000E+00  0.0000000E+00  0.0000000E+00
         1    20      1  0.1764221E-07  0.0000000E+00  0.1000000E+01
         1    20      2 -0.5400774E-04  0.0000000E+00  0.1000000E+01
         1    20      3 -0.8102009E-04  0.0000000E+00  0.1000000E+01
         1    20      4 -0.1080322E-03  0.0000000E+00  0.1000000E+01
         1    20      5 -0.1350441E-03  0.0000000E+00  0.1000000E+01
         1    20      6 -0.1620557E-03  0.0000000E+00  0.1000000E+01
         1    20      7 -0.1890670E-03  0.0000000E+00  0.1000000E+01
         1    20      8 -0.2160780E-03  0.0000000E+00  0.1000000E+01
         1    20      9 -0.2430888E-03  0.0000000E+00  0.1000000E+01
         1    20     10 -0.6012530E-04  0.0000000E+00  0.1000000E+01

         1    21      0  0.0000000E+00  0.0000000E+00  0.0000000E+00
         1    21      1  0.1764221E-07  0.0000000E+00  0.1000000E+01
         1    21      2 -0.5400774E-04  0.0000000E+00  0.1000000E+01
         1    21      3 -0.8102009E-04  0.0000000E+00  0.1000000E+01
         1    21      4 -0.1080322E-03  0.0000000E+00  0.1000000E+01
         1    21      5 -0.1350441E-03  0.0000000E+00  0.1000000E+01
         1    21      6 -0.1620557E-03  0.0000000E+00  0.1000000E+01
         1    21      7 -0.1890670E-03  0.0000000E+00  0.1000000E+01
         1    21      8 -0.2160780E-03  0.0000000E+00  0.1000000E+01
         1    21      9 -0.2430888E-03  0.0000000E+00  0.1000000E+01
         1    21     10 -0.6012530E-04  0.0000000E+00  0.1000000E+01

         1    22      0  0.0000000E+00  0.0000000E+00  0.0000000E+00
         1    22      1  0.1764221E-07  0.0000000E+00  0.1000000E+01
         1    22      2 -0.5400774E-04  0.0000000E+00  0.1000000E+01
         1    22      3 -0.8102009E-04  0.0000000E+00  0.1000000E+01
         1    22      4 -0.1080322E-03  0.0000000E+00  0.1000000E+01
         1    22      5 -0.1350441E-03  0.0000000E+00  0.1000000E+01
         1    22      6 -0.1620557E-03  0.0000000E+00  0.1000000E+01
         1    22      7 -0.1890670E-03  0.0000000E+00  0.1000000E+01
         1    22      8 -0.2160780E-03  0.0000000E+00  0.1000000E+01
         1    22      9 -0.2430888E-03  0.0000000E+00  0.1000000E+01
         1    22     10 -0.6012530E-04  0.0000000E+00  0.1000000E+01

         1    23      0  0.0000000E+00  0.0000000E+00  0.0000000E+00
         1    23      1  0.3528442E-07  0.0000000E+00  0.1000000E+01
         1    23      2 -0.5398151E-04  0.0000000E+00  0.1000000E+01
         1    23      3 -0.8098957E-04  0.0000000E+00  0.1000000E+01
         1    23      4 -0.1079974E-03  0.0000000E+00  0.1000000E+01
         1    23      5 -0.1350049E-03  0.0000000E+00  0.1000000E+01
         1    23      6 -0.1620122E-03  0.0000000E+00  0.1000000E+01
         1    23      7 -0.1890193E-03  0.0000000E+00  0.1000000E+01
         1    23      8 -0.2160260E-03  0.0000000E+00  0.1000000E+01
         1    23      9 -0.2430325E-03  0.0000000E+00  0.1000000E+01
         1    23     10 -0.5743978E-04  0.0000000E+00  0.1000000E+01

         1    24      0  0.0000000E+00  0.0000000E+00  0.0000000E+00
         1    24      1  0.3528442E-07  0.0000000E+00  0.1000000E+01
         1    24      2 -0.5398151E-04  0.0000000E+00  0.1000000E+01
         1    24      3 -0.8098957E-04  0.0000000E+00  0.1000000E+01
         1    24      4 -0.1079974E-03  0.0000000E+00  0.1000000E+01
         1    24      5 -0.1350049E-03  0.0000000E+00  0.1000000E+01
         1    24      6 -0.1620122E-03  0.0000000E+00  0.1000000E+01
         1    24      7 -0.1890193E-03  0.0000000E+00  0.1000000E+01
         1    24      8 -0.2160260E-03  0.0000000E+00  0.1000000E+01
         1    24      9 -0.2430325E-03  0.0000000E+00  0.1000000E+01
         1    24     10 -0.5743978E-04  0.0000000E+00  0.1000000E+01

         1    25      0  0.0000000E+00  0.0000000E+00  0.0000000E+00
         1    25      1  0.3528442E-07  0.0000000E+00  0.1000000E+01
         1    25      2 -0.5398151E-04  0.0000000E+00  0.1000000E+01
         1    25      3 -0.8098957E-04  0.0000000E+00  0.1000000E+01
         1    25      4 -0.1079974E-03  0.0000000E+00  0.1000000E+01
         1    25      5 -0.1350049E-03  0.0000000E+00  0.1000000E+01
         1    25      6 -0.1620122E-03  0.0000000E+00  0.1000000E+01
         1    25      7 -0.1890193E-03  0.0000000E+00  0.1000000E+01
         1    25      8 -0.2160260E-03  0.0000000E+00  0.1000000E+01
         1    25      9 -0.2430325E-03  0.0000000E+00  0.1000000E+01
         1    25     10 -0.5743978E-04  0.0000000E+00  0.1000000E+01

         1    26      0  0.0000000E+00  0.0000000E+00  0.0000000E+00
         1    26      1  0.3528442E-07  0.0000000E+00  0.1000000E+01
         1    26      2 -0.5398151E-04  0.0000000E+00  0.1000000E+01
         1    26      3 -0.8098957E-04  0.0000000E+00  0.1000000E+01
         1    26      4 -0.1079974E-03  0.0000000E+00  0.1000000E+01
         1    26      5 -0.1350049E-03  0.0000000E+00  0.1000000E+01
         1    26      6 -0.1620122E-03  0.0000000E+00  0.1000000E+01
         1    26      7 -0.1890193E-03  0.0000000E+00  0.1000000E+01
         1    26      8 -0.2160260E-03  0.0000000E+00  0.1000000E+01
         1    26      9 -0.2430325E-03  0.0000000E+00  0.1000000E+01
         1    26     10 -0.5743978E-04  0.0000000E+00  0.1000000E+01

         1    27      0  0.0000000E+00  0.0000000E+00  0.0000000E+00
         1    27      1  0.3528442E-07  0.0000000E+00  0.1000000E+01
         1    27      2 -0.7204789E-04  0.0000000E+00  0.1000000E+01
         1    27      3 -0.1080892E-03  0.0000000E+00  0.1000000E+01
         1    27      4 -0.1441304E-03  0.0000000E+00  0.1000000E+01
         1    27      5 -0.1801713E-03  0.0000000E+00  0.1000000E+01
         1    27      6 -0.2162120E-03  0.0000000E+00  0.1000000E+01
         1    27      7 -0.2522526E-03  0.0000000E+00  0.1000000E+01
         1    27      8 -0.2882929E-03  0.0000000E+00  0.1000000E+01
         1    27      9 -0.3243330E-03  0.0000000E+00  0.9999999E+00
         1    27     10  0.2449608E-04  0.0000000E+00  0.1000000E+01

         1    28      0  0.0000000E+00  0.0000000E+00  0.0000000E+00
         1    28      1  0.3528442E-07  0.0000000E+00  0.1000000E+01
         1    28      2 -0.9281844E-04  0.0000000E+00  0.1000000E+01
         1    28      3 -0.1392451E-03  0.0000000E+00  0.1000000E+01
         1    28      4 -0.1856717E-03  0.0000000E+00  0.1000000E+01
         1    28      5 -0.2320981E-03  0.0000000E+00  0.1000000E+01
         1    28      6 -0.2785243E-03  0.0000000E+00  0.1000000E+01
         1    28      7 -0.3249505E-03  0.0000000E+00  0.9999999E+00
         1    28      8 -0.3713765E-03  0.0000000E+00  0.9999999E+00
         1    28      9 -0.4178023E-03  0.0000000E+00  0.9999999E+00
         1    28     10  0.1154490E-03  0.0000000E+00  0.1000000E+01

         1    29      0  0.0000000E+00  0.0000000E+00  0.0000000E+00
         1    29      1  0.3528442E-07  0.0000000E+00  0.1000000E+01
         1    29      2 -0.9281844E-04  0.0000000E+00  0.1000000E+01
         1    29      3 -0.1392451E-03  0.0000000E+00  0.1000000E+01
         1    29      4 -0.1856717E-03  0.0000000E+00  0.1000000E+01
         1    29      5 -0.2320981E-03  0.0000000E+00  0.1000000E+01
         1    29      6 -0.2785243E-03  0.0000000E+00  0.1000000E+01
         1    29      7 -0.3249505E-03  0.0000000E+00  0.9999999E+00
         1    29      8 -0.3713765E-03  0.0000000E+00  0.9999999E+00
         1    29      9 -0.4178023E-03  0.0000000E+00  0.9999999E+00
         1    29     10  0.1154490E-03  0.0000000E+00  0.1000000E+01

         1    30      0  0.0000000E+00  0.0000000E+00  0.0000000E+00
         1    30      1  0.3528442E-07  0.0000000E+00  0.1000000E+01
         1    30      2 -0.9281844E-04  0.0000000E+00  0.1000000E+01
         1    30      3 -0.1392451E-03  0.0000000E+00  0.1000000E+01
         1    30      4 -0.1856717E-03  0.0000000E+00  0.1000000E+01
         1    30      5 -0.2320981E-03  0.0000000E+00  0.1000000E+01
         1    30      6 -0.2785243E-03  0.0000000E+00  0.1000000E+01
         1    30      7 -0.3249505E-03  0.0000000E+00  0.9999999E+00
         1    30      8 -0.3713765E-03  0.0000000E+00  0.9999999E+00
         1    30      9 -0.4178023E-03  0.0000000E+00  0.9999999E+00
         1    30     10  0.1154490E-03  0.0000000E+00  0.1000000E+01

         1    31      0  0.0000000E+00  0.0000000E+00  0.0000000E+00
         1    31      1  0.3528442E-07  0.0000000E+00  0.1000000E+01
         1    31      2 -0.9281844E-04  0.0000000E+00  0.1000000E+01
         1    31      3 -0.1392451E-03  0.0000000E+00  0.1000000E+01
         1    31      4 -0.1856717E-03  0.0000000E+00  0.1000000E+01
         1    31      5 -0.2320981E-03  0.0000000E+00  0.1000000E+01
         1    31      6 -0.2785243E-03  0.0000000E+00  0.1000000E+01
         1    31      7 -0.3249505E-03  0.0000000E+00  0.9999999E+00
         1    31      8 -0.3713765E-03  0.0000000E+00  0.9999999E+00
         1    31      9 -0.4178023E-03  0.0000000E+00  0.9999999E+00
         1    31     10  0.1154490E-03  0.0000000E+00  0.1000000E+01

         1    32      0  0.0000000E+00  0.0000000E+00  0.0000000E+00
         1    32      1  0.5292663E-07  0.0000000E+00  0.1000000E+01
         1    32      2 -0.9272328E-04  0.0000000E+00  0.1000000E+01
         1    32      3 -0.1391112E-03  0.0000000E+00  0.1000000E+01
         1    32      4 -0.1854990E-03  0.0000000E+00  0.1000000E+01
         1    32      5 -0.2318866E-03  0.0000000E+00  0.1000000E+01
         1    32      6 -0.2782741E-03  0.0000000E+00  0.1000000E+01
         1    32      7 -0.3246615E-03  0.0000000E+00  0.9999999E+00
         1    32      8 -0.3710487E-03  0.0000000E+00  0.9999999E+00
         1    32      9 -0.4174358E-03  0.0000000E+00  0.9999999E+00
         1    32     10  0.1179046E-03  0.0000000E+00  0.1000000E+01

         1    33      0  0.0000000E+00  0.0000000E+00  0.0000000E+00
         1    33      1  0.5292663E-07  0.0000000E+00  0.1000000E+01
         1    33      2 -0.9272328E-04  0.0000000E+00  0.1000000E+01
         1    33      3 -0.1391112E-03  0.0000000E+00  0.1000000E+01
         1    33      4 -0.1854990E-03  0.0000000E+00  0.1000000E+01
         1    33      5 -0.2318866E-03  0.0000000E+00  0.1000000E+01
         1    33      6 -0.2782741E-03  0.0000000E+00  0.1000000E+01
         1    33      7 -0.3246615E-03  0.0000000E+00  0.9999999E+00
         1    33      8 -0.3710487E-03  0.0000000E+00  0.9999999E+00
         1    33      9 -0.4174358E-03  0.0000000E+00  0.9999999E+00
         1    33     10  0.1179046E-03  0.0000000E+00  0.1000000E+01

         1    34      0  0.0000000E+00  0.0000000E+00  0.0000000E+00
         1    34      1  0.5292663E-07  0.0000000E+00  0.1000000E+01
         1    34      2 -0.9272810E-04  0.0000000E+00  0.1000000E+01
         1    34      3 -0.1391220E-03  0.0000000E+00  0.1000000E+01
         1    34      4 -0.1855183E-03  0.0000000E+00  0.1000000E+01
         1    34      5 -0.2319168E-03  0.0000000E+00  0.1000000E+01
         1    34      6 -0.2783176E-03  0.0000000E+00  0.1000000E+01
         1    34      7 -0.3247206E-03  0.0000000E+00  0.9999999E+00
         1    34      8 -0.3711259E-03  0.0000000E+00  0.9999999E+00
         1    34      9 -0.4175336E-03  0.0000000E+00  0.9999999E+00
         1    34     10  0.1178194E-03  0.0000000E+00  0.1000000E+01

         1    35      0  0.0000000E+00  0.0000000E+00  0.0000000E+00
         1    35      1  0.5292663E-07  0.0000000E+00  0.1000000E+01
         1    35      2 -0.9272810E-04  0.0000000E+00  0.1000000E+01
         1    35      3 -0.1391220E-03  0.0000000E+00  0.1000000E+01
         1    35      4 -0.1855183E-03  0.0000000E+00  0.1000000E+01
         1    35      5 -0.2319168E-03  0.0000000E+00  0.1000000E+01
         1    35      6 -0.2783176E-03  0.0000000E+00  0.1000000E+01
         1    35      7 -0.3247206E-03  0.0000000E+00  0.9999999E+00
         1    35      8 -0.3711259E-03  0.0000000E+00  0.9999999E+00
         1    35      9 -0.4175336E-03  0.0000000E+00  0.9999999E+00
         1    35     10  0.1178194E-03  0.0000000E+00  0.1000000E+01

         1    36      0  0.0000000E+00  0.0000000E+00  0.0000000E+00
         1    36      1  0.5292663E-07  0.0000000E+00  0.1000000E+01
         1    36      2 -0.2208267E-04  0.0000000E+00  0.1000000E+01
         1    36      3 -0.3315425E-04  0.0000000E+00  0.1000000E+01
         1    36      4 -0.4422834E-04  0.0000000E+00  0.1000000E+01
         1    36      5 -0.5530493E-04  0.0000000E+00  0.1000000E+01
         1    36      6 -0.6638402E-04  0.0000000E+00  0.1000000E+01
         1    36      7 -0.7746560E-04  0.0000000E+00  0.1000000E+01
         1    36      8 -0.8854965E-04  0.0000000E+00  0.1000000E+01
         1    36      9 -0.9963618E-04  0.0000000E+00  0.1000000E+01
         1    36     10 -0.1817658E-03  0.0000000E+00  0.1000000E+01

         1    37      0  0.0000000E+00  0.0000000E+00  0.0000000E+00
         1    37      1  0.5292663E-07  0.0000000E+00  0.1000000E+01
         1    37      2  0.4936905E-04  0.0000000E+00  0.1000000E+01
         1    37      3  0.7402309E-04  0.0000000E+00  0.1000000E+01
         1    37      4  0.9867445E-04  0.0000000E+00  0.1000000E+01
         1    37      5  0.1233232E-03  0.0000000E+00  0.1000000E+01
         1    37      6  0.1479692E-03  0.0000000E+00  0.1000000E+01
         1    37      7  0.1726126E-03  0.0000000E+00  0.1000000E+01
         1    37      8  0.1972534E-03  0.0000000E+00  0.1000000E+01
         1    37      9  0.2218916E-03  0.0000000E+00  0.1000000E+01
         1    37     10 -0.4868527E-03  0.0000000E+00  0.9999999E+00

         1    38      0  0.0000000E+00  0.0000000E+00  0.0000000E+00
         1    38      1  0.5292663E-07  0.0000000E+00  0.1000000E+01
         1    38      2  0.4936905E-04  0.0000000E+00  0.1000000E+01
         1    38      3  0.7402309E-04  0.0000000E+00  0.1000000E+01
         1    38      4  0.9867445E-04  0.0000000E+00  0.1000000E+01
         1    38      5  0.1233232E-03  0.0000000E+00  0.1000000E+01
         1    38      6  0.1479692E-03  0.0000000E+00  0.1000000E+01
         1    38      7  0.1726126E-03  0.0000000E+00  0.1000000E+01
         1    38      8  0.1972534E-03  0.0000000E+00  0.1000000E+01
         1    38      9  0.2218916E-03  0.0000000E+00  0.1000000E+01
         1    38     10 -0.4868527E-03  0.0000000E+00  0.9999999E+00

         1    39      0  0.0000000E+00  0.0000000E+00  0.0000000E+00
         1    39      1  0.5292663E-07  0.0000000E+00  0.1000000E+01
         1    39      2  0.4936905E-04  0.0000000E+00  0.1000000E+01
         1    39      3  0.7402309E-04  0.0000000E+00  0.1000000E+01
         1    39      4  0.9867445E-04  0.0000000E+00  0.1000000E+01
         1    39      5  0.1233232E-03  0.0000000E+00  0.1000000E+01
         1    39      6  0.1479692E-03  0.0000000E+00  0.1000000E+01
         1    39      7  0.1726126E-03  0.0000000E+00  0.1000000E+01
         1    39      8  0.1972534E-03  0.0000000E+00  0.1000000E+01
         1    39      9  0.2218916E-03  0.0000000E+00  0.1000000E+01
         1    39     10 -0.4868527E-03  0.0000000E+00  0.9999999E+00

         1    40      0  0.0000000E+00  0.0000000E+00  0.0000000E+00
         1    40      1  0.5292663E-07  0.0000000E+00  0.1000000E+01
         1    40      2  0.4936905E-04  0.0000000E+00  0.1000000E+01
         1    40      3  0.7402309E-04  0.0000000E+00  0.1000000E+01
         1    40      4  0.9867445E-04  0.0000000E+00  0.1000000E+01
         1    40      5  0.1233232E-03  0.0000000E+00  0.1000000E+01
         1    40      6  0.1479692E-03  0.0000000E+00  0.1000000E+01
         1    40      7  0.1726126E-03  0.0000000E+00  0.1000000E+01
         1    40      8  0.1972534E-03  0.0000000E+00  0.1000000E+01
         1    40      9  0.2218916E-03  0.0000000E+00  0.1000000E+01
         1    40     10 -0.4868527E-03  0.0000000E+00  0.9999999E+00

         1    41      0  0.0000000E+00  0.0000000E+00  0.0000000E+00
         1    41      1  0.7056883E-07  0.0000000E+00  0.1000000E+01
         1    41      2  0.4948243E-04  0.0000000E+00  0.1000000E+01
         1    41      3  0.7418433E-04  0.0000000E+00  0.1000000E+01
         1    41      4  0.9888356E-04  0.0000000E+00  0.1000000E+01
         1    41      5  0.1235801E-03  0.0000000E+00  0.1000000E+01
         1    41      6  0.1482741E-03  0.0000000E+00  0.1000000E+01
         1    41      7  0.1729654E-03  0.0000000E+00  0.1000000E+01
         1    41      8  0.1976541E-03  0.0000000E+00  0.1000000E+01
         1    41      9  0.2223401E-03  0.0000000E+00  0.1000000E+01
         1    41     10 -0.4845213E-03  0.0000000E+00  0.9999999E+00

         1    42      0  0.0000000E+00  0.0000000E+00  0.0000000E+00
         1    42      1  0.7056883E-07  0.0000000E+00  0.1000000E+01
         1    42      2  0.4948243E-04  0.0000000E+00  0.1000000E+01
         1    42      3  0.7418433E-04  0.0000000E+00  0.1000000E+01
         1    42      4  0.9888356E-04  0.0000000E+00  0.1000000E+01
         1    42      5  0.1235801E-03  0.0000000E+00  0.1000000E+01
         1    42      6  0.1482741E-03  0.0000000E+00  0.1000000E+01
         1    42      7  0.1729654E-03  0.0000000E+00  0.1000000E+01
         1    42      8  0.1976541E-03  0.0000000E+00  0.1000000E+01
         1    42      9  0.2223401E-03  0.0000000E+00  0.1000000E+01
         1    42     10 -0.4845213E-03  0.0000000E+00  0.9999999E+00

         1    43      0  0.0000000E+00  0.0000000E+00  0.0000000E+00
         1    43      1  0.7056883E-07  0.0000000E+00  0.1000000E+01
         1    43      2  0.4947403E-04  0.0000000E+00  0.1000000E+01
         1    43      3  0.7416542E-04  0.0000000E+00  0.1000000E+01
         1    43      4  0.9884995E-04  0.0000000E+00  0.1000000E+01
         1    43      5  0.1235276E-03  0.0000000E+00  0.1000000E+01
         1    43      6  0.1481984E-03  0.0000000E+00  0.1000000E+01
         1    43      7  0.1728624E-03  0.0000000E+00  0.1000000E+01
         1    43      8  0.1975196E-03  0.0000000E+00  0.1000000E+01
         1    43      9  0.2221699E-03  0.0000000E+00  0.1000000E+01
         1    43     10 -0.4847595E-03  0.0000000E+00  0.9999999E+00

         1    44      0  0.0000000E+00  0.0000000E+00  0.0000000E+00
         1    44      1  0.7056883E-07  0.0000000E+00  0.1000000E+01
         1    44      2  0.4947403E-04  0.0000000E+00  0.1000000E+01
         1    44      3  0.7416542E-04  0.0000000E+00  0.1000000E+01
         1    44      4  0.9884995E-04  0.0000000E+00  0.1000000E+01
         1    44      5  0.1235276E-03  0.0000000E+00  0.1000000E+01
         1    44      6  0.1481984E-03  0.0000000E+00  0.1000000E+01
         1    44      7  0.1728624E-03  0.0000000E+00  0.1000000E+01
         1    44      8  0.1975196E-03  0.0000000E+00  0.1000000E+01
         1    44      9  0.2221699E-03  0.0000000E+00  0.1000000E+01
         1    44     10 -0.4847595E-03  0.0000000E+00  0.9999999E+00

         1    45      0  0.0000000E+00  0.0000000E+00  0.0000000E+00
         1    45      1  0.7056883E-07  0.0000000E+00  0.1000000E+01
         1    45      2  0.9249915E-05  0.0000000E+00  0.1000000E+01
         1    45      3  0.1382749E-04  0.0000000E+00  0.1000000E+01
         1    45      4  0.1839701E-04  0.0000000E+00  0.1000000E+01
         1    45      5  0.2295850E-04  0.0000000E+00  0.1000000E+01
         1    45      6  0.2751197E-04  0.0000000E+00  0.1000000E+01
         1    45      7  0.3205744E-04  0.0000000E+00  0.1000000E+01
         1    45      8  0.3659491E-04  0.0000000E+00  0.1000000E+01
         1    45      9  0.4112440E-04  0.0000000E+00  0.1000000E+01
         1    45     10 -0.2610331E-03  0.0000000E+00  0.1000000E+01

         1    46      0  0.0000000E+00  0.0000000E+00  0.0000000E+00
         1    46      1  0.7056883E-07  0.0000000E+00  0.1000000E+01
         1    46      2 -0.3041165E-04  0.0000000E+00  0.1000000E+01
         1    46      3 -0.4566688E-04  0.0000000E+00  0.1000000E+01
         1    46      4 -0.6093149E-04  0.0000000E+00  0.1000000E+01
         1    46      5 -0.7620548E-04  0.0000000E+00  0.1000000E+01
         1    46      6 -0.9148883E-04  0.0000000E+00  0.1000000E+01
         1    46      7 -0.1067815E-03  0.0000000E+00  0.1000000E+01
         1    46      8 -0.1220835E-03  0.0000000E+00  0.1000000E+01
         1    46      9 -0.1373948E-03  0.0000000E+00  0.1000000E+01
         1    46     10 -0.3171446E-04  0.0000000E+00  0.1000000E+01

         1    47      0  0.0000000E+00  0.0000000E+00  0.0000000E+00
         1    47      1  0.7056883E-07  0.0000000E+00  0.1000000E+01
         1    47      2 -0.3041165E-04  0.0000000E+00  0.1000000E+01
         1    47      3 -0.4566688E-04  0.0000000E+00  0.1000000E+01
         1    47      4 -0.6093149E-04  0.0000000E+00  0.1000000E+01
         1    47      5 -0.7620548E-04  0.0000000E+00  0.1000000E+01
         1    47      6 -0.9148883E-04  0.0000000E+00  0.1000000E+01
         1    47      7 -0.1067815E-03  0.0000000E+00  0.1000000E+01
         1    47      8 -0.1220835E-03  0.0000000E+00  0.1000000E+01
         1    47      9 -0.1373948E-03  0.0000000E+00  0.1000000E+01
         1    47     10 -0.3171446E-04  0.0000000E+00  0.1000000E+01

         1    48      0  0.0000000E+00  0.0000000E+00  0.0000000E+00
         1    48      1  0.7056883E-07  0.0000000E+00  0.1000000E+01
         1    48      2 -0.3041165E-04  0.0000000E+00  0.1000000E+01
         1    48      3 -0.4566688E-04  0.0000000E+00  0.1000000E+01
         1    48      4 -0.6093149E-04  0.0000000E+00  0.1000000E+01
         1    48      5 -0.7620548E-04  0.0000000E+00  0.1000000E+01
         1    48      6 -0.9148883E-04  0.0000000E+00  0.1000000E+01
         1    48      7 -0.1067815E-03  0.0000000E+00  0.1000000E+01
         1    48      8 -0.1220835E-03  0.0000000E+00  0.1000000E+01
         1    48      9 -0.1373948E-03  0.0000000E+00  0.1000000E+01
         1    48     10 -0.3171446E-04  0.0000000E+00  0.1000000E+01

         1    49      0  0.0000000E+00  0.0000000E+00  0.0000000E+00
         1    49      1  0.7056883E-07  0.0000000E+00  0.1000000E+01
         1    49      2 -0.3041165E-04  0.0000000E+00  0.1000000E+01
         1    49      3 -0.4566688E-04  0.0000000E+00  0.1000000E+01
         1    49      4 -0.6093149E-04  0.0000000E+00  0.1000000E+01
         1    49      5 -0.7620548E-04  0.0000000E+00  0.1000000E+01
         1    49      6 -0.9148883E-04  0.0000000E+00  0.1000000E+01
         1    49      7 -0.1067815E-03  0.0000000E+00  0.1000000E+01
         1    49      8 -0.1220835E-03  0.0000000E+00  0.1000000E+01
         1    49      9 -0.1373948E-03  0.0000000E+00  0.1000000E+01
         1    49     10 -0.3171446E-04  0.0000000E+00  0.1000000E+01

         1    50      0  0.0000000E+00  0.0000000E+00  0.0000000E+00
         1    50      1  0.8821104E-07  0.0000000E+00  0.1000000E+01
         1    50      2 -0.3031262E-04  0.0000000E+00  0.1000000E+01
         1    50      3 -0.4552714E-04  0.0000000E+00  0.1000000E+01
         1    50      4 -0.6075105E-04  0.0000000E+00  0.1000000E+01
         1    50      5 -0.7598432E-04  0.0000000E+00  0.1000000E+01
         1    50      6 -0.9122695E-04  0.0000000E+00  0.1000000E+01
         1    50      7 -0.1064789E-03  0.0000000E+00  0.1000000E+01
         1    50      8 -0.1217402E-03  0.0000000E+00  0.1000000E+01
         1    50      9 -0.1370108E-03  0.0000000E+00  0.1000000E+01
         1    50     10 -0.2952565E-04  0.0000000E+00  0.1000000E+01

         1    51      0  0.0000000E+00  0.0000000E+00  0.0000000E+00
         1    51      1  0.8821104E-07  0.0000000E+00  0.1000000E+01
         1    51      2 -0.3031262E-04  0.0000000E+00  0.1000000E+01
         1    51      3 -0.4552714E-04  0.0000000E+00  0.1000000E+01
         1    51      4 -0.6075105E-04  0.0000000E+00  0.1000000E+01
         1    51      5 -0.7598432E-04  0.0000000E+00  0.1000000E+01
         1    51      6 -0.9122695E-04  0.0000000E+00  0.1000000E+01
         1    51      7 -0.1064789E-03  0.0000000E+00  0.1000000E+01
         1    51      8 -0.1217402E-03  0.0000000E+00  0.1000000E+01
         1    51      9 -0.1370108E-03  0.0000000E+00  0.1000000E+01
         1    51     10 -0.2952565E-04  0.0000000E+00  0.1000000E+01

         1    52      0  0.0000000E+00  0.0000000E+00  0.0000000E+00
         1    52      1  0.8821104E-07  0.0000000E+00  0.1000000E+01
         1    52      2 -0.3028100E-04  0.0000000E+00  0.1000000E+01
         1    52      3 -0.4545599E-04  0.0000000E+00  0.1000000E+01
         1    52      4 -0.6062454E-04  0.0000000E+00  0.1000000E+01
         1    52      5 -0.7578663E-04  0.0000000E+00  0.1000000E+01
         1    52      6 -0.9094223E-04  0.0000000E+00  0.1000000E+01
         1    52      7 -0.1060913E-03  0.0000000E+00  0.1000000E+01
         1    52      8 -0.1212339E-03  0.0000000E+00  0.1000000E+01
         1    52      9 -0.1363699E-03  0.0000000E+00  0.1000000E+01
         1    52     10 -0.2733256E-04  0.0000000E+00  0.1000000E+01

         1    53      0  0.0000000E+00  0.0000000E+00  0.0000000E+00
         1    53      1  0.8821104E-07  0.0000000E+00  0.1000000E+01
         1    53      2 -0.3028100E-04  0.0000000E+00  0.1000000E+01
         1    53      3 -0.4545599E-04  0.0000000E+00  0.1000000E+01
         1    53      4 -0.6062454E-04  0.0000000E+00  0.1000000E+01
         1    53      5 -0.7578663E-04  0.0000000E+00  0.1000000E+01
         1    53      6 -0.9094223E-04  0.0000000E+00  0.1000000E+01
         1    53      7 -0.1060913E-03  0.0000000E+00  0.1000000E+01
         1    53      8 -0.1212339E-03  0.0000000E+00  0.1000000E+01
         1    53      9 -0.1363699E-03  0.0000000E+00  0.1000000E+01
         1    53     10 -0.2733256E-04  0.0000000E+00  0.1000000E+01

         1    54      0  0.0000000E+00  0.0000000E+00  0.0000000E+00
         1    54      1  0.8821104E-07  0.0000000E+00  0.1000000E+01
         1    54      2  0.2454788E-04  0.0000000E+00  0.1000000E+01
         1    54      3  0.3679345E-04  0.0000000E+00  0.1000000E+01
         1    54      4  0.4904952E-04  0.0000000E+00  0.1000000E+01
         1    54      5  0.6131611E-04  0.0000000E+00  0.1000000E+01
         1    54      6  0.7359322E-04  0.0000000E+00  0.1000000E+01
         1    54      7  0.8588087E-04  0.0000000E+00  0.1000000E+01
         1    54      8  0.9817906E-04  0.0000000E+00  0.1000000E+01
         1    54      9  0.1104878E-03  0.0000000E+00  0.1000000E+01
         1    54     10 -0.4977416E-03  0.0000000E+00  0.9999999E+00

         1    55      0  0.0000000E+00  0.0000000E+00  0.0000000E+00
         1    55      1  0.8821104E-07  0.0000000E+00  0.1000000E+01
         1    55      2  0.7801540E-04  0.0000000E+00  0.1000000E+01
         1    55      3  0.1170006E-03  0.0000000E+00  0.1000000E+01
         1    55      4  0.1560003E-03  0.0000000E+00  0.1000000E+01
         1    55      5  0.1950144E-03  0.0000000E+00  0.1000000E+01
         1    55      6  0.2340430E-03  0.0000000E+00  0.1000000E+01
         1    55      7  0.2730859E-03  0.0000000E+00  0.1000000E+01
         1    55      8  0.3121433E-03  0.0000000E+00  0.1000000E+01
         1    55      9  0.3512151E-03  0.0000000E+00  0.9999999E+00
         1    55     10 -0.9681938E-03  0.0000000E+00  0.9999995E+00

         1    56      0  0.0000000E+00  0.0000000E+00  0.0000000E+00
         1    56      1  0.8821104E-07  0.0000000E+00  0.1000000E+01
         1    56      2  0.7801540E-04  0.0000000E+00  0.1000000E+01
         1    56      3  0.1170006E-03  0.0000000E+00  0.1000000E+01
         1    56      4  0.1560003E-03  0.0000000E+00  0.1000000E+01
         1    56      5  0.1950144E-03  0.0000000E+00  0.1000000E+01
         1    56      6  0.2340430E-03  0.0000000E+00  0.1000000E+01
         1    56      7  0.2730859E-03  0.0000000E+00  0.1000000E+01
         1    56      8  0.3121433E-03  0.0000000E+00  0.1000000E+01
         1    56      9  0.3512151E-03  0.0000000E+00  0.9999999E+00
         1    56     10 -0.9681938E-03  0.0000000E+00  0.9999995E+00

         1    57      0  0.0000000E+00  0.0000000E+00  0.0000000E+00
         1    57      1  0.8821104E-07  0.0000000E+00  0.1000000E+01
         1    57      2  0.7801540E-04  0.0000000E+00  0.1000000E+01
         1    57      3  0.1170006E-03  0.0000000E+00  0.1000000E+01
         1    57      4  0.1560003E-03  0.0000000E+00  0.1000000E+01
         1    57      5  0.1950144E-03  0.0000000E+00  0.1000000E+01
         1    57      6  0.2340430E-03  0.0000000E+00  0.1000000E+01
         1    57      7  0.2730859E-03  0.0000000E+00  0.1000000E+01
         1    57      8  0.3121433E-03  0.0000000E+00  0.1000000E+01
         1    57      9  0.3512151E-03  0.0000000E+00  0.9999999E+00
         1    57     10 -0.9681938E-03  0.0000000E+00  0.9999995E+00

         1    58      0  0.0000000E+00  0.0000000E+00  0.0000000E+00
         1    58      1  0.8821104E-07  0.0000000E+00  0.1000000E+01
         1    58      2  0.7801540E-04  0.0000000E+00  0.1000000E+01
         1    58      3  0.1170006E-03  0.0000000E+00  0.1000000E+01
         1    58      4  0.1560003E-03  0.0000000E+00  0.1000000E+01
         1    58      5  0.1950144E-03  0.0000000E+00  0.1000000E+01
         1    58      6  0.2340430E-03  0.0000000E+00  0.1000000E+01
         1    58      7  0.2730859E-03  0.0000000E+00  0.1000000E+01
         1    58      8  0.3121433E-03  0.0000000E+00  0.1000000E+01
         1    58      9  0.3512151E-03  0.0000000E+00  0.9999999E+00
         1    58     10 -0.9681938E-03  0.0000000E+00  0.9999995E+00

         1    59      0  0.0000000E+00  0.0000000E+00  0.0000000E+00
         1    59      1  0.1058533E-06  0.0000000E+00  0.1000000E+01
         1    59      2  0.7808369E-04  0.0000000E+00  0.1000000E+01
         1    59      3  0.1170943E-03  0.0000000E+00  0.1000000E+01
         1    59      4  0.1561193E-03  0.0000000E+00  0.1000000E+01
         1    59      5  0.1951587E-03  0.0000000E+00  0.1000000E+01
         1    59      6  0.2342126E-03  0.0000000E+00  0.1000000E+01
         1    59      7  0.2732809E-03  0.0000000E+00  0.1000000E+01
         1    59      8  0.3123636E-03  0.0000000E+00  0.1000000E+01
         1    59      9  0.3514608E-03  0.0000000E+00  0.9999999E+00
         1    59     10 -0.9660058E-03  0.0000000E+00  0.9999995E+00

         1    60      0  0.0000000E+00  0.0000000E+00  0.0000000E+00
         1    60      1  0.1058533E-06  0.0000000E+00  0.1000000E+01
         1    60      2  0.7808369E-04  0.0000000E+00  0.1000000E+01
         1    60      3  0.1170943E-03  0.0000000E+00  0.1000000E+01
         1    60      4  0.1561193E-03  0.0000000E+00  0.1000000E+01
         1    60      5  0.1951587E-03  0.0000000E+00  0.1000000E+01
         1    60      6  0.2342126E-03  0.0000000E+00  0.1000000E+01
         1    60      7  0.2732809E-03  0.0000000E+00  0.1000000E+01
         1    60      8  0.3123636E-03  0.0000000E+00  0.1000000E+01
         1    60      9  0.3514608E-03  0.0000000E+00  0.9999999E+00
         1    60     10 -0.9660058E-03  0.0000000E+00  0.9999995E+00

         1    61      0  0.0000000E+00  0.0000000E+00  0.0000000E+00
         1    61      1  0.1058533E-06  0.0000000E+00  0.1000000E+01
         1    61      2  0.7808317E-04  0.0000000E+00  0.1000000E+01
         1    61      3  0.1170931E-03  0.0000000E+00  0.1000000E+01
         1    61      4  0.1561172E-03  0.0000000E+00  0.1000000E+01
         1    61      5  0.1951554E-03  0.0000000E+00  0.1000000E+01
         1    61      6  0.2342079E-03  0.0000000E+00  0.1000000E+01
         1    61      7  0.2732745E-03  0.0000000E+00  0.1000000E+01
         1    61      8  0.3123552E-03  0.0000000E+00  0.1000000E+01
         1    61      9  0.3514502E-03  0.0000000E+00  0.9999999E+00
         1    61     10 -0.9662865E-03  0.0000000E+00  0.9999995E+00

         1    62      0  0.0000000E+00  0.0000000E+00  0.0000000E+00
         1    62      1  0.1058533E-06  0.0000000E+00  0.1000000E+01
         1    62      2  0.7808317E-04  0.0000000E+00  0.1000000E+01
         1    62      3  0.1170931E-03  0.0000000E+00  0.1000000E+01
         1    62      4  0.1561172E-03  0.0000000E+00  0.1000000E+01
         1    62      5  0.1951554E-03  0.0000000E+00  0.1000000E+01
         1    62      6  0.2342079E-03  0.0000000E+00  0.1000000E+01
         1    62      7  0.2732745E-03  0.0000000E+00  0.1000000E+01
         1    62      8  0.3123552E-03  0.0000000E+00  0.1000000E+01
         1    62      9  0.3514502E-03  0.0000000E+00  0.9999999E+00
         1    62     10 -0.9662865E-03  0.0000000E+00  0.9999995E+00

         1    63      0  0.0000000E+00  0.0000000E+00  0.0000000E+00
         1    63      1  0.1058533E-06  0.0000000E+00  0.1000000E+01
         1    63      2  0.7126418E-04  0.0000000E+00  0.1000000E+01
         1    63      3  0.1068638E-03  0.0000000E+00  0.1000000E+01
         1    63      4  0.1424771E-03  0.0000000E+00  0.1000000E+01
         1    63      5  0.1781040E-03  0.0000000E+00  0.1000000E+01
         1    63      6  0.2137446E-03  0.0000000E+00  0.1000000E+01
         1    63      7  0.2493988E-03  0.0000000E+00  0.1000000E+01
         1    63      8  0.2850667E-03  0.0000000E+00  0.1000000E+01
         1    63      9  0.3207484E-03  0.0000000E+00  0.9999999E+00
         1    63     10 -0.7362206E-03  0.0000000E+00  0.9999997E+00

         1    64      0  0.0000000E+00  0.0000000E+00  0.0000000E+00
         1    64      1  0.1058533E-06  0.0000000E+00  0.1000000E+01
         1    64      2  0.6749805E-04  0.0000000E+00  0.1000000E+01
         1    64      3  0.1012141E-03  0.0000000E+00  0.1000000E+01
         1    64      4  0.1349436E-03  0.0000000E+00  0.1000000E+01
         1    64      5  0.1686864E-03  0.0000000E+00  0.1000000E+01
         1    64      6  0.2024426E-03  0.0000000E+00  0.1000000E+01
         1    64      7  0.2362122E-03  0.0000000E+00  0.1000000E+01
         1    64      8  0.2699953E-03  0.0000000E+00  0.1000000E+01
         1    64      9  0.3037918E-03  0.0000000E+00  0.1000000E+01
         1    64     10 -0.5116707E-03  0.0000000E+00  0.9999999E+00

         1    65      0  0.0000000E+00  0.0000000E+00  0.0000000E+00
         1    65      1  0.1058533E-06  0.0000000E+00  0.1000000E+01
         1    65      2  0.6749805E-04  0.0000000E+00  0.1000000E+01
         1    65      3  0.1012141E-03  0.0000000E+00  0.1000000E+01
         1    65      4  0.1349436E-03  0.0000000E+00  0.1000000E+01
         1    65      5  0.1686864E-03  0.0000000E+00  0.1000000E+01
         1    65      6  0.2024426E-03  0.0000000E+00  0.1000000E+01
         1    65      7  0.2362122E-03  0.0000000E+00  0.1000000E+01
         1    65      8  0.2699953E-03  0.0000000E+00  0.1000000E+01
         1    65      9  0.3037918E-03  0.0000000E+00  0.1000000E+01
         1    65     10 -0.5116707E-03  0.0000000E+00  0.9999999E+00

         1    66      0  0.0000000E+00  0.0000000E+00  0.0000000E+00
         1    66      1  0.1058533E-06  0.0000000E+00  0.1000000E+01
         1    66      2  0.6749805E-04  0.0000000E+00  0.1000000E+01
         1    66      3  0.1012141E-03  0.0000000E+00  0.1000000E+01
         1    66      4  0.1349436E-03  0.0000000E+00  0.1000000E+01
         1    66      5  0.1686864E-03  0.0000000E+00  0.1000000E+01
         1    66      6  0.2024426E-03  0.0000000E+00  0.1000000E+01
         1    66      7  0.2362122E-03  0.0000000E+00  0.1000000E+01
         1    66      8  0.2699953E-03  0.0000000E+00  0.1000000E+01
         1    66      9  0.3037918E-03  0.0000000E+00  0.1000000E+01
         1    66     10 -0.5116707E-03  0.0000000E+00  0.9999999E+00

         1    67      0  0.0000000E+00  0.0000000E+00  0.0000000E+00
         1    67      1  0.1058533E-06  0.0000000E+00  0.1000000E+01
         1    67      2  0.6749805E-04  0.0000000E+00  0.1000000E+01
         1    67      3  0.1012141E-03  0.0000000E+00  0.1000000E+01
         1    67      4  0.1349436E-03  0.0000000E+00  0.1000000E+01
         1    67      5  0.1686864E-03  0.0000000E+00  0.1000000E+01
         1    67      6  0.2024426E-03  0.0000000E+00  0.1000000E+01
         1    67      7  0.2362122E-03  0.0000000E+00  0.1000000E+01
         1    67      8  0.2699953E-03  0.0000000E+00  0.1000000E+01
         1    67      9  0.3037918E-03  0.0000000E+00  0.1000000E+01
         1    67     10 -0.5116707E-03  0.0000000E+00  0.9999999E+00

         1    68      0  0.0000000E+00  0.0000000E+00  0.0000000E+00
         1    68      1  0.1234955E-06  0.0000000E+00  0.1000000E+01
         1    68      2  0.6748851E-04  0.0000000E+00  0.1000000E+01
         1    68      3  0.1011910E-03  0.0000000E+00  0.1000000E+01
         1    68      4  0.1349069E-03  0.0000000E+00  0.1000000E+01
         1    68      5  0.1686361E-03  0.0000000E+00  0.1000000E+01
         1    68      6  0.2023787E-03  0.0000000E+00  0.1000000E+01
         1    68      7  0.2361347E-03  0.0000000E+00  0.1000000E+01
         1    68      8  0.2699042E-03  0.0000000E+00  0.1000000E+01
         1    68      9  0.3036870E-03  0.0000000E+00  0.1000000E+01
         1    68     10 -0.5093420E-03  0.0000000E+00  0.9999999E+00

         1    69      0  0.0000000E+00  0.0000000E+00  0.0000000E+00
         1    69      1  0.1234955E-06  0.0000000E+00  0.1000000E+01
         1    69      2  0.6748851E-04  0.0000000E+00  0.1000000E+01
         1    69      3  0.1011910E-03  0.0000000E+00  0.1000000E+01
         1    69      4  0.1349069E-03  0.0000000E+00  0.1000000E+01
         1    69      5  0.1686361E-03  0.0000000E+00  0.1000000E+01
         1    69      6  0.2023787E-03  0.0000000E+00  0.1000000E+01
         1    69      7  0.2361347E-03  0.0000000E+00  0.1000000E+01
         1    69      8  0.2699042E-03  0.0000000E+00  0.1000000E+01
         1    69      9  0.3036870E-03  0.0000000E+00  0.1000000E+01
         1    69     10 -0.5093420E-03  0.0000000E+00  0.9999999E+00

         1    70      0  0.0000000E+00  0.0000000E+00  0.0000000E+00
         1    70      1  0.1234955E-06  0.0000000E+00  0.1000000E+01
         1    70      2  0.6748731E-04  0.0000000E+00  0.1000000E+01
         1    70      3  0.1011883E-03  0.0000000E+00  0.1000000E+01
         1    70      4  0.1349021E-03  0.0000000E+00  0.1000000E+01
         1    70      5  0.1686286E-03  0.0000000E+00  0.1000000E+01
         1    70      6  0.2023679E-03  0.0000000E+00  0.1000000E+01
         1    70      7  0.2361200E-03  0.0000000E+00  0.1000000E+01
         1    70      8  0.2698849E-03  0.0000000E+00  0.1000000E+01
         1    70      9  0.3036627E-03  0.0000000E+00  0.1000000E+01
         1    70     10 -0.5094400E-03  0.0000000E+00  0.9999999E+00

         1    71      0  0.0000000E+00  0.0000000E+00  0.0000000E+00
         1    71      1  0.1234955E-06  0.0000000E+00  0.1000000E+01
         1    71      2  0.6748731E-04  0.0000000E+00  0.1000000E+01
         1    71      3  0.1011883E-03  0.0000000E+00  0.1000000E+01
         1    71      4  0.1349021E-03  0.0000000E+00  0.1000000E+01
         1    71      5  0.1686286E-03  0.0000000E+00  0.1000000E+01
         1    71      6  0.2023679E-03  0.0000000E+00  0.1000000E+01
         1    71      7  0.2361200E-03  0.0000000E+00  0.1000000E+01
         1    71      8  0.2698849E-03  0.0000000E+00  0.1000000E+01
         1    71      9  0.3036627E-03  0.0000000E+00  0.1000000E+01
         1    71     10 -0.5094400E-03  0.0000000E+00  0.9999999E+00

         1    72      0  0.0000000E+00  0.0000000E+00  0.0000000E+00
         1    72      1  0.1234955E-06  0.0000000E+00  0.1000000E+01
         1    72      2  0.3075197E-04  0.0000000E+00  0.1000000E+01
         1    72      3  0.4608106E-04  0.0000000E+00  0.1000000E+01
         1    72      4  0.6142004E-04  0.0000000E+00  0.1000000E+01
         1    72      5  0.7676893E-04  0.0000000E+00  0.1000000E+01
         1    72      6  0.9212770E-04  0.0000000E+00  0.1000000E+01
         1    72      7  0.1074964E-03  0.0000000E+00  0.1000000E+01
         1    72      8  0.1228749E-03  0.0000000E+00  0.1000000E+01
         1    72      9  0.1382634E-03  0.0000000E+00  0.1000000E+01
         1    72     10 -0.8169273E-03  0.0000000E+00  0.9999997E+00

         1    73      0  0.0000000E+00  0.0000000E+00  0.0000000E+00
         1    73      1  0.1234955E-06  0.0000000E+00  0.1000000E+01
         1    73      2 -0.7631809E-05  0.0000000E+00  0.1000000E+01
         1    73      3 -0.1149901E-04  0.0000000E+00  0.1000000E+01
         1    73      4 -0.1535926E-04  0.0000000E+00  0.1000000E+01
         1    73      5 -0.1921259E-04  0.0000000E+00  0.1000000E+01
         1    73      6 -0.2305902E-04  0.0000000E+00  0.1000000E+01
         1    73      7 -0.2689857E-04  0.0000000E+00  0.1000000E+01
         1    73      8 -0.3073126E-04  0.0000000E+00  0.1000000E+01
         1    73      9 -0.3455711E-04  0.0000000E+00  0.1000000E+01
         1    73     10 -0.1118929E-02  0.0000000E+00  0.9999994E+00

         1    74      0  0.0000000E+00  0.0000000E+00  0.0000000E+00
         1    74      1  0.1234955E-06  0.0000000E+00  0.1000000E+01
         1    74      2 -0.7631809E-05  0.0000000E+00  0.1000000E+01
         1    74      3 -0.1149901E-04  0.0000000E+00  0.1000000E+01
         1    74      4 -0.1535926E-04  0.0000000E+00  0.1000000E+01
         1    74      5 -0.1921259E-04  0.0000000E+00  0.1000000E+01
         1    74      6 -0.2305902E-04  0.0000000E+00  0.1000000E+01
         1    74      7 -0.2689857E-04  0.0000000E+00  0.1000000E+01
         1    74      8 -0.3073126E-04  0.0000000E+00  0.1000000E+01
         1    74      9 -0.3455711E-04  0.0000000E+00  0.1000000E+01
         1    74     10 -0.1118929E-02  0.0000000E+00  0.9999994E+00

         1    75      0  0.0000000E+00  0.0000000E+00  0.0000000E+00
         1    75      1  0.1234955E-06  0.0000000E+00  0.1000000E+01
         1    75      2 -0.7631809E-05  0.0000000E+00  0.1000000E+01
         1    75      3 -0.1149901E-04  0.0000000E+00  0.1000000E+01
         1    75      4 -0.1535926E-04  0.0000000E+00  0.1000000E+01
         1    75      5 -0.1921259E-04  0.0000000E+00  0.1000000E+01
         1    75      6 -0.2305902E-04  0.0000000E+00  0.1000000E+01
         1    75      7 -0.2689857E-04  0.0000000E+00  0.1000000E+01
         1    75      8 -0.3073126E-04  0.0000000E+00  0.1000000E+01
         1    75      9 -0.3455711E-04  0.0000000E+00  0.1000000E+01
         1    75     10 -0.1118929E-02  0.0000000E+00  0.9999994E+00

         1    76      0  0.0000000E+00  0.0000000E+00  0.0000000E+00
         1    76      1  0.1234955E-06  0.0000000E+00  0.1000000E+01
         1    76      2 -0.7631809E-05  0.0000000E+00  0.1000000E+01
         1    76      3 -0.1149901E-04  0.0000000E+00  0.1000000E+01
         1    76      4 -0.1535926E-04  0.0000000E+00  0.1000000E+01
         1    76      5 -0.1921259E-04  0.0000000E+00  0.1000000E+01
         1    76      6 -0.2305902E-04  0.0000000E+00  0.1000000E+01
         1    76      7 -0.2689857E-04  0.0000000E+00  0.1000000E+01
         1    76      8 -0.3073126E-04  0.0000000E+00  0.1000000E+01
         1    76      9 -0.3455711E-04  0.0000000E+00  0.1000000E+01
         1    76     10 -0.1118929E-02  0.0000000E+00  0.9999994E+00

         1    77      0  0.0000000E+00  0.0000000E+00  0.0000000E+00
         1    77      1  0.1411377E-06  0.0000000E+00  0.1000000E+01
         1    77      2 -0.7678576E-05  0.0000000E+00  0.1000000E+01
         1    77      3 -0.1157798E-04  0.0000000E+00  0.1000000E+01
         1    77      4 -0.1547045E-04  0.0000000E+00  0.1000000E+01
         1    77      5 -0.1935600E-04  0.0000000E+00  0.1000000E+01
         1    77      6 -0.2323466E-04  0.0000000E+00  0.1000000E+01
         1    77      7 -0.2710643E-04  0.0000000E+00  0.1000000E+01
         1    77      8 -0.3097136E-04  0.0000000E+00  0.1000000E+01
         1    77      9 -0.3482944E-04  0.0000000E+00  0.1000000E+01
         1    77     10 -0.1116477E-02  0.0000000E+00  0.9999994E+00

         1    78      0  0.0000000E+00  0.0000000E+00  0.0000000E+00
         1    78      1  0.1411377E-06  0.0000000E+00  0.1000000E+01
         1    78      2 -0.7678576E-05  0.0000000E+00  0.1000000E+01
         1    78      3 -0.1157798E-04  0.0000000E+00  0.1000000E+01
         1    78      4 -0.1547045E-04  0.0000000E+00  0.1000000E+01
         1    78      5 -0.1935600E-04  0.0000000E+00  0.1000000E+01
         1    78      6 -0.2323466E-04  0.0000000E+00  0.1000000E+01
         1    78      7 -0.2710643E-04  0.0000000E+00  0.1000000E+01
         1    78      8 -0.3097136E-04  0.0000000E+00  0.1000000E+01
         1    78      9 -0.3482944E-04  0.0000000E+00  0.1000000E+01
         1    78     10 -0.1116477E-02  0.0000000E+00  0.9999994E+00

         1    79      0  0.0000000E+00  0.0000000E+00  0.0000000E+00
         1    79      1  0.1411377E-06  0.0000000E+00  0.1000000E+01
         1    79      2 -0.7678576E-05  0.0000000E+00  0.1000000E+01
         1    79      3 -0.1157798E-04  0.0000000E+00  0.1000000E+01
         1    79      4 -0.1547045E-04  0.0000000E+00  0.1000000E+01
         1    79      5 -0.1935600E-04  0.0000000E+00  0.1000000E+01
         1    79      6 -0.2323466E-04  0.0000000E+00  0.1000000E+01
         1    79      7 -0.2710643E-04  0.0000000E+00  0.1000000E+01
         1    79      8 -0.3097136E-04  0.0000000E+00  0.1000000E+01
         1    79      9 -0.3482944E-04  0.0000000E+00  0.1000000E+01
         1    79     10 -0.1116477E-02  0.0000000E+00  0.9999994E+00

         1    80      0  0.0000000E+00  0.0000000E+00  0.0000000E+00
         1    80      1  0.1411377E-06  0.0000000E+00  0.1000000E+01
         1    80      2 -0.7678576E-05  0.0000000E+00  0.1000000E+01
         1    80      3 -0.1157798E-04  0.0000000E+00  0.1000000E+01
         1    80      4 -0.1547045E-04  0.0000000E+00  0.1000000E+01
         1    80      5 -0.1935600E-04  0.0000000E+00  0.1000000E+01
         1    80      6 -0.2323466E-04  0.0000000E+00  0.1000000E+01
         1    80      7 -0.2710643E-04  0.0000000E+00  0.1000000E+01
         1    80      8 -0.3097136E-04  0.0000000E+00  0.1000000E+01
         1    80      9 -0.3482944E-04  0.0000000E+00  0.1000000E+01
         1    80     10 -0.1116477E-02  0.0000000E+00  0.9999994E+00

         1    81      0  0.0000000E+00  0.0000000E+00  0.0000000E+00
         1    81      1  0.1411377E-06  0.0000000E+00  0.1000000E+01
         1    81      2  0.2833003E-04  0.0000000E+00  0.1000000E+01
         1    81      3  0.4243861E-04  0.0000000E+00  0.1000000E+01
         1    81      4  0.5655660E-04  0.0000000E+00  0.1000000E+01
         1    81      5  0.7068398E-04  0.0000000E+00  0.1000000E+01
         1    81      6  0.8482074E-04  0.0000000E+00  0.1000000E+01
         1    81      7  0.9896685E-04  0.0000000E+00  0.1000000E+01
         1    81      8  0.1131223E-03  0.0000000E+00  0.1000000E+01
         1    81      9  0.1272871E-03  0.0000000E+00  0.1000000E+01
         1    81     10 -0.1024277E-02  0.0000000E+00  0.9999995E+00

         1    82      0  0.0000000E+00  0.0000000E+00  0.0000000E+00
         1    82      1  0.1411377E-06  0.0000000E+00  0.1000000E+01
         1    82      2  0.6566433E-04  0.0000000E+00  0.1000000E+01
         1    82      3  0.9844385E-04  0.0000000E+00  0.1000000E+01
         1    82      4  0.1312353E-03  0.0000000E+00  0.1000000E+01
         1    82      5  0.1640387E-03  0.0000000E+00  0.1000000E+01
         1    82      6  0.1968540E-03  0.0000000E+00  0.1000000E+01
         1    82      7  0.2296813E-03  0.0000000E+00  0.1000000E+01
         1    82      8  0.2625204E-03  0.0000000E+00  0.1000000E+01
         1    82      9  0.2953714E-03  0.0000000E+00  0.1000000E+01
         1    82     10 -0.9411255E-03  0.0000000E+00  0.9999996E+00

         1    83      0  0.0000000E+00  0.0000000E+00  0.0000000E+00
         1    83      1  0.1411377E-06  0.0000000E+00  0.1000000E+01
         1    83      2  0.6566433E-04  0.0000000E+00  0.1000000E+01
         1    83      3  0.9844385E-04  0.0000000E+00  0.1000000E+01
         1    83      4  0.1312353E-03  0.0000000E+00  0.1000000E+01
         1    83      5  0.1640387E-03  0.0000000E+00  0.1000000E+01
         1    83      6  0.1968540E-03  0.0000000E+00  0.1000000E+01
         1    83      7  0.2296813E-03  0.0000000E+00  0.1000000E+01
         1    83      8  0.2625204E-03  0.0000000E+00  0.1000000E+01
         1    83      9  0.2953714E-03  0.0000000E+00  0.1000000E+01
         1    83     10 -0.9411255E-03  0.0000000E+00  0.9999996E+00

         1    84      0  0.0000000E+00  0.0000000E+00  0.0000000E+00
         1    84      1  0.1411377E-06  0.0000000E+00  0.1000000E+01
         1    84      2  0.6566433E-04  0.0000000E+00  0.1000000E+01
         1    84      3  0.9844385E-04  0.0000000E+00  0.1000000E+01
         1    84      4  0.1312353E-03  0.0000000E+00  0.1000000E+01
         1    84      5  0.1640387E-03  0.0000000E+00  0.1000000E+01
         1    84      6  0.1968540E-03  0.0000000E+00  0.1000000E+01
         1    84      7  0.2296813E-03  0.0000000E+00  0.1000000E+01
         1    84      8  0.2625204E-03  0.0000000E+00  0.1000000E+01
         1    84      9  0.2953714E-03  0.0000000E+00  0.1000000E+01
         1    84     10 -0.9411255E-03  0.0000000E+00  0.9999996E+00

         1    85      0  0.0000000E+00  0.0000000E+00  0.0000000E+00
         1    85      1  0.1411377E-06  0.0000000E+00  0.1000000E+01
         1    85      2  0.6566433E-04  0.0000000E+00  0.1000000E+01
         1    85      3  0.9844385E-04  0.0000000E+00  0.1000000E+01
         1    85      4  0.1312353E-03  0.0000000E+00  0.1000000E+01
         1    85      5  0.1640387E-03  0.0000000E+00  0.1000000E+01
         1    85      6  0.1968540E-03  0.0000000E+00  0.1000000E+01
         1    85      7  0.2296813E-03  0.0000000E+00  0.1000000E+01
         1    85      8  0.2625204E-03  0.0000000E+00  0.1000000E+01
         1    85      9  0.2953714E-03  0.0000000E+00  0.1000000E+01
         1    85     10 -0.9411255E-03  0.0000000E+00  0.9999996E+00

         1    86      0  0.0000000E+00  0.0000000E+00  0.0000000E+00
         1    86      1  0.1587799E-06  0.0000000E+00  0.1000000E+01
         1    86      2  0.6558377E-04  0.0000000E+00  0.1000000E+01
         1    86      3  0.9831418E-04  0.0000000E+00  0.1000000E+01
         1    86      4  0.1310565E-03  0.0000000E+00  0.1000000E+01
         1    86      5  0.1638108E-03  0.0000000E+00  0.1000000E+01
         1    86      6  0.1965770E-03  0.0000000E+00  0.1000000E+01
         1    86      7  0.2293551E-03  0.0000000E+00  0.1000000E+01
         1    86      8  0.2621451E-03  0.0000000E+00  0.1000000E+01
         1    86      9  0.2949469E-03  0.0000000E+00  0.1000000E+01
         1    86     10 -0.9384423E-03  0.0000000E+00  0.9999996E+00

         1    87      0  0.0000000E+00  0.0000000E+00  0.0000000E+00
         1    87      1  0.1587799E-06  0.0000000E+00  0.1000000E+01
         1    87      2  0.6558377E-04  0.0000000E+00  0.1000000E+01
         1    87      3  0.9831418E-04  0.0000000E+00  0.1000000E+01
         1    87      4  0.1310565E-03  0.0000000E+00  0.1000000E+01
         1    87      5  0.1638108E-03  0.0000000E+00  0.1000000E+01
         1    87      6  0.1965770E-03  0.0000000E+00  0.1000000E+01
         1    87      7  0.2293551E-03  0.0000000E+00  0.1000000E+01
         1    87      8  0.2621451E-03  0.0000000E+00  0.1000000E+01
         1    87      9  0.2949469E-03  0.0000000E+00  0.1000000E+01
         1    87     10 -0.9384423E-03  0.0000000E+00  0.9999996E+00

         1    88      0  0.0000000E+00  0.0000000E+00  0.0000000E+00
         1    88      1  0.1587799E-06  0.0000000E+00  0.1000000E+01
         1    88      2  0.6558377E-04  0.0000000E+00  0.1000000E+01
         1    88      3  0.9831418E-04  0.0000000E+00  0.1000000E+01
         1    88      4  0.1310565E-03  0.0000000E+00  0.1000000E+01
         1    88      5  0.1638108E-03  0.0000000E+00  0.1000000E+01
         1    88      6  0.1965770E-03  0.0000000E+00  0.1000000E+01
         1    88      7  0.2293551E-03  0.0000000E+00  0.1000000E+01
         1    88      8  0.2621451E-03  0.0000000E+00  0.1000000E+01
         1    88      9  0.2949469E-03  0.0000000E+00  0.1000000E+01
         1    88     10 -0.9384423E-03  0.0000000E+00  0.9999996E+00

         1    89      0  0.0000000E+00  0.0000000E+00  0.0000000E+00
         1    89      1  0.1587799E-06  0.0000000E+00  0.1000000E+01
         1    89      2  0.6558377E-04  0.0000000E+00  0.1000000E+01
         1    89      3  0.9831418E-04  0.0000000E+00  0.1000000E+01
         1    89      4  0.1310565E-03  0.0000000E+00  0.1000000E+01
         1    89      5  0.1638108E-03  0.0000000E+00  0.1000000E+01
         1    89      6  0.1965770E-03  0.0000000E+00  0.1000000E+01
         1    89      7  0.2293551E-03  0.0000000E+00  0.1000000E+01
         1    89      8  0.2621451E-03  0.0000000E+00  0.1000000E+01
         1    89      9  0.2949469E-03  0.0000000E+00  0.1000000E+01
         1    89     10 -0.9384423E-03  0.0000000E+00  0.9999996E+00

         1    90      0  0.0000000E+00  0.0000000E+00  0.0000000E+00
         1    90      1  0.1587799E-06  0.0000000E+00  0.1000000E+01
         1    90      2 -0.1197147E-04  0.0000000E+00  0.1000000E+01
         1    90      3 -0.1802675E-04  0.0000000E+00  0.1000000E+01
         1    90      4 -0.2407549E-04  0.0000000E+00  0.1000000E+01
         1    90      5 -0.3011768E-04  0.0000000E+00  0.1000000E+01
         1    90      6 -0.3615334E-04  0.0000000E+00  0.1000000E+01
         1    90      7 -0.4218248E-04  0.0000000E+00  0.1000000E+01
         1    90      8 -0.4820509E-04  0.0000000E+00  0.1000000E+01
         1    90      9 -0.5422120E-04  0.0000000E+00  0.1000000E+01
         1    90     10 -0.9730602E-03  0.0000000E+00  0.9999995E+00

         1    91      0  0.0000000E+00  0.0000000E+00  0.0000000E+00
         1    91      1  0.1587799E-06  0.0000000E+00  0.1000000E+01
         1    91      2 -0.8918520E-04  0.0000000E+00  0.1000000E+01
         1    91      3 -0.1338553E-03  0.0000000E+00  0.1000000E+01
         1    91      4 -0.1785242E-03  0.0000000E+00  0.1000000E+01
         1    91      5 -0.2231919E-03  0.0000000E+00  0.1000000E+01
         1    91      6 -0.2678584E-03  0.0000000E+00  0.1000000E+01
         1    91      7 -0.3125236E-03  0.0000000E+00  0.1000000E+01
         1    91      8 -0.3571876E-03  0.0000000E+00  0.9999999E+00
         1    91      9 -0.4018504E-03  0.0000000E+00  0.9999999E+00
         1    91     10 -0.1004233E-02  0.0000000E+00  0.9999995E+00

         1    92      0  0.0000000E+00  0.0000000E+00  0.0000000E+00
         1    92      1  0.1587799E-06  0.0000000E+00  0.1000000E+01
         1    92      2 -0.8918520E-04  0.0000000E+00  0.1000000E+01
         1    92      3 -0.1338553E-03  0.0000000E+00  0.1000000E+01
         1    92      4 -0.1785242E-03  0.0000000E+00  0.1000000E+01
         1    92      5 -0.2231919E-03  0.0000000E+00  0.1000000E+01
         1    92      6 -0.2678584E-03  0.0000000E+00  0.1000000E+01
         1    92      7 -0.3125236E-03  0.0000000E+00  0.1000000E+01
         1    92      8 -0.3571876E-03  0.0000000E+00  0.9999999E+00
         1    92      9 -0.4018504E-03  0.0000000E+00  0.9999999E+00
         1    92     10 -0.1004233E-02  0.0000000E+00  0.9999995E+00

         1    93      0  0.0000000E+00  0.0000000E+00  0.0000000E+00
         1    93      1  0.1587799E-06  0.0000000E+00  0.1000000E+01
         1    93      2 -0.8918520E-04  0.0000000E+00  0.1000000E+01
         1    93      3 -0.1338553E-03  0.0000000E+00  0.1000000E+01
         1    93      4 -0.1785242E-03  0.0000000E+00  0.1000000E+01
         1    93      5 -0.2231919E-03  0.0000000E+00  0.1000000E+01
         1    93      6 -0.2678584E-03  0.0000000E+00  0.1000000E+01
         1    93      7 -0.3125236E-03  0.0000000E+00  0.1000000E+01
         1    93      8 -0.3571876E-03  0.0000000E+00  0.9999999E+00
         1    93      9 -0.4018504E-03  0.0000000E+00  0.9999999E+00
         1    93     10 -0.1004233E-02  0.0000000E+00  0.9999995E+00

         1    94      0  0.0000000E+00  0.0000000E+00  0.0000000E+00
         1    94      1  0.1587799E-06  0.0000000E+00  0.1000000E+01
         1    94      2 -0.8918520E-04  0.0000000E+00  0.1000000E+01
         1    94      3 -0.1338553E-03  0.0000000E+00  0.1000000E+01
         1    94      4 -0.1785242E-03  0.0000000E+00  0.1000000E+01
         1    94      5 -0.2231919E-03  0.0000000E+00  0.1000000E+01
         1    94      6 -0.2678584E-03  0.0000000E+00  0.1000000E+01
         1    94      7 -0.3125236E-03  0.0000000E+00  0.1000000E+01
         1    94      8 -0.3571876E-03  0.0000000E+00  0.9999999E+00
         1    94      9 -0.4018504E-03  0.0000000E+00  0.9999999E+00
         1    94     10 -0.1004233E-02  0.0000000E+00  0.9999995E+00

         1    95      0  0.0000000E+00  0.0000000E+00  0.0000000E+00
         1    95      1  0.1764221E-06  0.0000000E+00  0.1000000E+01
         1    95      2 -0.8925805E-04  0.0000000E+00  0.1000000E+01
         1    95      3 -0.1339734E-03  0.0000000E+00  0.1000000E+01
         1    95      4 -0.1786876E-03  0.0000000E+00  0.1000000E+01
         1    95      5 -0.2234005E-03  0.0000000E+00  0.1000000E+01
         1    95      6 -0.2681122E-03  0.0000000E+00  0.1000000E+01
         1    95      7 -0.3128228E-03  0.0000000E+00  0.1000000E+01
         1    95      8 -0.3575320E-03  0.0000000E+00  0.9999999E+00
         1    95      9 -0.4022401E-03  0.0000000E+00  0.9999999E+00
         1    95     10 -0.1001472E-02  0.0000000E+00  0.9999995E+00

         1    96      0  0.0000000E+00  0.0000000E+00  0.0000000E+00
         1    96      1  0.1764221E-06  0.0000000E+00  0.1000000E+01
         1    96      2 -0.8925805E-04  0.0000000E+00  0.1000000E+01
         1    96      3 -0.1339734E-03  0.0000000E+00  0.1000000E+01
         1    96      4 -0.1786876E-03  0.0000000E+00  0.1000000E+01
         1    96      5 -0.2234005E-03  0.0000000E+00  0.1000000E+01
         1    96      6 -0.2681122E-03  0.0000000E+00  0.1000000E+01
         1    96      7 -0.3128228E-03  0.0000000E+00  0.1000000E+01
         1    96      8 -0.3575320E-03  0.0000000E+00  0.9999999E+00
         1    96      9 -0.4022401E-03  0.0000000E+00  0.9999999E+00
         1    96     10 -0.1001472E-02  0.0000000E+00  0.9999995E+00

         1    97      0  0.0000000E+00  0.0000000E+00  0.0000000E+00
         1    97      1  0.1764221E-06  0.0000000E+00  0.1000000E+01
         1    97      2 -0.8925805E-04  0.0000000E+00  0.1000000E+01
         1    97      3 -0.1339734E-03  0.0000000E+00  0.1000000E+01
         1    97      4 -0.1786876E-03  0.0000000E+00  0.1000000E+01
         1    97      5 -0.2234005E-03  0.0000000E+00  0.1000000E+01
         1    97      6 -0.2681122E-03  0.0000000E+00  0.1000000E+01
         1    97      7 -0.3128228E-03  0.0000000E+00  0.1000000E+01
         1    97      8 -0.3575320E-03  0.0000000E+00  0.9999999E+00
         1    97      9 -0.4022401E-03  0.0000000E+00  0.9999999E+00
         1    97     10 -0.1001472E-02  0.0000000E+00  0.9999995E+00

         1    98      0  0.0000000E+00  0.0000000E+00  0.0000000E+00
         1    98      1  0.1764221E-06  0.0000000E+00  0.1000000E+01
         1    98      2 -0.8925805E-04  0.0000000E+00  0.1000000E+01
         1    98      3 -0.1339734E-03  0.0000000E+00  0.1000000E+01
         1    98      4 -0.1786876E-03  0.0000000E+00  0.1000000E+01
         1    98      5 -0.2234005E-03  0.0000000E+00  0.1000000E+01
         1    98      6 -0.2681122E-03  0.0000000E+00  0.1000000E+01
         1    98      7 -0.3128228E-03  0.0000000E+00  0.1000000E+01
         1    98      8 -0.3575320E-03  0.0000000E+00  0.9999999E+00
         1    98      9 -0.4022401E-03  0.0000000E+00  0.9999999E+00
         1    98     10 -0.1001472E-02  0.0000000E+00  0.9999995E+00

         1    99      0  0.0000000E+00  0.0000000E+00  0.0000000E+00
         1    99      1  0.1764221E-06  0.0000000E+00  0.1000000E+01
         1    99      2 -0.6016390E-04  0.0000000E+00  0.1000000E+01
         1    99      3 -0.9033096E-04  0.0000000E+00  0.1000000E+01
         1    99      4 -0.1204960E-03  0.0000000E+00  0.1000000E+01
         1    99      5 -0.1506590E-03  0.0000000E+00  0.1000000E+01
         1    99      6 -0.1808200E-03  0.0000000E+00  0.1000000E+01
         1    99      7 -0.2109789E-03  0.0000000E+00  0.1000000E+01
         1    99      8 -0.2411359E-03  0.0000000E+00  0.1000000E+01
         1    99      9 -0.2712910E-03  0.0000000E+00  0.1000000E+01
         1    99     10 -0.1001440E-02  0.0000000E+00  0.9999995E+00

         1   100      0  0.0000000E+00  0.0000000E+00  0.0000000E+00
         1   100      1  0.1764221E-06  0.0000000E+00  0.1000000E+01
         1   100      2 -0.2924957E-04  0.0000000E+00  0.1000000E+01
         1   100      3 -0.4395847E-04  0.0000000E+00  0.1000000E+01
         1   100      4 -0.5866468E-04  0.0000000E+00  0.1000000E+01
         1   100      5 -0.7336823E-04  0.0000000E+00  0.1000000E+01
         1   100      6 -0.8806915E-04  0.0000000E+00  0.1000000E+01
         1   100      7 -0.1027675E-03  0.0000000E+00  0.1000000E+01
         1   100      8 -0.1174632E-03  0.0000000E+00  0.1000000E+01
         1   100      9 -0.1321564E-03  0.0000000E+00  0.1000000E+01
         1   100     10 -0.1001517E-02  0.0000000E+00  0.9999995E+00

         1   101      0  0.0000000E+00  0.0000000E+00  0.0000000E+00
         1   101      1  0.1764221E-06  0.0000000E+00  0.1000000E+01
         1   101      2 -0.2924957E-04  0.0000000E+00  0.1000000E+01
         1   101      3 -0.4395847E-04  0.0000000E+00  0.1000000E+01
         1   101      4 -0.5866468E-04  0.0000000E+00  0.1000000E+01
         1   101      5 -0.7336823E-04  0.0000000E+00  0.1000000E+01
         1   101      6 -0.8806915E-04  0.0000000E+00  0.1000000E+01
         1   101      7 -0.1027675E-03  0.0000000E+00  0.1000000E+01
         1   101      8 -0.1174632E-03  0.0000000E+00  0.1000000E+01
         1   101      9 -0.1321564E-03  0.0000000E+00  0.1000000E+01
         1   101     10 -0.1001517E-02  0.0000000E+00  0.9999995E+00

         1   102      0  0.0000000E+00  0.0000000E+00  0.0000000E+00
         1   102      1  0.1764221E-06  0.0000000E+00  0.1000000E+01
         1   102      2 -0.2924957E-04  0.0000000E+00  0.1000000E+01
         1   102      3 -0.4395847E-04  0.0000000E+00  0.1000000E+01
         1   102      4 -0.5866468E-04  0.0000000E+00  0.1000000E+01
         1   102      5 -0.7336823E-04  0.0000000E+00  0.1000000E+01
         1   102      6 -0.8806915E-04  0.0000000E+00  0.1000000E+01
         1   102      7 -0.1027675E-03  0.0000000E+00  0.1000000E+01
         1   102      8 -0.1174632E-03  0.0000000E+00  0.1000000E+01
         1   102      9 -0.1321564E-03  0.0000000E+00  0.1000000E+01
         1   102     10 -0.1001517E-02  0.0000000E+00  0.9999995E+00

         1   103      0  0.0000000E+00  0.0000000E+00  0.0000000E+00
         1   103      1  0.1764221E-06  0.0000000E+00  0.1000000E+01
         1   103      2 -0.2924957E-04  0.0000000E+00  0.1000000E+01
         1   103      3 -0.4395847E-04  0.0000000E+00  0.1000000E+01
         1   103      4 -0.5866468E-04  0.0000000E+00  0.1000000E+01
         1   103      5 -0.7336823E-04  0.0000000E+00  0.1000000E+01
         1   103      6 -0.8806915E-04  0.0000000E+00  0.1000000E+01
         1   103      7 -0.1027675E-03  0.0000000E+00  0.1000000E+01
         1   103      8 -0.1174632E-03  0.0000000E+00  0.1000000E+01
         1   103      9 -0.1321564E-03  0.0000000E+00  0.1000000E+01
         1   103     10 -0.1001517E-02  0.0000000E+00  0.9999995E+00

         1   104      0  0.0000000E+00  0.0000000E+00  0.0000000E+00
         1   104      1  0.1764221E-06  0.0000000E+00  0.1000000E+01
         1   104      2 -0.2924957E-04  0.0000000E+00  0.1000000E+01
         1   104      3 -0.4395847E-04  0.0000000E+00  0.1000000E+01
         1   104      4 -0.5866468E-04  0.0000000E+00  0.1000000E+01
         1   104      5 -0.7336823E-04  0.0000000E+00  0.1000000E+01
         1   104      6 -0.8806915E-04  0.0000000E+00  0.1000000E+01
         1   104      7 -0.1027675E-03  0.0000000E+00  0.1000000E+01
         1   104      8 -0.1174632E-03  0.0000000E+00  0.1000000E+01
         1   104      9 -0.1321564E-03  0.0000000E+00  0.1000000E+01
         1   104     10 -0.1001517E-02  0.0000000E+00  0.9999995E+00

         1   105      0  0.0000000E+00  0.0000000E+00  0.0000000E+00
         1   105      1  0.1764221E-06  0.0000000E+00  0.1000000E+01
         1   105      2 -0.2924957E-04  0.0000000E+00  0.1000000E+01
         1   105      3 -0.4395847E-04  0.0000000E+00  0.1000000E+01
         1   105      4 -0.5866468E-04  0.0000000E+00  0.1000000E+01
         1   105      5 -0.7336823E-04  0.0000000E+00  0.1000000E+01
         1   105      6 -0.8806915E-04  0.0000000E+00  0.1000000E+01
         1   105      7 -0.1027675E-03  0.0000000E+00  0.1000000E+01
         1   105      8 -0.1174632E-03  0.0000000E+00  0.1000000E+01
         1   105      9 -0.1321564E-03  0.0000000E+00  0.1000000E+01
         1   105     10 -0.1001517E-02  0.0000000E+00  0.9999995E+00

         1   106      0  0.0000000E+00  0.0000000E+00  0.0000000E+00
         1   106      1  0.1764221E-06  0.0000000E+00  0.1000000E+01
         1   106      2 -0.2924957E-04  0.0000000E+00  0.1000000E+01
         1   106      3 -0.4395847E-04  0.0000000E+00  0.1000000E+01
         1   106      4 -0.5866468E-04  0.0000000E+00  0.1000000E+01
         1   106      5 -0.7336823E-04  0.0000000E+00  0.1000000E+01
         1   106      6 -0.8806915E-04  0.0000000E+00  0.1000000E+01
         1   106      7 -0.1027675E-03  0.0000000E+00  0.1000000E+01
         1   106      8 -0.1174632E-03  0.0000000E+00  0.1000000E+01
         1   106      9 -0.1321564E-03  0.0000000E+00  0.1000000E+01
         1   106     10 -0.1001517E-02  0.0000000E+00  0.9999995E+00

         1   107      0  0.0000000E+00  0.0000000E+00  0.0000000E+00
         1   107      1  0.1764221E-06  0.0000000E+00  0.1000000E+01
         1   107      2 -0.2924957E-04  0.0000000E+00  0.1000000E+01
         1   107      3 -0.4395847E-04  0.0000000E+00  0.1000000E+01
         1   107      4 -0.5866468E-04  0.0000000E+00  0.1000000E+01
         1   107      5 -0.7336823E-04  0.0000000E+00  0.1000000E+01
         1   107      6 -0.8806915E-04  0.0000000E+00  0.1000000E+01
         1   107      7 -0.1027675E-03  0.0000000E+00  0.1000000E+01
         1   107      8 -0.1174632E-03  0.0000000E+00  0.1000000E+01
         1   107      9 -0.1321564E-03  0.0000000E+00  0.1000000E+01
         1   107     10 -0.1001517E-02  0.0000000E+00  0.9999995E+00

         1   108      0  0.0000000E+00  0.0000000E+00  0.0000000E+00
         1   108      1  0.1764221E-06  0.0000000E+00  0.1000000E+01
         1   108      2 -0.4530098E-04  0.0000000E+00  0.1000000E+01
         1   108      3 -0.6803104E-04  0.0000000E+00  0.1000000E+01
         1   108      4 -0.9075533E-04  0.0000000E+00  0.1000000E+01
         1   108      5 -0.1134738E-03  0.0000000E+00  0.1000000E+01
         1   108      6 -0.1361865E-03  0.0000000E+00  0.1000000E+01
         1   108      7 -0.1588935E-03  0.0000000E+00  0.1000000E+01
         1   108      8 -0.1815946E-03  0.0000000E+00  0.1000000E+01
         1   108      9 -0.2042898E-03  0.0000000E+00  0.1000000E+01
         1   108     10 -0.9997668E-03  0.0000000E+00  0.9999995E+00

         1   109      0  0.0000000E+00  0.0000000E+00  0.0000000E+00
         1   109      1  0.1764221E-06  0.0000000E+00  0.1000000E+01
         1   109      2 -0.5920922E-04  0.0000000E+00  0.1000000E+01
         1   109      3 -0.8888863E-04  0.0000000E+00  0.1000000E+01
         1   109      4 -0.1185591E-03  0.0000000E+00  0.1000000E+01
         1   109      5 -0.1482204E-03  0.0000000E+00  0.1000000E+01
         1   109      6 -0.1778727E-03  0.0000000E+00  0.1000000E+01
         1   109      7 -0.2075158E-03  0.0000000E+00  0.1000000E+01
         1   109      8 -0.2371497E-03  0.0000000E+00  0.1000000E+01
         1   109      9 -0.2667744E-03  0.0000000E+00  0.1000000E+01
         1   109     10 -0.9979704E-03  0.0000000E+00  0.9999995E+00

         1   110      0  0.0000000E+00  0.0000000E+00  0.0000000E+00
         1   110      1  0.1764221E-06  0.0000000E+00  0.1000000E+01
         1   110      2 -0.5920922E-04  0.0000000E+00  0.1000000E+01
         1   110      3 -0.8888863E-04  0.0000000E+00  0.1000000E+01
         1   110      4 -0.1185591E-03  0.0000000E+00  0.1000000E+01
         1   110      5 -0.1482204E-03  0.0000000E+00  0.1000000E+01
         1   110      6 -0.1778727E-03  0.0000000E+00  0.1000000E+01
         1   110      7 -0.2075158E-03  0.0000000E+00  0.1000000E+01
         1   110      8 -0.2371497E-03  0.0000000E+00  0.1000000E+01
         1   110      9 -0.2667744E-03  0.0000000E+00  0.1000000E+01
         1   110     10 -0.9979704E-03  0.0000000E+00  0.9999995E+00

         1   111      0  0.0000000E+00  0.0000000E+00  0.0000000E+00
         1   111      1  0.1764221E-06  0.0000000E+00  0.1000000E+01
         1   111      2 -0.5920922E-04  0.0000000E+00  0.1000000E+01
         1   111      3 -0.8888863E-04  0.0000000E+00  0.1000000E+01
         1   111      4 -0.1185591E-03  0.0000000E+00  0.1000000E+01
         1   111      5 -0.1482204E-03  0.0000000E+00  0.1000000E+01
         1   111      6 -0.1778727E-03  0.0000000E+00  0.1000000E+01
         1   111      7 -0.2075158E-03  0.0000000E+00  0.1000000E+01
         1   111      8 -0.2371497E-03  0.0000000E+00  0.1000000E+01
         1   111      9 -0.2667744E-03  0.0000000E+00  0.1000000E+01
         1   111     10 -0.9979704E-03  0.0000000E+00  0.9999995E+00

         1   112      0  0.0000000E+00  0.0000000E+00  0.0000000E+00
         1   112      1  0.1764221E-06  0.0000000E+00  0.1000000E+01
         1   112      2 -0.5920922E-04  0.0000000E+00  0.1000000E+01
         1   112      3 -0.8888863E-04  0.0000000E+00  0.1000000E+01
         1   112      4 -0.1185591E-03  0.0000000E+00  0.1000000E+01
         1   112      5 -0.1482204E-03  0.0000000E+00  0.1000000E+01
         1   112      6 -0.1778727E-03  0.0000000E+00  0.1000000E+01
         1   112      7 -0.2075158E-03  0.0000000E+00  0.1000000E+01
         1   112      8 -0.2371497E-03  0.0000000E+00  0.1000000E+01
         1   112      9 -0.2667744E-03  0.0000000E+00  0.1000000E+01
         1   112     10 -0.9979704E-03  0.0000000E+00  0.9999995E+00

         1   113      0  0.0000000E+00  0.0000000E+00  0.0000000E+00
         1   113      1  0.1764221E-06  0.0000000E+00  0.1000000E+01
         1   113      2 -0.5920922E-04  0.0000000E+00  0.1000000E+01
         1   113      3 -0.8888863E-04  0.0000000E+00  0.1000000E+01
         1   113      4 -0.1185591E-03  0.0000000E+00  0.1000000E+01
         1   113      5 -0.1482204E-03  0.0000000E+00  0.1000000E+01
         1   113      6 -0.1778727E-03  0.0000000E+00  0.1000000E+01
         1   113      7 -0.2075158E-03  0.0000000E+00  0.1000000E+01
         1   113      8 -0.2371497E-03  0.0000000E+00  0.1000000E+01
         1   113      9 -0.2667744E-03  0.0000000E+00  0.1000000E+01
         1   113     10 -0.9979704E-03  0.0000000E+00  0.9999995E+00

         1   114      0  0.0000000E+00  0.0000000E+00  0.0000000E+00
         1   114      1  0.1764221E-06  0.0000000E+00  0.1000000E+01
         1   114      2 -0.5920922E-04  0.0000000E+00  0.1000000E+01
         1   114      3 -0.8888863E-04  0.0000000E+00  0.1000000E+01
         1   114      4 -0.1185591E-03  0.0000000E+00  0.1000000E+01
         1   114      5 -0.1482204E-03  0.0000000E+00  0.1000000E+01
         1   114      6 -0.1778727E-03  0.0000000E+00  0.1000000E+01
         1   114      7 -0.2075158E-03  0.0000000E+00  0.1000000E+01
         1   114      8 -0.2371497E-03  0.0000000E+00  0.1000000E+01
         1   114      9 -0.2667744E-03  0.0000000E+00  0.1000000E+01
         1   114     10 -0.9979704E-03  0.0000000E+00  0.9999995E+00

         1   115      0  0.0000000E+00  0.0000000E+00  0.0000000E+00
         1   115      1  0.1764221E-06  0.0000000E+00  0.1000000E+01
         1   115      2 -0.5920922E-04  0.0000000E+00  0.1000000E+01
         1   115      3 -0.8888863E-04  0.0000000E+00  0.1000000E+01
         1   115      4 -0.1185591E-03  0.0000000E+00  0.1000000E+01
         1   115      5 -0.1482204E-03  0.0000000E+00  0.1000000E+01
         1   115      6 -0.1778727E-03  0.0000000E+00  0.1000000E+01
         1   115      7 -0.2075158E-03  0.0000000E+00  0.1000000E+01
         1   115      8 -0.2371497E-03  0.0000000E+00  0.1000000E+01
         1   115      9 -0.2667744E-03  0.0000000E+00  0.1000000E+01
         1   115     10 -0.9979704E-03  0.0000000E+00  0.9999995E+00

         1   116      0  0.0000000E+00  0.0000000E+00  0.0000000E+00
         1   116      1  0.1764221E-06  0.0000000E+00  0.1000000E+01
         1   116      2 -0.5920922E-04  0.0000000E+00  0.1000000E+01
         1   116      3 -0.8888863E-04  0.0000000E+00  0.1000000E+01
         1   116      4 -0.1185591E-03  0.0000000E+00  0.1000000E+01
         1   116      5 -0.1482204E-03  0.0000000E+00  0.1000000E+01
         1   116      6 -0.1778727E-03  0.0000000E+00  0.1000000E+01
         1   116      7 -0.2075158E-03  0.0000000E+00  0.1000000E+01
         1   116      8 -0.2371497E-03  0.0000000E+00  0.1000000E+01
         1   116      9 -0.2667744E-03  0.0000000E+00  0.1000000E+01
         1   116     10 -0.9979704E-03  0.0000000E+00  0.9999995E+00

         1   117      0  0.0000000E+00  0.0000000E+00  0.0000000E+00
         1   117      1  0.1764221E-06  0.0000000E+00  0.1000000E+01
         1   117      2 -0.7945409E-04  0.0000000E+00  0.1000000E+01
         1   117      3 -0.1192603E-03  0.0000000E+00  0.1000000E+01
         1   117      4 -0.1590603E-03  0.0000000E+00  0.1000000E+01
         1   117      5 -0.1988542E-03  0.0000000E+00  0.1000000E+01
         1   117      6 -0.2386420E-03  0.0000000E+00  0.1000000E+01
         1   117      7 -0.2784235E-03  0.0000000E+00  0.1000000E+01
         1   117      8 -0.3181988E-03  0.0000000E+00  0.9999999E+00
         1   117      9 -0.3579678E-03  0.0000000E+00  0.9999999E+00
         1   117     10 -0.9991588E-03  0.0000000E+00  0.9999995E+00

         1   118      0  0.0000000E+00  0.0000000E+00  0.0000000E+00
         1   118      1  0.1764221E-06  0.0000000E+00  0.1000000E+01
         1   118      2 -0.9999095E-04  0.0000000E+00  0.1000000E+01
         1   118      3 -0.1500694E-03  0.0000000E+00  0.1000000E+01
         1   118      4 -0.2001445E-03  0.0000000E+00  0.1000000E+01
         1   118      5 -0.2502160E-03  0.0000000E+00  0.1000000E+01
         1   118      6 -0.3002839E-03  0.0000000E+00  0.1000000E+01
         1   118      7 -0.3503483E-03  0.0000000E+00  0.9999999E+00
         1   118      8 -0.4004092E-03  0.0000000E+00  0.9999999E+00
         1   118      9 -0.4504664E-03  0.0000000E+00  0.9999999E+00
         1   118     10 -0.1000205E-02  0.0000000E+00  0.9999995E+00

         1   119      0  0.0000000E+00  0.0000000E+00  0.0000000E+00
         1   119      1  0.1764221E-06  0.0000000E+00  0.1000000E+01
         1   119      2 -0.9999095E-04  0.0000000E+00  0.1000000E+01
         1   119      3 -0.1500694E-03  0.0000000E+00  0.1000000E+01
         1   119      4 -0.2001445E-03  0.0000000E+00  0.1000000E+01
         1   119      5 -0.2502160E-03  0.0000000E+00  0.1000000E+01
         1   119      6 -0.3002839E-03  0.0000000E+00  0.1000000E+01
         1   119      7 -0.3503483E-03  0.0000000E+00  0.9999999E+00
         1   119      8 -0.4004092E-03  0.0000000E+00  0.9999999E+00
         1   119      9 -0.4504664E-03  0.0000000E+00  0.9999999E+00
         1   119     10 -0.1000205E-02  0.0000000E+00  0.9999995E+00

         1   120      0  0.0000000E+00  0.0000000E+00  0.0000000E+00
         1   120      1  0.1764221E-06  0.0000000E+00  0.1000000E+01
         1   120      2 -0.9999095E-04  0.0000000E+00  0.1000000E+01
         1   120      3 -0.1500694E-03  0.0000000E+00  0.1000000E+01
         1   120      4 -0.2001445E-03  0.0000000E+00  0.1000000E+01
         1   120      5 -0.2502160E-03  0.0000000E+00  0.1000000E+01
         1   120      6 -0.3002839E-03  0.0000000E+00  0.1000000E+01
         1   120      7 -0.3503483E-03  0.0000000E+00  0.9999999E+00
         1   120      8 -0.4004092E-03  0.0000000E+00  0.9999999E+00
         1   120      9 -0.4504664E-03  0.0000000E+00  0.9999999E+00
         1   120     10 -0.1000205E-02  0.0000000E+00  0.9999995E+00

         1   121      0  0.0000000E+00  0.0000000E+00  0.0000000E+00
         1   121      1  0.1764221E-06  0.0000000E+00  0.1000000E+01
         1   121      2 -0.9999095E-04  0.0000000E+00  0.1000000E+01
         1   121      3 -0.1500694E-03  0.0000000E+00  0.1000000E+01
         1   121      4 -0.2001445E-03  0.0000000E+00  0.1000000E+01
         1   121      5 -0.2502160E-03  0.0000000E+00  0.1000000E+01
         1   121      6 -0.3002839E-03  0.0000000E+00  0.1000000E+01
         1   121      7 -0.3503483E-03  0.0000000E+00  0.9999999E+00
         1   121      8 -0.4004092E-03  0.0000000E+00  0.9999999E+00
         1   121      9 -0.4504664E-03  0.0000000E+00  0.9999999E+00
         1   121     10 -0.1000205E-02  0.0000000E+00  0.9999995E+00

         1   122      0  0.0000000E+00  0.0000000E+00  0.0000000E+00
         1   122      1  0.1940643E-06  0.0000000E+00  0.1000000E+01
         1   122      2 -0.9989348E-04  0.0000000E+00  0.1000000E+01
         1   122      3 -0.1499321E-03  0.0000000E+00  0.1000000E+01
         1   122      4 -0.1999671E-03  0.0000000E+00  0.1000000E+01
         1   122      5 -0.2499987E-03  0.0000000E+00  0.1000000E+01
         1   122      6 -0.3000267E-03  0.0000000E+00  0.1000000E+01
         1   122      7 -0.3500512E-03  0.0000000E+00  0.9999999E+00
         1   122      8 -0.4000721E-03  0.0000000E+00  0.9999999E+00
         1   122      9 -0.4500893E-03  0.0000000E+00  0.9999999E+00
         1   122     10 -0.9974408E-03  0.0000000E+00  0.9999995E+00

         1   123      0  0.0000000E+00  0.0000000E+00  0.0000000E+00
         1   123      1  0.1940643E-06  0.0000000E+00  0.1000000E+01
         1   123      2 -0.9989348E-04  0.0000000E+00  0.1000000E+01
         1   123      3 -0.1499321E-03  0.0000000E+00  0.1000000E+01
         1   123      4 -0.1999671E-03  0.0000000E+00  0.1000000E+01
         1   123      5 -0.2499987E-03  0.0000000E+00  0.1000000E+01
         1   123      6 -0.3000267E-03  0.0000000E+00  0.1000000E+01
         1   123      7 -0.3500512E-03  0.0000000E+00  0.9999999E+00
         1   123      8 -0.4000721E-03  0.0000000E+00  0.9999999E+00
         1   123      9 -0.4500893E-03  0.0000000E+00  0.9999999E+00
         1   123     10 -0.9974408E-03  0.0000000E+00  0.9999995E+00

         1   124      0  0.0000000E+00  0.0000000E+00  0.0000000E+00
         1   124      1  0.1940643E-06  0.0000000E+00  0.1000000E+01
         1   124      2 -0.9989348E-04  0.0000000E+00  0.1000000E+01
         1   124      3 -0.1499321E-03  0.0000000E+00  0.1000000E+01
         1   124      4 -0.1999671E-03  0.0000000E+00  0.1000000E+01
         1   124      5 -0.2499987E-03  0.0000000E+00  0.1000000E+01
         1   124      6 -0.3000267E-03  0.0000000E+00  0.1000000E+01
         1   124      7 -0.3500512E-03  0.0000000E+00  0.9999999E+00
         1   124      8 -0.4000721E-03  0.0000000E+00  0.9999999E+00
         1   124      9 -0.4500893E-03  0.0000000E+00  0.9999999E+00
         1   124     10 -0.9974408E-03  0.0000000E+00  0.9999995E+00

         1   125      0  0.0000000E+00  0.0000000E+00  0.0000000E+00
         1   125      1  0.1940643E-06  0.0000000E+00  0.1000000E+01
         1   125      2 -0.9989348E-04  0.0000000E+00  0.1000000E+01
         1   125      3 -0.1499321E-03  0.0000000E+00  0.1000000E+01
         1   125      4 -0.1999671E-03  0.0000000E+00  0.1000000E+01
         1   125      5 -0.2499987E-03  0.0000000E+00  0.1000000E+01
         1   125      6 -0.3000267E-03  0.0000000E+00  0.1000000E+01
         1   125      7 -0.3500512E-03  0.0000000E+00  0.9999999E+00
         1   125      8 -0.4000721E-03  0.0000000E+00  0.9999999E+00
         1   125      9 -0.4500893E-03  0.0000000E+00  0.9999999E+00
         1   125     10 -0.9974408E-03  0.0000000E+00  0.9999995E+00

         1   126      0  0.0000000E+00  0.0000000E+00  0.0000000E+00
         1   126      1  0.1940643E-06  0.0000000E+00  0.1000000E+01
         1   126      2 -0.2622907E-04  0.0000000E+00  0.1000000E+01
         1   126      3 -0.3942770E-04  0.0000000E+00  0.1000000E+01
         1   126      4 -0.5261768E-04  0.0000000E+00  0.1000000E+01
         1   126      5 -0.6579896E-04  0.0000000E+00  0.1000000E+01
         1   126      6 -0.7897152E-04  0.0000000E+00  0.1000000E+01
         1   126      7 -0.9213533E-04  0.0000000E+00  0.1000000E+01
         1   126      8 -0.1052904E-03  0.0000000E+00  0.1000000E+01
         1   126      9 -0.1184366E-03  0.0000000E+00  0.1000000E+01
         1   126     10 -0.1025335E-02  0.0000000E+00  0.9999995E+00

         1   127      0  0.0000000E+00  0.0000000E+00  0.0000000E+00
         1   127      1  0.1940643E-06  0.0000000E+00  0.1000000E+01
         1   127      2  0.4837067E-04  0.0000000E+00  0.1000000E+01
         1   127      3  0.7247968E-04  0.0000000E+00  0.1000000E+01
         1   127      4  0.9660255E-04  0.0000000E+00  0.1000000E+01
         1   127      5  0.1207393E-03  0.0000000E+00  0.1000000E+01
         1   127      6  0.1448900E-03  0.0000000E+00  0.1000000E+01
         1   127      7  0.1690546E-03  0.0000000E+00  0.1000000E+01
         1   127      8  0.1932332E-03  0.0000000E+00  0.1000000E+01
         1   127      9  0.2174259E-03  0.0000000E+00  0.1000000E+01
         1   127     10 -0.1056647E-02  0.0000000E+00  0.9999994E+00

         1   128      0  0.0000000E+00  0.0000000E+00  0.0000000E+00
         1   128      1  0.1940643E-06  0.0000000E+00  0.1000000E+01
         1   128      2  0.4837067E-04  0.0000000E+00  0.1000000E+01
         1   128      3  0.7247968E-04  0.0000000E+00  0.1000000E+01
         1   128      4  0.9660255E-04  0.0000000E+00  0.1000000E+01
         1   128      5  0.1207393E-03  0.0000000E+00  0.1000000E+01
         1   128      6  0.1448900E-03  0.0000000E+00  0.1000000E+01
         1   128      7  0.1690546E-03  0.0000000E+00  0.1000000E+01
         1   128      8  0.1932332E-03  0.0000000E+00  0.1000000E+01
         1   128      9  0.2174259E-03  0.0000000E+00  0.1000000E+01
         1   128     10 -0.1056647E-02  0.0000000E+00  0.9999994E+00

         1   129      0  0.0000000E+00  0.0000000E+00  0.0000000E+00
         1   129      1  0.1940643E-06  0.0000000E+00  0.1000000E+01
         1   129      2  0.4837067E-04  0.0000000E+00  0.1000000E+01
         1   129      3  0.7247968E-04  0.0000000E+00  0.1000000E+01
         1   129      4  0.9660255E-04  0.0000000E+00  0.1000000E+01
         1   129      5  0.1207393E-03  0.0000000E+00  0.1000000E+01
         1   129      6  0.1448900E-03  0.0000000E+00  0.1000000E+01
         1   129      7  0.1690546E-03  0.0000000E+00  0.1000000E+01
         1   129      8  0.1932332E-03  0.0000000E+00  0.1000000E+01
         1   129      9  0.2174259E-03  0.0000000E+00  0.1000000E+01
         1   129     10 -0.1056647E-02  0.0000000E+00  0.9999994E+00

         1   130      0  0.0000000E+00  0.0000000E+00  0.0000000E+00
         1   130      1  0.1940643E-06  0.0000000E+00  0.1000000E+01
         1   130      2  0.4837067E-04  0.0000000E+00  0.1000000E+01
         1   130      3  0.7247968E-04  0.0000000E+00  0.1000000E+01
         1   130      4  0.9660255E-04  0.0000000E+00  0.1000000E+01
         1   130      5  0.1207393E-03  0.0000000E+00  0.1000000E+01
         1   130      6  0.1448900E-03  0.0000000E+00  0.1000000E+01
         1   130      7  0.1690546E-03  0.0000000E+00  0.1000000E+01
         1   130      8  0.1932332E-03  0.0000000E+00  0.1000000E+01
         1   130      9  0.2174259E-03  0.0000000E+00  0.1000000E+01
         1   130     10 -0.1056647E-02  0.0000000E+00  0.9999994E+00

         1   131      0  0.0000000E+00  0.0000000E+00  0.0000000E+00
         1   131      1  0.2117065E-06  0.0000000E+00  0.1000000E+01
         1   131      2  0.4848926E-04  0.0000000E+00  0.1000000E+01
         1   131      3  0.7264876E-04  0.0000000E+00  0.1000000E+01
         1   131      4  0.9682212E-04  0.0000000E+00  0.1000000E+01
         1   131      5  0.1210094E-03  0.0000000E+00  0.1000000E+01
         1   131      6  0.1452106E-03  0.0000000E+00  0.1000000E+01
         1   131      7  0.1694257E-03  0.0000000E+00  0.1000000E+01
         1   131      8  0.1936549E-03  0.0000000E+00  0.1000000E+01
         1   131      9  0.2178981E-03  0.0000000E+00  0.1000000E+01
         1   131     10 -0.1053959E-02  0.0000000E+00  0.9999994E+00

         1   132      0  0.0000000E+00  0.0000000E+00  0.0000000E+00
         1   132      1  0.2117065E-06  0.0000000E+00  0.1000000E+01
         1   132      2  0.4848926E-04  0.0000000E+00  0.1000000E+01
         1   132      3  0.7264876E-04  0.0000000E+00  0.1000000E+01
         1   132      4  0.9682212E-04  0.0000000E+00  0.1000000E+01
         1   132      5  0.1210094E-03  0.0000000E+00  0.1000000E+01
         1   132      6  0.1452106E-03  0.0000000E+00  0.1000000E+01
         1   132      7  0.1694257E-03  0.0000000E+00  0.1000000E+01
         1   132      8  0.1936549E-03  0.0000000E+00  0.1000000E+01
         1   132      9  0.2178981E-03  0.0000000E+00  0.1000000E+01
         1   132     10 -0.1053959E-02  0.0000000E+00  0.9999994E+00

         1   133      0  0.0000000E+00  0.0000000E+00  0.0000000E+00
         1   133      1  0.2117065E-06  0.0000000E+00  0.1000000E+01
         1   133      2  0.4848926E-04  0.0000000E+00  0.1000000E+01
         1   133      3  0.7264876E-04  0.0000000E+00  0.1000000E+01
         1   133      4  0.9682212E-04  0.0000000E+00  0.1000000E+01
         1   133      5  0.1210094E-03  0.0000000E+00  0.1000000E+01
         1   133      6  0.1452106E-03  0.0000000E+00  0.1000000E+01
         1   133      7  0.1694257E-03  0.0000000E+00  0.1000000E+01
         1   133      8  0.1936549E-03  0.0000000E+00  0.1000000E+01
         1   133      9  0.2178981E-03  0.0000000E+00  0.1000000E+01
         1   133     10 -0.1053959E-02  0.0000000E+00  0.9999994E+00

         1   134      0  0.0000000E+00  0.0000000E+00  0.0000000E+00
         1   134      1  0.2117065E-06  0.0000000E+00  0.1000000E+01
         1   134      2  0.4848926E-04  0.0000000E+00  0.1000000E+01
         1   134      3  0.7264876E-04  0.0000000E+00  0.1000000E+01
         1   134      4  0.9682212E-04  0.0000000E+00  0.1000000E+01
         1   134      5  0.1210094E-03  0.0000000E+00  0.1000000E+01
         1   134      6  0.1452106E-03  0.0000000E+00  0.1000000E+01
         1   134      7  0.1694257E-03  0.0000000E+00  0.1000000E+01
         1   134      8  0.1936549E-03  0.0000000E+00  0.1000000E+01
         1   134      9  0.2178981E-03  0.0000000E+00  0.1000000E+01
         1   134     10 -0.1053959E-02  0.0000000E+00  0.9999994E+00

         1   135      0  0.0000000E+00  0.0000000E+00  0.0000000E+00
         1   135      1  0.2117065E-06  0.0000000E+00  0.1000000E+01
         1   135      2  0.5385004E-05  0.0000000E+00  0.1000000E+01
         1   135      3  0.7987954E-05  0.0000000E+00  0.1000000E+01
         1   135      4  0.1060183E-04  0.0000000E+00  0.1000000E+01
         1   135      5  0.1322668E-04  0.0000000E+00  0.1000000E+01
         1   135      6  0.1586253E-04  0.0000000E+00  0.1000000E+01
         1   135      7  0.1850945E-04  0.0000000E+00  0.1000000E+01
         1   135      8  0.2116747E-04  0.0000000E+00  0.1000000E+01
         1   135      9  0.2383664E-04  0.0000000E+00  0.1000000E+01
         1   135     10 -0.9725585E-03  0.0000000E+00  0.9999995E+00

         1   136      0  0.0000000E+00  0.0000000E+00  0.0000000E+00
         1   136      1  0.2117065E-06  0.0000000E+00  0.1000000E+01
         1   136      2 -0.3725708E-04  0.0000000E+00  0.1000000E+01
         1   136      3 -0.5597950E-04  0.0000000E+00  0.1000000E+01
         1   136      4 -0.7469387E-04  0.0000000E+00  0.1000000E+01
         1   136      5 -0.9340012E-04  0.0000000E+00  0.1000000E+01
         1   136      6 -0.1120982E-03  0.0000000E+00  0.1000000E+01
         1   136      7 -0.1307881E-03  0.0000000E+00  0.1000000E+01
         1   136      8 -0.1494697E-03  0.0000000E+00  0.1000000E+01
         1   136      9 -0.1681429E-03  0.0000000E+00  0.1000000E+01
         1   136     10 -0.8820704E-03  0.0000000E+00  0.9999996E+00

         1   137      0  0.0000000E+00  0.0000000E+00  0.0000000E+00
         1   137      1  0.2117065E-06  0.0000000E+00  0.1000000E+01
         1   137      2 -0.3725708E-04  0.0000000E+00  0.1000000E+01
         1   137      3 -0.5597950E-04  0.0000000E+00  0.1000000E+01
         1   137      4 -0.7469387E-04  0.0000000E+00  0.1000000E+01
         1   137      5 -0.9340012E-04  0.0000000E+00  0.1000000E+01
         1   137      6 -0.1120982E-03  0.0000000E+00  0.1000000E+01
         1   137      7 -0.1307881E-03  0.0000000E+00  0.1000000E+01
         1   137      8 -0.1494697E-03  0.0000000E+00  0.1000000E+01
         1   137      9 -0.1681429E-03  0.0000000E+00  0.1000000E+01
         1   137     10 -0.8820704E-03  0.0000000E+00  0.9999996E+00

         1   138      0  0.0000000E+00  0.0000000E+00  0.0000000E+00
         1   138      1  0.2117065E-06  0.0000000E+00  0.1000000E+01
         1   138      2 -0.3725708E-04  0.0000000E+00  0.1000000E+01
         1   138      3 -0.5597950E-04  0.0000000E+00  0.1000000E+01
         1   138      4 -0.7469387E-04  0.0000000E+00  0.1000000E+01
         1   138      5 -0.9340012E-04  0.0000000E+00  0.1000000E+01
         1   138      6 -0.1120982E-03  0.0000000E+00  0.1000000E+01
         1   138      7 -0.1307881E-03  0.0000000E+00  0.1000000E+01
         1   138      8 -0.1494697E-03  0.0000000E+00  0.1000000E+01
         1   138      9 -0.1681429E-03  0.0000000E+00  0.1000000E+01
         1   138     10 -0.8820704E-03  0.0000000E+00  0.9999996E+00

         1   139      0  0.0000000E+00  0.0000000E+00  0.0000000E+00
         1   139      1  0.2117065E-06  0.0000000E+00  0.1000000E+01
         1   139      2 -0.3725708E-04  0.0000000E+00  0.1000000E+01
         1   139      3 -0.5597950E-04  0.0000000E+00  0.1000000E+01
         1   139      4 -0.7469387E-04  0.0000000E+00  0.1000000E+01
         1   139      5 -0.9340012E-04  0.0000000E+00  0.1000000E+01
         1   139      6 -0.1120982E-03  0.0000000E+00  0.1000000E+01
         1   139      7 -0.1307881E-03  0.0000000E+00  0.1000000E+01
         1   139      8 -0.1494697E-03  0.0000000E+00  0.1000000E+01
         1   139      9 -0.1681429E-03  0.0000000E+00  0.1000000E+01
         1   139     10 -0.8820704E-03  0.0000000E+00  0.9999996E+00

         1   140      0  0.0000000E+00  0.0000000E+00  0.0000000E+00
         1   140      1  0.2293487E-06  0.0000000E+00  0.1000000E+01
         1   140      2 -0.3715027E-04  0.0000000E+00  0.1000000E+01
         1   140      3 -0.5582810E-04  0.0000000E+00  0.1000000E+01
         1   140      4 -0.7449787E-04  0.0000000E+00  0.1000000E+01
         1   140      5 -0.9315951E-04  0.0000000E+00  0.1000000E+01
         1   140      6 -0.1118130E-03  0.0000000E+00  0.1000000E+01
         1   140      7 -0.1304582E-03  0.0000000E+00  0.1000000E+01
         1   140      8 -0.1490952E-03  0.0000000E+00  0.1000000E+01
         1   140      9 -0.1677238E-03  0.0000000E+00  0.1000000E+01
         1   140     10 -0.8796145E-03  0.0000000E+00  0.9999996E+00

         1   141      0  0.0000000E+00  0.0000000E+00  0.0000000E+00
         1   141      1  0.2293487E-06  0.0000000E+00  0.1000000E+01
         1   141      2 -0.3715027E-04  0.0000000E+00  0.1000000E+01
         1   141      3 -0.5582810E-04  0.0000000E+00  0.1000000E+01
         1   141      4 -0.7449787E-04  0.0000000E+00  0.1000000E+01
         1   141      5 -0.9315951E-04  0.0000000E+00  0.1000000E+01
         1   141      6 -0.1118130E-03  0.0000000E+00  0.1000000E+01
         1   141      7 -0.1304582E-03  0.0000000E+00  0.1000000E+01
         1   141      8 -0.1490952E-03  0.0000000E+00  0.1000000E+01
         1   141      9 -0.1677238E-03  0.0000000E+00  0.1000000E+01
         1   141     10 -0.8796145E-03  0.0000000E+00  0.9999996E+00

         1   142      0  0.0000000E+00  0.0000000E+00  0.0000000E+00
         1   142      1  0.2293487E-06  0.0000000E+00  0.1000000E+01
         1   142      2 -0.3715417E-04  0.0000000E+00  0.1000000E+01
         1   142      3 -0.5583687E-04  0.0000000E+00  0.1000000E+01
         1   142      4 -0.7451346E-04  0.0000000E+00  0.1000000E+01
         1   142      5 -0.9318388E-04  0.0000000E+00  0.1000000E+01
         1   142      6 -0.1118481E-03  0.0000000E+00  0.1000000E+01
         1   142      7 -0.1305060E-03  0.0000000E+00  0.1000000E+01
         1   142      8 -0.1491576E-03  0.0000000E+00  0.1000000E+01
         1   142      9 -0.1678028E-03  0.0000000E+00  0.1000000E+01
         1   142     10 -0.8796999E-03  0.0000000E+00  0.9999996E+00

         1   143      0  0.0000000E+00  0.0000000E+00  0.0000000E+00
         1   143      1  0.2293487E-06  0.0000000E+00  0.1000000E+01
         1   143      2 -0.3715417E-04  0.0000000E+00  0.1000000E+01
         1   143      3 -0.5583687E-04  0.0000000E+00  0.1000000E+01
         1   143      4 -0.7451346E-04  0.0000000E+00  0.1000000E+01
         1   143      5 -0.9318388E-04  0.0000000E+00  0.1000000E+01
         1   143      6 -0.1118481E-03  0.0000000E+00  0.1000000E+01
         1   143      7 -0.1305060E-03  0.0000000E+00  0.1000000E+01
         1   143      8 -0.1491576E-03  0.0000000E+00  0.1000000E+01
         1   143      9 -0.1678028E-03  0.0000000E+00  0.1000000E+01
         1   143     10 -0.8796999E-03  0.0000000E+00  0.9999996E+00

         1   144      0  0.0000000E+00  0.0000000E+00  0.0000000E+00
         1   144      1  0.2293487E-06  0.0000000E+00  0.1000000E+01
         1   144      2  0.2379021E-04  0.0000000E+00  0.1000000E+01
         1   144      3  0.3558499E-04  0.0000000E+00  0.1000000E+01
         1   144      4  0.4738937E-04  0.0000000E+00  0.1000000E+01
         1   144      5  0.5920336E-04  0.0000000E+00  0.1000000E+01
         1   144      6  0.7102697E-04  0.0000000E+00  0.1000000E+01
         1   144      7  0.8286024E-04  0.0000000E+00  0.1000000E+01
         1   144      8  0.9470316E-04  0.0000000E+00  0.1000000E+01
         1   144      9  0.1065558E-03  0.0000000E+00  0.1000000E+01
         1   144     10 -0.1179535E-02  0.0000000E+00  0.9999993E+00

         1   145      0  0.0000000E+00  0.0000000E+00  0.0000000E+00
         1   145      1  0.2293487E-06  0.0000000E+00  0.1000000E+01
         1   145      2  0.8334363E-04  0.0000000E+00  0.1000000E+01
         1   145      3  0.1249203E-03  0.0000000E+00  0.1000000E+01
         1   145      4  0.1665100E-03  0.0000000E+00  0.1000000E+01
         1   145      5  0.2081126E-03  0.0000000E+00  0.1000000E+01
         1   145      6  0.2497282E-03  0.0000000E+00  0.1000000E+01
         1   145      7  0.2913567E-03  0.0000000E+00  0.1000000E+01
         1   145      8  0.3329982E-03  0.0000000E+00  0.9999999E+00
         1   145      9  0.3746525E-03  0.0000000E+00  0.9999999E+00
         1   145     10 -0.1484920E-02  0.0000000E+00  0.9999989E+00

         1   146      0  0.0000000E+00  0.0000000E+00  0.0000000E+00
         1   146      1  0.2293487E-06  0.0000000E+00  0.1000000E+01
         1   146      2  0.8334363E-04  0.0000000E+00  0.1000000E+01
         1   146      3  0.1249203E-03  0.0000000E+00  0.1000000E+01
         1   146      4  0.1665100E-03  0.0000000E+00  0.1000000E+01
         1   146      5  0.2081126E-03  0.0000000E+00  0.1000000E+01
         1   146      6  0.2497282E-03  0.0000000E+00  0.1000000E+01
         1   146      7  0.2913567E-03  0.0000000E+00  0.1000000E+01
         1   146      8  0.3329982E-03  0.0000000E+00  0.9999999E+00
         1   146      9  0.3746525E-03  0.0000000E+00  0.9999999E+00
         1   146     10 -0.1484920E-02  0.0000000E+00  0.9999989E+00

         1   147      0  0.0000000E+00  0.0000000E+00  0.0000000E+00
         1   147      1  0.2293487E-06  0.0000000E+00  0.1000000E+01
         1   147      2  0.8334363E-04  0.0000000E+00  0.1000000E+01
         1   147      3  0.1249203E-03  0.0000000E+00  0.1000000E+01
         1   147      4  0.1665100E-03  0.0000000E+00  0.1000000E+01
         1   147      5  0.2081126E-03  0.0000000E+00  0.1000000E+01
         1   147      6  0.2497282E-03  0.0000000E+00  0.1000000E+01
         1   147      7  0.2913567E-03  0.0000000E+00  0.1000000E+01
         1   147      8  0.3329982E-03  0.0000000E+00  0.9999999E+00
         1   147      9  0.3746525E-03  0.0000000E+00  0.9999999E+00
         1   147     10 -0.1484920E-02  0.0000000E+00  0.9999989E+00

         1   148      0  0.0000000E+00  0.0000000E+00  0.0000000E+00
         1   148      1  0.2293487E-06  0.0000000E+00  0.1000000E+01
         1   148      2  0.8334363E-04  0.0000000E+00  0.1000000E+01
         1   148      3  0.1249203E-03  0.0000000E+00  0.1000000E+01
         1   148      4  0.1665100E-03  0.0000000E+00  0.1000000E+01
         1   148      5  0.2081126E-03  0.0000000E+00  0.1000000E+01
         1   148      6  0.2497282E-03  0.0000000E+00  0.1000000E+01
         1   148      7  0.2913567E-03  0.0000000E+00  0.1000000E+01
         1   148      8  0.3329982E-03  0.0000000E+00  0.9999999E+00
         1   148      9  0.3746525E-03  0.0000000E+00  0.9999999E+00
         1   148     10 -0.1484920E-02  0.0000000E+00  0.9999989E+00

         1   149      0  0.0000000E+00  0.0000000E+00  0.0000000E+00
         1   149      1  0.2469909E-06  0.0000000E+00  0.1000000E+01
         1   149      2  0.8341902E-04  0.0000000E+00  0.1000000E+01
         1   149      3  0.1250246E-03  0.0000000E+00  0.1000000E+01
         1   149      4  0.1666431E-03  0.0000000E+00  0.1000000E+01
         1   149      5  0.2082747E-03  0.0000000E+00  0.1000000E+01
         1   149      6  0.2499192E-03  0.0000000E+00  0.1000000E+01
         1   149      7  0.2915766E-03  0.0000000E+00  0.1000000E+01
         1   149      8  0.3332469E-03  0.0000000E+00  0.9999999E+00
         1   149      9  0.3749302E-03  0.0000000E+00  0.9999999E+00
         1   149     10 -0.1482589E-02  0.0000000E+00  0.9999989E+00

         1   150      0  0.0000000E+00  0.0000000E+00  0.0000000E+00
         1   150      1  0.2469909E-06  0.0000000E+00  0.1000000E+01
         1   150      2  0.8341902E-04  0.0000000E+00  0.1000000E+01
         1   150      3  0.1250246E-03  0.0000000E+00  0.1000000E+01
         1   150      4  0.1666431E-03  0.0000000E+00  0.1000000E+01
         1   150      5  0.2082747E-03  0.0000000E+00  0.1000000E+01
         1   150      6  0.2499192E-03  0.0000000E+00  0.1000000E+01
         1   150      7  0.2915766E-03  0.0000000E+00  0.1000000E+01
         1   150      8  0.3332469E-03  0.0000000E+00  0.9999999E+00
         1   150      9  0.3749302E-03  0.0000000E+00  0.9999999E+00
         1   150     10 -0.1482589E-02  0.0000000E+00  0.9999989E+00

         1   151      0  0.0000000E+00  0.0000000E+00  0.0000000E+00
         1   151      1  0.2469909E-06  0.0000000E+00  0.1000000E+01
         1   151      2  0.8341821E-04  0.0000000E+00  0.1000000E+01
         1   151      3  0.1250228E-03  0.0000000E+00  0.1000000E+01
         1   151      4  0.1666399E-03  0.0000000E+00  0.1000000E+01
         1   151      5  0.2082696E-03  0.0000000E+00  0.1000000E+01
         1   151      6  0.2499119E-03  0.0000000E+00  0.1000000E+01
         1   151      7  0.2915667E-03  0.0000000E+00  0.1000000E+01
         1   151      8  0.3332340E-03  0.0000000E+00  0.9999999E+00
         1   151      9  0.3749138E-03  0.0000000E+00  0.9999999E+00
         1   151     10 -0.1482829E-02  0.0000000E+00  0.9999989E+00

         1   152      0  0.0000000E+00  0.0000000E+00  0.0000000E+00
         1   152      1  0.2469909E-06  0.0000000E+00  0.1000000E+01
         1   152      2  0.8341821E-04  0.0000000E+00  0.1000000E+01
         1   152      3  0.1250228E-03  0.0000000E+00  0.1000000E+01
         1   152      4  0.1666399E-03  0.0000000E+00  0.1000000E+01
         1   152      5  0.2082696E-03  0.0000000E+00  0.1000000E+01
         1   152      6  0.2499119E-03  0.0000000E+00  0.1000000E+01
         1   152      7  0.2915667E-03  0.0000000E+00  0.1000000E+01
         1   152      8  0.3332340E-03  0.0000000E+00  0.9999999E+00
         1   152      9  0.3749138E-03  0.0000000E+00  0.9999999E+00
         1   152     10 -0.1482829E-02  0.0000000E+00  0.9999989E+00

         1   153      0  0.0000000E+00  0.0000000E+00  0.0000000E+00
         1   153      1  0.2469909E-06  0.0000000E+00  0.1000000E+01
         1   153      2  0.7433752E-04  0.0000000E+00  0.1000000E+01
         1   153      3  0.1114001E-03  0.0000000E+00  0.1000000E+01
         1   153      4  0.1484742E-03  0.0000000E+00  0.1000000E+01
         1   153      5  0.1855598E-03  0.0000000E+00  0.1000000E+01
         1   153      6  0.2226570E-03  0.0000000E+00  0.1000000E+01
         1   153      7  0.2597658E-03  0.0000000E+00  0.1000000E+01
         1   153      8  0.2968860E-03  0.0000000E+00  0.1000000E+01
         1   153      9  0.3340179E-03  0.0000000E+00  0.9999999E+00
         1   153     10 -0.1258402E-02  0.0000000E+00  0.9999992E+00

         1   154      0  0.0000000E+00  0.0000000E+00  0.0000000E+00
         1   154      1  0.2469909E-06  0.0000000E+00  0.1000000E+01
         1   154      2  0.6848924E-04  0.0000000E+00  0.1000000E+01
         1   154      3  0.1026262E-03  0.0000000E+00  0.1000000E+01
         1   154      4  0.1367739E-03  0.0000000E+00  0.1000000E+01
         1   154      5  0.1709321E-03  0.0000000E+00  0.1000000E+01
         1   154      6  0.2051011E-03  0.0000000E+00  0.1000000E+01
         1   154      7  0.2392807E-03  0.0000000E+00  0.1000000E+01
         1   154      8  0.2734710E-03  0.0000000E+00  0.1000000E+01
         1   154      9  0.3076721E-03  0.0000000E+00  0.1000000E+01
         1   154     10 -0.1028326E-02  0.0000000E+00  0.9999995E+00

         1   155      0  0.0000000E+00  0.0000000E+00  0.0000000E+00
         1   155      1  0.2469909E-06  0.0000000E+00  0.1000000E+01
         1   155      2  0.6848924E-04  0.0000000E+00  0.1000000E+01
         1   155      3  0.1026262E-03  0.0000000E+00  0.1000000E+01
         1   155      4  0.1367739E-03  0.0000000E+00  0.1000000E+01
         1   155      5  0.1709321E-03  0.0000000E+00  0.1000000E+01
         1   155      6  0.2051011E-03  0.0000000E+00  0.1000000E+01
         1   155      7  0.2392807E-03  0.0000000E+00  0.1000000E+01
         1   155      8  0.2734710E-03  0.0000000E+00  0.1000000E+01
         1   155      9  0.3076721E-03  0.0000000E+00  0.1000000E+01
         1   155     10 -0.1028326E-02  0.0000000E+00  0.9999995E+00

         1   156      0  0.0000000E+00  0.0000000E+00  0.0000000E+00
         1   156      1  0.2469909E-06  0.0000000E+00  0.1000000E+01
         1   156      2  0.6848924E-04  0.0000000E+00  0.1000000E+01
         1   156      3  0.1026262E-03  0.0000000E+00  0.1000000E+01
         1   156      4  0.1367739E-03  0.0000000E+00  0.1000000E+01
         1   156      5  0.1709321E-03  0.0000000E+00  0.1000000E+01
         1   156      6  0.2051011E-03  0.0000000E+00  0.1000000E+01
         1   156      7  0.2392807E-03  0.0000000E+00  0.1000000E+01
         1   156      8  0.2734710E-03  0.0000000E+00  0.1000000E+01
         1   156      9  0.3076721E-03  0.0000000E+00  0.1000000E+01
         1   156     10 -0.1028326E-02  0.0000000E+00  0.9999995E+00

         1   157      0  0.0000000E+00  0.0000000E+00  0.0000000E+00
         1   157      1  0.2469909E-06  0.0000000E+00  0.1000000E+01
         1   157      2  0.6848924E-04  0.0000000E+00  0.1000000E+01
         1   157      3  0.1026262E-03  0.0000000E+00  0.1000000E+01
         1   157      4  0.1367739E-03  0.0000000E+00  0.1000000E+01
         1   157      5  0.1709321E-03  0.0000000E+00  0.1000000E+01
         1   157      6  0.2051011E-03  0.0000000E+00  0.1000000E+01
         1   157      7  0.2392807E-03  0.0000000E+00  0.1000000E+01
         1   157      8  0.2734710E-03  0.0000000E+00  0.1000000E+01
         1   157      9  0.3076721E-03  0.0000000E+00  0.1000000E+01
         1   157     10 -0.1028326E-02  0.0000000E+00  0.9999995E+00

         1   158      0  0.0000000E+00  0.0000000E+00  0.0000000E+00
         1   158      1  0.2646331E-06  0.0000000E+00  0.1000000E+01
         1   158      2  0.6848223E-04  0.0000000E+00  0.1000000E+01
         1   158      3  0.1026069E-03  0.0000000E+00  0.1000000E+01
         1   158      4  0.1367422E-03  0.0000000E+00  0.1000000E+01
         1   158      5  0.1708881E-03  0.0000000E+00  0.1000000E+01
         1   158      6  0.2050448E-03  0.0000000E+00  0.1000000E+01
         1   158      7  0.2392121E-03  0.0000000E+00  0.1000000E+01
         1   158      8  0.2733901E-03  0.0000000E+00  0.1000000E+01
         1   158      9  0.3075788E-03  0.0000000E+00  0.1000000E+01
         1   158     10 -0.1026139E-02  0.0000000E+00  0.9999995E+00

         1   159      0  0.0000000E+00  0.0000000E+00  0.0000000E+00
         1   159      1  0.2646331E-06  0.0000000E+00  0.1000000E+01
         1   159      2  0.6848223E-04  0.0000000E+00  0.1000000E+01
         1   159      3  0.1026069E-03  0.0000000E+00  0.1000000E+01
         1   159      4  0.1367422E-03  0.0000000E+00  0.1000000E+01
         1   159      5  0.1708881E-03  0.0000000E+00  0.1000000E+01
         1   159      6  0.2050448E-03  0.0000000E+00  0.1000000E+01
         1   159      7  0.2392121E-03  0.0000000E+00  0.1000000E+01
         1   159      8  0.2733901E-03  0.0000000E+00  0.1000000E+01
         1   159      9  0.3075788E-03  0.0000000E+00  0.1000000E+01
         1   159     10 -0.1026139E-02  0.0000000E+00  0.9999995E+00

         1   160      0  0.0000000E+00  0.0000000E+00  0.0000000E+00
         1   160      1  0.2646331E-06  0.0000000E+00  0.1000000E+01
         1   160      2  0.6849355E-04  0.0000000E+00  0.1000000E+01
         1   160      3  0.1026324E-03  0.0000000E+00  0.1000000E+01
         1   160      4  0.1367875E-03  0.0000000E+00  0.1000000E+01
         1   160      5  0.1709589E-03  0.0000000E+00  0.1000000E+01
         1   160      6  0.2051467E-03  0.0000000E+00  0.1000000E+01
         1   160      7  0.2393508E-03  0.0000000E+00  0.1000000E+01
         1   160      8  0.2735713E-03  0.0000000E+00  0.1000000E+01
         1   160      9  0.3078082E-03  0.0000000E+00  0.1000000E+01
         1   160     10 -0.1023928E-02  0.0000000E+00  0.9999995E+00

         1   161      0  0.0000000E+00  0.0000000E+00  0.0000000E+00
         1   161      1  0.2646331E-06  0.0000000E+00  0.1000000E+01
         1   161      2  0.6849355E-04  0.0000000E+00  0.1000000E+01
         1   161      3  0.1026324E-03  0.0000000E+00  0.1000000E+01
         1   161      4  0.1367875E-03  0.0000000E+00  0.1000000E+01
         1   161      5  0.1709589E-03  0.0000000E+00  0.1000000E+01
         1   161      6  0.2051467E-03  0.0000000E+00  0.1000000E+01
         1   161      7  0.2393508E-03  0.0000000E+00  0.1000000E+01
         1   161      8  0.2735713E-03  0.0000000E+00  0.1000000E+01
         1   161      9  0.3078082E-03  0.0000000E+00  0.1000000E+01
         1   161     10 -0.1023928E-02  0.0000000E+00  0.9999995E+00

         1   162      0  0.0000000E+00  0.0000000E+00  0.0000000E+00
         1   162      1  0.2646331E-06  0.0000000E+00  0.1000000E+01
         1   162      2  0.3253873E-04  0.0000000E+00  0.1000000E+01
         1   162      3  0.4869931E-04  0.0000000E+00  0.1000000E+01
         1   162      4  0.6487557E-04  0.0000000E+00  0.1000000E+01
         1   162      5  0.8106750E-04  0.0000000E+00  0.1000000E+01
         1   162      6  0.9727508E-04  0.0000000E+00  0.1000000E+01
         1   162      7  0.1134983E-03  0.0000000E+00  0.1000000E+01
         1   162      8  0.1297372E-03  0.0000000E+00  0.1000000E+01
         1   162      9  0.1459917E-03  0.0000000E+00  0.1000000E+01
         1   162     10 -0.1496343E-02  0.0000000E+00  0.9999989E+00

         1   163      0  0.0000000E+00  0.0000000E+00  0.0000000E+00
         1   163      1  0.2646331E-06  0.0000000E+00  0.1000000E+01
         1   163      2 -0.5212116E-05  0.0000000E+00  0.1000000E+01
         1   163      3 -0.7928017E-05  0.0000000E+00  0.1000000E+01
         1   163      4 -0.1062899E-04  0.0000000E+00  0.1000000E+01
         1   163      5 -0.1331508E-04  0.0000000E+00  0.1000000E+01
         1   163      6 -0.1598632E-04  0.0000000E+00  0.1000000E+01
         1   163      7 -0.1864276E-04  0.0000000E+00  0.1000000E+01
         1   163      8 -0.2128444E-04  0.0000000E+00  0.1000000E+01
         1   163      9 -0.2391140E-04  0.0000000E+00  0.1000000E+01
         1   163     10 -0.1968810E-02  0.0000000E+00  0.9999981E+00

         1   164      0  0.0000000E+00  0.0000000E+00  0.0000000E+00
         1   164      1  0.2646331E-06  0.0000000E+00  0.1000000E+01
         1   164      2 -0.5212116E-05  0.0000000E+00  0.1000000E+01
         1   164      3 -0.7928017E-05  0.0000000E+00  0.1000000E+01
         1   164      4 -0.1062899E-04  0.0000000E+00  0.1000000E+01
         1   164      5 -0.1331508E-04  0.0000000E+00  0.1000000E+01
         1   164      6 -0.1598632E-04  0.0000000E+00  0.1000000E+01
         1   164      7 -0.1864276E-04  0.0000000E+00  0.1000000E+01
         1   164      8 -0.2128444E-04  0.0000000E+00  0.1000000E+01
         1   164      9 -0.2391140E-04  0.0000000E+00  0.1000000E+01
         1   164     10 -0.1968810E-02  0.0000000E+00  0.9999981E+00

         1   165      0  0.0000000E+00  0.0000000E+00  0.0000000E+00
         1   165      1  0.2646331E-06  0.0000000E+00  0.1000000E+01
         1   165      2 -0.5212116E-05  0.0000000E+00  0.1000000E+01
         1   165      3 -0.7928017E-05  0.0000000E+00  0.1000000E+01
         1   165      4 -0.1062899E-04  0.0000000E+00  0.1000000E+01
         1   165      5 -0.1331508E-04  0.0000000E+00  0.1000000E+01
         1   165      6 -0.1598632E-04  0.0000000E+00  0.1000000E+01
         1   165      7 -0.1864276E-04  0.0000000E+00  0.1000000E+01
         1   165      8 -0.2128444E-04  0.0000000E+00  0.1000000E+01
         1   165      9 -0.2391140E-04  0.0000000E+00  0.1000000E+01
         1   165     10 -0.1968810E-02  0.0000000E+00  0.9999981E+00

         1   166      0  0.0000000E+00  0.0000000E+00  0.0000000E+00
         1   166      1  0.2646331E-06  0.0000000E+00  0.1000000E+01
         1   166      2 -0.5212116E-05  0.0000000E+00  0.1000000E+01
         1   166      3 -0.7928017E-05  0.0000000E+00  0.1000000E+01
         1   166      4 -0.1062899E-04  0.0000000E+00  0.1000000E+01
         1   166      5 -0.1331508E-04  0.0000000E+00  0.1000000E+01
         1   166      6 -0.1598632E-04  0.0000000E+00  0.1000000E+01
         1   166      7 -0.1864276E-04  0.0000000E+00  0.1000000E+01
         1   166      8 -0.2128444E-04  0.0000000E+00  0.1000000E+01
         1   166      9 -0.2391140E-04  0.0000000E+00  0.1000000E+01
         1   166     10 -0.1968810E-02  0.0000000E+00  0.9999981E+00

         1   167      0  0.0000000E+00  0.0000000E+00  0.0000000E+00
         1   167      1  0.2822753E-06  0.0000000E+00  0.1000000E+01
         1   167      2 -0.5259688E-05  0.0000000E+00  0.1000000E+01
         1   167      3 -0.8008199E-05  0.0000000E+00  0.1000000E+01
         1   167      4 -0.1074178E-04  0.0000000E+00  0.1000000E+01
         1   167      5 -0.1346049E-04  0.0000000E+00  0.1000000E+01
         1   167      6 -0.1616434E-04  0.0000000E+00  0.1000000E+01
         1   167      7 -0.1885340E-04  0.0000000E+00  0.1000000E+01
         1   167      8 -0.2152770E-04  0.0000000E+00  0.1000000E+01
         1   167      9 -0.2418728E-04  0.0000000E+00  0.1000000E+01
         1   167     10 -0.1966625E-02  0.0000000E+00  0.9999981E+00

         1   168      0  0.0000000E+00  0.0000000E+00  0.0000000E+00
         1   168      1  0.2822753E-06  0.0000000E+00  0.1000000E+01
         1   168      2 -0.5259688E-05  0.0000000E+00  0.1000000E+01
         1   168      3 -0.8008199E-05  0.0000000E+00  0.1000000E+01
         1   168      4 -0.1074178E-04  0.0000000E+00  0.1000000E+01
         1   168      5 -0.1346049E-04  0.0000000E+00  0.1000000E+01
         1   168      6 -0.1616434E-04  0.0000000E+00  0.1000000E+01
         1   168      7 -0.1885340E-04  0.0000000E+00  0.1000000E+01
         1   168      8 -0.2152770E-04  0.0000000E+00  0.1000000E+01
         1   168      9 -0.2418728E-04  0.0000000E+00  0.1000000E+01
         1   168     10 -0.1966625E-02  0.0000000E+00  0.9999981E+00

         1   169      0  0.0000000E+00  0.0000000E+00  0.0000000E+00
         1   169      1  0.2822753E-06  0.0000000E+00  0.1000000E+01
         1   169      2 -0.5266138E-05  0.0000000E+00  0.1000000E+01
         1   169      3 -0.8022712E-05  0.0000000E+00  0.1000000E+01
         1   169      4 -0.1076759E-04  0.0000000E+00  0.1000000E+01
         1   169      5 -0.1350081E-04  0.0000000E+00  0.1000000E+01
         1   169      6 -0.1622242E-04  0.0000000E+00  0.1000000E+01
         1   169      7 -0.1893245E-04  0.0000000E+00  0.1000000E+01
         1   169      8 -0.2163096E-04  0.0000000E+00  0.1000000E+01
         1   169      9 -0.2431798E-04  0.0000000E+00  0.1000000E+01
         1   169     10 -0.1966908E-02  0.0000000E+00  0.9999981E+00

         1   170      0  0.0000000E+00  0.0000000E+00  0.0000000E+00
         1   170      1  0.2822753E-06  0.0000000E+00  0.1000000E+01
         1   170      2 -0.5266138E-05  0.0000000E+00  0.1000000E+01
         1   170      3 -0.8022712E-05  0.0000000E+00  0.1000000E+01
         1   170      4 -0.1076759E-04  0.0000000E+00  0.1000000E+01
         1   170      5 -0.1350081E-04  0.0000000E+00  0.1000000E+01
         1   170      6 -0.1622242E-04  0.0000000E+00  0.1000000E+01
         1   170      7 -0.1893245E-04  0.0000000E+00  0.1000000E+01
         1   170      8 -0.2163096E-04  0.0000000E+00  0.1000000E+01
         1   170      9 -0.2431798E-04  0.0000000E+00  0.1000000E+01
         1   170     10 -0.1966908E-02  0.0000000E+00  0.9999981E+00

         1   171      0  0.0000000E+00  0.0000000E+00  0.0000000E+00
         1   171      1  0.2822753E-06  0.0000000E+00  0.1000000E+01
         1   171      2  0.3221957E-04  0.0000000E+00  0.1000000E+01
         1   171      3  0.4820884E-04  0.0000000E+00  0.1000000E+01
         1   171      4  0.6421182E-04  0.0000000E+00  0.1000000E+01
         1   171      5  0.8022847E-04  0.0000000E+00  0.1000000E+01
         1   171      6  0.9625874E-04  0.0000000E+00  0.1000000E+01
         1   171      7  0.1123026E-03  0.0000000E+00  0.1000000E+01
         1   171      8  0.1283600E-03  0.0000000E+00  0.1000000E+01
         1   171      9  0.1444310E-03  0.0000000E+00  0.1000000E+01
         1   171     10 -0.1735870E-02  0.0000000E+00  0.9999985E+00

         1   172      0  0.0000000E+00  0.0000000E+00  0.0000000E+00
         1   172      1  0.2822753E-06  0.0000000E+00  0.1000000E+01
         1   172      2  0.7124315E-04  0.0000000E+00  0.1000000E+01
         1   172      3  0.1067474E-03  0.0000000E+00  0.1000000E+01
         1   172      4  0.1422675E-03  0.0000000E+00  0.1000000E+01
         1   172      5  0.1778035E-03  0.0000000E+00  0.1000000E+01
         1   172      6  0.2133552E-03  0.0000000E+00  0.1000000E+01
         1   172      7  0.2489226E-03  0.0000000E+00  0.1000000E+01
         1   172      8  0.2845058E-03  0.0000000E+00  0.1000000E+01
         1   172      9  0.3201047E-03  0.0000000E+00  0.9999999E+00
         1   172     10 -0.1510383E-02  0.0000000E+00  0.9999989E+00

         1   173      0  0.0000000E+00  0.0000000E+00  0.0000000E+00
         1   173      1  0.2822753E-06  0.0000000E+00  0.1000000E+01
         1   173      2  0.7124315E-04  0.0000000E+00  0.1000000E+01
         1   173      3  0.1067474E-03  0.0000000E+00  0.1000000E+01
         1   173      4  0.1422675E-03  0.0000000E+00  0.1000000E+01
         1   173      5  0.1778035E-03  0.0000000E+00  0.1000000E+01
         1   173      6  0.2133552E-03  0.0000000E+00  0.1000000E+01
         1   173      7  0.2489226E-03  0.0000000E+00  0.1000000E+01
         1   173      8  0.2845058E-03  0.0000000E+00  0.1000000E+01
         1   173      9  0.3201047E-03  0.0000000E+00  0.9999999E+00
         1   173     10 -0.1510383E-02  0.0000000E+00  0.9999989E+00

         1   174      0  0.0000000E+00  0.0000000E+00  0.0000000E+00
         1   174      1  0.2822753E-06  0.0000000E+00  0.1000000E+01
         1   174      2  0.7124315E-04  0.0000000E+00  0.1000000E+01
         1   174      3  0.1067474E-03  0.0000000E+00  0.1000000E+01
         1   174      4  0.1422675E-03  0.0000000E+00  0.1000000E+01
         1   174      5  0.1778035E-03  0.0000000E+00  0.1000000E+01
         1   174      6  0.2133552E-03  0.0000000E+00  0.1000000E+01
         1   174      7  0.2489226E-03  0.0000000E+00  0.1000000E+01
         1   174      8  0.2845058E-03  0.0000000E+00  0.1000000E+01
         1   174      9  0.3201047E-03  0.0000000E+00  0.9999999E+00
         1   174     10 -0.1510383E-02  0.0000000E+00  0.9999989E+00

         1   175      0  0.0000000E+00  0.0000000E+00  0.0000000E+00
         1   175      1  0.2822753E-06  0.0000000E+00  0.1000000E+01
         1   175      2  0.7124315E-04  0.0000000E+00  0.1000000E+01
         1   175      3  0.1067474E-03  0.0000000E+00  0.1000000E+01
         1   175      4  0.1422675E-03  0.0000000E+00  0.1000000E+01
         1   175      5  0.1778035E-03  0.0000000E+00  0.1000000E+01
         1   175      6  0.2133552E-03  0.0000000E+00  0.1000000E+01
         1   175      7  0.2489226E-03  0.0000000E+00  0.1000000E+01
         1   175      8  0.2845058E-03  0.0000000E+00  0.1000000E+01
         1   175      9  0.3201047E-03  0.0000000E+00  0.9999999E+00
         1   175     10 -0.1510383E-02  0.0000000E+00  0.9999989E+00

         1   176      0  0.0000000E+00  0.0000000E+00  0.0000000E+00
         1   176      1  0.2999175E-06  0.0000000E+00  0.1000000E+01
         1   176      2  0.7115638E-04  0.0000000E+00  0.1000000E+01
         1   176      3  0.1066084E-03  0.0000000E+00  0.1000000E+01
         1   176      4  0.1420763E-03  0.0000000E+00  0.1000000E+01
         1   176      5  0.1775600E-03  0.0000000E+00  0.1000000E+01
         1   176      6  0.2130595E-03  0.0000000E+00  0.1000000E+01
         1   176      7  0.2485747E-03  0.0000000E+00  0.1000000E+01
         1   176      8  0.2841056E-03  0.0000000E+00  0.1000000E+01
         1   176      9  0.3196522E-03  0.0000000E+00  0.9999999E+00
         1   176     10 -0.1508056E-02  0.0000000E+00  0.9999989E+00

         1   177      0  0.0000000E+00  0.0000000E+00  0.0000000E+00
         1   177      1  0.2999175E-06  0.0000000E+00  0.1000000E+01
         1   177      2  0.7115638E-04  0.0000000E+00  0.1000000E+01
         1   177      3  0.1066084E-03  0.0000000E+00  0.1000000E+01
         1   177      4  0.1420763E-03  0.0000000E+00  0.1000000E+01
         1   177      5  0.1775600E-03  0.0000000E+00  0.1000000E+01
         1   177      6  0.2130595E-03  0.0000000E+00  0.1000000E+01
         1   177      7  0.2485747E-03  0.0000000E+00  0.1000000E+01
         1   177      8  0.2841056E-03  0.0000000E+00  0.1000000E+01
         1   177      9  0.3196522E-03  0.0000000E+00  0.9999999E+00
         1   177     10 -0.1508056E-02  0.0000000E+00  0.9999989E+00

         1   178      0  0.0000000E+00  0.0000000E+00  0.0000000E+00
         1   178      1  0.2999175E-06  0.0000000E+00  0.1000000E+01
         1   178      2  0.7114944E-04  0.0000000E+00  0.1000000E+01
         1   178      3  0.1065928E-03  0.0000000E+00  0.1000000E+01
         1   178      4  0.1420486E-03  0.0000000E+00  0.1000000E+01
         1   178      5  0.1775167E-03  0.0000000E+00  0.1000000E+01
         1   178      6  0.2129970E-03  0.0000000E+00  0.1000000E+01
         1   178      7  0.2484897E-03  0.0000000E+00  0.1000000E+01
         1   178      8  0.2839946E-03  0.0000000E+00  0.1000000E+01
         1   178      9  0.3195117E-03  0.0000000E+00  0.9999999E+00
         1   178     10 -0.1508155E-02  0.0000000E+00  0.9999989E+00

         1   179      0  0.0000000E+00  0.0000000E+00  0.0000000E+00
         1   179      1  0.2999175E-06  0.0000000E+00  0.1000000E+01
         1   179      2  0.7114944E-04  0.0000000E+00  0.1000000E+01
         1   179      3  0.1065928E-03  0.0000000E+00  0.1000000E+01
         1   179      4  0.1420486E-03  0.0000000E+00  0.1000000E+01
         1   179      5  0.1775167E-03  0.0000000E+00  0.1000000E+01
         1   179      6  0.2129970E-03  0.0000000E+00  0.1000000E+01
         1   179      7  0.2484897E-03  0.0000000E+00  0.1000000E+01
         1   179      8  0.2839946E-03  0.0000000E+00  0.1000000E+01
         1   179      9  0.3195117E-03  0.0000000E+00  0.9999999E+00
         1   179     10 -0.1508155E-02  0.0000000E+00  0.9999989E+00

         1   180      0  0.0000000E+00  0.0000000E+00  0.0000000E+00
         1   180      1  0.2999175E-06  0.0000000E+00  0.1000000E+01
         1   180      2 -0.1204311E-04  0.0000000E+00  0.1000000E+01
         1   180      3 -0.1820470E-04  0.0000000E+00  0.1000000E+01
         1   180      4 -0.2435968E-04  0.0000000E+00  0.1000000E+01
         1   180      5 -0.3050809E-04  0.0000000E+00  0.1000000E+01
         1   180      6 -0.3664993E-04  0.0000000E+00  0.1000000E+01
         1   180      7 -0.4278522E-04  0.0000000E+00  0.1000000E+01
         1   180      8 -0.4891398E-04  0.0000000E+00  0.1000000E+01
         1   180      9 -0.5503622E-04  0.0000000E+00  0.1000000E+01
         1   180     10 -0.1816644E-02  0.0000000E+00  0.9999983E+00

         1   181      0  0.0000000E+00  0.0000000E+00  0.0000000E+00
         1   181      1  0.2999175E-06  0.0000000E+00  0.1000000E+01
         1   181      2 -0.9495571E-04  0.0000000E+00  0.1000000E+01
         1   181      3 -0.1425822E-03  0.0000000E+00  0.1000000E+01
         1   181      4 -0.1902078E-03  0.0000000E+00  0.1000000E+01
         1   181      5 -0.2378324E-03  0.0000000E+00  0.1000000E+01
         1   181      6 -0.2854562E-03  0.0000000E+00  0.1000000E+01
         1   181      7 -0.3330791E-03  0.0000000E+00  0.9999999E+00
         1   181      8 -0.3807010E-03  0.0000000E+00  0.9999999E+00
         1   181      9 -0.4283221E-03  0.0000000E+00  0.9999999E+00
         1   181     10 -0.2119605E-02  0.0000000E+00  0.9999978E+00

         1   182      0  0.0000000E+00  0.0000000E+00  0.0000000E+00
         1   182      1  0.2999175E-06  0.0000000E+00  0.1000000E+01
         1   182      2 -0.9495571E-04  0.0000000E+00  0.1000000E+01
         1   182      3 -0.1425822E-03  0.0000000E+00  0.1000000E+01
         1   182      4 -0.1902078E-03  0.0000000E+00  0.1000000E+01
         1   182      5 -0.2378324E-03  0.0000000E+00  0.1000000E+01
         1   182      6 -0.2854562E-03  0.0000000E+00  0.1000000E+01
         1   182      7 -0.3330791E-03  0.0000000E+00  0.9999999E+00
         1   182      8 -0.3807010E-03  0.0000000E+00  0.9999999E+00
         1   182      9 -0.4283221E-03  0.0000000E+00  0.9999999E+00
         1   182     10 -0.2119605E-02  0.0000000E+00  0.9999978E+00

         1   183      0  0.0000000E+00  0.0000000E+00  0.0000000E+00
         1   183      1  0.2999175E-06  0.0000000E+00  0.1000000E+01
         1   183      2 -0.9495571E-04  0.0000000E+00  0.1000000E+01
         1   183      3 -0.1425822E-03  0.0000000E+00  0.1000000E+01
         1   183      4 -0.1902078E-03  0.0000000E+00  0.1000000E+01
         1   183      5 -0.2378324E-03  0.0000000E+00  0.1000000E+01
         1   183      6 -0.2854562E-03  0.0000000E+00  0.1000000E+01
         1   183      7 -0.3330791E-03  0.0000000E+00  0.9999999E+00
         1   183      8 -0.3807010E-03  0.0000000E+00  0.9999999E+00
         1   183      9 -0.4283221E-03  0.0000000E+00  0.9999999E+00
         1   183     10 -0.2119605E-02  0.0000000E+00  0.9999978E+00

         1   184      0  0.0000000E+00  0.0000000E+00  0.0000000E+00
         1   184      1  0.2999175E-06  0.0000000E+00  0.1000000E+01
         1   184      2 -0.9495571E-04  0.0000000E+00  0.1000000E+01
         1   184      3 -0.1425822E-03  0.0000000E+00  0.1000000E+01
         1   184      4 -0.1902078E-03  0.0000000E+00  0.1000000E+01
         1   184      5 -0.2378324E-03  0.0000000E+00  0.1000000E+01
         1   184      6 -0.2854562E-03  0.0000000E+00  0.1000000E+01
         1   184      7 -0.3330791E-03  0.0000000E+00  0.9999999E+00
         1   184      8 -0.3807010E-03  0.0000000E+00  0.9999999E+00
         1   184      9 -0.4283221E-03  0.0000000E+00  0.9999999E+00
         1   184     10 -0.2119605E-02  0.0000000E+00  0.9999978E+00

         1   185      0  0.0000000E+00  0.0000000E+00  0.0000000E+00
         1   185      1  0.3175598E-06  0.0000000E+00  0.1000000E+01
         1   185      2 -0.9503616E-04  0.0000000E+00  0.1000000E+01
         1   185      3 -0.1427117E-03  0.0000000E+00  0.1000000E+01
         1   185      4 -0.1903863E-03  0.0000000E+00  0.1000000E+01
         1   185      5 -0.2380601E-03  0.0000000E+00  0.1000000E+01
         1   185      6 -0.2857329E-03  0.0000000E+00  0.1000000E+01
         1   185      7 -0.3334048E-03  0.0000000E+00  0.9999999E+00
         1   185      8 -0.3810759E-03  0.0000000E+00  0.9999999E+00
         1   185      9 -0.4287460E-03  0.0000000E+00  0.9999999E+00
         1   185     10 -0.2117153E-02  0.0000000E+00  0.9999978E+00

         1   186      0  0.0000000E+00  0.0000000E+00  0.0000000E+00
         1   186      1  0.3175598E-06  0.0000000E+00  0.1000000E+01
         1   186      2 -0.9503616E-04  0.0000000E+00  0.1000000E+01
         1   186      3 -0.1427117E-03  0.0000000E+00  0.1000000E+01
         1   186      4 -0.1903863E-03  0.0000000E+00  0.1000000E+01
         1   186      5 -0.2380601E-03  0.0000000E+00  0.1000000E+01
         1   186      6 -0.2857329E-03  0.0000000E+00  0.1000000E+01
         1   186      7 -0.3334048E-03  0.0000000E+00  0.9999999E+00
         1   186      8 -0.3810759E-03  0.0000000E+00  0.9999999E+00
         1   186      9 -0.4287460E-03  0.0000000E+00  0.9999999E+00
         1   186     10 -0.2117153E-02  0.0000000E+00  0.9999978E+00

         1   187      0  0.0000000E+00  0.0000000E+00  0.0000000E+00
         1   187      1  0.3175598E-06  0.0000000E+00  0.1000000E+01
         1   187      2 -0.9503616E-04  0.0000000E+00  0.1000000E+01
         1   187      3 -0.1427117E-03  0.0000000E+00  0.1000000E+01
         1   187      4 -0.1903863E-03  0.0000000E+00  0.1000000E+01
         1   187      5 -0.2380601E-03  0.0000000E+00  0.1000000E+01
         1   187      6 -0.2857329E-03  0.0000000E+00  0.1000000E+01
         1   187      7 -0.3334048E-03  0.0000000E+00  0.9999999E+00
         1   187      8 -0.3810759E-03  0.0000000E+00  0.9999999E+00
         1   187      9 -0.4287460E-03  0.0000000E+00  0.9999999E+00
         1   187     10 -0.2117153E-02  0.0000000E+00  0.9999978E+00

         1   188      0  0.0000000E+00  0.0000000E+00  0.0000000E+00
         1   188      1  0.3175598E-06  0.0000000E+00  0.1000000E+01
         1   188      2 -0.9503616E-04  0.0000000E+00  0.1000000E+01
         1   188      3 -0.1427117E-03  0.0000000E+00  0.1000000E+01
         1   188      4 -0.1903863E-03  0.0000000E+00  0.1000000E+01
         1   188      5 -0.2380601E-03  0.0000000E+00  0.1000000E+01
         1   188      6 -0.2857329E-03  0.0000000E+00  0.1000000E+01
         1   188      7 -0.3334048E-03  0.0000000E+00  0.9999999E+00
         1   188      8 -0.3810759E-03  0.0000000E+00  0.9999999E+00
         1   188      9 -0.4287460E-03  0.0000000E+00  0.9999999E+00
         1   188     10 -0.2117153E-02  0.0000000E+00  0.9999978E+00

         1   189      0  0.0000000E+00  0.0000000E+00  0.0000000E+00
         1   189      1  0.3175598E-06  0.0000000E+00  0.1000000E+01
         1   189      2 -0.6276682E-04  0.0000000E+00  0.1000000E+01
         1   189      3 -0.9430630E-04  0.0000000E+00  0.1000000E+01
         1   189      4 -0.1258440E-03  0.0000000E+00  0.1000000E+01
         1   189      5 -0.1573800E-03  0.0000000E+00  0.1000000E+01
         1   189      6 -0.1889142E-03  0.0000000E+00  0.1000000E+01
         1   189      7 -0.2204467E-03  0.0000000E+00  0.1000000E+01
         1   189      8 -0.2519776E-03  0.0000000E+00  0.1000000E+01
         1   189      9 -0.2835068E-03  0.0000000E+00  0.1000000E+01
         1   189     10 -0.2025048E-02  0.0000000E+00  0.9999979E+00

         1   190      0  0.0000000E+00  0.0000000E+00  0.0000000E+00
         1   190      1  0.3175598E-06  0.0000000E+00  0.1000000E+01
         1   190      2 -0.3277887E-04  0.0000000E+00  0.1000000E+01
         1   190      3 -0.4932341E-04  0.0000000E+00  0.1000000E+01
         1   190      4 -0.6586557E-04  0.0000000E+00  0.1000000E+01
         1   190      5 -0.8240539E-04  0.0000000E+00  0.1000000E+01
         1   190      6 -0.9894292E-04  0.0000000E+00  0.1000000E+01
         1   190      7 -0.1154782E-03  0.0000000E+00  0.1000000E+01
         1   190      8 -0.1320113E-03  0.0000000E+00  0.1000000E+01
         1   190      9 -0.1485423E-03  0.0000000E+00  0.1000000E+01
         1   190     10 -0.1942071E-02  0.0000000E+00  0.9999981E+00

         1   191      0  0.0000000E+00  0.0000000E+00  0.0000000E+00
         1   191      1  0.3175598E-06  0.0000000E+00  0.1000000E+01
         1   191      2 -0.3277887E-04  0.0000000E+00  0.1000000E+01
         1   191      3 -0.4932341E-04  0.0000000E+00  0.1000000E+01
         1   191      4 -0.6586557E-04  0.0000000E+00  0.1000000E+01
         1   191      5 -0.8240539E-04  0.0000000E+00  0.1000000E+01
         1   191      6 -0.9894292E-04  0.0000000E+00  0.1000000E+01
         1   191      7 -0.1154782E-03  0.0000000E+00  0.1000000E+01
         1   191      8 -0.1320113E-03  0.0000000E+00  0.1000000E+01
         1   191      9 -0.1485423E-03  0.0000000E+00  0.1000000E+01
         1   191     10 -0.1942071E-02  0.0000000E+00  0.9999981E+00

         1   192      0  0.0000000E+00  0.0000000E+00  0.0000000E+00
         1   192      1  0.3175598E-06  0.0000000E+00  0.1000000E+01
         1   192      2 -0.3277887E-04  0.0000000E+00  0.1000000E+01
         1   192      3 -0.4932341E-04  0.0000000E+00  0.1000000E+01
         1   192      4 -0.6586557E-04  0.0000000E+00  0.1000000E+01
         1   192      5 -0.8240539E-04  0.0000000E+00  0.1000000E+01
         1   192      6 -0.9894292E-04  0.0000000E+00  0.1000000E+01
         1   192      7 -0.1154782E-03  0.0000000E+00  0.1000000E+01
         1   192      8 -0.1320113E-03  0.0000000E+00  0.1000000E+01
         1   192      9 -0.1485423E-03  0.0000000E+00  0.1000000E+01
         1   192     10 -0.1942071E-02  0.0000000E+00  0.9999981E+00

         1   193      0  0.0000000E+00  0.0000000E+00  0.0000000E+00
         1   193      1  0.3175598E-06  0.0000000E+00  0.1000000E+01
         1   193      2 -0.3277887E-04  0.0000000E+00  0.1000000E+01
         1   193      3 -0.4932341E-04  0.0000000E+00  0.1000000E+01
         1   193      4 -0.6586557E-04  0.0000000E+00  0.1000000E+01
         1   193      5 -0.8240539E-04  0.0000000E+00  0.1000000E+01
         1   193      6 -0.9894292E-04  0.0000000E+00  0.1000000E+01
         1   193      7 -0.1154782E-03  0.0000000E+00  0.1000000E+01
         1   193      8 -0.1320113E-03  0.0000000E+00  0.1000000E+01
         1   193      9 -0.1485423E-03  0.0000000E+00  0.1000000E+01
         1   193     10 -0.1942071E-02  0.0000000E+00  0.9999981E+00

         1   194      0  0.0000000E+00  0.0000000E+00  0.0000000E+00
         1   194      1  0.3352020E-06  0.0000000E+00  0.1000000E+01
         1   194      2 -0.3280117E-04  0.0000000E+00  0.1000000E+01
         1   194      3 -0.4936567E-04  0.0000000E+00  0.1000000E+01
         1   194      4 -0.6592780E-04  0.0000000E+00  0.1000000E+01
         1   194      5 -0.8248758E-04  0.0000000E+00  0.1000000E+01
         1   194      6 -0.9904507E-04  0.0000000E+00  0.1000000E+01
         1   194      7 -0.1156003E-03  0.0000000E+00  0.1000000E+01
         1   194      8 -0.1321534E-03  0.0000000E+00  0.1000000E+01
         1   194      9 -0.1487043E-03  0.0000000E+00  0.1000000E+01
         1   194     10 -0.1939387E-02  0.0000000E+00  0.9999981E+00

         1   195      0  0.0000000E+00  0.0000000E+00  0.0000000E+00
         1   195      1  0.3352020E-06  0.0000000E+00  0.1000000E+01
         1   195      2 -0.3280117E-04  0.0000000E+00  0.1000000E+01
         1   195      3 -0.4936567E-04  0.0000000E+00  0.1000000E+01
         1   195      4 -0.6592780E-04  0.0000000E+00  0.1000000E+01
         1   195      5 -0.8248758E-04  0.0000000E+00  0.1000000E+01
         1   195      6 -0.9904507E-04  0.0000000E+00  0.1000000E+01
         1   195      7 -0.1156003E-03  0.0000000E+00  0.1000000E+01
         1   195      8 -0.1321534E-03  0.0000000E+00  0.1000000E+01
         1   195      9 -0.1487043E-03  0.0000000E+00  0.1000000E+01
         1   195     10 -0.1939387E-02  0.0000000E+00  0.9999981E+00

         1   196      0  0.0000000E+00  0.0000000E+00  0.0000000E+00
         1   196      1  0.3352020E-06  0.0000000E+00  0.1000000E+01
         1   196      2 -0.3280117E-04  0.0000000E+00  0.1000000E+01
         1   196      3 -0.4936567E-04  0.0000000E+00  0.1000000E+01
         1   196      4 -0.6592780E-04  0.0000000E+00  0.1000000E+01
         1   196      5 -0.8248758E-04  0.0000000E+00  0.1000000E+01
         1   196      6 -0.9904507E-04  0.0000000E+00  0.1000000E+01
         1   196      7 -0.1156003E-03  0.0000000E+00  0.1000000E+01
         1   196      8 -0.1321534E-03  0.0000000E+00  0.1000000E+01
         1   196      9 -0.1487043E-03  0.0000000E+00  0.1000000E+01
         1   196     10 -0.1939387E-02  0.0000000E+00  0.9999981E+00

         1   197      0  0.0000000E+00  0.0000000E+00  0.0000000E+00
         1   197      1  0.3352020E-06  0.0000000E+00  0.1000000E+01
         1   197      2 -0.3280117E-04  0.0000000E+00  0.1000000E+01
         1   197      3 -0.4936567E-04  0.0000000E+00  0.1000000E+01
         1   197      4 -0.6592780E-04  0.0000000E+00  0.1000000E+01
         1   197      5 -0.8248758E-04  0.0000000E+00  0.1000000E+01
         1   197      6 -0.9904507E-04  0.0000000E+00  0.1000000E+01
         1   197      7 -0.1156003E-03  0.0000000E+00  0.1000000E+01
         1   197      8 -0.1321534E-03  0.0000000E+00  0.1000000E+01
         1   197      9 -0.1487043E-03  0.0000000E+00  0.1000000E+01
         1   197     10 -0.1939387E-02  0.0000000E+00  0.9999981E+00

         1   198      0  0.0000000E+00  0.0000000E+00  0.0000000E+00
         1   198      1  0.3352020E-06  0.0000000E+00  0.1000000E+01
         1   198      2 -0.4830378E-04  0.0000000E+00  0.1000000E+01
         1   198      3 -0.7261534E-04  0.0000000E+00  0.1000000E+01
         1   198      4 -0.9692158E-04  0.0000000E+00  0.1000000E+01
         1   198      5 -0.1212225E-03  0.0000000E+00  0.1000000E+01
         1   198      6 -0.1455181E-03  0.0000000E+00  0.1000000E+01
         1   198      7 -0.1698084E-03  0.0000000E+00  0.1000000E+01
         1   198      8 -0.1940933E-03  0.0000000E+00  0.1000000E+01
         1   198      9 -0.2183728E-03  0.0000000E+00  0.1000000E+01
         1   198     10 -0.1972619E-02  0.0000000E+00  0.9999981E+00

         1   199      0  0.0000000E+00  0.0000000E+00  0.0000000E+00
         1   199      1  0.3352020E-06  0.0000000E+00  0.1000000E+01
         1   199      2 -0.6183724E-04  0.0000000E+00  0.1000000E+01
         1   199      3 -0.9291103E-04  0.0000000E+00  0.1000000E+01
         1   199      4 -0.1239764E-03  0.0000000E+00  0.1000000E+01
         1   199      5 -0.1550334E-03  0.0000000E+00  0.1000000E+01
         1   199      6 -0.1860819E-03  0.0000000E+00  0.1000000E+01
         1   199      7 -0.2171217E-03  0.0000000E+00  0.1000000E+01
         1   199      8 -0.2481529E-03  0.0000000E+00  0.1000000E+01
         1   199      9 -0.2791753E-03  0.0000000E+00  0.1000000E+01
         1   199     10 -0.2002372E-02  0.0000000E+00  0.9999980E+00

         1   200      0  0.0000000E+00  0.0000000E+00  0.0000000E+00
         1   200      1  0.3352020E-06  0.0000000E+00  0.1000000E+01
         1   200      2 -0.6183724E-04  0.0000000E+00  0.1000000E+01
         1   200      3 -0.9291103E-04  0.0000000E+00  0.1000000E+01
         1   200      4 -0.1239764E-03  0.0000000E+00  0.1000000E+01
         1   200      5 -0.1550334E-03  0.0000000E+00  0.1000000E+01
         1   200      6 -0.1860819E-03  0.0000000E+00  0.1000000E+01
         1   200      7 -0.2171217E-03  0.0000000E+00  0.1000000E+01
         1   200      8 -0.2481529E-03  0.0000000E+00  0.1000000E+01
         1   200      9 -0.2791753E-03  0.0000000E+00  0.1000000E+01
         1   200     10 -0.2002372E-02  0.0000000E+00  0.9999980E+00

         1   201      0  0.0000000E+00  0.0000000E+00  0.0000000E+00
         1   201      1  0.3352020E-06  0.0000000E+00  0.1000000E+01
         1   201      2 -0.6183724E-04  0.0000000E+00  0.1000000E+01
         1   201      3 -0.9291103E-04  0.0000000E+00  0.1000000E+01
         1   201      4 -0.1239764E-03  0.0000000E+00  0.1000000E+01
         1   201      5 -0.1550334E-03  0.0000000E+00  0.1000000E+01
         1   201      6 -0.1860819E-03  0.0000000E+00  0.1000000E+01
         1   201      7 -0.2171217E-03  0.0000000E+00  0.1000000E+01
         1   201      8 -0.2481529E-03  0.0000000E+00  0.1000000E+01
         1   201      9 -0.2791753E-03  0.0000000E+00  0.1000000E+01
         1   201     10 -0.2002372E-02  0.0000000E+00  0.9999980E+00

         1   202      0  0.0000000E+00  0.0000000E+00  0.0000000E+00
         1   202      1  0.3352020E-06  0.0000000E+00  0.1000000E+01
         1   202      2 -0.6183724E-04  0.0000000E+00  0.1000000E+01
         1   202      3 -0.9291103E-04  0.0000000E+00  0.1000000E+01
         1   202      4 -0.1239764E-03  0.0000000E+00  0.1000000E+01
         1   202      5 -0.1550334E-03  0.0000000E+00  0.1000000E+01
         1   202      6 -0.1860819E-03  0.0000000E+00  0.1000000E+01
         1   202      7 -0.2171217E-03  0.0000000E+00  0.1000000E+01
         1   202      8 -0.2481529E-03  0.0000000E+00  0.1000000E+01
         1   202      9 -0.2791753E-03  0.0000000E+00  0.1000000E+01
         1   202     10 -0.2002372E-02  0.0000000E+00  0.9999980E+00

         1   203      0  0.0000000E+00  0.0000000E+00  0.0000000E+00
         1   203      1  0.3528442E-06  0.0000000E+00  0.1000000E+01
         1   203      2 -0.6181506E-04  0.0000000E+00  0.1000000E+01
         1   203      3 -0.9288657E-04  0.0000000E+00  0.1000000E+01
         1   203      4 -0.1239497E-03  0.0000000E+00  0.1000000E+01
         1   203      5 -0.1550044E-03  0.0000000E+00  0.1000000E+01
         1   203      6 -0.1860505E-03  0.0000000E+00  0.1000000E+01
         1   203      7 -0.2170881E-03  0.0000000E+00  0.1000000E+01
         1   203      8 -0.2481170E-03  0.0000000E+00  0.1000000E+01
         1   203      9 -0.2791371E-03  0.0000000E+00  0.1000000E+01
         1   203     10 -0.1999609E-02  0.0000000E+00  0.9999980E+00

         1   204      0  0.0000000E+00  0.0000000E+00  0.0000000E+00
         1   204      1  0.3528442E-06  0.0000000E+00  0.1000000E+01
         1   204      2 -0.6181506E-04  0.0000000E+00  0.1000000E+01
         1   204      3 -0.9288657E-04  0.0000000E+00  0.1000000E+01
         1   204      4 -0.1239497E-03  0.0000000E+00  0.1000000E+01
         1   204      5 -0.1550044E-03  0.0000000E+00  0.1000000E+01
         1   204      6 -0.1860505E-03  0.0000000E+00  0.1000000E+01
         1   204      7 -0.2170881E-03  0.0000000E+00  0.1000000E+01
         1   204      8 -0.2481170E-03  0.0000000E+00  0.1000000E+01
         1   204      9 -0.2791371E-03  0.0000000E+00  0.1000000E+01
         1   204     10 -0.1999609E-02  0.0000000E+00  0.9999980E+00

         1   205      0  0.0000000E+00  0.0000000E+00  0.0000000E+00
         1   205      1  0.3528442E-06  0.0000000E+00  0.1000000E+01
         1   205      2 -0.6181506E-04  0.0000000E+00  0.1000000E+01
         1   205      3 -0.9288657E-04  0.0000000E+00  0.1000000E+01
         1   205      4 -0.1239497E-03  0.0000000E+00  0.1000000E+01
         1   205      5 -0.1550044E-03  0.0000000E+00  0.1000000E+01
         1   205      6 -0.1860505E-03  0.0000000E+00  0.1000000E+01
         1   205      7 -0.2170881E-03  0.0000000E+00  0.1000000E+01
         1   205      8 -0.2481170E-03  0.0000000E+00  0.1000000E+01
         1   205      9 -0.2791371E-03  0.0000000E+00  0.1000000E+01
         1   205     10 -0.1999609E-02  0.0000000E+00  0.9999980E+00

         1   206      0  0.0000000E+00  0.0000000E+00  0.0000000E+00
         1   206      1  0.3528442E-06  0.0000000E+00  0.1000000E+01
         1   206      2 -0.6181506E-04  0.0000000E+00  0.1000000E+01
         1   206      3 -0.9288657E-04  0.0000000E+00  0.1000000E+01
         1   206      4 -0.1239497E-03  0.0000000E+00  0.1000000E+01
         1   206      5 -0.1550044E-03  0.0000000E+00  0.1000000E+01
         1   206      6 -0.1860505E-03  0.0000000E+00  0.1000000E+01
         1   206      7 -0.2170881E-03  0.0000000E+00  0.1000000E+01
         1   206      8 -0.2481170E-03  0.0000000E+00  0.1000000E+01
         1   206      9 -0.2791371E-03  0.0000000E+00  0.1000000E+01
         1   206     10 -0.1999609E-02  0.0000000E+00  0.9999980E+00

         1   207      0  0.0000000E+00  0.0000000E+00  0.0000000E+00
         1   207      1  0.3528442E-06  0.0000000E+00  0.1000000E+01
         1   207      2 -0.7933989E-04  0.0000000E+00  0.1000000E+01
         1   207      3 -0.1191785E-03  0.0000000E+00  0.1000000E+01
         1   207      4 -0.1590119E-03  0.0000000E+00  0.1000000E+01
         1   207      5 -0.1988399E-03  0.0000000E+00  0.1000000E+01
         1   207      6 -0.2386627E-03  0.0000000E+00  0.1000000E+01
         1   207      7 -0.2784801E-03  0.0000000E+00  0.1000000E+01
         1   207      8 -0.3182921E-03  0.0000000E+00  0.9999999E+00
         1   207      9 -0.3580986E-03  0.0000000E+00  0.9999999E+00
         1   207     10 -0.2000608E-02  0.0000000E+00  0.9999980E+00

         1   208      0  0.0000000E+00  0.0000000E+00  0.0000000E+00
         1   208      1  0.3528442E-06  0.0000000E+00  0.1000000E+01
         1   208      2 -0.1029017E-03  0.0000000E+00  0.1000000E+01
         1   208      3 -0.1545268E-03  0.0000000E+00  0.1000000E+01
         1   208      4 -0.2061505E-03  0.0000000E+00  0.1000000E+01
         1   208      5 -0.2577727E-03  0.0000000E+00  0.1000000E+01
         1   208      6 -0.3093934E-03  0.0000000E+00  0.1000000E+01
         1   208      7 -0.3610127E-03  0.0000000E+00  0.9999999E+00
         1   208      8 -0.4126304E-03  0.0000000E+00  0.9999999E+00
         1   208      9 -0.4642466E-03  0.0000000E+00  0.9999999E+00
         1   208     10 -0.2001888E-02  0.0000000E+00  0.9999980E+00

         1   209      0  0.0000000E+00  0.0000000E+00  0.0000000E+00
         1   209      1  0.3528442E-06  0.0000000E+00  0.1000000E+01
         1   209      2 -0.1029017E-03  0.0000000E+00  0.1000000E+01
         1   209      3 -0.1545268E-03  0.0000000E+00  0.1000000E+01
         1   209      4 -0.2061505E-03  0.0000000E+00  0.1000000E+01
         1   209      5 -0.2577727E-03  0.0000000E+00  0.1000000E+01
         1   209      6 -0.3093934E-03  0.0000000E+00  0.1000000E+01
         1   209      7 -0.3610127E-03  0.0000000E+00  0.9999999E+00
         1   209      8 -0.4126304E-03  0.0000000E+00  0.9999999E+00
         1   209      9 -0.4642466E-03  0.0000000E+00  0.9999999E+00
         1   209     10 -0.2001888E-02  0.0000000E+00  0.9999980E+00

         1   210      0  0.0000000E+00  0.0000000E+00  0.0000000E+00
         1   210      1  0.3528442E-06  0.0000000E+00  0.1000000E+01
         1   210      2 -0.1029017E-03  0.0000000E+00  0.1000000E+01
         1   210      3 -0.1545268E-03  0.0000000E+00  0.1000000E+01
         1   210      4 -0.2061505E-03  0.0000000E+00  0.1000000E+01
         1   210      5 -0.2577727E-03  0.0000000E+00  0.1000000E+01
         1   210      6 -0.3093934E-03  0.0000000E+00  0.1000000E+01
         1   210      7 -0.3610127E-03  0.0000000E+00  0.9999999E+00
         1   210      8 -0.4126304E-03  0.0000000E+00  0.9999999E+00
         1   210      9 -0.4642466E-03  0.0000000E+00  0.9999999E+00
         1   210     10 -0.2001888E-02  0.0000000E+00  0.9999980E+00

         1   211      0  0.0000000E+00  0.0000000E+00  0.0000000E+00
         1   211      1  0.3528442E-06  0.0000000E+00  0.1000000E+01
         1   211      2 -0.1029017E-03  0.0000000E+00  0.1000000E+01
         1   211      3 -0.1545268E-03  0.0000000E+00  0.1000000E+01
         1   211      4 -0.2061505E-03  0.0000000E+00  0.1000000E+01
         1   211      5 -0.2577727E-03  0.0000000E+00  0.1000000E+01
         1   211      6 -0.3093934E-03  0.0000000E+00  0.1000000E+01
         1   211      7 -0.3610127E-03  0.0000000E+00  0.9999999E+00
         1   211      8 -0.4126304E-03  0.0000000E+00  0.9999999E+00
         1   211      9 -0.4642466E-03  0.0000000E+00  0.9999999E+00
         1   211     10 -0.2001888E-02  0.0000000E+00  0.9999980E+00

         1   212      0  0.0000000E+00  0.0000000E+00  0.0000000E+00
         1   212      1  0.3528442E-06  0.0000000E+00  0.1000000E+01
         1   212      2 -0.1029017E-03  0.0000000E+00  0.1000000E+01
         1   212      3 -0.1545268E-03  0.0000000E+00  0.1000000E+01
         1   212      4 -0.2061505E-03  0.0000000E+00  0.1000000E+01
         1   212      5 -0.2577727E-03  0.0000000E+00  0.1000000E+01
         1   212      6 -0.3093934E-03  0.0000000E+00  0.1000000E+01
         1   212      7 -0.3610127E-03  0.0000000E+00  0.9999999E+00
         1   212      8 -0.4126304E-03  0.0000000E+00  0.9999999E+00
         1   212      9 -0.4642466E-03  0.0000000E+00  0.9999999E+00
         1   212     10 -0.2001888E-02  0.0000000E+00  0.9999980E+00

         1   213      0  0.0000000E+00  0.0000000E+00  0.0000000E+00
         1   213      1  0.3528442E-06  0.0000000E+00  0.1000000E+01
         1   213      2 -0.1029017E-03  0.0000000E+00  0.1000000E+01
         1   213      3 -0.1545268E-03  0.0000000E+00  0.1000000E+01
         1   213      4 -0.2061505E-03  0.0000000E+00  0.1000000E+01
         1   213      5 -0.2577727E-03  0.0000000E+00  0.1000000E+01
         1   213      6 -0.3093934E-03  0.0000000E+00  0.1000000E+01
         1   213      7 -0.3610127E-03  0.0000000E+00  0.9999999E+00
         1   213      8 -0.4126304E-03  0.0000000E+00  0.9999999E+00
         1   213      9 -0.4642466E-03  0.0000000E+00  0.9999999E+00
         1   213     10 -0.2001888E-02  0.0000000E+00  0.9999980E+00

         1   214      0  0.0000000E+00  0.0000000E+00  0.0000000E+00
         1   214      1  0.3528442E-06  0.0000000E+00  0.1000000E+01
         1   214      2 -0.1029017E-03  0.0000000E+00  0.1000000E+01
         1   214      3 -0.1545268E-03  0.0000000E+00  0.1000000E+01
         1   214      4 -0.2061505E-03  0.0000000E+00  0.1000000E+01
         1   214      5 -0.2577727E-03  0.0000000E+00  0.1000000E+01
         1   214      6 -0.3093934E-03  0.0000000E+00  0.1000000E+01
         1   214      7 -0.3610127E-03  0.0000000E+00  0.9999999E+00
         1   214      8 -0.4126304E-03  0.0000000E+00  0.9999999E+00
         1   214      9 -0.4642466E-03  0.0000000E+00  0.9999999E+00
         1   214     10 -0.2001888E-02  0.0000000E+00  0.9999980E+00

         1   215      0  0.0000000E+00  0.0000000E+00  0.0000000E+00
         1   215      1  0.3528442E-06  0.0000000E+00  0.1000000E+01
         1   215      2 -0.1029017E-03  0.0000000E+00  0.1000000E+01
         1   215      3 -0.1545268E-03  0.0000000E+00  0.1000000E+01
         1   215      4 -0.2061505E-03  0.0000000E+00  0.1000000E+01
         1   215      5 -0.2577727E-03  0.0000000E+00  0.1000000E+01
         1   215      6 -0.3093934E-03  0.0000000E+00  0.1000000E+01
         1   215      7 -0.3610127E-03  0.0000000E+00  0.9999999E+00
         1   215      8 -0.4126304E-03  0.0000000E+00  0.9999999E+00
         1   215      9 -0.4642466E-03  0.0000000E+00  0.9999999E+00
         1   215     10 -0.2001888E-02  0.0000000E+00  0.9999980E+00

         1   216      0  0.0000000E+00  0.0000000E+00  0.0000000E+00
         1   216      1  0.3528442E-06  0.0000000E+00  0.1000000E+01
         1   216      2 -0.1415276E-04  0.0000000E+00  0.1000000E+01
         1   216      3 -0.2139026E-04  0.0000000E+00  0.1000000E+01
         1   216      4 -0.2861751E-04  0.0000000E+00  0.1000000E+01
         1   216      5 -0.3583445E-04  0.0000000E+00  0.1000000E+01
         1   216      6 -0.4304105E-04  0.0000000E+00  0.1000000E+01
         1   216      7 -0.5023726E-04  0.0000000E+00  0.1000000E+01
         1   216      8 -0.5742304E-04  0.0000000E+00  0.1000000E+01
         1   216      9 -0.6459834E-04  0.0000000E+00  0.1000000E+01
         1   216     10 -0.1997837E-02  0.0000000E+00  0.9999980E+00

         1   217      0  0.0000000E+00  0.0000000E+00  0.0000000E+00
         1   217      1  0.3528442E-06  0.0000000E+00  0.1000000E+01
         1   217      2  0.7528034E-04  0.0000000E+00  0.1000000E+01
         1   217      3  0.1127725E-03  0.0000000E+00  0.1000000E+01
         1   217      4  0.1502836E-03  0.0000000E+00  0.1000000E+01
         1   217      5  0.1878138E-03  0.0000000E+00  0.1000000E+01
         1   217      6  0.2253632E-03  0.0000000E+00  0.1000000E+01
         1   217      7  0.2629318E-03  0.0000000E+00  0.1000000E+01
         1   217      8  0.3005197E-03  0.0000000E+00  0.1000000E+01
         1   217      9  0.3381269E-03  0.0000000E+00  0.9999999E+00
         1   217     10 -0.1993773E-02  0.0000000E+00  0.9999980E+00

         1   218      0  0.0000000E+00  0.0000000E+00  0.0000000E+00
         1   218      1  0.3528442E-06  0.0000000E+00  0.1000000E+01
         1   218      2  0.7528034E-04  0.0000000E+00  0.1000000E+01
         1   218      3  0.1127725E-03  0.0000000E+00  0.1000000E+01
         1   218      4  0.1502836E-03  0.0000000E+00  0.1000000E+01
         1   218      5  0.1878138E-03  0.0000000E+00  0.1000000E+01
         1   218      6  0.2253632E-03  0.0000000E+00  0.1000000E+01
         1   218      7  0.2629318E-03  0.0000000E+00  0.1000000E+01
         1   218      8  0.3005197E-03  0.0000000E+00  0.1000000E+01
         1   218      9  0.3381269E-03  0.0000000E+00  0.9999999E+00
         1   218     10 -0.1993773E-02  0.0000000E+00  0.9999980E+00

         1   219      0  0.0000000E+00  0.0000000E+00  0.0000000E+00
         1   219      1  0.3528442E-06  0.0000000E+00  0.1000000E+01
         1   219      2  0.7528034E-04  0.0000000E+00  0.1000000E+01
         1   219      3  0.1127725E-03  0.0000000E+00  0.1000000E+01
         1   219      4  0.1502836E-03  0.0000000E+00  0.1000000E+01
         1   219      5  0.1878138E-03  0.0000000E+00  0.1000000E+01
         1   219      6  0.2253632E-03  0.0000000E+00  0.1000000E+01
         1   219      7  0.2629318E-03  0.0000000E+00  0.1000000E+01
         1   219      8  0.3005197E-03  0.0000000E+00  0.1000000E+01
         1   219      9  0.3381269E-03  0.0000000E+00  0.9999999E+00
         1   219     10 -0.1993773E-02  0.0000000E+00  0.9999980E+00

         1   220      0  0.0000000E+00  0.0000000E+00  0.0000000E+00
         1   220      1  0.3528442E-06  0.0000000E+00  0.1000000E+01
         1   220      2  0.7528034E-04  0.0000000E+00  0.1000000E+01
         1   220      3  0.1127725E-03  0.0000000E+00  0.1000000E+01
         1   220      4  0.1502836E-03  0.0000000E+00  0.1000000E+01
         1   220      5  0.1878138E-03  0.0000000E+00  0.1000000E+01
         1   220      6  0.2253632E-03  0.0000000E+00  0.1000000E+01
         1   220      7  0.2629318E-03  0.0000000E+00  0.1000000E+01
         1   220      8  0.3005197E-03  0.0000000E+00  0.1000000E+01
         1   220      9  0.3381269E-03  0.0000000E+00  0.9999999E+00
         1   220     10 -0.1993773E-02  0.0000000E+00  0.9999980E+00

         1   221      0  0.0000000E+00  0.0000000E+00  0.0000000E+00
         1   221      1  0.3528442E-06  0.0000000E+00  0.1000000E+01
         1   221      2  0.7528034E-04  0.0000000E+00  0.1000000E+01
         1   221      3  0.1127725E-03  0.0000000E+00  0.1000000E+01
         1   221      4  0.1502836E-03  0.0000000E+00  0.1000000E+01
         1   221      5  0.1878138E-03  0.0000000E+00  0.1000000E+01
         1   221      6  0.2253632E-03  0.0000000E+00  0.1000000E+01
         1   221      7  0.2629318E-03  0.0000000E+00  0.1000000E+01
         1   221      8  0.3005197E-03  0.0000000E+00  0.1000000E+01
         1   221      9  0.3381269E-03  0.0000000E+00  0.9999999E+00
         1   221     10 -0.1993773E-02  0.0000000E+00  0.9999980E+00

         1   222      0  0.0000000E+00  0.0000000E+00  0.0000000E+00
         1   222      1  0.3528442E-06  0.0000000E+00  0.1000000E+01
         1   222      2  0.7528034E-04  0.0000000E+00  0.1000000E+01
         1   222      3  0.1127725E-03  0.0000000E+00  0.1000000E+01
         1   222      4  0.1502836E-03  0.0000000E+00  0.1000000E+01
         1   222      5  0.1878138E-03  0.0000000E+00  0.1000000E+01
         1   222      6  0.2253632E-03  0.0000000E+00  0.1000000E+01
         1   222      7  0.2629318E-03  0.0000000E+00  0.1000000E+01
         1   222      8  0.3005197E-03  0.0000000E+00  0.1000000E+01
         1   222      9  0.3381269E-03  0.0000000E+00  0.9999999E+00
         1   222     10 -0.1993773E-02  0.0000000E+00  0.9999980E+00

         1   223      0  0.0000000E+00  0.0000000E+00  0.0000000E+00
         1   223      1  0.3528442E-06  0.0000000E+00  0.1000000E+01
         1   223      2  0.7528034E-04  0.0000000E+00  0.1000000E+01
         1   223      3  0.1127725E-03  0.0000000E+00  0.1000000E+01
         1   223      4  0.1502836E-03  0.0000000E+00  0.1000000E+01
         1   223      5  0.1878138E-03  0.0000000E+00  0.1000000E+01
         1   223      6  0.2253632E-03  0.0000000E+00  0.1000000E+01
         1   223      7  0.2629318E-03  0.0000000E+00  0.1000000E+01
         1   223      8  0.3005197E-03  0.0000000E+00  0.1000000E+01
         1   223      9  0.3381269E-03  0.0000000E+00  0.9999999E+00
         1   223     10 -0.1993773E-02  0.0000000E+00  0.9999980E+00

         1   224      0  0.0000000E+00  0.0000000E+00  0.0000000E+00
         1   224      1  0.3528442E-06  0.0000000E+00  0.1000000E+01
         1   224      2  0.7528034E-04  0.0000000E+00  0.1000000E+01
         1   224      3  0.1127725E-03  0.0000000E+00  0.1000000E+01
         1   224      4  0.1502836E-03  0.0000000E+00  0.1000000E+01
         1   224      5  0.1878138E-03  0.0000000E+00  0.1000000E+01
         1   224      6  0.2253632E-03  0.0000000E+00  0.1000000E+01
         1   224      7  0.2629318E-03  0.0000000E+00  0.1000000E+01
         1   224      8  0.3005197E-03  0.0000000E+00  0.1000000E+01
         1   224      9  0.3381269E-03  0.0000000E+00  0.9999999E+00
         1   224     10 -0.1993773E-02  0.0000000E+00  0.9999980E+00

         1   225      0  0.0000000E+00  0.0000000E+00  0.0000000E+00
         1   225      1  0.3528442E-06  0.0000000E+00  0.1000000E+01
         1   225      2  0.3538666E-04  0.0000000E+00  0.1000000E+01
         1   225      3  0.5292823E-04  0.0000000E+00  0.1000000E+01
         1   225      4  0.7048637E-04  0.0000000E+00  0.1000000E+01
         1   225      5  0.8806115E-04  0.0000000E+00  0.1000000E+01
         1   225      6  0.1056526E-03  0.0000000E+00  0.1000000E+01
         1   225      7  0.1232610E-03  0.0000000E+00  0.1000000E+01
         1   225      8  0.1408861E-03  0.0000000E+00  0.1000000E+01
         1   225      9  0.1585283E-03  0.0000000E+00  0.1000000E+01
         1   225     10 -0.1995386E-02  0.0000000E+00  0.9999980E+00

         1   226      0  0.0000000E+00  0.0000000E+00  0.0000000E+00
         1   226      1  0.3528442E-06  0.0000000E+00  0.1000000E+01
         1   226      2  0.2017799E-05  0.0000000E+00  0.1000000E+01
         1   226      3  0.2872136E-05  0.0000000E+00  0.1000000E+01
         1   226      4  0.3741176E-05  0.0000000E+00  0.1000000E+01
         1   226      5  0.4625018E-05  0.0000000E+00  0.1000000E+01
         1   226      6  0.5523760E-05  0.0000000E+00  0.1000000E+01
         1   226      7  0.6437499E-05  0.0000000E+00  0.1000000E+01
         1   226      8  0.7366334E-05  0.0000000E+00  0.1000000E+01
         1   226      9  0.8310364E-05  0.0000000E+00  0.1000000E+01
         1   226     10 -0.1996709E-02  0.0000000E+00  0.9999980E+00

         1   227      0  0.0000000E+00  0.0000000E+00  0.0000000E+00
         1   227      1  0.3528442E-06  0.0000000E+00  0.1000000E+01
         1   227      2  0.2017799E-05  0.0000000E+00  0.1000000E+01
         1   227      3  0.2872136E-05  0.0000000E+00  0.1000000E+01
         1   227      4  0.3741176E-05  0.0000000E+00  0.1000000E+01
         1   227      5  0.4625018E-05  0.0000000E+00  0.1000000E+01
         1   227      6  0.5523760E-05  0.0000000E+00  0.1000000E+01
         1   227      7  0.6437499E-05  0.0000000E+00  0.1000000E+01
         1   227      8  0.7366334E-05  0.0000000E+00  0.1000000E+01
         1   227      9  0.8310364E-05  0.0000000E+00  0.1000000E+01
         1   227     10 -0.1996709E-02  0.0000000E+00  0.9999980E+00

         1   228      0  0.0000000E+00  0.0000000E+00  0.0000000E+00
         1   228      1  0.3528442E-06  0.0000000E+00  0.1000000E+01
         1   228      2  0.2017799E-05  0.0000000E+00  0.1000000E+01
         1   228      3  0.2872136E-05  0.0000000E+00  0.1000000E+01
         1   228      4  0.3741176E-05  0.0000000E+00  0.1000000E+01
         1   228      5  0.4625018E-05  0.0000000E+00  0.1000000E+01
         1   228      6  0.5523760E-05  0.0000000E+00  0.1000000E+01
         1   228      7  0.6437499E-05  0.0000000E+00  0.1000000E+01
         1   228      8  0.7366334E-05  0.0000000E+00  0.1000000E+01
         1   228      9  0.8310364E-05  0.0000000E+00  0.1000000E+01
         1   228     10 -0.1996709E-02  0.0000000E+00  0.9999980E+00

         1   229      0  0.0000000E+00  0.0000000E+00  0.0000000E+00
         1   229      1  0.3528442E-06  0.0000000E+00  0.1000000E+01
         1   229      2  0.2017799E-05  0.0000000E+00  0.1000000E+01
         1   229      3  0.2872136E-05  0.0000000E+00  0.1000000E+01
         1   229      4  0.3741176E-05  0.0000000E+00  0.1000000E+01
         1   229      5  0.4625018E-05  0.0000000E+00  0.1000000E+01
         1   229      6  0.5523760E-05  0.0000000E+00  0.1000000E+01
         1   229      7  0.6437499E-05  0.0000000E+00  0.1000000E+01
         1   229      8  0.7366334E-05  0.0000000E+00  0.1000000E+01
         1   229      9  0.8310364E-05  0.0000000E+00  0.1000000E+01
         1   229     10 -0.1996709E-02  0.0000000E+00  0.9999980E+00

         1   230      0  0.0000000E+00  0.0000000E+00  0.0000000E+00
         1   230      1  0.3704864E-06  0.0000000E+00  0.1000000E+01
         1   230      2  0.2094349E-05  0.0000000E+00  0.1000000E+01
         1   230      3  0.2978142E-05  0.0000000E+00  0.1000000E+01
         1   230      4  0.3876640E-05  0.0000000E+00  0.1000000E+01
         1   230      5  0.4789941E-05  0.0000000E+00  0.1000000E+01
         1   230      6  0.5718142E-05  0.0000000E+00  0.1000000E+01
         1   230      7  0.6661342E-05  0.0000000E+00  0.1000000E+01
         1   230      8  0.7619639E-05  0.0000000E+00  0.1000000E+01
         1   230      9  0.8593132E-05  0.0000000E+00  0.1000000E+01
         1   230     10 -0.1993945E-02  0.0000000E+00  0.9999980E+00

         1   231      0  0.0000000E+00  0.0000000E+00  0.0000000E+00
         1   231      1  0.3704864E-06  0.0000000E+00  0.1000000E+01
         1   231      2  0.2094349E-05  0.0000000E+00  0.1000000E+01
         1   231      3  0.2978142E-05  0.0000000E+00  0.1000000E+01
         1   231      4  0.3876640E-05  0.0000000E+00  0.1000000E+01
         1   231      5  0.4789941E-05  0.0000000E+00  0.1000000E+01
         1   231      6  0.5718142E-05  0.0000000E+00  0.1000000E+01
         1   231      7  0.6661342E-05  0.0000000E+00  0.1000000E+01
         1   231      8  0.7619639E-05  0.0000000E+00  0.1000000E+01
         1   231      9  0.8593132E-05  0.0000000E+00  0.1000000E+01
         1   231     10 -0.1993945E-02  0.0000000E+00  0.9999980E+00

         1   232      0  0.0000000E+00  0.0000000E+00  0.0000000E+00
         1   232      1  0.3704864E-06  0.0000000E+00  0.1000000E+01
         1   232      2  0.2094349E-05  0.0000000E+00  0.1000000E+01
         1   232      3  0.2978142E-05  0.0000000E+00  0.1000000E+01
         1   232      4  0.3876640E-05  0.0000000E+00  0.1000000E+01
         1   232      5  0.4789941E-05  0.0000000E+00  0.1000000E+01
         1   232      6  0.5718142E-05  0.0000000E+00  0.1000000E+01
         1   232      7  0.6661342E-05  0.0000000E+00  0.1000000E+01
         1   232      8  0.7619639E-05  0.0000000E+00  0.1000000E+01
         1   232      9  0.8593132E-05  0.0000000E+00  0.1000000E+01
         1   232     10 -0.1993945E-02  0.0000000E+00  0.9999980E+00

         1   233      0  0.0000000E+00  0.0000000E+00  0.0000000E+00
         1   233      1  0.3704864E-06  0.0000000E+00  0.1000000E+01
         1   233      2  0.2094349E-05  0.0000000E+00  0.1000000E+01
         1   233      3  0.2978142E-05  0.0000000E+00  0.1000000E+01
         1   233      4  0.3876640E-05  0.0000000E+00  0.1000000E+01
         1   233      5  0.4789941E-05  0.0000000E+00  0.1000000E+01
         1   233      6  0.5718142E-05  0.0000000E+00  0.1000000E+01
         1   233      7  0.6661342E-05  0.0000000E+00  0.1000000E+01
         1   233      8  0.7619639E-05  0.0000000E+00  0.1000000E+01
         1   233      9  0.8593132E-05  0.0000000E+00  0.1000000E+01
         1   233     10 -0.1993945E-02  0.0000000E+00  0.9999980E+00

         1   234      0  0.0000000E+00  0.0000000E+00  0.0000000E+00
         1   234      1  0.3704864E-06  0.0000000E+00  0.1000000E+01
         1   234      2  0.3672654E-04  0.0000000E+00  0.1000000E+01
         1   234      3  0.5492516E-04  0.0000000E+00  0.1000000E+01
         1   234      4  0.7313755E-04  0.0000000E+00  0.1000000E+01
         1   234      5  0.9136374E-04  0.0000000E+00  0.1000000E+01
         1   234      6  0.1096038E-03  0.0000000E+00  0.1000000E+01
         1   234      7  0.1278577E-03  0.0000000E+00  0.1000000E+01
         1   234      8  0.1461255E-03  0.0000000E+00  0.1000000E+01
         1   234      9  0.1644072E-03  0.0000000E+00  0.1000000E+01
         1   234     10 -0.2022714E-02  0.0000000E+00  0.9999980E+00

         1   235      0  0.0000000E+00  0.0000000E+00  0.0000000E+00
         1   235      1  0.3704864E-06  0.0000000E+00  0.1000000E+01
         1   235      2  0.6979716E-04  0.0000000E+00  0.1000000E+01
         1   235      3  0.1045295E-03  0.0000000E+00  0.1000000E+01
         1   235      4  0.1392746E-03  0.0000000E+00  0.1000000E+01
         1   235      5  0.1740322E-03  0.0000000E+00  0.1000000E+01
         1   235      6  0.2088024E-03  0.0000000E+00  0.1000000E+01
         1   235      7  0.2435852E-03  0.0000000E+00  0.1000000E+01
         1   235      8  0.2783804E-03  0.0000000E+00  0.1000000E+01
         1   235      9  0.3131881E-03  0.0000000E+00  0.1000000E+01
         1   235     10 -0.2054954E-02  0.0000000E+00  0.9999979E+00

         1   236      0  0.0000000E+00  0.0000000E+00  0.0000000E+00
         1   236      1  0.3704864E-06  0.0000000E+00  0.1000000E+01
         1   236      2  0.6979716E-04  0.0000000E+00  0.1000000E+01
         1   236      3  0.1045295E-03  0.0000000E+00  0.1000000E+01
         1   236      4  0.1392746E-03  0.0000000E+00  0.1000000E+01
         1   236      5  0.1740322E-03  0.0000000E+00  0.1000000E+01
         1   236      6  0.2088024E-03  0.0000000E+00  0.1000000E+01
         1   236      7  0.2435852E-03  0.0000000E+00  0.1000000E+01
         1   236      8  0.2783804E-03  0.0000000E+00  0.1000000E+01
         1   236      9  0.3131881E-03  0.0000000E+00  0.1000000E+01
         1   236     10 -0.2054954E-02  0.0000000E+00  0.9999979E+00

         1   237      0  0.0000000E+00  0.0000000E+00  0.0000000E+00
         1   237      1  0.3704864E-06  0.0000000E+00  0.1000000E+01
         1   237      2  0.6979716E-04  0.0000000E+00  0.1000000E+01
         1   237      3  0.1045295E-03  0.0000000E+00  0.1000000E+01
         1   237      4  0.1392746E-03  0.0000000E+00  0.1000000E+01
         1   237      5  0.1740322E-03  0.0000000E+00  0.1000000E+01
         1   237      6  0.2088024E-03  0.0000000E+00  0.1000000E+01
         1   237      7  0.2435852E-03  0.0000000E+00  0.1000000E+01
         1   237      8  0.2783804E-03  0.0000000E+00  0.1000000E+01
         1   237      9  0.3131881E-03  0.0000000E+00  0.1000000E+01
         1   237     10 -0.2054954E-02  0.0000000E+00  0.9999979E+00

         1   238      0  0.0000000E+00  0.0000000E+00  0.0000000E+00
         1   238      1  0.3704864E-06  0.0000000E+00  0.1000000E+01
         1   238      2  0.6979716E-04  0.0000000E+00  0.1000000E+01
         1   238      3  0.1045295E-03  0.0000000E+00  0.1000000E+01
         1   238      4  0.1392746E-03  0.0000000E+00  0.1000000E+01
         1   238      5  0.1740322E-03  0.0000000E+00  0.1000000E+01
         1   238      6  0.2088024E-03  0.0000000E+00  0.1000000E+01
         1   238      7  0.2435852E-03  0.0000000E+00  0.1000000E+01
         1   238      8  0.2783804E-03  0.0000000E+00  0.1000000E+01
         1   238      9  0.3131881E-03  0.0000000E+00  0.1000000E+01
         1   238     10 -0.2054954E-02  0.0000000E+00  0.9999979E+00

         1   239      0  0.0000000E+00  0.0000000E+00  0.0000000E+00
         1   239      1  0.3881286E-06  0.0000000E+00  0.1000000E+01
         1   239      2  0.6983844E-04  0.0000000E+00  0.1000000E+01
         1   239      3  0.1045826E-03  0.0000000E+00  0.1000000E+01
         1   239      4  0.1393395E-03  0.0000000E+00  0.1000000E+01
         1   239      5  0.1741089E-03  0.0000000E+00  0.1000000E+01
         1   239      6  0.2088909E-03  0.0000000E+00  0.1000000E+01
         1   239      7  0.2436855E-03  0.0000000E+00  0.1000000E+01
         1   239      8  0.2784925E-03  0.0000000E+00  0.1000000E+01
         1   239      9  0.3133120E-03  0.0000000E+00  0.1000000E+01
         1   239     10 -0.2052269E-02  0.0000000E+00  0.9999979E+00

         1   240      0  0.0000000E+00  0.0000000E+00  0.0000000E+00
         1   240      1  0.3881286E-06  0.0000000E+00  0.1000000E+01
         1   240      2  0.6983844E-04  0.0000000E+00  0.1000000E+01
         1   240      3  0.1045826E-03  0.0000000E+00  0.1000000E+01
         1   240      4  0.1393395E-03  0.0000000E+00  0.1000000E+01
         1   240      5  0.1741089E-03  0.0000000E+00  0.1000000E+01
         1   240      6  0.2088909E-03  0.0000000E+00  0.1000000E+01
         1   240      7  0.2436855E-03  0.0000000E+00  0.1000000E+01
         1   240      8  0.2784925E-03  0.0000000E+00  0.1000000E+01
         1   240      9  0.3133120E-03  0.0000000E+00  0.1000000E+01
         1   240     10 -0.2052269E-02  0.0000000E+00  0.9999979E+00

         1   241      0  0.0000000E+00  0.0000000E+00  0.0000000E+00
         1   241      1  0.3881286E-06  0.0000000E+00  0.1000000E+01
         1   241      2  0.6983844E-04  0.0000000E+00  0.1000000E+01
         1   241      3  0.1045826E-03  0.0000000E+00  0.1000000E+01
         1   241      4  0.1393395E-03  0.0000000E+00  0.1000000E+01
         1   241      5  0.1741089E-03  0.0000000E+00  0.1000000E+01
         1   241      6  0.2088909E-03  0.0000000E+00  0.1000000E+01
         1   241      7  0.2436855E-03  0.0000000E+00  0.1000000E+01
         1   241      8  0.2784925E-03  0.0000000E+00  0.1000000E+01
         1   241      9  0.3133120E-03  0.0000000E+00  0.1000000E+01
         1   241     10 -0.2052269E-02  0.0000000E+00  0.9999979E+00

         1   242      0  0.0000000E+00  0.0000000E+00  0.0000000E+00
         1   242      1  0.3881286E-06  0.0000000E+00  0.1000000E+01
         1   242      2  0.6983844E-04  0.0000000E+00  0.1000000E+01
         1   242      3  0.1045826E-03  0.0000000E+00  0.1000000E+01
         1   242      4  0.1393395E-03  0.0000000E+00  0.1000000E+01
         1   242      5  0.1741089E-03  0.0000000E+00  0.1000000E+01
         1   242      6  0.2088909E-03  0.0000000E+00  0.1000000E+01
         1   242      7  0.2436855E-03  0.0000000E+00  0.1000000E+01
         1   242      8  0.2784925E-03  0.0000000E+00  0.1000000E+01
         1   242      9  0.3133120E-03  0.0000000E+00  0.1000000E+01
         1   242     10 -0.2052269E-02  0.0000000E+00  0.9999979E+00

         1   243      0  0.0000000E+00  0.0000000E+00  0.0000000E+00
         1   243      1  0.3881286E-06  0.0000000E+00  0.1000000E+01
         1   243      2  0.7414709E-04  0.0000000E+00  0.1000000E+01
         1   243      3  0.1110494E-03  0.0000000E+00  0.1000000E+01
         1   243      4  0.1479668E-03  0.0000000E+00  0.1000000E+01
         1   243      5  0.1848995E-03  0.0000000E+00  0.1000000E+01
         1   243      6  0.2218473E-03  0.0000000E+00  0.1000000E+01
         1   243      7  0.2588104E-03  0.0000000E+00  0.1000000E+01
         1   243      8  0.2957887E-03  0.0000000E+00  0.1000000E+01
         1   243      9  0.3327822E-03  0.0000000E+00  0.9999999E+00
         1   243     10 -0.1969817E-02  0.0000000E+00  0.9999981E+00

         1   244      0  0.0000000E+00  0.0000000E+00  0.0000000E+00
         1   244      1  0.3881286E-06  0.0000000E+00  0.1000000E+01
         1   244      2  0.8130787E-04  0.0000000E+00  0.1000000E+01
         1   244      3  0.1217946E-03  0.0000000E+00  0.1000000E+01
         1   244      4  0.1622992E-03  0.0000000E+00  0.1000000E+01
         1   244      5  0.2028219E-03  0.0000000E+00  0.1000000E+01
         1   244      6  0.2433627E-03  0.0000000E+00  0.1000000E+01
         1   244      7  0.2839215E-03  0.0000000E+00  0.1000000E+01
         1   244      8  0.3244985E-03  0.0000000E+00  0.9999999E+00
         1   244      9  0.3650937E-03  0.0000000E+00  0.9999999E+00
         1   244     10 -0.1878226E-02  0.0000000E+00  0.9999982E+00

         1   245      0  0.0000000E+00  0.0000000E+00  0.0000000E+00
         1   245      1  0.3881286E-06  0.0000000E+00  0.1000000E+01
         1   245      2  0.8130787E-04  0.0000000E+00  0.1000000E+01
         1   245      3  0.1217946E-03  0.0000000E+00  0.1000000E+01
         1   245      4  0.1622992E-03  0.0000000E+00  0.1000000E+01
         1   245      5  0.2028219E-03  0.0000000E+00  0.1000000E+01
         1   245      6  0.2433627E-03  0.0000000E+00  0.1000000E+01
         1   245      7  0.2839215E-03  0.0000000E+00  0.1000000E+01
         1   245      8  0.3244985E-03  0.0000000E+00  0.9999999E+00
         1   245      9  0.3650937E-03  0.0000000E+00  0.9999999E+00
         1   245     10 -0.1878226E-02  0.0000000E+00  0.9999982E+00

         1   246      0  0.0000000E+00  0.0000000E+00  0.0000000E+00
         1   246      1  0.3881286E-06  0.0000000E+00  0.1000000E+01
         1   246      2  0.8130787E-04  0.0000000E+00  0.1000000E+01
         1   246      3  0.1217946E-03  0.0000000E+00  0.1000000E+01
         1   246      4  0.1622992E-03  0.0000000E+00  0.1000000E+01
         1   246      5  0.2028219E-03  0.0000000E+00  0.1000000E+01
         1   246      6  0.2433627E-03  0.0000000E+00  0.1000000E+01
         1   246      7  0.2839215E-03  0.0000000E+00  0.1000000E+01
         1   246      8  0.3244985E-03  0.0000000E+00  0.9999999E+00
         1   246      9  0.3650937E-03  0.0000000E+00  0.9999999E+00
         1   246     10 -0.1878226E-02  0.0000000E+00  0.9999982E+00

         1   247      0  0.0000000E+00  0.0000000E+00  0.0000000E+00
         1   247      1  0.3881286E-06  0.0000000E+00  0.1000000E+01
         1   247      2  0.8130787E-04  0.0000000E+00  0.1000000E+01
         1   247      3  0.1217946E-03  0.0000000E+00  0.1000000E+01
         1   247      4  0.1622992E-03  0.0000000E+00  0.1000000E+01
         1   247      5  0.2028219E-03  0.0000000E+00  0.1000000E+01
         1   247      6  0.2433627E-03  0.0000000E+00  0.1000000E+01
         1   247      7  0.2839215E-03  0.0000000E+00  0.1000000E+01
         1   247      8  0.3244985E-03  0.0000000E+00  0.9999999E+00
         1   247      9  0.3650937E-03  0.0000000E+00  0.9999999E+00
         1   247     10 -0.1878226E-02  0.0000000E+00  0.9999982E+00

         1   248      0  0.0000000E+00  0.0000000E+00  0.0000000E+00
         1   248      1  0.4057708E-06  0.0000000E+00  0.1000000E+01
         1   248      2  0.8127644E-04  0.0000000E+00  0.1000000E+01
         1   248      3  0.1217386E-03  0.0000000E+00  0.1000000E+01
         1   248      4  0.1622187E-03  0.0000000E+00  0.1000000E+01
         1   248      5  0.2027168E-03  0.0000000E+00  0.1000000E+01
         1   248      6  0.2432330E-03  0.0000000E+00  0.1000000E+01
         1   248      7  0.2837673E-03  0.0000000E+00  0.1000000E+01
         1   248      8  0.3243197E-03  0.0000000E+00  0.9999999E+00
         1   248      9  0.3648902E-03  0.0000000E+00  0.9999999E+00
         1   248     10 -0.1875773E-02  0.0000000E+00  0.9999982E+00

         1   249      0  0.0000000E+00  0.0000000E+00  0.0000000E+00
         1   249      1  0.4057708E-06  0.0000000E+00  0.1000000E+01
         1   249      2  0.8127644E-04  0.0000000E+00  0.1000000E+01
         1   249      3  0.1217386E-03  0.0000000E+00  0.1000000E+01
         1   249      4  0.1622187E-03  0.0000000E+00  0.1000000E+01
         1   249      5  0.2027168E-03  0.0000000E+00  0.1000000E+01
         1   249      6  0.2432330E-03  0.0000000E+00  0.1000000E+01
         1   249      7  0.2837673E-03  0.0000000E+00  0.1000000E+01
         1   249      8  0.3243197E-03  0.0000000E+00  0.9999999E+00
         1   249      9  0.3648902E-03  0.0000000E+00  0.9999999E+00
         1   249     10 -0.1875773E-02  0.0000000E+00  0.9999982E+00

         1   250      0  0.0000000E+00  0.0000000E+00  0.0000000E+00
         1   250      1  0.4057708E-06  0.0000000E+00  0.1000000E+01
         1   250      2  0.8127399E-04  0.0000000E+00  0.1000000E+01
         1   250      3  0.1217331E-03  0.0000000E+00  0.1000000E+01
         1   250      4  0.1622089E-03  0.0000000E+00  0.1000000E+01
         1   250      5  0.2027015E-03  0.0000000E+00  0.1000000E+01
         1   250      6  0.2432109E-03  0.0000000E+00  0.1000000E+01
         1   250      7  0.2837371E-03  0.0000000E+00  0.1000000E+01
         1   250      8  0.3242803E-03  0.0000000E+00  0.9999999E+00
         1   250      9  0.3648404E-03  0.0000000E+00  0.9999999E+00
         1   250     10 -0.1875860E-02  0.0000000E+00  0.9999982E+00

         1   251      0  0.0000000E+00  0.0000000E+00  0.0000000E+00
         1   251      1  0.4057708E-06  0.0000000E+00  0.1000000E+01
         1   251      2  0.8127399E-04  0.0000000E+00  0.1000000E+01
         1   251      3  0.1217331E-03  0.0000000E+00  0.1000000E+01
         1   251      4  0.1622089E-03  0.0000000E+00  0.1000000E+01
         1   251      5  0.2027015E-03  0.0000000E+00  0.1000000E+01
         1   251      6  0.2432109E-03  0.0000000E+00  0.1000000E+01
         1   251      7  0.2837371E-03  0.0000000E+00  0.1000000E+01
         1   251      8  0.3242803E-03  0.0000000E+00  0.9999999E+00
         1   251      9  0.3648404E-03  0.0000000E+00  0.9999999E+00
         1   251     10 -0.1875860E-02  0.0000000E+00  0.9999982E+00

         1   252      0  0.0000000E+00  0.0000000E+00  0.0000000E+00
         1   252      1  0.4057708E-06  0.0000000E+00  0.1000000E+01
         1   252      2  0.3007242E-04  0.0000000E+00  0.1000000E+01
         1   252      3  0.4491961E-04  0.0000000E+00  0.1000000E+01
         1   252      4  0.5977603E-04  0.0000000E+00  0.1000000E+01
         1   252      5  0.7464166E-04  0.0000000E+00  0.1000000E+01
         1   252      6  0.8951647E-04  0.0000000E+00  0.1000000E+01
         1   252      7  0.1044004E-03  0.0000000E+00  0.1000000E+01
         1   252      8  0.1192936E-03  0.0000000E+00  0.1000000E+01
         1   252      9  0.1341958E-03  0.0000000E+00  0.1000000E+01
         1   252     10 -0.2178170E-02  0.0000000E+00  0.9999976E+00

         1   253      0  0.0000000E+00  0.0000000E+00  0.0000000E+00
         1   253      1  0.4057708E-06  0.0000000E+00  0.1000000E+01
         1   253      2 -0.2237943E-04  0.0000000E+00  0.1000000E+01
         1   253      3 -0.3376926E-04  0.0000000E+00  0.1000000E+01
         1   253      4 -0.4515735E-04  0.0000000E+00  0.1000000E+01
         1   253      5 -0.5654380E-04  0.0000000E+00  0.1000000E+01
         1   253      6 -0.6792867E-04  0.0000000E+00  0.1000000E+01
         1   253      7 -0.7931207E-04  0.0000000E+00  0.1000000E+01
         1   253      8 -0.9069406E-04  0.0000000E+00  0.1000000E+01
         1   253      9 -0.1020747E-03  0.0000000E+00  0.1000000E+01
         1   253     10 -0.2486026E-02  0.0000000E+00  0.9999969E+00

         1   254      0  0.0000000E+00  0.0000000E+00  0.0000000E+00
         1   254      1  0.4057708E-06  0.0000000E+00  0.1000000E+01
         1   254      2 -0.2237943E-04  0.0000000E+00  0.1000000E+01
         1   254      3 -0.3376926E-04  0.0000000E+00  0.1000000E+01
         1   254      4 -0.4515735E-04  0.0000000E+00  0.1000000E+01
         1   254      5 -0.5654380E-04  0.0000000E+00  0.1000000E+01
         1   254      6 -0.6792867E-04  0.0000000E+00  0.1000000E+01
         1   254      7 -0.7931207E-04  0.0000000E+00  0.1000000E+01
         1   254      8 -0.9069406E-04  0.0000000E+00  0.1000000E+01
         1   254      9 -0.1020747E-03  0.0000000E+00  0.1000000E+01
         1   254     10 -0.2486026E-02  0.0000000E+00  0.9999969E+00

         1   255      0  0.0000000E+00  0.0000000E+00  0.0000000E+00
         1   255      1  0.4057708E-06  0.0000000E+00  0.1000000E+01
         1   255      2 -0.2237943E-04  0.0000000E+00  0.1000000E+01
         1   255      3 -0.3376926E-04  0.0000000E+00  0.1000000E+01
         1   255      4 -0.4515735E-04  0.0000000E+00  0.1000000E+01
         1   255      5 -0.5654380E-04  0.0000000E+00  0.1000000E+01
         1   255      6 -0.6792867E-04  0.0000000E+00  0.1000000E+01
         1   255      7 -0.7931207E-04  0.0000000E+00  0.1000000E+01
         1   255      8 -0.9069406E-04  0.0000000E+00  0.1000000E+01
         1   255      9 -0.1020747E-03  0.0000000E+00  0.1000000E+01
         1   255     10 -0.2486026E-02  0.0000000E+00  0.9999969E+00

         1   256      0  0.0000000E+00  0.0000000E+00  0.0000000E+00
         1   256      1  0.4057708E-06  0.0000000E+00  0.1000000E+01
         1   256      2 -0.2237943E-04  0.0000000E+00  0.1000000E+01
         1   256      3 -0.3376926E-04  0.0000000E+00  0.1000000E+01
         1   256      4 -0.4515735E-04  0.0000000E+00  0.1000000E+01
         1   256      5 -0.5654380E-04  0.0000000E+00  0.1000000E+01
         1   256      6 -0.6792867E-04  0.0000000E+00  0.1000000E+01
         1   256      7 -0.7931207E-04  0.0000000E+00  0.1000000E+01
         1   256      8 -0.9069406E-04  0.0000000E+00  0.1000000E+01
         1   256      9 -0.1020747E-03  0.0000000E+00  0.1000000E+01
         1   256     10 -0.2486026E-02  0.0000000E+00  0.9999969E+00

         1   257      0  0.0000000E+00  0.0000000E+00  0.0000000E+00
         1   257      1  0.4234130E-06  0.0000000E+00  0.1000000E+01
         1   257      2 -0.2243910E-04  0.0000000E+00  0.1000000E+01
         1   257      3 -0.3386759E-04  0.0000000E+00  0.1000000E+01
         1   257      4 -0.4529436E-04  0.0000000E+00  0.1000000E+01
         1   257      5 -0.5671948E-04  0.0000000E+00  0.1000000E+01
         1   257      6 -0.6814305E-04  0.0000000E+00  0.1000000E+01
         1   257      7 -0.7956514E-04  0.0000000E+00  0.1000000E+01
         1   257      8 -0.9098585E-04  0.0000000E+00  0.1000000E+01
         1   257      9 -0.1024053E-03  0.0000000E+00  0.1000000E+01
         1   257     10 -0.2483699E-02  0.0000000E+00  0.9999969E+00

         1   258      0  0.0000000E+00  0.0000000E+00  0.0000000E+00
         1   258      1  0.4234130E-06  0.0000000E+00  0.1000000E+01
         1   258      2 -0.2243910E-04  0.0000000E+00  0.1000000E+01
         1   258      3 -0.3386759E-04  0.0000000E+00  0.1000000E+01
         1   258      4 -0.4529436E-04  0.0000000E+00  0.1000000E+01
         1   258      5 -0.5671948E-04  0.0000000E+00  0.1000000E+01
         1   258      6 -0.6814305E-04  0.0000000E+00  0.1000000E+01
         1   258      7 -0.7956514E-04  0.0000000E+00  0.1000000E+01
         1   258      8 -0.9098585E-04  0.0000000E+00  0.1000000E+01
         1   258      9 -0.1024053E-03  0.0000000E+00  0.1000000E+01
         1   258     10 -0.2483699E-02  0.0000000E+00  0.9999969E+00

         1   259      0  0.0000000E+00  0.0000000E+00  0.0000000E+00
         1   259      1  0.4234130E-06  0.0000000E+00  0.1000000E+01
         1   259      2 -0.2244592E-04  0.0000000E+00  0.1000000E+01
         1   259      3 -0.3388295E-04  0.0000000E+00  0.1000000E+01
         1   259      4 -0.4532166E-04  0.0000000E+00  0.1000000E+01
         1   259      5 -0.5676216E-04  0.0000000E+00  0.1000000E+01
         1   259      6 -0.6820451E-04  0.0000000E+00  0.1000000E+01
         1   259      7 -0.7964881E-04  0.0000000E+00  0.1000000E+01
         1   259      8 -0.9109515E-04  0.0000000E+00  0.1000000E+01
         1   259      9 -0.1025436E-03  0.0000000E+00  0.1000000E+01
         1   259     10 -0.2483941E-02  0.0000000E+00  0.9999969E+00

         1   260      0  0.0000000E+00  0.0000000E+00  0.0000000E+00
         1   260      1  0.4234130E-06  0.0000000E+00  0.1000000E+01
         1   260      2 -0.2244592E-04  0.0000000E+00  0.1000000E+01
         1   260      3 -0.3388295E-04  0.0000000E+00  0.1000000E+01
         1   260      4 -0.4532166E-04  0.0000000E+00  0.1000000E+01
         1   260      5 -0.5676216E-04  0.0000000E+00  0.1000000E+01
         1   260      6 -0.6820451E-04  0.0000000E+00  0.1000000E+01
         1   260      7 -0.7964881E-04  0.0000000E+00  0.1000000E+01
         1   260      8 -0.9109515E-04  0.0000000E+00  0.1000000E+01
         1   260      9 -0.1025436E-03  0.0000000E+00  0.1000000E+01
         1   260     10 -0.2483941E-02  0.0000000E+00  0.9999969E+00

         1   261      0  0.0000000E+00  0.0000000E+00  0.0000000E+00
         1   261      1  0.4234130E-06  0.0000000E+00  0.1000000E+01
         1   261      2  0.1488262E-04  0.0000000E+00  0.1000000E+01
         1   261      3  0.2211423E-04  0.0000000E+00  0.1000000E+01
         1   261      4  0.2934709E-04  0.0000000E+00  0.1000000E+01
         1   261      5  0.3658111E-04  0.0000000E+00  0.1000000E+01
         1   261      6  0.4381623E-04  0.0000000E+00  0.1000000E+01
         1   261      7  0.5105237E-04  0.0000000E+00  0.1000000E+01
         1   261      8  0.5828946E-04  0.0000000E+00  0.1000000E+01
         1   261      9  0.6552742E-04  0.0000000E+00  0.1000000E+01
         1   261     10 -0.2258493E-02  0.0000000E+00  0.9999974E+00

         1   262      0  0.0000000E+00  0.0000000E+00  0.0000000E+00
         1   262      1  0.4234130E-06  0.0000000E+00  0.1000000E+01
         1   262      2  0.5267994E-04  0.0000000E+00  0.1000000E+01
         1   262      3  0.7881426E-04  0.0000000E+00  0.1000000E+01
         1   262      4  0.1049525E-03  0.0000000E+00  0.1000000E+01
         1   262      5  0.1310946E-03  0.0000000E+00  0.1000000E+01
         1   262      6  0.1572406E-03  0.0000000E+00  0.1000000E+01
         1   262      7  0.1833903E-03  0.0000000E+00  0.1000000E+01
         1   262      8  0.2095437E-03  0.0000000E+00  0.1000000E+01
         1   262      9  0.2357007E-03  0.0000000E+00  0.1000000E+01
         1   262     10 -0.2027457E-02  0.0000000E+00  0.9999979E+00

         1   263      0  0.0000000E+00  0.0000000E+00  0.0000000E+00
         1   263      1  0.4234130E-06  0.0000000E+00  0.1000000E+01
         1   263      2  0.5267994E-04  0.0000000E+00  0.1000000E+01
         1   263      3  0.7881426E-04  0.0000000E+00  0.1000000E+01
         1   263      4  0.1049525E-03  0.0000000E+00  0.1000000E+01
         1   263      5  0.1310946E-03  0.0000000E+00  0.1000000E+01
         1   263      6  0.1572406E-03  0.0000000E+00  0.1000000E+01
         1   263      7  0.1833903E-03  0.0000000E+00  0.1000000E+01
         1   263      8  0.2095437E-03  0.0000000E+00  0.1000000E+01
         1   263      9  0.2357007E-03  0.0000000E+00  0.1000000E+01
         1   263     10 -0.2027457E-02  0.0000000E+00  0.9999979E+00

         1   264      0  0.0000000E+00  0.0000000E+00  0.0000000E+00
         1   264      1  0.4234130E-06  0.0000000E+00  0.1000000E+01
         1   264      2  0.5267994E-04  0.0000000E+00  0.1000000E+01
         1   264      3  0.7881426E-04  0.0000000E+00  0.1000000E+01
         1   264      4  0.1049525E-03  0.0000000E+00  0.1000000E+01
         1   264      5  0.1310946E-03  0.0000000E+00  0.1000000E+01
         1   264      6  0.1572406E-03  0.0000000E+00  0.1000000E+01
         1   264      7  0.1833903E-03  0.0000000E+00  0.1000000E+01
         1   264      8  0.2095437E-03  0.0000000E+00  0.1000000E+01
         1   264      9  0.2357007E-03  0.0000000E+00  0.1000000E+01
         1   264     10 -0.2027457E-02  0.0000000E+00  0.9999979E+00

         1   265      0  0.0000000E+00  0.0000000E+00  0.0000000E+00
         1   265      1  0.4234130E-06  0.0000000E+00  0.1000000E+01
         1   265      2  0.5267994E-04  0.0000000E+00  0.1000000E+01
         1   265      3  0.7881426E-04  0.0000000E+00  0.1000000E+01
         1   265      4  0.1049525E-03  0.0000000E+00  0.1000000E+01
         1   265      5  0.1310946E-03  0.0000000E+00  0.1000000E+01
         1   265      6  0.1572406E-03  0.0000000E+00  0.1000000E+01
         1   265      7  0.1833903E-03  0.0000000E+00  0.1000000E+01
         1   265      8  0.2095437E-03  0.0000000E+00  0.1000000E+01
         1   265      9  0.2357007E-03  0.0000000E+00  0.1000000E+01
         1   265     10 -0.2027457E-02  0.0000000E+00  0.9999979E+00

         1   266      0  0.0000000E+00  0.0000000E+00  0.0000000E+00
         1   266      1  0.4410552E-06  0.0000000E+00  0.1000000E+01
         1   266      2  0.5260833E-04  0.0000000E+00  0.1000000E+01
         1   266      3  0.7869801E-04  0.0000000E+00  0.1000000E+01
         1   266      4  0.1047916E-03  0.0000000E+00  0.1000000E+01
         1   266      5  0.1308891E-03  0.0000000E+00  0.1000000E+01
         1   266      6  0.1569904E-03  0.0000000E+00  0.1000000E+01
         1   266      7  0.1830955E-03  0.0000000E+00  0.1000000E+01
         1   266      8  0.2092042E-03  0.0000000E+00  0.1000000E+01
         1   266      9  0.2353166E-03  0.0000000E+00  0.1000000E+01
         1   266     10 -0.2025272E-02  0.0000000E+00  0.9999979E+00

         1   267      0  0.0000000E+00  0.0000000E+00  0.0000000E+00
         1   267      1  0.4410552E-06  0.0000000E+00  0.1000000E+01
         1   267      2  0.5260833E-04  0.0000000E+00  0.1000000E+01
         1   267      3  0.7869801E-04  0.0000000E+00  0.1000000E+01
         1   267      4  0.1047916E-03  0.0000000E+00  0.1000000E+01
         1   267      5  0.1308891E-03  0.0000000E+00  0.1000000E+01
         1   267      6  0.1569904E-03  0.0000000E+00  0.1000000E+01
         1   267      7  0.1830955E-03  0.0000000E+00  0.1000000E+01
         1   267      8  0.2092042E-03  0.0000000E+00  0.1000000E+01
         1   267      9  0.2353166E-03  0.0000000E+00  0.1000000E+01
         1   267     10 -0.2025272E-02  0.0000000E+00  0.9999979E+00

         1   268      0  0.0000000E+00  0.0000000E+00  0.0000000E+00
         1   268      1  0.4410552E-06  0.0000000E+00  0.1000000E+01
         1   268      2  0.5265318E-04  0.0000000E+00  0.1000000E+01
         1   268      3  0.7879892E-04  0.0000000E+00  0.1000000E+01
         1   268      4  0.1049710E-03  0.0000000E+00  0.1000000E+01
         1   268      5  0.1311695E-03  0.0000000E+00  0.1000000E+01
         1   268      6  0.1573941E-03  0.0000000E+00  0.1000000E+01
         1   268      7  0.1836450E-03  0.0000000E+00  0.1000000E+01
         1   268      8  0.2099220E-03  0.0000000E+00  0.1000000E+01
         1   268      9  0.2362250E-03  0.0000000E+00  0.1000000E+01
         1   268     10 -0.2023053E-02  0.0000000E+00  0.9999980E+00

         1   269      0  0.0000000E+00  0.0000000E+00  0.0000000E+00
         1   269      1  0.4410552E-06  0.0000000E+00  0.1000000E+01
         1   269      2  0.5265318E-04  0.0000000E+00  0.1000000E+01
         1   269      3  0.7879892E-04  0.0000000E+00  0.1000000E+01
         1   269      4  0.1049710E-03  0.0000000E+00  0.1000000E+01
         1   269      5  0.1311695E-03  0.0000000E+00  0.1000000E+01
         1   269      6  0.1573941E-03  0.0000000E+00  0.1000000E+01
         1   269      7  0.1836450E-03  0.0000000E+00  0.1000000E+01
         1   269      8  0.2099220E-03  0.0000000E+00  0.1000000E+01
         1   269      9  0.2362250E-03  0.0000000E+00  0.1000000E+01
         1   269     10 -0.2023053E-02  0.0000000E+00  0.9999980E+00

         1   270      0  0.0000000E+00  0.0000000E+00  0.0000000E+00
         1   270      1  0.4410552E-06  0.0000000E+00  0.1000000E+01
         1   270      2 -0.1365204E-04  0.0000000E+00  0.1000000E+01
         1   270      3 -0.2066144E-04  0.0000000E+00  0.1000000E+01
         1   270      4 -0.2764611E-04  0.0000000E+00  0.1000000E+01
         1   270      5 -0.3460609E-04  0.0000000E+00  0.1000000E+01
         1   270      6 -0.4154140E-04  0.0000000E+00  0.1000000E+01
         1   270      7 -0.4845208E-04  0.0000000E+00  0.1000000E+01
         1   270      8 -0.5533815E-04  0.0000000E+00  0.1000000E+01
         1   270      9 -0.6219965E-04  0.0000000E+00  0.1000000E+01
         1   270     10 -0.2496128E-02  0.0000000E+00  0.9999969E+00

         1   271      0  0.0000000E+00  0.0000000E+00  0.0000000E+00
         1   271      1  0.4410552E-06  0.0000000E+00  0.1000000E+01
         1   271      2 -0.7916971E-04  0.0000000E+00  0.1000000E+01
         1   271      3 -0.1189406E-03  0.0000000E+00  0.1000000E+01
         1   271      4 -0.1586884E-03  0.0000000E+00  0.1000000E+01
         1   271      5 -0.1984132E-03  0.0000000E+00  0.1000000E+01
         1   271      6 -0.2381150E-03  0.0000000E+00  0.1000000E+01
         1   271      7 -0.2777938E-03  0.0000000E+00  0.1000000E+01
         1   271      8 -0.3174495E-03  0.0000000E+00  0.9999999E+00
         1   271      9 -0.3570822E-03  0.0000000E+00  0.9999999E+00
         1   271     10 -0.2969197E-02  0.0000000E+00  0.9999956E+00

         1   272      0  0.0000000E+00  0.0000000E+00  0.0000000E+00
         1   272      1  0.4410552E-06  0.0000000E+00  0.1000000E+01
         1   272      2 -0.7916971E-04  0.0000000E+00  0.1000000E+01
         1   272      3 -0.1189406E-03  0.0000000E+00  0.1000000E+01
         1   272      4 -0.1586884E-03  0.0000000E+00  0.1000000E+01
         1   272      5 -0.1984132E-03  0.0000000E+00  0.1000000E+01
         1   272      6 -0.2381150E-03  0.0000000E+00  0.1000000E+01
         1   272      7 -0.2777938E-03  0.0000000E+00  0.1000000E+01
         1   272      8 -0.3174495E-03  0.0000000E+00  0.9999999E+00
         1   272      9 -0.3570822E-03  0.0000000E+00  0.9999999E+00
         1   272     10 -0.2969197E-02  0.0000000E+00  0.9999956E+00

         1   273      0  0.0000000E+00  0.0000000E+00  0.0000000E+00
         1   273      1  0.4410552E-06  0.0000000E+00  0.1000000E+01
         1   273      2 -0.7916971E-04  0.0000000E+00  0.1000000E+01
         1   273      3 -0.1189406E-03  0.0000000E+00  0.1000000E+01
         1   273      4 -0.1586884E-03  0.0000000E+00  0.1000000E+01
         1   273      5 -0.1984132E-03  0.0000000E+00  0.1000000E+01
         1   273      6 -0.2381150E-03  0.0000000E+00  0.1000000E+01
         1   273      7 -0.2777938E-03  0.0000000E+00  0.1000000E+01
         1   273      8 -0.3174495E-03  0.0000000E+00  0.9999999E+00
         1   273      9 -0.3570822E-03  0.0000000E+00  0.9999999E+00
         1   273     10 -0.2969197E-02  0.0000000E+00  0.9999956E+00

         1   274      0  0.0000000E+00  0.0000000E+00  0.0000000E+00
         1   274      1  0.4410552E-06  0.0000000E+00  0.1000000E+01
         1   274      2 -0.7916971E-04  0.0000000E+00  0.1000000E+01
         1   274      3 -0.1189406E-03  0.0000000E+00  0.1000000E+01
         1   274      4 -0.1586884E-03  0.0000000E+00  0.1000000E+01
         1   274      5 -0.1984132E-03  0.0000000E+00  0.1000000E+01
         1   274      6 -0.2381150E-03  0.0000000E+00  0.1000000E+01
         1   274      7 -0.2777938E-03  0.0000000E+00  0.1000000E+01
         1   274      8 -0.3174495E-03  0.0000000E+00  0.9999999E+00
         1   274      9 -0.3570822E-03  0.0000000E+00  0.9999999E+00
         1   274     10 -0.2969197E-02  0.0000000E+00  0.9999956E+00

         1   275      0  0.0000000E+00  0.0000000E+00  0.0000000E+00
         1   275      1  0.4586974E-06  0.0000000E+00  0.1000000E+01
         1   275      2 -0.7922354E-04  0.0000000E+00  0.1000000E+01
         1   275      3 -0.1190301E-03  0.0000000E+00  0.1000000E+01
         1   275      4 -0.1588137E-03  0.0000000E+00  0.1000000E+01
         1   275      5 -0.1985743E-03  0.0000000E+00  0.1000000E+01
         1   275      6 -0.2383118E-03  0.0000000E+00  0.1000000E+01
         1   275      7 -0.2780263E-03  0.0000000E+00  0.1000000E+01
         1   275      8 -0.3177177E-03  0.0000000E+00  0.9999999E+00
         1   275      9 -0.3573862E-03  0.0000000E+00  0.9999999E+00
         1   275     10 -0.2967012E-02  0.0000000E+00  0.9999956E+00

         1   276      0  0.0000000E+00  0.0000000E+00  0.0000000E+00
         1   276      1  0.4586974E-06  0.0000000E+00  0.1000000E+01
         1   276      2 -0.7922354E-04  0.0000000E+00  0.1000000E+01
         1   276      3 -0.1190301E-03  0.0000000E+00  0.1000000E+01
         1   276      4 -0.1588137E-03  0.0000000E+00  0.1000000E+01
         1   276      5 -0.1985743E-03  0.0000000E+00  0.1000000E+01
         1   276      6 -0.2383118E-03  0.0000000E+00  0.1000000E+01
         1   276      7 -0.2780263E-03  0.0000000E+00  0.1000000E+01
         1   276      8 -0.3177177E-03  0.0000000E+00  0.9999999E+00
         1   276      9 -0.3573862E-03  0.0000000E+00  0.9999999E+00
         1   276     10 -0.2967012E-02  0.0000000E+00  0.9999956E+00

         1   277      0  0.0000000E+00  0.0000000E+00  0.0000000E+00
         1   277      1  0.4586974E-06  0.0000000E+00  0.1000000E+01
         1   277      2 -0.7922589E-04  0.0000000E+00  0.1000000E+01
         1   277      3 -0.1190354E-03  0.0000000E+00  0.1000000E+01
         1   277      4 -0.1588231E-03  0.0000000E+00  0.1000000E+01
         1   277      5 -0.1985890E-03  0.0000000E+00  0.1000000E+01
         1   277      6 -0.2383330E-03  0.0000000E+00  0.1000000E+01
         1   277      7 -0.2780551E-03  0.0000000E+00  0.1000000E+01
         1   277      8 -0.3177554E-03  0.0000000E+00  0.9999999E+00
         1   277      9 -0.3574339E-03  0.0000000E+00  0.9999999E+00
         1   277     10 -0.2967294E-02  0.0000000E+00  0.9999956E+00

         1   278      0  0.0000000E+00  0.0000000E+00  0.0000000E+00
         1   278      1  0.4586974E-06  0.0000000E+00  0.1000000E+01
         1   278      2 -0.7922589E-04  0.0000000E+00  0.1000000E+01
         1   278      3 -0.1190354E-03  0.0000000E+00  0.1000000E+01
         1   278      4 -0.1588231E-03  0.0000000E+00  0.1000000E+01
         1   278      5 -0.1985890E-03  0.0000000E+00  0.1000000E+01
         1   278      6 -0.2383330E-03  0.0000000E+00  0.1000000E+01
         1   278      7 -0.2780551E-03  0.0000000E+00  0.1000000E+01
         1   278      8 -0.3177554E-03  0.0000000E+00  0.9999999E+00
         1   278      9 -0.3574339E-03  0.0000000E+00  0.9999999E+00
         1   278     10 -0.2967294E-02  0.0000000E+00  0.9999956E+00

         1   279      0  0.0000000E+00  0.0000000E+00  0.0000000E+00
         1   279      1  0.4586974E-06  0.0000000E+00  0.1000000E+01
         1   279      2 -0.6043712E-04  0.0000000E+00  0.1000000E+01
         1   279      3 -0.9085092E-04  0.0000000E+00  0.1000000E+01
         1   279      4 -0.1212420E-03  0.0000000E+00  0.1000000E+01
         1   279      5 -0.1516105E-03  0.0000000E+00  0.1000000E+01
         1   279      6 -0.1819563E-03  0.0000000E+00  0.1000000E+01
         1   279      7 -0.2122795E-03  0.0000000E+00  0.1000000E+01
         1   279      8 -0.2425802E-03  0.0000000E+00  0.1000000E+01
         1   279      9 -0.2728584E-03  0.0000000E+00  0.1000000E+01
         1   279     10 -0.2736674E-02  0.0000000E+00  0.9999963E+00

         1   280      0  0.0000000E+00  0.0000000E+00  0.0000000E+00
         1   280      1  0.4586974E-06  0.0000000E+00  0.1000000E+01
         1   280      2 -0.4420976E-04  0.0000000E+00  0.1000000E+01
         1   280      3 -0.6650854E-04  0.0000000E+00  0.1000000E+01
         1   280      4 -0.8878379E-04  0.0000000E+00  0.1000000E+01
         1   280      5 -0.1110356E-03  0.0000000E+00  0.1000000E+01
         1   280      6 -0.1332640E-03  0.0000000E+00  0.1000000E+01
         1   280      7 -0.1554691E-03  0.0000000E+00  0.1000000E+01
         1   280      8 -0.1776510E-03  0.0000000E+00  0.1000000E+01
         1   280      9 -0.1998097E-03  0.0000000E+00  0.1000000E+01
         1   280     10 -0.2511694E-02  0.0000000E+00  0.9999968E+00

         1   281      0  0.0000000E+00  0.0000000E+00  0.0000000E+00
         1   281      1  0.4586974E-06  0.0000000E+00  0.1000000E+01
         1   281      2 -0.4420976E-04  0.0000000E+00  0.1000000E+01
         1   281      3 -0.6650854E-04  0.0000000E+00  0.1000000E+01
         1   281      4 -0.8878379E-04  0.0000000E+00  0.1000000E+01
         1   281      5 -0.1110356E-03  0.0000000E+00  0.1000000E+01
         1   281      6 -0.1332640E-03  0.0000000E+00  0.1000000E+01
         1   281      7 -0.1554691E-03  0.0000000E+00  0.1000000E+01
         1   281      8 -0.1776510E-03  0.0000000E+00  0.1000000E+01
         1   281      9 -0.1998097E-03  0.0000000E+00  0.1000000E+01
         1   281     10 -0.2511694E-02  0.0000000E+00  0.9999968E+00

         1   282      0  0.0000000E+00  0.0000000E+00  0.0000000E+00
         1   282      1  0.4586974E-06  0.0000000E+00  0.1000000E+01
         1   282      2 -0.4420976E-04  0.0000000E+00  0.1000000E+01
         1   282      3 -0.6650854E-04  0.0000000E+00  0.1000000E+01
         1   282      4 -0.8878379E-04  0.0000000E+00  0.1000000E+01
         1   282      5 -0.1110356E-03  0.0000000E+00  0.1000000E+01
         1   282      6 -0.1332640E-03  0.0000000E+00  0.1000000E+01
         1   282      7 -0.1554691E-03  0.0000000E+00  0.1000000E+01
         1   282      8 -0.1776510E-03  0.0000000E+00  0.1000000E+01
         1   282      9 -0.1998097E-03  0.0000000E+00  0.1000000E+01
         1   282     10 -0.2511694E-02  0.0000000E+00  0.9999968E+00

         1   283      0  0.0000000E+00  0.0000000E+00  0.0000000E+00
         1   283      1  0.4586974E-06  0.0000000E+00  0.1000000E+01
         1   283      2 -0.4420976E-04  0.0000000E+00  0.1000000E+01
         1   283      3 -0.6650854E-04  0.0000000E+00  0.1000000E+01
         1   283      4 -0.8878379E-04  0.0000000E+00  0.1000000E+01
         1   283      5 -0.1110356E-03  0.0000000E+00  0.1000000E+01
         1   283      6 -0.1332640E-03  0.0000000E+00  0.1000000E+01
         1   283      7 -0.1554691E-03  0.0000000E+00  0.1000000E+01
         1   283      8 -0.1776510E-03  0.0000000E+00  0.1000000E+01
         1   283      9 -0.1998097E-03  0.0000000E+00  0.1000000E+01
         1   283     10 -0.2511694E-02  0.0000000E+00  0.9999968E+00

         1   284      0  0.0000000E+00  0.0000000E+00  0.0000000E+00
         1   284      1  0.4763396E-06  0.0000000E+00  0.1000000E+01
         1   284      2 -0.4419829E-04  0.0000000E+00  0.1000000E+01
         1   284      3 -0.6650016E-04  0.0000000E+00  0.1000000E+01
         1   284      4 -0.8877850E-04  0.0000000E+00  0.1000000E+01
         1   284      5 -0.1110334E-03  0.0000000E+00  0.1000000E+01
         1   284      6 -0.1332649E-03  0.0000000E+00  0.1000000E+01
         1   284      7 -0.1554731E-03  0.0000000E+00  0.1000000E+01
         1   284      8 -0.1776580E-03  0.0000000E+00  0.1000000E+01
         1   284      9 -0.1998199E-03  0.0000000E+00  0.1000000E+01
         1   284     10 -0.2509365E-02  0.0000000E+00  0.9999969E+00

         1   285      0  0.0000000E+00  0.0000000E+00  0.0000000E+00
         1   285      1  0.4763396E-06  0.0000000E+00  0.1000000E+01
         1   285      2 -0.4419829E-04  0.0000000E+00  0.1000000E+01
         1   285      3 -0.6650016E-04  0.0000000E+00  0.1000000E+01
         1   285      4 -0.8877850E-04  0.0000000E+00  0.1000000E+01
         1   285      5 -0.1110334E-03  0.0000000E+00  0.1000000E+01
         1   285      6 -0.1332649E-03  0.0000000E+00  0.1000000E+01
         1   285      7 -0.1554731E-03  0.0000000E+00  0.1000000E+01
         1   285      8 -0.1776580E-03  0.0000000E+00  0.1000000E+01
         1   285      9 -0.1998199E-03  0.0000000E+00  0.1000000E+01
         1   285     10 -0.2509365E-02  0.0000000E+00  0.9999969E+00

         1   286      0  0.0000000E+00  0.0000000E+00  0.0000000E+00
         1   286      1  0.4763396E-06  0.0000000E+00  0.1000000E+01
         1   286      2 -0.4419836E-04  0.0000000E+00  0.1000000E+01
         1   286      3 -0.6650031E-04  0.0000000E+00  0.1000000E+01
         1   286      4 -0.8877876E-04  0.0000000E+00  0.1000000E+01
         1   286      5 -0.1110338E-03  0.0000000E+00  0.1000000E+01
         1   286      6 -0.1332655E-03  0.0000000E+00  0.1000000E+01
         1   286      7 -0.1554739E-03  0.0000000E+00  0.1000000E+01
         1   286      8 -0.1776591E-03  0.0000000E+00  0.1000000E+01
         1   286      9 -0.1998212E-03  0.0000000E+00  0.1000000E+01
         1   286     10 -0.2509462E-02  0.0000000E+00  0.9999969E+00

         1   287      0  0.0000000E+00  0.0000000E+00  0.0000000E+00
         1   287      1  0.4763396E-06  0.0000000E+00  0.1000000E+01
         1   287      2 -0.4419836E-04  0.0000000E+00  0.1000000E+01
         1   287      3 -0.6650031E-04  0.0000000E+00  0.1000000E+01
         1   287      4 -0.8877876E-04  0.0000000E+00  0.1000000E+01
         1   287      5 -0.1110338E-03  0.0000000E+00  0.1000000E+01
         1   287      6 -0.1332655E-03  0.0000000E+00  0.1000000E+01
         1   287      7 -0.1554739E-03  0.0000000E+00  0.1000000E+01
         1   287      8 -0.1776591E-03  0.0000000E+00  0.1000000E+01
         1   287      9 -0.1998212E-03  0.0000000E+00  0.1000000E+01
         1   287     10 -0.2509462E-02  0.0000000E+00  0.9999969E+00

         1   288      0  0.0000000E+00  0.0000000E+00  0.0000000E+00
         1   288      1  0.4763396E-06  0.0000000E+00  0.1000000E+01
         1   288      2 -0.3403327E-04  0.0000000E+00  0.1000000E+01
         1   288      3 -0.5125446E-04  0.0000000E+00  0.1000000E+01
         1   288      4 -0.6845321E-04  0.0000000E+00  0.1000000E+01
         1   288      5 -0.8562952E-04  0.0000000E+00  0.1000000E+01
         1   288      6 -0.1027834E-03  0.0000000E+00  0.1000000E+01
         1   288      7 -0.1199147E-03  0.0000000E+00  0.1000000E+01
         1   288      8 -0.1370236E-03  0.0000000E+00  0.1000000E+01
         1   288      9 -0.1541100E-03  0.0000000E+00  0.1000000E+01
         1   288     10 -0.2815888E-02  0.0000000E+00  0.9999960E+00

         1   289      0  0.0000000E+00  0.0000000E+00  0.0000000E+00
         1   289      1  0.4763396E-06  0.0000000E+00  0.1000000E+01
         1   289      2 -0.2213052E-04  0.0000000E+00  0.1000000E+01
         1   289      3 -0.3340206E-04  0.0000000E+00  0.1000000E+01
         1   289      4 -0.4465221E-04  0.0000000E+00  0.1000000E+01
         1   289      5 -0.5588085E-04  0.0000000E+00  0.1000000E+01
         1   289      6 -0.6708788E-04  0.0000000E+00  0.1000000E+01
         1   289      7 -0.7827320E-04  0.0000000E+00  0.1000000E+01
         1   289      8 -0.8943670E-04  0.0000000E+00  0.1000000E+01
         1   289      9 -0.1005783E-03  0.0000000E+00  0.1000000E+01
         1   289     10 -0.3116753E-02  0.0000000E+00  0.9999951E+00

         1   290      0  0.0000000E+00  0.0000000E+00  0.0000000E+00
         1   290      1  0.4763396E-06  0.0000000E+00  0.1000000E+01
         1   290      2 -0.2213052E-04  0.0000000E+00  0.1000000E+01
         1   290      3 -0.3340206E-04  0.0000000E+00  0.1000000E+01
         1   290      4 -0.4465221E-04  0.0000000E+00  0.1000000E+01
         1   290      5 -0.5588085E-04  0.0000000E+00  0.1000000E+01
         1   290      6 -0.6708788E-04  0.0000000E+00  0.1000000E+01
         1   290      7 -0.7827320E-04  0.0000000E+00  0.1000000E+01
         1   290      8 -0.8943670E-04  0.0000000E+00  0.1000000E+01
         1   290      9 -0.1005783E-03  0.0000000E+00  0.1000000E+01
         1   290     10 -0.3116753E-02  0.0000000E+00  0.9999951E+00

         1   291      0  0.0000000E+00  0.0000000E+00  0.0000000E+00
         1   291      1  0.4763396E-06  0.0000000E+00  0.1000000E+01
         1   291      2 -0.2213052E-04  0.0000000E+00  0.1000000E+01
         1   291      3 -0.3340206E-04  0.0000000E+00  0.1000000E+01
         1   291      4 -0.4465221E-04  0.0000000E+00  0.1000000E+01
         1   291      5 -0.5588085E-04  0.0000000E+00  0.1000000E+01
         1   291      6 -0.6708788E-04  0.0000000E+00  0.1000000E+01
         1   291      7 -0.7827320E-04  0.0000000E+00  0.1000000E+01
         1   291      8 -0.8943670E-04  0.0000000E+00  0.1000000E+01
         1   291      9 -0.1005783E-03  0.0000000E+00  0.1000000E+01
         1   291     10 -0.3116753E-02  0.0000000E+00  0.9999951E+00

         1   292      0  0.0000000E+00  0.0000000E+00  0.0000000E+00
         1   292      1  0.4763396E-06  0.0000000E+00  0.1000000E+01
         1   292      2 -0.2213052E-04  0.0000000E+00  0.1000000E+01
         1   292      3 -0.3340206E-04  0.0000000E+00  0.1000000E+01
         1   292      4 -0.4465221E-04  0.0000000E+00  0.1000000E+01
         1   292      5 -0.5588085E-04  0.0000000E+00  0.1000000E+01
         1   292      6 -0.6708788E-04  0.0000000E+00  0.1000000E+01
         1   292      7 -0.7827320E-04  0.0000000E+00  0.1000000E+01
         1   292      8 -0.8943670E-04  0.0000000E+00  0.1000000E+01
         1   292      9 -0.1005783E-03  0.0000000E+00  0.1000000E+01
         1   292     10 -0.3116753E-02  0.0000000E+00  0.9999951E+00

         1   293      0  0.0000000E+00  0.0000000E+00  0.0000000E+00
         1   293      1  0.4939818E-06  0.0000000E+00  0.1000000E+01
         1   293      2 -0.2207980E-04  0.0000000E+00  0.1000000E+01
         1   293      3 -0.3333481E-04  0.0000000E+00  0.1000000E+01
         1   293      4 -0.4456842E-04  0.0000000E+00  0.1000000E+01
         1   293      5 -0.5578052E-04  0.0000000E+00  0.1000000E+01
         1   293      6 -0.6697102E-04  0.0000000E+00  0.1000000E+01
         1   293      7 -0.7813981E-04  0.0000000E+00  0.1000000E+01
         1   293      8 -0.8928677E-04  0.0000000E+00  0.1000000E+01
         1   293      9 -0.1004118E-03  0.0000000E+00  0.1000000E+01
         1   293     10 -0.3114298E-02  0.0000000E+00  0.9999952E+00

         1   294      0  0.0000000E+00  0.0000000E+00  0.0000000E+00
         1   294      1  0.4939818E-06  0.0000000E+00  0.1000000E+01
         1   294      2 -0.2207980E-04  0.0000000E+00  0.1000000E+01
         1   294      3 -0.3333481E-04  0.0000000E+00  0.1000000E+01
         1   294      4 -0.4456842E-04  0.0000000E+00  0.1000000E+01
         1   294      5 -0.5578052E-04  0.0000000E+00  0.1000000E+01
         1   294      6 -0.6697102E-04  0.0000000E+00  0.1000000E+01
         1   294      7 -0.7813981E-04  0.0000000E+00  0.1000000E+01
         1   294      8 -0.8928677E-04  0.0000000E+00  0.1000000E+01
         1   294      9 -0.1004118E-03  0.0000000E+00  0.1000000E+01
         1   294     10 -0.3114298E-02  0.0000000E+00  0.9999952E+00

         1   295      0  0.0000000E+00  0.0000000E+00  0.0000000E+00
         1   295      1  0.4939818E-06  0.0000000E+00  0.1000000E+01
         1   295      2 -0.2207980E-04  0.0000000E+00  0.1000000E+01
         1   295      3 -0.3333481E-04  0.0000000E+00  0.1000000E+01
         1   295      4 -0.4456842E-04  0.0000000E+00  0.1000000E+01
         1   295      5 -0.5578052E-04  0.0000000E+00  0.1000000E+01
         1   295      6 -0.6697102E-04  0.0000000E+00  0.1000000E+01
         1   295      7 -0.7813981E-04  0.0000000E+00  0.1000000E+01
         1   295      8 -0.8928677E-04  0.0000000E+00  0.1000000E+01
         1   295      9 -0.1004118E-03  0.0000000E+00  0.1000000E+01
         1   295     10 -0.3114298E-02  0.0000000E+00  0.9999952E+00

         1   296      0  0.0000000E+00  0.0000000E+00  0.0000000E+00
         1   296      1  0.4939818E-06  0.0000000E+00  0.1000000E+01
         1   296      2 -0.2207980E-04  0.0000000E+00  0.1000000E+01
         1   296      3 -0.3333481E-04  0.0000000E+00  0.1000000E+01
         1   296      4 -0.4456842E-04  0.0000000E+00  0.1000000E+01
         1   296      5 -0.5578052E-04  0.0000000E+00  0.1000000E+01
         1   296      6 -0.6697102E-04  0.0000000E+00  0.1000000E+01
         1   296      7 -0.7813981E-04  0.0000000E+00  0.1000000E+01
         1   296      8 -0.8928677E-04  0.0000000E+00  0.1000000E+01
         1   296      9 -0.1004118E-03  0.0000000E+00  0.1000000E+01
         1   296     10 -0.3114298E-02  0.0000000E+00  0.9999952E+00

         1   297      0  0.0000000E+00  0.0000000E+00  0.0000000E+00
         1   297      1  0.4939818E-06  0.0000000E+00  0.1000000E+01
         1   297      2 -0.4777919E-04  0.0000000E+00  0.1000000E+01
         1   297      3 -0.7188368E-04  0.0000000E+00  0.1000000E+01
         1   297      4 -0.9596667E-04  0.0000000E+00  0.1000000E+01
         1   297      5 -0.1200281E-03  0.0000000E+00  0.1000000E+01
         1   297      6 -0.1440679E-03  0.0000000E+00  0.1000000E+01
         1   297      7 -0.1680860E-03  0.0000000E+00  0.1000000E+01
         1   297      8 -0.1920824E-03  0.0000000E+00  0.1000000E+01
         1   297      9 -0.2160569E-03  0.0000000E+00  0.1000000E+01
         1   297     10 -0.3023472E-02  0.0000000E+00  0.9999954E+00

         1   298      0  0.0000000E+00  0.0000000E+00  0.0000000E+00
         1   298      1  0.4939818E-06  0.0000000E+00  0.1000000E+01
         1   298      2 -0.7553264E-04  0.0000000E+00  0.1000000E+01
         1   298      3 -0.1135137E-03  0.0000000E+00  0.1000000E+01
         1   298      4 -0.1514733E-03  0.0000000E+00  0.1000000E+01
         1   298      5 -0.1894114E-03  0.0000000E+00  0.1000000E+01
         1   298      6 -0.2273278E-03  0.0000000E+00  0.1000000E+01
         1   298      7 -0.2652227E-03  0.0000000E+00  0.1000000E+01
         1   298      8 -0.3030958E-03  0.0000000E+00  0.1000000E+01
         1   298      9 -0.3409473E-03  0.0000000E+00  0.9999999E+00
         1   298     10 -0.2941770E-02  0.0000000E+00  0.9999957E+00

         1   299      0  0.0000000E+00  0.0000000E+00  0.0000000E+00
         1   299      1  0.4939818E-06  0.0000000E+00  0.1000000E+01
         1   299      2 -0.7553264E-04  0.0000000E+00  0.1000000E+01
         1   299      3 -0.1135137E-03  0.0000000E+00  0.1000000E+01
         1   299      4 -0.1514733E-03  0.0000000E+00  0.1000000E+01
         1   299      5 -0.1894114E-03  0.0000000E+00  0.1000000E+01
         1   299      6 -0.2273278E-03  0.0000000E+00  0.1000000E+01
         1   299      7 -0.2652227E-03  0.0000000E+00  0.1000000E+01
         1   299      8 -0.3030958E-03  0.0000000E+00  0.1000000E+01
         1   299      9 -0.3409473E-03  0.0000000E+00  0.9999999E+00
         1   299     10 -0.2941770E-02  0.0000000E+00  0.9999957E+00

         1   300      0  0.0000000E+00  0.0000000E+00  0.0000000E+00
         1   300      1  0.4939818E-06  0.0000000E+00  0.1000000E+01
         1   300      2 -0.7553264E-04  0.0000000E+00  0.1000000E+01
         1   300      3 -0.1135137E-03  0.0000000E+00  0.1000000E+01
         1   300      4 -0.1514733E-03  0.0000000E+00  0.1000000E+01
         1   300      5 -0.1894114E-03  0.0000000E+00  0.1000000E+01
         1   300      6 -0.2273278E-03  0.0000000E+00  0.1000000E+01
         1   300      7 -0.2652227E-03  0.0000000E+00  0.1000000E+01
         1   300      8 -0.3030958E-03  0.0000000E+00  0.1000000E+01
         1   300      9 -0.3409473E-03  0.0000000E+00  0.9999999E+00
         1   300     10 -0.2941770E-02  0.0000000E+00  0.9999957E+00

         1   301      0  0.0000000E+00  0.0000000E+00  0.0000000E+00
         1   301      1  0.4939818E-06  0.0000000E+00  0.1000000E+01
         1   301      2 -0.7553264E-04  0.0000000E+00  0.1000000E+01
         1   301      3 -0.1135137E-03  0.0000000E+00  0.1000000E+01
         1   301      4 -0.1514733E-03  0.0000000E+00  0.1000000E+01
         1   301      5 -0.1894114E-03  0.0000000E+00  0.1000000E+01
         1   301      6 -0.2273278E-03  0.0000000E+00  0.1000000E+01
         1   301      7 -0.2652227E-03  0.0000000E+00  0.1000000E+01
         1   301      8 -0.3030958E-03  0.0000000E+00  0.1000000E+01
         1   301      9 -0.3409473E-03  0.0000000E+00  0.9999999E+00
         1   301     10 -0.2941770E-02  0.0000000E+00  0.9999957E+00

         1   302      0  0.0000000E+00  0.0000000E+00  0.0000000E+00
         1   302      1  0.5116241E-06  0.0000000E+00  0.1000000E+01
         1   302      2 -0.7542956E-04  0.0000000E+00  0.1000000E+01
         1   302      3 -0.1133679E-03  0.0000000E+00  0.1000000E+01
         1   302      4 -0.1512848E-03  0.0000000E+00  0.1000000E+01
         1   302      5 -0.1891801E-03  0.0000000E+00  0.1000000E+01
         1   302      6 -0.2270538E-03  0.0000000E+00  0.1000000E+01
         1   302      7 -0.2649060E-03  0.0000000E+00  0.1000000E+01
         1   302      8 -0.3027364E-03  0.0000000E+00  0.1000000E+01
         1   302      9 -0.3405452E-03  0.0000000E+00  0.9999999E+00
         1   302     10 -0.2939082E-02  0.0000000E+00  0.9999957E+00

         1   303      0  0.0000000E+00  0.0000000E+00  0.0000000E+00
         1   303      1  0.5116241E-06  0.0000000E+00  0.1000000E+01
         1   303      2 -0.7542956E-04  0.0000000E+00  0.1000000E+01
         1   303      3 -0.1133679E-03  0.0000000E+00  0.1000000E+01
         1   303      4 -0.1512848E-03  0.0000000E+00  0.1000000E+01
         1   303      5 -0.1891801E-03  0.0000000E+00  0.1000000E+01
         1   303      6 -0.2270538E-03  0.0000000E+00  0.1000000E+01
         1   303      7 -0.2649060E-03  0.0000000E+00  0.1000000E+01
         1   303      8 -0.3027364E-03  0.0000000E+00  0.1000000E+01
         1   303      9 -0.3405452E-03  0.0000000E+00  0.9999999E+00
         1   303     10 -0.2939082E-02  0.0000000E+00  0.9999957E+00

         1   304      0  0.0000000E+00  0.0000000E+00  0.0000000E+00
         1   304      1  0.5116241E-06  0.0000000E+00  0.1000000E+01
         1   304      2 -0.7542956E-04  0.0000000E+00  0.1000000E+01
         1   304      3 -0.1133679E-03  0.0000000E+00  0.1000000E+01
         1   304      4 -0.1512848E-03  0.0000000E+00  0.1000000E+01
         1   304      5 -0.1891801E-03  0.0000000E+00  0.1000000E+01
         1   304      6 -0.2270538E-03  0.0000000E+00  0.1000000E+01
         1   304      7 -0.2649060E-03  0.0000000E+00  0.1000000E+01
         1   304      8 -0.3027364E-03  0.0000000E+00  0.1000000E+01
         1   304      9 -0.3405452E-03  0.0000000E+00  0.9999999E+00
         1   304     10 -0.2939082E-02  0.0000000E+00  0.9999957E+00

         1   305      0  0.0000000E+00  0.0000000E+00  0.0000000E+00
         1   305      1  0.5116241E-06  0.0000000E+00  0.1000000E+01
         1   305      2 -0.7542956E-04  0.0000000E+00  0.1000000E+01
         1   305      3 -0.1133679E-03  0.0000000E+00  0.1000000E+01
         1   305      4 -0.1512848E-03  0.0000000E+00  0.1000000E+01
         1   305      5 -0.1891801E-03  0.0000000E+00  0.1000000E+01
         1   305      6 -0.2270538E-03  0.0000000E+00  0.1000000E+01
         1   305      7 -0.2649060E-03  0.0000000E+00  0.1000000E+01
         1   305      8 -0.3027364E-03  0.0000000E+00  0.1000000E+01
         1   305      9 -0.3405452E-03  0.0000000E+00  0.9999999E+00
         1   305     10 -0.2939082E-02  0.0000000E+00  0.9999957E+00

         1   306      0  0.0000000E+00  0.0000000E+00  0.0000000E+00
         1   306      1  0.5116241E-06  0.0000000E+00  0.1000000E+01
         1   306      2 -0.2836385E-05  0.0000000E+00  0.1000000E+01
         1   306      3 -0.4477442E-05  0.0000000E+00  0.1000000E+01
         1   306      4 -0.6096459E-05  0.0000000E+00  0.1000000E+01
         1   306      5 -0.7693377E-05  0.0000000E+00  0.1000000E+01
         1   306      6 -0.9268139E-05  0.0000000E+00  0.1000000E+01
         1   306      7 -0.1082069E-04  0.0000000E+00  0.1000000E+01
         1   306      8 -0.1235096E-04  0.0000000E+00  0.1000000E+01
         1   306      9 -0.1385891E-04  0.0000000E+00  0.1000000E+01
         1   306     10 -0.2970376E-02  0.0000000E+00  0.9999956E+00

         1   307      0  0.0000000E+00  0.0000000E+00  0.0000000E+00
         1   307      1  0.5116241E-06  0.0000000E+00  0.1000000E+01
         1   307      2  0.7004428E-04  0.0000000E+00  0.1000000E+01
         1   307      3  0.1048444E-03  0.0000000E+00  0.1000000E+01
         1   307      4  0.1396672E-03  0.0000000E+00  0.1000000E+01
         1   307      5  0.1745126E-03  0.0000000E+00  0.1000000E+01
         1   307      6  0.2093809E-03  0.0000000E+00  0.1000000E+01
         1   307      7  0.2442720E-03  0.0000000E+00  0.1000000E+01
         1   307      8  0.2791861E-03  0.0000000E+00  0.1000000E+01
         1   307      9  0.3141232E-03  0.0000000E+00  0.1000000E+01
         1   307     10 -0.2998226E-02  0.0000000E+00  0.9999955E+00

         1   308      0  0.0000000E+00  0.0000000E+00  0.0000000E+00
         1   308      1  0.5116241E-06  0.0000000E+00  0.1000000E+01
         1   308      2  0.7004428E-04  0.0000000E+00  0.1000000E+01
         1   308      3  0.1048444E-03  0.0000000E+00  0.1000000E+01
         1   308      4  0.1396672E-03  0.0000000E+00  0.1000000E+01
         1   308      5  0.1745126E-03  0.0000000E+00  0.1000000E+01
         1   308      6  0.2093809E-03  0.0000000E+00  0.1000000E+01
         1   308      7  0.2442720E-03  0.0000000E+00  0.1000000E+01
         1   308      8  0.2791861E-03  0.0000000E+00  0.1000000E+01
         1   308      9  0.3141232E-03  0.0000000E+00  0.1000000E+01
         1   308     10 -0.2998226E-02  0.0000000E+00  0.9999955E+00

         1   309      0  0.0000000E+00  0.0000000E+00  0.0000000E+00
         1   309      1  0.5116241E-06  0.0000000E+00  0.1000000E+01
         1   309      2  0.7004428E-04  0.0000000E+00  0.1000000E+01
         1   309      3  0.1048444E-03  0.0000000E+00  0.1000000E+01
         1   309      4  0.1396672E-03  0.0000000E+00  0.1000000E+01
         1   309      5  0.1745126E-03  0.0000000E+00  0.1000000E+01
         1   309      6  0.2093809E-03  0.0000000E+00  0.1000000E+01
         1   309      7  0.2442720E-03  0.0000000E+00  0.1000000E+01
         1   309      8  0.2791861E-03  0.0000000E+00  0.1000000E+01
         1   309      9  0.3141232E-03  0.0000000E+00  0.1000000E+01
         1   309     10 -0.2998226E-02  0.0000000E+00  0.9999955E+00

         1   310      0  0.0000000E+00  0.0000000E+00  0.0000000E+00
         1   310      1  0.5116241E-06  0.0000000E+00  0.1000000E+01
         1   310      2  0.7004428E-04  0.0000000E+00  0.1000000E+01
         1   310      3  0.1048444E-03  0.0000000E+00  0.1000000E+01
         1   310      4  0.1396672E-03  0.0000000E+00  0.1000000E+01
         1   310      5  0.1745126E-03  0.0000000E+00  0.1000000E+01
         1   310      6  0.2093809E-03  0.0000000E+00  0.1000000E+01
         1   310      7  0.2442720E-03  0.0000000E+00  0.1000000E+01
         1   310      8  0.2791861E-03  0.0000000E+00  0.1000000E+01
         1   310      9  0.3141232E-03  0.0000000E+00  0.1000000E+01
         1   310     10 -0.2998226E-02  0.0000000E+00  0.9999955E+00

         1   311      0  0.0000000E+00  0.0000000E+00  0.0000000E+00
         1   311      1  0.5292663E-06  0.0000000E+00  0.1000000E+01
         1   311      2  0.7015386E-04  0.0000000E+00  0.1000000E+01
         1   311      3  0.1049999E-03  0.0000000E+00  0.1000000E+01
         1   311      4  0.1398687E-03  0.0000000E+00  0.1000000E+01
         1   311      5  0.1747601E-03  0.0000000E+00  0.1000000E+01
         1   311      6  0.2096744E-03  0.0000000E+00  0.1000000E+01
         1   311      7  0.2446115E-03  0.0000000E+00  0.1000000E+01
         1   311      8  0.2795716E-03  0.0000000E+00  0.1000000E+01
         1   311      9  0.3145547E-03  0.0000000E+00  0.1000000E+01
         1   311     10 -0.2995461E-02  0.0000000E+00  0.9999955E+00

         1   312      0  0.0000000E+00  0.0000000E+00  0.0000000E+00
         1   312      1  0.5292663E-06  0.0000000E+00  0.1000000E+01
         1   312      2  0.7015386E-04  0.0000000E+00  0.1000000E+01
         1   312      3  0.1049999E-03  0.0000000E+00  0.1000000E+01
         1   312      4  0.1398687E-03  0.0000000E+00  0.1000000E+01
         1   312      5  0.1747601E-03  0.0000000E+00  0.1000000E+01
         1   312      6  0.2096744E-03  0.0000000E+00  0.1000000E+01
         1   312      7  0.2446115E-03  0.0000000E+00  0.1000000E+01
         1   312      8  0.2795716E-03  0.0000000E+00  0.1000000E+01
         1   312      9  0.3145547E-03  0.0000000E+00  0.1000000E+01
         1   312     10 -0.2995461E-02  0.0000000E+00  0.9999955E+00

         1   313      0  0.0000000E+00  0.0000000E+00  0.0000000E+00
         1   313      1  0.5292663E-06  0.0000000E+00  0.1000000E+01
         1   313      2  0.7015386E-04  0.0000000E+00  0.1000000E+01
         1   313      3  0.1049999E-03  0.0000000E+00  0.1000000E+01
         1   313      4  0.1398687E-03  0.0000000E+00  0.1000000E+01
         1   313      5  0.1747601E-03  0.0000000E+00  0.1000000E+01
         1   313      6  0.2096744E-03  0.0000000E+00  0.1000000E+01
         1   313      7  0.2446115E-03  0.0000000E+00  0.1000000E+01
         1   313      8  0.2795716E-03  0.0000000E+00  0.1000000E+01
         1   313      9  0.3145547E-03  0.0000000E+00  0.1000000E+01
         1   313     10 -0.2995461E-02  0.0000000E+00  0.9999955E+00

         1   314      0  0.0000000E+00  0.0000000E+00  0.0000000E+00
         1   314      1  0.5292663E-06  0.0000000E+00  0.1000000E+01
         1   314      2  0.7015386E-04  0.0000000E+00  0.1000000E+01
         1   314      3  0.1049999E-03  0.0000000E+00  0.1000000E+01
         1   314      4  0.1398687E-03  0.0000000E+00  0.1000000E+01
         1   314      5  0.1747601E-03  0.0000000E+00  0.1000000E+01
         1   314      6  0.2096744E-03  0.0000000E+00  0.1000000E+01
         1   314      7  0.2446115E-03  0.0000000E+00  0.1000000E+01
         1   314      8  0.2795716E-03  0.0000000E+00  0.1000000E+01
         1   314      9  0.3145547E-03  0.0000000E+00  0.1000000E+01
         1   314     10 -0.2995461E-02  0.0000000E+00  0.9999955E+00

         1   315      0  0.0000000E+00  0.0000000E+00  0.0000000E+00
         1   315      1  0.5292663E-06  0.0000000E+00  0.1000000E+01
         1   315      2  0.3546392E-04  0.0000000E+00  0.1000000E+01
         1   315      3  0.5296263E-04  0.0000000E+00  0.1000000E+01
         1   315      4  0.7048239E-04  0.0000000E+00  0.1000000E+01
         1   315      5  0.8802330E-04  0.0000000E+00  0.1000000E+01
         1   315      6  0.1055855E-03  0.0000000E+00  0.1000000E+01
         1   315      7  0.1231690E-03  0.0000000E+00  0.1000000E+01
         1   315      8  0.1407739E-03  0.0000000E+00  0.1000000E+01
         1   315      9  0.1584004E-03  0.0000000E+00  0.1000000E+01
         1   315     10 -0.2996837E-02  0.0000000E+00  0.9999955E+00

         1   316      0  0.0000000E+00  0.0000000E+00  0.0000000E+00
         1   316      1  0.5292663E-06  0.0000000E+00  0.1000000E+01
         1   316      2 -0.2974649E-05  0.0000000E+00  0.1000000E+01
         1   316      3 -0.4698199E-05  0.0000000E+00  0.1000000E+01
         1   316      4 -0.6402650E-05  0.0000000E+00  0.1000000E+01
         1   316      5 -0.8087878E-05  0.0000000E+00  0.1000000E+01
         1   316      6 -0.9753762E-05  0.0000000E+00  0.1000000E+01
         1   316      7 -0.1140018E-04  0.0000000E+00  0.1000000E+01
         1   316      8 -0.1302701E-04  0.0000000E+00  0.1000000E+01
         1   316      9 -0.1463412E-04  0.0000000E+00  0.1000000E+01
         1   316     10 -0.2998443E-02  0.0000000E+00  0.9999955E+00

         1   317      0  0.0000000E+00  0.0000000E+00  0.0000000E+00
         1   317      1  0.5292663E-06  0.0000000E+00  0.1000000E+01
         1   317      2 -0.2974649E-05  0.0000000E+00  0.1000000E+01
         1   317      3 -0.4698199E-05  0.0000000E+00  0.1000000E+01
         1   317      4 -0.6402650E-05  0.0000000E+00  0.1000000E+01
         1   317      5 -0.8087878E-05  0.0000000E+00  0.1000000E+01
         1   317      6 -0.9753762E-05  0.0000000E+00  0.1000000E+01
         1   317      7 -0.1140018E-04  0.0000000E+00  0.1000000E+01
         1   317      8 -0.1302701E-04  0.0000000E+00  0.1000000E+01
         1   317      9 -0.1463412E-04  0.0000000E+00  0.1000000E+01
         1   317     10 -0.2998443E-02  0.0000000E+00  0.9999955E+00

         1   318      0  0.0000000E+00  0.0000000E+00  0.0000000E+00
         1   318      1  0.5292663E-06  0.0000000E+00  0.1000000E+01
         1   318      2 -0.2974649E-05  0.0000000E+00  0.1000000E+01
         1   318      3 -0.4698199E-05  0.0000000E+00  0.1000000E+01
         1   318      4 -0.6402650E-05  0.0000000E+00  0.1000000E+01
         1   318      5 -0.8087878E-05  0.0000000E+00  0.1000000E+01
         1   318      6 -0.9753762E-05  0.0000000E+00  0.1000000E+01
         1   318      7 -0.1140018E-04  0.0000000E+00  0.1000000E+01
         1   318      8 -0.1302701E-04  0.0000000E+00  0.1000000E+01
         1   318      9 -0.1463412E-04  0.0000000E+00  0.1000000E+01
         1   318     10 -0.2998443E-02  0.0000000E+00  0.9999955E+00

         1   319      0  0.0000000E+00  0.0000000E+00  0.0000000E+00
         1   319      1  0.5292663E-06  0.0000000E+00  0.1000000E+01
         1   319      2 -0.2974649E-05  0.0000000E+00  0.1000000E+01
         1   319      3 -0.4698199E-05  0.0000000E+00  0.1000000E+01
         1   319      4 -0.6402650E-05  0.0000000E+00  0.1000000E+01
         1   319      5 -0.8087878E-05  0.0000000E+00  0.1000000E+01
         1   319      6 -0.9753762E-05  0.0000000E+00  0.1000000E+01
         1   319      7 -0.1140018E-04  0.0000000E+00  0.1000000E+01
         1   319      8 -0.1302701E-04  0.0000000E+00  0.1000000E+01
         1   319      9 -0.1463412E-04  0.0000000E+00  0.1000000E+01
         1   319     10 -0.2998443E-02  0.0000000E+00  0.9999955E+00

         1   320      0  0.0000000E+00  0.0000000E+00  0.0000000E+00
         1   320      1  0.5292663E-06  0.0000000E+00  0.1000000E+01
         1   320      2 -0.2974649E-05  0.0000000E+00  0.1000000E+01
         1   320      3 -0.4698199E-05  0.0000000E+00  0.1000000E+01
         1   320      4 -0.6402650E-05  0.0000000E+00  0.1000000E+01
         1   320      5 -0.8087878E-05  0.0000000E+00  0.1000000E+01
         1   320      6 -0.9753762E-05  0.0000000E+00  0.1000000E+01
         1   320      7 -0.1140018E-04  0.0000000E+00  0.1000000E+01
         1   320      8 -0.1302701E-04  0.0000000E+00  0.1000000E+01
         1   320      9 -0.1463412E-04  0.0000000E+00  0.1000000E+01
         1   320     10 -0.2998443E-02  0.0000000E+00  0.9999955E+00

         1   321      0  0.0000000E+00  0.0000000E+00  0.0000000E+00
         1   321      1  0.5292663E-06  0.0000000E+00  0.1000000E+01
         1   321      2 -0.2974649E-05  0.0000000E+00  0.1000000E+01
         1   321      3 -0.4698199E-05  0.0000000E+00  0.1000000E+01
         1   321      4 -0.6402650E-05  0.0000000E+00  0.1000000E+01
         1   321      5 -0.8087878E-05  0.0000000E+00  0.1000000E+01
         1   321      6 -0.9753762E-05  0.0000000E+00  0.1000000E+01
         1   321      7 -0.1140018E-04  0.0000000E+00  0.1000000E+01
         1   321      8 -0.1302701E-04  0.0000000E+00  0.1000000E+01
         1   321      9 -0.1463412E-04  0.0000000E+00  0.1000000E+01
         1   321     10 -0.2998443E-02  0.0000000E+00  0.9999955E+00

         1   322      0  0.0000000E+00  0.0000000E+00  0.0000000E+00
         1   322      1  0.5292663E-06  0.0000000E+00  0.1000000E+01
         1   322      2 -0.2974649E-05  0.0000000E+00  0.1000000E+01
         1   322      3 -0.4698199E-05  0.0000000E+00  0.1000000E+01
         1   322      4 -0.6402650E-05  0.0000000E+00  0.1000000E+01
         1   322      5 -0.8087878E-05  0.0000000E+00  0.1000000E+01
         1   322      6 -0.9753762E-05  0.0000000E+00  0.1000000E+01
         1   322      7 -0.1140018E-04  0.0000000E+00  0.1000000E+01
         1   322      8 -0.1302701E-04  0.0000000E+00  0.1000000E+01
         1   322      9 -0.1463412E-04  0.0000000E+00  0.1000000E+01
         1   322     10 -0.2998443E-02  0.0000000E+00  0.9999955E+00

         1   323      0  0.0000000E+00  0.0000000E+00  0.0000000E+00
         1   323      1  0.5292663E-06  0.0000000E+00  0.1000000E+01
         1   323      2 -0.2974649E-05  0.0000000E+00  0.1000000E+01
         1   323      3 -0.4698199E-05  0.0000000E+00  0.1000000E+01
         1   323      4 -0.6402650E-05  0.0000000E+00  0.1000000E+01
         1   323      5 -0.8087878E-05  0.0000000E+00  0.1000000E+01
         1   323      6 -0.9753762E-05  0.0000000E+00  0.1000000E+01
         1   323      7 -0.1140018E-04  0.0000000E+00  0.1000000E+01
         1   323      8 -0.1302701E-04  0.0000000E+00  0.1000000E+01
         1   323      9 -0.1463412E-04  0.0000000E+00  0.1000000E+01
         1   323     10 -0.2998443E-02  0.0000000E+00  0.9999955E+00

         1   324      0  0.0000000E+00  0.0000000E+00  0.0000000E+00
         1   324      1  0.5292663E-06  0.0000000E+00  0.1000000E+01
         1   324      2  0.4142796E-04  0.0000000E+00  0.1000000E+01
         1   324      3  0.6191360E-04  0.0000000E+00  0.1000000E+01
         1   324      4  0.8242347E-04  0.0000000E+00  0.1000000E+01
         1   324      5  0.1029576E-03  0.0000000E+00  0.1000000E+01
         1   324      6  0.1235160E-03  0.0000000E+00  0.1000000E+01
         1   324      7  0.1440986E-03  0.0000000E+00  0.1000000E+01
         1   324      8  0.1647056E-03  0.0000000E+00  0.1000000E+01
         1   324      9  0.1853369E-03  0.0000000E+00  0.1000000E+01
         1   324     10 -0.2995373E-02  0.0000000E+00  0.9999955E+00

         1   325      0  0.0000000E+00  0.0000000E+00  0.0000000E+00
         1   325      1  0.5292663E-06  0.0000000E+00  0.1000000E+01
         1   325      2  0.8390620E-04  0.0000000E+00  0.1000000E+01
         1   325      3  0.1256388E-03  0.0000000E+00  0.1000000E+01
         1   325      4  0.1674008E-03  0.0000000E+00  0.1000000E+01
         1   325      5  0.2091920E-03  0.0000000E+00  0.1000000E+01
         1   325      6  0.2510124E-03  0.0000000E+00  0.1000000E+01
         1   325      7  0.2928619E-03  0.0000000E+00  0.1000000E+01
         1   325      8  0.3347404E-03  0.0000000E+00  0.9999999E+00
         1   325      9  0.3766479E-03  0.0000000E+00  0.9999999E+00
         1   325     10 -0.2992346E-02  0.0000000E+00  0.9999955E+00

         1   326      0  0.0000000E+00  0.0000000E+00  0.0000000E+00
         1   326      1  0.5292663E-06  0.0000000E+00  0.1000000E+01
         1   326      2  0.8390620E-04  0.0000000E+00  0.1000000E+01
         1   326      3  0.1256388E-03  0.0000000E+00  0.1000000E+01
         1   326      4  0.1674008E-03  0.0000000E+00  0.1000000E+01
         1   326      5  0.2091920E-03  0.0000000E+00  0.1000000E+01
         1   326      6  0.2510124E-03  0.0000000E+00  0.1000000E+01
         1   326      7  0.2928619E-03  0.0000000E+00  0.1000000E+01
         1   326      8  0.3347404E-03  0.0000000E+00  0.9999999E+00
         1   326      9  0.3766479E-03  0.0000000E+00  0.9999999E+00
         1   326     10 -0.2992346E-02  0.0000000E+00  0.9999955E+00

         1   327      0  0.0000000E+00  0.0000000E+00  0.0000000E+00
         1   327      1  0.5292663E-06  0.0000000E+00  0.1000000E+01
         1   327      2  0.8390620E-04  0.0000000E+00  0.1000000E+01
         1   327      3  0.1256388E-03  0.0000000E+00  0.1000000E+01
         1   327      4  0.1674008E-03  0.0000000E+00  0.1000000E+01
         1   327      5  0.2091920E-03  0.0000000E+00  0.1000000E+01
         1   327      6  0.2510124E-03  0.0000000E+00  0.1000000E+01
         1   327      7  0.2928619E-03  0.0000000E+00  0.1000000E+01
         1   327      8  0.3347404E-03  0.0000000E+00  0.9999999E+00
         1   327      9  0.3766479E-03  0.0000000E+00  0.9999999E+00
         1   327     10 -0.2992346E-02  0.0000000E+00  0.9999955E+00

         1   328      0  0.0000000E+00  0.0000000E+00  0.0000000E+00
         1   328      1  0.5292663E-06  0.0000000E+00  0.1000000E+01
         1   328      2  0.8390620E-04  0.0000000E+00  0.1000000E+01
         1   328      3  0.1256388E-03  0.0000000E+00  0.1000000E+01
         1   328      4  0.1674008E-03  0.0000000E+00  0.1000000E+01
         1   328      5  0.2091920E-03  0.0000000E+00  0.1000000E+01
         1   328      6  0.2510124E-03  0.0000000E+00  0.1000000E+01
         1   328      7  0.2928619E-03  0.0000000E+00  0.1000000E+01
         1   328      8  0.3347404E-03  0.0000000E+00  0.9999999E+00
         1   328      9  0.3766479E-03  0.0000000E+00  0.9999999E+00
         1   328     10 -0.2992346E-02  0.0000000E+00  0.9999955E+00

         1   329      0  0.0000000E+00  0.0000000E+00  0.0000000E+00
         1   329      1  0.5292663E-06  0.0000000E+00  0.1000000E+01
         1   329      2  0.8390620E-04  0.0000000E+00  0.1000000E+01
         1   329      3  0.1256388E-03  0.0000000E+00  0.1000000E+01
         1   329      4  0.1674008E-03  0.0000000E+00  0.1000000E+01
         1   329      5  0.2091920E-03  0.0000000E+00  0.1000000E+01
         1   329      6  0.2510124E-03  0.0000000E+00  0.1000000E+01
         1   329      7  0.2928619E-03  0.0000000E+00  0.1000000E+01
         1   329      8  0.3347404E-03  0.0000000E+00  0.9999999E+00
         1   329      9  0.3766479E-03  0.0000000E+00  0.9999999E+00
         1   329     10 -0.2992346E-02  0.0000000E+00  0.9999955E+00

         1   330      0  0.0000000E+00  0.0000000E+00  0.0000000E+00
         1   330      1  0.5292663E-06  0.0000000E+00  0.1000000E+01
         1   330      2  0.8390620E-04  0.0000000E+00  0.1000000E+01
         1   330      3  0.1256388E-03  0.0000000E+00  0.1000000E+01
         1   330      4  0.1674008E-03  0.0000000E+00  0.1000000E+01
         1   330      5  0.2091920E-03  0.0000000E+00  0.1000000E+01
         1   330      6  0.2510124E-03  0.0000000E+00  0.1000000E+01
         1   330      7  0.2928619E-03  0.0000000E+00  0.1000000E+01
         1   330      8  0.3347404E-03  0.0000000E+00  0.9999999E+00
         1   330      9  0.3766479E-03  0.0000000E+00  0.9999999E+00
         1   330     10 -0.2992346E-02  0.0000000E+00  0.9999955E+00

         1   331      0  0.0000000E+00  0.0000000E+00  0.0000000E+00
         1   331      1  0.5292663E-06  0.0000000E+00  0.1000000E+01
         1   331      2  0.8390620E-04  0.0000000E+00  0.1000000E+01
         1   331      3  0.1256388E-03  0.0000000E+00  0.1000000E+01
         1   331      4  0.1674008E-03  0.0000000E+00  0.1000000E+01
         1   331      5  0.2091920E-03  0.0000000E+00  0.1000000E+01
         1   331      6  0.2510124E-03  0.0000000E+00  0.1000000E+01
         1   331      7  0.2928619E-03  0.0000000E+00  0.1000000E+01
         1   331      8  0.3347404E-03  0.0000000E+00  0.9999999E+00
         1   331      9  0.3766479E-03  0.0000000E+00  0.9999999E+00
         1   331     10 -0.2992346E-02  0.0000000E+00  0.9999955E+00

         1   332      0  0.0000000E+00  0.0000000E+00  0.0000000E+00
         1   332      1  0.5292663E-06  0.0000000E+00  0.1000000E+01
         1   332      2  0.8390620E-04  0.0000000E+00  0.1000000E+01
         1   332      3  0.1256388E-03  0.0000000E+00  0.1000000E+01
         1   332      4  0.1674008E-03  0.0000000E+00  0.1000000E+01
         1   332      5  0.2091920E-03  0.0000000E+00  0.1000000E+01
         1   332      6  0.2510124E-03  0.0000000E+00  0.1000000E+01
         1   332      7  0.2928619E-03  0.0000000E+00  0.1000000E+01
         1   332      8  0.3347404E-03  0.0000000E+00  0.9999999E+00
         1   332      9  0.3766479E-03  0.0000000E+00  0.9999999E+00
         1   332     10 -0.2992346E-02  0.0000000E+00  0.9999955E+00

         1   333      0  0.0000000E+00  0.0000000E+00  0.0000000E+00
         1   333      1  0.5292663E-06  0.0000000E+00  0.1000000E+01
         1   333      2  0.9140413E-04  0.0000000E+00  0.1000000E+01
         1   333      3  0.1368831E-03  0.0000000E+00  0.1000000E+01
         1   333      4  0.1823897E-03  0.0000000E+00  0.1000000E+01
         1   333      5  0.2279239E-03  0.0000000E+00  0.1000000E+01
         1   333      6  0.2734857E-03  0.0000000E+00  0.1000000E+01
         1   333      7  0.3190750E-03  0.0000000E+00  0.9999999E+00
         1   333      8  0.3646919E-03  0.0000000E+00  0.9999999E+00
         1   333      9  0.4103362E-03  0.0000000E+00  0.9999999E+00
         1   333     10 -0.2992914E-02  0.0000000E+00  0.9999955E+00

         1   334      0  0.0000000E+00  0.0000000E+00  0.0000000E+00
         1   334      1  0.5292663E-06  0.0000000E+00  0.1000000E+01
         1   334      2  0.1012785E-03  0.0000000E+00  0.1000000E+01
         1   334      3  0.1516926E-03  0.0000000E+00  0.1000000E+01
         1   334      4  0.2021329E-03  0.0000000E+00  0.1000000E+01
         1   334      5  0.2525996E-03  0.0000000E+00  0.1000000E+01
         1   334      6  0.3030926E-03  0.0000000E+00  0.1000000E+01
         1   334      7  0.3536120E-03  0.0000000E+00  0.9999999E+00
         1   334      8  0.4041577E-03  0.0000000E+00  0.9999999E+00
         1   334      9  0.4547297E-03  0.0000000E+00  0.9999999E+00
         1   334     10 -0.2993282E-02  0.0000000E+00  0.9999955E+00

         1   335      0  0.0000000E+00  0.0000000E+00  0.0000000E+00
         1   335      1  0.5292663E-06  0.0000000E+00  0.1000000E+01
         1   335      2  0.1012785E-03  0.0000000E+00  0.1000000E+01
         1   335      3  0.1516926E-03  0.0000000E+00  0.1000000E+01
         1   335      4  0.2021329E-03  0.0000000E+00  0.1000000E+01
         1   335      5  0.2525996E-03  0.0000000E+00  0.1000000E+01
         1   335      6  0.3030926E-03  0.0000000E+00  0.1000000E+01
         1   335      7  0.3536120E-03  0.0000000E+00  0.9999999E+00
         1   335      8  0.4041577E-03  0.0000000E+00  0.9999999E+00
         1   335      9  0.4547297E-03  0.0000000E+00  0.9999999E+00
         1   335     10 -0.2993282E-02  0.0000000E+00  0.9999955E+00

         1   336      0  0.0000000E+00  0.0000000E+00  0.0000000E+00
         1   336      1  0.5292663E-06  0.0000000E+00  0.1000000E+01
         1   336      2  0.1012785E-03  0.0000000E+00  0.1000000E+01
         1   336      3  0.1516926E-03  0.0000000E+00  0.1000000E+01
         1   336      4  0.2021329E-03  0.0000000E+00  0.1000000E+01
         1   336      5  0.2525996E-03  0.0000000E+00  0.1000000E+01
         1   336      6  0.3030926E-03  0.0000000E+00  0.1000000E+01
         1   336      7  0.3536120E-03  0.0000000E+00  0.9999999E+00
         1   336      8  0.4041577E-03  0.0000000E+00  0.9999999E+00
         1   336      9  0.4547297E-03  0.0000000E+00  0.9999999E+00
         1   336     10 -0.2993282E-02  0.0000000E+00  0.9999955E+00

         1   337      0  0.0000000E+00  0.0000000E+00  0.0000000E+00
         1   337      1  0.5292663E-06  0.0000000E+00  0.1000000E+01
         1   337      2  0.1012785E-03  0.0000000E+00  0.1000000E+01
         1   337      3  0.1516926E-03  0.0000000E+00  0.1000000E+01
         1   337      4  0.2021329E-03  0.0000000E+00  0.1000000E+01
         1   337      5  0.2525996E-03  0.0000000E+00  0.1000000E+01
         1   337      6  0.3030926E-03  0.0000000E+00  0.1000000E+01
         1   337      7  0.3536120E-03  0.0000000E+00  0.9999999E+00
         1   337      8  0.4041577E-03  0.0000000E+00  0.9999999E+00
         1   337      9  0.4547297E-03  0.0000000E+00  0.9999999E+00
         1   337     10 -0.2993282E-02  0.0000000E+00  0.9999955E+00

         1   338      0  0.0000000E+00  0.0000000E+00  0.0000000E+00
         1   338      1  0.5469085E-06  0.0000000E+00  0.1000000E+01
         1   338      2  0.1012351E-03  0.0000000E+00  0.1000000E+01
         1   338      3  0.1516187E-03  0.0000000E+00  0.1000000E+01
         1   338      4  0.2020286E-03  0.0000000E+00  0.1000000E+01
         1   338      5  0.2524648E-03  0.0000000E+00  0.1000000E+01
         1   338      6  0.3029273E-03  0.0000000E+00  0.1000000E+01
         1   338      7  0.3534162E-03  0.0000000E+00  0.9999999E+00
         1   338      8  0.4039313E-03  0.0000000E+00  0.9999999E+00
         1   338      9  0.4544729E-03  0.0000000E+00  0.9999999E+00
         1   338     10 -0.2990521E-02  0.0000000E+00  0.9999955E+00

         1   339      0  0.0000000E+00  0.0000000E+00  0.0000000E+00
         1   339      1  0.5469085E-06  0.0000000E+00  0.1000000E+01
         1   339      2  0.1012351E-03  0.0000000E+00  0.1000000E+01
         1   339      3  0.1516187E-03  0.0000000E+00  0.1000000E+01
         1   339      4  0.2020286E-03  0.0000000E+00  0.1000000E+01
         1   339      5  0.2524648E-03  0.0000000E+00  0.1000000E+01
         1   339      6  0.3029273E-03  0.0000000E+00  0.1000000E+01
         1   339      7  0.3534162E-03  0.0000000E+00  0.9999999E+00
         1   339      8  0.4039313E-03  0.0000000E+00  0.9999999E+00
         1   339      9  0.4544729E-03  0.0000000E+00  0.9999999E+00
         1   339     10 -0.2990521E-02  0.0000000E+00  0.9999955E+00

         1   340      0  0.0000000E+00  0.0000000E+00  0.0000000E+00
         1   340      1  0.5469085E-06  0.0000000E+00  0.1000000E+01
         1   340      2  0.1012351E-03  0.0000000E+00  0.1000000E+01
         1   340      3  0.1516187E-03  0.0000000E+00  0.1000000E+01
         1   340      4  0.2020286E-03  0.0000000E+00  0.1000000E+01
         1   340      5  0.2524648E-03  0.0000000E+00  0.1000000E+01
         1   340      6  0.3029273E-03  0.0000000E+00  0.1000000E+01
         1   340      7  0.3534162E-03  0.0000000E+00  0.9999999E+00
         1   340      8  0.4039313E-03  0.0000000E+00  0.9999999E+00
         1   340      9  0.4544729E-03  0.0000000E+00  0.9999999E+00
         1   340     10 -0.2990521E-02  0.0000000E+00  0.9999955E+00

         1   341      0  0.0000000E+00  0.0000000E+00  0.0000000E+00
         1   341      1  0.5469085E-06  0.0000000E+00  0.1000000E+01
         1   341      2  0.1012351E-03  0.0000000E+00  0.1000000E+01
         1   341      3  0.1516187E-03  0.0000000E+00  0.1000000E+01
         1   341      4  0.2020286E-03  0.0000000E+00  0.1000000E+01
         1   341      5  0.2524648E-03  0.0000000E+00  0.1000000E+01
         1   341      6  0.3029273E-03  0.0000000E+00  0.1000000E+01
         1   341      7  0.3534162E-03  0.0000000E+00  0.9999999E+00
         1   341      8  0.4039313E-03  0.0000000E+00  0.9999999E+00
         1   341      9  0.4544729E-03  0.0000000E+00  0.9999999E+00
         1   341     10 -0.2990521E-02  0.0000000E+00  0.9999955E+00

         1   342      0  0.0000000E+00  0.0000000E+00  0.0000000E+00
         1   342      1  0.5469085E-06  0.0000000E+00  0.1000000E+01
         1   342      2  0.3864068E-04  0.0000000E+00  0.1000000E+01
         1   342      3  0.5772700E-04  0.0000000E+00  0.1000000E+01
         1   342      4  0.7683956E-04  0.0000000E+00  0.1000000E+01
         1   342      5  0.9597832E-04  0.0000000E+00  0.1000000E+01
         1   342      6  0.1151432E-03  0.0000000E+00  0.1000000E+01
         1   342      7  0.1343343E-03  0.0000000E+00  0.1000000E+01
         1   342      8  0.1535514E-03  0.0000000E+00  0.1000000E+01
         1   342      9  0.1727945E-03  0.0000000E+00  0.1000000E+01
         1   342     10 -0.3021433E-02  0.0000000E+00  0.9999954E+00

         1   343      0  0.0000000E+00  0.0000000E+00  0.0000000E+00
         1   343      1  0.5469085E-06  0.0000000E+00  0.1000000E+01
         1   343      2 -0.2538774E-04  0.0000000E+00  0.1000000E+01
         1   343      3 -0.3831574E-04  0.0000000E+00  0.1000000E+01
         1   343      4 -0.5121764E-04  0.0000000E+00  0.1000000E+01
         1   343      5 -0.6409353E-04  0.0000000E+00  0.1000000E+01
         1   343      6 -0.7694349E-04  0.0000000E+00  0.1000000E+01
         1   343      7 -0.8976761E-04  0.0000000E+00  0.1000000E+01
         1   343      8 -0.1025660E-03  0.0000000E+00  0.1000000E+01
         1   343      9 -0.1153387E-03  0.0000000E+00  0.1000000E+01
         1   343     10 -0.3055815E-02  0.0000000E+00  0.9999953E+00

         1   344      0  0.0000000E+00  0.0000000E+00  0.0000000E+00
         1   344      1  0.5469085E-06  0.0000000E+00  0.1000000E+01
         1   344      2 -0.2538774E-04  0.0000000E+00  0.1000000E+01
         1   344      3 -0.3831574E-04  0.0000000E+00  0.1000000E+01
         1   344      4 -0.5121764E-04  0.0000000E+00  0.1000000E+01
         1   344      5 -0.6409353E-04  0.0000000E+00  0.1000000E+01
         1   344      6 -0.7694349E-04  0.0000000E+00  0.1000000E+01
         1   344      7 -0.8976761E-04  0.0000000E+00  0.1000000E+01
         1   344      8 -0.1025660E-03  0.0000000E+00  0.1000000E+01
         1   344      9 -0.1153387E-03  0.0000000E+00  0.1000000E+01
         1   344     10 -0.3055815E-02  0.0000000E+00  0.9999953E+00

         1   345      0  0.0000000E+00  0.0000000E+00  0.0000000E+00
         1   345      1  0.5469085E-06  0.0000000E+00  0.1000000E+01
         1   345      2 -0.2538774E-04  0.0000000E+00  0.1000000E+01
         1   345      3 -0.3831574E-04  0.0000000E+00  0.1000000E+01
         1   345      4 -0.5121764E-04  0.0000000E+00  0.1000000E+01
         1   345      5 -0.6409353E-04  0.0000000E+00  0.1000000E+01
         1   345      6 -0.7694349E-04  0.0000000E+00  0.1000000E+01
         1   345      7 -0.8976761E-04  0.0000000E+00  0.1000000E+01
         1   345      8 -0.1025660E-03  0.0000000E+00  0.1000000E+01
         1   345      9 -0.1153387E-03  0.0000000E+00  0.1000000E+01
         1   345     10 -0.3055815E-02  0.0000000E+00  0.9999953E+00

         1   346      0  0.0000000E+00  0.0000000E+00  0.0000000E+00
         1   346      1  0.5469085E-06  0.0000000E+00  0.1000000E+01
         1   346      2 -0.2538774E-04  0.0000000E+00  0.1000000E+01
         1   346      3 -0.3831574E-04  0.0000000E+00  0.1000000E+01
         1   346      4 -0.5121764E-04  0.0000000E+00  0.1000000E+01
         1   346      5 -0.6409353E-04  0.0000000E+00  0.1000000E+01
         1   346      6 -0.7694349E-04  0.0000000E+00  0.1000000E+01
         1   346      7 -0.8976761E-04  0.0000000E+00  0.1000000E+01
         1   346      8 -0.1025660E-03  0.0000000E+00  0.1000000E+01
         1   346      9 -0.1153387E-03  0.0000000E+00  0.1000000E+01
         1   346     10 -0.3055815E-02  0.0000000E+00  0.9999953E+00

         1   347      0  0.0000000E+00  0.0000000E+00  0.0000000E+00
         1   347      1  0.5645507E-06  0.0000000E+00  0.1000000E+01
         1   347      2 -0.2546348E-04  0.0000000E+00  0.1000000E+01
         1   347      3 -0.3843817E-04  0.0000000E+00  0.1000000E+01
         1   347      4 -0.5138676E-04  0.0000000E+00  0.1000000E+01
         1   347      5 -0.6430934E-04  0.0000000E+00  0.1000000E+01
         1   347      6 -0.7720599E-04  0.0000000E+00  0.1000000E+01
         1   347      7 -0.9007681E-04  0.0000000E+00  0.1000000E+01
         1   347      8 -0.1029219E-03  0.0000000E+00  0.1000000E+01
         1   347      9 -0.1157413E-03  0.0000000E+00  0.1000000E+01
         1   347     10 -0.3053131E-02  0.0000000E+00  0.9999953E+00

         1   348      0  0.0000000E+00  0.0000000E+00  0.0000000E+00
         1   348      1  0.5645507E-06  0.0000000E+00  0.1000000E+01
         1   348      2 -0.2546348E-04  0.0000000E+00  0.1000000E+01
         1   348      3 -0.3843817E-04  0.0000000E+00  0.1000000E+01
         1   348      4 -0.5138676E-04  0.0000000E+00  0.1000000E+01
         1   348      5 -0.6430934E-04  0.0000000E+00  0.1000000E+01
         1   348      6 -0.7720599E-04  0.0000000E+00  0.1000000E+01
         1   348      7 -0.9007681E-04  0.0000000E+00  0.1000000E+01
         1   348      8 -0.1029219E-03  0.0000000E+00  0.1000000E+01
         1   348      9 -0.1157413E-03  0.0000000E+00  0.1000000E+01
         1   348     10 -0.3053131E-02  0.0000000E+00  0.9999953E+00

         1   349      0  0.0000000E+00  0.0000000E+00  0.0000000E+00
         1   349      1  0.5645507E-06  0.0000000E+00  0.1000000E+01
         1   349      2 -0.2546348E-04  0.0000000E+00  0.1000000E+01
         1   349      3 -0.3843817E-04  0.0000000E+00  0.1000000E+01
         1   349      4 -0.5138676E-04  0.0000000E+00  0.1000000E+01
         1   349      5 -0.6430934E-04  0.0000000E+00  0.1000000E+01
         1   349      6 -0.7720599E-04  0.0000000E+00  0.1000000E+01
         1   349      7 -0.9007681E-04  0.0000000E+00  0.1000000E+01
         1   349      8 -0.1029219E-03  0.0000000E+00  0.1000000E+01
         1   349      9 -0.1157413E-03  0.0000000E+00  0.1000000E+01
         1   349     10 -0.3053131E-02  0.0000000E+00  0.9999953E+00

         1   350      0  0.0000000E+00  0.0000000E+00  0.0000000E+00
         1   350      1  0.5645507E-06  0.0000000E+00  0.1000000E+01
         1   350      2 -0.2546348E-04  0.0000000E+00  0.1000000E+01
         1   350      3 -0.3843817E-04  0.0000000E+00  0.1000000E+01
         1   350      4 -0.5138676E-04  0.0000000E+00  0.1000000E+01
         1   350      5 -0.6430934E-04  0.0000000E+00  0.1000000E+01
         1   350      6 -0.7720599E-04  0.0000000E+00  0.1000000E+01
         1   350      7 -0.9007681E-04  0.0000000E+00  0.1000000E+01
         1   350      8 -0.1029219E-03  0.0000000E+00  0.1000000E+01
         1   350      9 -0.1157413E-03  0.0000000E+00  0.1000000E+01
         1   350     10 -0.3053131E-02  0.0000000E+00  0.9999953E+00

         1   351      0  0.0000000E+00  0.0000000E+00  0.0000000E+00
         1   351      1  0.5645507E-06  0.0000000E+00  0.1000000E+01
         1   351      2  0.1901046E-04  0.0000000E+00  0.1000000E+01
         1   351      3  0.2827369E-04  0.0000000E+00  0.1000000E+01
         1   351      4  0.3756366E-04  0.0000000E+00  0.1000000E+01
         1   351      5  0.4688027E-04  0.0000000E+00  0.1000000E+01
         1   351      6  0.5622344E-04  0.0000000E+00  0.1000000E+01
         1   351      7  0.6559309E-04  0.0000000E+00  0.1000000E+01
         1   351      8  0.7498911E-04  0.0000000E+00  0.1000000E+01
         1   351      9  0.8441142E-04  0.0000000E+00  0.1000000E+01
         1   351     10 -0.2969794E-02  0.0000000E+00  0.9999956E+00

         1   352      0  0.0000000E+00  0.0000000E+00  0.0000000E+00
         1   352      1  0.5645507E-06  0.0000000E+00  0.1000000E+01
         1   352      2  0.6393314E-04  0.0000000E+00  0.1000000E+01
         1   352      3  0.9565880E-04  0.0000000E+00  0.1000000E+01
         1   352      4  0.1274119E-03  0.0000000E+00  0.1000000E+01
         1   352      5  0.1591924E-03  0.0000000E+00  0.1000000E+01
         1   352      6  0.1910001E-03  0.0000000E+00  0.1000000E+01
         1   352      7  0.2228349E-03  0.0000000E+00  0.1000000E+01
         1   352      8  0.2546969E-03  0.0000000E+00  0.1000000E+01
         1   352      9  0.2865858E-03  0.0000000E+00  0.1000000E+01
         1   352     10 -0.2877369E-02  0.0000000E+00  0.9999959E+00

         1   353      0  0.0000000E+00  0.0000000E+00  0.0000000E+00
         1   353      1  0.5645507E-06  0.0000000E+00  0.1000000E+01
         1   353      2  0.6393314E-04  0.0000000E+00  0.1000000E+01
         1   353      3  0.9565880E-04  0.0000000E+00  0.1000000E+01
         1   353      4  0.1274119E-03  0.0000000E+00  0.1000000E+01
         1   353      5  0.1591924E-03  0.0000000E+00  0.1000000E+01
         1   353      6  0.1910001E-03  0.0000000E+00  0.1000000E+01
         1   353      7  0.2228349E-03  0.0000000E+00  0.1000000E+01
         1   353      8  0.2546969E-03  0.0000000E+00  0.1000000E+01
         1   353      9  0.2865858E-03  0.0000000E+00  0.1000000E+01
         1   353     10 -0.2877369E-02  0.0000000E+00  0.9999959E+00

         1   354      0  0.0000000E+00  0.0000000E+00  0.0000000E+00
         1   354      1  0.5645507E-06  0.0000000E+00  0.1000000E+01
         1   354      2  0.6393314E-04  0.0000000E+00  0.1000000E+01
         1   354      3  0.9565880E-04  0.0000000E+00  0.1000000E+01
         1   354      4  0.1274119E-03  0.0000000E+00  0.1000000E+01
         1   354      5  0.1591924E-03  0.0000000E+00  0.1000000E+01
         1   354      6  0.1910001E-03  0.0000000E+00  0.1000000E+01
         1   354      7  0.2228349E-03  0.0000000E+00  0.1000000E+01
         1   354      8  0.2546969E-03  0.0000000E+00  0.1000000E+01
         1   354      9  0.2865858E-03  0.0000000E+00  0.1000000E+01
         1   354     10 -0.2877369E-02  0.0000000E+00  0.9999959E+00

         1   355      0  0.0000000E+00  0.0000000E+00  0.0000000E+00
         1   355      1  0.5645507E-06  0.0000000E+00  0.1000000E+01
         1   355      2  0.6393314E-04  0.0000000E+00  0.1000000E+01
         1   355      3  0.9565880E-04  0.0000000E+00  0.1000000E+01
         1   355      4  0.1274119E-03  0.0000000E+00  0.1000000E+01
         1   355      5  0.1591924E-03  0.0000000E+00  0.1000000E+01
         1   355      6  0.1910001E-03  0.0000000E+00  0.1000000E+01
         1   355      7  0.2228349E-03  0.0000000E+00  0.1000000E+01
         1   355      8  0.2546969E-03  0.0000000E+00  0.1000000E+01
         1   355      9  0.2865858E-03  0.0000000E+00  0.1000000E+01
         1   355     10 -0.2877369E-02  0.0000000E+00  0.9999959E+00

         1   356      0  0.0000000E+00  0.0000000E+00  0.0000000E+00
         1   356      1  0.5821929E-06  0.0000000E+00  0.1000000E+01
         1   356      2  0.6384596E-04  0.0000000E+00  0.1000000E+01
         1   356      3  0.9551920E-04  0.0000000E+00  0.1000000E+01
         1   356      4  0.1272199E-03  0.0000000E+00  0.1000000E+01
         1   356      5  0.1589479E-03  0.0000000E+00  0.1000000E+01
         1   356      6  0.1907032E-03  0.0000000E+00  0.1000000E+01
         1   356      7  0.2224857E-03  0.0000000E+00  0.1000000E+01
         1   356      8  0.2542952E-03  0.0000000E+00  0.1000000E+01
         1   356      9  0.2861317E-03  0.0000000E+00  0.1000000E+01
         1   356     10 -0.2874917E-02  0.0000000E+00  0.9999959E+00

         1   357      0  0.0000000E+00  0.0000000E+00  0.0000000E+00
         1   357      1  0.5821929E-06  0.0000000E+00  0.1000000E+01
         1   357      2  0.6384596E-04  0.0000000E+00  0.1000000E+01
         1   357      3  0.9551920E-04  0.0000000E+00  0.1000000E+01
         1   357      4  0.1272199E-03  0.0000000E+00  0.1000000E+01
         1   357      5  0.1589479E-03  0.0000000E+00  0.1000000E+01
         1   357      6  0.1907032E-03  0.0000000E+00  0.1000000E+01
         1   357      7  0.2224857E-03  0.0000000E+00  0.1000000E+01
         1   357      8  0.2542952E-03  0.0000000E+00  0.1000000E+01
         1   357      9  0.2861317E-03  0.0000000E+00  0.1000000E+01
         1   357     10 -0.2874917E-02  0.0000000E+00  0.9999959E+00

         1   358      0  0.0000000E+00  0.0000000E+00  0.0000000E+00
         1   358      1  0.5821929E-06  0.0000000E+00  0.1000000E+01
         1   358      2  0.6383984E-04  0.0000000E+00  0.1000000E+01
         1   358      3  0.9550543E-04  0.0000000E+00  0.1000000E+01
         1   358      4  0.1271954E-03  0.0000000E+00  0.1000000E+01
         1   358      5  0.1589097E-03  0.0000000E+00  0.1000000E+01
         1   358      6  0.1906481E-03  0.0000000E+00  0.1000000E+01
         1   358      7  0.2224106E-03  0.0000000E+00  0.1000000E+01
         1   358      8  0.2541972E-03  0.0000000E+00  0.1000000E+01
         1   358      9  0.2860077E-03  0.0000000E+00  0.1000000E+01
         1   358     10 -0.2875005E-02  0.0000000E+00  0.9999959E+00

         1   359      0  0.0000000E+00  0.0000000E+00  0.0000000E+00
         1   359      1  0.5821929E-06  0.0000000E+00  0.1000000E+01
         1   359      2  0.6383984E-04  0.0000000E+00  0.1000000E+01
         1   359      3  0.9550543E-04  0.0000000E+00  0.1000000E+01
         1   359      4  0.1271954E-03  0.0000000E+00  0.1000000E+01
         1   359      5  0.1589097E-03  0.0000000E+00  0.1000000E+01
         1   359      6  0.1906481E-03  0.0000000E+00  0.1000000E+01
         1   359      7  0.2224106E-03  0.0000000E+00  0.1000000E+01
         1   359      8  0.2541972E-03  0.0000000E+00  0.1000000E+01
         1   359      9  0.2860077E-03  0.0000000E+00  0.1000000E+01
         1   359     10 -0.2875005E-02  0.0000000E+00  0.9999959E+00

         1   360      0  0.0000000E+00  0.0000000E+00  0.0000000E+00
         1   360      1  0.5821929E-06  0.0000000E+00  0.1000000E+01
         1   360      2 -0.1344817E-04  0.0000000E+00  0.1000000E+01
         1   360      3 -0.2043049E-04  0.0000000E+00  0.1000000E+01
         1   360      4 -0.2739095E-04  0.0000000E+00  0.1000000E+01
         1   360      5 -0.3432958E-04  0.0000000E+00  0.1000000E+01
         1   360      6 -0.4124642E-04  0.0000000E+00  0.1000000E+01
         1   360      7 -0.4814152E-04  0.0000000E+00  0.1000000E+01
         1   360      8 -0.5501489E-04  0.0000000E+00  0.1000000E+01
         1   360      9 -0.6186659E-04  0.0000000E+00  0.1000000E+01
         1   360     10 -0.3177891E-02  0.0000000E+00  0.9999950E+00

         1   361      0  0.0000000E+00  0.0000000E+00  0.0000000E+00
         1   361      1  0.5821929E-06  0.0000000E+00  0.1000000E+01
         1   361      2 -0.8974455E-04  0.0000000E+00  0.1000000E+01
         1   361      3 -0.1348789E-03  0.0000000E+00  0.1000000E+01
         1   361      4 -0.1799939E-03  0.0000000E+00  0.1000000E+01
         1   361      5 -0.2250894E-03  0.0000000E+00  0.1000000E+01
         1   361      6 -0.2701656E-03  0.0000000E+00  0.1000000E+01
         1   361      7 -0.3152222E-03  0.0000000E+00  0.1000000E+01
         1   361      8 -0.3602594E-03  0.0000000E+00  0.9999999E+00
         1   361      9 -0.4052771E-03  0.0000000E+00  0.9999999E+00
         1   361     10 -0.3486275E-02  0.0000000E+00  0.9999939E+00

         1   362      0  0.0000000E+00  0.0000000E+00  0.0000000E+00
         1   362      1  0.5821929E-06  0.0000000E+00  0.1000000E+01
         1   362      2 -0.8974455E-04  0.0000000E+00  0.1000000E+01
         1   362      3 -0.1348789E-03  0.0000000E+00  0.1000000E+01
         1   362      4 -0.1799939E-03  0.0000000E+00  0.1000000E+01
         1   362      5 -0.2250894E-03  0.0000000E+00  0.1000000E+01
         1   362      6 -0.2701656E-03  0.0000000E+00  0.1000000E+01
         1   362      7 -0.3152222E-03  0.0000000E+00  0.1000000E+01
         1   362      8 -0.3602594E-03  0.0000000E+00  0.9999999E+00
         1   362      9 -0.4052771E-03  0.0000000E+00  0.9999999E+00
         1   362     10 -0.3486275E-02  0.0000000E+00  0.9999939E+00

         1   363      0  0.0000000E+00  0.0000000E+00  0.0000000E+00
         1   363      1  0.5821929E-06  0.0000000E+00  0.1000000E+01
         1   363      2 -0.8974455E-04  0.0000000E+00  0.1000000E+01
         1   363      3 -0.1348789E-03  0.0000000E+00  0.1000000E+01
         1   363      4 -0.1799939E-03  0.0000000E+00  0.1000000E+01
         1   363      5 -0.2250894E-03  0.0000000E+00  0.1000000E+01
         1   363      6 -0.2701656E-03  0.0000000E+00  0.1000000E+01
         1   363      7 -0.3152222E-03  0.0000000E+00  0.1000000E+01
         1   363      8 -0.3602594E-03  0.0000000E+00  0.9999999E+00
         1   363      9 -0.4052771E-03  0.0000000E+00  0.9999999E+00
         1   363     10 -0.3486275E-02  0.0000000E+00  0.9999939E+00

         1   364      0  0.0000000E+00  0.0000000E+00  0.0000000E+00
         1   364      1  0.5821929E-06  0.0000000E+00  0.1000000E+01
         1   364      2 -0.8974455E-04  0.0000000E+00  0.1000000E+01
         1   364      3 -0.1348789E-03  0.0000000E+00  0.1000000E+01
         1   364      4 -0.1799939E-03  0.0000000E+00  0.1000000E+01
         1   364      5 -0.2250894E-03  0.0000000E+00  0.1000000E+01
         1   364      6 -0.2701656E-03  0.0000000E+00  0.1000000E+01
         1   364      7 -0.3152222E-03  0.0000000E+00  0.1000000E+01
         1   364      8 -0.3602594E-03  0.0000000E+00  0.9999999E+00
         1   364      9 -0.4052771E-03  0.0000000E+00  0.9999999E+00
         1   364     10 -0.3486275E-02  0.0000000E+00  0.9999939E+00

         1   365      0  0.0000000E+00  0.0000000E+00  0.0000000E+00
         1   365      1  0.5998351E-06  0.0000000E+00  0.1000000E+01
         1   365      2 -0.8980934E-04  0.0000000E+00  0.1000000E+01
         1   365      3 -0.1349849E-03  0.0000000E+00  0.1000000E+01
         1   365      4 -0.1801411E-03  0.0000000E+00  0.1000000E+01
         1   365      5 -0.2252779E-03  0.0000000E+00  0.1000000E+01
         1   365      6 -0.2703952E-03  0.0000000E+00  0.1000000E+01
         1   365      7 -0.3154931E-03  0.0000000E+00  0.1000000E+01
         1   365      8 -0.3605715E-03  0.0000000E+00  0.9999999E+00
         1   365      9 -0.4056305E-03  0.0000000E+00  0.9999999E+00
         1   365     10 -0.3483948E-02  0.0000000E+00  0.9999939E+00

         1   366      0  0.0000000E+00  0.0000000E+00  0.0000000E+00
         1   366      1  0.5998351E-06  0.0000000E+00  0.1000000E+01
         1   366      2 -0.8980934E-04  0.0000000E+00  0.1000000E+01
         1   366      3 -0.1349849E-03  0.0000000E+00  0.1000000E+01
         1   366      4 -0.1801411E-03  0.0000000E+00  0.1000000E+01
         1   366      5 -0.2252779E-03  0.0000000E+00  0.1000000E+01
         1   366      6 -0.2703952E-03  0.0000000E+00  0.1000000E+01
         1   366      7 -0.3154931E-03  0.0000000E+00  0.1000000E+01
         1   366      8 -0.3605715E-03  0.0000000E+00  0.9999999E+00
         1   366      9 -0.4056305E-03  0.0000000E+00  0.9999999E+00
         1   366     10 -0.3483948E-02  0.0000000E+00  0.9999939E+00

         1   367      0  0.0000000E+00  0.0000000E+00  0.0000000E+00
         1   367      1  0.5998351E-06  0.0000000E+00  0.1000000E+01
         1   367      2 -0.8981234E-04  0.0000000E+00  0.1000000E+01
         1   367      3 -0.1349917E-03  0.0000000E+00  0.1000000E+01
         1   367      4 -0.1801531E-03  0.0000000E+00  0.1000000E+01
         1   367      5 -0.2252966E-03  0.0000000E+00  0.1000000E+01
         1   367      6 -0.2704222E-03  0.0000000E+00  0.1000000E+01
         1   367      7 -0.3155299E-03  0.0000000E+00  0.1000000E+01
         1   367      8 -0.3606195E-03  0.0000000E+00  0.9999999E+00
         1   367      9 -0.4056912E-03  0.0000000E+00  0.9999999E+00
         1   367     10 -0.3484189E-02  0.0000000E+00  0.9999939E+00

         1   368      0  0.0000000E+00  0.0000000E+00  0.0000000E+00
         1   368      1  0.5998351E-06  0.0000000E+00  0.1000000E+01
         1   368      2 -0.8981234E-04  0.0000000E+00  0.1000000E+01
         1   368      3 -0.1349917E-03  0.0000000E+00  0.1000000E+01
         1   368      4 -0.1801531E-03  0.0000000E+00  0.1000000E+01
         1   368      5 -0.2252966E-03  0.0000000E+00  0.1000000E+01
         1   368      6 -0.2704222E-03  0.0000000E+00  0.1000000E+01
         1   368      7 -0.3155299E-03  0.0000000E+00  0.1000000E+01
         1   368      8 -0.3606195E-03  0.0000000E+00  0.9999999E+00
         1   368      9 -0.4056912E-03  0.0000000E+00  0.9999999E+00
         1   368     10 -0.3484189E-02  0.0000000E+00  0.9999939E+00

         1   369      0  0.0000000E+00  0.0000000E+00  0.0000000E+00
         1   369      1  0.5998351E-06  0.0000000E+00  0.1000000E+01
         1   369      2 -0.6881581E-04  0.0000000E+00  0.1000000E+01
         1   369      3 -0.1034971E-03  0.0000000E+00  0.1000000E+01
         1   369      4 -0.1381607E-03  0.0000000E+00  0.1000000E+01
         1   369      5 -0.1728066E-03  0.0000000E+00  0.1000000E+01
         1   369      6 -0.2074349E-03  0.0000000E+00  0.1000000E+01
         1   369      7 -0.2420456E-03  0.0000000E+00  0.1000000E+01
         1   369      8 -0.2766387E-03  0.0000000E+00  0.1000000E+01
         1   369      9 -0.3112143E-03  0.0000000E+00  0.1000000E+01
         1   369     10 -0.3259101E-02  0.0000000E+00  0.9999947E+00

         1   370      0  0.0000000E+00  0.0000000E+00  0.0000000E+00
         1   370      1  0.5998351E-06  0.0000000E+00  0.1000000E+01
         1   370      2 -0.5090195E-04  0.0000000E+00  0.1000000E+01
         1   370      3 -0.7662675E-04  0.0000000E+00  0.1000000E+01
         1   370      4 -0.1023343E-03  0.0000000E+00  0.1000000E+01
         1   370      5 -0.1280246E-03  0.0000000E+00  0.1000000E+01
         1   370      6 -0.1536977E-03  0.0000000E+00  0.1000000E+01
         1   370      7 -0.1793538E-03  0.0000000E+00  0.1000000E+01
         1   370      8 -0.2049929E-03  0.0000000E+00  0.1000000E+01
         1   370      9 -0.2306151E-03  0.0000000E+00  0.1000000E+01
         1   370     10 -0.3028502E-02  0.0000000E+00  0.9999954E+00

         1   371      0  0.0000000E+00  0.0000000E+00  0.0000000E+00
         1   371      1  0.5998351E-06  0.0000000E+00  0.1000000E+01
         1   371      2 -0.5090195E-04  0.0000000E+00  0.1000000E+01
         1   371      3 -0.7662675E-04  0.0000000E+00  0.1000000E+01
         1   371      4 -0.1023343E-03  0.0000000E+00  0.1000000E+01
         1   371      5 -0.1280246E-03  0.0000000E+00  0.1000000E+01
         1   371      6 -0.1536977E-03  0.0000000E+00  0.1000000E+01
         1   371      7 -0.1793538E-03  0.0000000E+00  0.1000000E+01
         1   371      8 -0.2049929E-03  0.0000000E+00  0.1000000E+01
         1   371      9 -0.2306151E-03  0.0000000E+00  0.1000000E+01
         1   371     10 -0.3028502E-02  0.0000000E+00  0.9999954E+00

         1   372      0  0.0000000E+00  0.0000000E+00  0.0000000E+00
         1   372      1  0.5998351E-06  0.0000000E+00  0.1000000E+01
         1   372      2 -0.5090195E-04  0.0000000E+00  0.1000000E+01
         1   372      3 -0.7662675E-04  0.0000000E+00  0.1000000E+01
         1   372      4 -0.1023343E-03  0.0000000E+00  0.1000000E+01
         1   372      5 -0.1280246E-03  0.0000000E+00  0.1000000E+01
         1   372      6 -0.1536977E-03  0.0000000E+00  0.1000000E+01
         1   372      7 -0.1793538E-03  0.0000000E+00  0.1000000E+01
         1   372      8 -0.2049929E-03  0.0000000E+00  0.1000000E+01
         1   372      9 -0.2306151E-03  0.0000000E+00  0.1000000E+01
         1   372     10 -0.3028502E-02  0.0000000E+00  0.9999954E+00

         1   373      0  0.0000000E+00  0.0000000E+00  0.0000000E+00
         1   373      1  0.5998351E-06  0.0000000E+00  0.1000000E+01
         1   373      2 -0.5090195E-04  0.0000000E+00  0.1000000E+01
         1   373      3 -0.7662675E-04  0.0000000E+00  0.1000000E+01
         1   373      4 -0.1023343E-03  0.0000000E+00  0.1000000E+01
         1   373      5 -0.1280246E-03  0.0000000E+00  0.1000000E+01
         1   373      6 -0.1536977E-03  0.0000000E+00  0.1000000E+01
         1   373      7 -0.1793538E-03  0.0000000E+00  0.1000000E+01
         1   373      8 -0.2049929E-03  0.0000000E+00  0.1000000E+01
         1   373      9 -0.2306151E-03  0.0000000E+00  0.1000000E+01
         1   373     10 -0.3028502E-02  0.0000000E+00  0.9999954E+00

         1   374      0  0.0000000E+00  0.0000000E+00  0.0000000E+00
         1   374      1  0.6174773E-06  0.0000000E+00  0.1000000E+01
         1   374      2 -0.5088815E-04  0.0000000E+00  0.1000000E+01
         1   374      3 -0.7661487E-04  0.0000000E+00  0.1000000E+01
         1   374      4 -0.1023243E-03  0.0000000E+00  0.1000000E+01
         1   374      5 -0.1280165E-03  0.0000000E+00  0.1000000E+01
         1   374      6 -0.1536916E-03  0.0000000E+00  0.1000000E+01
         1   374      7 -0.1793495E-03  0.0000000E+00  0.1000000E+01
         1   374      8 -0.2049905E-03  0.0000000E+00  0.1000000E+01
         1   374      9 -0.2306146E-03  0.0000000E+00  0.1000000E+01
         1   374     10 -0.3026315E-02  0.0000000E+00  0.9999954E+00

         1   375      0  0.0000000E+00  0.0000000E+00  0.0000000E+00
         1   375      1  0.6174773E-06  0.0000000E+00  0.1000000E+01
         1   375      2 -0.5088815E-04  0.0000000E+00  0.1000000E+01
         1   375      3 -0.7661487E-04  0.0000000E+00  0.1000000E+01
         1   375      4 -0.1023243E-03  0.0000000E+00  0.1000000E+01
         1   375      5 -0.1280165E-03  0.0000000E+00  0.1000000E+01
         1   375      6 -0.1536916E-03  0.0000000E+00  0.1000000E+01
         1   375      7 -0.1793495E-03  0.0000000E+00  0.1000000E+01
         1   375      8 -0.2049905E-03  0.0000000E+00  0.1000000E+01
         1   375      9 -0.2306146E-03  0.0000000E+00  0.1000000E+01
         1   375     10 -0.3026315E-02  0.0000000E+00  0.9999954E+00

         1   376      0  0.0000000E+00  0.0000000E+00  0.0000000E+00
         1   376      1  0.6174773E-06  0.0000000E+00  0.1000000E+01
         1   376      2 -0.5088664E-04  0.0000000E+00  0.1000000E+01
         1   376      3 -0.7661148E-04  0.0000000E+00  0.1000000E+01
         1   376      4 -0.1023183E-03  0.0000000E+00  0.1000000E+01
         1   376      5 -0.1280071E-03  0.0000000E+00  0.1000000E+01
         1   376      6 -0.1536780E-03  0.0000000E+00  0.1000000E+01
         1   376      7 -0.1793310E-03  0.0000000E+00  0.1000000E+01
         1   376      8 -0.2049664E-03  0.0000000E+00  0.1000000E+01
         1   376      9 -0.2305840E-03  0.0000000E+00  0.1000000E+01
         1   376     10 -0.3024113E-02  0.0000000E+00  0.9999954E+00

         1   377      0  0.0000000E+00  0.0000000E+00  0.0000000E+00
         1   377      1  0.6174773E-06  0.0000000E+00  0.1000000E+01
         1   377      2 -0.5088664E-04  0.0000000E+00  0.1000000E+01
         1   377      3 -0.7661148E-04  0.0000000E+00  0.1000000E+01
         1   377      4 -0.1023183E-03  0.0000000E+00  0.1000000E+01
         1   377      5 -0.1280071E-03  0.0000000E+00  0.1000000E+01
         1   377      6 -0.1536780E-03  0.0000000E+00  0.1000000E+01
         1   377      7 -0.1793310E-03  0.0000000E+00  0.1000000E+01
         1   377      8 -0.2049664E-03  0.0000000E+00  0.1000000E+01
         1   377      9 -0.2305840E-03  0.0000000E+00  0.1000000E+01
         1   377     10 -0.3024113E-02  0.0000000E+00  0.9999954E+00

         1   378      0  0.0000000E+00  0.0000000E+00  0.0000000E+00
         1   378      1  0.6174773E-06  0.0000000E+00  0.1000000E+01
         1   378      2 -0.3609891E-04  0.0000000E+00  0.1000000E+01
         1   378      3 -0.5442521E-04  0.0000000E+00  0.1000000E+01
         1   378      4 -0.7273021E-04  0.0000000E+00  0.1000000E+01
         1   378      5 -0.9101389E-04  0.0000000E+00  0.1000000E+01
         1   378      6 -0.1092762E-03  0.0000000E+00  0.1000000E+01
         1   378      7 -0.1275172E-03  0.0000000E+00  0.1000000E+01
         1   378      8 -0.1457368E-03  0.0000000E+00  0.1000000E+01
         1   378      9 -0.1639350E-03  0.0000000E+00  0.1000000E+01
         1   378     10 -0.3495400E-02  0.0000000E+00  0.9999939E+00

         1   379      0  0.0000000E+00  0.0000000E+00  0.0000000E+00
         1   379      1  0.6174773E-06  0.0000000E+00  0.1000000E+01
         1   379      2 -0.1926376E-04  0.0000000E+00  0.1000000E+01
         1   379      3 -0.2916768E-04  0.0000000E+00  0.1000000E+01
         1   379      4 -0.3904698E-04  0.0000000E+00  0.1000000E+01
         1   379      5 -0.4890155E-04  0.0000000E+00  0.1000000E+01
         1   379      6 -0.5873127E-04  0.0000000E+00  0.1000000E+01
         1   379      7 -0.6853602E-04  0.0000000E+00  0.1000000E+01
         1   379      8 -0.7831568E-04  0.0000000E+00  0.1000000E+01
         1   379      9 -0.8807013E-04  0.0000000E+00  0.1000000E+01
         1   379     10 -0.3966654E-02  0.0000000E+00  0.9999921E+00

         1   380      0  0.0000000E+00  0.0000000E+00  0.0000000E+00
         1   380      1  0.6174773E-06  0.0000000E+00  0.1000000E+01
         1   380      2 -0.1926376E-04  0.0000000E+00  0.1000000E+01
         1   380      3 -0.2916768E-04  0.0000000E+00  0.1000000E+01
         1   380      4 -0.3904698E-04  0.0000000E+00  0.1000000E+01
         1   380      5 -0.4890155E-04  0.0000000E+00  0.1000000E+01
         1   380      6 -0.5873127E-04  0.0000000E+00  0.1000000E+01
         1   380      7 -0.6853602E-04  0.0000000E+00  0.1000000E+01
         1   380      8 -0.7831568E-04  0.0000000E+00  0.1000000E+01
         1   380      9 -0.8807013E-04  0.0000000E+00  0.1000000E+01
         1   380     10 -0.3966654E-02  0.0000000E+00  0.9999921E+00

         1   381      0  0.0000000E+00  0.0000000E+00  0.0000000E+00
         1   381      1  0.6174773E-06  0.0000000E+00  0.1000000E+01
         1   381      2 -0.1926376E-04  0.0000000E+00  0.1000000E+01
         1   381      3 -0.2916768E-04  0.0000000E+00  0.1000000E+01
         1   381      4 -0.3904698E-04  0.0000000E+00  0.1000000E+01
         1   381      5 -0.4890155E-04  0.0000000E+00  0.1000000E+01
         1   381      6 -0.5873127E-04  0.0000000E+00  0.1000000E+01
         1   381      7 -0.6853602E-04  0.0000000E+00  0.1000000E+01
         1   381      8 -0.7831568E-04  0.0000000E+00  0.1000000E+01
         1   381      9 -0.8807013E-04  0.0000000E+00  0.1000000E+01
         1   381     10 -0.3966654E-02  0.0000000E+00  0.9999921E+00

         1   382      0  0.0000000E+00  0.0000000E+00  0.0000000E+00
         1   382      1  0.6174773E-06  0.0000000E+00  0.1000000E+01
         1   382      2 -0.1926376E-04  0.0000000E+00  0.1000000E+01
         1   382      3 -0.2916768E-04  0.0000000E+00  0.1000000E+01
         1   382      4 -0.3904698E-04  0.0000000E+00  0.1000000E+01
         1   382      5 -0.4890155E-04  0.0000000E+00  0.1000000E+01
         1   382      6 -0.5873127E-04  0.0000000E+00  0.1000000E+01
         1   382      7 -0.6853602E-04  0.0000000E+00  0.1000000E+01
         1   382      8 -0.7831568E-04  0.0000000E+00  0.1000000E+01
         1   382      9 -0.8807013E-04  0.0000000E+00  0.1000000E+01
         1   382     10 -0.3966654E-02  0.0000000E+00  0.9999921E+00

         1   383      0  0.0000000E+00  0.0000000E+00  0.0000000E+00
         1   383      1  0.6351195E-06  0.0000000E+00  0.1000000E+01
         1   383      2 -0.1920371E-04  0.0000000E+00  0.1000000E+01
         1   383      3 -0.2908643E-04  0.0000000E+00  0.1000000E+01
         1   383      4 -0.3894452E-04  0.0000000E+00  0.1000000E+01
         1   383      5 -0.4877788E-04  0.0000000E+00  0.1000000E+01
         1   383      6 -0.5858637E-04  0.0000000E+00  0.1000000E+01
         1   383      7 -0.6836989E-04  0.0000000E+00  0.1000000E+01
         1   383      8 -0.7812832E-04  0.0000000E+00  0.1000000E+01
         1   383      9 -0.8786153E-04  0.0000000E+00  0.1000000E+01
         1   383     10 -0.3964466E-02  0.0000000E+00  0.9999921E+00

         1   384      0  0.0000000E+00  0.0000000E+00  0.0000000E+00
         1   384      1  0.6351195E-06  0.0000000E+00  0.1000000E+01
         1   384      2 -0.1920371E-04  0.0000000E+00  0.1000000E+01
         1   384      3 -0.2908643E-04  0.0000000E+00  0.1000000E+01
         1   384      4 -0.3894452E-04  0.0000000E+00  0.1000000E+01
         1   384      5 -0.4877788E-04  0.0000000E+00  0.1000000E+01
         1   384      6 -0.5858637E-04  0.0000000E+00  0.1000000E+01
         1   384      7 -0.6836989E-04  0.0000000E+00  0.1000000E+01
         1   384      8 -0.7812832E-04  0.0000000E+00  0.1000000E+01
         1   384      9 -0.8786153E-04  0.0000000E+00  0.1000000E+01
         1   384     10 -0.3964466E-02  0.0000000E+00  0.9999921E+00

         1   385      0  0.0000000E+00  0.0000000E+00  0.0000000E+00
         1   385      1  0.6351195E-06  0.0000000E+00  0.1000000E+01
         1   385      2 -0.1920791E-04  0.0000000E+00  0.1000000E+01
         1   385      3 -0.2909588E-04  0.0000000E+00  0.1000000E+01
         1   385      4 -0.3896133E-04  0.0000000E+00  0.1000000E+01
         1   385      5 -0.4880415E-04  0.0000000E+00  0.1000000E+01
         1   385      6 -0.5862421E-04  0.0000000E+00  0.1000000E+01
         1   385      7 -0.6842140E-04  0.0000000E+00  0.1000000E+01
         1   385      8 -0.7819561E-04  0.0000000E+00  0.1000000E+01
         1   385      9 -0.8794671E-04  0.0000000E+00  0.1000000E+01
         1   385     10 -0.3964746E-02  0.0000000E+00  0.9999921E+00

         1   386      0  0.0000000E+00  0.0000000E+00  0.0000000E+00
         1   386      1  0.6351195E-06  0.0000000E+00  0.1000000E+01
         1   386      2 -0.1920791E-04  0.0000000E+00  0.1000000E+01
         1   386      3 -0.2909588E-04  0.0000000E+00  0.1000000E+01
         1   386      4 -0.3896133E-04  0.0000000E+00  0.1000000E+01
         1   386      5 -0.4880415E-04  0.0000000E+00  0.1000000E+01
         1   386      6 -0.5862421E-04  0.0000000E+00  0.1000000E+01
         1   386      7 -0.6842140E-04  0.0000000E+00  0.1000000E+01
         1   386      8 -0.7819561E-04  0.0000000E+00  0.1000000E+01
         1   386      9 -0.8794671E-04  0.0000000E+00  0.1000000E+01
         1   386     10 -0.3964746E-02  0.0000000E+00  0.9999921E+00

         1   387      0  0.0000000E+00  0.0000000E+00  0.0000000E+00
         1   387      1  0.6351195E-06  0.0000000E+00  0.1000000E+01
         1   387      2 -0.5069495E-04  0.0000000E+00  0.1000000E+01
         1   387      3 -0.7632986E-04  0.0000000E+00  0.1000000E+01
         1   387      4 -0.1019446E-03  0.0000000E+00  0.1000000E+01
         1   387      5 -0.1275390E-03  0.0000000E+00  0.1000000E+01
         1   387      6 -0.1531131E-03  0.0000000E+00  0.1000000E+01
         1   387      7 -0.1786667E-03  0.0000000E+00  0.1000000E+01
         1   387      8 -0.2041998E-03  0.0000000E+00  0.1000000E+01
         1   387      9 -0.2297123E-03  0.0000000E+00  0.1000000E+01
         1   387     10 -0.3735238E-02  0.0000000E+00  0.9999930E+00

         1   388      0  0.0000000E+00  0.0000000E+00  0.0000000E+00
         1   388      1  0.6351195E-06  0.0000000E+00  0.1000000E+01
         1   388      2 -0.8453763E-04  0.0000000E+00  0.1000000E+01
         1   388      3 -0.1270974E-03  0.0000000E+00  0.1000000E+01
         1   388      4 -0.1696393E-03  0.0000000E+00  0.1000000E+01
         1   388      5 -0.2121634E-03  0.0000000E+00  0.1000000E+01
         1   388      6 -0.2546696E-03  0.0000000E+00  0.1000000E+01
         1   388      7 -0.2971578E-03  0.0000000E+00  0.1000000E+01
         1   388      8 -0.3396279E-03  0.0000000E+00  0.9999999E+00
         1   388      9 -0.3820799E-03  0.0000000E+00  0.9999999E+00
         1   388     10 -0.3511366E-02  0.0000000E+00  0.9999938E+00

         1   389      0  0.0000000E+00  0.0000000E+00  0.0000000E+00
         1   389      1  0.6351195E-06  0.0000000E+00  0.1000000E+01
         1   389      2 -0.8453763E-04  0.0000000E+00  0.1000000E+01
         1   389      3 -0.1270974E-03  0.0000000E+00  0.1000000E+01
         1   389      4 -0.1696393E-03  0.0000000E+00  0.1000000E+01
         1   389      5 -0.2121634E-03  0.0000000E+00  0.1000000E+01
         1   389      6 -0.2546696E-03  0.0000000E+00  0.1000000E+01
         1   389      7 -0.2971578E-03  0.0000000E+00  0.1000000E+01
         1   389      8 -0.3396279E-03  0.0000000E+00  0.9999999E+00
         1   389      9 -0.3820799E-03  0.0000000E+00  0.9999999E+00
         1   389     10 -0.3511366E-02  0.0000000E+00  0.9999938E+00

         1   390      0  0.0000000E+00  0.0000000E+00  0.0000000E+00
         1   390      1  0.6351195E-06  0.0000000E+00  0.1000000E+01
         1   390      2 -0.8453763E-04  0.0000000E+00  0.1000000E+01
         1   390      3 -0.1270974E-03  0.0000000E+00  0.1000000E+01
         1   390      4 -0.1696393E-03  0.0000000E+00  0.1000000E+01
         1   390      5 -0.2121634E-03  0.0000000E+00  0.1000000E+01
         1   390      6 -0.2546696E-03  0.0000000E+00  0.1000000E+01
         1   390      7 -0.2971578E-03  0.0000000E+00  0.1000000E+01
         1   390      8 -0.3396279E-03  0.0000000E+00  0.9999999E+00
         1   390      9 -0.3820799E-03  0.0000000E+00  0.9999999E+00
         1   390     10 -0.3511366E-02  0.0000000E+00  0.9999938E+00

         1   391      0  0.0000000E+00  0.0000000E+00  0.0000000E+00
         1   391      1  0.6351195E-06  0.0000000E+00  0.1000000E+01
         1   391      2 -0.8453763E-04  0.0000000E+00  0.1000000E+01
         1   391      3 -0.1270974E-03  0.0000000E+00  0.1000000E+01
         1   391      4 -0.1696393E-03  0.0000000E+00  0.1000000E+01
         1   391      5 -0.2121634E-03  0.0000000E+00  0.1000000E+01
         1   391      6 -0.2546696E-03  0.0000000E+00  0.1000000E+01
         1   391      7 -0.2971578E-03  0.0000000E+00  0.1000000E+01
         1   391      8 -0.3396279E-03  0.0000000E+00  0.9999999E+00
         1   391      9 -0.3820799E-03  0.0000000E+00  0.9999999E+00
         1   391     10 -0.3511366E-02  0.0000000E+00  0.9999938E+00

         1   392      0  0.0000000E+00  0.0000000E+00  0.0000000E+00
         1   392      1  0.6527617E-06  0.0000000E+00  0.1000000E+01
         1   392      2 -0.8441753E-04  0.0000000E+00  0.1000000E+01
         1   392      3 -0.1269261E-03  0.0000000E+00  0.1000000E+01
         1   392      4 -0.1694168E-03  0.0000000E+00  0.1000000E+01
         1   392      5 -0.2118896E-03  0.0000000E+00  0.1000000E+01
         1   392      6 -0.2543445E-03  0.0000000E+00  0.1000000E+01
         1   392      7 -0.2967814E-03  0.0000000E+00  0.1000000E+01
         1   392      8 -0.3392003E-03  0.0000000E+00  0.9999999E+00
         1   392      9 -0.3816011E-03  0.0000000E+00  0.9999999E+00
         1   392     10 -0.3509034E-02  0.0000000E+00  0.9999938E+00

         1   393      0  0.0000000E+00  0.0000000E+00  0.0000000E+00
         1   393      1  0.6527617E-06  0.0000000E+00  0.1000000E+01
         1   393      2 -0.8441753E-04  0.0000000E+00  0.1000000E+01
         1   393      3 -0.1269261E-03  0.0000000E+00  0.1000000E+01
         1   393      4 -0.1694168E-03  0.0000000E+00  0.1000000E+01
         1   393      5 -0.2118896E-03  0.0000000E+00  0.1000000E+01
         1   393      6 -0.2543445E-03  0.0000000E+00  0.1000000E+01
         1   393      7 -0.2967814E-03  0.0000000E+00  0.1000000E+01
         1   393      8 -0.3392003E-03  0.0000000E+00  0.9999999E+00
         1   393      9 -0.3816011E-03  0.0000000E+00  0.9999999E+00
         1   393     10 -0.3509034E-02  0.0000000E+00  0.9999938E+00

         1   394      0  0.0000000E+00  0.0000000E+00  0.0000000E+00
         1   394      1  0.6527617E-06  0.0000000E+00  0.1000000E+01
         1   394      2 -0.8442490E-04  0.0000000E+00  0.1000000E+01
         1   394      3 -0.1269426E-03  0.0000000E+00  0.1000000E+01
         1   394      4 -0.1694463E-03  0.0000000E+00  0.1000000E+01
         1   394      5 -0.2119357E-03  0.0000000E+00  0.1000000E+01
         1   394      6 -0.2544109E-03  0.0000000E+00  0.1000000E+01
         1   394      7 -0.2968718E-03  0.0000000E+00  0.1000000E+01
         1   394      8 -0.3393183E-03  0.0000000E+00  0.9999999E+00
         1   394      9 -0.3817504E-03  0.0000000E+00  0.9999999E+00
         1   394     10 -0.3509131E-02  0.0000000E+00  0.9999938E+00

         1   395      0  0.0000000E+00  0.0000000E+00  0.0000000E+00
         1   395      1  0.6527617E-06  0.0000000E+00  0.1000000E+01
         1   395      2 -0.8442490E-04  0.0000000E+00  0.1000000E+01
         1   395      3 -0.1269426E-03  0.0000000E+00  0.1000000E+01
         1   395      4 -0.1694463E-03  0.0000000E+00  0.1000000E+01
         1   395      5 -0.2119357E-03  0.0000000E+00  0.1000000E+01
         1   395      6 -0.2544109E-03  0.0000000E+00  0.1000000E+01
         1   395      7 -0.2968718E-03  0.0000000E+00  0.1000000E+01
         1   395      8 -0.3393183E-03  0.0000000E+00  0.9999999E+00
         1   395      9 -0.3817504E-03  0.0000000E+00  0.9999999E+00
         1   395     10 -0.3509131E-02  0.0000000E+00  0.9999938E+00

         1   396      0  0.0000000E+00  0.0000000E+00  0.0000000E+00
         1   396      1  0.6527617E-06  0.0000000E+00  0.1000000E+01
         1   396      2  0.2010891E-05  0.0000000E+00  0.1000000E+01
         1   396      3  0.2717070E-05  0.0000000E+00  0.1000000E+01
         1   396      4  0.3441400E-05  0.0000000E+00  0.1000000E+01
         1   396      5  0.4183936E-05  0.0000000E+00  0.1000000E+01
         1   396      6  0.4944733E-05  0.0000000E+00  0.1000000E+01
         1   396      7  0.5723848E-05  0.0000000E+00  0.1000000E+01
         1   396      8  0.6521335E-05  0.0000000E+00  0.1000000E+01
         1   396      9  0.7337252E-05  0.0000000E+00  0.1000000E+01
         1   396     10 -0.3813863E-02  0.0000000E+00  0.9999927E+00

         1   397      0  0.0000000E+00  0.0000000E+00  0.0000000E+00
         1   397      1  0.6527617E-06  0.0000000E+00  0.1000000E+01
         1   397      2  0.8872184E-04  0.0000000E+00  0.1000000E+01
         1   397      3  0.1327896E-03  0.0000000E+00  0.1000000E+01
         1   397      4  0.1768796E-03  0.0000000E+00  0.1000000E+01
         1   397      5  0.2209919E-03  0.0000000E+00  0.1000000E+01
         1   397      6  0.2651265E-03  0.0000000E+00  0.1000000E+01
         1   397      7  0.3092835E-03  0.0000000E+00  0.1000000E+01
         1   397      8  0.3534629E-03  0.0000000E+00  0.9999999E+00
         1   397      9  0.3976648E-03  0.0000000E+00  0.9999999E+00
         1   397     10 -0.4113068E-02  0.0000000E+00  0.9999915E+00

         1   398      0  0.0000000E+00  0.0000000E+00  0.0000000E+00
         1   398      1  0.6527617E-06  0.0000000E+00  0.1000000E+01
         1   398      2  0.8872184E-04  0.0000000E+00  0.1000000E+01
         1   398      3  0.1327896E-03  0.0000000E+00  0.1000000E+01
         1   398      4  0.1768796E-03  0.0000000E+00  0.1000000E+01
         1   398      5  0.2209919E-03  0.0000000E+00  0.1000000E+01
         1   398      6  0.2651265E-03  0.0000000E+00  0.1000000E+01
         1   398      7  0.3092835E-03  0.0000000E+00  0.1000000E+01
         1   398      8  0.3534629E-03  0.0000000E+00  0.9999999E+00
         1   398      9  0.3976648E-03  0.0000000E+00  0.9999999E+00
         1   398     10 -0.4113068E-02  0.0000000E+00  0.9999915E+00

         1   399      0  0.0000000E+00  0.0000000E+00  0.0000000E+00
         1   399      1  0.6527617E-06  0.0000000E+00  0.1000000E+01
         1   399      2  0.8872184E-04  0.0000000E+00  0.1000000E+01
         1   399      3  0.1327896E-03  0.0000000E+00  0.1000000E+01
         1   399      4  0.1768796E-03  0.0000000E+00  0.1000000E+01
         1   399      5  0.2209919E-03  0.0000000E+00  0.1000000E+01
         1   399      6  0.2651265E-03  0.0000000E+00  0.1000000E+01
         1   399      7  0.3092835E-03  0.0000000E+00  0.1000000E+01
         1   399      8  0.3534629E-03  0.0000000E+00  0.9999999E+00
         1   399      9  0.3976648E-03  0.0000000E+00  0.9999999E+00
         1   399     10 -0.4113068E-02  0.0000000E+00  0.9999915E+00

         1   400      0  0.0000000E+00  0.0000000E+00  0.0000000E+00
         1   400      1  0.6527617E-06  0.0000000E+00  0.1000000E+01
         1   400      2  0.8872184E-04  0.0000000E+00  0.1000000E+01
         1   400      3  0.1327896E-03  0.0000000E+00  0.1000000E+01
         1   400      4  0.1768796E-03  0.0000000E+00  0.1000000E+01
         1   400      5  0.2209919E-03  0.0000000E+00  0.1000000E+01
         1   400      6  0.2651265E-03  0.0000000E+00  0.1000000E+01
         1   400      7  0.3092835E-03  0.0000000E+00  0.1000000E+01
         1   400      8  0.3534629E-03  0.0000000E+00  0.9999999E+00
         1   400      9  0.3976648E-03  0.0000000E+00  0.9999999E+00
         1   400     10 -0.4113068E-02  0.0000000E+00  0.9999915E+00

         1   401      0  0.0000000E+00  0.0000000E+00  0.0000000E+00
         1   401      1  0.6704039E-06  0.0000000E+00  0.1000000E+01
         1   401      2  0.8884815E-04  0.0000000E+00  0.1000000E+01
         1   401      3  0.1329703E-03  0.0000000E+00  0.1000000E+01
         1   401      4  0.1771146E-03  0.0000000E+00  0.1000000E+01
         1   401      5  0.2212812E-03  0.0000000E+00  0.1000000E+01
         1   401      6  0.2654702E-03  0.0000000E+00  0.1000000E+01
         1   401      7  0.3096816E-03  0.0000000E+00  0.1000000E+01
         1   401      8  0.3539154E-03  0.0000000E+00  0.9999999E+00
         1   401      9  0.3981717E-03  0.0000000E+00  0.9999999E+00
         1   401     10 -0.4110611E-02  0.0000000E+00  0.9999916E+00

         1   402      0  0.0000000E+00  0.0000000E+00  0.0000000E+00
         1   402      1  0.6704039E-06  0.0000000E+00  0.1000000E+01
         1   402      2  0.8884815E-04  0.0000000E+00  0.1000000E+01
         1   402      3  0.1329703E-03  0.0000000E+00  0.1000000E+01
         1   402      4  0.1771146E-03  0.0000000E+00  0.1000000E+01
         1   402      5  0.2212812E-03  0.0000000E+00  0.1000000E+01
         1   402      6  0.2654702E-03  0.0000000E+00  0.1000000E+01
         1   402      7  0.3096816E-03  0.0000000E+00  0.1000000E+01
         1   402      8  0.3539154E-03  0.0000000E+00  0.9999999E+00
         1   402      9  0.3981717E-03  0.0000000E+00  0.9999999E+00
         1   402     10 -0.4110611E-02  0.0000000E+00  0.9999916E+00

         1   403      0  0.0000000E+00  0.0000000E+00  0.0000000E+00
         1   403      1  0.6704039E-06  0.0000000E+00  0.1000000E+01
         1   403      2  0.8884815E-04  0.0000000E+00  0.1000000E+01
         1   403      3  0.1329703E-03  0.0000000E+00  0.1000000E+01
         1   403      4  0.1771146E-03  0.0000000E+00  0.1000000E+01
         1   403      5  0.2212812E-03  0.0000000E+00  0.1000000E+01
         1   403      6  0.2654702E-03  0.0000000E+00  0.1000000E+01
         1   403      7  0.3096816E-03  0.0000000E+00  0.1000000E+01
         1   403      8  0.3539154E-03  0.0000000E+00  0.9999999E+00
         1   403      9  0.3981717E-03  0.0000000E+00  0.9999999E+00
         1   403     10 -0.4110611E-02  0.0000000E+00  0.9999916E+00

         1   404      0  0.0000000E+00  0.0000000E+00  0.0000000E+00
         1   404      1  0.6704039E-06  0.0000000E+00  0.1000000E+01
         1   404      2  0.8884815E-04  0.0000000E+00  0.1000000E+01
         1   404      3  0.1329703E-03  0.0000000E+00  0.1000000E+01
         1   404      4  0.1771146E-03  0.0000000E+00  0.1000000E+01
         1   404      5  0.2212812E-03  0.0000000E+00  0.1000000E+01
         1   404      6  0.2654702E-03  0.0000000E+00  0.1000000E+01
         1   404      7  0.3096816E-03  0.0000000E+00  0.1000000E+01
         1   404      8  0.3539154E-03  0.0000000E+00  0.9999999E+00
         1   404      9  0.3981717E-03  0.0000000E+00  0.9999999E+00
         1   404     10 -0.4110611E-02  0.0000000E+00  0.9999916E+00

         1   405      0  0.0000000E+00  0.0000000E+00  0.0000000E+00
         1   405      1  0.6704039E-06  0.0000000E+00  0.1000000E+01
         1   405      2  0.4836761E-04  0.0000000E+00  0.1000000E+01
         1   405      3  0.7224470E-04  0.0000000E+00  0.1000000E+01
         1   405      4  0.9614091E-04  0.0000000E+00  0.1000000E+01
         1   405      5  0.1200563E-03  0.0000000E+00  0.1000000E+01
         1   405      6  0.1439910E-03  0.0000000E+00  0.1000000E+01
         1   405      7  0.1679451E-03  0.0000000E+00  0.1000000E+01
         1   405      8  0.1919186E-03  0.0000000E+00  0.1000000E+01
         1   405      9  0.2159116E-03  0.0000000E+00  0.1000000E+01
         1   405     10 -0.4020118E-02  0.0000000E+00  0.9999919E+00

         1   406      0  0.0000000E+00  0.0000000E+00  0.0000000E+00
         1   406      1  0.6704039E-06  0.0000000E+00  0.1000000E+01
         1   406      2  0.9511998E-05  0.0000000E+00  0.1000000E+01
         1   406      3  0.1395650E-04  0.0000000E+00  0.1000000E+01
         1   406      4  0.1841698E-04  0.0000000E+00  0.1000000E+01
         1   406      5  0.2289355E-04  0.0000000E+00  0.1000000E+01
         1   406      6  0.2738633E-04  0.0000000E+00  0.1000000E+01
         1   406      7  0.3189546E-04  0.0000000E+00  0.1000000E+01
         1   406      8  0.3642105E-04  0.0000000E+00  0.1000000E+01
         1   406      9  0.4096322E-04  0.0000000E+00  0.1000000E+01
         1   406     10 -0.3938667E-02  0.0000000E+00  0.9999922E+00

         1   407      0  0.0000000E+00  0.0000000E+00  0.0000000E+00
         1   407      1  0.6704039E-06  0.0000000E+00  0.1000000E+01
         1   407      2  0.9511998E-05  0.0000000E+00  0.1000000E+01
         1   407      3  0.1395650E-04  0.0000000E+00  0.1000000E+01
         1   407      4  0.1841698E-04  0.0000000E+00  0.1000000E+01
         1   407      5  0.2289355E-04  0.0000000E+00  0.1000000E+01
         1   407      6  0.2738633E-04  0.0000000E+00  0.1000000E+01
         1   407      7  0.3189546E-04  0.0000000E+00  0.1000000E+01
         1   407      8  0.3642105E-04  0.0000000E+00  0.1000000E+01
         1   407      9  0.4096322E-04  0.0000000E+00  0.1000000E+01
         1   407     10 -0.3938667E-02  0.0000000E+00  0.9999922E+00

         1   408      0  0.0000000E+00  0.0000000E+00  0.0000000E+00
         1   408      1  0.6704039E-06  0.0000000E+00  0.1000000E+01
         1   408      2  0.9511998E-05  0.0000000E+00  0.1000000E+01
         1   408      3  0.1395650E-04  0.0000000E+00  0.1000000E+01
         1   408      4  0.1841698E-04  0.0000000E+00  0.1000000E+01
         1   408      5  0.2289355E-04  0.0000000E+00  0.1000000E+01
         1   408      6  0.2738633E-04  0.0000000E+00  0.1000000E+01
         1   408      7  0.3189546E-04  0.0000000E+00  0.1000000E+01
         1   408      8  0.3642105E-04  0.0000000E+00  0.1000000E+01
         1   408      9  0.4096322E-04  0.0000000E+00  0.1000000E+01
         1   408     10 -0.3938667E-02  0.0000000E+00  0.9999922E+00

         1   409      0  0.0000000E+00  0.0000000E+00  0.0000000E+00
         1   409      1  0.6704039E-06  0.0000000E+00  0.1000000E+01
         1   409      2  0.9511998E-05  0.0000000E+00  0.1000000E+01
         1   409      3  0.1395650E-04  0.0000000E+00  0.1000000E+01
         1   409      4  0.1841698E-04  0.0000000E+00  0.1000000E+01
         1   409      5  0.2289355E-04  0.0000000E+00  0.1000000E+01
         1   409      6  0.2738633E-04  0.0000000E+00  0.1000000E+01
         1   409      7  0.3189546E-04  0.0000000E+00  0.1000000E+01
         1   409      8  0.3642105E-04  0.0000000E+00  0.1000000E+01
         1   409      9  0.4096322E-04  0.0000000E+00  0.1000000E+01
         1   409     10 -0.3938667E-02  0.0000000E+00  0.9999922E+00

         1   410      0  0.0000000E+00  0.0000000E+00  0.0000000E+00
         1   410      1  0.6880461E-06  0.0000000E+00  0.1000000E+01
         1   410      2  0.9596881E-05  0.0000000E+00  0.1000000E+01
         1   410      3  0.1407502E-04  0.0000000E+00  0.1000000E+01
         1   410      4  0.1856913E-04  0.0000000E+00  0.1000000E+01
         1   410      5  0.2307935E-04  0.0000000E+00  0.1000000E+01
         1   410      6  0.2760579E-04  0.0000000E+00  0.1000000E+01
         1   410      7  0.3214858E-04  0.0000000E+00  0.1000000E+01
         1   410      8  0.3670784E-04  0.0000000E+00  0.1000000E+01
         1   410      9  0.4128369E-04  0.0000000E+00  0.1000000E+01
         1   410     10 -0.3935980E-02  0.0000000E+00  0.9999923E+00

         1   411      0  0.0000000E+00  0.0000000E+00  0.0000000E+00
         1   411      1  0.6880461E-06  0.0000000E+00  0.1000000E+01
         1   411      2  0.9596881E-05  0.0000000E+00  0.1000000E+01
         1   411      3  0.1407502E-04  0.0000000E+00  0.1000000E+01
         1   411      4  0.1856913E-04  0.0000000E+00  0.1000000E+01
         1   411      5  0.2307935E-04  0.0000000E+00  0.1000000E+01
         1   411      6  0.2760579E-04  0.0000000E+00  0.1000000E+01
         1   411      7  0.3214858E-04  0.0000000E+00  0.1000000E+01
         1   411      8  0.3670784E-04  0.0000000E+00  0.1000000E+01
         1   411      9  0.4128369E-04  0.0000000E+00  0.1000000E+01
         1   411     10 -0.3935980E-02  0.0000000E+00  0.9999923E+00

         1   412      0  0.0000000E+00  0.0000000E+00  0.0000000E+00
         1   412      1  0.6880461E-06  0.0000000E+00  0.1000000E+01
         1   412      2  0.9596881E-05  0.0000000E+00  0.1000000E+01
         1   412      3  0.1407502E-04  0.0000000E+00  0.1000000E+01
         1   412      4  0.1856913E-04  0.0000000E+00  0.1000000E+01
         1   412      5  0.2307935E-04  0.0000000E+00  0.1000000E+01
         1   412      6  0.2760579E-04  0.0000000E+00  0.1000000E+01
         1   412      7  0.3214858E-04  0.0000000E+00  0.1000000E+01
         1   412      8  0.3670784E-04  0.0000000E+00  0.1000000E+01
         1   412      9  0.4128369E-04  0.0000000E+00  0.1000000E+01
         1   412     10 -0.3935980E-02  0.0000000E+00  0.9999923E+00

         1   413      0  0.0000000E+00  0.0000000E+00  0.0000000E+00
         1   413      1  0.6880461E-06  0.0000000E+00  0.1000000E+01
         1   413      2  0.9596881E-05  0.0000000E+00  0.1000000E+01
         1   413      3  0.1407502E-04  0.0000000E+00  0.1000000E+01
         1   413      4  0.1856913E-04  0.0000000E+00  0.1000000E+01
         1   413      5  0.2307935E-04  0.0000000E+00  0.1000000E+01
         1   413      6  0.2760579E-04  0.0000000E+00  0.1000000E+01
         1   413      7  0.3214858E-04  0.0000000E+00  0.1000000E+01
         1   413      8  0.3670784E-04  0.0000000E+00  0.1000000E+01
         1   413      9  0.4128369E-04  0.0000000E+00  0.1000000E+01
         1   413     10 -0.3935980E-02  0.0000000E+00  0.9999923E+00

         1   414      0  0.0000000E+00  0.0000000E+00  0.0000000E+00
         1   414      1  0.6880461E-06  0.0000000E+00  0.1000000E+01
         1   414      2  0.4829697E-04  0.0000000E+00  0.1000000E+01
         1   414      3  0.7213332E-04  0.0000000E+00  0.1000000E+01
         1   414      4  0.9599096E-04  0.0000000E+00  0.1000000E+01
         1   414      5  0.1198699E-03  0.0000000E+00  0.1000000E+01
         1   414      6  0.1437701E-03  0.0000000E+00  0.1000000E+01
         1   414      7  0.1676917E-03  0.0000000E+00  0.1000000E+01
         1   414      8  0.1916346E-03  0.0000000E+00  0.1000000E+01
         1   414      9  0.2155988E-03  0.0000000E+00  0.1000000E+01
         1   414     10 -0.3968010E-02  0.0000000E+00  0.9999921E+00

         1   415      0  0.0000000E+00  0.0000000E+00  0.0000000E+00
         1   415      1  0.6880461E-06  0.0000000E+00  0.1000000E+01
         1   415      2  0.8511981E-04  0.0000000E+00  0.1000000E+01
         1   415      3  0.1273756E-03  0.0000000E+00  0.1000000E+01
         1   415      4  0.1696580E-03  0.0000000E+00  0.1000000E+01
         1   415      5  0.2119667E-03  0.0000000E+00  0.1000000E+01
         1   415      6  0.2543018E-03  0.0000000E+00  0.1000000E+01
         1   415      7  0.2966631E-03  0.0000000E+00  0.1000000E+01
         1   415      8  0.3390505E-03  0.0000000E+00  0.9999999E+00
         1   415      9  0.3814639E-03  0.0000000E+00  0.9999999E+00
         1   415     10 -0.3996646E-02  0.0000000E+00  0.9999920E+00

         1   416      0  0.0000000E+00  0.0000000E+00  0.0000000E+00
         1   416      1  0.6880461E-06  0.0000000E+00  0.1000000E+01
         1   416      2  0.8511981E-04  0.0000000E+00  0.1000000E+01
         1   416      3  0.1273756E-03  0.0000000E+00  0.1000000E+01
         1   416      4  0.1696580E-03  0.0000000E+00  0.1000000E+01
         1   416      5  0.2119667E-03  0.0000000E+00  0.1000000E+01
         1   416      6  0.2543018E-03  0.0000000E+00  0.1000000E+01
         1   416      7  0.2966631E-03  0.0000000E+00  0.1000000E+01
         1   416      8  0.3390505E-03  0.0000000E+00  0.9999999E+00
         1   416      9  0.3814639E-03  0.0000000E+00  0.9999999E+00
         1   416     10 -0.3996646E-02  0.0000000E+00  0.9999920E+00

         1   417      0  0.0000000E+00  0.0000000E+00  0.0000000E+00
         1   417      1  0.6880461E-06  0.0000000E+00  0.1000000E+01
         1   417      2  0.8511981E-04  0.0000000E+00  0.1000000E+01
         1   417      3  0.1273756E-03  0.0000000E+00  0.1000000E+01
         1   417      4  0.1696580E-03  0.0000000E+00  0.1000000E+01
         1   417      5  0.2119667E-03  0.0000000E+00  0.1000000E+01
         1   417      6  0.2543018E-03  0.0000000E+00  0.1000000E+01
         1   417      7  0.2966631E-03  0.0000000E+00  0.1000000E+01
         1   417      8  0.3390505E-03  0.0000000E+00  0.9999999E+00
         1   417      9  0.3814639E-03  0.0000000E+00  0.9999999E+00
         1   417     10 -0.3996646E-02  0.0000000E+00  0.9999920E+00

         1   418      0  0.0000000E+00  0.0000000E+00  0.0000000E+00
         1   418      1  0.6880461E-06  0.0000000E+00  0.1000000E+01
         1   418      2  0.8511981E-04  0.0000000E+00  0.1000000E+01
         1   418      3  0.1273756E-03  0.0000000E+00  0.1000000E+01
         1   418      4  0.1696580E-03  0.0000000E+00  0.1000000E+01
         1   418      5  0.2119667E-03  0.0000000E+00  0.1000000E+01
         1   418      6  0.2543018E-03  0.0000000E+00  0.1000000E+01
         1   418      7  0.2966631E-03  0.0000000E+00  0.1000000E+01
         1   418      8  0.3390505E-03  0.0000000E+00  0.9999999E+00
         1   418      9  0.3814639E-03  0.0000000E+00  0.9999999E+00
         1   418     10 -0.3996646E-02  0.0000000E+00  0.9999920E+00

         1   419      0  0.0000000E+00  0.0000000E+00  0.0000000E+00
         1   419      1  0.7056883E-06  0.0000000E+00  0.1000000E+01
         1   419      2  0.8516230E-04  0.0000000E+00  0.1000000E+01
         1   419      3  0.1274306E-03  0.0000000E+00  0.1000000E+01
         1   419      4  0.1697253E-03  0.0000000E+00  0.1000000E+01
         1   419      5  0.2120465E-03  0.0000000E+00  0.1000000E+01
         1   419      6  0.2543940E-03  0.0000000E+00  0.1000000E+01
         1   419      7  0.2967678E-03  0.0000000E+00  0.1000000E+01
         1   419      8  0.3391676E-03  0.0000000E+00  0.9999999E+00
         1   419      9  0.3815935E-03  0.0000000E+00  0.9999999E+00
         1   419     10 -0.3993882E-02  0.0000000E+00  0.9999920E+00

         1   420      0  0.0000000E+00  0.0000000E+00  0.0000000E+00
         1   420      1  0.7056883E-06  0.0000000E+00  0.1000000E+01
         1   420      2  0.8516230E-04  0.0000000E+00  0.1000000E+01
         1   420      3  0.1274306E-03  0.0000000E+00  0.1000000E+01
         1   420      4  0.1697253E-03  0.0000000E+00  0.1000000E+01
         1   420      5  0.2120465E-03  0.0000000E+00  0.1000000E+01
         1   420      6  0.2543940E-03  0.0000000E+00  0.1000000E+01
         1   420      7  0.2967678E-03  0.0000000E+00  0.1000000E+01
         1   420      8  0.3391676E-03  0.0000000E+00  0.9999999E+00
         1   420      9  0.3815935E-03  0.0000000E+00  0.9999999E+00
         1   420     10 -0.3993882E-02  0.0000000E+00  0.9999920E+00

         1   421      0  0.0000000E+00  0.0000000E+00  0.0000000E+00
         1   421      1  0.7056883E-06  0.0000000E+00  0.1000000E+01
         1   421      2  0.8516230E-04  0.0000000E+00  0.1000000E+01
         1   421      3  0.1274306E-03  0.0000000E+00  0.1000000E+01
         1   421      4  0.1697253E-03  0.0000000E+00  0.1000000E+01
         1   421      5  0.2120465E-03  0.0000000E+00  0.1000000E+01
         1   421      6  0.2543940E-03  0.0000000E+00  0.1000000E+01
         1   421      7  0.2967678E-03  0.0000000E+00  0.1000000E+01
         1   421      8  0.3391676E-03  0.0000000E+00  0.9999999E+00
         1   421      9  0.3815935E-03  0.0000000E+00  0.9999999E+00
         1   421     10 -0.3993882E-02  0.0000000E+00  0.9999920E+00

         1   422      0  0.0000000E+00  0.0000000E+00  0.0000000E+00
         1   422      1  0.7056883E-06  0.0000000E+00  0.1000000E+01
         1   422      2  0.8516230E-04  0.0000000E+00  0.1000000E+01
         1   422      3  0.1274306E-03  0.0000000E+00  0.1000000E+01
         1   422      4  0.1697253E-03  0.0000000E+00  0.1000000E+01
         1   422      5  0.2120465E-03  0.0000000E+00  0.1000000E+01
         1   422      6  0.2543940E-03  0.0000000E+00  0.1000000E+01
         1   422      7  0.2967678E-03  0.0000000E+00  0.1000000E+01
         1   422      8  0.3391676E-03  0.0000000E+00  0.9999999E+00
         1   422      9  0.3815935E-03  0.0000000E+00  0.9999999E+00
         1   422     10 -0.3993882E-02  0.0000000E+00  0.9999920E+00

         1   423      0  0.0000000E+00  0.0000000E+00  0.0000000E+00
         1   423      1  0.7056883E-06  0.0000000E+00  0.1000000E+01
         1   423      2  0.9160103E-04  0.0000000E+00  0.1000000E+01
         1   423      3  0.1370861E-03  0.0000000E+00  0.1000000E+01
         1   423      4  0.1825962E-03  0.0000000E+00  0.1000000E+01
         1   423      5  0.2281311E-03  0.0000000E+00  0.1000000E+01
         1   423      6  0.2736908E-03  0.0000000E+00  0.1000000E+01
         1   423      7  0.3192753E-03  0.0000000E+00  0.9999999E+00
         1   423      8  0.3648846E-03  0.0000000E+00  0.9999999E+00
         1   423      9  0.4105186E-03  0.0000000E+00  0.9999999E+00
         1   423     10 -0.3994353E-02  0.0000000E+00  0.9999920E+00

         1   424      0  0.0000000E+00  0.0000000E+00  0.0000000E+00
         1   424      1  0.7056883E-06  0.0000000E+00  0.1000000E+01
         1   424      2  0.1028786E-03  0.0000000E+00  0.1000000E+01
         1   424      3  0.1539999E-03  0.0000000E+00  0.1000000E+01
         1   424      4  0.2051446E-03  0.0000000E+00  0.1000000E+01
         1   424      5  0.2563125E-03  0.0000000E+00  0.1000000E+01
         1   424      6  0.3075039E-03  0.0000000E+00  0.1000000E+01
         1   424      7  0.3587185E-03  0.0000000E+00  0.9999999E+00
         1   424      8  0.4099566E-03  0.0000000E+00  0.9999999E+00
         1   424      9  0.4612182E-03  0.0000000E+00  0.9999999E+00
         1   424     10 -0.3994864E-02  0.0000000E+00  0.9999920E+00

         1   425      0  0.0000000E+00  0.0000000E+00  0.0000000E+00
         1   425      1  0.7056883E-06  0.0000000E+00  0.1000000E+01
         1   425      2  0.1028786E-03  0.0000000E+00  0.1000000E+01
         1   425      3  0.1539999E-03  0.0000000E+00  0.1000000E+01
         1   425      4  0.2051446E-03  0.0000000E+00  0.1000000E+01
         1   425      5  0.2563125E-03  0.0000000E+00  0.1000000E+01
         1   425      6  0.3075039E-03  0.0000000E+00  0.1000000E+01
         1   425      7  0.3587185E-03  0.0000000E+00  0.9999999E+00
         1   425      8  0.4099566E-03  0.0000000E+00  0.9999999E+00
         1   425      9  0.4612182E-03  0.0000000E+00  0.9999999E+00
         1   425     10 -0.3994864E-02  0.0000000E+00  0.9999920E+00

         1   426      0  0.0000000E+00  0.0000000E+00  0.0000000E+00
         1   426      1  0.7056883E-06  0.0000000E+00  0.1000000E+01
         1   426      2  0.1028786E-03  0.0000000E+00  0.1000000E+01
         1   426      3  0.1539999E-03  0.0000000E+00  0.1000000E+01
         1   426      4  0.2051446E-03  0.0000000E+00  0.1000000E+01
         1   426      5  0.2563125E-03  0.0000000E+00  0.1000000E+01
         1   426      6  0.3075039E-03  0.0000000E+00  0.1000000E+01
         1   426      7  0.3587185E-03  0.0000000E+00  0.9999999E+00
         1   426      8  0.4099566E-03  0.0000000E+00  0.9999999E+00
         1   426      9  0.4612182E-03  0.0000000E+00  0.9999999E+00
         1   426     10 -0.3994864E-02  0.0000000E+00  0.9999920E+00

         1   427      0  0.0000000E+00  0.0000000E+00  0.0000000E+00
         1   427      1  0.7056883E-06  0.0000000E+00  0.1000000E+01
         1   427      2  0.1028786E-03  0.0000000E+00  0.1000000E+01
         1   427      3  0.1539999E-03  0.0000000E+00  0.1000000E+01
         1   427      4  0.2051446E-03  0.0000000E+00  0.1000000E+01
         1   427      5  0.2563125E-03  0.0000000E+00  0.1000000E+01
         1   427      6  0.3075039E-03  0.0000000E+00  0.1000000E+01
         1   427      7  0.3587185E-03  0.0000000E+00  0.9999999E+00
         1   427      8  0.4099566E-03  0.0000000E+00  0.9999999E+00
         1   427      9  0.4612182E-03  0.0000000E+00  0.9999999E+00
         1   427     10 -0.3994864E-02  0.0000000E+00  0.9999920E+00

         1   428      0  0.0000000E+00  0.0000000E+00  0.0000000E+00
         1   428      1  0.7056883E-06  0.0000000E+00  0.1000000E+01
         1   428      2  0.1028786E-03  0.0000000E+00  0.1000000E+01
         1   428      3  0.1539999E-03  0.0000000E+00  0.1000000E+01
         1   428      4  0.2051446E-03  0.0000000E+00  0.1000000E+01
         1   428      5  0.2563125E-03  0.0000000E+00  0.1000000E+01
         1   428      6  0.3075039E-03  0.0000000E+00  0.1000000E+01
         1   428      7  0.3587185E-03  0.0000000E+00  0.9999999E+00
         1   428      8  0.4099566E-03  0.0000000E+00  0.9999999E+00
         1   428      9  0.4612182E-03  0.0000000E+00  0.9999999E+00
         1   428     10 -0.3994864E-02  0.0000000E+00  0.9999920E+00

         1   429      0  0.0000000E+00  0.0000000E+00  0.0000000E+00
         1   429      1  0.7056883E-06  0.0000000E+00  0.1000000E+01
         1   429      2  0.1028786E-03  0.0000000E+00  0.1000000E+01
         1   429      3  0.1539999E-03  0.0000000E+00  0.1000000E+01
         1   429      4  0.2051446E-03  0.0000000E+00  0.1000000E+01
         1   429      5  0.2563125E-03  0.0000000E+00  0.1000000E+01
         1   429      6  0.3075039E-03  0.0000000E+00  0.1000000E+01
         1   429      7  0.3587185E-03  0.0000000E+00  0.9999999E+00
         1   429      8  0.4099566E-03  0.0000000E+00  0.9999999E+00
         1   429      9  0.4612182E-03  0.0000000E+00  0.9999999E+00
         1   429     10 -0.3994864E-02  0.0000000E+00  0.9999920E+00

         1   430      0  0.0000000E+00  0.0000000E+00  0.0000000E+00
         1   430      1  0.7056883E-06  0.0000000E+00  0.1000000E+01
         1   430      2  0.1028786E-03  0.0000000E+00  0.1000000E+01
         1   430      3  0.1539999E-03  0.0000000E+00  0.1000000E+01
         1   430      4  0.2051446E-03  0.0000000E+00  0.1000000E+01
         1   430      5  0.2563125E-03  0.0000000E+00  0.1000000E+01
         1   430      6  0.3075039E-03  0.0000000E+00  0.1000000E+01
         1   430      7  0.3587185E-03  0.0000000E+00  0.9999999E+00
         1   430      8  0.4099566E-03  0.0000000E+00  0.9999999E+00
         1   430      9  0.4612182E-03  0.0000000E+00  0.9999999E+00
         1   430     10 -0.3994864E-02  0.0000000E+00  0.9999920E+00

         1   431      0  0.0000000E+00  0.0000000E+00  0.0000000E+00
         1   431      1  0.7056883E-06  0.0000000E+00  0.1000000E+01
         1   431      2  0.1028786E-03  0.0000000E+00  0.1000000E+01
         1   431      3  0.1539999E-03  0.0000000E+00  0.1000000E+01
         1   431      4  0.2051446E-03  0.0000000E+00  0.1000000E+01
         1   431      5  0.2563125E-03  0.0000000E+00  0.1000000E+01
         1   431      6  0.3075039E-03  0.0000000E+00  0.1000000E+01
         1   431      7  0.3587185E-03  0.0000000E+00  0.9999999E+00
         1   431      8  0.4099566E-03  0.0000000E+00  0.9999999E+00
         1   431      9  0.4612182E-03  0.0000000E+00  0.9999999E+00
         1   431     10 -0.3994864E-02  0.0000000E+00  0.9999920E+00

         1   432      0  0.0000000E+00  0.0000000E+00  0.0000000E+00
         1   432      1  0.7056883E-06  0.0000000E+00  0.1000000E+01
         1   432      2  0.2832225E-04  0.0000000E+00  0.1000000E+01
         1   432      3  0.4216489E-04  0.0000000E+00  0.1000000E+01
         1   432      4  0.5603037E-04  0.0000000E+00  0.1000000E+01
         1   432      5  0.6991861E-04  0.0000000E+00  0.1000000E+01
         1   432      6  0.8382957E-04  0.0000000E+00  0.1000000E+01
         1   432      7  0.9776317E-04  0.0000000E+00  0.1000000E+01
         1   432      8  0.1117194E-03  0.0000000E+00  0.1000000E+01
         1   432      9  0.1256981E-03  0.0000000E+00  0.1000000E+01
         1   432     10 -0.3994423E-02  0.0000000E+00  0.9999920E+00

         1   433      0  0.0000000E+00  0.0000000E+00  0.0000000E+00
         1   433      1  0.7056883E-06  0.0000000E+00  0.1000000E+01
         1   433      2 -0.4753319E-04  0.0000000E+00  0.1000000E+01
         1   433      3 -0.7161903E-04  0.0000000E+00  0.1000000E+01
         1   433      4 -0.9568265E-04  0.0000000E+00  0.1000000E+01
         1   433      5 -0.1197242E-03  0.0000000E+00  0.1000000E+01
         1   433      6 -0.1437438E-03  0.0000000E+00  0.1000000E+01
         1   433      7 -0.1677417E-03  0.0000000E+00  0.1000000E+01
         1   433      8 -0.1917179E-03  0.0000000E+00  0.1000000E+01
         1   433      9 -0.2156727E-03  0.0000000E+00  0.1000000E+01
         1   433     10 -0.3994012E-02  0.0000000E+00  0.9999920E+00

         1   434      0  0.0000000E+00  0.0000000E+00  0.0000000E+00
         1   434      1  0.7056883E-06  0.0000000E+00  0.1000000E+01
         1   434      2 -0.4753319E-04  0.0000000E+00  0.1000000E+01
         1   434      3 -0.7161903E-04  0.0000000E+00  0.1000000E+01
         1   434      4 -0.9568265E-04  0.0000000E+00  0.1000000E+01
         1   434      5 -0.1197242E-03  0.0000000E+00  0.1000000E+01
         1   434      6 -0.1437438E-03  0.0000000E+00  0.1000000E+01
         1   434      7 -0.1677417E-03  0.0000000E+00  0.1000000E+01
         1   434      8 -0.1917179E-03  0.0000000E+00  0.1000000E+01
         1   434      9 -0.2156727E-03  0.0000000E+00  0.1000000E+01
         1   434     10 -0.3994012E-02  0.0000000E+00  0.9999920E+00

         1   435      0  0.0000000E+00  0.0000000E+00  0.0000000E+00
         1   435      1  0.7056883E-06  0.0000000E+00  0.1000000E+01
         1   435      2 -0.4753319E-04  0.0000000E+00  0.1000000E+01
         1   435      3 -0.7161903E-04  0.0000000E+00  0.1000000E+01
         1   435      4 -0.9568265E-04  0.0000000E+00  0.1000000E+01
         1   435      5 -0.1197242E-03  0.0000000E+00  0.1000000E+01
         1   435      6 -0.1437438E-03  0.0000000E+00  0.1000000E+01
         1   435      7 -0.1677417E-03  0.0000000E+00  0.1000000E+01
         1   435      8 -0.1917179E-03  0.0000000E+00  0.1000000E+01
         1   435      9 -0.2156727E-03  0.0000000E+00  0.1000000E+01
         1   435     10 -0.3994012E-02  0.0000000E+00  0.9999920E+00

         1   436      0  0.0000000E+00  0.0000000E+00  0.0000000E+00
         1   436      1  0.7056883E-06  0.0000000E+00  0.1000000E+01
         1   436      2 -0.4753319E-04  0.0000000E+00  0.1000000E+01
         1   436      3 -0.7161903E-04  0.0000000E+00  0.1000000E+01
         1   436      4 -0.9568265E-04  0.0000000E+00  0.1000000E+01
         1   436      5 -0.1197242E-03  0.0000000E+00  0.1000000E+01
         1   436      6 -0.1437438E-03  0.0000000E+00  0.1000000E+01
         1   436      7 -0.1677417E-03  0.0000000E+00  0.1000000E+01
         1   436      8 -0.1917179E-03  0.0000000E+00  0.1000000E+01
         1   436      9 -0.2156727E-03  0.0000000E+00  0.1000000E+01
         1   436     10 -0.3994012E-02  0.0000000E+00  0.9999920E+00

         1   437      0  0.0000000E+00  0.0000000E+00  0.0000000E+00
         1   437      1  0.7056883E-06  0.0000000E+00  0.1000000E+01
         1   437      2 -0.4753319E-04  0.0000000E+00  0.1000000E+01
         1   437      3 -0.7161903E-04  0.0000000E+00  0.1000000E+01
         1   437      4 -0.9568265E-04  0.0000000E+00  0.1000000E+01
         1   437      5 -0.1197242E-03  0.0000000E+00  0.1000000E+01
         1   437      6 -0.1437438E-03  0.0000000E+00  0.1000000E+01
         1   437      7 -0.1677417E-03  0.0000000E+00  0.1000000E+01
         1   437      8 -0.1917179E-03  0.0000000E+00  0.1000000E+01
         1   437      9 -0.2156727E-03  0.0000000E+00  0.1000000E+01
         1   437     10 -0.3994012E-02  0.0000000E+00  0.9999920E+00

         1   438      0  0.0000000E+00  0.0000000E+00  0.0000000E+00
         1   438      1  0.7056883E-06  0.0000000E+00  0.1000000E+01
         1   438      2 -0.4753319E-04  0.0000000E+00  0.1000000E+01
         1   438      3 -0.7161903E-04  0.0000000E+00  0.1000000E+01
         1   438      4 -0.9568265E-04  0.0000000E+00  0.1000000E+01
         1   438      5 -0.1197242E-03  0.0000000E+00  0.1000000E+01
         1   438      6 -0.1437438E-03  0.0000000E+00  0.1000000E+01
         1   438      7 -0.1677417E-03  0.0000000E+00  0.1000000E+01
         1   438      8 -0.1917179E-03  0.0000000E+00  0.1000000E+01
         1   438      9 -0.2156727E-03  0.0000000E+00  0.1000000E+01
         1   438     10 -0.3994012E-02  0.0000000E+00  0.9999920E+00

         1   439      0  0.0000000E+00  0.0000000E+00  0.0000000E+00
         1   439      1  0.7056883E-06  0.0000000E+00  0.1000000E+01
         1   439      2 -0.4753319E-04  0.0000000E+00  0.1000000E+01
         1   439      3 -0.7161903E-04  0.0000000E+00  0.1000000E+01
         1   439      4 -0.9568265E-04  0.0000000E+00  0.1000000E+01
         1   439      5 -0.1197242E-03  0.0000000E+00  0.1000000E+01
         1   439      6 -0.1437438E-03  0.0000000E+00  0.1000000E+01
         1   439      7 -0.1677417E-03  0.0000000E+00  0.1000000E+01
         1   439      8 -0.1917179E-03  0.0000000E+00  0.1000000E+01
         1   439      9 -0.2156727E-03  0.0000000E+00  0.1000000E+01
         1   439     10 -0.3994012E-02  0.0000000E+00  0.9999920E+00

         1   440      0  0.0000000E+00  0.0000000E+00  0.0000000E+00
         1   440      1  0.7056883E-06  0.0000000E+00  0.1000000E+01
         1   440      2 -0.4753319E-04  0.0000000E+00  0.1000000E+01
         1   440      3 -0.7161903E-04  0.0000000E+00  0.1000000E+01
         1   440      4 -0.9568265E-04  0.0000000E+00  0.1000000E+01
         1   440      5 -0.1197242E-03  0.0000000E+00  0.1000000E+01
         1   440      6 -0.1437438E-03  0.0000000E+00  0.1000000E+01
         1   440      7 -0.1677417E-03  0.0000000E+00  0.1000000E+01
         1   440      8 -0.1917179E-03  0.0000000E+00  0.1000000E+01
         1   440      9 -0.2156727E-03  0.0000000E+00  0.1000000E+01
         1   440     10 -0.3994012E-02  0.0000000E+00  0.9999920E+00

         1   441      0  0.0000000E+00  0.0000000E+00  0.0000000E+00
         1   441      1  0.7056883E-06  0.0000000E+00  0.1000000E+01
         1   441      2 -0.5245010E-05  0.0000000E+00  0.1000000E+01
         1   441      3 -0.8183752E-05  0.0000000E+00  0.1000000E+01
         1   441      4 -0.1109829E-04  0.0000000E+00  0.1000000E+01
         1   441      5 -0.1398877E-04  0.0000000E+00  0.1000000E+01
         1   441      6 -0.1685535E-04  0.0000000E+00  0.1000000E+01
         1   441      7 -0.1969818E-04  0.0000000E+00  0.1000000E+01
         1   441      8 -0.2251741E-04  0.0000000E+00  0.1000000E+01
         1   441      9 -0.2531319E-04  0.0000000E+00  0.1000000E+01
         1   441     10 -0.3993804E-02  0.0000000E+00  0.9999920E+00

         1   442      0  0.0000000E+00  0.0000000E+00  0.0000000E+00
         1   442      1  0.7056883E-06  0.0000000E+00  0.1000000E+01
         1   442      2  0.3127800E-04  0.0000000E+00  0.1000000E+01
         1   442      3  0.4660364E-04  0.0000000E+00  0.1000000E+01
         1   442      4  0.6195538E-04  0.0000000E+00  0.1000000E+01
         1   442      5  0.7733307E-04  0.0000000E+00  0.1000000E+01
         1   442      6  0.9273653E-04  0.0000000E+00  0.1000000E+01
         1   442      7  0.1081656E-03  0.0000000E+00  0.1000000E+01
         1   442      8  0.1236202E-03  0.0000000E+00  0.1000000E+01
         1   442      9  0.1391000E-03  0.0000000E+00  0.1000000E+01
         1   442     10 -0.3993577E-02  0.0000000E+00  0.9999920E+00

         1   443      0  0.0000000E+00  0.0000000E+00  0.0000000E+00
         1   443      1  0.7056883E-06  0.0000000E+00  0.1000000E+01
         1   443      2  0.3127800E-04  0.0000000E+00  0.1000000E+01
         1   443      3  0.4660364E-04  0.0000000E+00  0.1000000E+01
         1   443      4  0.6195538E-04  0.0000000E+00  0.1000000E+01
         1   443      5  0.7733307E-04  0.0000000E+00  0.1000000E+01
         1   443      6  0.9273653E-04  0.0000000E+00  0.1000000E+01
         1   443      7  0.1081656E-03  0.0000000E+00  0.1000000E+01
         1   443      8  0.1236202E-03  0.0000000E+00  0.1000000E+01
         1   443      9  0.1391000E-03  0.0000000E+00  0.1000000E+01
         1   443     10 -0.3993577E-02  0.0000000E+00  0.9999920E+00

         1   444      0  0.0000000E+00  0.0000000E+00  0.0000000E+00
         1   444      1  0.7056883E-06  0.0000000E+00  0.1000000E+01
         1   444      2  0.3127800E-04  0.0000000E+00  0.1000000E+01
         1   444      3  0.4660364E-04  0.0000000E+00  0.1000000E+01
         1   444      4  0.6195538E-04  0.0000000E+00  0.1000000E+01
         1   444      5  0.7733307E-04  0.0000000E+00  0.1000000E+01
         1   444      6  0.9273653E-04  0.0000000E+00  0.1000000E+01
         1   444      7  0.1081656E-03  0.0000000E+00  0.1000000E+01
         1   444      8  0.1236202E-03  0.0000000E+00  0.1000000E+01
         1   444      9  0.1391000E-03  0.0000000E+00  0.1000000E+01
         1   444     10 -0.3993577E-02  0.0000000E+00  0.9999920E+00

         1   445      0  0.0000000E+00  0.0000000E+00  0.0000000E+00
         1   445      1  0.7056883E-06  0.0000000E+00  0.1000000E+01
         1   445      2  0.3127800E-04  0.0000000E+00  0.1000000E+01
         1   445      3  0.4660364E-04  0.0000000E+00  0.1000000E+01
         1   445      4  0.6195538E-04  0.0000000E+00  0.1000000E+01
         1   445      5  0.7733307E-04  0.0000000E+00  0.1000000E+01
         1   445      6  0.9273653E-04  0.0000000E+00  0.1000000E+01
         1   445      7  0.1081656E-03  0.0000000E+00  0.1000000E+01
         1   445      8  0.1236202E-03  0.0000000E+00  0.1000000E+01
         1   445      9  0.1391000E-03  0.0000000E+00  0.1000000E+01
         1   445     10 -0.3993577E-02  0.0000000E+00  0.9999920E+00

         1   446      0  0.0000000E+00  0.0000000E+00  0.0000000E+00
         1   446      1  0.7233306E-06  0.0000000E+00  0.1000000E+01
         1   446      2  0.3121725E-04  0.0000000E+00  0.1000000E+01
         1   446      3  0.4650368E-04  0.0000000E+00  0.1000000E+01
         1   446      4  0.6181621E-04  0.0000000E+00  0.1000000E+01
         1   446      5  0.7715468E-04  0.0000000E+00  0.1000000E+01
         1   446      6  0.9251892E-04  0.0000000E+00  0.1000000E+01
         1   446      7  0.1079088E-03  0.0000000E+00  0.1000000E+01
         1   446      8  0.1233241E-03  0.0000000E+00  0.1000000E+01
         1   446      9  0.1387647E-03  0.0000000E+00  0.1000000E+01
         1   446     10 -0.3990816E-02  0.0000000E+00  0.9999920E+00

         1   447      0  0.0000000E+00  0.0000000E+00  0.0000000E+00
         1   447      1  0.7233306E-06  0.0000000E+00  0.1000000E+01
         1   447      2  0.3121725E-04  0.0000000E+00  0.1000000E+01
         1   447      3  0.4650368E-04  0.0000000E+00  0.1000000E+01
         1   447      4  0.6181621E-04  0.0000000E+00  0.1000000E+01
         1   447      5  0.7715468E-04  0.0000000E+00  0.1000000E+01
         1   447      6  0.9251892E-04  0.0000000E+00  0.1000000E+01
         1   447      7  0.1079088E-03  0.0000000E+00  0.1000000E+01
         1   447      8  0.1233241E-03  0.0000000E+00  0.1000000E+01
         1   447      9  0.1387647E-03  0.0000000E+00  0.1000000E+01
         1   447     10 -0.3990816E-02  0.0000000E+00  0.9999920E+00

         1   448      0  0.0000000E+00  0.0000000E+00  0.0000000E+00
         1   448      1  0.7233306E-06  0.0000000E+00  0.1000000E+01
         1   448      2  0.3121725E-04  0.0000000E+00  0.1000000E+01
         1   448      3  0.4650368E-04  0.0000000E+00  0.1000000E+01
         1   448      4  0.6181621E-04  0.0000000E+00  0.1000000E+01
         1   448      5  0.7715468E-04  0.0000000E+00  0.1000000E+01
         1   448      6  0.9251892E-04  0.0000000E+00  0.1000000E+01
         1   448      7  0.1079088E-03  0.0000000E+00  0.1000000E+01
         1   448      8  0.1233241E-03  0.0000000E+00  0.1000000E+01
         1   448      9  0.1387647E-03  0.0000000E+00  0.1000000E+01
         1   448     10 -0.3990816E-02  0.0000000E+00  0.9999920E+00

         1   449      0  0.0000000E+00  0.0000000E+00  0.0000000E+00
         1   449      1  0.7233306E-06  0.0000000E+00  0.1000000E+01
         1   449      2  0.3121725E-04  0.0000000E+00  0.1000000E+01
         1   449      3  0.4650368E-04  0.0000000E+00  0.1000000E+01
         1   449      4  0.6181621E-04  0.0000000E+00  0.1000000E+01
         1   449      5  0.7715468E-04  0.0000000E+00  0.1000000E+01
         1   449      6  0.9251892E-04  0.0000000E+00  0.1000000E+01
         1   449      7  0.1079088E-03  0.0000000E+00  0.1000000E+01
         1   449      8  0.1233241E-03  0.0000000E+00  0.1000000E+01
         1   449      9  0.1387647E-03  0.0000000E+00  0.1000000E+01
         1   449     10 -0.3990816E-02  0.0000000E+00  0.9999920E+00

         1   450      0  0.0000000E+00  0.0000000E+00  0.0000000E+00
         1   450      1  0.7233306E-06  0.0000000E+00  0.1000000E+01
         1   450      2 -0.2341625E-04  0.0000000E+00  0.1000000E+01
         1   450      3 -0.3545505E-04  0.0000000E+00  0.1000000E+01
         1   450      4 -0.4747328E-04  0.0000000E+00  0.1000000E+01
         1   450      5 -0.5947099E-04  0.0000000E+00  0.1000000E+01
         1   450      6 -0.7144827E-04  0.0000000E+00  0.1000000E+01
         1   450      7 -0.8340516E-04  0.0000000E+00  0.1000000E+01
         1   450      8 -0.9534174E-04  0.0000000E+00  0.1000000E+01
         1   450      9 -0.1072581E-03  0.0000000E+00  0.1000000E+01
         1   450     10 -0.4021571E-02  0.0000000E+00  0.9999919E+00

         1   451      0  0.0000000E+00  0.0000000E+00  0.0000000E+00
         1   451      1  0.7233306E-06  0.0000000E+00  0.1000000E+01
         1   451      2 -0.7694648E-04  0.0000000E+00  0.1000000E+01
         1   451      3 -0.1157589E-03  0.0000000E+00  0.1000000E+01
         1   451      4 -0.1545563E-03  0.0000000E+00  0.1000000E+01
         1   451      5 -0.1933387E-03  0.0000000E+00  0.1000000E+01
         1   451      6 -0.2321060E-03  0.0000000E+00  0.1000000E+01
         1   451      7 -0.2708581E-03  0.0000000E+00  0.1000000E+01
         1   451      8 -0.3095951E-03  0.0000000E+00  0.1000000E+01
         1   451      9 -0.3483168E-03  0.0000000E+00  0.9999999E+00
         1   451     10 -0.4055738E-02  0.0000000E+00  0.9999918E+00

         1   452      0  0.0000000E+00  0.0000000E+00  0.0000000E+00
         1   452      1  0.7233306E-06  0.0000000E+00  0.1000000E+01
         1   452      2 -0.7694648E-04  0.0000000E+00  0.1000000E+01
         1   452      3 -0.1157589E-03  0.0000000E+00  0.1000000E+01
         1   452      4 -0.1545563E-03  0.0000000E+00  0.1000000E+01
         1   452      5 -0.1933387E-03  0.0000000E+00  0.1000000E+01
         1   452      6 -0.2321060E-03  0.0000000E+00  0.1000000E+01
         1   452      7 -0.2708581E-03  0.0000000E+00  0.1000000E+01
         1   452      8 -0.3095951E-03  0.0000000E+00  0.1000000E+01
         1   452      9 -0.3483168E-03  0.0000000E+00  0.9999999E+00
         1   452     10 -0.4055738E-02  0.0000000E+00  0.9999918E+00

         1   453      0  0.0000000E+00  0.0000000E+00  0.0000000E+00
         1   453      1  0.7233306E-06  0.0000000E+00  0.1000000E+01
         1   453      2 -0.7694648E-04  0.0000000E+00  0.1000000E+01
         1   453      3 -0.1157589E-03  0.0000000E+00  0.1000000E+01
         1   453      4 -0.1545563E-03  0.0000000E+00  0.1000000E+01
         1   453      5 -0.1933387E-03  0.0000000E+00  0.1000000E+01
         1   453      6 -0.2321060E-03  0.0000000E+00  0.1000000E+01
         1   453      7 -0.2708581E-03  0.0000000E+00  0.1000000E+01
         1   453      8 -0.3095951E-03  0.0000000E+00  0.1000000E+01
         1   453      9 -0.3483168E-03  0.0000000E+00  0.9999999E+00
         1   453     10 -0.4055738E-02  0.0000000E+00  0.9999918E+00

         1   454      0  0.0000000E+00  0.0000000E+00  0.0000000E+00
         1   454      1  0.7233306E-06  0.0000000E+00  0.1000000E+01
         1   454      2 -0.7694648E-04  0.0000000E+00  0.1000000E+01
         1   454      3 -0.1157589E-03  0.0000000E+00  0.1000000E+01
         1   454      4 -0.1545563E-03  0.0000000E+00  0.1000000E+01
         1   454      5 -0.1933387E-03  0.0000000E+00  0.1000000E+01
         1   454      6 -0.2321060E-03  0.0000000E+00  0.1000000E+01
         1   454      7 -0.2708581E-03  0.0000000E+00  0.1000000E+01
         1   454      8 -0.3095951E-03  0.0000000E+00  0.1000000E+01
         1   454      9 -0.3483168E-03  0.0000000E+00  0.9999999E+00
         1   454     10 -0.4055738E-02  0.0000000E+00  0.9999918E+00

         1   455      0  0.0000000E+00  0.0000000E+00  0.0000000E+00
         1   455      1  0.7409728E-06  0.0000000E+00  0.1000000E+01
         1   455      2 -0.7698231E-04  0.0000000E+00  0.1000000E+01
         1   455      3 -0.1158215E-03  0.0000000E+00  0.1000000E+01
         1   455      4 -0.1546457E-03  0.0000000E+00  0.1000000E+01
         1   455      5 -0.1934548E-03  0.0000000E+00  0.1000000E+01
         1   455      6 -0.2322488E-03  0.0000000E+00  0.1000000E+01
         1   455      7 -0.2710277E-03  0.0000000E+00  0.1000000E+01
         1   455      8 -0.3097915E-03  0.0000000E+00  0.1000000E+01
         1   455      9 -0.3485400E-03  0.0000000E+00  0.9999999E+00
         1   455     10 -0.4053054E-02  0.0000000E+00  0.9999918E+00

         1   456      0  0.0000000E+00  0.0000000E+00  0.0000000E+00
         1   456      1  0.7409728E-06  0.0000000E+00  0.1000000E+01
         1   456      2 -0.7698231E-04  0.0000000E+00  0.1000000E+01
         1   456      3 -0.1158215E-03  0.0000000E+00  0.1000000E+01
         1   456      4 -0.1546457E-03  0.0000000E+00  0.1000000E+01
         1   456      5 -0.1934548E-03  0.0000000E+00  0.1000000E+01
         1   456      6 -0.2322488E-03  0.0000000E+00  0.1000000E+01
         1   456      7 -0.2710277E-03  0.0000000E+00  0.1000000E+01
         1   456      8 -0.3097915E-03  0.0000000E+00  0.1000000E+01
         1   456      9 -0.3485400E-03  0.0000000E+00  0.9999999E+00
         1   456     10 -0.4053054E-02  0.0000000E+00  0.9999918E+00

         1   457      0  0.0000000E+00  0.0000000E+00  0.0000000E+00
         1   457      1  0.7409728E-06  0.0000000E+00  0.1000000E+01
         1   457      2 -0.7698231E-04  0.0000000E+00  0.1000000E+01
         1   457      3 -0.1158215E-03  0.0000000E+00  0.1000000E+01
         1   457      4 -0.1546457E-03  0.0000000E+00  0.1000000E+01
         1   457      5 -0.1934548E-03  0.0000000E+00  0.1000000E+01
         1   457      6 -0.2322488E-03  0.0000000E+00  0.1000000E+01
         1   457      7 -0.2710277E-03  0.0000000E+00  0.1000000E+01
         1   457      8 -0.3097915E-03  0.0000000E+00  0.1000000E+01
         1   457      9 -0.3485400E-03  0.0000000E+00  0.9999999E+00
         1   457     10 -0.4053054E-02  0.0000000E+00  0.9999918E+00

         1   458      0  0.0000000E+00  0.0000000E+00  0.0000000E+00
         1   458      1  0.7409728E-06  0.0000000E+00  0.1000000E+01
         1   458      2 -0.7698231E-04  0.0000000E+00  0.1000000E+01
         1   458      3 -0.1158215E-03  0.0000000E+00  0.1000000E+01
         1   458      4 -0.1546457E-03  0.0000000E+00  0.1000000E+01
         1   458      5 -0.1934548E-03  0.0000000E+00  0.1000000E+01
         1   458      6 -0.2322488E-03  0.0000000E+00  0.1000000E+01
         1   458      7 -0.2710277E-03  0.0000000E+00  0.1000000E+01
         1   458      8 -0.3097915E-03  0.0000000E+00  0.1000000E+01
         1   458      9 -0.3485400E-03  0.0000000E+00  0.9999999E+00
         1   458     10 -0.4053054E-02  0.0000000E+00  0.9999918E+00

         1   459      0  0.0000000E+00  0.0000000E+00  0.0000000E+00
         1   459      1  0.7409728E-06  0.0000000E+00  0.1000000E+01
         1   459      2 -0.6707976E-04  0.0000000E+00  0.1000000E+01
         1   459      3 -0.1009641E-03  0.0000000E+00  0.1000000E+01
         1   459      4 -0.1348312E-03  0.0000000E+00  0.1000000E+01
         1   459      5 -0.1686810E-03  0.0000000E+00  0.1000000E+01
         1   459      6 -0.2025136E-03  0.0000000E+00  0.1000000E+01
         1   459      7 -0.2363291E-03  0.0000000E+00  0.1000000E+01
         1   459      8 -0.2701274E-03  0.0000000E+00  0.1000000E+01
         1   459      9 -0.3039086E-03  0.0000000E+00  0.1000000E+01
         1   459     10 -0.3970471E-02  0.0000000E+00  0.9999921E+00

         1   460      0  0.0000000E+00  0.0000000E+00  0.0000000E+00
         1   460      1  0.7409728E-06  0.0000000E+00  0.1000000E+01
         1   460      2 -0.5988591E-04  0.0000000E+00  0.1000000E+01
         1   460      3 -0.9016996E-04  0.0000000E+00  0.1000000E+01
         1   460      4 -0.1204346E-03  0.0000000E+00  0.1000000E+01
         1   460      5 -0.1506799E-03  0.0000000E+00  0.1000000E+01
         1   460      6 -0.1809060E-03  0.0000000E+00  0.1000000E+01
         1   460      7 -0.2111130E-03  0.0000000E+00  0.1000000E+01
         1   460      8 -0.2413011E-03  0.0000000E+00  0.1000000E+01
         1   460      9 -0.2714703E-03  0.0000000E+00  0.1000000E+01
         1   460     10 -0.3878872E-02  0.0000000E+00  0.9999925E+00

         1   461      0  0.0000000E+00  0.0000000E+00  0.0000000E+00
         1   461      1  0.7409728E-06  0.0000000E+00  0.1000000E+01
         1   461      2 -0.5988591E-04  0.0000000E+00  0.1000000E+01
         1   461      3 -0.9016996E-04  0.0000000E+00  0.1000000E+01
         1   461      4 -0.1204346E-03  0.0000000E+00  0.1000000E+01
         1   461      5 -0.1506799E-03  0.0000000E+00  0.1000000E+01
         1   461      6 -0.1809060E-03  0.0000000E+00  0.1000000E+01
         1   461      7 -0.2111130E-03  0.0000000E+00  0.1000000E+01
         1   461      8 -0.2413011E-03  0.0000000E+00  0.1000000E+01
         1   461      9 -0.2714703E-03  0.0000000E+00  0.1000000E+01
         1   461     10 -0.3878872E-02  0.0000000E+00  0.9999925E+00

         1   462      0  0.0000000E+00  0.0000000E+00  0.0000000E+00
         1   462      1  0.7409728E-06  0.0000000E+00  0.1000000E+01
         1   462      2 -0.5988591E-04  0.0000000E+00  0.1000000E+01
         1   462      3 -0.9016996E-04  0.0000000E+00  0.1000000E+01
         1   462      4 -0.1204346E-03  0.0000000E+00  0.1000000E+01
         1   462      5 -0.1506799E-03  0.0000000E+00  0.1000000E+01
         1   462      6 -0.1809060E-03  0.0000000E+00  0.1000000E+01
         1   462      7 -0.2111130E-03  0.0000000E+00  0.1000000E+01
         1   462      8 -0.2413011E-03  0.0000000E+00  0.1000000E+01
         1   462      9 -0.2714703E-03  0.0000000E+00  0.1000000E+01
         1   462     10 -0.3878872E-02  0.0000000E+00  0.9999925E+00

         1   463      0  0.0000000E+00  0.0000000E+00  0.0000000E+00
         1   463      1  0.7409728E-06  0.0000000E+00  0.1000000E+01
         1   463      2 -0.5988591E-04  0.0000000E+00  0.1000000E+01
         1   463      3 -0.9016996E-04  0.0000000E+00  0.1000000E+01
         1   463      4 -0.1204346E-03  0.0000000E+00  0.1000000E+01
         1   463      5 -0.1506799E-03  0.0000000E+00  0.1000000E+01
         1   463      6 -0.1809060E-03  0.0000000E+00  0.1000000E+01
         1   463      7 -0.2111130E-03  0.0000000E+00  0.1000000E+01
         1   463      8 -0.2413011E-03  0.0000000E+00  0.1000000E+01
         1   463      9 -0.2714703E-03  0.0000000E+00  0.1000000E+01
         1   463     10 -0.3878872E-02  0.0000000E+00  0.9999925E+00

         1   464      0  0.0000000E+00  0.0000000E+00  0.0000000E+00
         1   464      1  0.7586150E-06  0.0000000E+00  0.1000000E+01
         1   464      2 -0.5985269E-04  0.0000000E+00  0.1000000E+01
         1   464      3 -0.9012897E-04  0.0000000E+00  0.1000000E+01
         1   464      4 -0.1203858E-03  0.0000000E+00  0.1000000E+01
         1   464      5 -0.1506233E-03  0.0000000E+00  0.1000000E+01
         1   464      6 -0.1808417E-03  0.0000000E+00  0.1000000E+01
         1   464      7 -0.2110409E-03  0.0000000E+00  0.1000000E+01
         1   464      8 -0.2412212E-03  0.0000000E+00  0.1000000E+01
         1   464      9 -0.2713826E-03  0.0000000E+00  0.1000000E+01
         1   464     10 -0.3876417E-02  0.0000000E+00  0.9999925E+00

         1   465      0  0.0000000E+00  0.0000000E+00  0.0000000E+00
         1   465      1  0.7586150E-06  0.0000000E+00  0.1000000E+01
         1   465      2 -0.5985269E-04  0.0000000E+00  0.1000000E+01
         1   465      3 -0.9012897E-04  0.0000000E+00  0.1000000E+01
         1   465      4 -0.1203858E-03  0.0000000E+00  0.1000000E+01
         1   465      5 -0.1506233E-03  0.0000000E+00  0.1000000E+01
         1   465      6 -0.1808417E-03  0.0000000E+00  0.1000000E+01
         1   465      7 -0.2110409E-03  0.0000000E+00  0.1000000E+01
         1   465      8 -0.2412212E-03  0.0000000E+00  0.1000000E+01
         1   465      9 -0.2713826E-03  0.0000000E+00  0.1000000E+01
         1   465     10 -0.3876417E-02  0.0000000E+00  0.9999925E+00

         1   466      0  0.0000000E+00  0.0000000E+00  0.0000000E+00
         1   466      1  0.7586150E-06  0.0000000E+00  0.1000000E+01
         1   466      2 -0.5985329E-04  0.0000000E+00  0.1000000E+01
         1   466      3 -0.9013032E-04  0.0000000E+00  0.1000000E+01
         1   466      4 -0.1203882E-03  0.0000000E+00  0.1000000E+01
         1   466      5 -0.1506271E-03  0.0000000E+00  0.1000000E+01
         1   466      6 -0.1808471E-03  0.0000000E+00  0.1000000E+01
         1   466      7 -0.2110483E-03  0.0000000E+00  0.1000000E+01
         1   466      8 -0.2412308E-03  0.0000000E+00  0.1000000E+01
         1   466      9 -0.2713948E-03  0.0000000E+00  0.1000000E+01
         1   466     10 -0.3876503E-02  0.0000000E+00  0.9999925E+00

         1   467      0  0.0000000E+00  0.0000000E+00  0.0000000E+00
         1   467      1  0.7586150E-06  0.0000000E+00  0.1000000E+01
         1   467      2 -0.5985329E-04  0.0000000E+00  0.1000000E+01
         1   467      3 -0.9013032E-04  0.0000000E+00  0.1000000E+01
         1   467      4 -0.1203882E-03  0.0000000E+00  0.1000000E+01
         1   467      5 -0.1506271E-03  0.0000000E+00  0.1000000E+01
         1   467      6 -0.1808471E-03  0.0000000E+00  0.1000000E+01
         1   467      7 -0.2110483E-03  0.0000000E+00  0.1000000E+01
         1   467      8 -0.2412308E-03  0.0000000E+00  0.1000000E+01
         1   467      9 -0.2713948E-03  0.0000000E+00  0.1000000E+01
         1   467     10 -0.3876503E-02  0.0000000E+00  0.9999925E+00

         1   468      0  0.0000000E+00  0.0000000E+00  0.0000000E+00
         1   468      1  0.7586150E-06  0.0000000E+00  0.1000000E+01
         1   468      2 -0.3334897E-04  0.0000000E+00  0.1000000E+01
         1   468      3 -0.5037659E-04  0.0000000E+00  0.1000000E+01
         1   468      4 -0.6738674E-04  0.0000000E+00  0.1000000E+01
         1   468      5 -0.8437939E-04  0.0000000E+00  0.1000000E+01
         1   468      6 -0.1013545E-03  0.0000000E+00  0.1000000E+01
         1   468      7 -0.1183121E-03  0.0000000E+00  0.1000000E+01
         1   468      8 -0.1352521E-03  0.0000000E+00  0.1000000E+01
         1   468      9 -0.1521745E-03  0.0000000E+00  0.1000000E+01
         1   468     10 -0.4177106E-02  0.0000000E+00  0.9999913E+00

         1   469      0  0.0000000E+00  0.0000000E+00  0.0000000E+00
         1   469      1  0.7586150E-06  0.0000000E+00  0.1000000E+01
         1   469      2 -0.5277445E-05  0.0000000E+00  0.1000000E+01
         1   469      3 -0.8271862E-05  0.0000000E+00  0.1000000E+01
         1   469      4 -0.1125032E-04  0.0000000E+00  0.1000000E+01
         1   469      5 -0.1421266E-04  0.0000000E+00  0.1000000E+01
         1   469      6 -0.1715871E-04  0.0000000E+00  0.1000000E+01
         1   469      7 -0.2008831E-04  0.0000000E+00  0.1000000E+01
         1   469      8 -0.2300131E-04  0.0000000E+00  0.1000000E+01
         1   469      9 -0.2589753E-04  0.0000000E+00  0.1000000E+01
         1   469     10 -0.4483193E-02  0.0000000E+00  0.9999900E+00

         1   470      0  0.0000000E+00  0.0000000E+00  0.0000000E+00
         1   470      1  0.7586150E-06  0.0000000E+00  0.1000000E+01
         1   470      2 -0.5277445E-05  0.0000000E+00  0.1000000E+01
         1   470      3 -0.8271862E-05  0.0000000E+00  0.1000000E+01
         1   470      4 -0.1125032E-04  0.0000000E+00  0.1000000E+01
         1   470      5 -0.1421266E-04  0.0000000E+00  0.1000000E+01
         1   470      6 -0.1715871E-04  0.0000000E+00  0.1000000E+01
         1   470      7 -0.2008831E-04  0.0000000E+00  0.1000000E+01
         1   470      8 -0.2300131E-04  0.0000000E+00  0.1000000E+01
         1   470      9 -0.2589753E-04  0.0000000E+00  0.1000000E+01
         1   470     10 -0.4483193E-02  0.0000000E+00  0.9999900E+00

         1   471      0  0.0000000E+00  0.0000000E+00  0.0000000E+00
         1   471      1  0.7586150E-06  0.0000000E+00  0.1000000E+01
         1   471      2 -0.5277445E-05  0.0000000E+00  0.1000000E+01
         1   471      3 -0.8271862E-05  0.0000000E+00  0.1000000E+01
         1   471      4 -0.1125032E-04  0.0000000E+00  0.1000000E+01
         1   471      5 -0.1421266E-04  0.0000000E+00  0.1000000E+01
         1   471      6 -0.1715871E-04  0.0000000E+00  0.1000000E+01
         1   471      7 -0.2008831E-04  0.0000000E+00  0.1000000E+01
         1   471      8 -0.2300131E-04  0.0000000E+00  0.1000000E+01
         1   471      9 -0.2589753E-04  0.0000000E+00  0.1000000E+01
         1   471     10 -0.4483193E-02  0.0000000E+00  0.9999900E+00

         1   472      0  0.0000000E+00  0.0000000E+00  0.0000000E+00
         1   472      1  0.7586150E-06  0.0000000E+00  0.1000000E+01
         1   472      2 -0.5277445E-05  0.0000000E+00  0.1000000E+01
         1   472      3 -0.8271862E-05  0.0000000E+00  0.1000000E+01
         1   472      4 -0.1125032E-04  0.0000000E+00  0.1000000E+01
         1   472      5 -0.1421266E-04  0.0000000E+00  0.1000000E+01
         1   472      6 -0.1715871E-04  0.0000000E+00  0.1000000E+01
         1   472      7 -0.2008831E-04  0.0000000E+00  0.1000000E+01
         1   472      8 -0.2300131E-04  0.0000000E+00  0.1000000E+01
         1   472      9 -0.2589753E-04  0.0000000E+00  0.1000000E+01
         1   472     10 -0.4483193E-02  0.0000000E+00  0.9999900E+00

         1   473      0  0.0000000E+00  0.0000000E+00  0.0000000E+00
         1   473      1  0.7762572E-06  0.0000000E+00  0.1000000E+01
         1   473      2 -0.5208834E-05  0.0000000E+00  0.1000000E+01
         1   473      3 -0.8177766E-05  0.0000000E+00  0.1000000E+01
         1   473      4 -0.1113074E-04  0.0000000E+00  0.1000000E+01
         1   473      5 -0.1406759E-04  0.0000000E+00  0.1000000E+01
         1   473      6 -0.1698816E-04  0.0000000E+00  0.1000000E+01
         1   473      7 -0.1989228E-04  0.0000000E+00  0.1000000E+01
         1   473      8 -0.2277979E-04  0.0000000E+00  0.1000000E+01
         1   473      9 -0.2565053E-04  0.0000000E+00  0.1000000E+01
         1   473     10 -0.4480863E-02  0.0000000E+00  0.9999900E+00

         1   474      0  0.0000000E+00  0.0000000E+00  0.0000000E+00
         1   474      1  0.7762572E-06  0.0000000E+00  0.1000000E+01
         1   474      2 -0.5208834E-05  0.0000000E+00  0.1000000E+01
         1   474      3 -0.8177766E-05  0.0000000E+00  0.1000000E+01
         1   474      4 -0.1113074E-04  0.0000000E+00  0.1000000E+01
         1   474      5 -0.1406759E-04  0.0000000E+00  0.1000000E+01
         1   474      6 -0.1698816E-04  0.0000000E+00  0.1000000E+01
         1   474      7 -0.1989228E-04  0.0000000E+00  0.1000000E+01
         1   474      8 -0.2277979E-04  0.0000000E+00  0.1000000E+01
         1   474      9 -0.2565053E-04  0.0000000E+00  0.1000000E+01
         1   474     10 -0.4480863E-02  0.0000000E+00  0.9999900E+00

         1   475      0  0.0000000E+00  0.0000000E+00  0.0000000E+00
         1   475      1  0.7762572E-06  0.0000000E+00  0.1000000E+01
         1   475      2 -0.5213073E-05  0.0000000E+00  0.1000000E+01
         1   475      3 -0.8187305E-05  0.0000000E+00  0.1000000E+01
         1   475      4 -0.1114770E-04  0.0000000E+00  0.1000000E+01
         1   475      5 -0.1409409E-04  0.0000000E+00  0.1000000E+01
         1   475      6 -0.1702632E-04  0.0000000E+00  0.1000000E+01
         1   475      7 -0.1994422E-04  0.0000000E+00  0.1000000E+01
         1   475      8 -0.2284764E-04  0.0000000E+00  0.1000000E+01
         1   475      9 -0.2573640E-04  0.0000000E+00  0.1000000E+01
         1   475     10 -0.4481102E-02  0.0000000E+00  0.9999900E+00

         1   476      0  0.0000000E+00  0.0000000E+00  0.0000000E+00
         1   476      1  0.7762572E-06  0.0000000E+00  0.1000000E+01
         1   476      2 -0.5213073E-05  0.0000000E+00  0.1000000E+01
         1   476      3 -0.8187305E-05  0.0000000E+00  0.1000000E+01
         1   476      4 -0.1114770E-04  0.0000000E+00  0.1000000E+01
         1   476      5 -0.1409409E-04  0.0000000E+00  0.1000000E+01
         1   476      6 -0.1702632E-04  0.0000000E+00  0.1000000E+01
         1   476      7 -0.1994422E-04  0.0000000E+00  0.1000000E+01
         1   476      8 -0.2284764E-04  0.0000000E+00  0.1000000E+01
         1   476      9 -0.2573640E-04  0.0000000E+00  0.1000000E+01
         1   476     10 -0.4481102E-02  0.0000000E+00  0.9999900E+00

         1   477      0  0.0000000E+00  0.0000000E+00  0.0000000E+00
         1   477      1  0.7762572E-06  0.0000000E+00  0.1000000E+01
         1   477      2 -0.3583267E-04  0.0000000E+00  0.1000000E+01
         1   477      3 -0.5411804E-04  0.0000000E+00  0.1000000E+01
         1   477      4 -0.7239054E-04  0.0000000E+00  0.1000000E+01
         1   477      5 -0.9065004E-04  0.0000000E+00  0.1000000E+01
         1   477      6 -0.1088964E-03  0.0000000E+00  0.1000000E+01
         1   477      7 -0.1271295E-03  0.0000000E+00  0.1000000E+01
         1   477      8 -0.1453493E-03  0.0000000E+00  0.1000000E+01
         1   477      9 -0.1635556E-03  0.0000000E+00  0.1000000E+01
         1   477     10 -0.4257156E-02  0.0000000E+00  0.9999909E+00

         1   478      0  0.0000000E+00  0.0000000E+00  0.0000000E+00
         1   478      1  0.7762572E-06  0.0000000E+00  0.1000000E+01
         1   478      2 -0.6790627E-04  0.0000000E+00  0.1000000E+01
         1   478      3 -0.1022302E-03  0.0000000E+00  0.1000000E+01
         1   478      4 -0.1365424E-03  0.0000000E+00  0.1000000E+01
         1   478      5 -0.1708428E-03  0.0000000E+00  0.1000000E+01
         1   478      6 -0.2051314E-03  0.0000000E+00  0.1000000E+01
         1   478      7 -0.2394081E-03  0.0000000E+00  0.1000000E+01
         1   478      8 -0.2736728E-03  0.0000000E+00  0.1000000E+01
         1   478      9 -0.3079254E-03  0.0000000E+00  0.1000000E+01
         1   478     10 -0.4027664E-02  0.0000000E+00  0.9999919E+00

         1   479      0  0.0000000E+00  0.0000000E+00  0.0000000E+00
         1   479      1  0.7762572E-06  0.0000000E+00  0.1000000E+01
         1   479      2 -0.6790627E-04  0.0000000E+00  0.1000000E+01
         1   479      3 -0.1022302E-03  0.0000000E+00  0.1000000E+01
         1   479      4 -0.1365424E-03  0.0000000E+00  0.1000000E+01
         1   479      5 -0.1708428E-03  0.0000000E+00  0.1000000E+01
         1   479      6 -0.2051314E-03  0.0000000E+00  0.1000000E+01
         1   479      7 -0.2394081E-03  0.0000000E+00  0.1000000E+01
         1   479      8 -0.2736728E-03  0.0000000E+00  0.1000000E+01
         1   479      9 -0.3079254E-03  0.0000000E+00  0.1000000E+01
         1   479     10 -0.4027664E-02  0.0000000E+00  0.9999919E+00

         1   480      0  0.0000000E+00  0.0000000E+00  0.0000000E+00
         1   480      1  0.7762572E-06  0.0000000E+00  0.1000000E+01
         1   480      2 -0.6790627E-04  0.0000000E+00  0.1000000E+01
         1   480      3 -0.1022302E-03  0.0000000E+00  0.1000000E+01
         1   480      4 -0.1365424E-03  0.0000000E+00  0.1000000E+01
         1   480      5 -0.1708428E-03  0.0000000E+00  0.1000000E+01
         1   480      6 -0.2051314E-03  0.0000000E+00  0.1000000E+01
         1   480      7 -0.2394081E-03  0.0000000E+00  0.1000000E+01
         1   480      8 -0.2736728E-03  0.0000000E+00  0.1000000E+01
         1   480      9 -0.3079254E-03  0.0000000E+00  0.1000000E+01
         1   480     10 -0.4027664E-02  0.0000000E+00  0.9999919E+00

         1   481      0  0.0000000E+00  0.0000000E+00  0.0000000E+00
         1   481      1  0.7762572E-06  0.0000000E+00  0.1000000E+01
         1   481      2 -0.6790627E-04  0.0000000E+00  0.1000000E+01
         1   481      3 -0.1022302E-03  0.0000000E+00  0.1000000E+01
         1   481      4 -0.1365424E-03  0.0000000E+00  0.1000000E+01
         1   481      5 -0.1708428E-03  0.0000000E+00  0.1000000E+01
         1   481      6 -0.2051314E-03  0.0000000E+00  0.1000000E+01
         1   481      7 -0.2394081E-03  0.0000000E+00  0.1000000E+01
         1   481      8 -0.2736728E-03  0.0000000E+00  0.1000000E+01
         1   481      9 -0.3079254E-03  0.0000000E+00  0.1000000E+01
         1   481     10 -0.4027664E-02  0.0000000E+00  0.9999919E+00

         1   482      0  0.0000000E+00  0.0000000E+00  0.0000000E+00
         1   482      1  0.7938994E-06  0.0000000E+00  0.1000000E+01
         1   482      2 -0.6780059E-04  0.0000000E+00  0.1000000E+01
         1   482      3 -0.1020805E-03  0.0000000E+00  0.1000000E+01
         1   482      4 -0.1363487E-03  0.0000000E+00  0.1000000E+01
         1   482      5 -0.1706051E-03  0.0000000E+00  0.1000000E+01
         1   482      6 -0.2048496E-03  0.0000000E+00  0.1000000E+01
         1   482      7 -0.2390823E-03  0.0000000E+00  0.1000000E+01
         1   482      8 -0.2733029E-03  0.0000000E+00  0.1000000E+01
         1   482      9 -0.3075114E-03  0.0000000E+00  0.1000000E+01
         1   482     10 -0.4025475E-02  0.0000000E+00  0.9999919E+00

         1   483      0  0.0000000E+00  0.0000000E+00  0.0000000E+00
         1   483      1  0.7938994E-06  0.0000000E+00  0.1000000E+01
         1   483      2 -0.6780059E-04  0.0000000E+00  0.1000000E+01
         1   483      3 -0.1020805E-03  0.0000000E+00  0.1000000E+01
         1   483      4 -0.1363487E-03  0.0000000E+00  0.1000000E+01
         1   483      5 -0.1706051E-03  0.0000000E+00  0.1000000E+01
         1   483      6 -0.2048496E-03  0.0000000E+00  0.1000000E+01
         1   483      7 -0.2390823E-03  0.0000000E+00  0.1000000E+01
         1   483      8 -0.2733029E-03  0.0000000E+00  0.1000000E+01
         1   483      9 -0.3075114E-03  0.0000000E+00  0.1000000E+01
         1   483     10 -0.4025475E-02  0.0000000E+00  0.9999919E+00

         1   484      0  0.0000000E+00  0.0000000E+00  0.0000000E+00
         1   484      1  0.7938994E-06  0.0000000E+00  0.1000000E+01
         1   484      2 -0.6775033E-04  0.0000000E+00  0.1000000E+01
         1   484      3 -0.1019674E-03  0.0000000E+00  0.1000000E+01
         1   484      4 -0.1361476E-03  0.0000000E+00  0.1000000E+01
         1   484      5 -0.1702908E-03  0.0000000E+00  0.1000000E+01
         1   484      6 -0.2043971E-03  0.0000000E+00  0.1000000E+01
         1   484      7 -0.2384662E-03  0.0000000E+00  0.1000000E+01
         1   484      8 -0.2724981E-03  0.0000000E+00  0.1000000E+01
         1   484      9 -0.3064927E-03  0.0000000E+00  0.1000000E+01
         1   484     10 -0.4023285E-02  0.0000000E+00  0.9999919E+00

         1   485      0  0.0000000E+00  0.0000000E+00  0.0000000E+00
         1   485      1  0.7938994E-06  0.0000000E+00  0.1000000E+01
         1   485      2 -0.6775033E-04  0.0000000E+00  0.1000000E+01
         1   485      3 -0.1019674E-03  0.0000000E+00  0.1000000E+01
         1   485      4 -0.1361476E-03  0.0000000E+00  0.1000000E+01
         1   485      5 -0.1702908E-03  0.0000000E+00  0.1000000E+01
         1   485      6 -0.2043971E-03  0.0000000E+00  0.1000000E+01
         1   485      7 -0.2384662E-03  0.0000000E+00  0.1000000E+01
         1   485      8 -0.2724981E-03  0.0000000E+00  0.1000000E+01
         1   485      9 -0.3064927E-03  0.0000000E+00  0.1000000E+01
         1   485     10 -0.4023285E-02  0.0000000E+00  0.9999919E+00

         1   486      0  0.0000000E+00  0.0000000E+00  0.0000000E+00
         1   486      1  0.7938994E-06  0.0000000E+00  0.1000000E+01
         1   486      2  0.3280792E-05  0.0000000E+00  0.1000000E+01
         1   486      3  0.4586142E-05  0.0000000E+00  0.1000000E+01
         1   486      4  0.5932868E-05  0.0000000E+00  0.1000000E+01
         1   486      5  0.7321050E-05  0.0000000E+00  0.1000000E+01
         1   486      6  0.8750769E-05  0.0000000E+00  0.1000000E+01
         1   486      7  0.1022211E-04  0.0000000E+00  0.1000000E+01
         1   486      8  0.1173514E-04  0.0000000E+00  0.1000000E+01
         1   486      9  0.1328995E-04  0.0000000E+00  0.1000000E+01
         1   486     10 -0.4493314E-02  0.0000000E+00  0.9999899E+00

         1   487      0  0.0000000E+00  0.0000000E+00  0.0000000E+00
         1   487      1  0.7938994E-06  0.0000000E+00  0.1000000E+01
         1   487      2  0.7417766E-04  0.0000000E+00  0.1000000E+01
         1   487      3  0.1109380E-03  0.0000000E+00  0.1000000E+01
         1   487      4  0.1477441E-03  0.0000000E+00  0.1000000E+01
         1   487      5  0.1845959E-03  0.0000000E+00  0.1000000E+01
         1   487      6  0.2214937E-03  0.0000000E+00  0.1000000E+01
         1   487      7  0.2584373E-03  0.0000000E+00  0.1000000E+01
         1   487      8  0.2954270E-03  0.0000000E+00  0.1000000E+01
         1   487      9  0.3324627E-03  0.0000000E+00  0.9999999E+00
         1   487     10 -0.4963357E-02  0.0000000E+00  0.9999877E+00

         1   488      0  0.0000000E+00  0.0000000E+00  0.0000000E+00
         1   488      1  0.7938994E-06  0.0000000E+00  0.1000000E+01
         1   488      2  0.7417766E-04  0.0000000E+00  0.1000000E+01
         1   488      3  0.1109380E-03  0.0000000E+00  0.1000000E+01
         1   488      4  0.1477441E-03  0.0000000E+00  0.1000000E+01
         1   488      5  0.1845959E-03  0.0000000E+00  0.1000000E+01
         1   488      6  0.2214937E-03  0.0000000E+00  0.1000000E+01
         1   488      7  0.2584373E-03  0.0000000E+00  0.1000000E+01
         1   488      8  0.2954270E-03  0.0000000E+00  0.1000000E+01
         1   488      9  0.3324627E-03  0.0000000E+00  0.9999999E+00
         1   488     10 -0.4963357E-02  0.0000000E+00  0.9999877E+00

         1   489      0  0.0000000E+00  0.0000000E+00  0.0000000E+00
         1   489      1  0.7938994E-06  0.0000000E+00  0.1000000E+01
         1   489      2  0.7417766E-04  0.0000000E+00  0.1000000E+01
         1   489      3  0.1109380E-03  0.0000000E+00  0.1000000E+01
         1   489      4  0.1477441E-03  0.0000000E+00  0.1000000E+01
         1   489      5  0.1845959E-03  0.0000000E+00  0.1000000E+01
         1   489      6  0.2214937E-03  0.0000000E+00  0.1000000E+01
         1   489      7  0.2584373E-03  0.0000000E+00  0.1000000E+01
         1   489      8  0.2954270E-03  0.0000000E+00  0.1000000E+01
         1   489      9  0.3324627E-03  0.0000000E+00  0.9999999E+00
         1   489     10 -0.4963357E-02  0.0000000E+00  0.9999877E+00

         1   490      0  0.0000000E+00  0.0000000E+00  0.0000000E+00
         1   490      1  0.7938994E-06  0.0000000E+00  0.1000000E+01
         1   490      2  0.7417766E-04  0.0000000E+00  0.1000000E+01
         1   490      3  0.1109380E-03  0.0000000E+00  0.1000000E+01
         1   490      4  0.1477441E-03  0.0000000E+00  0.1000000E+01
         1   490      5  0.1845959E-03  0.0000000E+00  0.1000000E+01
         1   490      6  0.2214937E-03  0.0000000E+00  0.1000000E+01
         1   490      7  0.2584373E-03  0.0000000E+00  0.1000000E+01
         1   490      8  0.2954270E-03  0.0000000E+00  0.1000000E+01
         1   490      9  0.3324627E-03  0.0000000E+00  0.9999999E+00
         1   490     10 -0.4963357E-02  0.0000000E+00  0.9999877E+00

         1   491      0  0.0000000E+00  0.0000000E+00  0.0000000E+00
         1   491      1  0.8115416E-06  0.0000000E+00  0.1000000E+01
         1   491      2  0.7428031E-04  0.0000000E+00  0.1000000E+01
         1   491      3  0.1110832E-03  0.0000000E+00  0.1000000E+01
         1   491      4  0.1479318E-03  0.0000000E+00  0.1000000E+01
         1   491      5  0.1848261E-03  0.0000000E+00  0.1000000E+01
         1   491      6  0.2217664E-03  0.0000000E+00  0.1000000E+01
         1   491      7  0.2587526E-03  0.0000000E+00  0.1000000E+01
         1   491      8  0.2957848E-03  0.0000000E+00  0.1000000E+01
         1   491      9  0.3328630E-03  0.0000000E+00  0.9999999E+00
         1   491     10 -0.4961168E-02  0.0000000E+00  0.9999877E+00

         1   492      0  0.0000000E+00  0.0000000E+00  0.0000000E+00
         1   492      1  0.8115416E-06  0.0000000E+00  0.1000000E+01
         1   492      2  0.7428031E-04  0.0000000E+00  0.1000000E+01
         1   492      3  0.1110832E-03  0.0000000E+00  0.1000000E+01
         1   492      4  0.1479318E-03  0.0000000E+00  0.1000000E+01
         1   492      5  0.1848261E-03  0.0000000E+00  0.1000000E+01
         1   492      6  0.2217664E-03  0.0000000E+00  0.1000000E+01
         1   492      7  0.2587526E-03  0.0000000E+00  0.1000000E+01
         1   492      8  0.2957848E-03  0.0000000E+00  0.1000000E+01
         1   492      9  0.3328630E-03  0.0000000E+00  0.9999999E+00
         1   492     10 -0.4961168E-02  0.0000000E+00  0.9999877E+00

         1   493      0  0.0000000E+00  0.0000000E+00  0.0000000E+00
         1   493      1  0.8115416E-06  0.0000000E+00  0.1000000E+01
         1   493      2  0.7427552E-04  0.0000000E+00  0.1000000E+01
         1   493      3  0.1110724E-03  0.0000000E+00  0.1000000E+01
         1   493      4  0.1479126E-03  0.0000000E+00  0.1000000E+01
         1   493      5  0.1847962E-03  0.0000000E+00  0.1000000E+01
         1   493      6  0.2217233E-03  0.0000000E+00  0.1000000E+01
         1   493      7  0.2586939E-03  0.0000000E+00  0.1000000E+01
         1   493      8  0.2957081E-03  0.0000000E+00  0.1000000E+01
         1   493      9  0.3327660E-03  0.0000000E+00  0.9999999E+00
         1   493     10 -0.4961447E-02  0.0000000E+00  0.9999877E+00

         1   494      0  0.0000000E+00  0.0000000E+00  0.0000000E+00
         1   494      1  0.8115416E-06  0.0000000E+00  0.1000000E+01
         1   494      2  0.7427552E-04  0.0000000E+00  0.1000000E+01
         1   494      3  0.1110724E-03  0.0000000E+00  0.1000000E+01
         1   494      4  0.1479126E-03  0.0000000E+00  0.1000000E+01
         1   494      5  0.1847962E-03  0.0000000E+00  0.1000000E+01
         1   494      6  0.2217233E-03  0.0000000E+00  0.1000000E+01
         1   494      7  0.2586939E-03  0.0000000E+00  0.1000000E+01
         1   494      8  0.2957081E-03  0.0000000E+00  0.1000000E+01
         1   494      9  0.3327660E-03  0.0000000E+00  0.9999999E+00
         1   494     10 -0.4961447E-02  0.0000000E+00  0.9999877E+00

         1   495      0  0.0000000E+00  0.0000000E+00  0.0000000E+00
         1   495      1  0.8115416E-06  0.0000000E+00  0.1000000E+01
         1   495      2  0.4543451E-04  0.0000000E+00  0.1000000E+01
         1   495      3  0.6781033E-04  0.0000000E+00  0.1000000E+01
         1   495      4  0.9022919E-04  0.0000000E+00  0.1000000E+01
         1   495      5  0.1126912E-03  0.0000000E+00  0.1000000E+01
         1   495      6  0.1351965E-03  0.0000000E+00  0.1000000E+01
         1   495      7  0.1577452E-03  0.0000000E+00  0.1000000E+01
         1   495      8  0.1803374E-03  0.0000000E+00  0.1000000E+01
         1   495      9  0.2029733E-03  0.0000000E+00  0.1000000E+01
         1   495     10 -0.4731895E-02  0.0000000E+00  0.9999888E+00

         1   496      0  0.0000000E+00  0.0000000E+00  0.0000000E+00
         1   496      1  0.8115416E-06  0.0000000E+00  0.1000000E+01
         1   496      2  0.1840326E-04  0.0000000E+00  0.1000000E+01
         1   496      3  0.2726331E-04  0.0000000E+00  0.1000000E+01
         1   496      4  0.3616639E-04  0.0000000E+00  0.1000000E+01
         1   496      5  0.4511268E-04  0.0000000E+00  0.1000000E+01
         1   496      6  0.5410235E-04  0.0000000E+00  0.1000000E+01
         1   496      7  0.6313557E-04  0.0000000E+00  0.1000000E+01
         1   496      8  0.7221251E-04  0.0000000E+00  0.1000000E+01
         1   496      9  0.8133336E-04  0.0000000E+00  0.1000000E+01
         1   496     10 -0.4507887E-02  0.0000000E+00  0.9999898E+00

         1   497      0  0.0000000E+00  0.0000000E+00  0.0000000E+00
         1   497      1  0.8115416E-06  0.0000000E+00  0.1000000E+01
         1   497      2  0.1840326E-04  0.0000000E+00  0.1000000E+01
         1   497      3  0.2726331E-04  0.0000000E+00  0.1000000E+01
         1   497      4  0.3616639E-04  0.0000000E+00  0.1000000E+01
         1   497      5  0.4511268E-04  0.0000000E+00  0.1000000E+01
         1   497      6  0.5410235E-04  0.0000000E+00  0.1000000E+01
         1   497      7  0.6313557E-04  0.0000000E+00  0.1000000E+01
         1   497      8  0.7221251E-04  0.0000000E+00  0.1000000E+01
         1   497      9  0.8133336E-04  0.0000000E+00  0.1000000E+01
         1   497     10 -0.4507887E-02  0.0000000E+00  0.9999898E+00

         1   498      0  0.0000000E+00  0.0000000E+00  0.0000000E+00
         1   498      1  0.8115416E-06  0.0000000E+00  0.1000000E+01
         1   498      2  0.1840326E-04  0.0000000E+00  0.1000000E+01
         1   498      3  0.2726331E-04  0.0000000E+00  0.1000000E+01
         1   498      4  0.3616639E-04  0.0000000E+00  0.1000000E+01
         1   498      5  0.4511268E-04  0.0000000E+00  0.1000000E+01
         1   498      6  0.5410235E-04  0.0000000E+00  0.1000000E+01
         1   498      7  0.6313557E-04  0.0000000E+00  0.1000000E+01
         1   498      8  0.7221251E-04  0.0000000E+00  0.1000000E+01
         1   498      9  0.8133336E-04  0.0000000E+00  0.1000000E+01
         1   498     10 -0.4507887E-02  0.0000000E+00  0.9999898E+00

         1   499      0  0.0000000E+00  0.0000000E+00  0.0000000E+00
         1   499      1  0.8115416E-06  0.0000000E+00  0.1000000E+01
         1   499      2  0.1840326E-04  0.0000000E+00  0.1000000E+01
         1   499      3  0.2726331E-04  0.0000000E+00  0.1000000E+01
         1   499      4  0.3616639E-04  0.0000000E+00  0.1000000E+01
         1   499      5  0.4511268E-04  0.0000000E+00  0.1000000E+01
         1   499      6  0.5410235E-04  0.0000000E+00  0.1000000E+01
         1   499      7  0.6313557E-04  0.0000000E+00  0.1000000E+01
         1   499      8  0.7221251E-04  0.0000000E+00  0.1000000E+01
         1   499      9  0.8133336E-04  0.0000000E+00  0.1000000E+01
         1   499     10 -0.4507887E-02  0.0000000E+00  0.9999898E+00

         1   500      0  0.0000000E+00  0.0000000E+00  0.0000000E+00
         1   500      1  0.8291838E-06  0.0000000E+00  0.1000000E+01
         1   500      2  0.1845977E-04  0.0000000E+00  0.1000000E+01
         1   500      3  0.2733926E-04  0.0000000E+00  0.1000000E+01
         1   500      4  0.3626177E-04  0.0000000E+00  0.1000000E+01
         1   500      5  0.4522749E-04  0.0000000E+00  0.1000000E+01
         1   500      6  0.5423657E-04  0.0000000E+00  0.1000000E+01
         1   500      7  0.6328921E-04  0.0000000E+00  0.1000000E+01
         1   500      8  0.7238557E-04  0.0000000E+00  0.1000000E+01
         1   500      9  0.8152583E-04  0.0000000E+00  0.1000000E+01
         1   500     10 -0.4505556E-02  0.0000000E+00  0.9999898E+00

         1   501      0  0.0000000E+00  0.0000000E+00  0.0000000E+00
         1   501      1  0.8291838E-06  0.0000000E+00  0.1000000E+01
         1   501      2  0.1845977E-04  0.0000000E+00  0.1000000E+01
         1   501      3  0.2733926E-04  0.0000000E+00  0.1000000E+01
         1   501      4  0.3626177E-04  0.0000000E+00  0.1000000E+01
         1   501      5  0.4522749E-04  0.0000000E+00  0.1000000E+01
         1   501      6  0.5423657E-04  0.0000000E+00  0.1000000E+01
         1   501      7  0.6328921E-04  0.0000000E+00  0.1000000E+01
         1   501      8  0.7238557E-04  0.0000000E+00  0.1000000E+01
         1   501      9  0.8152583E-04  0.0000000E+00  0.1000000E+01
         1   501     10 -0.4505556E-02  0.0000000E+00  0.9999898E+00

         1   502      0  0.0000000E+00  0.0000000E+00  0.0000000E+00
         1   502      1  0.8291838E-06  0.0000000E+00  0.1000000E+01
         1   502      2  0.1845940E-04  0.0000000E+00  0.1000000E+01
         1   502      3  0.2733842E-04  0.0000000E+00  0.1000000E+01
         1   502      4  0.3626027E-04  0.0000000E+00  0.1000000E+01
         1   502      5  0.4522515E-04  0.0000000E+00  0.1000000E+01
         1   502      6  0.5423321E-04  0.0000000E+00  0.1000000E+01
         1   502      7  0.6328463E-04  0.0000000E+00  0.1000000E+01
         1   502      8  0.7237960E-04  0.0000000E+00  0.1000000E+01
         1   502      9  0.8151827E-04  0.0000000E+00  0.1000000E+01
         1   502     10 -0.4505654E-02  0.0000000E+00  0.9999898E+00

         1   503      0  0.0000000E+00  0.0000000E+00  0.0000000E+00
         1   503      1  0.8291838E-06  0.0000000E+00  0.1000000E+01
         1   503      2  0.1845940E-04  0.0000000E+00  0.1000000E+01
         1   503      3  0.2733842E-04  0.0000000E+00  0.1000000E+01
         1   503      4  0.3626027E-04  0.0000000E+00  0.1000000E+01
         1   503      5  0.4522515E-04  0.0000000E+00  0.1000000E+01
         1   503      6  0.5423321E-04  0.0000000E+00  0.1000000E+01
         1   503      7  0.6328463E-04  0.0000000E+00  0.1000000E+01
         1   503      8  0.7237960E-04  0.0000000E+00  0.1000000E+01
         1   503      9  0.8151827E-04  0.0000000E+00  0.1000000E+01
         1   503     10 -0.4505654E-02  0.0000000E+00  0.9999898E+00

         1   504      0  0.0000000E+00  0.0000000E+00  0.0000000E+00
         1   504      1  0.8291838E-06  0.0000000E+00  0.1000000E+01
         1   504      2  0.3588372E-04  0.0000000E+00  0.1000000E+01
         1   504      3  0.5346947E-04  0.0000000E+00  0.1000000E+01
         1   504      4  0.7109424E-04  0.0000000E+00  0.1000000E+01
         1   504      5  0.8875803E-04  0.0000000E+00  0.1000000E+01
         1   504      6  0.1064609E-03  0.0000000E+00  0.1000000E+01
         1   504      7  0.1242028E-03  0.0000000E+00  0.1000000E+01
         1   504      8  0.1419838E-03  0.0000000E+00  0.1000000E+01
         1   504      9  0.1598038E-03  0.0000000E+00  0.1000000E+01
         1   504     10 -0.4811883E-02  0.0000000E+00  0.9999884E+00

         1   505      0  0.0000000E+00  0.0000000E+00  0.0000000E+00
         1   505      1  0.8291838E-06  0.0000000E+00  0.1000000E+01
         1   505      2  0.5165799E-04  0.0000000E+00  0.1000000E+01
         1   505      3  0.7712524E-04  0.0000000E+00  0.1000000E+01
         1   505      4  0.1026275E-03  0.0000000E+00  0.1000000E+01
         1   505      5  0.1281647E-03  0.0000000E+00  0.1000000E+01
         1   505      6  0.1537367E-03  0.0000000E+00  0.1000000E+01
         1   505      7  0.1793433E-03  0.0000000E+00  0.1000000E+01
         1   505      8  0.2049843E-03  0.0000000E+00  0.1000000E+01
         1   505      9  0.2306597E-03  0.0000000E+00  0.1000000E+01
         1   505     10 -0.5112626E-02  0.0000000E+00  0.9999869E+00

         1   506      0  0.0000000E+00  0.0000000E+00  0.0000000E+00
         1   506      1  0.8291838E-06  0.0000000E+00  0.1000000E+01
         1   506      2  0.5165799E-04  0.0000000E+00  0.1000000E+01
         1   506      3  0.7712524E-04  0.0000000E+00  0.1000000E+01
         1   506      4  0.1026275E-03  0.0000000E+00  0.1000000E+01
         1   506      5  0.1281647E-03  0.0000000E+00  0.1000000E+01
         1   506      6  0.1537367E-03  0.0000000E+00  0.1000000E+01
         1   506      7  0.1793433E-03  0.0000000E+00  0.1000000E+01
         1   506      8  0.2049843E-03  0.0000000E+00  0.1000000E+01
         1   506      9  0.2306597E-03  0.0000000E+00  0.1000000E+01
         1   506     10 -0.5112626E-02  0.0000000E+00  0.9999869E+00

         1   507      0  0.0000000E+00  0.0000000E+00  0.0000000E+00
         1   507      1  0.8291838E-06  0.0000000E+00  0.1000000E+01
         1   507      2  0.5165799E-04  0.0000000E+00  0.1000000E+01
         1   507      3  0.7712524E-04  0.0000000E+00  0.1000000E+01
         1   507      4  0.1026275E-03  0.0000000E+00  0.1000000E+01
         1   507      5  0.1281647E-03  0.0000000E+00  0.1000000E+01
         1   507      6  0.1537367E-03  0.0000000E+00  0.1000000E+01
         1   507      7  0.1793433E-03  0.0000000E+00  0.1000000E+01
         1   507      8  0.2049843E-03  0.0000000E+00  0.1000000E+01
         1   507      9  0.2306597E-03  0.0000000E+00  0.1000000E+01
         1   507     10 -0.5112626E-02  0.0000000E+00  0.9999869E+00

         1   508      0  0.0000000E+00  0.0000000E+00  0.0000000E+00
         1   508      1  0.8291838E-06  0.0000000E+00  0.1000000E+01
         1   508      2  0.5165799E-04  0.0000000E+00  0.1000000E+01
         1   508      3  0.7712524E-04  0.0000000E+00  0.1000000E+01
         1   508      4  0.1026275E-03  0.0000000E+00  0.1000000E+01
         1   508      5  0.1281647E-03  0.0000000E+00  0.1000000E+01
         1   508      6  0.1537367E-03  0.0000000E+00  0.1000000E+01
         1   508      7  0.1793433E-03  0.0000000E+00  0.1000000E+01
         1   508      8  0.2049843E-03  0.0000000E+00  0.1000000E+01
         1   508      9  0.2306597E-03  0.0000000E+00  0.1000000E+01
         1   508     10 -0.5112626E-02  0.0000000E+00  0.9999869E+00

         1   509      0  0.0000000E+00  0.0000000E+00  0.0000000E+00
         1   509      1  0.8468260E-06  0.0000000E+00  0.1000000E+01
         1   509      2  0.5167723E-04  0.0000000E+00  0.1000000E+01
         1   509      3  0.7714528E-04  0.0000000E+00  0.1000000E+01
         1   509      4  0.1026484E-03  0.0000000E+00  0.1000000E+01
         1   509      5  0.1281863E-03  0.0000000E+00  0.1000000E+01
         1   509      6  0.1537591E-03  0.0000000E+00  0.1000000E+01
         1   509      7  0.1793664E-03  0.0000000E+00  0.1000000E+01
         1   509      8  0.2050082E-03  0.0000000E+00  0.1000000E+01
         1   509      9  0.2306843E-03  0.0000000E+00  0.1000000E+01
         1   509     10 -0.5110172E-02  0.0000000E+00  0.9999869E+00

         1   510      0  0.0000000E+00  0.0000000E+00  0.0000000E+00
         1   510      1  0.8468260E-06  0.0000000E+00  0.1000000E+01
         1   510      2  0.5167723E-04  0.0000000E+00  0.1000000E+01
         1   510      3  0.7714528E-04  0.0000000E+00  0.1000000E+01
         1   510      4  0.1026484E-03  0.0000000E+00  0.1000000E+01
         1   510      5  0.1281863E-03  0.0000000E+00  0.1000000E+01
         1   510      6  0.1537591E-03  0.0000000E+00  0.1000000E+01
         1   510      7  0.1793664E-03  0.0000000E+00  0.1000000E+01
         1   510      8  0.2050082E-03  0.0000000E+00  0.1000000E+01
         1   510      9  0.2306843E-03  0.0000000E+00  0.1000000E+01
         1   510     10 -0.5110172E-02  0.0000000E+00  0.9999869E+00

         1   511      0  0.0000000E+00  0.0000000E+00  0.0000000E+00
         1   511      1  0.8468260E-06  0.0000000E+00  0.1000000E+01
         1   511      2  0.5167723E-04  0.0000000E+00  0.1000000E+01
         1   511      3  0.7714528E-04  0.0000000E+00  0.1000000E+01
         1   511      4  0.1026484E-03  0.0000000E+00  0.1000000E+01
         1   511      5  0.1281863E-03  0.0000000E+00  0.1000000E+01
         1   511      6  0.1537591E-03  0.0000000E+00  0.1000000E+01
         1   511      7  0.1793664E-03  0.0000000E+00  0.1000000E+01
         1   511      8  0.2050082E-03  0.0000000E+00  0.1000000E+01
         1   511      9  0.2306843E-03  0.0000000E+00  0.1000000E+01
         1   511     10 -0.5110172E-02  0.0000000E+00  0.9999869E+00

         1   512      0  0.0000000E+00  0.0000000E+00  0.0000000E+00
         1   512      1  0.8468260E-06  0.0000000E+00  0.1000000E+01
         1   512      2  0.5167723E-04  0.0000000E+00  0.1000000E+01
         1   512      3  0.7714528E-04  0.0000000E+00  0.1000000E+01
         1   512      4  0.1026484E-03  0.0000000E+00  0.1000000E+01
         1   512      5  0.1281863E-03  0.0000000E+00  0.1000000E+01
         1   512      6  0.1537591E-03  0.0000000E+00  0.1000000E+01
         1   512      7  0.1793664E-03  0.0000000E+00  0.1000000E+01
         1   512      8  0.2050082E-03  0.0000000E+00  0.1000000E+01
         1   512      9  0.2306843E-03  0.0000000E+00  0.1000000E+01
         1   512     10 -0.5110172E-02  0.0000000E+00  0.9999869E+00

         1   513      0  0.0000000E+00  0.0000000E+00  0.0000000E+00
         1   513      1  0.8468260E-06  0.0000000E+00  0.1000000E+01
         1   513      2  0.6445873E-04  0.0000000E+00  0.1000000E+01
         1   513      3  0.9632236E-04  0.0000000E+00  0.1000000E+01
         1   513      4  0.1282244E-03  0.0000000E+00  0.1000000E+01
         1   513      5  0.1601647E-03  0.0000000E+00  0.1000000E+01
         1   513      6  0.1921432E-03  0.0000000E+00  0.1000000E+01
         1   513      7  0.2241600E-03  0.0000000E+00  0.1000000E+01
         1   513      8  0.2562148E-03  0.0000000E+00  0.1000000E+01
         1   513      9  0.2883077E-03  0.0000000E+00  0.1000000E+01
         1   513     10 -0.5018512E-02  0.0000000E+00  0.9999874E+00

         1   514      0  0.0000000E+00  0.0000000E+00  0.0000000E+00
         1   514      1  0.8468260E-06  0.0000000E+00  0.1000000E+01
         1   514      2  0.7981322E-04  0.0000000E+00  0.1000000E+01
         1   514      3  0.1193591E-03  0.0000000E+00  0.1000000E+01
         1   514      4  0.1589468E-03  0.0000000E+00  0.1000000E+01
         1   514      5  0.1985762E-03  0.0000000E+00  0.1000000E+01
         1   514      6  0.2382475E-03  0.0000000E+00  0.1000000E+01
         1   514      7  0.2779606E-03  0.0000000E+00  0.1000000E+01
         1   514      8  0.3177156E-03  0.0000000E+00  0.9999999E+00
         1   514      9  0.3575124E-03  0.0000000E+00  0.9999999E+00
         1   514     10 -0.4935871E-02  0.0000000E+00  0.9999878E+00

         1   515      0  0.0000000E+00  0.0000000E+00  0.0000000E+00
         1   515      1  0.8468260E-06  0.0000000E+00  0.1000000E+01
         1   515      2  0.7981322E-04  0.0000000E+00  0.1000000E+01
         1   515      3  0.1193591E-03  0.0000000E+00  0.1000000E+01
         1   515      4  0.1589468E-03  0.0000000E+00  0.1000000E+01
         1   515      5  0.1985762E-03  0.0000000E+00  0.1000000E+01
         1   515      6  0.2382475E-03  0.0000000E+00  0.1000000E+01
         1   515      7  0.2779606E-03  0.0000000E+00  0.1000000E+01
         1   515      8  0.3177156E-03  0.0000000E+00  0.9999999E+00
         1   515      9  0.3575124E-03  0.0000000E+00  0.9999999E+00
         1   515     10 -0.4935871E-02  0.0000000E+00  0.9999878E+00

         1   516      0  0.0000000E+00  0.0000000E+00  0.0000000E+00
         1   516      1  0.8468260E-06  0.0000000E+00  0.1000000E+01
         1   516      2  0.7981322E-04  0.0000000E+00  0.1000000E+01
         1   516      3  0.1193591E-03  0.0000000E+00  0.1000000E+01
         1   516      4  0.1589468E-03  0.0000000E+00  0.1000000E+01
         1   516      5  0.1985762E-03  0.0000000E+00  0.1000000E+01
         1   516      6  0.2382475E-03  0.0000000E+00  0.1000000E+01
         1   516      7  0.2779606E-03  0.0000000E+00  0.1000000E+01
         1   516      8  0.3177156E-03  0.0000000E+00  0.9999999E+00
         1   516      9  0.3575124E-03  0.0000000E+00  0.9999999E+00
         1   516     10 -0.4935871E-02  0.0000000E+00  0.9999878E+00

         1   517      0  0.0000000E+00  0.0000000E+00  0.0000000E+00
         1   517      1  0.8468260E-06  0.0000000E+00  0.1000000E+01
         1   517      2  0.7981322E-04  0.0000000E+00  0.1000000E+01
         1   517      3  0.1193591E-03  0.0000000E+00  0.1000000E+01
         1   517      4  0.1589468E-03  0.0000000E+00  0.1000000E+01
         1   517      5  0.1985762E-03  0.0000000E+00  0.1000000E+01
         1   517      6  0.2382475E-03  0.0000000E+00  0.1000000E+01
         1   517      7  0.2779606E-03  0.0000000E+00  0.1000000E+01
         1   517      8  0.3177156E-03  0.0000000E+00  0.9999999E+00
         1   517      9  0.3575124E-03  0.0000000E+00  0.9999999E+00
         1   517     10 -0.4935871E-02  0.0000000E+00  0.9999878E+00

         1   518      0  0.0000000E+00  0.0000000E+00  0.0000000E+00
         1   518      1  0.8644682E-06  0.0000000E+00  0.1000000E+01
         1   518      2  0.7976688E-04  0.0000000E+00  0.1000000E+01
         1   518      3  0.1192807E-03  0.0000000E+00  0.1000000E+01
         1   518      4  0.1588364E-03  0.0000000E+00  0.1000000E+01
         1   518      5  0.1984338E-03  0.0000000E+00  0.1000000E+01
         1   518      6  0.2380731E-03  0.0000000E+00  0.1000000E+01
         1   518      7  0.2777542E-03  0.0000000E+00  0.1000000E+01
         1   518      8  0.3174771E-03  0.0000000E+00  0.9999999E+00
         1   518      9  0.3572419E-03  0.0000000E+00  0.9999999E+00
         1   518     10 -0.4933187E-02  0.0000000E+00  0.9999878E+00

         1   519      0  0.0000000E+00  0.0000000E+00  0.0000000E+00
         1   519      1  0.8644682E-06  0.0000000E+00  0.1000000E+01
         1   519      2  0.7976688E-04  0.0000000E+00  0.1000000E+01
         1   519      3  0.1192807E-03  0.0000000E+00  0.1000000E+01
         1   519      4  0.1588364E-03  0.0000000E+00  0.1000000E+01
         1   519      5  0.1984338E-03  0.0000000E+00  0.1000000E+01
         1   519      6  0.2380731E-03  0.0000000E+00  0.1000000E+01
         1   519      7  0.2777542E-03  0.0000000E+00  0.1000000E+01
         1   519      8  0.3174771E-03  0.0000000E+00  0.9999999E+00
         1   519      9  0.3572419E-03  0.0000000E+00  0.9999999E+00
         1   519     10 -0.4933187E-02  0.0000000E+00  0.9999878E+00

         1   520      0  0.0000000E+00  0.0000000E+00  0.0000000E+00
         1   520      1  0.8644682E-06  0.0000000E+00  0.1000000E+01
         1   520      2  0.7976688E-04  0.0000000E+00  0.1000000E+01
         1   520      3  0.1192807E-03  0.0000000E+00  0.1000000E+01
         1   520      4  0.1588364E-03  0.0000000E+00  0.1000000E+01
         1   520      5  0.1984338E-03  0.0000000E+00  0.1000000E+01
         1   520      6  0.2380731E-03  0.0000000E+00  0.1000000E+01
         1   520      7  0.2777542E-03  0.0000000E+00  0.1000000E+01
         1   520      8  0.3174771E-03  0.0000000E+00  0.9999999E+00
         1   520      9  0.3572419E-03  0.0000000E+00  0.9999999E+00
         1   520     10 -0.4933187E-02  0.0000000E+00  0.9999878E+00

         1   521      0  0.0000000E+00  0.0000000E+00  0.0000000E+00
         1   521      1  0.8644682E-06  0.0000000E+00  0.1000000E+01
         1   521      2  0.7976688E-04  0.0000000E+00  0.1000000E+01
         1   521      3  0.1192807E-03  0.0000000E+00  0.1000000E+01
         1   521      4  0.1588364E-03  0.0000000E+00  0.1000000E+01
         1   521      5  0.1984338E-03  0.0000000E+00  0.1000000E+01
         1   521      6  0.2380731E-03  0.0000000E+00  0.1000000E+01
         1   521      7  0.2777542E-03  0.0000000E+00  0.1000000E+01
         1   521      8  0.3174771E-03  0.0000000E+00  0.9999999E+00
         1   521      9  0.3572419E-03  0.0000000E+00  0.9999999E+00
         1   521     10 -0.4933187E-02  0.0000000E+00  0.9999878E+00

         1   522      0  0.0000000E+00  0.0000000E+00  0.0000000E+00
         1   522      1  0.8644682E-06  0.0000000E+00  0.1000000E+01
         1   522      2  0.1951564E-04  0.0000000E+00  0.1000000E+01
         1   522      3  0.2889362E-04  0.0000000E+00  0.1000000E+01
         1   522      4  0.3830644E-04  0.0000000E+00  0.1000000E+01
         1   522      5  0.4775401E-04  0.0000000E+00  0.1000000E+01
         1   522      6  0.5723626E-04  0.0000000E+00  0.1000000E+01
         1   522      7  0.6675312E-04  0.0000000E+00  0.1000000E+01
         1   522      8  0.7630451E-04  0.0000000E+00  0.1000000E+01
         1   522      9  0.8589037E-04  0.0000000E+00  0.1000000E+01
         1   522     10 -0.4967403E-02  0.0000000E+00  0.9999877E+00

         1   523      0  0.0000000E+00  0.0000000E+00  0.0000000E+00
         1   523      1  0.8644682E-06  0.0000000E+00  0.1000000E+01
         1   523      2 -0.4162221E-04  0.0000000E+00  0.1000000E+01
         1   523      3 -0.6282331E-04  0.0000000E+00  0.1000000E+01
         1   523      4 -0.8399645E-04  0.0000000E+00  0.1000000E+01
         1   523      5 -0.1051418E-03  0.0000000E+00  0.1000000E+01
         1   523      6 -0.1262595E-03  0.0000000E+00  0.1000000E+01
         1   523      7 -0.1473497E-03  0.0000000E+00  0.1000000E+01
         1   523      8 -0.1684126E-03  0.0000000E+00  0.1000000E+01
         1   523      9 -0.1894484E-03  0.0000000E+00  0.1000000E+01
         1   523     10 -0.4998203E-02  0.0000000E+00  0.9999875E+00

         1   524      0  0.0000000E+00  0.0000000E+00  0.0000000E+00
         1   524      1  0.8644682E-06  0.0000000E+00  0.1000000E+01
         1   524      2 -0.4162221E-04  0.0000000E+00  0.1000000E+01
         1   524      3 -0.6282331E-04  0.0000000E+00  0.1000000E+01
         1   524      4 -0.8399645E-04  0.0000000E+00  0.1000000E+01
         1   524      5 -0.1051418E-03  0.0000000E+00  0.1000000E+01
         1   524      6 -0.1262595E-03  0.0000000E+00  0.1000000E+01
         1   524      7 -0.1473497E-03  0.0000000E+00  0.1000000E+01
         1   524      8 -0.1684126E-03  0.0000000E+00  0.1000000E+01
         1   524      9 -0.1894484E-03  0.0000000E+00  0.1000000E+01
         1   524     10 -0.4998203E-02  0.0000000E+00  0.9999875E+00

         1   525      0  0.0000000E+00  0.0000000E+00  0.0000000E+00
         1   525      1  0.8644682E-06  0.0000000E+00  0.1000000E+01
         1   525      2 -0.4162221E-04  0.0000000E+00  0.1000000E+01
         1   525      3 -0.6282331E-04  0.0000000E+00  0.1000000E+01
         1   525      4 -0.8399645E-04  0.0000000E+00  0.1000000E+01
         1   525      5 -0.1051418E-03  0.0000000E+00  0.1000000E+01
         1   525      6 -0.1262595E-03  0.0000000E+00  0.1000000E+01
         1   525      7 -0.1473497E-03  0.0000000E+00  0.1000000E+01
         1   525      8 -0.1684126E-03  0.0000000E+00  0.1000000E+01
         1   525      9 -0.1894484E-03  0.0000000E+00  0.1000000E+01
         1   525     10 -0.4998203E-02  0.0000000E+00  0.9999875E+00

         1   526      0  0.0000000E+00  0.0000000E+00  0.0000000E+00
         1   526      1  0.8644682E-06  0.0000000E+00  0.1000000E+01
         1   526      2 -0.4162221E-04  0.0000000E+00  0.1000000E+01
         1   526      3 -0.6282331E-04  0.0000000E+00  0.1000000E+01
         1   526      4 -0.8399645E-04  0.0000000E+00  0.1000000E+01
         1   526      5 -0.1051418E-03  0.0000000E+00  0.1000000E+01
         1   526      6 -0.1262595E-03  0.0000000E+00  0.1000000E+01
         1   526      7 -0.1473497E-03  0.0000000E+00  0.1000000E+01
         1   526      8 -0.1684126E-03  0.0000000E+00  0.1000000E+01
         1   526      9 -0.1894484E-03  0.0000000E+00  0.1000000E+01
         1   526     10 -0.4998203E-02  0.0000000E+00  0.9999875E+00

         1   527      0  0.0000000E+00  0.0000000E+00  0.0000000E+00
         1   527      1  0.8821104E-06  0.0000000E+00  0.1000000E+01
         1   527      2 -0.4168858E-04  0.0000000E+00  0.1000000E+01
         1   527      3 -0.6293169E-04  0.0000000E+00  0.1000000E+01
         1   527      4 -0.8414686E-04  0.0000000E+00  0.1000000E+01
         1   527      5 -0.1053342E-03  0.0000000E+00  0.1000000E+01
         1   527      6 -0.1264940E-03  0.0000000E+00  0.1000000E+01
         1   527      7 -0.1476263E-03  0.0000000E+00  0.1000000E+01
         1   527      8 -0.1687312E-03  0.0000000E+00  0.1000000E+01
         1   527      9 -0.1898090E-03  0.0000000E+00  0.1000000E+01
         1   527     10 -0.4995441E-02  0.0000000E+00  0.9999875E+00

         1   528      0  0.0000000E+00  0.0000000E+00  0.0000000E+00
         1   528      1  0.8821104E-06  0.0000000E+00  0.1000000E+01
         1   528      2 -0.4168858E-04  0.0000000E+00  0.1000000E+01
         1   528      3 -0.6293169E-04  0.0000000E+00  0.1000000E+01
         1   528      4 -0.8414686E-04  0.0000000E+00  0.1000000E+01
         1   528      5 -0.1053342E-03  0.0000000E+00  0.1000000E+01
         1   528      6 -0.1264940E-03  0.0000000E+00  0.1000000E+01
         1   528      7 -0.1476263E-03  0.0000000E+00  0.1000000E+01
         1   528      8 -0.1687312E-03  0.0000000E+00  0.1000000E+01
         1   528      9 -0.1898090E-03  0.0000000E+00  0.1000000E+01
         1   528     10 -0.4995441E-02  0.0000000E+00  0.9999875E+00

         1   529      0  0.0000000E+00  0.0000000E+00  0.0000000E+00
         1   529      1  0.8821104E-06  0.0000000E+00  0.1000000E+01
         1   529      2 -0.4168858E-04  0.0000000E+00  0.1000000E+01
         1   529      3 -0.6293169E-04  0.0000000E+00  0.1000000E+01
         1   529      4 -0.8414686E-04  0.0000000E+00  0.1000000E+01
         1   529      5 -0.1053342E-03  0.0000000E+00  0.1000000E+01
         1   529      6 -0.1264940E-03  0.0000000E+00  0.1000000E+01
         1   529      7 -0.1476263E-03  0.0000000E+00  0.1000000E+01
         1   529      8 -0.1687312E-03  0.0000000E+00  0.1000000E+01
         1   529      9 -0.1898090E-03  0.0000000E+00  0.1000000E+01
         1   529     10 -0.4995441E-02  0.0000000E+00  0.9999875E+00

         1   530      0  0.0000000E+00  0.0000000E+00  0.0000000E+00
         1   530      1  0.8821104E-06  0.0000000E+00  0.1000000E+01
         1   530      2 -0.4168858E-04  0.0000000E+00  0.1000000E+01
         1   530      3 -0.6293169E-04  0.0000000E+00  0.1000000E+01
         1   530      4 -0.8414686E-04  0.0000000E+00  0.1000000E+01
         1   530      5 -0.1053342E-03  0.0000000E+00  0.1000000E+01
         1   530      6 -0.1264940E-03  0.0000000E+00  0.1000000E+01
         1   530      7 -0.1476263E-03  0.0000000E+00  0.1000000E+01
         1   530      8 -0.1687312E-03  0.0000000E+00  0.1000000E+01
         1   530      9 -0.1898090E-03  0.0000000E+00  0.1000000E+01
         1   530     10 -0.4995441E-02  0.0000000E+00  0.9999875E+00

         1   531      0  0.0000000E+00  0.0000000E+00  0.0000000E+00
         1   531      1  0.8821104E-06  0.0000000E+00  0.1000000E+01
         1   531      2 -0.4941172E-05  0.0000000E+00  0.1000000E+01
         1   531      3 -0.7807920E-05  0.0000000E+00  0.1000000E+01
         1   531      4 -0.1064496E-04  0.0000000E+00  0.1000000E+01
         1   531      5 -0.1345245E-04  0.0000000E+00  0.1000000E+01
         1   531      6 -0.1623055E-04  0.0000000E+00  0.1000000E+01
         1   531      7 -0.1897944E-04  0.0000000E+00  0.1000000E+01
         1   531      8 -0.2169927E-04  0.0000000E+00  0.1000000E+01
         1   531      9 -0.2439021E-04  0.0000000E+00  0.1000000E+01
         1   531     10 -0.4995233E-02  0.0000000E+00  0.9999875E+00

         1   532      0  0.0000000E+00  0.0000000E+00  0.0000000E+00
         1   532      1  0.8821104E-06  0.0000000E+00  0.1000000E+01
         1   532      2  0.3709925E-04  0.0000000E+00  0.1000000E+01
         1   532      3  0.5525532E-04  0.0000000E+00  0.1000000E+01
         1   532      4  0.7344280E-04  0.0000000E+00  0.1000000E+01
         1   532      5  0.9166153E-04  0.0000000E+00  0.1000000E+01
         1   532      6  0.1099113E-03  0.0000000E+00  0.1000000E+01
         1   532      7  0.1281920E-03  0.0000000E+00  0.1000000E+01
         1   532      8  0.1465034E-03  0.0000000E+00  0.1000000E+01
         1   532      9  0.1648454E-03  0.0000000E+00  0.1000000E+01
         1   532     10 -0.4995052E-02  0.0000000E+00  0.9999875E+00

         1   533      0  0.0000000E+00  0.0000000E+00  0.0000000E+00
         1   533      1  0.8821104E-06  0.0000000E+00  0.1000000E+01
         1   533      2  0.3709925E-04  0.0000000E+00  0.1000000E+01
         1   533      3  0.5525532E-04  0.0000000E+00  0.1000000E+01
         1   533      4  0.7344280E-04  0.0000000E+00  0.1000000E+01
         1   533      5  0.9166153E-04  0.0000000E+00  0.1000000E+01
         1   533      6  0.1099113E-03  0.0000000E+00  0.1000000E+01
         1   533      7  0.1281920E-03  0.0000000E+00  0.1000000E+01
         1   533      8  0.1465034E-03  0.0000000E+00  0.1000000E+01
         1   533      9  0.1648454E-03  0.0000000E+00  0.1000000E+01
         1   533     10 -0.4995052E-02  0.0000000E+00  0.9999875E+00

         1   534      0  0.0000000E+00  0.0000000E+00  0.0000000E+00
         1   534      1  0.8821104E-06  0.0000000E+00  0.1000000E+01
         1   534      2  0.3709925E-04  0.0000000E+00  0.1000000E+01
         1   534      3  0.5525532E-04  0.0000000E+00  0.1000000E+01
         1   534      4  0.7344280E-04  0.0000000E+00  0.1000000E+01
         1   534      5  0.9166153E-04  0.0000000E+00  0.1000000E+01
         1   534      6  0.1099113E-03  0.0000000E+00  0.1000000E+01
         1   534      7  0.1281920E-03  0.0000000E+00  0.1000000E+01
         1   534      8  0.1465034E-03  0.0000000E+00  0.1000000E+01
         1   534      9  0.1648454E-03  0.0000000E+00  0.1000000E+01
         1   534     10 -0.4995052E-02  0.0000000E+00  0.9999875E+00

         1   535      0  0.0000000E+00  0.0000000E+00  0.0000000E+00
         1   535      1  0.8821104E-06  0.0000000E+00  0.1000000E+01
         1   535      2  0.3709925E-04  0.0000000E+00  0.1000000E+01
         1   535      3  0.5525532E-04  0.0000000E+00  0.1000000E+01
         1   535      4  0.7344280E-04  0.0000000E+00  0.1000000E+01
         1   535      5  0.9166153E-04  0.0000000E+00  0.1000000E+01
         1   535      6  0.1099113E-03  0.0000000E+00  0.1000000E+01
         1   535      7  0.1281920E-03  0.0000000E+00  0.1000000E+01
         1   535      8  0.1465034E-03  0.0000000E+00  0.1000000E+01
         1   535      9  0.1648454E-03  0.0000000E+00  0.1000000E+01
         1   535     10 -0.4995052E-02  0.0000000E+00  0.9999875E+00

         1   536      0  0.0000000E+00  0.0000000E+00  0.0000000E+00
         1   536      1  0.8821104E-06  0.0000000E+00  0.1000000E+01
         1   536      2  0.3709925E-04  0.0000000E+00  0.1000000E+01
         1   536      3  0.5525532E-04  0.0000000E+00  0.1000000E+01
         1   536      4  0.7344280E-04  0.0000000E+00  0.1000000E+01
         1   536      5  0.9166153E-04  0.0000000E+00  0.1000000E+01
         1   536      6  0.1099113E-03  0.0000000E+00  0.1000000E+01
         1   536      7  0.1281920E-03  0.0000000E+00  0.1000000E+01
         1   536      8  0.1465034E-03  0.0000000E+00  0.1000000E+01
         1   536      9  0.1648454E-03  0.0000000E+00  0.1000000E+01
         1   536     10 -0.4995052E-02  0.0000000E+00  0.9999875E+00

         1   537      0  0.0000000E+00  0.0000000E+00  0.0000000E+00
         1   537      1  0.8821104E-06  0.0000000E+00  0.1000000E+01
         1   537      2  0.3709925E-04  0.0000000E+00  0.1000000E+01
         1   537      3  0.5525532E-04  0.0000000E+00  0.1000000E+01
         1   537      4  0.7344280E-04  0.0000000E+00  0.1000000E+01
         1   537      5  0.9166153E-04  0.0000000E+00  0.1000000E+01
         1   537      6  0.1099113E-03  0.0000000E+00  0.1000000E+01
         1   537      7  0.1281920E-03  0.0000000E+00  0.1000000E+01
         1   537      8  0.1465034E-03  0.0000000E+00  0.1000000E+01
         1   537      9  0.1648454E-03  0.0000000E+00  0.1000000E+01
         1   537     10 -0.4995052E-02  0.0000000E+00  0.9999875E+00

         1   538      0  0.0000000E+00  0.0000000E+00  0.0000000E+00
         1   538      1  0.8821104E-06  0.0000000E+00  0.1000000E+01
         1   538      2  0.3709925E-04  0.0000000E+00  0.1000000E+01
         1   538      3  0.5525532E-04  0.0000000E+00  0.1000000E+01
         1   538      4  0.7344280E-04  0.0000000E+00  0.1000000E+01
         1   538      5  0.9166153E-04  0.0000000E+00  0.1000000E+01
         1   538      6  0.1099113E-03  0.0000000E+00  0.1000000E+01
         1   538      7  0.1281920E-03  0.0000000E+00  0.1000000E+01
         1   538      8  0.1465034E-03  0.0000000E+00  0.1000000E+01
         1   538      9  0.1648454E-03  0.0000000E+00  0.1000000E+01
         1   538     10 -0.4995052E-02  0.0000000E+00  0.9999875E+00

         1   539      0  0.0000000E+00  0.0000000E+00  0.0000000E+00
         1   539      1  0.8821104E-06  0.0000000E+00  0.1000000E+01
         1   539      2  0.3709925E-04  0.0000000E+00  0.1000000E+01
         1   539      3  0.5525532E-04  0.0000000E+00  0.1000000E+01
         1   539      4  0.7344280E-04  0.0000000E+00  0.1000000E+01
         1   539      5  0.9166153E-04  0.0000000E+00  0.1000000E+01
         1   539      6  0.1099113E-03  0.0000000E+00  0.1000000E+01
         1   539      7  0.1281920E-03  0.0000000E+00  0.1000000E+01
         1   539      8  0.1465034E-03  0.0000000E+00  0.1000000E+01
         1   539      9  0.1648454E-03  0.0000000E+00  0.1000000E+01
         1   539     10 -0.4995052E-02  0.0000000E+00  0.9999875E+00

         1   540      0  0.0000000E+00  0.0000000E+00  0.0000000E+00
         1   540      1  0.8821104E-06  0.0000000E+00  0.1000000E+01
         1   540      2 -0.3109785E-04  0.0000000E+00  0.1000000E+01
         1   540      3 -0.4703817E-04  0.0000000E+00  0.1000000E+01
         1   540      4 -0.6294546E-04  0.0000000E+00  0.1000000E+01
         1   540      5 -0.7881975E-04  0.0000000E+00  0.1000000E+01
         1   540      6 -0.9466109E-04  0.0000000E+00  0.1000000E+01
         1   540      7 -0.1104695E-03  0.0000000E+00  0.1000000E+01
         1   540      8 -0.1262451E-03  0.0000000E+00  0.1000000E+01
         1   540      9 -0.1419879E-03  0.0000000E+00  0.1000000E+01
         1   540     10 -0.4994509E-02  0.0000000E+00  0.9999875E+00
