# number of spin vectors:      11
# iteration   EID vector   S_X            S_Y            S_Z
         0     0      0  0.0000000E+00  0.0000000E+00  0.0000000E+00
         0     0      1  0.0000000E+00  0.0000000E+00  0.1000000E+01
         0     0      2  0.0000000E+00  0.0000000E+00  0.1000000E+01
         0     0      3  0.0000000E+00  0.0000000E+00  0.1000000E+01
         0     0      4  0.0000000E+00  0.0000000E+00  0.1000000E+01
         0     0      5  0.0000000E+00  0.0000000E+00  0.1000000E+01
         0     0      6  0.0000000E+00  0.0000000E+00  0.1000000E+01
         0     0      7  0.0000000E+00  0.0000000E+00  0.1000000E+01
         0     0      8  0.0000000E+00  0.0000000E+00  0.1000000E+01
         0     0      9  0.0000000E+00  0.0000000E+00  0.1000000E+01
         0     0     10  0.0000000E+00  0.0000000E+00  0.1000000E+01

         1     1      0  0.0000000E+00  0.0000000E+00  0.0000000E+00
         1     1      1  0.0000000E+00  0.0000000E+00  0.1000000E+01
         1     1      2 -0.9385902E-04  0.0000000E+00  0.1000000E+01
         1     1      3 -0.1407885E-03  0.0000000E+00  0.1000000E+01
         1     1      4 -0.1877180E-03  0.0000000E+00  0.1000000E+01
         1     1      5 -0.2346475E-03  0.0000000E+00  0.1000000E+01
         1     1      6 -0.2815771E-03  0.0000000E+00  0.1000000E+01
         1     1      7 -0.3285066E-03  0.0000000E+00  0.9999999E+00
         1     1      8 -0.3754361E-03  0.0000000E+00  0.9999999E+00
         1     1      9 -0.4223656E-03  0.0000000E+00  0.9999999E+00
         1     1     10  0.0000000E+00  0.0000000E+00  0.1000000E+01

         1     2      0  0.0000000E+00  0.0000000E+00  0.0000000E+00
         1     2      1  0.0000000E+00  0.0000000E+00  0.1000000E+01
         1     2      2 -0.9385902E-04  0.0000000E+00  0.1000000E+01
         1     2      3 -0.1407885E-03  0.0000000E+00  0.1000000E+01
         1     2      4 -0.1877180E-03  0.0000000E+00  0.1000000E+01
         1     2      5 -0.2346475E-03  0.0000000E+00  0.1000000E+01
         1     2      6 -0.2815771E-03  0.0000000E+00  0.1000000E+01
         1     2      7 -0.3285066E-03  0.0000000E+00  0.9999999E+00
         1     2      8 -0.3754361E-03  0.0000000E+00  0.9999999E+00
         1     2      9 -0.4223656E-03  0.0000000E+00  0.9999999E+00
         1     2     10  0.0000000E+00  0.0000000E+00  0.1000000E+01

         1     3      0  0.0000000E+00  0.0000000E+00  0.0000000E+00
         1     3      1  0.0000000E+00  0.0000000E+00  0.1000000E+01
         1     3      2 -0.9385902E-04  0.0000000E+00  0.1000000E+01
         1     3      3 -0.1407885E-03  0.0000000E+00  0.1000000E+01
         1     3      4 -0.1877180E-03  0.0000000E+00  0.1000000E+01
         1     3      5 -0.2346475E-03  0.0000000E+00  0.1000000E+01
         1     3      6 -0.2815771E-03  0.0000000E+00  0.1000000E+01
         1     3      7 -0.3285066E-03  0.0000000E+00  0.9999999E+00
         1     3      8 -0.3754361E-03  0.0000000E+00  0.9999999E+00
         1     3      9 -0.4223656E-03  0.0000000E+00  0.9999999E+00
         1     3     10  0.0000000E+00  0.0000000E+00  0.1000000E+01

         1     4      0  0.0000000E+00  0.0000000E+00  0.0000000E+00
         1     4      1  0.0000000E+00  0.0000000E+00  0.1000000E+01
         1     4      2 -0.9385902E-04  0.0000000E+00  0.1000000E+01
         1     4      3 -0.1407885E-03  0.0000000E+00  0.1000000E+01
         1     4      4 -0.1877180E-03  0.0000000E+00  0.1000000E+01
         1     4      5 -0.2346475E-03  0.0000000E+00  0.1000000E+01
         1     4      6 -0.2815771E-03  0.0000000E+00  0.1000000E+01
         1     4      7 -0.3285066E-03  0.0000000E+00  0.9999999E+00
         1     4      8 -0.3754361E-03  0.0000000E+00  0.9999999E+00
         1     4      9 -0.4223656E-03  0.0000000E+00  0.9999999E+00
         1     4     10  0.0000000E+00  0.0000000E+00  0.1000000E+01

         1     5      0  0.0000000E+00  0.0000000E+00  0.0000000E+00
         1     5      1  0.0000000E+00  0.0000000E+00  0.1000000E+01
         1     5      2 -0.9385902E-04  0.0000000E+00  0.1000000E+01
         1     5      3 -0.1407885E-03  0.0000000E+00  0.1000000E+01
         1     5      4 -0.1877180E-03  0.0000000E+00  0.1000000E+01
         1     5      5 -0.2346475E-03  0.0000000E+00  0.1000000E+01
         1     5      6 -0.2815771E-03  0.0000000E+00  0.1000000E+01
         1     5      7 -0.3285066E-03  0.0000000E+00  0.9999999E+00
         1     5      8 -0.3754361E-03  0.0000000E+00  0.9999999E+00
         1     5      9 -0.4223656E-03  0.0000000E+00  0.9999999E+00
         1     5     10  0.0000000E+00  0.0000000E+00  0.1000000E+01

         1     6      0  0.0000000E+00  0.0000000E+00  0.0000000E+00
         1     6      1  0.0000000E+00  0.0000000E+00  0.1000000E+01
         1     6      2 -0.9385902E-04  0.0000000E+00  0.1000000E+01
         1     6      3 -0.1407885E-03  0.0000000E+00  0.1000000E+01
         1     6      4 -0.1877180E-03  0.0000000E+00  0.1000000E+01
         1     6      5 -0.2346475E-03  0.0000000E+00  0.1000000E+01
         1     6      6 -0.2815771E-03  0.0000000E+00  0.1000000E+01
         1     6      7 -0.3285066E-03  0.0000000E+00  0.9999999E+00
         1     6      8 -0.3754361E-03  0.0000000E+00  0.9999999E+00
         1     6      9 -0.4223656E-03  0.0000000E+00  0.9999999E+00
         1     6     10  0.0000000E+00  0.0000000E+00  0.1000000E+01

         1     7      0  0.0000000E+00  0.0000000E+00  0.0000000E+00
         1     7      1  0.0000000E+00  0.0000000E+00  0.1000000E+01
         1     7      2 -0.9385902E-04  0.0000000E+00  0.1000000E+01
         1     7      3 -0.1407885E-03  0.0000000E+00  0.1000000E+01
         1     7      4 -0.1877180E-03  0.0000000E+00  0.1000000E+01
         1     7      5 -0.2346475E-03  0.0000000E+00  0.1000000E+01
         1     7      6 -0.2815771E-03  0.0000000E+00  0.1000000E+01
         1     7      7 -0.3285066E-03  0.0000000E+00  0.9999999E+00
         1     7      8 -0.3754361E-03  0.0000000E+00  0.9999999E+00
         1     7      9 -0.4223656E-03  0.0000000E+00  0.9999999E+00
         1     7     10  0.0000000E+00  0.0000000E+00  0.1000000E+01

         1     8      0  0.0000000E+00  0.0000000E+00  0.0000000E+00
         1     8      1  0.0000000E+00  0.0000000E+00  0.1000000E+01
         1     8      2 -0.9385902E-04  0.0000000E+00  0.1000000E+01
         1     8      3 -0.1407885E-03  0.0000000E+00  0.1000000E+01
         1     8      4 -0.1877180E-03  0.0000000E+00  0.1000000E+01
         1     8      5 -0.2346475E-03  0.0000000E+00  0.1000000E+01
         1     8      6 -0.2815771E-03  0.0000000E+00  0.1000000E+01
         1     8      7 -0.3285066E-03  0.0000000E+00  0.9999999E+00
         1     8      8 -0.3754361E-03  0.0000000E+00  0.9999999E+00
         1     8      9 -0.4223656E-03  0.0000000E+00  0.9999999E+00
         1     8     10  0.0000000E+00  0.0000000E+00  0.1000000E+01

         1     9      0  0.0000000E+00  0.0000000E+00  0.0000000E+00
         1     9      1  0.0000000E+00  0.0000000E+00  0.1000000E+01
         1     9      2 -0.6043326E-04  0.0000000E+00  0.1000000E+01
         1     9      3 -0.9064989E-04  0.0000000E+00  0.1000000E+01
         1     9      4 -0.1208665E-03  0.0000000E+00  0.1000000E+01
         1     9      5 -0.1510832E-03  0.0000000E+00  0.1000000E+01
         1     9      6 -0.1812999E-03  0.0000000E+00  0.1000000E+01
         1     9      7 -0.2115165E-03  0.0000000E+00  0.1000000E+01
         1     9      8 -0.2417332E-03  0.0000000E+00  0.1000000E+01
         1     9      9 -0.2719500E-03  0.0000000E+00  0.1000000E+01
         1     9     10  0.0000000E+00  0.0000000E+00  0.1000000E+01

         1    10      0  0.0000000E+00  0.0000000E+00  0.0000000E+00
         1    10      1  0.0000000E+00  0.0000000E+00  0.1000000E+01
         1    10      2 -0.3362454E-04  0.0000000E+00  0.1000000E+01
         1    10      3 -0.5043683E-04  0.0000000E+00  0.1000000E+01
         1    10      4 -0.6724913E-04  0.0000000E+00  0.1000000E+01
         1    10      5 -0.8406145E-04  0.0000000E+00  0.1000000E+01
         1    10      6 -0.1008738E-03  0.0000000E+00  0.1000000E+01
         1    10      7 -0.1176862E-03  0.0000000E+00  0.1000000E+01
         1    10      8 -0.1344986E-03  0.0000000E+00  0.1000000E+01
         1    10      9 -0.1513111E-03  0.0000000E+00  0.1000000E+01
         1    10     10  0.0000000E+00  0.0000000E+00  0.1000000E+01

         1    11      0  0.0000000E+00  0.0000000E+00  0.0000000E+00
         1    11      1  0.0000000E+00  0.0000000E+00  0.1000000E+01
         1    11      2 -0.3362454E-04  0.0000000E+00  0.1000000E+01
         1    11      3 -0.5043683E-04  0.0000000E+00  0.1000000E+01
         1    11      4 -0.6724913E-04  0.0000000E+00  0.1000000E+01
         1    11      5 -0.8406145E-04  0.0000000E+00  0.1000000E+01
         1    11      6 -0.1008738E-03  0.0000000E+00  0.1000000E+01
         1    11      7 -0.1176862E-03  0.0000000E+00  0.1000000E+01
         1    11      8 -0.1344986E-03  0.0000000E+00  0.1000000E+01
         1    11      9 -0.1513111E-03  0.0000000E+00  0.1000000E+01
         1    11     10  0.0000000E+00  0.0000000E+00  0.1000000E+01

         1    12      0  0.0000000E+00  0.0000000E+00  0.0000000E+00
         1    12      1  0.0000000E+00  0.0000000E+00  0.1000000E+01
         1    12      2 -0.3362454E-04  0.0000000E+00  0.1000000E+01
         1    12      3 -0.5043683E-04  0.0000000E+00  0.1000000E+01
         1    12      4 -0.6724913E-04  0.0000000E+00  0.1000000E+01
         1    12      5 -0.8406145E-04  0.0000000E+00  0.1000000E+01
         1    12      6 -0.1008738E-03  0.0000000E+00  0.1000000E+01
         1    12      7 -0.1176862E-03  0.0000000E+00  0.1000000E+01
         1    12      8 -0.1344986E-03  0.0000000E+00  0.1000000E+01
         1    12      9 -0.1513111E-03  0.0000000E+00  0.1000000E+01
         1    12     10  0.0000000E+00  0.0000000E+00  0.1000000E+01

         1    13      0  0.0000000E+00  0.0000000E+00  0.0000000E+00
         1    13      1  0.0000000E+00  0.0000000E+00  0.1000000E+01
         1    13      2 -0.3362454E-04  0.0000000E+00  0.1000000E+01
         1    13      3 -0.5043683E-04  0.0000000E+00  0.1000000E+01
         1    13      4 -0.6724913E-04  0.0000000E+00  0.1000000E+01
         1    13      5 -0.8406145E-04  0.0000000E+00  0.1000000E+01
         1    13      6 -0.1008738E-03  0.0000000E+00  0.1000000E+01
         1    13      7 -0.1176862E-03  0.0000000E+00  0.1000000E+01
         1    13      8 -0.1344986E-03  0.0000000E+00  0.1000000E+01
         1    13      9 -0.1513111E-03  0.0000000E+00  0.1000000E+01
         1    13     10  0.0000000E+00  0.0000000E+00  0.1000000E+01

         1    14      0  0.0000000E+00  0.0000000E+00  0.0000000E+00
         1    14      1  0.1764221E-07  0.0000000E+00  0.1000000E+01
         1    14      2 -0.3364032E-04  0.0000000E+00  0.1000000E+01
         1    14      3 -0.5046931E-04  0.0000000E+00  0.1000000E+01
         1    14      4 -0.6729832E-04  0.0000000E+00  0.1000000E+01
         1    14      5 -0.8412735E-04  0.0000000E+00  0.1000000E+01
         1    14      6 -0.1009564E-03  0.0000000E+00  0.1000000E+01
         1    14      7 -0.1177855E-03  0.0000000E+00  0.1000000E+01
         1    14      8 -0.1346146E-03  0.0000000E+00  0.1000000E+01
         1    14      9 -0.1514438E-03  0.0000000E+00  0.1000000E+01
         1    14     10  0.2762219E-05  0.0000000E+00  0.1000000E+01

         1    15      0  0.0000000E+00  0.0000000E+00  0.0000000E+00
         1    15      1  0.1764221E-07  0.0000000E+00  0.1000000E+01
         1    15      2 -0.3364032E-04  0.0000000E+00  0.1000000E+01
         1    15      3 -0.5046931E-04  0.0000000E+00  0.1000000E+01
         1    15      4 -0.6729832E-04  0.0000000E+00  0.1000000E+01
         1    15      5 -0.8412735E-04  0.0000000E+00  0.1000000E+01
         1    15      6 -0.1009564E-03  0.0000000E+00  0.1000000E+01
         1    15      7 -0.1177855E-03  0.0000000E+00  0.1000000E+01
         1    15      8 -0.1346146E-03  0.0000000E+00  0.1000000E+01
         1    15      9 -0.1514438E-03  0.0000000E+00  0.1000000E+01
         1    15     10  0.2762219E-05  0.0000000E+00  0.1000000E+01

         1    16      0  0.0000000E+00  0.0000000E+00  0.0000000E+00
         1    16      1  0.1764221E-07  0.0000000E+00  0.1000000E+01
         1    16      2 -0.3364032E-04  0.0000000E+00  0.1000000E+01
         1    16      3 -0.5046931E-04  0.0000000E+00  0.1000000E+01
         1    16      4 -0.6729832E-04  0.0000000E+00  0.1000000E+01
         1    16      5 -0.8412735E-04  0.0000000E+00  0.1000000E+01
         1    16      6 -0.1009564E-03  0.0000000E+00  0.1000000E+01
         1    16      7 -0.1177855E-03  0.0000000E+00  0.1000000E+01
         1    16      8 -0.1346146E-03  0.0000000E+00  0.1000000E+01
         1    16      9 -0.1514438E-03  0.0000000E+00  0.1000000E+01
         1    16     10  0.2762219E-05  0.0000000E+00  0.1000000E+01

         1    17      0  0.0000000E+00  0.0000000E+00  0.0000000E+00
         1    17      1  0.1764221E-07  0.0000000E+00  0.1000000E+01
         1    17      2 -0.3364032E-04  0.0000000E+00  0.1000000E+01
         1    17      3 -0.5046931E-04  0.0000000E+00  0.1000000E+01
         1    17      4 -0.6729832E-04  0.0000000E+00  0.1000000E+01
         1    17      5 -0.8412735E-04  0.0000000E+00  0.1000000E+01
         1    17      6 -0.1009564E-03  0.0000000E+00  0.1000000E+01
         1    17      7 -0.1177855E-03  0.0000000E+00  0.1000000E+01
         1    17      8 -0.1346146E-03  0.0000000E+00  0.1000000E+01
         1    17      9 -0.1514438E-03  0.0000000E+00  0.1000000E+01
         1    17     10  0.2762219E-05  0.0000000E+00  0.1000000E+01

         1    18      0  0.0000000E+00  0.0000000E+00  0.0000000E+00
         1    18      1  0.1764221E-07  0.0000000E+00  0.1000000E+01
         1    18      2 -0.4475395E-04  0.0000000E+00  0.1000000E+01
         1    18      3 -0.6713959E-04  0.0000000E+00  0.1000000E+01
         1    18      4 -0.8952510E-04  0.0000000E+00  0.1000000E+01
         1    18      5 -0.1119105E-03  0.0000000E+00  0.1000000E+01
         1    18      6 -0.1342958E-03  0.0000000E+00  0.1000000E+01
         1    18      7 -0.1566810E-03  0.0000000E+00  0.1000000E+01
         1    18      8 -0.1790660E-03  0.0000000E+00  0.1000000E+01
         1    18      9 -0.2014509E-03  0.0000000E+00  0.1000000E+01
         1    18     10 -0.2698369E-04  0.0000000E+00  0.1000000E+01

         1    19      0  0.0000000E+00  0.0000000E+00  0.0000000E+00
         1    19      1  0.1764221E-07  0.0000000E+00  0.1000000E+01
         1    19      2 -0.5400774E-04  0.0000000E+00  0.1000000E+01
         1    19      3 -0.8102009E-04  0.0000000E+00  0.1000000E+01
         1    19      4 -0.1080322E-03  0.0000000E+00  0.1000000E+01
         1    19      5 -0.1350441E-03  0.0000000E+00  0.1000000E+01
         1    19      6 -0.1620557E-03  0.0000000E+00  0.1000000E+01
         1    19      7 -0.1890670E-03  0.0000000E+00  0.1000000E+01
         1    19      8 -0.2160780E-03  0.0000000E+00  0.1000000E+01
         1    19      9 -0.2430888E-03  0.0000000E+00  0.1000000E+01
         1    19     10 -0.6012530E-04  0.0000000E+00  0.1000000E+01

         1    20      0  0.0000000E+00  0.0000000E+00  0.0000000E+00
         1    20      1  0.1764221E-07  0.0000000E+00  0.1000000E+01
         1    20      2 -0.5400774E-04  0.0000000E+00  0.1000000E+01
         1    20      3 -0.8102009E-04  0.0000000E+00  0.1000000E+01
         1    20      4 -0.1080322E-03  0.0000000E+00  0.1000000E+01
         1    20      5 -0.1350441E-03  0.0000000E+00  0.1000000E+01
         1    20      6 -0.1620557E-03  0.0000000E+00  0.1000000E+01
         1    20      7 -0.1890670E-03  0.0000000E+00  0.1000000E+01
         1    20      8 -0.2160780E-03  0.0000000E+00  0.1000000E+01
         1    20      9 -0.2430888E-03  0.0000000E+00  0.1000000E+01
         1    20     10 -0.6012530E-04  0.0000000E+00  0.1000000E+01

         1    21      0  0.0000000E+00  0.0000000E+00  0.0000000E+00
         1    21      1  0.1764221E-07  0.0000000E+00  0.1000000E+01
         1    21      2 -0.5400774E-04  0.0000000E+00  0.1000000E+01
         1    21      3 -0.8102009E-04  0.0000000E+00  0.1000000E+01
         1    21      4 -0.1080322E-03  0.0000000E+00  0.1000000E+01
         1    21      5 -0.1350441E-03  0.0000000E+00  0.1000000E+01
         1    21      6 -0.1620557E-03  0.0000000E+00  0.1000000E+01
         1    21      7 -0.1890670E-03  0.0000000E+00  0.1000000E+01
         1    21      8 -0.2160780E-03  0.0000000E+00  0.1000000E+01
         1    21      9 -0.2430888E-03  0.0000000E+00  0.1000000E+01
         1    21     10 -0.6012530E-04  0.0000000E+00  0.1000000E+01

         1    22      0  0.0000000E+00  0.0000000E+00  0.0000000E+00
         1    22      1  0.1764221E-07  0.0000000E+00  0.1000000E+01
         1    22      2 -0.5400774E-04  0.0000000E+00  0.1000000E+01
         1    22      3 -0.8102009E-04  0.0000000E+00  0.1000000E+01
         1    22      4 -0.1080322E-03  0.0000000E+00  0.1000000E+01
         1    22      5 -0.1350441E-03  0.0000000E+00  0.1000000E+01
         1    22      6 -0.1620557E-03  0.0000000E+00  0.1000000E+01
         1    22      7 -0.1890670E-03  0.0000000E+00  0.1000000E+01
         1    22      8 -0.2160780E-03  0.0000000E+00  0.1000000E+01
         1    22      9 -0.2430888E-03  0.0000000E+00  0.1000000E+01
         1    22     10 -0.6012530E-04  0.0000000E+00  0.1000000E+01

         1    23      0  0.0000000E+00  0.0000000E+00  0.0000000E+00
         1    23      1  0.3528442E-07  0.0000000E+00  0.1000000E+01
         1    23      2 -0.5398151E-04  0.0000000E+00  0.1000000E+01
         1    23      3 -0.8098957E-04  0.0000000E+00  0.1000000E+01
         1    23      4 -0.1079974E-03  0.0000000E+00  0.1000000E+01
         1    23      5 -0.1350049E-03  0.0000000E+00  0.1000000E+01
         1    23      6 -0.1620122E-03  0.0000000E+00  0.1000000E+01
         1    23      7 -0.1890193E-03  0.0000000E+00  0.1000000E+01
         1    23      8 -0.2160260E-03  0.0000000E+00  0.1000000E+01
         1    23      9 -0.2430325E-03  0.0000000E+00  0.1000000E+01
         1    23     10 -0.5743978E-04  0.0000000E+00  0.1000000E+01

         1    24      0  0.0000000E+00  0.0000000E+00  0.0000000E+00
         1    24      1  0.3528442E-07  0.0000000E+00  0.1000000E+01
         1    24      2 -0.5398151E-04  0.0000000E+00  0.1000000E+01
         1    24      3 -0.8098957E-04  0.0000000E+00  0.1000000E+01
         1    24      4 -0.1079974E-03  0.0000000E+00  0.1000000E+01
         1    24      5 -0.1350049E-03  0.0000000E+00  0.1000000E+01
         1    24      6 -0.1620122E-03  0.0000000E+00  0.1000000E+01
         1    24      7 -0.1890193E-03  0.0000000E+00  0.1000000E+01
         1    24      8 -0.2160260E-03  0.0000000E+00  0.1000000E+01
         1    24      9 -0.2430325E-03  0.0000000E+00  0.1000000E+01
         1    24     10 -0.5743978E-04  0.0000000E+00  0.1000000E+01

         1    25      0  0.0000000E+00  0.0000000E+00  0.0000000E+00
         1    25      1  0.3528442E-07  0.0000000E+00  0.1000000E+01
         1    25      2 -0.5398151E-04  0.0000000E+00  0.1000000E+01
         1    25      3 -0.8098957E-04  0.0000000E+00  0.1000000E+01
         1    25      4 -0.1079974E-03  0.0000000E+00  0.1000000E+01
         1    25      5 -0.1350049E-03  0.0000000E+00  0.1000000E+01
         1    25      6 -0.1620122E-03  0.0000000E+00  0.1000000E+01
         1    25      7 -0.1890193E-03  0.0000000E+00  0.1000000E+01
         1    25      8 -0.2160260E-03  0.0000000E+00  0.1000000E+01
         1    25      9 -0.2430325E-03  0.0000000E+00  0.1000000E+01
         1    25     10 -0.5743978E-04  0.0000000E+00  0.1000000E+01

         1    26      0  0.0000000E+00  0.0000000E+00  0.0000000E+00
         1    26      1  0.3528442E-07  0.0000000E+00  0.1000000E+01
         1    26      2 -0.5398151E-04  0.0000000E+00  0.1000000E+01
         1    26      3 -0.8098957E-04  0.0000000E+00  0.1000000E+01
         1    26      4 -0.1079974E-03  0.0000000E+00  0.1000000E+01
         1    26      5 -0.1350049E-03  0.0000000E+00  0.1000000E+01
         1    26      6 -0.1620122E-03  0.0000000E+00  0.1000000E+01
         1    26      7 -0.1890193E-03  0.0000000E+00  0.1000000E+01
         1    26      8 -0.2160260E-03  0.0000000E+00  0.1000000E+01
         1    26      9 -0.2430325E-03  0.0000000E+00  0.1000000E+01
         1    26     10 -0.5743978E-04  0.0000000E+00  0.1000000E+01

         1    27      0  0.0000000E+00  0.0000000E+00  0.0000000E+00
         1    27      1  0.3528442E-07  0.0000000E+00  0.1000000E+01
         1    27      2 -0.7204789E-04  0.0000000E+00  0.1000000E+01
         1    27      3 -0.1080892E-03  0.0000000E+00  0.1000000E+01
         1    27      4 -0.1441304E-03  0.0000000E+00  0.1000000E+01
         1    27      5 -0.1801713E-03  0.0000000E+00  0.1000000E+01
         1    27      6 -0.2162120E-03  0.0000000E+00  0.1000000E+01
         1    27      7 -0.2522526E-03  0.0000000E+00  0.1000000E+01
         1    27      8 -0.2882929E-03  0.0000000E+00  0.1000000E+01
         1    27      9 -0.3243330E-03  0.0000000E+00  0.9999999E+00
         1    27     10  0.2449608E-04  0.0000000E+00  0.1000000E+01

         1    28      0  0.0000000E+00  0.0000000E+00  0.0000000E+00
         1    28      1  0.3528442E-07  0.0000000E+00  0.1000000E+01
         1    28      2 -0.9281844E-04  0.0000000E+00  0.1000000E+01
         1    28      3 -0.1392451E-03  0.0000000E+00  0.1000000E+01
         1    28      4 -0.1856717E-03  0.0000000E+00  0.1000000E+01
         1    28      5 -0.2320981E-03  0.0000000E+00  0.1000000E+01
         1    28      6 -0.2785243E-03  0.0000000E+00  0.1000000E+01
         1    28      7 -0.3249505E-03  0.0000000E+00  0.9999999E+00
         1    28      8 -0.3713765E-03  0.0000000E+00  0.9999999E+00
         1    28      9 -0.4178023E-03  0.0000000E+00  0.9999999E+00
         1    28     10  0.1154490E-03  0.0000000E+00  0.1000000E+01

         1    29      0  0.0000000E+00  0.0000000E+00  0.0000000E+00
         1    29      1  0.3528442E-07  0.0000000E+00  0.1000000E+01
         1    29      2 -0.9281844E-04  0.0000000E+00  0.1000000E+01
         1    29      3 -0.1392451E-03  0.0000000E+00  0.1000000E+01
         1    29      4 -0.1856717E-03  0.0000000E+00  0.1000000E+01
         1    29      5 -0.2320981E-03  0.0000000E+00  0.1000000E+01
         1    29      6 -0.2785243E-03  0.0000000E+00  0.1000000E+01
         1    29      7 -0.3249505E-03  0.0000000E+00  0.9999999E+00
         1    29      8 -0.3713765E-03  0.0000000E+00  0.9999999E+00
         1    29      9 -0.4178023E-03  0.0000000E+00  0.9999999E+00
         1    29     10  0.1154490E-03  0.0000000E+00  0.1000000E+01

         1    30      0  0.0000000E+00  0.0000000E+00  0.0000000E+00
         1    30      1  0.3528442E-07  0.0000000E+00  0.1000000E+01
         1    30      2 -0.9281844E-04  0.0000000E+00  0.1000000E+01
         1    30      3 -0.1392451E-03  0.0000000E+00  0.1000000E+01
         1    30      4 -0.1856717E-03  0.0000000E+00  0.1000000E+01
         1    30      5 -0.2320981E-03  0.0000000E+00  0.1000000E+01
         1    30      6 -0.2785243E-03  0.0000000E+00  0.1000000E+01
         1    30      7 -0.3249505E-03  0.0000000E+00  0.9999999E+00
         1    30      8 -0.3713765E-03  0.0000000E+00  0.9999999E+00
         1    30      9 -0.4178023E-03  0.0000000E+00  0.9999999E+00
         1    30     10  0.1154490E-03  0.0000000E+00  0.1000000E+01

         1    31      0  0.0000000E+00  0.0000000E+00  0.0000000E+00
         1    31      1  0.3528442E-07  0.0000000E+00  0.1000000E+01
         1    31      2 -0.9281844E-04  0.0000000E+00  0.1000000E+01
         1    31      3 -0.1392451E-03  0.0000000E+00  0.1000000E+01
         1    31      4 -0.1856717E-03  0.0000000E+00  0.1000000E+01
         1    31      5 -0.2320981E-03  0.0000000E+00  0.1000000E+01
         1    31      6 -0.2785243E-03  0.0000000E+00  0.1000000E+01
         1    31      7 -0.3249505E-03  0.0000000E+00  0.9999999E+00
         1    31      8 -0.3713765E-03  0.0000000E+00  0.9999999E+00
         1    31      9 -0.4178023E-03  0.0000000E+00  0.9999999E+00
         1    31     10  0.1154490E-03  0.0000000E+00  0.1000000E+01

         1    32      0  0.0000000E+00  0.0000000E+00  0.0000000E+00
         1    32      1  0.5292663E-07  0.0000000E+00  0.1000000E+01
         1    32      2 -0.9272328E-04  0.0000000E+00  0.1000000E+01
         1    32      3 -0.1391112E-03  0.0000000E+00  0.1000000E+01
         1    32      4 -0.1854990E-03  0.0000000E+00  0.1000000E+01
         1    32      5 -0.2318866E-03  0.0000000E+00  0.1000000E+01
         1    32      6 -0.2782741E-03  0.0000000E+00  0.1000000E+01
         1    32      7 -0.3246615E-03  0.0000000E+00  0.9999999E+00
         1    32      8 -0.3710487E-03  0.0000000E+00  0.9999999E+00
         1    32      9 -0.4174358E-03  0.0000000E+00  0.9999999E+00
         1    32     10  0.1179046E-03  0.0000000E+00  0.1000000E+01

         1    33      0  0.0000000E+00  0.0000000E+00  0.0000000E+00
         1    33      1  0.5292663E-07  0.0000000E+00  0.1000000E+01
         1    33      2 -0.9272328E-04  0.0000000E+00  0.1000000E+01
         1    33      3 -0.1391112E-03  0.0000000E+00  0.1000000E+01
         1    33      4 -0.1854990E-03  0.0000000E+00  0.1000000E+01
         1    33      5 -0.2318866E-03  0.0000000E+00  0.1000000E+01
         1    33      6 -0.2782741E-03  0.0000000E+00  0.1000000E+01
         1    33      7 -0.3246615E-03  0.0000000E+00  0.9999999E+00
         1    33      8 -0.3710487E-03  0.0000000E+00  0.9999999E+00
         1    33      9 -0.4174358E-03  0.0000000E+00  0.9999999E+00
         1    33     10  0.1179046E-03  0.0000000E+00  0.1000000E+01

         1    34      0  0.0000000E+00  0.0000000E+00  0.0000000E+00
         1    34      1  0.5292663E-07  0.0000000E+00  0.1000000E+01
         1    34      2 -0.9276369E-04  0.0000000E+00  0.1000000E+01
         1    34      3 -0.1392021E-03  0.0000000E+00  0.1000000E+01
         1    34      4 -0.1856606E-03  0.0000000E+00  0.1000000E+01
         1    34      5 -0.2321392E-03  0.0000000E+00  0.1000000E+01
         1    34      6 -0.2786378E-03  0.0000000E+00  0.1000000E+01
         1    34      7 -0.3251565E-03  0.0000000E+00  0.9999999E+00
         1    34      8 -0.3716953E-03  0.0000000E+00  0.9999999E+00
         1    34      9 -0.4182542E-03  0.0000000E+00  0.9999999E+00
         1    34     10  0.1171904E-03  0.0000000E+00  0.1000000E+01

         1    35      0  0.0000000E+00  0.0000000E+00  0.0000000E+00
         1    35      1  0.5292663E-07  0.0000000E+00  0.1000000E+01
         1    35      2 -0.9276369E-04  0.0000000E+00  0.1000000E+01
         1    35      3 -0.1392021E-03  0.0000000E+00  0.1000000E+01
         1    35      4 -0.1856606E-03  0.0000000E+00  0.1000000E+01
         1    35      5 -0.2321392E-03  0.0000000E+00  0.1000000E+01
         1    35      6 -0.2786378E-03  0.0000000E+00  0.1000000E+01
         1    35      7 -0.3251565E-03  0.0000000E+00  0.9999999E+00
         1    35      8 -0.3716953E-03  0.0000000E+00  0.9999999E+00
         1    35      9 -0.4182542E-03  0.0000000E+00  0.9999999E+00
         1    35     10  0.1171904E-03  0.0000000E+00  0.1000000E+01

         1    36      0  0.0000000E+00  0.0000000E+00  0.0000000E+00
         1    36      1  0.5292663E-07  0.0000000E+00  0.1000000E+01
         1    36      2 -0.2211775E-04  0.0000000E+00  0.1000000E+01
         1    36      3 -0.3323318E-04  0.0000000E+00  0.1000000E+01
         1    36      4 -0.4436866E-04  0.0000000E+00  0.1000000E+01
         1    36      5 -0.5552417E-04  0.0000000E+00  0.1000000E+01
         1    36      6 -0.6669972E-04  0.0000000E+00  0.1000000E+01
         1    36      7 -0.7789530E-04  0.0000000E+00  0.1000000E+01
         1    36      8 -0.8911089E-04  0.0000000E+00  0.1000000E+01
         1    36      9 -0.1003465E-03  0.0000000E+00  0.1000000E+01
         1    36     10 -0.1823858E-03  0.0000000E+00  0.1000000E+01

         1    37      0  0.0000000E+00  0.0000000E+00  0.0000000E+00
         1    37      1  0.5292663E-07  0.0000000E+00  0.1000000E+01
         1    37      2  0.4933491E-04  0.0000000E+00  0.1000000E+01
         1    37      3  0.7394625E-04  0.0000000E+00  0.1000000E+01
         1    37      4  0.9853786E-04  0.0000000E+00  0.1000000E+01
         1    37      5  0.1231097E-03  0.0000000E+00  0.1000000E+01
         1    37      6  0.1476619E-03  0.0000000E+00  0.1000000E+01
         1    37      7  0.1721943E-03  0.0000000E+00  0.1000000E+01
         1    37      8  0.1967071E-03  0.0000000E+00  0.1000000E+01
         1    37      9  0.2212002E-03  0.0000000E+00  0.1000000E+01
         1    37     10 -0.4874562E-03  0.0000000E+00  0.9999999E+00

         1    38      0  0.0000000E+00  0.0000000E+00  0.0000000E+00
         1    38      1  0.5292663E-07  0.0000000E+00  0.1000000E+01
         1    38      2  0.4933491E-04  0.0000000E+00  0.1000000E+01
         1    38      3  0.7394625E-04  0.0000000E+00  0.1000000E+01
         1    38      4  0.9853786E-04  0.0000000E+00  0.1000000E+01
         1    38      5  0.1231097E-03  0.0000000E+00  0.1000000E+01
         1    38      6  0.1476619E-03  0.0000000E+00  0.1000000E+01
         1    38      7  0.1721943E-03  0.0000000E+00  0.1000000E+01
         1    38      8  0.1967071E-03  0.0000000E+00  0.1000000E+01
         1    38      9  0.2212002E-03  0.0000000E+00  0.1000000E+01
         1    38     10 -0.4874562E-03  0.0000000E+00  0.9999999E+00

         1    39      0  0.0000000E+00  0.0000000E+00  0.0000000E+00
         1    39      1  0.5292663E-07  0.0000000E+00  0.1000000E+01
         1    39      2  0.4933491E-04  0.0000000E+00  0.1000000E+01
         1    39      3  0.7394625E-04  0.0000000E+00  0.1000000E+01
         1    39      4  0.9853786E-04  0.0000000E+00  0.1000000E+01
         1    39      5  0.1231097E-03  0.0000000E+00  0.1000000E+01
         1    39      6  0.1476619E-03  0.0000000E+00  0.1000000E+01
         1    39      7  0.1721943E-03  0.0000000E+00  0.1000000E+01
         1    39      8  0.1967071E-03  0.0000000E+00  0.1000000E+01
         1    39      9  0.2212002E-03  0.0000000E+00  0.1000000E+01
         1    39     10 -0.4874562E-03  0.0000000E+00  0.9999999E+00

         1    40      0  0.0000000E+00  0.0000000E+00  0.0000000E+00
         1    40      1  0.5292663E-07  0.0000000E+00  0.1000000E+01
         1    40      2  0.4933491E-04  0.0000000E+00  0.1000000E+01
         1    40      3  0.7394625E-04  0.0000000E+00  0.1000000E+01
         1    40      4  0.9853786E-04  0.0000000E+00  0.1000000E+01
         1    40      5  0.1231097E-03  0.0000000E+00  0.1000000E+01
         1    40      6  0.1476619E-03  0.0000000E+00  0.1000000E+01
         1    40      7  0.1721943E-03  0.0000000E+00  0.1000000E+01
         1    40      8  0.1967071E-03  0.0000000E+00  0.1000000E+01
         1    40      9  0.2212002E-03  0.0000000E+00  0.1000000E+01
         1    40     10 -0.4874562E-03  0.0000000E+00  0.9999999E+00

         1    41      0  0.0000000E+00  0.0000000E+00  0.0000000E+00
         1    41      1  0.7056883E-07  0.0000000E+00  0.1000000E+01
         1    41      2  0.4944829E-04  0.0000000E+00  0.1000000E+01
         1    41      3  0.7410751E-04  0.0000000E+00  0.1000000E+01
         1    41      4  0.9874700E-04  0.0000000E+00  0.1000000E+01
         1    41      5  0.1233668E-03  0.0000000E+00  0.1000000E+01
         1    41      6  0.1479668E-03  0.0000000E+00  0.1000000E+01
         1    41      7  0.1725471E-03  0.0000000E+00  0.1000000E+01
         1    41      8  0.1971078E-03  0.0000000E+00  0.1000000E+01
         1    41      9  0.2216488E-03  0.0000000E+00  0.1000000E+01
         1    41     10 -0.4851247E-03  0.0000000E+00  0.9999999E+00

         1    42      0  0.0000000E+00  0.0000000E+00  0.0000000E+00
         1    42      1  0.7056883E-07  0.0000000E+00  0.1000000E+01
         1    42      2  0.4944829E-04  0.0000000E+00  0.1000000E+01
         1    42      3  0.7410751E-04  0.0000000E+00  0.1000000E+01
         1    42      4  0.9874700E-04  0.0000000E+00  0.1000000E+01
         1    42      5  0.1233668E-03  0.0000000E+00  0.1000000E+01
         1    42      6  0.1479668E-03  0.0000000E+00  0.1000000E+01
         1    42      7  0.1725471E-03  0.0000000E+00  0.1000000E+01
         1    42      8  0.1971078E-03  0.0000000E+00  0.1000000E+01
         1    42      9  0.2216488E-03  0.0000000E+00  0.1000000E+01
         1    42     10 -0.4851247E-03  0.0000000E+00  0.9999999E+00

         1    43      0  0.0000000E+00  0.0000000E+00  0.0000000E+00
         1    43      1  0.7056883E-07  0.0000000E+00  0.1000000E+01
         1    43      2  0.4952759E-04  0.0000000E+00  0.1000000E+01
         1    43      3  0.7428597E-04  0.0000000E+00  0.1000000E+01
         1    43      4  0.9906431E-04  0.0000000E+00  0.1000000E+01
         1    43      5  0.1238626E-03  0.0000000E+00  0.1000000E+01
         1    43      6  0.1486810E-03  0.0000000E+00  0.1000000E+01
         1    43      7  0.1735194E-03  0.0000000E+00  0.1000000E+01
         1    43      8  0.1983779E-03  0.0000000E+00  0.1000000E+01
         1    43      9  0.2232565E-03  0.0000000E+00  0.1000000E+01
         1    43     10 -0.4828784E-03  0.0000000E+00  0.9999999E+00

         1    44      0  0.0000000E+00  0.0000000E+00  0.0000000E+00
         1    44      1  0.7056883E-07  0.0000000E+00  0.1000000E+01
         1    44      2  0.4952759E-04  0.0000000E+00  0.1000000E+01
         1    44      3  0.7428597E-04  0.0000000E+00  0.1000000E+01
         1    44      4  0.9906431E-04  0.0000000E+00  0.1000000E+01
         1    44      5  0.1238626E-03  0.0000000E+00  0.1000000E+01
         1    44      6  0.1486810E-03  0.0000000E+00  0.1000000E+01
         1    44      7  0.1735194E-03  0.0000000E+00  0.1000000E+01
         1    44      8  0.1983779E-03  0.0000000E+00  0.1000000E+01
         1    44      9  0.2232565E-03  0.0000000E+00  0.1000000E+01
         1    44     10 -0.4828784E-03  0.0000000E+00  0.9999999E+00

         1    45      0  0.0000000E+00  0.0000000E+00  0.0000000E+00
         1    45      1  0.7056883E-07  0.0000000E+00  0.1000000E+01
         1    45      2  0.9299224E-05  0.0000000E+00  0.1000000E+01
         1    45      3  0.1393846E-04  0.0000000E+00  0.1000000E+01
         1    45      4  0.1859436E-04  0.0000000E+00  0.1000000E+01
         1    45      5  0.2326695E-04  0.0000000E+00  0.1000000E+01
         1    45      6  0.2795626E-04  0.0000000E+00  0.1000000E+01
         1    45      7  0.3266233E-04  0.0000000E+00  0.1000000E+01
         1    45      8  0.3738520E-04  0.0000000E+00  0.1000000E+01
         1    45      9  0.4212490E-04  0.0000000E+00  0.1000000E+01
         1    45     10 -0.2592149E-03  0.0000000E+00  0.1000000E+01

         1    46      0  0.0000000E+00  0.0000000E+00  0.0000000E+00
         1    46      1  0.7056883E-07  0.0000000E+00  0.1000000E+01
         1    46      2 -0.3036610E-04  0.0000000E+00  0.1000000E+01
         1    46      3 -0.4556434E-04  0.0000000E+00  0.1000000E+01
         1    46      4 -0.6074915E-04  0.0000000E+00  0.1000000E+01
         1    46      5 -0.7592048E-04  0.0000000E+00  0.1000000E+01
         1    46      6 -0.9107830E-04  0.0000000E+00  0.1000000E+01
         1    46      7 -0.1062226E-03  0.0000000E+00  0.1000000E+01
         1    46      8 -0.1213532E-03  0.0000000E+00  0.1000000E+01
         1    46      9 -0.1364703E-03  0.0000000E+00  0.1000000E+01
         1    46     10 -0.2993919E-04  0.0000000E+00  0.1000000E+01

         1    47      0  0.0000000E+00  0.0000000E+00  0.0000000E+00
         1    47      1  0.7056883E-07  0.0000000E+00  0.1000000E+01
         1    47      2 -0.3036610E-04  0.0000000E+00  0.1000000E+01
         1    47      3 -0.4556434E-04  0.0000000E+00  0.1000000E+01
         1    47      4 -0.6074915E-04  0.0000000E+00  0.1000000E+01
         1    47      5 -0.7592048E-04  0.0000000E+00  0.1000000E+01
         1    47      6 -0.9107830E-04  0.0000000E+00  0.1000000E+01
         1    47      7 -0.1062226E-03  0.0000000E+00  0.1000000E+01
         1    47      8 -0.1213532E-03  0.0000000E+00  0.1000000E+01
         1    47      9 -0.1364703E-03  0.0000000E+00  0.1000000E+01
         1    47     10 -0.2993919E-04  0.0000000E+00  0.1000000E+01

         1    48      0  0.0000000E+00  0.0000000E+00  0.0000000E+00
         1    48      1  0.7056883E-07  0.0000000E+00  0.1000000E+01
         1    48      2 -0.3036610E-04  0.0000000E+00  0.1000000E+01
         1    48      3 -0.4556434E-04  0.0000000E+00  0.1000000E+01
         1    48      4 -0.6074915E-04  0.0000000E+00  0.1000000E+01
         1    48      5 -0.7592048E-04  0.0000000E+00  0.1000000E+01
         1    48      6 -0.9107830E-04  0.0000000E+00  0.1000000E+01
         1    48      7 -0.1062226E-03  0.0000000E+00  0.1000000E+01
         1    48      8 -0.1213532E-03  0.0000000E+00  0.1000000E+01
         1    48      9 -0.1364703E-03  0.0000000E+00  0.1000000E+01
         1    48     10 -0.2993919E-04  0.0000000E+00  0.1000000E+01

         1    49      0  0.0000000E+00  0.0000000E+00  0.0000000E+00
         1    49      1  0.7056883E-07  0.0000000E+00  0.1000000E+01
         1    49      2 -0.3036610E-04  0.0000000E+00  0.1000000E+01
         1    49      3 -0.4556434E-04  0.0000000E+00  0.1000000E+01
         1    49      4 -0.6074915E-04  0.0000000E+00  0.1000000E+01
         1    49      5 -0.7592048E-04  0.0000000E+00  0.1000000E+01
         1    49      6 -0.9107830E-04  0.0000000E+00  0.1000000E+01
         1    49      7 -0.1062226E-03  0.0000000E+00  0.1000000E+01
         1    49      8 -0.1213532E-03  0.0000000E+00  0.1000000E+01
         1    49      9 -0.1364703E-03  0.0000000E+00  0.1000000E+01
         1    49     10 -0.2993919E-04  0.0000000E+00  0.1000000E+01

         1    50      0  0.0000000E+00  0.0000000E+00  0.0000000E+00
         1    50      1  0.8821104E-07  0.0000000E+00  0.1000000E+01
         1    50      2 -0.3026706E-04  0.0000000E+00  0.1000000E+01
         1    50      3 -0.4542460E-04  0.0000000E+00  0.1000000E+01
         1    50      4 -0.6056870E-04  0.0000000E+00  0.1000000E+01
         1    50      5 -0.7569931E-04  0.0000000E+00  0.1000000E+01
         1    50      6 -0.9081639E-04  0.0000000E+00  0.1000000E+01
         1    50      7 -0.1059199E-03  0.0000000E+00  0.1000000E+01
         1    50      8 -0.1210098E-03  0.0000000E+00  0.1000000E+01
         1    50      9 -0.1360861E-03  0.0000000E+00  0.1000000E+01
         1    50     10 -0.2775051E-04  0.0000000E+00  0.1000000E+01

         1    51      0  0.0000000E+00  0.0000000E+00  0.0000000E+00
         1    51      1  0.8821104E-07  0.0000000E+00  0.1000000E+01
         1    51      2 -0.3026706E-04  0.0000000E+00  0.1000000E+01
         1    51      3 -0.4542460E-04  0.0000000E+00  0.1000000E+01
         1    51      4 -0.6056870E-04  0.0000000E+00  0.1000000E+01
         1    51      5 -0.7569931E-04  0.0000000E+00  0.1000000E+01
         1    51      6 -0.9081639E-04  0.0000000E+00  0.1000000E+01
         1    51      7 -0.1059199E-03  0.0000000E+00  0.1000000E+01
         1    51      8 -0.1210098E-03  0.0000000E+00  0.1000000E+01
         1    51      9 -0.1360861E-03  0.0000000E+00  0.1000000E+01
         1    51     10 -0.2775051E-04  0.0000000E+00  0.1000000E+01

         1    52      0  0.0000000E+00  0.0000000E+00  0.0000000E+00
         1    52      1  0.8821104E-07  0.0000000E+00  0.1000000E+01
         1    52      2 -0.3037921E-04  0.0000000E+00  0.1000000E+01
         1    52      3 -0.4567696E-04  0.0000000E+00  0.1000000E+01
         1    52      4 -0.6101741E-04  0.0000000E+00  0.1000000E+01
         1    52      5 -0.7640051E-04  0.0000000E+00  0.1000000E+01
         1    52      6 -0.9182627E-04  0.0000000E+00  0.1000000E+01
         1    52      7 -0.1072947E-03  0.0000000E+00  0.1000000E+01
         1    52      8 -0.1228057E-03  0.0000000E+00  0.1000000E+01
         1    52      9 -0.1383593E-03  0.0000000E+00  0.1000000E+01
         1    52     10 -0.3553598E-04  0.0000000E+00  0.1000000E+01

         1    53      0  0.0000000E+00  0.0000000E+00  0.0000000E+00
         1    53      1  0.8821104E-07  0.0000000E+00  0.1000000E+01
         1    53      2 -0.3037921E-04  0.0000000E+00  0.1000000E+01
         1    53      3 -0.4567696E-04  0.0000000E+00  0.1000000E+01
         1    53      4 -0.6101741E-04  0.0000000E+00  0.1000000E+01
         1    53      5 -0.7640051E-04  0.0000000E+00  0.1000000E+01
         1    53      6 -0.9182627E-04  0.0000000E+00  0.1000000E+01
         1    53      7 -0.1072947E-03  0.0000000E+00  0.1000000E+01
         1    53      8 -0.1228057E-03  0.0000000E+00  0.1000000E+01
         1    53      9 -0.1383593E-03  0.0000000E+00  0.1000000E+01
         1    53     10 -0.3553598E-04  0.0000000E+00  0.1000000E+01

         1    54      0  0.0000000E+00  0.0000000E+00  0.0000000E+00
         1    54      1  0.8821104E-07  0.0000000E+00  0.1000000E+01
         1    54      2  0.2445067E-04  0.0000000E+00  0.1000000E+01
         1    54      3  0.3657471E-04  0.0000000E+00  0.1000000E+01
         1    54      4  0.4866061E-04  0.0000000E+00  0.1000000E+01
         1    54      5  0.6070838E-04  0.0000000E+00  0.1000000E+01
         1    54      6  0.7271801E-04  0.0000000E+00  0.1000000E+01
         1    54      7  0.8468951E-04  0.0000000E+00  0.1000000E+01
         1    54      8  0.9662287E-04  0.0000000E+00  0.1000000E+01
         1    54      9  0.1085181E-03  0.0000000E+00  0.1000000E+01
         1    54     10 -0.5060139E-03  0.0000000E+00  0.9999999E+00

         1    55      0  0.0000000E+00  0.0000000E+00  0.0000000E+00
         1    55      1  0.8821104E-07  0.0000000E+00  0.1000000E+01
         1    55      2  0.7792054E-04  0.0000000E+00  0.1000000E+01
         1    55      3  0.1167872E-03  0.0000000E+00  0.1000000E+01
         1    55      4  0.1556208E-03  0.0000000E+00  0.1000000E+01
         1    55      5  0.1944213E-03  0.0000000E+00  0.1000000E+01
         1    55      6  0.2331888E-03  0.0000000E+00  0.1000000E+01
         1    55      7  0.2719231E-03  0.0000000E+00  0.1000000E+01
         1    55      8  0.3106244E-03  0.0000000E+00  0.1000000E+01
         1    55      9  0.3492925E-03  0.0000000E+00  0.9999999E+00
         1    55     10 -0.9764278E-03  0.0000000E+00  0.9999995E+00

         1    56      0  0.0000000E+00  0.0000000E+00  0.0000000E+00
         1    56      1  0.8821104E-07  0.0000000E+00  0.1000000E+01
         1    56      2  0.7792054E-04  0.0000000E+00  0.1000000E+01
         1    56      3  0.1167872E-03  0.0000000E+00  0.1000000E+01
         1    56      4  0.1556208E-03  0.0000000E+00  0.1000000E+01
         1    56      5  0.1944213E-03  0.0000000E+00  0.1000000E+01
         1    56      6  0.2331888E-03  0.0000000E+00  0.1000000E+01
         1    56      7  0.2719231E-03  0.0000000E+00  0.1000000E+01
         1    56      8  0.3106244E-03  0.0000000E+00  0.1000000E+01
         1    56      9  0.3492925E-03  0.0000000E+00  0.9999999E+00
         1    56     10 -0.9764278E-03  0.0000000E+00  0.9999995E+00

         1    57      0  0.0000000E+00  0.0000000E+00  0.0000000E+00
         1    57      1  0.8821104E-07  0.0000000E+00  0.1000000E+01
         1    57      2  0.7792054E-04  0.0000000E+00  0.1000000E+01
         1    57      3  0.1167872E-03  0.0000000E+00  0.1000000E+01
         1    57      4  0.1556208E-03  0.0000000E+00  0.1000000E+01
         1    57      5  0.1944213E-03  0.0000000E+00  0.1000000E+01
         1    57      6  0.2331888E-03  0.0000000E+00  0.1000000E+01
         1    57      7  0.2719231E-03  0.0000000E+00  0.1000000E+01
         1    57      8  0.3106244E-03  0.0000000E+00  0.1000000E+01
         1    57      9  0.3492925E-03  0.0000000E+00  0.9999999E+00
         1    57     10 -0.9764278E-03  0.0000000E+00  0.9999995E+00

         1    58      0  0.0000000E+00  0.0000000E+00  0.0000000E+00
         1    58      1  0.8821104E-07  0.0000000E+00  0.1000000E+01
         1    58      2  0.7792054E-04  0.0000000E+00  0.1000000E+01
         1    58      3  0.1167872E-03  0.0000000E+00  0.1000000E+01
         1    58      4  0.1556208E-03  0.0000000E+00  0.1000000E+01
         1    58      5  0.1944213E-03  0.0000000E+00  0.1000000E+01
         1    58      6  0.2331888E-03  0.0000000E+00  0.1000000E+01
         1    58      7  0.2719231E-03  0.0000000E+00  0.1000000E+01
         1    58      8  0.3106244E-03  0.0000000E+00  0.1000000E+01
         1    58      9  0.3492925E-03  0.0000000E+00  0.9999999E+00
         1    58     10 -0.9764278E-03  0.0000000E+00  0.9999995E+00

         1    59      0  0.0000000E+00  0.0000000E+00  0.0000000E+00
         1    59      1  0.1058533E-06  0.0000000E+00  0.1000000E+01
         1    59      2  0.7798884E-04  0.0000000E+00  0.1000000E+01
         1    59      3  0.1168808E-03  0.0000000E+00  0.1000000E+01
         1    59      4  0.1557398E-03  0.0000000E+00  0.1000000E+01
         1    59      5  0.1945657E-03  0.0000000E+00  0.1000000E+01
         1    59      6  0.2333586E-03  0.0000000E+00  0.1000000E+01
         1    59      7  0.2721183E-03  0.0000000E+00  0.1000000E+01
         1    59      8  0.3108450E-03  0.0000000E+00  0.1000000E+01
         1    59      9  0.3495385E-03  0.0000000E+00  0.9999999E+00
         1    59     10 -0.9742386E-03  0.0000000E+00  0.9999995E+00

         1    60      0  0.0000000E+00  0.0000000E+00  0.0000000E+00
         1    60      1  0.1058533E-06  0.0000000E+00  0.1000000E+01
         1    60      2  0.7798884E-04  0.0000000E+00  0.1000000E+01
         1    60      3  0.1168808E-03  0.0000000E+00  0.1000000E+01
         1    60      4  0.1557398E-03  0.0000000E+00  0.1000000E+01
         1    60      5  0.1945657E-03  0.0000000E+00  0.1000000E+01
         1    60      6  0.2333586E-03  0.0000000E+00  0.1000000E+01
         1    60      7  0.2721183E-03  0.0000000E+00  0.1000000E+01
         1    60      8  0.3108450E-03  0.0000000E+00  0.1000000E+01
         1    60      9  0.3495385E-03  0.0000000E+00  0.9999999E+00
         1    60     10 -0.9742386E-03  0.0000000E+00  0.9999995E+00

         1    61      0  0.0000000E+00  0.0000000E+00  0.0000000E+00
         1    61      1  0.1058533E-06  0.0000000E+00  0.1000000E+01
         1    61      2  0.7799380E-04  0.0000000E+00  0.1000000E+01
         1    61      3  0.1168920E-03  0.0000000E+00  0.1000000E+01
         1    61      4  0.1557597E-03  0.0000000E+00  0.1000000E+01
         1    61      5  0.1945968E-03  0.0000000E+00  0.1000000E+01
         1    61      6  0.2334034E-03  0.0000000E+00  0.1000000E+01
         1    61      7  0.2721795E-03  0.0000000E+00  0.1000000E+01
         1    61      8  0.3109250E-03  0.0000000E+00  0.1000000E+01
         1    61      9  0.3496400E-03  0.0000000E+00  0.9999999E+00
         1    61     10 -0.9716146E-03  0.0000000E+00  0.9999995E+00

         1    62      0  0.0000000E+00  0.0000000E+00  0.0000000E+00
         1    62      1  0.1058533E-06  0.0000000E+00  0.1000000E+01
         1    62      2  0.7799380E-04  0.0000000E+00  0.1000000E+01
         1    62      3  0.1168920E-03  0.0000000E+00  0.1000000E+01
         1    62      4  0.1557597E-03  0.0000000E+00  0.1000000E+01
         1    62      5  0.1945968E-03  0.0000000E+00  0.1000000E+01
         1    62      6  0.2334034E-03  0.0000000E+00  0.1000000E+01
         1    62      7  0.2721795E-03  0.0000000E+00  0.1000000E+01
         1    62      8  0.3109250E-03  0.0000000E+00  0.1000000E+01
         1    62      9  0.3496400E-03  0.0000000E+00  0.9999999E+00
         1    62     10 -0.9716146E-03  0.0000000E+00  0.9999995E+00

         1    63      0  0.0000000E+00  0.0000000E+00  0.0000000E+00
         1    63      1  0.1058533E-06  0.0000000E+00  0.1000000E+01
         1    63      2  0.7115785E-04  0.0000000E+00  0.1000000E+01
         1    63      3  0.1066245E-03  0.0000000E+00  0.1000000E+01
         1    63      4  0.1420517E-03  0.0000000E+00  0.1000000E+01
         1    63      5  0.1774394E-03  0.0000000E+00  0.1000000E+01
         1    63      6  0.2127875E-03  0.0000000E+00  0.1000000E+01
         1    63      7  0.2480961E-03  0.0000000E+00  0.1000000E+01
         1    63      8  0.2833651E-03  0.0000000E+00  0.1000000E+01
         1    63      9  0.3185947E-03  0.0000000E+00  0.9999999E+00
         1    63     10 -0.7427977E-03  0.0000000E+00  0.9999997E+00

         1    64      0  0.0000000E+00  0.0000000E+00  0.0000000E+00
         1    64      1  0.1058533E-06  0.0000000E+00  0.1000000E+01
         1    64      2  0.6737307E-04  0.0000000E+00  0.1000000E+01
         1    64      3  0.1009329E-03  0.0000000E+00  0.1000000E+01
         1    64      4  0.1344436E-03  0.0000000E+00  0.1000000E+01
         1    64      5  0.1679052E-03  0.0000000E+00  0.1000000E+01
         1    64      6  0.2013176E-03  0.0000000E+00  0.1000000E+01
         1    64      7  0.2346810E-03  0.0000000E+00  0.1000000E+01
         1    64      8  0.2679952E-03  0.0000000E+00  0.1000000E+01
         1    64      9  0.3012603E-03  0.0000000E+00  0.1000000E+01
         1    64     10 -0.5196048E-03  0.0000000E+00  0.9999999E+00

         1    65      0  0.0000000E+00  0.0000000E+00  0.0000000E+00
         1    65      1  0.1058533E-06  0.0000000E+00  0.1000000E+01
         1    65      2  0.6737307E-04  0.0000000E+00  0.1000000E+01
         1    65      3  0.1009329E-03  0.0000000E+00  0.1000000E+01
         1    65      4  0.1344436E-03  0.0000000E+00  0.1000000E+01
         1    65      5  0.1679052E-03  0.0000000E+00  0.1000000E+01
         1    65      6  0.2013176E-03  0.0000000E+00  0.1000000E+01
         1    65      7  0.2346810E-03  0.0000000E+00  0.1000000E+01
         1    65      8  0.2679952E-03  0.0000000E+00  0.1000000E+01
         1    65      9  0.3012603E-03  0.0000000E+00  0.1000000E+01
         1    65     10 -0.5196048E-03  0.0000000E+00  0.9999999E+00

         1    66      0  0.0000000E+00  0.0000000E+00  0.0000000E+00
         1    66      1  0.1058533E-06  0.0000000E+00  0.1000000E+01
         1    66      2  0.6737307E-04  0.0000000E+00  0.1000000E+01
         1    66      3  0.1009329E-03  0.0000000E+00  0.1000000E+01
         1    66      4  0.1344436E-03  0.0000000E+00  0.1000000E+01
         1    66      5  0.1679052E-03  0.0000000E+00  0.1000000E+01
         1    66      6  0.2013176E-03  0.0000000E+00  0.1000000E+01
         1    66      7  0.2346810E-03  0.0000000E+00  0.1000000E+01
         1    66      8  0.2679952E-03  0.0000000E+00  0.1000000E+01
         1    66      9  0.3012603E-03  0.0000000E+00  0.1000000E+01
         1    66     10 -0.5196048E-03  0.0000000E+00  0.9999999E+00

         1    67      0  0.0000000E+00  0.0000000E+00  0.0000000E+00
         1    67      1  0.1058533E-06  0.0000000E+00  0.1000000E+01
         1    67      2  0.6737307E-04  0.0000000E+00  0.1000000E+01
         1    67      3  0.1009329E-03  0.0000000E+00  0.1000000E+01
         1    67      4  0.1344436E-03  0.0000000E+00  0.1000000E+01
         1    67      5  0.1679052E-03  0.0000000E+00  0.1000000E+01
         1    67      6  0.2013176E-03  0.0000000E+00  0.1000000E+01
         1    67      7  0.2346810E-03  0.0000000E+00  0.1000000E+01
         1    67      8  0.2679952E-03  0.0000000E+00  0.1000000E+01
         1    67      9  0.3012603E-03  0.0000000E+00  0.1000000E+01
         1    67     10 -0.5196048E-03  0.0000000E+00  0.9999999E+00

         1    68      0  0.0000000E+00  0.0000000E+00  0.0000000E+00
         1    68      1  0.1234955E-06  0.0000000E+00  0.1000000E+01
         1    68      2  0.6736360E-04  0.0000000E+00  0.1000000E+01
         1    68      3  0.1009099E-03  0.0000000E+00  0.1000000E+01
         1    68      4  0.1344072E-03  0.0000000E+00  0.1000000E+01
         1    68      5  0.1678553E-03  0.0000000E+00  0.1000000E+01
         1    68      6  0.2012543E-03  0.0000000E+00  0.1000000E+01
         1    68      7  0.2346042E-03  0.0000000E+00  0.1000000E+01
         1    68      8  0.2679050E-03  0.0000000E+00  0.1000000E+01
         1    68      9  0.3011568E-03  0.0000000E+00  0.1000000E+01
         1    68     10 -0.5172719E-03  0.0000000E+00  0.9999999E+00

         1    69      0  0.0000000E+00  0.0000000E+00  0.0000000E+00
         1    69      1  0.1234955E-06  0.0000000E+00  0.1000000E+01
         1    69      2  0.6736360E-04  0.0000000E+00  0.1000000E+01
         1    69      3  0.1009099E-03  0.0000000E+00  0.1000000E+01
         1    69      4  0.1344072E-03  0.0000000E+00  0.1000000E+01
         1    69      5  0.1678553E-03  0.0000000E+00  0.1000000E+01
         1    69      6  0.2012543E-03  0.0000000E+00  0.1000000E+01
         1    69      7  0.2346042E-03  0.0000000E+00  0.1000000E+01
         1    69      8  0.2679050E-03  0.0000000E+00  0.1000000E+01
         1    69      9  0.3011568E-03  0.0000000E+00  0.1000000E+01
         1    69     10 -0.5172719E-03  0.0000000E+00  0.9999999E+00

         1    70      0  0.0000000E+00  0.0000000E+00  0.0000000E+00
         1    70      1  0.1234955E-06  0.0000000E+00  0.1000000E+01
         1    70      2  0.6735357E-04  0.0000000E+00  0.1000000E+01
         1    70      3  0.1008874E-03  0.0000000E+00  0.1000000E+01
         1    70      4  0.1343672E-03  0.0000000E+00  0.1000000E+01
         1    70      5  0.1677929E-03  0.0000000E+00  0.1000000E+01
         1    70      6  0.2011645E-03  0.0000000E+00  0.1000000E+01
         1    70      7  0.2344822E-03  0.0000000E+00  0.1000000E+01
         1    70      8  0.2677460E-03  0.0000000E+00  0.1000000E+01
         1    70      9  0.3009558E-03  0.0000000E+00  0.1000000E+01
         1    70     10 -0.5180739E-03  0.0000000E+00  0.9999999E+00

         1    71      0  0.0000000E+00  0.0000000E+00  0.0000000E+00
         1    71      1  0.1234955E-06  0.0000000E+00  0.1000000E+01
         1    71      2  0.6735357E-04  0.0000000E+00  0.1000000E+01
         1    71      3  0.1008874E-03  0.0000000E+00  0.1000000E+01
         1    71      4  0.1343672E-03  0.0000000E+00  0.1000000E+01
         1    71      5  0.1677929E-03  0.0000000E+00  0.1000000E+01
         1    71      6  0.2011645E-03  0.0000000E+00  0.1000000E+01
         1    71      7  0.2344822E-03  0.0000000E+00  0.1000000E+01
         1    71      8  0.2677460E-03  0.0000000E+00  0.1000000E+01
         1    71      9  0.3009558E-03  0.0000000E+00  0.1000000E+01
         1    71     10 -0.5180739E-03  0.0000000E+00  0.9999999E+00

         1    72      0  0.0000000E+00  0.0000000E+00  0.0000000E+00
         1    72      1  0.1234955E-06  0.0000000E+00  0.1000000E+01
         1    72      2  0.3067150E-04  0.0000000E+00  0.1000000E+01
         1    72      3  0.4590004E-04  0.0000000E+00  0.1000000E+01
         1    72      4  0.6109828E-04  0.0000000E+00  0.1000000E+01
         1    72      5  0.7626625E-04  0.0000000E+00  0.1000000E+01
         1    72      6  0.9140396E-04  0.0000000E+00  0.1000000E+01
         1    72      7  0.1065114E-03  0.0000000E+00  0.1000000E+01
         1    72      8  0.1215887E-03  0.0000000E+00  0.1000000E+01
         1    72      9  0.1366358E-03  0.0000000E+00  0.1000000E+01
         1    72     10 -0.8218942E-03  0.0000000E+00  0.9999997E+00

         1    73      0  0.0000000E+00  0.0000000E+00  0.0000000E+00
         1    73      1  0.1234955E-06  0.0000000E+00  0.1000000E+01
         1    73      2 -0.7658547E-05  0.0000000E+00  0.1000000E+01
         1    73      3 -0.1155913E-04  0.0000000E+00  0.1000000E+01
         1    73      4 -0.1546608E-04  0.0000000E+00  0.1000000E+01
         1    73      5 -0.1937939E-04  0.0000000E+00  0.1000000E+01
         1    73      6 -0.2329906E-04  0.0000000E+00  0.1000000E+01
         1    73      7 -0.2722508E-04  0.0000000E+00  0.1000000E+01
         1    73      8 -0.3115745E-04  0.0000000E+00  0.1000000E+01
         1    73      9 -0.3509617E-04  0.0000000E+00  0.1000000E+01
         1    73     10 -0.1120203E-02  0.0000000E+00  0.9999994E+00

         1    74      0  0.0000000E+00  0.0000000E+00  0.0000000E+00
         1    74      1  0.1234955E-06  0.0000000E+00  0.1000000E+01
         1    74      2 -0.7658547E-05  0.0000000E+00  0.1000000E+01
         1    74      3 -0.1155913E-04  0.0000000E+00  0.1000000E+01
         1    74      4 -0.1546608E-04  0.0000000E+00  0.1000000E+01
         1    74      5 -0.1937939E-04  0.0000000E+00  0.1000000E+01
         1    74      6 -0.2329906E-04  0.0000000E+00  0.1000000E+01
         1    74      7 -0.2722508E-04  0.0000000E+00  0.1000000E+01
         1    74      8 -0.3115745E-04  0.0000000E+00  0.1000000E+01
         1    74      9 -0.3509617E-04  0.0000000E+00  0.1000000E+01
         1    74     10 -0.1120203E-02  0.0000000E+00  0.9999994E+00

         1    75      0  0.0000000E+00  0.0000000E+00  0.0000000E+00
         1    75      1  0.1234955E-06  0.0000000E+00  0.1000000E+01
         1    75      2 -0.7658547E-05  0.0000000E+00  0.1000000E+01
         1    75      3 -0.1155913E-04  0.0000000E+00  0.1000000E+01
         1    75      4 -0.1546608E-04  0.0000000E+00  0.1000000E+01
         1    75      5 -0.1937939E-04  0.0000000E+00  0.1000000E+01
         1    75      6 -0.2329906E-04  0.0000000E+00  0.1000000E+01
         1    75      7 -0.2722508E-04  0.0000000E+00  0.1000000E+01
         1    75      8 -0.3115745E-04  0.0000000E+00  0.1000000E+01
         1    75      9 -0.3509617E-04  0.0000000E+00  0.1000000E+01
         1    75     10 -0.1120203E-02  0.0000000E+00  0.9999994E+00

         1    76      0  0.0000000E+00  0.0000000E+00  0.0000000E+00
         1    76      1  0.1234955E-06  0.0000000E+00  0.1000000E+01
         1    76      2 -0.7658547E-05  0.0000000E+00  0.1000000E+01
         1    76      3 -0.1155913E-04  0.0000000E+00  0.1000000E+01
         1    76      4 -0.1546608E-04  0.0000000E+00  0.1000000E+01
         1    76      5 -0.1937939E-04  0.0000000E+00  0.1000000E+01
         1    76      6 -0.2329906E-04  0.0000000E+00  0.1000000E+01
         1    76      7 -0.2722508E-04  0.0000000E+00  0.1000000E+01
         1    76      8 -0.3115745E-04  0.0000000E+00  0.1000000E+01
         1    76      9 -0.3509617E-04  0.0000000E+00  0.1000000E+01
         1    76     10 -0.1120203E-02  0.0000000E+00  0.9999994E+00

         1    77      0  0.0000000E+00  0.0000000E+00  0.0000000E+00
         1    77      1  0.1411377E-06  0.0000000E+00  0.1000000E+01
         1    77      2 -0.7705243E-05  0.0000000E+00  0.1000000E+01
         1    77      3 -0.1163795E-04  0.0000000E+00  0.1000000E+01
         1    77      4 -0.1557699E-04  0.0000000E+00  0.1000000E+01
         1    77      5 -0.1952236E-04  0.0000000E+00  0.1000000E+01
         1    77      6 -0.2347406E-04  0.0000000E+00  0.1000000E+01
         1    77      7 -0.2743208E-04  0.0000000E+00  0.1000000E+01
         1    77      8 -0.3139643E-04  0.0000000E+00  0.1000000E+01
         1    77      9 -0.3536708E-04  0.0000000E+00  0.1000000E+01
         1    77     10 -0.1117746E-02  0.0000000E+00  0.9999994E+00

         1    78      0  0.0000000E+00  0.0000000E+00  0.0000000E+00
         1    78      1  0.1411377E-06  0.0000000E+00  0.1000000E+01
         1    78      2 -0.7705243E-05  0.0000000E+00  0.1000000E+01
         1    78      3 -0.1163795E-04  0.0000000E+00  0.1000000E+01
         1    78      4 -0.1557699E-04  0.0000000E+00  0.1000000E+01
         1    78      5 -0.1952236E-04  0.0000000E+00  0.1000000E+01
         1    78      6 -0.2347406E-04  0.0000000E+00  0.1000000E+01
         1    78      7 -0.2743208E-04  0.0000000E+00  0.1000000E+01
         1    78      8 -0.3139643E-04  0.0000000E+00  0.1000000E+01
         1    78      9 -0.3536708E-04  0.0000000E+00  0.1000000E+01
         1    78     10 -0.1117746E-02  0.0000000E+00  0.9999994E+00

         1    79      0  0.0000000E+00  0.0000000E+00  0.0000000E+00
         1    79      1  0.1411377E-06  0.0000000E+00  0.1000000E+01
         1    79      2 -0.7705243E-05  0.0000000E+00  0.1000000E+01
         1    79      3 -0.1163795E-04  0.0000000E+00  0.1000000E+01
         1    79      4 -0.1557699E-04  0.0000000E+00  0.1000000E+01
         1    79      5 -0.1952236E-04  0.0000000E+00  0.1000000E+01
         1    79      6 -0.2347406E-04  0.0000000E+00  0.1000000E+01
         1    79      7 -0.2743208E-04  0.0000000E+00  0.1000000E+01
         1    79      8 -0.3139643E-04  0.0000000E+00  0.1000000E+01
         1    79      9 -0.3536708E-04  0.0000000E+00  0.1000000E+01
         1    79     10 -0.1117746E-02  0.0000000E+00  0.9999994E+00

         1    80      0  0.0000000E+00  0.0000000E+00  0.0000000E+00
         1    80      1  0.1411377E-06  0.0000000E+00  0.1000000E+01
         1    80      2 -0.7705243E-05  0.0000000E+00  0.1000000E+01
         1    80      3 -0.1163795E-04  0.0000000E+00  0.1000000E+01
         1    80      4 -0.1557699E-04  0.0000000E+00  0.1000000E+01
         1    80      5 -0.1952236E-04  0.0000000E+00  0.1000000E+01
         1    80      6 -0.2347406E-04  0.0000000E+00  0.1000000E+01
         1    80      7 -0.2743208E-04  0.0000000E+00  0.1000000E+01
         1    80      8 -0.3139643E-04  0.0000000E+00  0.1000000E+01
         1    80      9 -0.3536708E-04  0.0000000E+00  0.1000000E+01
         1    80     10 -0.1117746E-02  0.0000000E+00  0.9999994E+00

         1    81      0  0.0000000E+00  0.0000000E+00  0.0000000E+00
         1    81      1  0.1411377E-06  0.0000000E+00  0.1000000E+01
         1    81      2  0.2827490E-04  0.0000000E+00  0.1000000E+01
         1    81      3  0.4231460E-04  0.0000000E+00  0.1000000E+01
         1    81      4  0.5633621E-04  0.0000000E+00  0.1000000E+01
         1    81      5  0.7033973E-04  0.0000000E+00  0.1000000E+01
         1    81      6  0.8432517E-04  0.0000000E+00  0.1000000E+01
         1    81      7  0.9829254E-04  0.0000000E+00  0.1000000E+01
         1    81      8  0.1122419E-03  0.0000000E+00  0.1000000E+01
         1    81      9  0.1261731E-03  0.0000000E+00  0.1000000E+01
         1    81     10 -0.1027445E-02  0.0000000E+00  0.9999995E+00

         1    82      0  0.0000000E+00  0.0000000E+00  0.0000000E+00
         1    82      1  0.1411377E-06  0.0000000E+00  0.1000000E+01
         1    82      2  0.6558136E-04  0.0000000E+00  0.1000000E+01
         1    82      3  0.9825721E-04  0.0000000E+00  0.1000000E+01
         1    82      4  0.1309036E-03  0.0000000E+00  0.1000000E+01
         1    82      5  0.1635205E-03  0.0000000E+00  0.1000000E+01
         1    82      6  0.1961079E-03  0.0000000E+00  0.1000000E+01
         1    82      7  0.2286660E-03  0.0000000E+00  0.1000000E+01
         1    82      8  0.2611946E-03  0.0000000E+00  0.1000000E+01
         1    82      9  0.2936938E-03  0.0000000E+00  0.1000000E+01
         1    82     10 -0.9461435E-03  0.0000000E+00  0.9999996E+00

         1    83      0  0.0000000E+00  0.0000000E+00  0.0000000E+00
         1    83      1  0.1411377E-06  0.0000000E+00  0.1000000E+01
         1    83      2  0.6558136E-04  0.0000000E+00  0.1000000E+01
         1    83      3  0.9825721E-04  0.0000000E+00  0.1000000E+01
         1    83      4  0.1309036E-03  0.0000000E+00  0.1000000E+01
         1    83      5  0.1635205E-03  0.0000000E+00  0.1000000E+01
         1    83      6  0.1961079E-03  0.0000000E+00  0.1000000E+01
         1    83      7  0.2286660E-03  0.0000000E+00  0.1000000E+01
         1    83      8  0.2611946E-03  0.0000000E+00  0.1000000E+01
         1    83      9  0.2936938E-03  0.0000000E+00  0.1000000E+01
         1    83     10 -0.9461435E-03  0.0000000E+00  0.9999996E+00

         1    84      0  0.0000000E+00  0.0000000E+00  0.0000000E+00
         1    84      1  0.1411377E-06  0.0000000E+00  0.1000000E+01
         1    84      2  0.6558136E-04  0.0000000E+00  0.1000000E+01
         1    84      3  0.9825721E-04  0.0000000E+00  0.1000000E+01
         1    84      4  0.1309036E-03  0.0000000E+00  0.1000000E+01
         1    84      5  0.1635205E-03  0.0000000E+00  0.1000000E+01
         1    84      6  0.1961079E-03  0.0000000E+00  0.1000000E+01
         1    84      7  0.2286660E-03  0.0000000E+00  0.1000000E+01
         1    84      8  0.2611946E-03  0.0000000E+00  0.1000000E+01
         1    84      9  0.2936938E-03  0.0000000E+00  0.1000000E+01
         1    84     10 -0.9461435E-03  0.0000000E+00  0.9999996E+00

         1    85      0  0.0000000E+00  0.0000000E+00  0.0000000E+00
         1    85      1  0.1411377E-06  0.0000000E+00  0.1000000E+01
         1    85      2  0.6558136E-04  0.0000000E+00  0.1000000E+01
         1    85      3  0.9825721E-04  0.0000000E+00  0.1000000E+01
         1    85      4  0.1309036E-03  0.0000000E+00  0.1000000E+01
         1    85      5  0.1635205E-03  0.0000000E+00  0.1000000E+01
         1    85      6  0.1961079E-03  0.0000000E+00  0.1000000E+01
         1    85      7  0.2286660E-03  0.0000000E+00  0.1000000E+01
         1    85      8  0.2611946E-03  0.0000000E+00  0.1000000E+01
         1    85      9  0.2936938E-03  0.0000000E+00  0.1000000E+01
         1    85     10 -0.9461435E-03  0.0000000E+00  0.9999996E+00

         1    86      0  0.0000000E+00  0.0000000E+00  0.0000000E+00
         1    86      1  0.1587799E-06  0.0000000E+00  0.1000000E+01
         1    86      2  0.6550085E-04  0.0000000E+00  0.1000000E+01
         1    86      3  0.9812766E-04  0.0000000E+00  0.1000000E+01
         1    86      4  0.1307250E-03  0.0000000E+00  0.1000000E+01
         1    86      5  0.1632929E-03  0.0000000E+00  0.1000000E+01
         1    86      6  0.1958314E-03  0.0000000E+00  0.1000000E+01
         1    86      7  0.2283405E-03  0.0000000E+00  0.1000000E+01
         1    86      8  0.2608201E-03  0.0000000E+00  0.1000000E+01
         1    86      9  0.2932704E-03  0.0000000E+00  0.1000000E+01
         1    86     10 -0.9434568E-03  0.0000000E+00  0.9999996E+00

         1    87      0  0.0000000E+00  0.0000000E+00  0.0000000E+00
         1    87      1  0.1587799E-06  0.0000000E+00  0.1000000E+01
         1    87      2  0.6550085E-04  0.0000000E+00  0.1000000E+01
         1    87      3  0.9812766E-04  0.0000000E+00  0.1000000E+01
         1    87      4  0.1307250E-03  0.0000000E+00  0.1000000E+01
         1    87      5  0.1632929E-03  0.0000000E+00  0.1000000E+01
         1    87      6  0.1958314E-03  0.0000000E+00  0.1000000E+01
         1    87      7  0.2283405E-03  0.0000000E+00  0.1000000E+01
         1    87      8  0.2608201E-03  0.0000000E+00  0.1000000E+01
         1    87      9  0.2932704E-03  0.0000000E+00  0.1000000E+01
         1    87     10 -0.9434568E-03  0.0000000E+00  0.9999996E+00

         1    88      0  0.0000000E+00  0.0000000E+00  0.0000000E+00
         1    88      1  0.1587799E-06  0.0000000E+00  0.1000000E+01
         1    88      2  0.6550085E-04  0.0000000E+00  0.1000000E+01
         1    88      3  0.9812766E-04  0.0000000E+00  0.1000000E+01
         1    88      4  0.1307250E-03  0.0000000E+00  0.1000000E+01
         1    88      5  0.1632929E-03  0.0000000E+00  0.1000000E+01
         1    88      6  0.1958314E-03  0.0000000E+00  0.1000000E+01
         1    88      7  0.2283405E-03  0.0000000E+00  0.1000000E+01
         1    88      8  0.2608201E-03  0.0000000E+00  0.1000000E+01
         1    88      9  0.2932704E-03  0.0000000E+00  0.1000000E+01
         1    88     10 -0.9434568E-03  0.0000000E+00  0.9999996E+00

         1    89      0  0.0000000E+00  0.0000000E+00  0.0000000E+00
         1    89      1  0.1587799E-06  0.0000000E+00  0.1000000E+01
         1    89      2  0.6550085E-04  0.0000000E+00  0.1000000E+01
         1    89      3  0.9812766E-04  0.0000000E+00  0.1000000E+01
         1    89      4  0.1307250E-03  0.0000000E+00  0.1000000E+01
         1    89      5  0.1632929E-03  0.0000000E+00  0.1000000E+01
         1    89      6  0.1958314E-03  0.0000000E+00  0.1000000E+01
         1    89      7  0.2283405E-03  0.0000000E+00  0.1000000E+01
         1    89      8  0.2608201E-03  0.0000000E+00  0.1000000E+01
         1    89      9  0.2932704E-03  0.0000000E+00  0.1000000E+01
         1    89     10 -0.9434568E-03  0.0000000E+00  0.9999996E+00

         1    90      0  0.0000000E+00  0.0000000E+00  0.0000000E+00
         1    90      1  0.1587799E-06  0.0000000E+00  0.1000000E+01
         1    90      2 -0.1201911E-04  0.0000000E+00  0.1000000E+01
         1    90      3 -0.1813392E-04  0.0000000E+00  0.1000000E+01
         1    90      4 -0.2426596E-04  0.0000000E+00  0.1000000E+01
         1    90      5 -0.3041520E-04  0.0000000E+00  0.1000000E+01
         1    90      6 -0.3658166E-04  0.0000000E+00  0.1000000E+01
         1    90      7 -0.4276530E-04  0.0000000E+00  0.1000000E+01
         1    90      8 -0.4896612E-04  0.0000000E+00  0.1000000E+01
         1    90      9 -0.5518410E-04  0.0000000E+00  0.1000000E+01
         1    90     10 -0.9758425E-03  0.0000000E+00  0.9999995E+00

         1    91      0  0.0000000E+00  0.0000000E+00  0.0000000E+00
         1    91      1  0.1587799E-06  0.0000000E+00  0.1000000E+01
         1    91      2 -0.8919864E-04  0.0000000E+00  0.1000000E+01
         1    91      3 -0.1338856E-03  0.0000000E+00  0.1000000E+01
         1    91      4 -0.1785779E-03  0.0000000E+00  0.1000000E+01
         1    91      5 -0.2232758E-03  0.0000000E+00  0.1000000E+01
         1    91      6 -0.2679790E-03  0.0000000E+00  0.1000000E+01
         1    91      7 -0.3126877E-03  0.0000000E+00  0.1000000E+01
         1    91      8 -0.3574019E-03  0.0000000E+00  0.9999999E+00
         1    91      9 -0.4021214E-03  0.0000000E+00  0.9999999E+00
         1    91     10 -0.1004859E-02  0.0000000E+00  0.9999995E+00

         1    92      0  0.0000000E+00  0.0000000E+00  0.0000000E+00
         1    92      1  0.1587799E-06  0.0000000E+00  0.1000000E+01
         1    92      2 -0.8919864E-04  0.0000000E+00  0.1000000E+01
         1    92      3 -0.1338856E-03  0.0000000E+00  0.1000000E+01
         1    92      4 -0.1785779E-03  0.0000000E+00  0.1000000E+01
         1    92      5 -0.2232758E-03  0.0000000E+00  0.1000000E+01
         1    92      6 -0.2679790E-03  0.0000000E+00  0.1000000E+01
         1    92      7 -0.3126877E-03  0.0000000E+00  0.1000000E+01
         1    92      8 -0.3574019E-03  0.0000000E+00  0.9999999E+00
         1    92      9 -0.4021214E-03  0.0000000E+00  0.9999999E+00
         1    92     10 -0.1004859E-02  0.0000000E+00  0.9999995E+00

         1    93      0  0.0000000E+00  0.0000000E+00  0.0000000E+00
         1    93      1  0.1587799E-06  0.0000000E+00  0.1000000E+01
         1    93      2 -0.8919864E-04  0.0000000E+00  0.1000000E+01
         1    93      3 -0.1338856E-03  0.0000000E+00  0.1000000E+01
         1    93      4 -0.1785779E-03  0.0000000E+00  0.1000000E+01
         1    93      5 -0.2232758E-03  0.0000000E+00  0.1000000E+01
         1    93      6 -0.2679790E-03  0.0000000E+00  0.1000000E+01
         1    93      7 -0.3126877E-03  0.0000000E+00  0.1000000E+01
         1    93      8 -0.3574019E-03  0.0000000E+00  0.9999999E+00
         1    93      9 -0.4021214E-03  0.0000000E+00  0.9999999E+00
         1    93     10 -0.1004859E-02  0.0000000E+00  0.9999995E+00

         1    94      0  0.0000000E+00  0.0000000E+00  0.0000000E+00
         1    94      1  0.1587799E-06  0.0000000E+00  0.1000000E+01
         1    94      2 -0.8919864E-04  0.0000000E+00  0.1000000E+01
         1    94      3 -0.1338856E-03  0.0000000E+00  0.1000000E+01
         1    94      4 -0.1785779E-03  0.0000000E+00  0.1000000E+01
         1    94      5 -0.2232758E-03  0.0000000E+00  0.1000000E+01
         1    94      6 -0.2679790E-03  0.0000000E+00  0.1000000E+01
         1    94      7 -0.3126877E-03  0.0000000E+00  0.1000000E+01
         1    94      8 -0.3574019E-03  0.0000000E+00  0.9999999E+00
         1    94      9 -0.4021214E-03  0.0000000E+00  0.9999999E+00
         1    94     10 -0.1004859E-02  0.0000000E+00  0.9999995E+00

         1    95      0  0.0000000E+00  0.0000000E+00  0.0000000E+00
         1    95      1  0.1764221E-06  0.0000000E+00  0.1000000E+01
         1    95      2 -0.8927146E-04  0.0000000E+00  0.1000000E+01
         1    95      3 -0.1340036E-03  0.0000000E+00  0.1000000E+01
         1    95      4 -0.1787412E-03  0.0000000E+00  0.1000000E+01
         1    95      5 -0.2234842E-03  0.0000000E+00  0.1000000E+01
         1    95      6 -0.2682326E-03  0.0000000E+00  0.1000000E+01
         1    95      7 -0.3129865E-03  0.0000000E+00  0.1000000E+01
         1    95      8 -0.3577458E-03  0.0000000E+00  0.9999999E+00
         1    95      9 -0.4025105E-03  0.0000000E+00  0.9999999E+00
         1    95     10 -0.1002096E-02  0.0000000E+00  0.9999995E+00

         1    96      0  0.0000000E+00  0.0000000E+00  0.0000000E+00
         1    96      1  0.1764221E-06  0.0000000E+00  0.1000000E+01
         1    96      2 -0.8927146E-04  0.0000000E+00  0.1000000E+01
         1    96      3 -0.1340036E-03  0.0000000E+00  0.1000000E+01
         1    96      4 -0.1787412E-03  0.0000000E+00  0.1000000E+01
         1    96      5 -0.2234842E-03  0.0000000E+00  0.1000000E+01
         1    96      6 -0.2682326E-03  0.0000000E+00  0.1000000E+01
         1    96      7 -0.3129865E-03  0.0000000E+00  0.1000000E+01
         1    96      8 -0.3577458E-03  0.0000000E+00  0.9999999E+00
         1    96      9 -0.4025105E-03  0.0000000E+00  0.9999999E+00
         1    96     10 -0.1002096E-02  0.0000000E+00  0.9999995E+00

         1    97      0  0.0000000E+00  0.0000000E+00  0.0000000E+00
         1    97      1  0.1764221E-06  0.0000000E+00  0.1000000E+01
         1    97      2 -0.8927146E-04  0.0000000E+00  0.1000000E+01
         1    97      3 -0.1340036E-03  0.0000000E+00  0.1000000E+01
         1    97      4 -0.1787412E-03  0.0000000E+00  0.1000000E+01
         1    97      5 -0.2234842E-03  0.0000000E+00  0.1000000E+01
         1    97      6 -0.2682326E-03  0.0000000E+00  0.1000000E+01
         1    97      7 -0.3129865E-03  0.0000000E+00  0.1000000E+01
         1    97      8 -0.3577458E-03  0.0000000E+00  0.9999999E+00
         1    97      9 -0.4025105E-03  0.0000000E+00  0.9999999E+00
         1    97     10 -0.1002096E-02  0.0000000E+00  0.9999995E+00

         1    98      0  0.0000000E+00  0.0000000E+00  0.0000000E+00
         1    98      1  0.1764221E-06  0.0000000E+00  0.1000000E+01
         1    98      2 -0.8927146E-04  0.0000000E+00  0.1000000E+01
         1    98      3 -0.1340036E-03  0.0000000E+00  0.1000000E+01
         1    98      4 -0.1787412E-03  0.0000000E+00  0.1000000E+01
         1    98      5 -0.2234842E-03  0.0000000E+00  0.1000000E+01
         1    98      6 -0.2682326E-03  0.0000000E+00  0.1000000E+01
         1    98      7 -0.3129865E-03  0.0000000E+00  0.1000000E+01
         1    98      8 -0.3577458E-03  0.0000000E+00  0.9999999E+00
         1    98      9 -0.4025105E-03  0.0000000E+00  0.9999999E+00
         1    98     10 -0.1002096E-02  0.0000000E+00  0.9999995E+00

         1    99      0  0.0000000E+00  0.0000000E+00  0.0000000E+00
         1    99      1  0.1764221E-06  0.0000000E+00  0.1000000E+01
         1    99      2 -0.6017929E-04  0.0000000E+00  0.1000000E+01
         1    99      3 -0.9036556E-04  0.0000000E+00  0.1000000E+01
         1    99      4 -0.1205574E-03  0.0000000E+00  0.1000000E+01
         1    99      5 -0.1507549E-03  0.0000000E+00  0.1000000E+01
         1    99      6 -0.1809580E-03  0.0000000E+00  0.1000000E+01
         1    99      7 -0.2111667E-03  0.0000000E+00  0.1000000E+01
         1    99      8 -0.2413809E-03  0.0000000E+00  0.1000000E+01
         1    99      9 -0.2716008E-03  0.0000000E+00  0.1000000E+01
         1    99     10 -0.1002100E-02  0.0000000E+00  0.9999995E+00

         1   100      0  0.0000000E+00  0.0000000E+00  0.0000000E+00
         1   100      1  0.1764221E-06  0.0000000E+00  0.1000000E+01
         1   100      2 -0.2926468E-04  0.0000000E+00  0.1000000E+01
         1   100      3 -0.4399243E-04  0.0000000E+00  0.1000000E+01
         1   100      4 -0.5872498E-04  0.0000000E+00  0.1000000E+01
         1   100      5 -0.7346234E-04  0.0000000E+00  0.1000000E+01
         1   100      6 -0.8820449E-04  0.0000000E+00  0.1000000E+01
         1   100      7 -0.1029515E-03  0.0000000E+00  0.1000000E+01
         1   100      8 -0.1177032E-03  0.0000000E+00  0.1000000E+01
         1   100      9 -0.1324598E-03  0.0000000E+00  0.1000000E+01
         1   100     10 -0.1002045E-02  0.0000000E+00  0.9999995E+00

         1   101      0  0.0000000E+00  0.0000000E+00  0.0000000E+00
         1   101      1  0.1764221E-06  0.0000000E+00  0.1000000E+01
         1   101      2 -0.2926468E-04  0.0000000E+00  0.1000000E+01
         1   101      3 -0.4399243E-04  0.0000000E+00  0.1000000E+01
         1   101      4 -0.5872498E-04  0.0000000E+00  0.1000000E+01
         1   101      5 -0.7346234E-04  0.0000000E+00  0.1000000E+01
         1   101      6 -0.8820449E-04  0.0000000E+00  0.1000000E+01
         1   101      7 -0.1029515E-03  0.0000000E+00  0.1000000E+01
         1   101      8 -0.1177032E-03  0.0000000E+00  0.1000000E+01
         1   101      9 -0.1324598E-03  0.0000000E+00  0.1000000E+01
         1   101     10 -0.1002045E-02  0.0000000E+00  0.9999995E+00

         1   102      0  0.0000000E+00  0.0000000E+00  0.0000000E+00
         1   102      1  0.1764221E-06  0.0000000E+00  0.1000000E+01
         1   102      2 -0.2926468E-04  0.0000000E+00  0.1000000E+01
         1   102      3 -0.4399243E-04  0.0000000E+00  0.1000000E+01
         1   102      4 -0.5872498E-04  0.0000000E+00  0.1000000E+01
         1   102      5 -0.7346234E-04  0.0000000E+00  0.1000000E+01
         1   102      6 -0.8820449E-04  0.0000000E+00  0.1000000E+01
         1   102      7 -0.1029515E-03  0.0000000E+00  0.1000000E+01
         1   102      8 -0.1177032E-03  0.0000000E+00  0.1000000E+01
         1   102      9 -0.1324598E-03  0.0000000E+00  0.1000000E+01
         1   102     10 -0.1002045E-02  0.0000000E+00  0.9999995E+00

         1   103      0  0.0000000E+00  0.0000000E+00  0.0000000E+00
         1   103      1  0.1764221E-06  0.0000000E+00  0.1000000E+01
         1   103      2 -0.2926468E-04  0.0000000E+00  0.1000000E+01
         1   103      3 -0.4399243E-04  0.0000000E+00  0.1000000E+01
         1   103      4 -0.5872498E-04  0.0000000E+00  0.1000000E+01
         1   103      5 -0.7346234E-04  0.0000000E+00  0.1000000E+01
         1   103      6 -0.8820449E-04  0.0000000E+00  0.1000000E+01
         1   103      7 -0.1029515E-03  0.0000000E+00  0.1000000E+01
         1   103      8 -0.1177032E-03  0.0000000E+00  0.1000000E+01
         1   103      9 -0.1324598E-03  0.0000000E+00  0.1000000E+01
         1   103     10 -0.1002045E-02  0.0000000E+00  0.9999995E+00

         1   104      0  0.0000000E+00  0.0000000E+00  0.0000000E+00
         1   104      1  0.1764221E-06  0.0000000E+00  0.1000000E+01
         1   104      2 -0.2926468E-04  0.0000000E+00  0.1000000E+01
         1   104      3 -0.4399243E-04  0.0000000E+00  0.1000000E+01
         1   104      4 -0.5872498E-04  0.0000000E+00  0.1000000E+01
         1   104      5 -0.7346234E-04  0.0000000E+00  0.1000000E+01
         1   104      6 -0.8820449E-04  0.0000000E+00  0.1000000E+01
         1   104      7 -0.1029515E-03  0.0000000E+00  0.1000000E+01
         1   104      8 -0.1177032E-03  0.0000000E+00  0.1000000E+01
         1   104      9 -0.1324598E-03  0.0000000E+00  0.1000000E+01
         1   104     10 -0.1002045E-02  0.0000000E+00  0.9999995E+00

         1   105      0  0.0000000E+00  0.0000000E+00  0.0000000E+00
         1   105      1  0.1764221E-06  0.0000000E+00  0.1000000E+01
         1   105      2 -0.2926468E-04  0.0000000E+00  0.1000000E+01
         1   105      3 -0.4399243E-04  0.0000000E+00  0.1000000E+01
         1   105      4 -0.5872498E-04  0.0000000E+00  0.1000000E+01
         1   105      5 -0.7346234E-04  0.0000000E+00  0.1000000E+01
         1   105      6 -0.8820449E-04  0.0000000E+00  0.1000000E+01
         1   105      7 -0.1029515E-03  0.0000000E+00  0.1000000E+01
         1   105      8 -0.1177032E-03  0.0000000E+00  0.1000000E+01
         1   105      9 -0.1324598E-03  0.0000000E+00  0.1000000E+01
         1   105     10 -0.1002045E-02  0.0000000E+00  0.9999995E+00

         1   106      0  0.0000000E+00  0.0000000E+00  0.0000000E+00
         1   106      1  0.1764221E-06  0.0000000E+00  0.1000000E+01
         1   106      2 -0.2926468E-04  0.0000000E+00  0.1000000E+01
         1   106      3 -0.4399243E-04  0.0000000E+00  0.1000000E+01
         1   106      4 -0.5872498E-04  0.0000000E+00  0.1000000E+01
         1   106      5 -0.7346234E-04  0.0000000E+00  0.1000000E+01
         1   106      6 -0.8820449E-04  0.0000000E+00  0.1000000E+01
         1   106      7 -0.1029515E-03  0.0000000E+00  0.1000000E+01
         1   106      8 -0.1177032E-03  0.0000000E+00  0.1000000E+01
         1   106      9 -0.1324598E-03  0.0000000E+00  0.1000000E+01
         1   106     10 -0.1002045E-02  0.0000000E+00  0.9999995E+00

         1   107      0  0.0000000E+00  0.0000000E+00  0.0000000E+00
         1   107      1  0.1764221E-06  0.0000000E+00  0.1000000E+01
         1   107      2 -0.2926468E-04  0.0000000E+00  0.1000000E+01
         1   107      3 -0.4399243E-04  0.0000000E+00  0.1000000E+01
         1   107      4 -0.5872498E-04  0.0000000E+00  0.1000000E+01
         1   107      5 -0.7346234E-04  0.0000000E+00  0.1000000E+01
         1   107      6 -0.8820449E-04  0.0000000E+00  0.1000000E+01
         1   107      7 -0.1029515E-03  0.0000000E+00  0.1000000E+01
         1   107      8 -0.1177032E-03  0.0000000E+00  0.1000000E+01
         1   107      9 -0.1324598E-03  0.0000000E+00  0.1000000E+01
         1   107     10 -0.1002045E-02  0.0000000E+00  0.9999995E+00

         1   108      0  0.0000000E+00  0.0000000E+00  0.0000000E+00
         1   108      1  0.1764221E-06  0.0000000E+00  0.1000000E+01
         1   108      2 -0.4535312E-04  0.0000000E+00  0.1000000E+01
         1   108      3 -0.6814835E-04  0.0000000E+00  0.1000000E+01
         1   108      4 -0.9096386E-04  0.0000000E+00  0.1000000E+01
         1   108      5 -0.1137996E-03  0.0000000E+00  0.1000000E+01
         1   108      6 -0.1366556E-03  0.0000000E+00  0.1000000E+01
         1   108      7 -0.1595318E-03  0.0000000E+00  0.1000000E+01
         1   108      8 -0.1824282E-03  0.0000000E+00  0.1000000E+01
         1   108      9 -0.2053448E-03  0.0000000E+00  0.1000000E+01
         1   108     10 -0.1002990E-02  0.0000000E+00  0.9999995E+00

         1   109      0  0.0000000E+00  0.0000000E+00  0.0000000E+00
         1   109      1  0.1764221E-06  0.0000000E+00  0.1000000E+01
         1   109      2 -0.5929950E-04  0.0000000E+00  0.1000000E+01
         1   109      3 -0.8909177E-04  0.0000000E+00  0.1000000E+01
         1   109      4 -0.1189202E-03  0.0000000E+00  0.1000000E+01
         1   109      5 -0.1487847E-03  0.0000000E+00  0.1000000E+01
         1   109      6 -0.1786854E-03  0.0000000E+00  0.1000000E+01
         1   109      7 -0.2086220E-03  0.0000000E+00  0.1000000E+01
         1   109      8 -0.2385946E-03  0.0000000E+00  0.1000000E+01
         1   109      9 -0.2686031E-03  0.0000000E+00  0.1000000E+01
         1   109     10 -0.1003960E-02  0.0000000E+00  0.9999995E+00

         1   110      0  0.0000000E+00  0.0000000E+00  0.0000000E+00
         1   110      1  0.1764221E-06  0.0000000E+00  0.1000000E+01
         1   110      2 -0.5929950E-04  0.0000000E+00  0.1000000E+01
         1   110      3 -0.8909177E-04  0.0000000E+00  0.1000000E+01
         1   110      4 -0.1189202E-03  0.0000000E+00  0.1000000E+01
         1   110      5 -0.1487847E-03  0.0000000E+00  0.1000000E+01
         1   110      6 -0.1786854E-03  0.0000000E+00  0.1000000E+01
         1   110      7 -0.2086220E-03  0.0000000E+00  0.1000000E+01
         1   110      8 -0.2385946E-03  0.0000000E+00  0.1000000E+01
         1   110      9 -0.2686031E-03  0.0000000E+00  0.1000000E+01
         1   110     10 -0.1003960E-02  0.0000000E+00  0.9999995E+00

         1   111      0  0.0000000E+00  0.0000000E+00  0.0000000E+00
         1   111      1  0.1764221E-06  0.0000000E+00  0.1000000E+01
         1   111      2 -0.5929950E-04  0.0000000E+00  0.1000000E+01
         1   111      3 -0.8909177E-04  0.0000000E+00  0.1000000E+01
         1   111      4 -0.1189202E-03  0.0000000E+00  0.1000000E+01
         1   111      5 -0.1487847E-03  0.0000000E+00  0.1000000E+01
         1   111      6 -0.1786854E-03  0.0000000E+00  0.1000000E+01
         1   111      7 -0.2086220E-03  0.0000000E+00  0.1000000E+01
         1   111      8 -0.2385946E-03  0.0000000E+00  0.1000000E+01
         1   111      9 -0.2686031E-03  0.0000000E+00  0.1000000E+01
         1   111     10 -0.1003960E-02  0.0000000E+00  0.9999995E+00

         1   112      0  0.0000000E+00  0.0000000E+00  0.0000000E+00
         1   112      1  0.1764221E-06  0.0000000E+00  0.1000000E+01
         1   112      2 -0.5929950E-04  0.0000000E+00  0.1000000E+01
         1   112      3 -0.8909177E-04  0.0000000E+00  0.1000000E+01
         1   112      4 -0.1189202E-03  0.0000000E+00  0.1000000E+01
         1   112      5 -0.1487847E-03  0.0000000E+00  0.1000000E+01
         1   112      6 -0.1786854E-03  0.0000000E+00  0.1000000E+01
         1   112      7 -0.2086220E-03  0.0000000E+00  0.1000000E+01
         1   112      8 -0.2385946E-03  0.0000000E+00  0.1000000E+01
         1   112      9 -0.2686031E-03  0.0000000E+00  0.1000000E+01
         1   112     10 -0.1003960E-02  0.0000000E+00  0.9999995E+00

         1   113      0  0.0000000E+00  0.0000000E+00  0.0000000E+00
         1   113      1  0.1764221E-06  0.0000000E+00  0.1000000E+01
         1   113      2 -0.5929950E-04  0.0000000E+00  0.1000000E+01
         1   113      3 -0.8909177E-04  0.0000000E+00  0.1000000E+01
         1   113      4 -0.1189202E-03  0.0000000E+00  0.1000000E+01
         1   113      5 -0.1487847E-03  0.0000000E+00  0.1000000E+01
         1   113      6 -0.1786854E-03  0.0000000E+00  0.1000000E+01
         1   113      7 -0.2086220E-03  0.0000000E+00  0.1000000E+01
         1   113      8 -0.2385946E-03  0.0000000E+00  0.1000000E+01
         1   113      9 -0.2686031E-03  0.0000000E+00  0.1000000E+01
         1   113     10 -0.1003960E-02  0.0000000E+00  0.9999995E+00

         1   114      0  0.0000000E+00  0.0000000E+00  0.0000000E+00
         1   114      1  0.1764221E-06  0.0000000E+00  0.1000000E+01
         1   114      2 -0.5929950E-04  0.0000000E+00  0.1000000E+01
         1   114      3 -0.8909177E-04  0.0000000E+00  0.1000000E+01
         1   114      4 -0.1189202E-03  0.0000000E+00  0.1000000E+01
         1   114      5 -0.1487847E-03  0.0000000E+00  0.1000000E+01
         1   114      6 -0.1786854E-03  0.0000000E+00  0.1000000E+01
         1   114      7 -0.2086220E-03  0.0000000E+00  0.1000000E+01
         1   114      8 -0.2385946E-03  0.0000000E+00  0.1000000E+01
         1   114      9 -0.2686031E-03  0.0000000E+00  0.1000000E+01
         1   114     10 -0.1003960E-02  0.0000000E+00  0.9999995E+00

         1   115      0  0.0000000E+00  0.0000000E+00  0.0000000E+00
         1   115      1  0.1764221E-06  0.0000000E+00  0.1000000E+01
         1   115      2 -0.5929950E-04  0.0000000E+00  0.1000000E+01
         1   115      3 -0.8909177E-04  0.0000000E+00  0.1000000E+01
         1   115      4 -0.1189202E-03  0.0000000E+00  0.1000000E+01
         1   115      5 -0.1487847E-03  0.0000000E+00  0.1000000E+01
         1   115      6 -0.1786854E-03  0.0000000E+00  0.1000000E+01
         1   115      7 -0.2086220E-03  0.0000000E+00  0.1000000E+01
         1   115      8 -0.2385946E-03  0.0000000E+00  0.1000000E+01
         1   115      9 -0.2686031E-03  0.0000000E+00  0.1000000E+01
         1   115     10 -0.1003960E-02  0.0000000E+00  0.9999995E+00

         1   116      0  0.0000000E+00  0.0000000E+00  0.0000000E+00
         1   116      1  0.1764221E-06  0.0000000E+00  0.1000000E+01
         1   116      2 -0.5929950E-04  0.0000000E+00  0.1000000E+01
         1   116      3 -0.8909177E-04  0.0000000E+00  0.1000000E+01
         1   116      4 -0.1189202E-03  0.0000000E+00  0.1000000E+01
         1   116      5 -0.1487847E-03  0.0000000E+00  0.1000000E+01
         1   116      6 -0.1786854E-03  0.0000000E+00  0.1000000E+01
         1   116      7 -0.2086220E-03  0.0000000E+00  0.1000000E+01
         1   116      8 -0.2385946E-03  0.0000000E+00  0.1000000E+01
         1   116      9 -0.2686031E-03  0.0000000E+00  0.1000000E+01
         1   116     10 -0.1003960E-02  0.0000000E+00  0.9999995E+00

         1   117      0  0.0000000E+00  0.0000000E+00  0.0000000E+00
         1   117      1  0.1764221E-06  0.0000000E+00  0.1000000E+01
         1   117      2 -0.7951788E-04  0.0000000E+00  0.1000000E+01
         1   117      3 -0.1194038E-03  0.0000000E+00  0.1000000E+01
         1   117      4 -0.1593155E-03  0.0000000E+00  0.1000000E+01
         1   117      5 -0.1992530E-03  0.0000000E+00  0.1000000E+01
         1   117      6 -0.2392162E-03  0.0000000E+00  0.1000000E+01
         1   117      7 -0.2792050E-03  0.0000000E+00  0.1000000E+01
         1   117      8 -0.3192196E-03  0.0000000E+00  0.9999999E+00
         1   117      9 -0.3592598E-03  0.0000000E+00  0.9999999E+00
         1   117     10 -0.1003332E-02  0.0000000E+00  0.9999995E+00

         1   118      0  0.0000000E+00  0.0000000E+00  0.0000000E+00
         1   118      1  0.1764221E-06  0.0000000E+00  0.1000000E+01
         1   118      2 -0.1000313E-03  0.0000000E+00  0.1000000E+01
         1   118      3 -0.1501602E-03  0.0000000E+00  0.1000000E+01
         1   118      4 -0.2003058E-03  0.0000000E+00  0.1000000E+01
         1   118      5 -0.2504681E-03  0.0000000E+00  0.1000000E+01
         1   118      6 -0.3006470E-03  0.0000000E+00  0.1000000E+01
         1   118      7 -0.3508425E-03  0.0000000E+00  0.9999999E+00
         1   118      8 -0.4010546E-03  0.0000000E+00  0.9999999E+00
         1   118      9 -0.4512832E-03  0.0000000E+00  0.9999999E+00
         1   118     10 -0.1002780E-02  0.0000000E+00  0.9999995E+00

         1   119      0  0.0000000E+00  0.0000000E+00  0.0000000E+00
         1   119      1  0.1764221E-06  0.0000000E+00  0.1000000E+01
         1   119      2 -0.1000313E-03  0.0000000E+00  0.1000000E+01
         1   119      3 -0.1501602E-03  0.0000000E+00  0.1000000E+01
         1   119      4 -0.2003058E-03  0.0000000E+00  0.1000000E+01
         1   119      5 -0.2504681E-03  0.0000000E+00  0.1000000E+01
         1   119      6 -0.3006470E-03  0.0000000E+00  0.1000000E+01
         1   119      7 -0.3508425E-03  0.0000000E+00  0.9999999E+00
         1   119      8 -0.4010546E-03  0.0000000E+00  0.9999999E+00
         1   119      9 -0.4512832E-03  0.0000000E+00  0.9999999E+00
         1   119     10 -0.1002780E-02  0.0000000E+00  0.9999995E+00

         1   120      0  0.0000000E+00  0.0000000E+00  0.0000000E+00
         1   120      1  0.1764221E-06  0.0000000E+00  0.1000000E+01
         1   120      2 -0.1000313E-03  0.0000000E+00  0.1000000E+01
         1   120      3 -0.1501602E-03  0.0000000E+00  0.1000000E+01
         1   120      4 -0.2003058E-03  0.0000000E+00  0.1000000E+01
         1   120      5 -0.2504681E-03  0.0000000E+00  0.1000000E+01
         1   120      6 -0.3006470E-03  0.0000000E+00  0.1000000E+01
         1   120      7 -0.3508425E-03  0.0000000E+00  0.9999999E+00
         1   120      8 -0.4010546E-03  0.0000000E+00  0.9999999E+00
         1   120      9 -0.4512832E-03  0.0000000E+00  0.9999999E+00
         1   120     10 -0.1002780E-02  0.0000000E+00  0.9999995E+00

         1   121      0  0.0000000E+00  0.0000000E+00  0.0000000E+00
         1   121      1  0.1764221E-06  0.0000000E+00  0.1000000E+01
         1   121      2 -0.1000313E-03  0.0000000E+00  0.1000000E+01
         1   121      3 -0.1501602E-03  0.0000000E+00  0.1000000E+01
         1   121      4 -0.2003058E-03  0.0000000E+00  0.1000000E+01
         1   121      5 -0.2504681E-03  0.0000000E+00  0.1000000E+01
         1   121      6 -0.3006470E-03  0.0000000E+00  0.1000000E+01
         1   121      7 -0.3508425E-03  0.0000000E+00  0.9999999E+00
         1   121      8 -0.4010546E-03  0.0000000E+00  0.9999999E+00
         1   121      9 -0.4512832E-03  0.0000000E+00  0.9999999E+00
         1   121     10 -0.1002780E-02  0.0000000E+00  0.9999995E+00

         1   122      0  0.0000000E+00  0.0000000E+00  0.0000000E+00
         1   122      1  0.1940643E-06  0.0000000E+00  0.1000000E+01
         1   122      2 -0.9993388E-04  0.0000000E+00  0.1000000E+01
         1   122      3 -0.1500229E-03  0.0000000E+00  0.1000000E+01
         1   122      4 -0.2001287E-03  0.0000000E+00  0.1000000E+01
         1   122      5 -0.2502512E-03  0.0000000E+00  0.1000000E+01
         1   122      6 -0.3003903E-03  0.0000000E+00  0.1000000E+01
         1   122      7 -0.3505460E-03  0.0000000E+00  0.9999999E+00
         1   122      8 -0.4007184E-03  0.0000000E+00  0.9999999E+00
         1   122      9 -0.4509073E-03  0.0000000E+00  0.9999999E+00
         1   122     10 -0.1000019E-02  0.0000000E+00  0.9999995E+00

         1   123      0  0.0000000E+00  0.0000000E+00  0.0000000E+00
         1   123      1  0.1940643E-06  0.0000000E+00  0.1000000E+01
         1   123      2 -0.9993388E-04  0.0000000E+00  0.1000000E+01
         1   123      3 -0.1500229E-03  0.0000000E+00  0.1000000E+01
         1   123      4 -0.2001287E-03  0.0000000E+00  0.1000000E+01
         1   123      5 -0.2502512E-03  0.0000000E+00  0.1000000E+01
         1   123      6 -0.3003903E-03  0.0000000E+00  0.1000000E+01
         1   123      7 -0.3505460E-03  0.0000000E+00  0.9999999E+00
         1   123      8 -0.4007184E-03  0.0000000E+00  0.9999999E+00
         1   123      9 -0.4509073E-03  0.0000000E+00  0.9999999E+00
         1   123     10 -0.1000019E-02  0.0000000E+00  0.9999995E+00

         1   124      0  0.0000000E+00  0.0000000E+00  0.0000000E+00
         1   124      1  0.1940643E-06  0.0000000E+00  0.1000000E+01
         1   124      2 -0.9993388E-04  0.0000000E+00  0.1000000E+01
         1   124      3 -0.1500229E-03  0.0000000E+00  0.1000000E+01
         1   124      4 -0.2001287E-03  0.0000000E+00  0.1000000E+01
         1   124      5 -0.2502512E-03  0.0000000E+00  0.1000000E+01
         1   124      6 -0.3003903E-03  0.0000000E+00  0.1000000E+01
         1   124      7 -0.3505460E-03  0.0000000E+00  0.9999999E+00
         1   124      8 -0.4007184E-03  0.0000000E+00  0.9999999E+00
         1   124      9 -0.4509073E-03  0.0000000E+00  0.9999999E+00
         1   124     10 -0.1000019E-02  0.0000000E+00  0.9999995E+00

         1   125      0  0.0000000E+00  0.0000000E+00  0.0000000E+00
         1   125      1  0.1940643E-06  0.0000000E+00  0.1000000E+01
         1   125      2 -0.9993388E-04  0.0000000E+00  0.1000000E+01
         1   125      3 -0.1500229E-03  0.0000000E+00  0.1000000E+01
         1   125      4 -0.2001287E-03  0.0000000E+00  0.1000000E+01
         1   125      5 -0.2502512E-03  0.0000000E+00  0.1000000E+01
         1   125      6 -0.3003903E-03  0.0000000E+00  0.1000000E+01
         1   125      7 -0.3505460E-03  0.0000000E+00  0.9999999E+00
         1   125      8 -0.4007184E-03  0.0000000E+00  0.9999999E+00
         1   125      9 -0.4509073E-03  0.0000000E+00  0.9999999E+00
         1   125     10 -0.1000019E-02  0.0000000E+00  0.9999995E+00

         1   126      0  0.0000000E+00  0.0000000E+00  0.0000000E+00
         1   126      1  0.1940643E-06  0.0000000E+00  0.1000000E+01
         1   126      2 -0.2631257E-04  0.0000000E+00  0.1000000E+01
         1   126      3 -0.3961557E-04  0.0000000E+00  0.1000000E+01
         1   126      4 -0.5295164E-04  0.0000000E+00  0.1000000E+01
         1   126      5 -0.6632076E-04  0.0000000E+00  0.1000000E+01
         1   126      6 -0.7972288E-04  0.0000000E+00  0.1000000E+01
         1   126      7 -0.9315797E-04  0.0000000E+00  0.1000000E+01
         1   126      8 -0.1066260E-03  0.0000000E+00  0.1000000E+01
         1   126      9 -0.1201269E-03  0.0000000E+00  0.1000000E+01
         1   126     10 -0.1030724E-02  0.0000000E+00  0.9999995E+00

         1   127      0  0.0000000E+00  0.0000000E+00  0.0000000E+00
         1   127      1  0.1940643E-06  0.0000000E+00  0.1000000E+01
         1   127      2  0.4824449E-04  0.0000000E+00  0.1000000E+01
         1   127      3  0.7219579E-04  0.0000000E+00  0.1000000E+01
         1   127      4  0.9609788E-04  0.0000000E+00  0.1000000E+01
         1   127      5  0.1199508E-03  0.0000000E+00  0.1000000E+01
         1   127      6  0.1437546E-03  0.0000000E+00  0.1000000E+01
         1   127      7  0.1675093E-03  0.0000000E+00  0.1000000E+01
         1   127      8  0.1912150E-03  0.0000000E+00  0.1000000E+01
         1   127      9  0.2148717E-03  0.0000000E+00  0.1000000E+01
         1   127     10 -0.1064812E-02  0.0000000E+00  0.9999994E+00

         1   128      0  0.0000000E+00  0.0000000E+00  0.0000000E+00
         1   128      1  0.1940643E-06  0.0000000E+00  0.1000000E+01
         1   128      2  0.4824449E-04  0.0000000E+00  0.1000000E+01
         1   128      3  0.7219579E-04  0.0000000E+00  0.1000000E+01
         1   128      4  0.9609788E-04  0.0000000E+00  0.1000000E+01
         1   128      5  0.1199508E-03  0.0000000E+00  0.1000000E+01
         1   128      6  0.1437546E-03  0.0000000E+00  0.1000000E+01
         1   128      7  0.1675093E-03  0.0000000E+00  0.1000000E+01
         1   128      8  0.1912150E-03  0.0000000E+00  0.1000000E+01
         1   128      9  0.2148717E-03  0.0000000E+00  0.1000000E+01
         1   128     10 -0.1064812E-02  0.0000000E+00  0.9999994E+00

         1   129      0  0.0000000E+00  0.0000000E+00  0.0000000E+00
         1   129      1  0.1940643E-06  0.0000000E+00  0.1000000E+01
         1   129      2  0.4824449E-04  0.0000000E+00  0.1000000E+01
         1   129      3  0.7219579E-04  0.0000000E+00  0.1000000E+01
         1   129      4  0.9609788E-04  0.0000000E+00  0.1000000E+01
         1   129      5  0.1199508E-03  0.0000000E+00  0.1000000E+01
         1   129      6  0.1437546E-03  0.0000000E+00  0.1000000E+01
         1   129      7  0.1675093E-03  0.0000000E+00  0.1000000E+01
         1   129      8  0.1912150E-03  0.0000000E+00  0.1000000E+01
         1   129      9  0.2148717E-03  0.0000000E+00  0.1000000E+01
         1   129     10 -0.1064812E-02  0.0000000E+00  0.9999994E+00

         1   130      0  0.0000000E+00  0.0000000E+00  0.0000000E+00
         1   130      1  0.1940643E-06  0.0000000E+00  0.1000000E+01
         1   130      2  0.4824449E-04  0.0000000E+00  0.1000000E+01
         1   130      3  0.7219579E-04  0.0000000E+00  0.1000000E+01
         1   130      4  0.9609788E-04  0.0000000E+00  0.1000000E+01
         1   130      5  0.1199508E-03  0.0000000E+00  0.1000000E+01
         1   130      6  0.1437546E-03  0.0000000E+00  0.1000000E+01
         1   130      7  0.1675093E-03  0.0000000E+00  0.1000000E+01
         1   130      8  0.1912150E-03  0.0000000E+00  0.1000000E+01
         1   130      9  0.2148717E-03  0.0000000E+00  0.1000000E+01
         1   130     10 -0.1064812E-02  0.0000000E+00  0.9999994E+00

         1   131      0  0.0000000E+00  0.0000000E+00  0.0000000E+00
         1   131      1  0.2117065E-06  0.0000000E+00  0.1000000E+01
         1   131      2  0.4836304E-04  0.0000000E+00  0.1000000E+01
         1   131      3  0.7236476E-04  0.0000000E+00  0.1000000E+01
         1   131      4  0.9631726E-04  0.0000000E+00  0.1000000E+01
         1   131      5  0.1202206E-03  0.0000000E+00  0.1000000E+01
         1   131      6  0.1440748E-03  0.0000000E+00  0.1000000E+01
         1   131      7  0.1678798E-03  0.0000000E+00  0.1000000E+01
         1   131      8  0.1916359E-03  0.0000000E+00  0.1000000E+01
         1   131      9  0.2153429E-03  0.0000000E+00  0.1000000E+01
         1   131     10 -0.1062128E-02  0.0000000E+00  0.9999994E+00

         1   132      0  0.0000000E+00  0.0000000E+00  0.0000000E+00
         1   132      1  0.2117065E-06  0.0000000E+00  0.1000000E+01
         1   132      2  0.4836304E-04  0.0000000E+00  0.1000000E+01
         1   132      3  0.7236476E-04  0.0000000E+00  0.1000000E+01
         1   132      4  0.9631726E-04  0.0000000E+00  0.1000000E+01
         1   132      5  0.1202206E-03  0.0000000E+00  0.1000000E+01
         1   132      6  0.1440748E-03  0.0000000E+00  0.1000000E+01
         1   132      7  0.1678798E-03  0.0000000E+00  0.1000000E+01
         1   132      8  0.1916359E-03  0.0000000E+00  0.1000000E+01
         1   132      9  0.2153429E-03  0.0000000E+00  0.1000000E+01
         1   132     10 -0.1062128E-02  0.0000000E+00  0.9999994E+00

         1   133      0  0.0000000E+00  0.0000000E+00  0.0000000E+00
         1   133      1  0.2117065E-06  0.0000000E+00  0.1000000E+01
         1   133      2  0.4836304E-04  0.0000000E+00  0.1000000E+01
         1   133      3  0.7236476E-04  0.0000000E+00  0.1000000E+01
         1   133      4  0.9631726E-04  0.0000000E+00  0.1000000E+01
         1   133      5  0.1202206E-03  0.0000000E+00  0.1000000E+01
         1   133      6  0.1440748E-03  0.0000000E+00  0.1000000E+01
         1   133      7  0.1678798E-03  0.0000000E+00  0.1000000E+01
         1   133      8  0.1916359E-03  0.0000000E+00  0.1000000E+01
         1   133      9  0.2153429E-03  0.0000000E+00  0.1000000E+01
         1   133     10 -0.1062128E-02  0.0000000E+00  0.9999994E+00

         1   134      0  0.0000000E+00  0.0000000E+00  0.0000000E+00
         1   134      1  0.2117065E-06  0.0000000E+00  0.1000000E+01
         1   134      2  0.4836304E-04  0.0000000E+00  0.1000000E+01
         1   134      3  0.7236476E-04  0.0000000E+00  0.1000000E+01
         1   134      4  0.9631726E-04  0.0000000E+00  0.1000000E+01
         1   134      5  0.1202206E-03  0.0000000E+00  0.1000000E+01
         1   134      6  0.1440748E-03  0.0000000E+00  0.1000000E+01
         1   134      7  0.1678798E-03  0.0000000E+00  0.1000000E+01
         1   134      8  0.1916359E-03  0.0000000E+00  0.1000000E+01
         1   134      9  0.2153429E-03  0.0000000E+00  0.1000000E+01
         1   134     10 -0.1062128E-02  0.0000000E+00  0.9999994E+00

         1   135      0  0.0000000E+00  0.0000000E+00  0.0000000E+00
         1   135      1  0.2117065E-06  0.0000000E+00  0.1000000E+01
         1   135      2  0.5272150E-05  0.0000000E+00  0.1000000E+01
         1   135      3  0.7734039E-05  0.0000000E+00  0.1000000E+01
         1   135      4  0.1015044E-04  0.0000000E+00  0.1000000E+01
         1   135      5  0.1252140E-04  0.0000000E+00  0.1000000E+01
         1   135      6  0.1484697E-04  0.0000000E+00  0.1000000E+01
         1   135      7  0.1712719E-04  0.0000000E+00  0.1000000E+01
         1   135      8  0.1936213E-04  0.0000000E+00  0.1000000E+01
         1   135      9  0.2155182E-04  0.0000000E+00  0.1000000E+01
         1   135     10 -0.9799250E-03  0.0000000E+00  0.9999995E+00

         1   136      0  0.0000000E+00  0.0000000E+00  0.0000000E+00
         1   136      1  0.2117065E-06  0.0000000E+00  0.1000000E+01
         1   136      2 -0.3735811E-04  0.0000000E+00  0.1000000E+01
         1   136      3 -0.5620680E-04  0.0000000E+00  0.1000000E+01
         1   136      4 -0.7509796E-04  0.0000000E+00  0.1000000E+01
         1   136      5 -0.9403151E-04  0.0000000E+00  0.1000000E+01
         1   136      6 -0.1130074E-03  0.0000000E+00  0.1000000E+01
         1   136      7 -0.1320256E-03  0.0000000E+00  0.1000000E+01
         1   136      8 -0.1510860E-03  0.0000000E+00  0.1000000E+01
         1   136      9 -0.1701886E-03  0.0000000E+00  0.1000000E+01
         1   136     10 -0.8887426E-03  0.0000000E+00  0.9999996E+00

         1   137      0  0.0000000E+00  0.0000000E+00  0.0000000E+00
         1   137      1  0.2117065E-06  0.0000000E+00  0.1000000E+01
         1   137      2 -0.3735811E-04  0.0000000E+00  0.1000000E+01
         1   137      3 -0.5620680E-04  0.0000000E+00  0.1000000E+01
         1   137      4 -0.7509796E-04  0.0000000E+00  0.1000000E+01
         1   137      5 -0.9403151E-04  0.0000000E+00  0.1000000E+01
         1   137      6 -0.1130074E-03  0.0000000E+00  0.1000000E+01
         1   137      7 -0.1320256E-03  0.0000000E+00  0.1000000E+01
         1   137      8 -0.1510860E-03  0.0000000E+00  0.1000000E+01
         1   137      9 -0.1701886E-03  0.0000000E+00  0.1000000E+01
         1   137     10 -0.8887426E-03  0.0000000E+00  0.9999996E+00

         1   138      0  0.0000000E+00  0.0000000E+00  0.0000000E+00
         1   138      1  0.2117065E-06  0.0000000E+00  0.1000000E+01
         1   138      2 -0.3735811E-04  0.0000000E+00  0.1000000E+01
         1   138      3 -0.5620680E-04  0.0000000E+00  0.1000000E+01
         1   138      4 -0.7509796E-04  0.0000000E+00  0.1000000E+01
         1   138      5 -0.9403151E-04  0.0000000E+00  0.1000000E+01
         1   138      6 -0.1130074E-03  0.0000000E+00  0.1000000E+01
         1   138      7 -0.1320256E-03  0.0000000E+00  0.1000000E+01
         1   138      8 -0.1510860E-03  0.0000000E+00  0.1000000E+01
         1   138      9 -0.1701886E-03  0.0000000E+00  0.1000000E+01
         1   138     10 -0.8887426E-03  0.0000000E+00  0.9999996E+00

         1   139      0  0.0000000E+00  0.0000000E+00  0.0000000E+00
         1   139      1  0.2117065E-06  0.0000000E+00  0.1000000E+01
         1   139      2 -0.3735811E-04  0.0000000E+00  0.1000000E+01
         1   139      3 -0.5620680E-04  0.0000000E+00  0.1000000E+01
         1   139      4 -0.7509796E-04  0.0000000E+00  0.1000000E+01
         1   139      5 -0.9403151E-04  0.0000000E+00  0.1000000E+01
         1   139      6 -0.1130074E-03  0.0000000E+00  0.1000000E+01
         1   139      7 -0.1320256E-03  0.0000000E+00  0.1000000E+01
         1   139      8 -0.1510860E-03  0.0000000E+00  0.1000000E+01
         1   139      9 -0.1701886E-03  0.0000000E+00  0.1000000E+01
         1   139     10 -0.8887426E-03  0.0000000E+00  0.9999996E+00

         1   140      0  0.0000000E+00  0.0000000E+00  0.0000000E+00
         1   140      1  0.2293487E-06  0.0000000E+00  0.1000000E+01
         1   140      2 -0.3725130E-04  0.0000000E+00  0.1000000E+01
         1   140      3 -0.5605542E-04  0.0000000E+00  0.1000000E+01
         1   140      4 -0.7490199E-04  0.0000000E+00  0.1000000E+01
         1   140      5 -0.9379095E-04  0.0000000E+00  0.1000000E+01
         1   140      6 -0.1127223E-03  0.0000000E+00  0.1000000E+01
         1   140      7 -0.1316959E-03  0.0000000E+00  0.1000000E+01
         1   140      8 -0.1507117E-03  0.0000000E+00  0.1000000E+01
         1   140      9 -0.1697697E-03  0.0000000E+00  0.1000000E+01
         1   140     10 -0.8862870E-03  0.0000000E+00  0.9999996E+00

         1   141      0  0.0000000E+00  0.0000000E+00  0.0000000E+00
         1   141      1  0.2293487E-06  0.0000000E+00  0.1000000E+01
         1   141      2 -0.3725130E-04  0.0000000E+00  0.1000000E+01
         1   141      3 -0.5605542E-04  0.0000000E+00  0.1000000E+01
         1   141      4 -0.7490199E-04  0.0000000E+00  0.1000000E+01
         1   141      5 -0.9379095E-04  0.0000000E+00  0.1000000E+01
         1   141      6 -0.1127223E-03  0.0000000E+00  0.1000000E+01
         1   141      7 -0.1316959E-03  0.0000000E+00  0.1000000E+01
         1   141      8 -0.1507117E-03  0.0000000E+00  0.1000000E+01
         1   141      9 -0.1697697E-03  0.0000000E+00  0.1000000E+01
         1   141     10 -0.8862870E-03  0.0000000E+00  0.9999996E+00

         1   142      0  0.0000000E+00  0.0000000E+00  0.0000000E+00
         1   142      1  0.2293487E-06  0.0000000E+00  0.1000000E+01
         1   142      2 -0.3728395E-04  0.0000000E+00  0.1000000E+01
         1   142      3 -0.5612887E-04  0.0000000E+00  0.1000000E+01
         1   142      4 -0.7503259E-04  0.0000000E+00  0.1000000E+01
         1   142      5 -0.9399505E-04  0.0000000E+00  0.1000000E+01
         1   142      6 -0.1130162E-03  0.0000000E+00  0.1000000E+01
         1   142      7 -0.1320960E-03  0.0000000E+00  0.1000000E+01
         1   142      8 -0.1512344E-03  0.0000000E+00  0.1000000E+01
         1   142      9 -0.1704314E-03  0.0000000E+00  0.1000000E+01
         1   142     10 -0.8870006E-03  0.0000000E+00  0.9999996E+00

         1   143      0  0.0000000E+00  0.0000000E+00  0.0000000E+00
         1   143      1  0.2293487E-06  0.0000000E+00  0.1000000E+01
         1   143      2 -0.3728395E-04  0.0000000E+00  0.1000000E+01
         1   143      3 -0.5612887E-04  0.0000000E+00  0.1000000E+01
         1   143      4 -0.7503259E-04  0.0000000E+00  0.1000000E+01
         1   143      5 -0.9399505E-04  0.0000000E+00  0.1000000E+01
         1   143      6 -0.1130162E-03  0.0000000E+00  0.1000000E+01
         1   143      7 -0.1320960E-03  0.0000000E+00  0.1000000E+01
         1   143      8 -0.1512344E-03  0.0000000E+00  0.1000000E+01
         1   143      9 -0.1704314E-03  0.0000000E+00  0.1000000E+01
         1   143     10 -0.8870006E-03  0.0000000E+00  0.9999996E+00

         1   144      0  0.0000000E+00  0.0000000E+00  0.0000000E+00
         1   144      1  0.2293487E-06  0.0000000E+00  0.1000000E+01
         1   144      2  0.2366368E-04  0.0000000E+00  0.1000000E+01
         1   144      3  0.3530032E-04  0.0000000E+00  0.1000000E+01
         1   144      4  0.4688329E-04  0.0000000E+00  0.1000000E+01
         1   144      5  0.5841264E-04  0.0000000E+00  0.1000000E+01
         1   144      6  0.6988837E-04  0.0000000E+00  0.1000000E+01
         1   144      7  0.8131051E-04  0.0000000E+00  0.1000000E+01
         1   144      8  0.9267909E-04  0.0000000E+00  0.1000000E+01
         1   144      9  0.1039941E-03  0.0000000E+00  0.1000000E+01
         1   144     10 -0.1186414E-02  0.0000000E+00  0.9999993E+00

         1   145      0  0.0000000E+00  0.0000000E+00  0.0000000E+00
         1   145      1  0.2293487E-06  0.0000000E+00  0.1000000E+01
         1   145      2  0.8322179E-04  0.0000000E+00  0.1000000E+01
         1   145      3  0.1246462E-03  0.0000000E+00  0.1000000E+01
         1   145      4  0.1660227E-03  0.0000000E+00  0.1000000E+01
         1   145      5  0.2073514E-03  0.0000000E+00  0.1000000E+01
         1   145      6  0.2486321E-03  0.0000000E+00  0.1000000E+01
         1   145      7  0.2898650E-03  0.0000000E+00  0.1000000E+01
         1   145      8  0.3310500E-03  0.0000000E+00  0.9999999E+00
         1   145      9  0.3721870E-03  0.0000000E+00  0.9999999E+00
         1   145     10 -0.1491297E-02  0.0000000E+00  0.9999989E+00

         1   146      0  0.0000000E+00  0.0000000E+00  0.0000000E+00
         1   146      1  0.2293487E-06  0.0000000E+00  0.1000000E+01
         1   146      2  0.8322179E-04  0.0000000E+00  0.1000000E+01
         1   146      3  0.1246462E-03  0.0000000E+00  0.1000000E+01
         1   146      4  0.1660227E-03  0.0000000E+00  0.1000000E+01
         1   146      5  0.2073514E-03  0.0000000E+00  0.1000000E+01
         1   146      6  0.2486321E-03  0.0000000E+00  0.1000000E+01
         1   146      7  0.2898650E-03  0.0000000E+00  0.1000000E+01
         1   146      8  0.3310500E-03  0.0000000E+00  0.9999999E+00
         1   146      9  0.3721870E-03  0.0000000E+00  0.9999999E+00
         1   146     10 -0.1491297E-02  0.0000000E+00  0.9999989E+00

         1   147      0  0.0000000E+00  0.0000000E+00  0.0000000E+00
         1   147      1  0.2293487E-06  0.0000000E+00  0.1000000E+01
         1   147      2  0.8322179E-04  0.0000000E+00  0.1000000E+01
         1   147      3  0.1246462E-03  0.0000000E+00  0.1000000E+01
         1   147      4  0.1660227E-03  0.0000000E+00  0.1000000E+01
         1   147      5  0.2073514E-03  0.0000000E+00  0.1000000E+01
         1   147      6  0.2486321E-03  0.0000000E+00  0.1000000E+01
         1   147      7  0.2898650E-03  0.0000000E+00  0.1000000E+01
         1   147      8  0.3310500E-03  0.0000000E+00  0.9999999E+00
         1   147      9  0.3721870E-03  0.0000000E+00  0.9999999E+00
         1   147     10 -0.1491297E-02  0.0000000E+00  0.9999989E+00

         1   148      0  0.0000000E+00  0.0000000E+00  0.0000000E+00
         1   148      1  0.2293487E-06  0.0000000E+00  0.1000000E+01
         1   148      2  0.8322179E-04  0.0000000E+00  0.1000000E+01
         1   148      3  0.1246462E-03  0.0000000E+00  0.1000000E+01
         1   148      4  0.1660227E-03  0.0000000E+00  0.1000000E+01
         1   148      5  0.2073514E-03  0.0000000E+00  0.1000000E+01
         1   148      6  0.2486321E-03  0.0000000E+00  0.1000000E+01
         1   148      7  0.2898650E-03  0.0000000E+00  0.1000000E+01
         1   148      8  0.3310500E-03  0.0000000E+00  0.9999999E+00
         1   148      9  0.3721870E-03  0.0000000E+00  0.9999999E+00
         1   148     10 -0.1491297E-02  0.0000000E+00  0.9999989E+00

         1   149      0  0.0000000E+00  0.0000000E+00  0.0000000E+00
         1   149      1  0.2469909E-06  0.0000000E+00  0.1000000E+01
         1   149      2  0.8329720E-04  0.0000000E+00  0.1000000E+01
         1   149      3  0.1247505E-03  0.0000000E+00  0.1000000E+01
         1   149      4  0.1661560E-03  0.0000000E+00  0.1000000E+01
         1   149      5  0.2075135E-03  0.0000000E+00  0.1000000E+01
         1   149      6  0.2488232E-03  0.0000000E+00  0.1000000E+01
         1   149      7  0.2900851E-03  0.0000000E+00  0.1000000E+01
         1   149      8  0.3312990E-03  0.0000000E+00  0.9999999E+00
         1   149      9  0.3724651E-03  0.0000000E+00  0.9999999E+00
         1   149     10 -0.1488965E-02  0.0000000E+00  0.9999989E+00

         1   150      0  0.0000000E+00  0.0000000E+00  0.0000000E+00
         1   150      1  0.2469909E-06  0.0000000E+00  0.1000000E+01
         1   150      2  0.8329720E-04  0.0000000E+00  0.1000000E+01
         1   150      3  0.1247505E-03  0.0000000E+00  0.1000000E+01
         1   150      4  0.1661560E-03  0.0000000E+00  0.1000000E+01
         1   150      5  0.2075135E-03  0.0000000E+00  0.1000000E+01
         1   150      6  0.2488232E-03  0.0000000E+00  0.1000000E+01
         1   150      7  0.2900851E-03  0.0000000E+00  0.1000000E+01
         1   150      8  0.3312990E-03  0.0000000E+00  0.9999999E+00
         1   150      9  0.3724651E-03  0.0000000E+00  0.9999999E+00
         1   150     10 -0.1488965E-02  0.0000000E+00  0.9999989E+00

         1   151      0  0.0000000E+00  0.0000000E+00  0.0000000E+00
         1   151      1  0.2469909E-06  0.0000000E+00  0.1000000E+01
         1   151      2  0.8330484E-04  0.0000000E+00  0.1000000E+01
         1   151      3  0.1247677E-03  0.0000000E+00  0.1000000E+01
         1   151      4  0.1661866E-03  0.0000000E+00  0.1000000E+01
         1   151      5  0.2075615E-03  0.0000000E+00  0.1000000E+01
         1   151      6  0.2488924E-03  0.0000000E+00  0.1000000E+01
         1   151      7  0.2901793E-03  0.0000000E+00  0.1000000E+01
         1   151      8  0.3314223E-03  0.0000000E+00  0.9999999E+00
         1   151      9  0.3726213E-03  0.0000000E+00  0.9999999E+00
         1   151     10 -0.1486726E-02  0.0000000E+00  0.9999989E+00

         1   152      0  0.0000000E+00  0.0000000E+00  0.0000000E+00
         1   152      1  0.2469909E-06  0.0000000E+00  0.1000000E+01
         1   152      2  0.8330484E-04  0.0000000E+00  0.1000000E+01
         1   152      3  0.1247677E-03  0.0000000E+00  0.1000000E+01
         1   152      4  0.1661866E-03  0.0000000E+00  0.1000000E+01
         1   152      5  0.2075615E-03  0.0000000E+00  0.1000000E+01
         1   152      6  0.2488924E-03  0.0000000E+00  0.1000000E+01
         1   152      7  0.2901793E-03  0.0000000E+00  0.1000000E+01
         1   152      8  0.3314223E-03  0.0000000E+00  0.9999999E+00
         1   152      9  0.3726213E-03  0.0000000E+00  0.9999999E+00
         1   152     10 -0.1486726E-02  0.0000000E+00  0.9999989E+00

         1   153      0  0.0000000E+00  0.0000000E+00  0.0000000E+00
         1   153      1  0.2469909E-06  0.0000000E+00  0.1000000E+01
         1   153      2  0.7420514E-04  0.0000000E+00  0.1000000E+01
         1   153      3  0.1111023E-03  0.0000000E+00  0.1000000E+01
         1   153      4  0.1479448E-03  0.0000000E+00  0.1000000E+01
         1   153      5  0.1847329E-03  0.0000000E+00  0.1000000E+01
         1   153      6  0.2214664E-03  0.0000000E+00  0.1000000E+01
         1   153      7  0.2581454E-03  0.0000000E+00  0.1000000E+01
         1   153      8  0.2947699E-03  0.0000000E+00  0.1000000E+01
         1   153      9  0.3313401E-03  0.0000000E+00  0.9999999E+00
         1   153     10 -0.1263442E-02  0.0000000E+00  0.9999992E+00

         1   154      0  0.0000000E+00  0.0000000E+00  0.0000000E+00
         1   154      1  0.2469909E-06  0.0000000E+00  0.1000000E+01
         1   154      2  0.6833614E-04  0.0000000E+00  0.1000000E+01
         1   154      3  0.1022818E-03  0.0000000E+00  0.1000000E+01
         1   154      4  0.1361616E-03  0.0000000E+00  0.1000000E+01
         1   154      5  0.1699756E-03  0.0000000E+00  0.1000000E+01
         1   154      6  0.2037238E-03  0.0000000E+00  0.1000000E+01
         1   154      7  0.2374062E-03  0.0000000E+00  0.1000000E+01
         1   154      8  0.2710230E-03  0.0000000E+00  0.1000000E+01
         1   154      9  0.3045742E-03  0.0000000E+00  0.1000000E+01
         1   154     10 -0.1034576E-02  0.0000000E+00  0.9999995E+00

         1   155      0  0.0000000E+00  0.0000000E+00  0.0000000E+00
         1   155      1  0.2469909E-06  0.0000000E+00  0.1000000E+01
         1   155      2  0.6833614E-04  0.0000000E+00  0.1000000E+01
         1   155      3  0.1022818E-03  0.0000000E+00  0.1000000E+01
         1   155      4  0.1361616E-03  0.0000000E+00  0.1000000E+01
         1   155      5  0.1699756E-03  0.0000000E+00  0.1000000E+01
         1   155      6  0.2037238E-03  0.0000000E+00  0.1000000E+01
         1   155      7  0.2374062E-03  0.0000000E+00  0.1000000E+01
         1   155      8  0.2710230E-03  0.0000000E+00  0.1000000E+01
         1   155      9  0.3045742E-03  0.0000000E+00  0.1000000E+01
         1   155     10 -0.1034576E-02  0.0000000E+00  0.9999995E+00

         1   156      0  0.0000000E+00  0.0000000E+00  0.0000000E+00
         1   156      1  0.2469909E-06  0.0000000E+00  0.1000000E+01
         1   156      2  0.6833614E-04  0.0000000E+00  0.1000000E+01
         1   156      3  0.1022818E-03  0.0000000E+00  0.1000000E+01
         1   156      4  0.1361616E-03  0.0000000E+00  0.1000000E+01
         1   156      5  0.1699756E-03  0.0000000E+00  0.1000000E+01
         1   156      6  0.2037238E-03  0.0000000E+00  0.1000000E+01
         1   156      7  0.2374062E-03  0.0000000E+00  0.1000000E+01
         1   156      8  0.2710230E-03  0.0000000E+00  0.1000000E+01
         1   156      9  0.3045742E-03  0.0000000E+00  0.1000000E+01
         1   156     10 -0.1034576E-02  0.0000000E+00  0.9999995E+00

         1   157      0  0.0000000E+00  0.0000000E+00  0.0000000E+00
         1   157      1  0.2469909E-06  0.0000000E+00  0.1000000E+01
         1   157      2  0.6833614E-04  0.0000000E+00  0.1000000E+01
         1   157      3  0.1022818E-03  0.0000000E+00  0.1000000E+01
         1   157      4  0.1361616E-03  0.0000000E+00  0.1000000E+01
         1   157      5  0.1699756E-03  0.0000000E+00  0.1000000E+01
         1   157      6  0.2037238E-03  0.0000000E+00  0.1000000E+01
         1   157      7  0.2374062E-03  0.0000000E+00  0.1000000E+01
         1   157      8  0.2710230E-03  0.0000000E+00  0.1000000E+01
         1   157      9  0.3045742E-03  0.0000000E+00  0.1000000E+01
         1   157     10 -0.1034576E-02  0.0000000E+00  0.9999995E+00

         1   158      0  0.0000000E+00  0.0000000E+00  0.0000000E+00
         1   158      1  0.2646331E-06  0.0000000E+00  0.1000000E+01
         1   158      2  0.6832920E-04  0.0000000E+00  0.1000000E+01
         1   158      3  0.1022626E-03  0.0000000E+00  0.1000000E+01
         1   158      4  0.1361302E-03  0.0000000E+00  0.1000000E+01
         1   158      5  0.1699320E-03  0.0000000E+00  0.1000000E+01
         1   158      6  0.2036680E-03  0.0000000E+00  0.1000000E+01
         1   158      7  0.2373384E-03  0.0000000E+00  0.1000000E+01
         1   158      8  0.2709431E-03  0.0000000E+00  0.1000000E+01
         1   158      9  0.3044822E-03  0.0000000E+00  0.1000000E+01
         1   158     10 -0.1032386E-02  0.0000000E+00  0.9999995E+00

         1   159      0  0.0000000E+00  0.0000000E+00  0.0000000E+00
         1   159      1  0.2646331E-06  0.0000000E+00  0.1000000E+01
         1   159      2  0.6832920E-04  0.0000000E+00  0.1000000E+01
         1   159      3  0.1022626E-03  0.0000000E+00  0.1000000E+01
         1   159      4  0.1361302E-03  0.0000000E+00  0.1000000E+01
         1   159      5  0.1699320E-03  0.0000000E+00  0.1000000E+01
         1   159      6  0.2036680E-03  0.0000000E+00  0.1000000E+01
         1   159      7  0.2373384E-03  0.0000000E+00  0.1000000E+01
         1   159      8  0.2709431E-03  0.0000000E+00  0.1000000E+01
         1   159      9  0.3044822E-03  0.0000000E+00  0.1000000E+01
         1   159     10 -0.1032386E-02  0.0000000E+00  0.9999995E+00

         1   160      0  0.0000000E+00  0.0000000E+00  0.0000000E+00
         1   160      1  0.2646331E-06  0.0000000E+00  0.1000000E+01
         1   160      2  0.6828916E-04  0.0000000E+00  0.1000000E+01
         1   160      3  0.1021727E-03  0.0000000E+00  0.1000000E+01
         1   160      4  0.1359706E-03  0.0000000E+00  0.1000000E+01
         1   160      5  0.1696830E-03  0.0000000E+00  0.1000000E+01
         1   160      6  0.2033101E-03  0.0000000E+00  0.1000000E+01
         1   160      7  0.2368520E-03  0.0000000E+00  0.1000000E+01
         1   160      8  0.2703089E-03  0.0000000E+00  0.1000000E+01
         1   160      9  0.3036809E-03  0.0000000E+00  0.1000000E+01
         1   160     10 -0.1040137E-02  0.0000000E+00  0.9999995E+00

         1   161      0  0.0000000E+00  0.0000000E+00  0.0000000E+00
         1   161      1  0.2646331E-06  0.0000000E+00  0.1000000E+01
         1   161      2  0.6828916E-04  0.0000000E+00  0.1000000E+01
         1   161      3  0.1021727E-03  0.0000000E+00  0.1000000E+01
         1   161      4  0.1359706E-03  0.0000000E+00  0.1000000E+01
         1   161      5  0.1696830E-03  0.0000000E+00  0.1000000E+01
         1   161      6  0.2033101E-03  0.0000000E+00  0.1000000E+01
         1   161      7  0.2368520E-03  0.0000000E+00  0.1000000E+01
         1   161      8  0.2703089E-03  0.0000000E+00  0.1000000E+01
         1   161      9  0.3036809E-03  0.0000000E+00  0.1000000E+01
         1   161     10 -0.1040137E-02  0.0000000E+00  0.9999995E+00

         1   162      0  0.0000000E+00  0.0000000E+00  0.0000000E+00
         1   162      1  0.2646331E-06  0.0000000E+00  0.1000000E+01
         1   162      2  0.3239194E-04  0.0000000E+00  0.1000000E+01
         1   162      3  0.4836923E-04  0.0000000E+00  0.1000000E+01
         1   162      4  0.6428909E-04  0.0000000E+00  0.1000000E+01
         1   162      5  0.8015164E-04  0.0000000E+00  0.1000000E+01
         1   162      6  0.9595700E-04  0.0000000E+00  0.1000000E+01
         1   162      7  0.1117053E-03  0.0000000E+00  0.1000000E+01
         1   162      8  0.1273966E-03  0.0000000E+00  0.1000000E+01
         1   162      9  0.1430311E-03  0.0000000E+00  0.1000000E+01
         1   162     10 -0.1509554E-02  0.0000000E+00  0.9999989E+00

         1   163      0  0.0000000E+00  0.0000000E+00  0.0000000E+00
         1   163      1  0.2646331E-06  0.0000000E+00  0.1000000E+01
         1   163      2 -0.5300378E-05  0.0000000E+00  0.1000000E+01
         1   163      3 -0.8126417E-05  0.0000000E+00  0.1000000E+01
         1   163      4 -0.1098137E-04  0.0000000E+00  0.1000000E+01
         1   163      5 -0.1386514E-04  0.0000000E+00  0.1000000E+01
         1   163      6 -0.1677767E-04  0.0000000E+00  0.1000000E+01
         1   163      7 -0.1971885E-04  0.0000000E+00  0.1000000E+01
         1   163      8 -0.2268861E-04  0.0000000E+00  0.1000000E+01
         1   163      9 -0.2568687E-04  0.0000000E+00  0.1000000E+01
         1   163     10 -0.1978904E-02  0.0000000E+00  0.9999980E+00

         1   164      0  0.0000000E+00  0.0000000E+00  0.0000000E+00
         1   164      1  0.2646331E-06  0.0000000E+00  0.1000000E+01
         1   164      2 -0.5300378E-05  0.0000000E+00  0.1000000E+01
         1   164      3 -0.8126417E-05  0.0000000E+00  0.1000000E+01
         1   164      4 -0.1098137E-04  0.0000000E+00  0.1000000E+01
         1   164      5 -0.1386514E-04  0.0000000E+00  0.1000000E+01
         1   164      6 -0.1677767E-04  0.0000000E+00  0.1000000E+01
         1   164      7 -0.1971885E-04  0.0000000E+00  0.1000000E+01
         1   164      8 -0.2268861E-04  0.0000000E+00  0.1000000E+01
         1   164      9 -0.2568687E-04  0.0000000E+00  0.1000000E+01
         1   164     10 -0.1978904E-02  0.0000000E+00  0.9999980E+00

         1   165      0  0.0000000E+00  0.0000000E+00  0.0000000E+00
         1   165      1  0.2646331E-06  0.0000000E+00  0.1000000E+01
         1   165      2 -0.5300378E-05  0.0000000E+00  0.1000000E+01
         1   165      3 -0.8126417E-05  0.0000000E+00  0.1000000E+01
         1   165      4 -0.1098137E-04  0.0000000E+00  0.1000000E+01
         1   165      5 -0.1386514E-04  0.0000000E+00  0.1000000E+01
         1   165      6 -0.1677767E-04  0.0000000E+00  0.1000000E+01
         1   165      7 -0.1971885E-04  0.0000000E+00  0.1000000E+01
         1   165      8 -0.2268861E-04  0.0000000E+00  0.1000000E+01
         1   165      9 -0.2568687E-04  0.0000000E+00  0.1000000E+01
         1   165     10 -0.1978904E-02  0.0000000E+00  0.9999980E+00

         1   166      0  0.0000000E+00  0.0000000E+00  0.0000000E+00
         1   166      1  0.2646331E-06  0.0000000E+00  0.1000000E+01
         1   166      2 -0.5300378E-05  0.0000000E+00  0.1000000E+01
         1   166      3 -0.8126417E-05  0.0000000E+00  0.1000000E+01
         1   166      4 -0.1098137E-04  0.0000000E+00  0.1000000E+01
         1   166      5 -0.1386514E-04  0.0000000E+00  0.1000000E+01
         1   166      6 -0.1677767E-04  0.0000000E+00  0.1000000E+01
         1   166      7 -0.1971885E-04  0.0000000E+00  0.1000000E+01
         1   166      8 -0.2268861E-04  0.0000000E+00  0.1000000E+01
         1   166      9 -0.2568687E-04  0.0000000E+00  0.1000000E+01
         1   166     10 -0.1978904E-02  0.0000000E+00  0.9999980E+00

         1   167      0  0.0000000E+00  0.0000000E+00  0.0000000E+00
         1   167      1  0.2822753E-06  0.0000000E+00  0.1000000E+01
         1   167      2 -0.5347869E-05  0.0000000E+00  0.1000000E+01
         1   167      3 -0.8206416E-05  0.0000000E+00  0.1000000E+01
         1   167      4 -0.1109384E-04  0.0000000E+00  0.1000000E+01
         1   167      5 -0.1401005E-04  0.0000000E+00  0.1000000E+01
         1   167      6 -0.1695496E-04  0.0000000E+00  0.1000000E+01
         1   167      7 -0.1992850E-04  0.0000000E+00  0.1000000E+01
         1   167      8 -0.2293058E-04  0.0000000E+00  0.1000000E+01
         1   167      9 -0.2596112E-04  0.0000000E+00  0.1000000E+01
         1   167     10 -0.1976713E-02  0.0000000E+00  0.9999980E+00

         1   168      0  0.0000000E+00  0.0000000E+00  0.0000000E+00
         1   168      1  0.2822753E-06  0.0000000E+00  0.1000000E+01
         1   168      2 -0.5347869E-05  0.0000000E+00  0.1000000E+01
         1   168      3 -0.8206416E-05  0.0000000E+00  0.1000000E+01
         1   168      4 -0.1109384E-04  0.0000000E+00  0.1000000E+01
         1   168      5 -0.1401005E-04  0.0000000E+00  0.1000000E+01
         1   168      6 -0.1695496E-04  0.0000000E+00  0.1000000E+01
         1   168      7 -0.1992850E-04  0.0000000E+00  0.1000000E+01
         1   168      8 -0.2293058E-04  0.0000000E+00  0.1000000E+01
         1   168      9 -0.2596112E-04  0.0000000E+00  0.1000000E+01
         1   168     10 -0.1976713E-02  0.0000000E+00  0.9999980E+00

         1   169      0  0.0000000E+00  0.0000000E+00  0.0000000E+00
         1   169      1  0.2822753E-06  0.0000000E+00  0.1000000E+01
         1   169      2 -0.5287133E-05  0.0000000E+00  0.1000000E+01
         1   169      3 -0.8069885E-05  0.0000000E+00  0.1000000E+01
         1   169      4 -0.1085133E-04  0.0000000E+00  0.1000000E+01
         1   169      5 -0.1363148E-04  0.0000000E+00  0.1000000E+01
         1   169      6 -0.1641032E-04  0.0000000E+00  0.1000000E+01
         1   169      7 -0.1918785E-04  0.0000000E+00  0.1000000E+01
         1   169      8 -0.2196407E-04  0.0000000E+00  0.1000000E+01
         1   169      9 -0.2473898E-04  0.0000000E+00  0.1000000E+01
         1   169     10 -0.1974101E-02  0.0000000E+00  0.9999981E+00

         1   170      0  0.0000000E+00  0.0000000E+00  0.0000000E+00
         1   170      1  0.2822753E-06  0.0000000E+00  0.1000000E+01
         1   170      2 -0.5287133E-05  0.0000000E+00  0.1000000E+01
         1   170      3 -0.8069885E-05  0.0000000E+00  0.1000000E+01
         1   170      4 -0.1085133E-04  0.0000000E+00  0.1000000E+01
         1   170      5 -0.1363148E-04  0.0000000E+00  0.1000000E+01
         1   170      6 -0.1641032E-04  0.0000000E+00  0.1000000E+01
         1   170      7 -0.1918785E-04  0.0000000E+00  0.1000000E+01
         1   170      8 -0.2196407E-04  0.0000000E+00  0.1000000E+01
         1   170      9 -0.2473898E-04  0.0000000E+00  0.1000000E+01
         1   170     10 -0.1974101E-02  0.0000000E+00  0.9999981E+00

         1   171      0  0.0000000E+00  0.0000000E+00  0.0000000E+00
         1   171      1  0.2822753E-06  0.0000000E+00  0.1000000E+01
         1   171      2  0.3216342E-04  0.0000000E+00  0.1000000E+01
         1   171      3  0.4808261E-04  0.0000000E+00  0.1000000E+01
         1   171      4  0.6398757E-04  0.0000000E+00  0.1000000E+01
         1   171      5  0.7987833E-04  0.0000000E+00  0.1000000E+01
         1   171      6  0.9575491E-04  0.0000000E+00  0.1000000E+01
         1   171      7  0.1116173E-03  0.0000000E+00  0.1000000E+01
         1   171      8  0.1274656E-03  0.0000000E+00  0.1000000E+01
         1   171      9  0.1432998E-03  0.0000000E+00  0.1000000E+01
         1   171     10 -0.1745783E-02  0.0000000E+00  0.9999985E+00

         1   172      0  0.0000000E+00  0.0000000E+00  0.0000000E+00
         1   172      1  0.2822753E-06  0.0000000E+00  0.1000000E+01
         1   172      2  0.7115277E-04  0.0000000E+00  0.1000000E+01
         1   172      3  0.1065442E-03  0.0000000E+00  0.1000000E+01
         1   172      4  0.1419064E-03  0.0000000E+00  0.1000000E+01
         1   172      5  0.1772396E-03  0.0000000E+00  0.1000000E+01
         1   172      6  0.2125437E-03  0.0000000E+00  0.1000000E+01
         1   172      7  0.2478187E-03  0.0000000E+00  0.1000000E+01
         1   172      8  0.2830648E-03  0.0000000E+00  0.1000000E+01
         1   172      9  0.3182820E-03  0.0000000E+00  0.9999999E+00
         1   172     10 -0.1523069E-02  0.0000000E+00  0.9999988E+00

         1   173      0  0.0000000E+00  0.0000000E+00  0.0000000E+00
         1   173      1  0.2822753E-06  0.0000000E+00  0.1000000E+01
         1   173      2  0.7115277E-04  0.0000000E+00  0.1000000E+01
         1   173      3  0.1065442E-03  0.0000000E+00  0.1000000E+01
         1   173      4  0.1419064E-03  0.0000000E+00  0.1000000E+01
         1   173      5  0.1772396E-03  0.0000000E+00  0.1000000E+01
         1   173      6  0.2125437E-03  0.0000000E+00  0.1000000E+01
         1   173      7  0.2478187E-03  0.0000000E+00  0.1000000E+01
         1   173      8  0.2830648E-03  0.0000000E+00  0.1000000E+01
         1   173      9  0.3182820E-03  0.0000000E+00  0.9999999E+00
         1   173     10 -0.1523069E-02  0.0000000E+00  0.9999988E+00

         1   174      0  0.0000000E+00  0.0000000E+00  0.0000000E+00
         1   174      1  0.2822753E-06  0.0000000E+00  0.1000000E+01
         1   174      2  0.7115277E-04  0.0000000E+00  0.1000000E+01
         1   174      3  0.1065442E-03  0.0000000E+00  0.1000000E+01
         1   174      4  0.1419064E-03  0.0000000E+00  0.1000000E+01
         1   174      5  0.1772396E-03  0.0000000E+00  0.1000000E+01
         1   174      6  0.2125437E-03  0.0000000E+00  0.1000000E+01
         1   174      7  0.2478187E-03  0.0000000E+00  0.1000000E+01
         1   174      8  0.2830648E-03  0.0000000E+00  0.1000000E+01
         1   174      9  0.3182820E-03  0.0000000E+00  0.9999999E+00
         1   174     10 -0.1523069E-02  0.0000000E+00  0.9999988E+00

         1   175      0  0.0000000E+00  0.0000000E+00  0.0000000E+00
         1   175      1  0.2822753E-06  0.0000000E+00  0.1000000E+01
         1   175      2  0.7115277E-04  0.0000000E+00  0.1000000E+01
         1   175      3  0.1065442E-03  0.0000000E+00  0.1000000E+01
         1   175      4  0.1419064E-03  0.0000000E+00  0.1000000E+01
         1   175      5  0.1772396E-03  0.0000000E+00  0.1000000E+01
         1   175      6  0.2125437E-03  0.0000000E+00  0.1000000E+01
         1   175      7  0.2478187E-03  0.0000000E+00  0.1000000E+01
         1   175      8  0.2830648E-03  0.0000000E+00  0.1000000E+01
         1   175      9  0.3182820E-03  0.0000000E+00  0.9999999E+00
         1   175     10 -0.1523069E-02  0.0000000E+00  0.9999988E+00

         1   176      0  0.0000000E+00  0.0000000E+00  0.0000000E+00
         1   176      1  0.2999175E-06  0.0000000E+00  0.1000000E+01
         1   176      2  0.7106606E-04  0.0000000E+00  0.1000000E+01
         1   176      3  0.1064053E-03  0.0000000E+00  0.1000000E+01
         1   176      4  0.1417155E-03  0.0000000E+00  0.1000000E+01
         1   176      5  0.1769965E-03  0.0000000E+00  0.1000000E+01
         1   176      6  0.2122486E-03  0.0000000E+00  0.1000000E+01
         1   176      7  0.2474716E-03  0.0000000E+00  0.1000000E+01
         1   176      8  0.2826657E-03  0.0000000E+00  0.1000000E+01
         1   176      9  0.3178309E-03  0.0000000E+00  0.9999999E+00
         1   176     10 -0.1520735E-02  0.0000000E+00  0.9999988E+00

         1   177      0  0.0000000E+00  0.0000000E+00  0.0000000E+00
         1   177      1  0.2999175E-06  0.0000000E+00  0.1000000E+01
         1   177      2  0.7106606E-04  0.0000000E+00  0.1000000E+01
         1   177      3  0.1064053E-03  0.0000000E+00  0.1000000E+01
         1   177      4  0.1417155E-03  0.0000000E+00  0.1000000E+01
         1   177      5  0.1769965E-03  0.0000000E+00  0.1000000E+01
         1   177      6  0.2122486E-03  0.0000000E+00  0.1000000E+01
         1   177      7  0.2474716E-03  0.0000000E+00  0.1000000E+01
         1   177      8  0.2826657E-03  0.0000000E+00  0.1000000E+01
         1   177      9  0.3178309E-03  0.0000000E+00  0.9999999E+00
         1   177     10 -0.1520735E-02  0.0000000E+00  0.9999988E+00

         1   178      0  0.0000000E+00  0.0000000E+00  0.0000000E+00
         1   178      1  0.2999175E-06  0.0000000E+00  0.1000000E+01
         1   178      2  0.7100804E-04  0.0000000E+00  0.1000000E+01
         1   178      3  0.1062748E-03  0.0000000E+00  0.1000000E+01
         1   178      4  0.1414836E-03  0.0000000E+00  0.1000000E+01
         1   178      5  0.1766343E-03  0.0000000E+00  0.1000000E+01
         1   178      6  0.2117271E-03  0.0000000E+00  0.1000000E+01
         1   178      7  0.2467621E-03  0.0000000E+00  0.1000000E+01
         1   178      8  0.2817394E-03  0.0000000E+00  0.1000000E+01
         1   178      9  0.3166590E-03  0.0000000E+00  0.9999999E+00
         1   178     10 -0.1521535E-02  0.0000000E+00  0.9999988E+00

         1   179      0  0.0000000E+00  0.0000000E+00  0.0000000E+00
         1   179      1  0.2999175E-06  0.0000000E+00  0.1000000E+01
         1   179      2  0.7100804E-04  0.0000000E+00  0.1000000E+01
         1   179      3  0.1062748E-03  0.0000000E+00  0.1000000E+01
         1   179      4  0.1414836E-03  0.0000000E+00  0.1000000E+01
         1   179      5  0.1766343E-03  0.0000000E+00  0.1000000E+01
         1   179      6  0.2117271E-03  0.0000000E+00  0.1000000E+01
         1   179      7  0.2467621E-03  0.0000000E+00  0.1000000E+01
         1   179      8  0.2817394E-03  0.0000000E+00  0.1000000E+01
         1   179      9  0.3166590E-03  0.0000000E+00  0.9999999E+00
         1   179     10 -0.1521535E-02  0.0000000E+00  0.9999988E+00

         1   180      0  0.0000000E+00  0.0000000E+00  0.0000000E+00
         1   180      1  0.2999175E-06  0.0000000E+00  0.1000000E+01
         1   180      2 -0.1214242E-04  0.0000000E+00  0.1000000E+01
         1   180      3 -0.1842804E-04  0.0000000E+00  0.1000000E+01
         1   180      4 -0.2475655E-04  0.0000000E+00  0.1000000E+01
         1   180      5 -0.3112790E-04  0.0000000E+00  0.1000000E+01
         1   180      6 -0.3754205E-04  0.0000000E+00  0.1000000E+01
         1   180      7 -0.4399893E-04  0.0000000E+00  0.1000000E+01
         1   180      8 -0.5049851E-04  0.0000000E+00  0.1000000E+01
         1   180      9 -0.5704073E-04  0.0000000E+00  0.1000000E+01
         1   180     10 -0.1824872E-02  0.0000000E+00  0.9999983E+00

         1   181      0  0.0000000E+00  0.0000000E+00  0.0000000E+00
         1   181      1  0.2999175E-06  0.0000000E+00  0.1000000E+01
         1   181      2 -0.9501370E-04  0.0000000E+00  0.1000000E+01
         1   181      3 -0.1427126E-03  0.0000000E+00  0.1000000E+01
         1   181      4 -0.1904396E-03  0.0000000E+00  0.1000000E+01
         1   181      5 -0.2381946E-03  0.0000000E+00  0.1000000E+01
         1   181      6 -0.2859776E-03  0.0000000E+00  0.1000000E+01
         1   181      7 -0.3337886E-03  0.0000000E+00  0.9999999E+00
         1   181      8 -0.3816275E-03  0.0000000E+00  0.9999999E+00
         1   181      9 -0.4294944E-03  0.0000000E+00  0.9999999E+00
         1   181     10 -0.2122721E-02  0.0000000E+00  0.9999977E+00

         1   182      0  0.0000000E+00  0.0000000E+00  0.0000000E+00
         1   182      1  0.2999175E-06  0.0000000E+00  0.1000000E+01
         1   182      2 -0.9501370E-04  0.0000000E+00  0.1000000E+01
         1   182      3 -0.1427126E-03  0.0000000E+00  0.1000000E+01
         1   182      4 -0.1904396E-03  0.0000000E+00  0.1000000E+01
         1   182      5 -0.2381946E-03  0.0000000E+00  0.1000000E+01
         1   182      6 -0.2859776E-03  0.0000000E+00  0.1000000E+01
         1   182      7 -0.3337886E-03  0.0000000E+00  0.9999999E+00
         1   182      8 -0.3816275E-03  0.0000000E+00  0.9999999E+00
         1   182      9 -0.4294944E-03  0.0000000E+00  0.9999999E+00
         1   182     10 -0.2122721E-02  0.0000000E+00  0.9999977E+00

         1   183      0  0.0000000E+00  0.0000000E+00  0.0000000E+00
         1   183      1  0.2999175E-06  0.0000000E+00  0.1000000E+01
         1   183      2 -0.9501370E-04  0.0000000E+00  0.1000000E+01
         1   183      3 -0.1427126E-03  0.0000000E+00  0.1000000E+01
         1   183      4 -0.1904396E-03  0.0000000E+00  0.1000000E+01
         1   183      5 -0.2381946E-03  0.0000000E+00  0.1000000E+01
         1   183      6 -0.2859776E-03  0.0000000E+00  0.1000000E+01
         1   183      7 -0.3337886E-03  0.0000000E+00  0.9999999E+00
         1   183      8 -0.3816275E-03  0.0000000E+00  0.9999999E+00
         1   183      9 -0.4294944E-03  0.0000000E+00  0.9999999E+00
         1   183     10 -0.2122721E-02  0.0000000E+00  0.9999977E+00

         1   184      0  0.0000000E+00  0.0000000E+00  0.0000000E+00
         1   184      1  0.2999175E-06  0.0000000E+00  0.1000000E+01
         1   184      2 -0.9501370E-04  0.0000000E+00  0.1000000E+01
         1   184      3 -0.1427126E-03  0.0000000E+00  0.1000000E+01
         1   184      4 -0.1904396E-03  0.0000000E+00  0.1000000E+01
         1   184      5 -0.2381946E-03  0.0000000E+00  0.1000000E+01
         1   184      6 -0.2859776E-03  0.0000000E+00  0.1000000E+01
         1   184      7 -0.3337886E-03  0.0000000E+00  0.9999999E+00
         1   184      8 -0.3816275E-03  0.0000000E+00  0.9999999E+00
         1   184      9 -0.4294944E-03  0.0000000E+00  0.9999999E+00
         1   184     10 -0.2122721E-02  0.0000000E+00  0.9999977E+00

         1   185      0  0.0000000E+00  0.0000000E+00  0.0000000E+00
         1   185      1  0.3175598E-06  0.0000000E+00  0.1000000E+01
         1   185      2 -0.9509411E-04  0.0000000E+00  0.1000000E+01
         1   185      3 -0.1428420E-03  0.0000000E+00  0.1000000E+01
         1   185      4 -0.1906180E-03  0.0000000E+00  0.1000000E+01
         1   185      5 -0.2384220E-03  0.0000000E+00  0.1000000E+01
         1   185      6 -0.2862539E-03  0.0000000E+00  0.1000000E+01
         1   185      7 -0.3341138E-03  0.0000000E+00  0.9999999E+00
         1   185      8 -0.3820017E-03  0.0000000E+00  0.9999999E+00
         1   185      9 -0.4299175E-03  0.0000000E+00  0.9999999E+00
         1   185     10 -0.2120264E-02  0.0000000E+00  0.9999978E+00

         1   186      0  0.0000000E+00  0.0000000E+00  0.0000000E+00
         1   186      1  0.3175598E-06  0.0000000E+00  0.1000000E+01
         1   186      2 -0.9509411E-04  0.0000000E+00  0.1000000E+01
         1   186      3 -0.1428420E-03  0.0000000E+00  0.1000000E+01
         1   186      4 -0.1906180E-03  0.0000000E+00  0.1000000E+01
         1   186      5 -0.2384220E-03  0.0000000E+00  0.1000000E+01
         1   186      6 -0.2862539E-03  0.0000000E+00  0.1000000E+01
         1   186      7 -0.3341138E-03  0.0000000E+00  0.9999999E+00
         1   186      8 -0.3820017E-03  0.0000000E+00  0.9999999E+00
         1   186      9 -0.4299175E-03  0.0000000E+00  0.9999999E+00
         1   186     10 -0.2120264E-02  0.0000000E+00  0.9999978E+00

         1   187      0  0.0000000E+00  0.0000000E+00  0.0000000E+00
         1   187      1  0.3175598E-06  0.0000000E+00  0.1000000E+01
         1   187      2 -0.9509411E-04  0.0000000E+00  0.1000000E+01
         1   187      3 -0.1428420E-03  0.0000000E+00  0.1000000E+01
         1   187      4 -0.1906180E-03  0.0000000E+00  0.1000000E+01
         1   187      5 -0.2384220E-03  0.0000000E+00  0.1000000E+01
         1   187      6 -0.2862539E-03  0.0000000E+00  0.1000000E+01
         1   187      7 -0.3341138E-03  0.0000000E+00  0.9999999E+00
         1   187      8 -0.3820017E-03  0.0000000E+00  0.9999999E+00
         1   187      9 -0.4299175E-03  0.0000000E+00  0.9999999E+00
         1   187     10 -0.2120264E-02  0.0000000E+00  0.9999978E+00

         1   188      0  0.0000000E+00  0.0000000E+00  0.0000000E+00
         1   188      1  0.3175598E-06  0.0000000E+00  0.1000000E+01
         1   188      2 -0.9509411E-04  0.0000000E+00  0.1000000E+01
         1   188      3 -0.1428420E-03  0.0000000E+00  0.1000000E+01
         1   188      4 -0.1906180E-03  0.0000000E+00  0.1000000E+01
         1   188      5 -0.2384220E-03  0.0000000E+00  0.1000000E+01
         1   188      6 -0.2862539E-03  0.0000000E+00  0.1000000E+01
         1   188      7 -0.3341138E-03  0.0000000E+00  0.9999999E+00
         1   188      8 -0.3820017E-03  0.0000000E+00  0.9999999E+00
         1   188      9 -0.4299175E-03  0.0000000E+00  0.9999999E+00
         1   188     10 -0.2120264E-02  0.0000000E+00  0.9999978E+00

         1   189      0  0.0000000E+00  0.0000000E+00  0.0000000E+00
         1   189      1  0.3175598E-06  0.0000000E+00  0.1000000E+01
         1   189      2 -0.6283321E-04  0.0000000E+00  0.1000000E+01
         1   189      3 -0.9445560E-04  0.0000000E+00  0.1000000E+01
         1   189      4 -0.1261093E-03  0.0000000E+00  0.1000000E+01
         1   189      5 -0.1577943E-03  0.0000000E+00  0.1000000E+01
         1   189      6 -0.1895105E-03  0.0000000E+00  0.1000000E+01
         1   189      7 -0.2212580E-03  0.0000000E+00  0.1000000E+01
         1   189      8 -0.2530367E-03  0.0000000E+00  0.1000000E+01
         1   189      9 -0.2848465E-03  0.0000000E+00  0.1000000E+01
         1   189     10 -0.2029888E-02  0.0000000E+00  0.9999979E+00

         1   190      0  0.0000000E+00  0.0000000E+00  0.0000000E+00
         1   190      1  0.3175598E-06  0.0000000E+00  0.1000000E+01
         1   190      2 -0.3285170E-04  0.0000000E+00  0.1000000E+01
         1   190      3 -0.4948716E-04  0.0000000E+00  0.1000000E+01
         1   190      4 -0.6615647E-04  0.0000000E+00  0.1000000E+01
         1   190      5 -0.8285961E-04  0.0000000E+00  0.1000000E+01
         1   190      6 -0.9959654E-04  0.0000000E+00  0.1000000E+01
         1   190      7 -0.1163672E-03  0.0000000E+00  0.1000000E+01
         1   190      8 -0.1331717E-03  0.0000000E+00  0.1000000E+01
         1   190      9 -0.1500098E-03  0.0000000E+00  0.1000000E+01
         1   190     10 -0.1948471E-02  0.0000000E+00  0.9999981E+00

         1   191      0  0.0000000E+00  0.0000000E+00  0.0000000E+00
         1   191      1  0.3175598E-06  0.0000000E+00  0.1000000E+01
         1   191      2 -0.3285170E-04  0.0000000E+00  0.1000000E+01
         1   191      3 -0.4948716E-04  0.0000000E+00  0.1000000E+01
         1   191      4 -0.6615647E-04  0.0000000E+00  0.1000000E+01
         1   191      5 -0.8285961E-04  0.0000000E+00  0.1000000E+01
         1   191      6 -0.9959654E-04  0.0000000E+00  0.1000000E+01
         1   191      7 -0.1163672E-03  0.0000000E+00  0.1000000E+01
         1   191      8 -0.1331717E-03  0.0000000E+00  0.1000000E+01
         1   191      9 -0.1500098E-03  0.0000000E+00  0.1000000E+01
         1   191     10 -0.1948471E-02  0.0000000E+00  0.9999981E+00

         1   192      0  0.0000000E+00  0.0000000E+00  0.0000000E+00
         1   192      1  0.3175598E-06  0.0000000E+00  0.1000000E+01
         1   192      2 -0.3285170E-04  0.0000000E+00  0.1000000E+01
         1   192      3 -0.4948716E-04  0.0000000E+00  0.1000000E+01
         1   192      4 -0.6615647E-04  0.0000000E+00  0.1000000E+01
         1   192      5 -0.8285961E-04  0.0000000E+00  0.1000000E+01
         1   192      6 -0.9959654E-04  0.0000000E+00  0.1000000E+01
         1   192      7 -0.1163672E-03  0.0000000E+00  0.1000000E+01
         1   192      8 -0.1331717E-03  0.0000000E+00  0.1000000E+01
         1   192      9 -0.1500098E-03  0.0000000E+00  0.1000000E+01
         1   192     10 -0.1948471E-02  0.0000000E+00  0.9999981E+00

         1   193      0  0.0000000E+00  0.0000000E+00  0.0000000E+00
         1   193      1  0.3175598E-06  0.0000000E+00  0.1000000E+01
         1   193      2 -0.3285170E-04  0.0000000E+00  0.1000000E+01
         1   193      3 -0.4948716E-04  0.0000000E+00  0.1000000E+01
         1   193      4 -0.6615647E-04  0.0000000E+00  0.1000000E+01
         1   193      5 -0.8285961E-04  0.0000000E+00  0.1000000E+01
         1   193      6 -0.9959654E-04  0.0000000E+00  0.1000000E+01
         1   193      7 -0.1163672E-03  0.0000000E+00  0.1000000E+01
         1   193      8 -0.1331717E-03  0.0000000E+00  0.1000000E+01
         1   193      9 -0.1500098E-03  0.0000000E+00  0.1000000E+01
         1   193     10 -0.1948471E-02  0.0000000E+00  0.9999981E+00

         1   194      0  0.0000000E+00  0.0000000E+00  0.0000000E+00
         1   194      1  0.3352020E-06  0.0000000E+00  0.1000000E+01
         1   194      2 -0.3287400E-04  0.0000000E+00  0.1000000E+01
         1   194      3 -0.4952944E-04  0.0000000E+00  0.1000000E+01
         1   194      4 -0.6621874E-04  0.0000000E+00  0.1000000E+01
         1   194      5 -0.8294186E-04  0.0000000E+00  0.1000000E+01
         1   194      6 -0.9969877E-04  0.0000000E+00  0.1000000E+01
         1   194      7 -0.1164895E-03  0.0000000E+00  0.1000000E+01
         1   194      8 -0.1333139E-03  0.0000000E+00  0.1000000E+01
         1   194      9 -0.1501720E-03  0.0000000E+00  0.1000000E+01
         1   194     10 -0.1945785E-02  0.0000000E+00  0.9999981E+00

         1   195      0  0.0000000E+00  0.0000000E+00  0.0000000E+00
         1   195      1  0.3352020E-06  0.0000000E+00  0.1000000E+01
         1   195      2 -0.3287400E-04  0.0000000E+00  0.1000000E+01
         1   195      3 -0.4952944E-04  0.0000000E+00  0.1000000E+01
         1   195      4 -0.6621874E-04  0.0000000E+00  0.1000000E+01
         1   195      5 -0.8294186E-04  0.0000000E+00  0.1000000E+01
         1   195      6 -0.9969877E-04  0.0000000E+00  0.1000000E+01
         1   195      7 -0.1164895E-03  0.0000000E+00  0.1000000E+01
         1   195      8 -0.1333139E-03  0.0000000E+00  0.1000000E+01
         1   195      9 -0.1501720E-03  0.0000000E+00  0.1000000E+01
         1   195     10 -0.1945785E-02  0.0000000E+00  0.9999981E+00

         1   196      0  0.0000000E+00  0.0000000E+00  0.0000000E+00
         1   196      1  0.3352020E-06  0.0000000E+00  0.1000000E+01
         1   196      2 -0.3287400E-04  0.0000000E+00  0.1000000E+01
         1   196      3 -0.4952944E-04  0.0000000E+00  0.1000000E+01
         1   196      4 -0.6621874E-04  0.0000000E+00  0.1000000E+01
         1   196      5 -0.8294186E-04  0.0000000E+00  0.1000000E+01
         1   196      6 -0.9969877E-04  0.0000000E+00  0.1000000E+01
         1   196      7 -0.1164895E-03  0.0000000E+00  0.1000000E+01
         1   196      8 -0.1333139E-03  0.0000000E+00  0.1000000E+01
         1   196      9 -0.1501720E-03  0.0000000E+00  0.1000000E+01
         1   196     10 -0.1945785E-02  0.0000000E+00  0.9999981E+00

         1   197      0  0.0000000E+00  0.0000000E+00  0.0000000E+00
         1   197      1  0.3352020E-06  0.0000000E+00  0.1000000E+01
         1   197      2 -0.3287400E-04  0.0000000E+00  0.1000000E+01
         1   197      3 -0.4952944E-04  0.0000000E+00  0.1000000E+01
         1   197      4 -0.6621874E-04  0.0000000E+00  0.1000000E+01
         1   197      5 -0.8294186E-04  0.0000000E+00  0.1000000E+01
         1   197      6 -0.9969877E-04  0.0000000E+00  0.1000000E+01
         1   197      7 -0.1164895E-03  0.0000000E+00  0.1000000E+01
         1   197      8 -0.1333139E-03  0.0000000E+00  0.1000000E+01
         1   197      9 -0.1501720E-03  0.0000000E+00  0.1000000E+01
         1   197     10 -0.1945785E-02  0.0000000E+00  0.9999981E+00

         1   198      0  0.0000000E+00  0.0000000E+00  0.0000000E+00
         1   198      1  0.3352020E-06  0.0000000E+00  0.1000000E+01
         1   198      2 -0.4839441E-04  0.0000000E+00  0.1000000E+01
         1   198      3 -0.7281920E-04  0.0000000E+00  0.1000000E+01
         1   198      4 -0.9728392E-04  0.0000000E+00  0.1000000E+01
         1   198      5 -0.1217885E-03  0.0000000E+00  0.1000000E+01
         1   198      6 -0.1463329E-03  0.0000000E+00  0.1000000E+01
         1   198      7 -0.1709171E-03  0.0000000E+00  0.1000000E+01
         1   198      8 -0.1955410E-03  0.0000000E+00  0.1000000E+01
         1   198      9 -0.2202046E-03  0.0000000E+00  0.1000000E+01
         1   198     10 -0.1978931E-02  0.0000000E+00  0.9999980E+00

         1   199      0  0.0000000E+00  0.0000000E+00  0.0000000E+00
         1   199      1  0.3352020E-06  0.0000000E+00  0.1000000E+01
         1   199      2 -0.6194685E-04  0.0000000E+00  0.1000000E+01
         1   199      3 -0.9315767E-04  0.0000000E+00  0.1000000E+01
         1   199      4 -0.1244149E-03  0.0000000E+00  0.1000000E+01
         1   199      5 -0.1557185E-03  0.0000000E+00  0.1000000E+01
         1   199      6 -0.1870684E-03  0.0000000E+00  0.1000000E+01
         1   199      7 -0.2184645E-03  0.0000000E+00  0.1000000E+01
         1   199      8 -0.2499068E-03  0.0000000E+00  0.1000000E+01
         1   199      9 -0.2813952E-03  0.0000000E+00  0.1000000E+01
         1   199     10 -0.2008726E-02  0.0000000E+00  0.9999980E+00

         1   200      0  0.0000000E+00  0.0000000E+00  0.0000000E+00
         1   200      1  0.3352020E-06  0.0000000E+00  0.1000000E+01
         1   200      2 -0.6194685E-04  0.0000000E+00  0.1000000E+01
         1   200      3 -0.9315767E-04  0.0000000E+00  0.1000000E+01
         1   200      4 -0.1244149E-03  0.0000000E+00  0.1000000E+01
         1   200      5 -0.1557185E-03  0.0000000E+00  0.1000000E+01
         1   200      6 -0.1870684E-03  0.0000000E+00  0.1000000E+01
         1   200      7 -0.2184645E-03  0.0000000E+00  0.1000000E+01
         1   200      8 -0.2499068E-03  0.0000000E+00  0.1000000E+01
         1   200      9 -0.2813952E-03  0.0000000E+00  0.1000000E+01
         1   200     10 -0.2008726E-02  0.0000000E+00  0.9999980E+00

         1   201      0  0.0000000E+00  0.0000000E+00  0.0000000E+00
         1   201      1  0.3352020E-06  0.0000000E+00  0.1000000E+01
         1   201      2 -0.6194685E-04  0.0000000E+00  0.1000000E+01
         1   201      3 -0.9315767E-04  0.0000000E+00  0.1000000E+01
         1   201      4 -0.1244149E-03  0.0000000E+00  0.1000000E+01
         1   201      5 -0.1557185E-03  0.0000000E+00  0.1000000E+01
         1   201      6 -0.1870684E-03  0.0000000E+00  0.1000000E+01
         1   201      7 -0.2184645E-03  0.0000000E+00  0.1000000E+01
         1   201      8 -0.2499068E-03  0.0000000E+00  0.1000000E+01
         1   201      9 -0.2813952E-03  0.0000000E+00  0.1000000E+01
         1   201     10 -0.2008726E-02  0.0000000E+00  0.9999980E+00

         1   202      0  0.0000000E+00  0.0000000E+00  0.0000000E+00
         1   202      1  0.3352020E-06  0.0000000E+00  0.1000000E+01
         1   202      2 -0.6194685E-04  0.0000000E+00  0.1000000E+01
         1   202      3 -0.9315767E-04  0.0000000E+00  0.1000000E+01
         1   202      4 -0.1244149E-03  0.0000000E+00  0.1000000E+01
         1   202      5 -0.1557185E-03  0.0000000E+00  0.1000000E+01
         1   202      6 -0.1870684E-03  0.0000000E+00  0.1000000E+01
         1   202      7 -0.2184645E-03  0.0000000E+00  0.1000000E+01
         1   202      8 -0.2499068E-03  0.0000000E+00  0.1000000E+01
         1   202      9 -0.2813952E-03  0.0000000E+00  0.1000000E+01
         1   202     10 -0.2008726E-02  0.0000000E+00  0.9999980E+00

         1   203      0  0.0000000E+00  0.0000000E+00  0.0000000E+00
         1   203      1  0.3528442E-06  0.0000000E+00  0.1000000E+01
         1   203      2 -0.6192471E-04  0.0000000E+00  0.1000000E+01
         1   203      3 -0.9313329E-04  0.0000000E+00  0.1000000E+01
         1   203      4 -0.1243883E-03  0.0000000E+00  0.1000000E+01
         1   203      5 -0.1556897E-03  0.0000000E+00  0.1000000E+01
         1   203      6 -0.1870374E-03  0.0000000E+00  0.1000000E+01
         1   203      7 -0.2184314E-03  0.0000000E+00  0.1000000E+01
         1   203      8 -0.2498715E-03  0.0000000E+00  0.1000000E+01
         1   203      9 -0.2813577E-03  0.0000000E+00  0.1000000E+01
         1   203     10 -0.2005964E-02  0.0000000E+00  0.9999980E+00

         1   204      0  0.0000000E+00  0.0000000E+00  0.0000000E+00
         1   204      1  0.3528442E-06  0.0000000E+00  0.1000000E+01
         1   204      2 -0.6192471E-04  0.0000000E+00  0.1000000E+01
         1   204      3 -0.9313329E-04  0.0000000E+00  0.1000000E+01
         1   204      4 -0.1243883E-03  0.0000000E+00  0.1000000E+01
         1   204      5 -0.1556897E-03  0.0000000E+00  0.1000000E+01
         1   204      6 -0.1870374E-03  0.0000000E+00  0.1000000E+01
         1   204      7 -0.2184314E-03  0.0000000E+00  0.1000000E+01
         1   204      8 -0.2498715E-03  0.0000000E+00  0.1000000E+01
         1   204      9 -0.2813577E-03  0.0000000E+00  0.1000000E+01
         1   204     10 -0.2005964E-02  0.0000000E+00  0.9999980E+00

         1   205      0  0.0000000E+00  0.0000000E+00  0.0000000E+00
         1   205      1  0.3528442E-06  0.0000000E+00  0.1000000E+01
         1   205      2 -0.6192471E-04  0.0000000E+00  0.1000000E+01
         1   205      3 -0.9313329E-04  0.0000000E+00  0.1000000E+01
         1   205      4 -0.1243883E-03  0.0000000E+00  0.1000000E+01
         1   205      5 -0.1556897E-03  0.0000000E+00  0.1000000E+01
         1   205      6 -0.1870374E-03  0.0000000E+00  0.1000000E+01
         1   205      7 -0.2184314E-03  0.0000000E+00  0.1000000E+01
         1   205      8 -0.2498715E-03  0.0000000E+00  0.1000000E+01
         1   205      9 -0.2813577E-03  0.0000000E+00  0.1000000E+01
         1   205     10 -0.2005964E-02  0.0000000E+00  0.9999980E+00

         1   206      0  0.0000000E+00  0.0000000E+00  0.0000000E+00
         1   206      1  0.3528442E-06  0.0000000E+00  0.1000000E+01
         1   206      2 -0.6192471E-04  0.0000000E+00  0.1000000E+01
         1   206      3 -0.9313329E-04  0.0000000E+00  0.1000000E+01
         1   206      4 -0.1243883E-03  0.0000000E+00  0.1000000E+01
         1   206      5 -0.1556897E-03  0.0000000E+00  0.1000000E+01
         1   206      6 -0.1870374E-03  0.0000000E+00  0.1000000E+01
         1   206      7 -0.2184314E-03  0.0000000E+00  0.1000000E+01
         1   206      8 -0.2498715E-03  0.0000000E+00  0.1000000E+01
         1   206      9 -0.2813577E-03  0.0000000E+00  0.1000000E+01
         1   206     10 -0.2005964E-02  0.0000000E+00  0.9999980E+00

         1   207      0  0.0000000E+00  0.0000000E+00  0.0000000E+00
         1   207      1  0.3528442E-06  0.0000000E+00  0.1000000E+01
         1   207      2 -0.7942731E-04  0.0000000E+00  0.1000000E+01
         1   207      3 -0.1193752E-03  0.0000000E+00  0.1000000E+01
         1   207      4 -0.1593615E-03  0.0000000E+00  0.1000000E+01
         1   207      5 -0.1993863E-03  0.0000000E+00  0.1000000E+01
         1   207      6 -0.2394494E-03  0.0000000E+00  0.1000000E+01
         1   207      7 -0.2795509E-03  0.0000000E+00  0.1000000E+01
         1   207      8 -0.3196906E-03  0.0000000E+00  0.9999999E+00
         1   207      9 -0.3598685E-03  0.0000000E+00  0.9999999E+00
         1   207     10 -0.2005423E-02  0.0000000E+00  0.9999980E+00

         1   208      0  0.0000000E+00  0.0000000E+00  0.0000000E+00
         1   208      1  0.3528442E-06  0.0000000E+00  0.1000000E+01
         1   208      2 -0.1029622E-03  0.0000000E+00  0.1000000E+01
         1   208      3 -0.1546630E-03  0.0000000E+00  0.1000000E+01
         1   208      4 -0.2063925E-03  0.0000000E+00  0.1000000E+01
         1   208      5 -0.2581509E-03  0.0000000E+00  0.1000000E+01
         1   208      6 -0.3099379E-03  0.0000000E+00  0.1000000E+01
         1   208      7 -0.3617537E-03  0.0000000E+00  0.9999999E+00
         1   208      8 -0.4135981E-03  0.0000000E+00  0.9999999E+00
         1   208      9 -0.4654713E-03  0.0000000E+00  0.9999999E+00
         1   208     10 -0.2004733E-02  0.0000000E+00  0.9999980E+00

         1   209      0  0.0000000E+00  0.0000000E+00  0.0000000E+00
         1   209      1  0.3528442E-06  0.0000000E+00  0.1000000E+01
         1   209      2 -0.1029622E-03  0.0000000E+00  0.1000000E+01
         1   209      3 -0.1546630E-03  0.0000000E+00  0.1000000E+01
         1   209      4 -0.2063925E-03  0.0000000E+00  0.1000000E+01
         1   209      5 -0.2581509E-03  0.0000000E+00  0.1000000E+01
         1   209      6 -0.3099379E-03  0.0000000E+00  0.1000000E+01
         1   209      7 -0.3617537E-03  0.0000000E+00  0.9999999E+00
         1   209      8 -0.4135981E-03  0.0000000E+00  0.9999999E+00
         1   209      9 -0.4654713E-03  0.0000000E+00  0.9999999E+00
         1   209     10 -0.2004733E-02  0.0000000E+00  0.9999980E+00

         1   210      0  0.0000000E+00  0.0000000E+00  0.0000000E+00
         1   210      1  0.3528442E-06  0.0000000E+00  0.1000000E+01
         1   210      2 -0.1029622E-03  0.0000000E+00  0.1000000E+01
         1   210      3 -0.1546630E-03  0.0000000E+00  0.1000000E+01
         1   210      4 -0.2063925E-03  0.0000000E+00  0.1000000E+01
         1   210      5 -0.2581509E-03  0.0000000E+00  0.1000000E+01
         1   210      6 -0.3099379E-03  0.0000000E+00  0.1000000E+01
         1   210      7 -0.3617537E-03  0.0000000E+00  0.9999999E+00
         1   210      8 -0.4135981E-03  0.0000000E+00  0.9999999E+00
         1   210      9 -0.4654713E-03  0.0000000E+00  0.9999999E+00
         1   210     10 -0.2004733E-02  0.0000000E+00  0.9999980E+00

         1   211      0  0.0000000E+00  0.0000000E+00  0.0000000E+00
         1   211      1  0.3528442E-06  0.0000000E+00  0.1000000E+01
         1   211      2 -0.1029622E-03  0.0000000E+00  0.1000000E+01
         1   211      3 -0.1546630E-03  0.0000000E+00  0.1000000E+01
         1   211      4 -0.2063925E-03  0.0000000E+00  0.1000000E+01
         1   211      5 -0.2581509E-03  0.0000000E+00  0.1000000E+01
         1   211      6 -0.3099379E-03  0.0000000E+00  0.1000000E+01
         1   211      7 -0.3617537E-03  0.0000000E+00  0.9999999E+00
         1   211      8 -0.4135981E-03  0.0000000E+00  0.9999999E+00
         1   211      9 -0.4654713E-03  0.0000000E+00  0.9999999E+00
         1   211     10 -0.2004733E-02  0.0000000E+00  0.9999980E+00

         1   212      0  0.0000000E+00  0.0000000E+00  0.0000000E+00
         1   212      1  0.3528442E-06  0.0000000E+00  0.1000000E+01
         1   212      2 -0.1029622E-03  0.0000000E+00  0.1000000E+01
         1   212      3 -0.1546630E-03  0.0000000E+00  0.1000000E+01
         1   212      4 -0.2063925E-03  0.0000000E+00  0.1000000E+01
         1   212      5 -0.2581509E-03  0.0000000E+00  0.1000000E+01
         1   212      6 -0.3099379E-03  0.0000000E+00  0.1000000E+01
         1   212      7 -0.3617537E-03  0.0000000E+00  0.9999999E+00
         1   212      8 -0.4135981E-03  0.0000000E+00  0.9999999E+00
         1   212      9 -0.4654713E-03  0.0000000E+00  0.9999999E+00
         1   212     10 -0.2004733E-02  0.0000000E+00  0.9999980E+00

         1   213      0  0.0000000E+00  0.0000000E+00  0.0000000E+00
         1   213      1  0.3528442E-06  0.0000000E+00  0.1000000E+01
         1   213      2 -0.1029622E-03  0.0000000E+00  0.1000000E+01
         1   213      3 -0.1546630E-03  0.0000000E+00  0.1000000E+01
         1   213      4 -0.2063925E-03  0.0000000E+00  0.1000000E+01
         1   213      5 -0.2581509E-03  0.0000000E+00  0.1000000E+01
         1   213      6 -0.3099379E-03  0.0000000E+00  0.1000000E+01
         1   213      7 -0.3617537E-03  0.0000000E+00  0.9999999E+00
         1   213      8 -0.4135981E-03  0.0000000E+00  0.9999999E+00
         1   213      9 -0.4654713E-03  0.0000000E+00  0.9999999E+00
         1   213     10 -0.2004733E-02  0.0000000E+00  0.9999980E+00

         1   214      0  0.0000000E+00  0.0000000E+00  0.0000000E+00
         1   214      1  0.3528442E-06  0.0000000E+00  0.1000000E+01
         1   214      2 -0.1029622E-03  0.0000000E+00  0.1000000E+01
         1   214      3 -0.1546630E-03  0.0000000E+00  0.1000000E+01
         1   214      4 -0.2063925E-03  0.0000000E+00  0.1000000E+01
         1   214      5 -0.2581509E-03  0.0000000E+00  0.1000000E+01
         1   214      6 -0.3099379E-03  0.0000000E+00  0.1000000E+01
         1   214      7 -0.3617537E-03  0.0000000E+00  0.9999999E+00
         1   214      8 -0.4135981E-03  0.0000000E+00  0.9999999E+00
         1   214      9 -0.4654713E-03  0.0000000E+00  0.9999999E+00
         1   214     10 -0.2004733E-02  0.0000000E+00  0.9999980E+00

         1   215      0  0.0000000E+00  0.0000000E+00  0.0000000E+00
         1   215      1  0.3528442E-06  0.0000000E+00  0.1000000E+01
         1   215      2 -0.1029622E-03  0.0000000E+00  0.1000000E+01
         1   215      3 -0.1546630E-03  0.0000000E+00  0.1000000E+01
         1   215      4 -0.2063925E-03  0.0000000E+00  0.1000000E+01
         1   215      5 -0.2581509E-03  0.0000000E+00  0.1000000E+01
         1   215      6 -0.3099379E-03  0.0000000E+00  0.1000000E+01
         1   215      7 -0.3617537E-03  0.0000000E+00  0.9999999E+00
         1   215      8 -0.4135981E-03  0.0000000E+00  0.9999999E+00
         1   215      9 -0.4654713E-03  0.0000000E+00  0.9999999E+00
         1   215     10 -0.2004733E-02  0.0000000E+00  0.9999980E+00

         1   216      0  0.0000000E+00  0.0000000E+00  0.0000000E+00
         1   216      1  0.3528442E-06  0.0000000E+00  0.1000000E+01
         1   216      2 -0.1427823E-04  0.0000000E+00  0.1000000E+01
         1   216      3 -0.2167250E-04  0.0000000E+00  0.1000000E+01
         1   216      4 -0.2911917E-04  0.0000000E+00  0.1000000E+01
         1   216      5 -0.3661816E-04  0.0000000E+00  0.1000000E+01
         1   216      6 -0.4416937E-04  0.0000000E+00  0.1000000E+01
         1   216      7 -0.5177274E-04  0.0000000E+00  0.1000000E+01
         1   216      8 -0.5942818E-04  0.0000000E+00  0.1000000E+01
         1   216      9 -0.6713563E-04  0.0000000E+00  0.1000000E+01
         1   216     10 -0.2006859E-02  0.0000000E+00  0.9999980E+00

         1   217      0  0.0000000E+00  0.0000000E+00  0.0000000E+00
         1   217      1  0.3528442E-06  0.0000000E+00  0.1000000E+01
         1   217      2  0.7509026E-04  0.0000000E+00  0.1000000E+01
         1   217      3  0.1123449E-03  0.0000000E+00  0.1000000E+01
         1   217      4  0.1495236E-03  0.0000000E+00  0.1000000E+01
         1   217      5  0.1866266E-03  0.0000000E+00  0.1000000E+01
         1   217      6  0.2236540E-03  0.0000000E+00  0.1000000E+01
         1   217      7  0.2606058E-03  0.0000000E+00  0.1000000E+01
         1   217      8  0.2974823E-03  0.0000000E+00  0.1000000E+01
         1   217      9  0.3342836E-03  0.0000000E+00  0.9999999E+00
         1   217     10 -0.2008991E-02  0.0000000E+00  0.9999980E+00

         1   218      0  0.0000000E+00  0.0000000E+00  0.0000000E+00
         1   218      1  0.3528442E-06  0.0000000E+00  0.1000000E+01
         1   218      2  0.7509026E-04  0.0000000E+00  0.1000000E+01
         1   218      3  0.1123449E-03  0.0000000E+00  0.1000000E+01
         1   218      4  0.1495236E-03  0.0000000E+00  0.1000000E+01
         1   218      5  0.1866266E-03  0.0000000E+00  0.1000000E+01
         1   218      6  0.2236540E-03  0.0000000E+00  0.1000000E+01
         1   218      7  0.2606058E-03  0.0000000E+00  0.1000000E+01
         1   218      8  0.2974823E-03  0.0000000E+00  0.1000000E+01
         1   218      9  0.3342836E-03  0.0000000E+00  0.9999999E+00
         1   218     10 -0.2008991E-02  0.0000000E+00  0.9999980E+00

         1   219      0  0.0000000E+00  0.0000000E+00  0.0000000E+00
         1   219      1  0.3528442E-06  0.0000000E+00  0.1000000E+01
         1   219      2  0.7509026E-04  0.0000000E+00  0.1000000E+01
         1   219      3  0.1123449E-03  0.0000000E+00  0.1000000E+01
         1   219      4  0.1495236E-03  0.0000000E+00  0.1000000E+01
         1   219      5  0.1866266E-03  0.0000000E+00  0.1000000E+01
         1   219      6  0.2236540E-03  0.0000000E+00  0.1000000E+01
         1   219      7  0.2606058E-03  0.0000000E+00  0.1000000E+01
         1   219      8  0.2974823E-03  0.0000000E+00  0.1000000E+01
         1   219      9  0.3342836E-03  0.0000000E+00  0.9999999E+00
         1   219     10 -0.2008991E-02  0.0000000E+00  0.9999980E+00

         1   220      0  0.0000000E+00  0.0000000E+00  0.0000000E+00
         1   220      1  0.3528442E-06  0.0000000E+00  0.1000000E+01
         1   220      2  0.7509026E-04  0.0000000E+00  0.1000000E+01
         1   220      3  0.1123449E-03  0.0000000E+00  0.1000000E+01
         1   220      4  0.1495236E-03  0.0000000E+00  0.1000000E+01
         1   220      5  0.1866266E-03  0.0000000E+00  0.1000000E+01
         1   220      6  0.2236540E-03  0.0000000E+00  0.1000000E+01
         1   220      7  0.2606058E-03  0.0000000E+00  0.1000000E+01
         1   220      8  0.2974823E-03  0.0000000E+00  0.1000000E+01
         1   220      9  0.3342836E-03  0.0000000E+00  0.9999999E+00
         1   220     10 -0.2008991E-02  0.0000000E+00  0.9999980E+00

         1   221      0  0.0000000E+00  0.0000000E+00  0.0000000E+00
         1   221      1  0.3528442E-06  0.0000000E+00  0.1000000E+01
         1   221      2  0.7509026E-04  0.0000000E+00  0.1000000E+01
         1   221      3  0.1123449E-03  0.0000000E+00  0.1000000E+01
         1   221      4  0.1495236E-03  0.0000000E+00  0.1000000E+01
         1   221      5  0.1866266E-03  0.0000000E+00  0.1000000E+01
         1   221      6  0.2236540E-03  0.0000000E+00  0.1000000E+01
         1   221      7  0.2606058E-03  0.0000000E+00  0.1000000E+01
         1   221      8  0.2974823E-03  0.0000000E+00  0.1000000E+01
         1   221      9  0.3342836E-03  0.0000000E+00  0.9999999E+00
         1   221     10 -0.2008991E-02  0.0000000E+00  0.9999980E+00

         1   222      0  0.0000000E+00  0.0000000E+00  0.0000000E+00
         1   222      1  0.3528442E-06  0.0000000E+00  0.1000000E+01
         1   222      2  0.7509026E-04  0.0000000E+00  0.1000000E+01
         1   222      3  0.1123449E-03  0.0000000E+00  0.1000000E+01
         1   222      4  0.1495236E-03  0.0000000E+00  0.1000000E+01
         1   222      5  0.1866266E-03  0.0000000E+00  0.1000000E+01
         1   222      6  0.2236540E-03  0.0000000E+00  0.1000000E+01
         1   222      7  0.2606058E-03  0.0000000E+00  0.1000000E+01
         1   222      8  0.2974823E-03  0.0000000E+00  0.1000000E+01
         1   222      9  0.3342836E-03  0.0000000E+00  0.9999999E+00
         1   222     10 -0.2008991E-02  0.0000000E+00  0.9999980E+00

         1   223      0  0.0000000E+00  0.0000000E+00  0.0000000E+00
         1   223      1  0.3528442E-06  0.0000000E+00  0.1000000E+01
         1   223      2  0.7509026E-04  0.0000000E+00  0.1000000E+01
         1   223      3  0.1123449E-03  0.0000000E+00  0.1000000E+01
         1   223      4  0.1495236E-03  0.0000000E+00  0.1000000E+01
         1   223      5  0.1866266E-03  0.0000000E+00  0.1000000E+01
         1   223      6  0.2236540E-03  0.0000000E+00  0.1000000E+01
         1   223      7  0.2606058E-03  0.0000000E+00  0.1000000E+01
         1   223      8  0.2974823E-03  0.0000000E+00  0.1000000E+01
         1   223      9  0.3342836E-03  0.0000000E+00  0.9999999E+00
         1   223     10 -0.2008991E-02  0.0000000E+00  0.9999980E+00

         1   224      0  0.0000000E+00  0.0000000E+00  0.0000000E+00
         1   224      1  0.3528442E-06  0.0000000E+00  0.1000000E+01
         1   224      2  0.7509026E-04  0.0000000E+00  0.1000000E+01
         1   224      3  0.1123449E-03  0.0000000E+00  0.1000000E+01
         1   224      4  0.1495236E-03  0.0000000E+00  0.1000000E+01
         1   224      5  0.1866266E-03  0.0000000E+00  0.1000000E+01
         1   224      6  0.2236540E-03  0.0000000E+00  0.1000000E+01
         1   224      7  0.2606058E-03  0.0000000E+00  0.1000000E+01
         1   224      8  0.2974823E-03  0.0000000E+00  0.1000000E+01
         1   224      9  0.3342836E-03  0.0000000E+00  0.9999999E+00
         1   224     10 -0.2008991E-02  0.0000000E+00  0.9999980E+00

         1   225      0  0.0000000E+00  0.0000000E+00  0.0000000E+00
         1   225      1  0.3528442E-06  0.0000000E+00  0.1000000E+01
         1   225      2  0.3521580E-04  0.0000000E+00  0.1000000E+01
         1   225      3  0.5254388E-04  0.0000000E+00  0.1000000E+01
         1   225      4  0.6980318E-04  0.0000000E+00  0.1000000E+01
         1   225      5  0.8699383E-04  0.0000000E+00  0.1000000E+01
         1   225      6  0.1041159E-03  0.0000000E+00  0.1000000E+01
         1   225      7  0.1211697E-03  0.0000000E+00  0.1000000E+01
         1   225      8  0.1381551E-03  0.0000000E+00  0.1000000E+01
         1   225      9  0.1550723E-03  0.0000000E+00  0.1000000E+01
         1   225     10 -0.2008162E-02  0.0000000E+00  0.9999980E+00

         1   226      0  0.0000000E+00  0.0000000E+00  0.0000000E+00
         1   226      1  0.3528442E-06  0.0000000E+00  0.1000000E+01
         1   226      2  0.1861730E-05  0.0000000E+00  0.1000000E+01
         1   226      3  0.2521010E-05  0.0000000E+00  0.1000000E+01
         1   226      4  0.3117001E-05  0.0000000E+00  0.1000000E+01
         1   226      5  0.3649821E-05  0.0000000E+00  0.1000000E+01
         1   226      6  0.4119586E-05  0.0000000E+00  0.1000000E+01
         1   226      7  0.4526412E-05  0.0000000E+00  0.1000000E+01
         1   226      8  0.4870416E-05  0.0000000E+00  0.1000000E+01
         1   226      9  0.5151713E-05  0.0000000E+00  0.1000000E+01
         1   226     10 -0.2007485E-02  0.0000000E+00  0.9999980E+00

         1   227      0  0.0000000E+00  0.0000000E+00  0.0000000E+00
         1   227      1  0.3528442E-06  0.0000000E+00  0.1000000E+01
         1   227      2  0.1861730E-05  0.0000000E+00  0.1000000E+01
         1   227      3  0.2521010E-05  0.0000000E+00  0.1000000E+01
         1   227      4  0.3117001E-05  0.0000000E+00  0.1000000E+01
         1   227      5  0.3649821E-05  0.0000000E+00  0.1000000E+01
         1   227      6  0.4119586E-05  0.0000000E+00  0.1000000E+01
         1   227      7  0.4526412E-05  0.0000000E+00  0.1000000E+01
         1   227      8  0.4870416E-05  0.0000000E+00  0.1000000E+01
         1   227      9  0.5151713E-05  0.0000000E+00  0.1000000E+01
         1   227     10 -0.2007485E-02  0.0000000E+00  0.9999980E+00

         1   228      0  0.0000000E+00  0.0000000E+00  0.0000000E+00
         1   228      1  0.3528442E-06  0.0000000E+00  0.1000000E+01
         1   228      2  0.1861730E-05  0.0000000E+00  0.1000000E+01
         1   228      3  0.2521010E-05  0.0000000E+00  0.1000000E+01
         1   228      4  0.3117001E-05  0.0000000E+00  0.1000000E+01
         1   228      5  0.3649821E-05  0.0000000E+00  0.1000000E+01
         1   228      6  0.4119586E-05  0.0000000E+00  0.1000000E+01
         1   228      7  0.4526412E-05  0.0000000E+00  0.1000000E+01
         1   228      8  0.4870416E-05  0.0000000E+00  0.1000000E+01
         1   228      9  0.5151713E-05  0.0000000E+00  0.1000000E+01
         1   228     10 -0.2007485E-02  0.0000000E+00  0.9999980E+00

         1   229      0  0.0000000E+00  0.0000000E+00  0.0000000E+00
         1   229      1  0.3528442E-06  0.0000000E+00  0.1000000E+01
         1   229      2  0.1861730E-05  0.0000000E+00  0.1000000E+01
         1   229      3  0.2521010E-05  0.0000000E+00  0.1000000E+01
         1   229      4  0.3117001E-05  0.0000000E+00  0.1000000E+01
         1   229      5  0.3649821E-05  0.0000000E+00  0.1000000E+01
         1   229      6  0.4119586E-05  0.0000000E+00  0.1000000E+01
         1   229      7  0.4526412E-05  0.0000000E+00  0.1000000E+01
         1   229      8  0.4870416E-05  0.0000000E+00  0.1000000E+01
         1   229      9  0.5151713E-05  0.0000000E+00  0.1000000E+01
         1   229     10 -0.2007485E-02  0.0000000E+00  0.9999980E+00

         1   230      0  0.0000000E+00  0.0000000E+00  0.0000000E+00
         1   230      1  0.3704864E-06  0.0000000E+00  0.1000000E+01
         1   230      2  0.1938271E-05  0.0000000E+00  0.1000000E+01
         1   230      3  0.2626993E-05  0.0000000E+00  0.1000000E+01
         1   230      4  0.3252424E-05  0.0000000E+00  0.1000000E+01
         1   230      5  0.3814680E-05  0.0000000E+00  0.1000000E+01
         1   230      6  0.4313877E-05  0.0000000E+00  0.1000000E+01
         1   230      7  0.4750132E-05  0.0000000E+00  0.1000000E+01
         1   230      8  0.5123560E-05  0.0000000E+00  0.1000000E+01
         1   230      9  0.5434278E-05  0.0000000E+00  0.1000000E+01
         1   230     10 -0.2004724E-02  0.0000000E+00  0.9999980E+00

         1   231      0  0.0000000E+00  0.0000000E+00  0.0000000E+00
         1   231      1  0.3704864E-06  0.0000000E+00  0.1000000E+01
         1   231      2  0.1938271E-05  0.0000000E+00  0.1000000E+01
         1   231      3  0.2626993E-05  0.0000000E+00  0.1000000E+01
         1   231      4  0.3252424E-05  0.0000000E+00  0.1000000E+01
         1   231      5  0.3814680E-05  0.0000000E+00  0.1000000E+01
         1   231      6  0.4313877E-05  0.0000000E+00  0.1000000E+01
         1   231      7  0.4750132E-05  0.0000000E+00  0.1000000E+01
         1   231      8  0.5123560E-05  0.0000000E+00  0.1000000E+01
         1   231      9  0.5434278E-05  0.0000000E+00  0.1000000E+01
         1   231     10 -0.2004724E-02  0.0000000E+00  0.9999980E+00

         1   232      0  0.0000000E+00  0.0000000E+00  0.0000000E+00
         1   232      1  0.3704864E-06  0.0000000E+00  0.1000000E+01
         1   232      2  0.1938271E-05  0.0000000E+00  0.1000000E+01
         1   232      3  0.2626993E-05  0.0000000E+00  0.1000000E+01
         1   232      4  0.3252424E-05  0.0000000E+00  0.1000000E+01
         1   232      5  0.3814680E-05  0.0000000E+00  0.1000000E+01
         1   232      6  0.4313877E-05  0.0000000E+00  0.1000000E+01
         1   232      7  0.4750132E-05  0.0000000E+00  0.1000000E+01
         1   232      8  0.5123560E-05  0.0000000E+00  0.1000000E+01
         1   232      9  0.5434278E-05  0.0000000E+00  0.1000000E+01
         1   232     10 -0.2004724E-02  0.0000000E+00  0.9999980E+00

         1   233      0  0.0000000E+00  0.0000000E+00  0.0000000E+00
         1   233      1  0.3704864E-06  0.0000000E+00  0.1000000E+01
         1   233      2  0.1938271E-05  0.0000000E+00  0.1000000E+01
         1   233      3  0.2626993E-05  0.0000000E+00  0.1000000E+01
         1   233      4  0.3252424E-05  0.0000000E+00  0.1000000E+01
         1   233      5  0.3814680E-05  0.0000000E+00  0.1000000E+01
         1   233      6  0.4313877E-05  0.0000000E+00  0.1000000E+01
         1   233      7  0.4750132E-05  0.0000000E+00  0.1000000E+01
         1   233      8  0.5123560E-05  0.0000000E+00  0.1000000E+01
         1   233      9  0.5434278E-05  0.0000000E+00  0.1000000E+01
         1   233     10 -0.2004724E-02  0.0000000E+00  0.9999980E+00

         1   234      0  0.0000000E+00  0.0000000E+00  0.0000000E+00
         1   234      1  0.3704864E-06  0.0000000E+00  0.1000000E+01
         1   234      2  0.3657410E-04  0.0000000E+00  0.1000000E+01
         1   234      3  0.5458227E-04  0.0000000E+00  0.1000000E+01
         1   234      4  0.7252813E-04  0.0000000E+00  0.1000000E+01
         1   234      5  0.9041179E-04  0.0000000E+00  0.1000000E+01
         1   234      6  0.1082333E-03  0.0000000E+00  0.1000000E+01
         1   234      7  0.1259929E-03  0.0000000E+00  0.1000000E+01
         1   234      8  0.1436905E-03  0.0000000E+00  0.1000000E+01
         1   234      9  0.1613262E-03  0.0000000E+00  0.1000000E+01
         1   234     10 -0.2034931E-02  0.0000000E+00  0.9999979E+00

         1   235      0  0.0000000E+00  0.0000000E+00  0.0000000E+00
         1   235      1  0.3704864E-06  0.0000000E+00  0.1000000E+01
         1   235      2  0.6964974E-04  0.0000000E+00  0.1000000E+01
         1   235      3  0.1041980E-03  0.0000000E+00  0.1000000E+01
         1   235      4  0.1386855E-03  0.0000000E+00  0.1000000E+01
         1   235      5  0.1731122E-03  0.0000000E+00  0.1000000E+01
         1   235      6  0.2074782E-03  0.0000000E+00  0.1000000E+01
         1   235      7  0.2417837E-03  0.0000000E+00  0.1000000E+01
         1   235      8  0.2760286E-03  0.0000000E+00  0.1000000E+01
         1   235      9  0.3102130E-03  0.0000000E+00  0.1000000E+01
         1   235     10 -0.2068493E-02  0.0000000E+00  0.9999979E+00

         1   236      0  0.0000000E+00  0.0000000E+00  0.0000000E+00
         1   236      1  0.3704864E-06  0.0000000E+00  0.1000000E+01
         1   236      2  0.6964974E-04  0.0000000E+00  0.1000000E+01
         1   236      3  0.1041980E-03  0.0000000E+00  0.1000000E+01
         1   236      4  0.1386855E-03  0.0000000E+00  0.1000000E+01
         1   236      5  0.1731122E-03  0.0000000E+00  0.1000000E+01
         1   236      6  0.2074782E-03  0.0000000E+00  0.1000000E+01
         1   236      7  0.2417837E-03  0.0000000E+00  0.1000000E+01
         1   236      8  0.2760286E-03  0.0000000E+00  0.1000000E+01
         1   236      9  0.3102130E-03  0.0000000E+00  0.1000000E+01
         1   236     10 -0.2068493E-02  0.0000000E+00  0.9999979E+00

         1   237      0  0.0000000E+00  0.0000000E+00  0.0000000E+00
         1   237      1  0.3704864E-06  0.0000000E+00  0.1000000E+01
         1   237      2  0.6964974E-04  0.0000000E+00  0.1000000E+01
         1   237      3  0.1041980E-03  0.0000000E+00  0.1000000E+01
         1   237      4  0.1386855E-03  0.0000000E+00  0.1000000E+01
         1   237      5  0.1731122E-03  0.0000000E+00  0.1000000E+01
         1   237      6  0.2074782E-03  0.0000000E+00  0.1000000E+01
         1   237      7  0.2417837E-03  0.0000000E+00  0.1000000E+01
         1   237      8  0.2760286E-03  0.0000000E+00  0.1000000E+01
         1   237      9  0.3102130E-03  0.0000000E+00  0.1000000E+01
         1   237     10 -0.2068493E-02  0.0000000E+00  0.9999979E+00

         1   238      0  0.0000000E+00  0.0000000E+00  0.0000000E+00
         1   238      1  0.3704864E-06  0.0000000E+00  0.1000000E+01
         1   238      2  0.6964974E-04  0.0000000E+00  0.1000000E+01
         1   238      3  0.1041980E-03  0.0000000E+00  0.1000000E+01
         1   238      4  0.1386855E-03  0.0000000E+00  0.1000000E+01
         1   238      5  0.1731122E-03  0.0000000E+00  0.1000000E+01
         1   238      6  0.2074782E-03  0.0000000E+00  0.1000000E+01
         1   238      7  0.2417837E-03  0.0000000E+00  0.1000000E+01
         1   238      8  0.2760286E-03  0.0000000E+00  0.1000000E+01
         1   238      9  0.3102130E-03  0.0000000E+00  0.1000000E+01
         1   238     10 -0.2068493E-02  0.0000000E+00  0.9999979E+00

         1   239      0  0.0000000E+00  0.0000000E+00  0.0000000E+00
         1   239      1  0.3881286E-06  0.0000000E+00  0.1000000E+01
         1   239      2  0.6969104E-04  0.0000000E+00  0.1000000E+01
         1   239      3  0.1042512E-03  0.0000000E+00  0.1000000E+01
         1   239      4  0.1387505E-03  0.0000000E+00  0.1000000E+01
         1   239      5  0.1731890E-03  0.0000000E+00  0.1000000E+01
         1   239      6  0.2075669E-03  0.0000000E+00  0.1000000E+01
         1   239      7  0.2418842E-03  0.0000000E+00  0.1000000E+01
         1   239      8  0.2761410E-03  0.0000000E+00  0.1000000E+01
         1   239      9  0.3103373E-03  0.0000000E+00  0.1000000E+01
         1   239     10 -0.2065807E-02  0.0000000E+00  0.9999979E+00

         1   240      0  0.0000000E+00  0.0000000E+00  0.0000000E+00
         1   240      1  0.3881286E-06  0.0000000E+00  0.1000000E+01
         1   240      2  0.6969104E-04  0.0000000E+00  0.1000000E+01
         1   240      3  0.1042512E-03  0.0000000E+00  0.1000000E+01
         1   240      4  0.1387505E-03  0.0000000E+00  0.1000000E+01
         1   240      5  0.1731890E-03  0.0000000E+00  0.1000000E+01
         1   240      6  0.2075669E-03  0.0000000E+00  0.1000000E+01
         1   240      7  0.2418842E-03  0.0000000E+00  0.1000000E+01
         1   240      8  0.2761410E-03  0.0000000E+00  0.1000000E+01
         1   240      9  0.3103373E-03  0.0000000E+00  0.1000000E+01
         1   240     10 -0.2065807E-02  0.0000000E+00  0.9999979E+00

         1   241      0  0.0000000E+00  0.0000000E+00  0.0000000E+00
         1   241      1  0.3881286E-06  0.0000000E+00  0.1000000E+01
         1   241      2  0.6969104E-04  0.0000000E+00  0.1000000E+01
         1   241      3  0.1042512E-03  0.0000000E+00  0.1000000E+01
         1   241      4  0.1387505E-03  0.0000000E+00  0.1000000E+01
         1   241      5  0.1731890E-03  0.0000000E+00  0.1000000E+01
         1   241      6  0.2075669E-03  0.0000000E+00  0.1000000E+01
         1   241      7  0.2418842E-03  0.0000000E+00  0.1000000E+01
         1   241      8  0.2761410E-03  0.0000000E+00  0.1000000E+01
         1   241      9  0.3103373E-03  0.0000000E+00  0.1000000E+01
         1   241     10 -0.2065807E-02  0.0000000E+00  0.9999979E+00

         1   242      0  0.0000000E+00  0.0000000E+00  0.0000000E+00
         1   242      1  0.3881286E-06  0.0000000E+00  0.1000000E+01
         1   242      2  0.6969104E-04  0.0000000E+00  0.1000000E+01
         1   242      3  0.1042512E-03  0.0000000E+00  0.1000000E+01
         1   242      4  0.1387505E-03  0.0000000E+00  0.1000000E+01
         1   242      5  0.1731890E-03  0.0000000E+00  0.1000000E+01
         1   242      6  0.2075669E-03  0.0000000E+00  0.1000000E+01
         1   242      7  0.2418842E-03  0.0000000E+00  0.1000000E+01
         1   242      8  0.2761410E-03  0.0000000E+00  0.1000000E+01
         1   242      9  0.3103373E-03  0.0000000E+00  0.1000000E+01
         1   242     10 -0.2065807E-02  0.0000000E+00  0.9999979E+00

         1   243      0  0.0000000E+00  0.0000000E+00  0.0000000E+00
         1   243      1  0.3881286E-06  0.0000000E+00  0.1000000E+01
         1   243      2  0.7398119E-04  0.0000000E+00  0.1000000E+01
         1   243      3  0.1106762E-03  0.0000000E+00  0.1000000E+01
         1   243      4  0.1473037E-03  0.0000000E+00  0.1000000E+01
         1   243      5  0.1838637E-03  0.0000000E+00  0.1000000E+01
         1   243      6  0.2203564E-03  0.0000000E+00  0.1000000E+01
         1   243      7  0.2567819E-03  0.0000000E+00  0.1000000E+01
         1   243      8  0.2931401E-03  0.0000000E+00  0.1000000E+01
         1   243      9  0.3294313E-03  0.0000000E+00  0.9999999E+00
         1   243     10 -0.1984170E-02  0.0000000E+00  0.9999980E+00

         1   244      0  0.0000000E+00  0.0000000E+00  0.0000000E+00
         1   244      1  0.3881286E-06  0.0000000E+00  0.1000000E+01
         1   244      2  0.8112174E-04  0.0000000E+00  0.1000000E+01
         1   244      3  0.1213759E-03  0.0000000E+00  0.1000000E+01
         1   244      4  0.1615551E-03  0.0000000E+00  0.1000000E+01
         1   244      5  0.2016595E-03  0.0000000E+00  0.1000000E+01
         1   244      6  0.2416893E-03  0.0000000E+00  0.1000000E+01
         1   244      7  0.2816445E-03  0.0000000E+00  0.1000000E+01
         1   244      8  0.3215252E-03  0.0000000E+00  0.9999999E+00
         1   244      9  0.3613316E-03  0.0000000E+00  0.9999999E+00
         1   244     10 -0.1893579E-02  0.0000000E+00  0.9999982E+00

         1   245      0  0.0000000E+00  0.0000000E+00  0.0000000E+00
         1   245      1  0.3881286E-06  0.0000000E+00  0.1000000E+01
         1   245      2  0.8112174E-04  0.0000000E+00  0.1000000E+01
         1   245      3  0.1213759E-03  0.0000000E+00  0.1000000E+01
         1   245      4  0.1615551E-03  0.0000000E+00  0.1000000E+01
         1   245      5  0.2016595E-03  0.0000000E+00  0.1000000E+01
         1   245      6  0.2416893E-03  0.0000000E+00  0.1000000E+01
         1   245      7  0.2816445E-03  0.0000000E+00  0.1000000E+01
         1   245      8  0.3215252E-03  0.0000000E+00  0.9999999E+00
         1   245      9  0.3613316E-03  0.0000000E+00  0.9999999E+00
         1   245     10 -0.1893579E-02  0.0000000E+00  0.9999982E+00

         1   246      0  0.0000000E+00  0.0000000E+00  0.0000000E+00
         1   246      1  0.3881286E-06  0.0000000E+00  0.1000000E+01
         1   246      2  0.8112174E-04  0.0000000E+00  0.1000000E+01
         1   246      3  0.1213759E-03  0.0000000E+00  0.1000000E+01
         1   246      4  0.1615551E-03  0.0000000E+00  0.1000000E+01
         1   246      5  0.2016595E-03  0.0000000E+00  0.1000000E+01
         1   246      6  0.2416893E-03  0.0000000E+00  0.1000000E+01
         1   246      7  0.2816445E-03  0.0000000E+00  0.1000000E+01
         1   246      8  0.3215252E-03  0.0000000E+00  0.9999999E+00
         1   246      9  0.3613316E-03  0.0000000E+00  0.9999999E+00
         1   246     10 -0.1893579E-02  0.0000000E+00  0.9999982E+00

         1   247      0  0.0000000E+00  0.0000000E+00  0.0000000E+00
         1   247      1  0.3881286E-06  0.0000000E+00  0.1000000E+01
         1   247      2  0.8112174E-04  0.0000000E+00  0.1000000E+01
         1   247      3  0.1213759E-03  0.0000000E+00  0.1000000E+01
         1   247      4  0.1615551E-03  0.0000000E+00  0.1000000E+01
         1   247      5  0.2016595E-03  0.0000000E+00  0.1000000E+01
         1   247      6  0.2416893E-03  0.0000000E+00  0.1000000E+01
         1   247      7  0.2816445E-03  0.0000000E+00  0.1000000E+01
         1   247      8  0.3215252E-03  0.0000000E+00  0.9999999E+00
         1   247      9  0.3613316E-03  0.0000000E+00  0.9999999E+00
         1   247     10 -0.1893579E-02  0.0000000E+00  0.9999982E+00

         1   248      0  0.0000000E+00  0.0000000E+00  0.0000000E+00
         1   248      1  0.4057708E-06  0.0000000E+00  0.1000000E+01
         1   248      2  0.8109038E-04  0.0000000E+00  0.1000000E+01
         1   248      3  0.1213201E-03  0.0000000E+00  0.1000000E+01
         1   248      4  0.1614749E-03  0.0000000E+00  0.1000000E+01
         1   248      5  0.2015549E-03  0.0000000E+00  0.1000000E+01
         1   248      6  0.2415602E-03  0.0000000E+00  0.1000000E+01
         1   248      7  0.2814910E-03  0.0000000E+00  0.1000000E+01
         1   248      8  0.3213474E-03  0.0000000E+00  0.9999999E+00
         1   248      9  0.3611295E-03  0.0000000E+00  0.9999999E+00
         1   248     10 -0.1891122E-02  0.0000000E+00  0.9999982E+00

         1   249      0  0.0000000E+00  0.0000000E+00  0.0000000E+00
         1   249      1  0.4057708E-06  0.0000000E+00  0.1000000E+01
         1   249      2  0.8109038E-04  0.0000000E+00  0.1000000E+01
         1   249      3  0.1213201E-03  0.0000000E+00  0.1000000E+01
         1   249      4  0.1614749E-03  0.0000000E+00  0.1000000E+01
         1   249      5  0.2015549E-03  0.0000000E+00  0.1000000E+01
         1   249      6  0.2415602E-03  0.0000000E+00  0.1000000E+01
         1   249      7  0.2814910E-03  0.0000000E+00  0.1000000E+01
         1   249      8  0.3213474E-03  0.0000000E+00  0.9999999E+00
         1   249      9  0.3611295E-03  0.0000000E+00  0.9999999E+00
         1   249     10 -0.1891122E-02  0.0000000E+00  0.9999982E+00

         1   250      0  0.0000000E+00  0.0000000E+00  0.0000000E+00
         1   250      1  0.4057708E-06  0.0000000E+00  0.1000000E+01
         1   250      2  0.8106986E-04  0.0000000E+00  0.1000000E+01
         1   250      3  0.1212740E-03  0.0000000E+00  0.1000000E+01
         1   250      4  0.1613929E-03  0.0000000E+00  0.1000000E+01
         1   250      5  0.2014270E-03  0.0000000E+00  0.1000000E+01
         1   250      6  0.2413762E-03  0.0000000E+00  0.1000000E+01
         1   250      7  0.2812407E-03  0.0000000E+00  0.1000000E+01
         1   250      8  0.3210208E-03  0.0000000E+00  0.9999999E+00
         1   250      9  0.3607164E-03  0.0000000E+00  0.9999999E+00
         1   250     10 -0.1891829E-02  0.0000000E+00  0.9999982E+00

         1   251      0  0.0000000E+00  0.0000000E+00  0.0000000E+00
         1   251      1  0.4057708E-06  0.0000000E+00  0.1000000E+01
         1   251      2  0.8106986E-04  0.0000000E+00  0.1000000E+01
         1   251      3  0.1212740E-03  0.0000000E+00  0.1000000E+01
         1   251      4  0.1613929E-03  0.0000000E+00  0.1000000E+01
         1   251      5  0.2014270E-03  0.0000000E+00  0.1000000E+01
         1   251      6  0.2413762E-03  0.0000000E+00  0.1000000E+01
         1   251      7  0.2812407E-03  0.0000000E+00  0.1000000E+01
         1   251      8  0.3210208E-03  0.0000000E+00  0.9999999E+00
         1   251      9  0.3607164E-03  0.0000000E+00  0.9999999E+00
         1   251     10 -0.1891829E-02  0.0000000E+00  0.9999982E+00

         1   252      0  0.0000000E+00  0.0000000E+00  0.0000000E+00
         1   252      1  0.4057708E-06  0.0000000E+00  0.1000000E+01
         1   252      2  0.2992476E-04  0.0000000E+00  0.1000000E+01
         1   252      3  0.4458755E-04  0.0000000E+00  0.1000000E+01
         1   252      4  0.5918598E-04  0.0000000E+00  0.1000000E+01
         1   252      5  0.7372015E-04  0.0000000E+00  0.1000000E+01
         1   252      6  0.8819015E-04  0.0000000E+00  0.1000000E+01
         1   252      7  0.1025961E-03  0.0000000E+00  0.1000000E+01
         1   252      8  0.1169380E-03  0.0000000E+00  0.1000000E+01
         1   252      9  0.1312160E-03  0.0000000E+00  0.1000000E+01
         1   252     10 -0.2189941E-02  0.0000000E+00  0.9999976E+00

         1   253      0  0.0000000E+00  0.0000000E+00  0.0000000E+00
         1   253      1  0.4057708E-06  0.0000000E+00  0.1000000E+01
         1   253      2 -0.2247008E-04  0.0000000E+00  0.1000000E+01
         1   253      3 -0.3397304E-04  0.0000000E+00  0.1000000E+01
         1   253      4 -0.4551933E-04  0.0000000E+00  0.1000000E+01
         1   253      5 -0.5710892E-04  0.0000000E+00  0.1000000E+01
         1   253      6 -0.6874176E-04  0.0000000E+00  0.1000000E+01
         1   253      7 -0.8041785E-04  0.0000000E+00  0.1000000E+01
         1   253      8 -0.9213714E-04  0.0000000E+00  0.1000000E+01
         1   253      9 -0.1038996E-03  0.0000000E+00  0.1000000E+01
         1   253     10 -0.2493524E-02  0.0000000E+00  0.9999969E+00

         1   254      0  0.0000000E+00  0.0000000E+00  0.0000000E+00
         1   254      1  0.4057708E-06  0.0000000E+00  0.1000000E+01
         1   254      2 -0.2247008E-04  0.0000000E+00  0.1000000E+01
         1   254      3 -0.3397304E-04  0.0000000E+00  0.1000000E+01
         1   254      4 -0.4551933E-04  0.0000000E+00  0.1000000E+01
         1   254      5 -0.5710892E-04  0.0000000E+00  0.1000000E+01
         1   254      6 -0.6874176E-04  0.0000000E+00  0.1000000E+01
         1   254      7 -0.8041785E-04  0.0000000E+00  0.1000000E+01
         1   254      8 -0.9213714E-04  0.0000000E+00  0.1000000E+01
         1   254      9 -0.1038996E-03  0.0000000E+00  0.1000000E+01
         1   254     10 -0.2493524E-02  0.0000000E+00  0.9999969E+00

         1   255      0  0.0000000E+00  0.0000000E+00  0.0000000E+00
         1   255      1  0.4057708E-06  0.0000000E+00  0.1000000E+01
         1   255      2 -0.2247008E-04  0.0000000E+00  0.1000000E+01
         1   255      3 -0.3397304E-04  0.0000000E+00  0.1000000E+01
         1   255      4 -0.4551933E-04  0.0000000E+00  0.1000000E+01
         1   255      5 -0.5710892E-04  0.0000000E+00  0.1000000E+01
         1   255      6 -0.6874176E-04  0.0000000E+00  0.1000000E+01
         1   255      7 -0.8041785E-04  0.0000000E+00  0.1000000E+01
         1   255      8 -0.9213714E-04  0.0000000E+00  0.1000000E+01
         1   255      9 -0.1038996E-03  0.0000000E+00  0.1000000E+01
         1   255     10 -0.2493524E-02  0.0000000E+00  0.9999969E+00

         1   256      0  0.0000000E+00  0.0000000E+00  0.0000000E+00
         1   256      1  0.4057708E-06  0.0000000E+00  0.1000000E+01
         1   256      2 -0.2247008E-04  0.0000000E+00  0.1000000E+01
         1   256      3 -0.3397304E-04  0.0000000E+00  0.1000000E+01
         1   256      4 -0.4551933E-04  0.0000000E+00  0.1000000E+01
         1   256      5 -0.5710892E-04  0.0000000E+00  0.1000000E+01
         1   256      6 -0.6874176E-04  0.0000000E+00  0.1000000E+01
         1   256      7 -0.8041785E-04  0.0000000E+00  0.1000000E+01
         1   256      8 -0.9213714E-04  0.0000000E+00  0.1000000E+01
         1   256      9 -0.1038996E-03  0.0000000E+00  0.1000000E+01
         1   256     10 -0.2493524E-02  0.0000000E+00  0.9999969E+00

         1   257      0  0.0000000E+00  0.0000000E+00  0.0000000E+00
         1   257      1  0.4234130E-06  0.0000000E+00  0.1000000E+01
         1   257      2 -0.2252967E-04  0.0000000E+00  0.1000000E+01
         1   257      3 -0.3407120E-04  0.0000000E+00  0.1000000E+01
         1   257      4 -0.4565604E-04  0.0000000E+00  0.1000000E+01
         1   257      5 -0.5728413E-04  0.0000000E+00  0.1000000E+01
         1   257      6 -0.6895546E-04  0.0000000E+00  0.1000000E+01
         1   257      7 -0.8067000E-04  0.0000000E+00  0.1000000E+01
         1   257      8 -0.9242772E-04  0.0000000E+00  0.1000000E+01
         1   257      9 -0.1042286E-03  0.0000000E+00  0.1000000E+01
         1   257     10 -0.2491190E-02  0.0000000E+00  0.9999969E+00

         1   258      0  0.0000000E+00  0.0000000E+00  0.0000000E+00
         1   258      1  0.4234130E-06  0.0000000E+00  0.1000000E+01
         1   258      2 -0.2252967E-04  0.0000000E+00  0.1000000E+01
         1   258      3 -0.3407120E-04  0.0000000E+00  0.1000000E+01
         1   258      4 -0.4565604E-04  0.0000000E+00  0.1000000E+01
         1   258      5 -0.5728413E-04  0.0000000E+00  0.1000000E+01
         1   258      6 -0.6895546E-04  0.0000000E+00  0.1000000E+01
         1   258      7 -0.8067000E-04  0.0000000E+00  0.1000000E+01
         1   258      8 -0.9242772E-04  0.0000000E+00  0.1000000E+01
         1   258      9 -0.1042286E-03  0.0000000E+00  0.1000000E+01
         1   258     10 -0.2491190E-02  0.0000000E+00  0.9999969E+00

         1   259      0  0.0000000E+00  0.0000000E+00  0.0000000E+00
         1   259      1  0.4234130E-06  0.0000000E+00  0.1000000E+01
         1   259      2 -0.2246538E-04  0.0000000E+00  0.1000000E+01
         1   259      3 -0.3392667E-04  0.0000000E+00  0.1000000E+01
         1   259      4 -0.4539926E-04  0.0000000E+00  0.1000000E+01
         1   259      5 -0.5688319E-04  0.0000000E+00  0.1000000E+01
         1   259      6 -0.6837851E-04  0.0000000E+00  0.1000000E+01
         1   259      7 -0.7988524E-04  0.0000000E+00  0.1000000E+01
         1   259      8 -0.9140342E-04  0.0000000E+00  0.1000000E+01
         1   259      9 -0.1029331E-03  0.0000000E+00  0.1000000E+01
         1   259     10 -0.2488963E-02  0.0000000E+00  0.9999969E+00

         1   260      0  0.0000000E+00  0.0000000E+00  0.0000000E+00
         1   260      1  0.4234130E-06  0.0000000E+00  0.1000000E+01
         1   260      2 -0.2246538E-04  0.0000000E+00  0.1000000E+01
         1   260      3 -0.3392667E-04  0.0000000E+00  0.1000000E+01
         1   260      4 -0.4539926E-04  0.0000000E+00  0.1000000E+01
         1   260      5 -0.5688319E-04  0.0000000E+00  0.1000000E+01
         1   260      6 -0.6837851E-04  0.0000000E+00  0.1000000E+01
         1   260      7 -0.7988524E-04  0.0000000E+00  0.1000000E+01
         1   260      8 -0.9140342E-04  0.0000000E+00  0.1000000E+01
         1   260      9 -0.1029331E-03  0.0000000E+00  0.1000000E+01
         1   260     10 -0.2488963E-02  0.0000000E+00  0.9999969E+00

         1   261      0  0.0000000E+00  0.0000000E+00  0.0000000E+00
         1   261      1  0.4234130E-06  0.0000000E+00  0.1000000E+01
         1   261      2  0.1483319E-04  0.0000000E+00  0.1000000E+01
         1   261      3  0.2200311E-04  0.0000000E+00  0.1000000E+01
         1   261      4  0.2914970E-04  0.0000000E+00  0.1000000E+01
         1   261      5  0.3627296E-04  0.0000000E+00  0.1000000E+01
         1   261      6  0.4337288E-04  0.0000000E+00  0.1000000E+01
         1   261      7  0.5044945E-04  0.0000000E+00  0.1000000E+01
         1   261      8  0.5750265E-04  0.0000000E+00  0.1000000E+01
         1   261      9  0.6453248E-04  0.0000000E+00  0.1000000E+01
         1   261     10 -0.2266204E-02  0.0000000E+00  0.9999974E+00

         1   262      0  0.0000000E+00  0.0000000E+00  0.0000000E+00
         1   262      1  0.4234130E-06  0.0000000E+00  0.1000000E+01
         1   262      2  0.5260198E-04  0.0000000E+00  0.1000000E+01
         1   262      3  0.7863895E-04  0.0000000E+00  0.1000000E+01
         1   262      4  0.1046411E-03  0.0000000E+00  0.1000000E+01
         1   262      5  0.1306083E-03  0.0000000E+00  0.1000000E+01
         1   262      6  0.1565408E-03  0.0000000E+00  0.1000000E+01
         1   262      7  0.1824384E-03  0.0000000E+00  0.1000000E+01
         1   262      8  0.2083013E-03  0.0000000E+00  0.1000000E+01
         1   262      9  0.2341294E-03  0.0000000E+00  0.1000000E+01
         1   262     10 -0.2037830E-02  0.0000000E+00  0.9999979E+00

         1   263      0  0.0000000E+00  0.0000000E+00  0.0000000E+00
         1   263      1  0.4234130E-06  0.0000000E+00  0.1000000E+01
         1   263      2  0.5260198E-04  0.0000000E+00  0.1000000E+01
         1   263      3  0.7863895E-04  0.0000000E+00  0.1000000E+01
         1   263      4  0.1046411E-03  0.0000000E+00  0.1000000E+01
         1   263      5  0.1306083E-03  0.0000000E+00  0.1000000E+01
         1   263      6  0.1565408E-03  0.0000000E+00  0.1000000E+01
         1   263      7  0.1824384E-03  0.0000000E+00  0.1000000E+01
         1   263      8  0.2083013E-03  0.0000000E+00  0.1000000E+01
         1   263      9  0.2341294E-03  0.0000000E+00  0.1000000E+01
         1   263     10 -0.2037830E-02  0.0000000E+00  0.9999979E+00

         1   264      0  0.0000000E+00  0.0000000E+00  0.0000000E+00
         1   264      1  0.4234130E-06  0.0000000E+00  0.1000000E+01
         1   264      2  0.5260198E-04  0.0000000E+00  0.1000000E+01
         1   264      3  0.7863895E-04  0.0000000E+00  0.1000000E+01
         1   264      4  0.1046411E-03  0.0000000E+00  0.1000000E+01
         1   264      5  0.1306083E-03  0.0000000E+00  0.1000000E+01
         1   264      6  0.1565408E-03  0.0000000E+00  0.1000000E+01
         1   264      7  0.1824384E-03  0.0000000E+00  0.1000000E+01
         1   264      8  0.2083013E-03  0.0000000E+00  0.1000000E+01
         1   264      9  0.2341294E-03  0.0000000E+00  0.1000000E+01
         1   264     10 -0.2037830E-02  0.0000000E+00  0.9999979E+00

         1   265      0  0.0000000E+00  0.0000000E+00  0.0000000E+00
         1   265      1  0.4234130E-06  0.0000000E+00  0.1000000E+01
         1   265      2  0.5260198E-04  0.0000000E+00  0.1000000E+01
         1   265      3  0.7863895E-04  0.0000000E+00  0.1000000E+01
         1   265      4  0.1046411E-03  0.0000000E+00  0.1000000E+01
         1   265      5  0.1306083E-03  0.0000000E+00  0.1000000E+01
         1   265      6  0.1565408E-03  0.0000000E+00  0.1000000E+01
         1   265      7  0.1824384E-03  0.0000000E+00  0.1000000E+01
         1   265      8  0.2083013E-03  0.0000000E+00  0.1000000E+01
         1   265      9  0.2341294E-03  0.0000000E+00  0.1000000E+01
         1   265     10 -0.2037830E-02  0.0000000E+00  0.9999979E+00

         1   266      0  0.0000000E+00  0.0000000E+00  0.0000000E+00
         1   266      1  0.4410552E-06  0.0000000E+00  0.1000000E+01
         1   266      2  0.5253041E-04  0.0000000E+00  0.1000000E+01
         1   266      3  0.7852280E-04  0.0000000E+00  0.1000000E+01
         1   266      4  0.1044804E-03  0.0000000E+00  0.1000000E+01
         1   266      5  0.1304031E-03  0.0000000E+00  0.1000000E+01
         1   266      6  0.1562911E-03  0.0000000E+00  0.1000000E+01
         1   266      7  0.1821442E-03  0.0000000E+00  0.1000000E+01
         1   266      8  0.2079626E-03  0.0000000E+00  0.1000000E+01
         1   266      9  0.2337462E-03  0.0000000E+00  0.1000000E+01
         1   266     10 -0.2035639E-02  0.0000000E+00  0.9999979E+00

         1   267      0  0.0000000E+00  0.0000000E+00  0.0000000E+00
         1   267      1  0.4410552E-06  0.0000000E+00  0.1000000E+01
         1   267      2  0.5253041E-04  0.0000000E+00  0.1000000E+01
         1   267      3  0.7852280E-04  0.0000000E+00  0.1000000E+01
         1   267      4  0.1044804E-03  0.0000000E+00  0.1000000E+01
         1   267      5  0.1304031E-03  0.0000000E+00  0.1000000E+01
         1   267      6  0.1562911E-03  0.0000000E+00  0.1000000E+01
         1   267      7  0.1821442E-03  0.0000000E+00  0.1000000E+01
         1   267      8  0.2079626E-03  0.0000000E+00  0.1000000E+01
         1   267      9  0.2337462E-03  0.0000000E+00  0.1000000E+01
         1   267     10 -0.2035639E-02  0.0000000E+00  0.9999979E+00

         1   268      0  0.0000000E+00  0.0000000E+00  0.0000000E+00
         1   268      1  0.4410552E-06  0.0000000E+00  0.1000000E+01
         1   268      2  0.5237145E-04  0.0000000E+00  0.1000000E+01
         1   268      3  0.7816528E-04  0.0000000E+00  0.1000000E+01
         1   268      4  0.1038450E-03  0.0000000E+00  0.1000000E+01
         1   268      5  0.1294107E-03  0.0000000E+00  0.1000000E+01
         1   268      6  0.1548625E-03  0.0000000E+00  0.1000000E+01
         1   268      7  0.1802004E-03  0.0000000E+00  0.1000000E+01
         1   268      8  0.2054247E-03  0.0000000E+00  0.1000000E+01
         1   268      9  0.2305353E-03  0.0000000E+00  0.1000000E+01
         1   268     10 -0.2043379E-02  0.0000000E+00  0.9999979E+00

         1   269      0  0.0000000E+00  0.0000000E+00  0.0000000E+00
         1   269      1  0.4410552E-06  0.0000000E+00  0.1000000E+01
         1   269      2  0.5237145E-04  0.0000000E+00  0.1000000E+01
         1   269      3  0.7816528E-04  0.0000000E+00  0.1000000E+01
         1   269      4  0.1038450E-03  0.0000000E+00  0.1000000E+01
         1   269      5  0.1294107E-03  0.0000000E+00  0.1000000E+01
         1   269      6  0.1548625E-03  0.0000000E+00  0.1000000E+01
         1   269      7  0.1802004E-03  0.0000000E+00  0.1000000E+01
         1   269      8  0.2054247E-03  0.0000000E+00  0.1000000E+01
         1   269      9  0.2305353E-03  0.0000000E+00  0.1000000E+01
         1   269     10 -0.2043379E-02  0.0000000E+00  0.9999979E+00

         1   270      0  0.0000000E+00  0.0000000E+00  0.0000000E+00
         1   270      1  0.4410552E-06  0.0000000E+00  0.1000000E+01
         1   270      2 -0.1390575E-04  0.0000000E+00  0.1000000E+01
         1   270      3 -0.2123211E-04  0.0000000E+00  0.1000000E+01
         1   270      4 -0.2866033E-04  0.0000000E+00  0.1000000E+01
         1   270      5 -0.3619032E-04  0.0000000E+00  0.1000000E+01
         1   270      6 -0.4382200E-04  0.0000000E+00  0.1000000E+01
         1   270      7 -0.5155529E-04  0.0000000E+00  0.1000000E+01
         1   270      8 -0.5939009E-04  0.0000000E+00  0.1000000E+01
         1   270      9 -0.6732632E-04  0.0000000E+00  0.1000000E+01
         1   270     10 -0.2512486E-02  0.0000000E+00  0.9999968E+00

         1   271      0  0.0000000E+00  0.0000000E+00  0.0000000E+00
         1   271      1  0.4410552E-06  0.0000000E+00  0.1000000E+01
         1   271      2 -0.7939449E-04  0.0000000E+00  0.1000000E+01
         1   271      3 -0.1194462E-03  0.0000000E+00  0.1000000E+01
         1   271      4 -0.1595871E-03  0.0000000E+00  0.1000000E+01
         1   271      5 -0.1998172E-03  0.0000000E+00  0.1000000E+01
         1   271      6 -0.2401363E-03  0.0000000E+00  0.1000000E+01
         1   271      7 -0.2805444E-03  0.0000000E+00  0.1000000E+01
         1   271      8 -0.3210414E-03  0.0000000E+00  0.9999999E+00
         1   271      9 -0.3616272E-03  0.0000000E+00  0.9999999E+00
         1   271     10 -0.2981556E-02  0.0000000E+00  0.9999956E+00

         1   272      0  0.0000000E+00  0.0000000E+00  0.0000000E+00
         1   272      1  0.4410552E-06  0.0000000E+00  0.1000000E+01
         1   272      2 -0.7939449E-04  0.0000000E+00  0.1000000E+01
         1   272      3 -0.1194462E-03  0.0000000E+00  0.1000000E+01
         1   272      4 -0.1595871E-03  0.0000000E+00  0.1000000E+01
         1   272      5 -0.1998172E-03  0.0000000E+00  0.1000000E+01
         1   272      6 -0.2401363E-03  0.0000000E+00  0.1000000E+01
         1   272      7 -0.2805444E-03  0.0000000E+00  0.1000000E+01
         1   272      8 -0.3210414E-03  0.0000000E+00  0.9999999E+00
         1   272      9 -0.3616272E-03  0.0000000E+00  0.9999999E+00
         1   272     10 -0.2981556E-02  0.0000000E+00  0.9999956E+00

         1   273      0  0.0000000E+00  0.0000000E+00  0.0000000E+00
         1   273      1  0.4410552E-06  0.0000000E+00  0.1000000E+01
         1   273      2 -0.7939449E-04  0.0000000E+00  0.1000000E+01
         1   273      3 -0.1194462E-03  0.0000000E+00  0.1000000E+01
         1   273      4 -0.1595871E-03  0.0000000E+00  0.1000000E+01
         1   273      5 -0.1998172E-03  0.0000000E+00  0.1000000E+01
         1   273      6 -0.2401363E-03  0.0000000E+00  0.1000000E+01
         1   273      7 -0.2805444E-03  0.0000000E+00  0.1000000E+01
         1   273      8 -0.3210414E-03  0.0000000E+00  0.9999999E+00
         1   273      9 -0.3616272E-03  0.0000000E+00  0.9999999E+00
         1   273     10 -0.2981556E-02  0.0000000E+00  0.9999956E+00

         1   274      0  0.0000000E+00  0.0000000E+00  0.0000000E+00
         1   274      1  0.4410552E-06  0.0000000E+00  0.1000000E+01
         1   274      2 -0.7939449E-04  0.0000000E+00  0.1000000E+01
         1   274      3 -0.1194462E-03  0.0000000E+00  0.1000000E+01
         1   274      4 -0.1595871E-03  0.0000000E+00  0.1000000E+01
         1   274      5 -0.1998172E-03  0.0000000E+00  0.1000000E+01
         1   274      6 -0.2401363E-03  0.0000000E+00  0.1000000E+01
         1   274      7 -0.2805444E-03  0.0000000E+00  0.1000000E+01
         1   274      8 -0.3210414E-03  0.0000000E+00  0.9999999E+00
         1   274      9 -0.3616272E-03  0.0000000E+00  0.9999999E+00
         1   274     10 -0.2981556E-02  0.0000000E+00  0.9999956E+00

         1   275      0  0.0000000E+00  0.0000000E+00  0.0000000E+00
         1   275      1  0.4586974E-06  0.0000000E+00  0.1000000E+01
         1   275      2 -0.7944826E-04  0.0000000E+00  0.1000000E+01
         1   275      3 -0.1195357E-03  0.0000000E+00  0.1000000E+01
         1   275      4 -0.1597122E-03  0.0000000E+00  0.1000000E+01
         1   275      5 -0.1999779E-03  0.0000000E+00  0.1000000E+01
         1   275      6 -0.2403326E-03  0.0000000E+00  0.1000000E+01
         1   275      7 -0.2807763E-03  0.0000000E+00  0.1000000E+01
         1   275      8 -0.3213089E-03  0.0000000E+00  0.9999999E+00
         1   275      9 -0.3619303E-03  0.0000000E+00  0.9999999E+00
         1   275     10 -0.2979366E-02  0.0000000E+00  0.9999956E+00

         1   276      0  0.0000000E+00  0.0000000E+00  0.0000000E+00
         1   276      1  0.4586974E-06  0.0000000E+00  0.1000000E+01
         1   276      2 -0.7944826E-04  0.0000000E+00  0.1000000E+01
         1   276      3 -0.1195357E-03  0.0000000E+00  0.1000000E+01
         1   276      4 -0.1597122E-03  0.0000000E+00  0.1000000E+01
         1   276      5 -0.1999779E-03  0.0000000E+00  0.1000000E+01
         1   276      6 -0.2403326E-03  0.0000000E+00  0.1000000E+01
         1   276      7 -0.2807763E-03  0.0000000E+00  0.1000000E+01
         1   276      8 -0.3213089E-03  0.0000000E+00  0.9999999E+00
         1   276      9 -0.3619303E-03  0.0000000E+00  0.9999999E+00
         1   276     10 -0.2979366E-02  0.0000000E+00  0.9999956E+00

         1   277      0  0.0000000E+00  0.0000000E+00  0.0000000E+00
         1   277      1  0.4586974E-06  0.0000000E+00  0.1000000E+01
         1   277      2 -0.7942610E-04  0.0000000E+00  0.1000000E+01
         1   277      3 -0.1194858E-03  0.0000000E+00  0.1000000E+01
         1   277      4 -0.1596237E-03  0.0000000E+00  0.1000000E+01
         1   277      5 -0.1998398E-03  0.0000000E+00  0.1000000E+01
         1   277      6 -0.2401339E-03  0.0000000E+00  0.1000000E+01
         1   277      7 -0.2805061E-03  0.0000000E+00  0.1000000E+01
         1   277      8 -0.3209563E-03  0.0000000E+00  0.9999999E+00
         1   277      9 -0.3614844E-03  0.0000000E+00  0.9999999E+00
         1   277     10 -0.2976749E-02  0.0000000E+00  0.9999956E+00

         1   278      0  0.0000000E+00  0.0000000E+00  0.0000000E+00
         1   278      1  0.4586974E-06  0.0000000E+00  0.1000000E+01
         1   278      2 -0.7942610E-04  0.0000000E+00  0.1000000E+01
         1   278      3 -0.1194858E-03  0.0000000E+00  0.1000000E+01
         1   278      4 -0.1596237E-03  0.0000000E+00  0.1000000E+01
         1   278      5 -0.1998398E-03  0.0000000E+00  0.1000000E+01
         1   278      6 -0.2401339E-03  0.0000000E+00  0.1000000E+01
         1   278      7 -0.2805061E-03  0.0000000E+00  0.1000000E+01
         1   278      8 -0.3209563E-03  0.0000000E+00  0.9999999E+00
         1   278      9 -0.3614844E-03  0.0000000E+00  0.9999999E+00
         1   278     10 -0.2976749E-02  0.0000000E+00  0.9999956E+00

         1   279      0  0.0000000E+00  0.0000000E+00  0.0000000E+00
         1   279      1  0.4586974E-06  0.0000000E+00  0.1000000E+01
         1   279      2 -0.6066035E-04  0.0000000E+00  0.1000000E+01
         1   279      3 -0.9135307E-04  0.0000000E+00  0.1000000E+01
         1   279      4 -0.1221345E-03  0.0000000E+00  0.1000000E+01
         1   279      5 -0.1530047E-03  0.0000000E+00  0.1000000E+01
         1   279      6 -0.1839636E-03  0.0000000E+00  0.1000000E+01
         1   279      7 -0.2150111E-03  0.0000000E+00  0.1000000E+01
         1   279      8 -0.2461472E-03  0.0000000E+00  0.1000000E+01
         1   279      9 -0.2773718E-03  0.0000000E+00  0.1000000E+01
         1   279     10 -0.2748190E-02  0.0000000E+00  0.9999962E+00

         1   280      0  0.0000000E+00  0.0000000E+00  0.0000000E+00
         1   280      1  0.4586974E-06  0.0000000E+00  0.1000000E+01
         1   280      2 -0.4445629E-04  0.0000000E+00  0.1000000E+01
         1   280      3 -0.6706306E-04  0.0000000E+00  0.1000000E+01
         1   280      4 -0.8976931E-04  0.0000000E+00  0.1000000E+01
         1   280      5 -0.1125750E-03  0.0000000E+00  0.1000000E+01
         1   280      6 -0.1354801E-03  0.0000000E+00  0.1000000E+01
         1   280      7 -0.1584846E-03  0.0000000E+00  0.1000000E+01
         1   280      8 -0.1815885E-03  0.0000000E+00  0.1000000E+01
         1   280      9 -0.2047917E-03  0.0000000E+00  0.1000000E+01
         1   280     10 -0.2525189E-02  0.0000000E+00  0.9999968E+00

         1   281      0  0.0000000E+00  0.0000000E+00  0.0000000E+00
         1   281      1  0.4586974E-06  0.0000000E+00  0.1000000E+01
         1   281      2 -0.4445629E-04  0.0000000E+00  0.1000000E+01
         1   281      3 -0.6706306E-04  0.0000000E+00  0.1000000E+01
         1   281      4 -0.8976931E-04  0.0000000E+00  0.1000000E+01
         1   281      5 -0.1125750E-03  0.0000000E+00  0.1000000E+01
         1   281      6 -0.1354801E-03  0.0000000E+00  0.1000000E+01
         1   281      7 -0.1584846E-03  0.0000000E+00  0.1000000E+01
         1   281      8 -0.1815885E-03  0.0000000E+00  0.1000000E+01
         1   281      9 -0.2047917E-03  0.0000000E+00  0.1000000E+01
         1   281     10 -0.2525189E-02  0.0000000E+00  0.9999968E+00

         1   282      0  0.0000000E+00  0.0000000E+00  0.0000000E+00
         1   282      1  0.4586974E-06  0.0000000E+00  0.1000000E+01
         1   282      2 -0.4445629E-04  0.0000000E+00  0.1000000E+01
         1   282      3 -0.6706306E-04  0.0000000E+00  0.1000000E+01
         1   282      4 -0.8976931E-04  0.0000000E+00  0.1000000E+01
         1   282      5 -0.1125750E-03  0.0000000E+00  0.1000000E+01
         1   282      6 -0.1354801E-03  0.0000000E+00  0.1000000E+01
         1   282      7 -0.1584846E-03  0.0000000E+00  0.1000000E+01
         1   282      8 -0.1815885E-03  0.0000000E+00  0.1000000E+01
         1   282      9 -0.2047917E-03  0.0000000E+00  0.1000000E+01
         1   282     10 -0.2525189E-02  0.0000000E+00  0.9999968E+00

         1   283      0  0.0000000E+00  0.0000000E+00  0.0000000E+00
         1   283      1  0.4586974E-06  0.0000000E+00  0.1000000E+01
         1   283      2 -0.4445629E-04  0.0000000E+00  0.1000000E+01
         1   283      3 -0.6706306E-04  0.0000000E+00  0.1000000E+01
         1   283      4 -0.8976931E-04  0.0000000E+00  0.1000000E+01
         1   283      5 -0.1125750E-03  0.0000000E+00  0.1000000E+01
         1   283      6 -0.1354801E-03  0.0000000E+00  0.1000000E+01
         1   283      7 -0.1584846E-03  0.0000000E+00  0.1000000E+01
         1   283      8 -0.1815885E-03  0.0000000E+00  0.1000000E+01
         1   283      9 -0.2047917E-03  0.0000000E+00  0.1000000E+01
         1   283     10 -0.2525189E-02  0.0000000E+00  0.9999968E+00

         1   284      0  0.0000000E+00  0.0000000E+00  0.0000000E+00
         1   284      1  0.4763396E-06  0.0000000E+00  0.1000000E+01
         1   284      2 -0.4444476E-04  0.0000000E+00  0.1000000E+01
         1   284      3 -0.6705455E-04  0.0000000E+00  0.1000000E+01
         1   284      4 -0.8976380E-04  0.0000000E+00  0.1000000E+01
         1   284      5 -0.1125725E-03  0.0000000E+00  0.1000000E+01
         1   284      6 -0.1354805E-03  0.0000000E+00  0.1000000E+01
         1   284      7 -0.1584879E-03  0.0000000E+00  0.1000000E+01
         1   284      8 -0.1815947E-03  0.0000000E+00  0.1000000E+01
         1   284      9 -0.2048007E-03  0.0000000E+00  0.1000000E+01
         1   284     10 -0.2522856E-02  0.0000000E+00  0.9999968E+00

         1   285      0  0.0000000E+00  0.0000000E+00  0.0000000E+00
         1   285      1  0.4763396E-06  0.0000000E+00  0.1000000E+01
         1   285      2 -0.4444476E-04  0.0000000E+00  0.1000000E+01
         1   285      3 -0.6705455E-04  0.0000000E+00  0.1000000E+01
         1   285      4 -0.8976380E-04  0.0000000E+00  0.1000000E+01
         1   285      5 -0.1125725E-03  0.0000000E+00  0.1000000E+01
         1   285      6 -0.1354805E-03  0.0000000E+00  0.1000000E+01
         1   285      7 -0.1584879E-03  0.0000000E+00  0.1000000E+01
         1   285      8 -0.1815947E-03  0.0000000E+00  0.1000000E+01
         1   285      9 -0.2048007E-03  0.0000000E+00  0.1000000E+01
         1   285     10 -0.2522856E-02  0.0000000E+00  0.9999968E+00

         1   286      0  0.0000000E+00  0.0000000E+00  0.0000000E+00
         1   286      1  0.4763396E-06  0.0000000E+00  0.1000000E+01
         1   286      2 -0.4444531E-04  0.0000000E+00  0.1000000E+01
         1   286      3 -0.6705579E-04  0.0000000E+00  0.1000000E+01
         1   286      4 -0.8976601E-04  0.0000000E+00  0.1000000E+01
         1   286      5 -0.1125759E-03  0.0000000E+00  0.1000000E+01
         1   286      6 -0.1354856E-03  0.0000000E+00  0.1000000E+01
         1   286      7 -0.1584948E-03  0.0000000E+00  0.1000000E+01
         1   286      8 -0.1816037E-03  0.0000000E+00  0.1000000E+01
         1   286      9 -0.2048122E-03  0.0000000E+00  0.1000000E+01
         1   286     10 -0.2523662E-02  0.0000000E+00  0.9999968E+00

         1   287      0  0.0000000E+00  0.0000000E+00  0.0000000E+00
         1   287      1  0.4763396E-06  0.0000000E+00  0.1000000E+01
         1   287      2 -0.4444531E-04  0.0000000E+00  0.1000000E+01
         1   287      3 -0.6705579E-04  0.0000000E+00  0.1000000E+01
         1   287      4 -0.8976601E-04  0.0000000E+00  0.1000000E+01
         1   287      5 -0.1125759E-03  0.0000000E+00  0.1000000E+01
         1   287      6 -0.1354856E-03  0.0000000E+00  0.1000000E+01
         1   287      7 -0.1584948E-03  0.0000000E+00  0.1000000E+01
         1   287      8 -0.1816037E-03  0.0000000E+00  0.1000000E+01
         1   287      9 -0.2048122E-03  0.0000000E+00  0.1000000E+01
         1   287     10 -0.2523662E-02  0.0000000E+00  0.9999968E+00

         1   288      0  0.0000000E+00  0.0000000E+00  0.0000000E+00
         1   288      1  0.4763396E-06  0.0000000E+00  0.1000000E+01
         1   288      2 -0.3423951E-04  0.0000000E+00  0.1000000E+01
         1   288      3 -0.5171843E-04  0.0000000E+00  0.1000000E+01
         1   288      4 -0.6927793E-04  0.0000000E+00  0.1000000E+01
         1   288      5 -0.8691796E-04  0.0000000E+00  0.1000000E+01
         1   288      6 -0.1046385E-03  0.0000000E+00  0.1000000E+01
         1   288      7 -0.1224393E-03  0.0000000E+00  0.1000000E+01
         1   288      8 -0.1403206E-03  0.0000000E+00  0.1000000E+01
         1   288      9 -0.1582821E-03  0.0000000E+00  0.1000000E+01
         1   288     10 -0.2828113E-02  0.0000000E+00  0.9999960E+00

         1   289      0  0.0000000E+00  0.0000000E+00  0.0000000E+00
         1   289      1  0.4763396E-06  0.0000000E+00  0.1000000E+01
         1   289      2 -0.2229653E-04  0.0000000E+00  0.1000000E+01
         1   289      3 -0.3377561E-04  0.0000000E+00  0.1000000E+01
         1   289      4 -0.4531633E-04  0.0000000E+00  0.1000000E+01
         1   289      5 -0.5691859E-04  0.0000000E+00  0.1000000E+01
         1   289      6 -0.6858230E-04  0.0000000E+00  0.1000000E+01
         1   289      7 -0.8030736E-04  0.0000000E+00  0.1000000E+01
         1   289      8 -0.9209368E-04  0.0000000E+00  0.1000000E+01
         1   289      9 -0.1039412E-03  0.0000000E+00  0.1000000E+01
         1   289     10 -0.3127093E-02  0.0000000E+00  0.9999951E+00

         1   290      0  0.0000000E+00  0.0000000E+00  0.0000000E+00
         1   290      1  0.4763396E-06  0.0000000E+00  0.1000000E+01
         1   290      2 -0.2229653E-04  0.0000000E+00  0.1000000E+01
         1   290      3 -0.3377561E-04  0.0000000E+00  0.1000000E+01
         1   290      4 -0.4531633E-04  0.0000000E+00  0.1000000E+01
         1   290      5 -0.5691859E-04  0.0000000E+00  0.1000000E+01
         1   290      6 -0.6858230E-04  0.0000000E+00  0.1000000E+01
         1   290      7 -0.8030736E-04  0.0000000E+00  0.1000000E+01
         1   290      8 -0.9209368E-04  0.0000000E+00  0.1000000E+01
         1   290      9 -0.1039412E-03  0.0000000E+00  0.1000000E+01
         1   290     10 -0.3127093E-02  0.0000000E+00  0.9999951E+00

         1   291      0  0.0000000E+00  0.0000000E+00  0.0000000E+00
         1   291      1  0.4763396E-06  0.0000000E+00  0.1000000E+01
         1   291      2 -0.2229653E-04  0.0000000E+00  0.1000000E+01
         1   291      3 -0.3377561E-04  0.0000000E+00  0.1000000E+01
         1   291      4 -0.4531633E-04  0.0000000E+00  0.1000000E+01
         1   291      5 -0.5691859E-04  0.0000000E+00  0.1000000E+01
         1   291      6 -0.6858230E-04  0.0000000E+00  0.1000000E+01
         1   291      7 -0.8030736E-04  0.0000000E+00  0.1000000E+01
         1   291      8 -0.9209368E-04  0.0000000E+00  0.1000000E+01
         1   291      9 -0.1039412E-03  0.0000000E+00  0.1000000E+01
         1   291     10 -0.3127093E-02  0.0000000E+00  0.9999951E+00

         1   292      0  0.0000000E+00  0.0000000E+00  0.0000000E+00
         1   292      1  0.4763396E-06  0.0000000E+00  0.1000000E+01
         1   292      2 -0.2229653E-04  0.0000000E+00  0.1000000E+01
         1   292      3 -0.3377561E-04  0.0000000E+00  0.1000000E+01
         1   292      4 -0.4531633E-04  0.0000000E+00  0.1000000E+01
         1   292      5 -0.5691859E-04  0.0000000E+00  0.1000000E+01
         1   292      6 -0.6858230E-04  0.0000000E+00  0.1000000E+01
         1   292      7 -0.8030736E-04  0.0000000E+00  0.1000000E+01
         1   292      8 -0.9209368E-04  0.0000000E+00  0.1000000E+01
         1   292      9 -0.1039412E-03  0.0000000E+00  0.1000000E+01
         1   292     10 -0.3127093E-02  0.0000000E+00  0.9999951E+00

         1   293      0  0.0000000E+00  0.0000000E+00  0.0000000E+00
         1   293      1  0.4939818E-06  0.0000000E+00  0.1000000E+01
         1   293      2 -0.2224577E-04  0.0000000E+00  0.1000000E+01
         1   293      3 -0.3370826E-04  0.0000000E+00  0.1000000E+01
         1   293      4 -0.4523236E-04  0.0000000E+00  0.1000000E+01
         1   293      5 -0.5681799E-04  0.0000000E+00  0.1000000E+01
         1   293      6 -0.6846504E-04  0.0000000E+00  0.1000000E+01
         1   293      7 -0.8017343E-04  0.0000000E+00  0.1000000E+01
         1   293      8 -0.9194305E-04  0.0000000E+00  0.1000000E+01
         1   293      9 -0.1037738E-03  0.0000000E+00  0.1000000E+01
         1   293     10 -0.3124637E-02  0.0000000E+00  0.9999951E+00

         1   294      0  0.0000000E+00  0.0000000E+00  0.0000000E+00
         1   294      1  0.4939818E-06  0.0000000E+00  0.1000000E+01
         1   294      2 -0.2224577E-04  0.0000000E+00  0.1000000E+01
         1   294      3 -0.3370826E-04  0.0000000E+00  0.1000000E+01
         1   294      4 -0.4523236E-04  0.0000000E+00  0.1000000E+01
         1   294      5 -0.5681799E-04  0.0000000E+00  0.1000000E+01
         1   294      6 -0.6846504E-04  0.0000000E+00  0.1000000E+01
         1   294      7 -0.8017343E-04  0.0000000E+00  0.1000000E+01
         1   294      8 -0.9194305E-04  0.0000000E+00  0.1000000E+01
         1   294      9 -0.1037738E-03  0.0000000E+00  0.1000000E+01
         1   294     10 -0.3124637E-02  0.0000000E+00  0.9999951E+00

         1   295      0  0.0000000E+00  0.0000000E+00  0.0000000E+00
         1   295      1  0.4939818E-06  0.0000000E+00  0.1000000E+01
         1   295      2 -0.2224577E-04  0.0000000E+00  0.1000000E+01
         1   295      3 -0.3370826E-04  0.0000000E+00  0.1000000E+01
         1   295      4 -0.4523236E-04  0.0000000E+00  0.1000000E+01
         1   295      5 -0.5681799E-04  0.0000000E+00  0.1000000E+01
         1   295      6 -0.6846504E-04  0.0000000E+00  0.1000000E+01
         1   295      7 -0.8017343E-04  0.0000000E+00  0.1000000E+01
         1   295      8 -0.9194305E-04  0.0000000E+00  0.1000000E+01
         1   295      9 -0.1037738E-03  0.0000000E+00  0.1000000E+01
         1   295     10 -0.3124637E-02  0.0000000E+00  0.9999951E+00

         1   296      0  0.0000000E+00  0.0000000E+00  0.0000000E+00
         1   296      1  0.4939818E-06  0.0000000E+00  0.1000000E+01
         1   296      2 -0.2224577E-04  0.0000000E+00  0.1000000E+01
         1   296      3 -0.3370826E-04  0.0000000E+00  0.1000000E+01
         1   296      4 -0.4523236E-04  0.0000000E+00  0.1000000E+01
         1   296      5 -0.5681799E-04  0.0000000E+00  0.1000000E+01
         1   296      6 -0.6846504E-04  0.0000000E+00  0.1000000E+01
         1   296      7 -0.8017343E-04  0.0000000E+00  0.1000000E+01
         1   296      8 -0.9194305E-04  0.0000000E+00  0.1000000E+01
         1   296      9 -0.1037738E-03  0.0000000E+00  0.1000000E+01
         1   296     10 -0.3124637E-02  0.0000000E+00  0.9999951E+00

         1   297      0  0.0000000E+00  0.0000000E+00  0.0000000E+00
         1   297      1  0.4939818E-06  0.0000000E+00  0.1000000E+01
         1   297      2 -0.4795667E-04  0.0000000E+00  0.1000000E+01
         1   297      3 -0.7228300E-04  0.0000000E+00  0.1000000E+01
         1   297      4 -0.9667658E-04  0.0000000E+00  0.1000000E+01
         1   297      5 -0.1211373E-03  0.0000000E+00  0.1000000E+01
         1   297      6 -0.1456652E-03  0.0000000E+00  0.1000000E+01
         1   297      7 -0.1702601E-03  0.0000000E+00  0.1000000E+01
         1   297      8 -0.1949219E-03  0.0000000E+00  0.1000000E+01
         1   297      9 -0.2196506E-03  0.0000000E+00  0.1000000E+01
         1   297     10 -0.3033586E-02  0.0000000E+00  0.9999954E+00

         1   298      0  0.0000000E+00  0.0000000E+00  0.0000000E+00
         1   298      1  0.4939818E-06  0.0000000E+00  0.1000000E+01
         1   298      2 -0.7572005E-04  0.0000000E+00  0.1000000E+01
         1   298      3 -0.1139354E-03  0.0000000E+00  0.1000000E+01
         1   298      4 -0.1522229E-03  0.0000000E+00  0.1000000E+01
         1   298      5 -0.1905825E-03  0.0000000E+00  0.1000000E+01
         1   298      6 -0.2290142E-03  0.0000000E+00  0.1000000E+01
         1   298      7 -0.2675179E-03  0.0000000E+00  0.1000000E+01
         1   298      8 -0.3060936E-03  0.0000000E+00  0.1000000E+01
         1   298      9 -0.3447412E-03  0.0000000E+00  0.9999999E+00
         1   298     10 -0.2951497E-02  0.0000000E+00  0.9999956E+00

         1   299      0  0.0000000E+00  0.0000000E+00  0.0000000E+00
         1   299      1  0.4939818E-06  0.0000000E+00  0.1000000E+01
         1   299      2 -0.7572005E-04  0.0000000E+00  0.1000000E+01
         1   299      3 -0.1139354E-03  0.0000000E+00  0.1000000E+01
         1   299      4 -0.1522229E-03  0.0000000E+00  0.1000000E+01
         1   299      5 -0.1905825E-03  0.0000000E+00  0.1000000E+01
         1   299      6 -0.2290142E-03  0.0000000E+00  0.1000000E+01
         1   299      7 -0.2675179E-03  0.0000000E+00  0.1000000E+01
         1   299      8 -0.3060936E-03  0.0000000E+00  0.1000000E+01
         1   299      9 -0.3447412E-03  0.0000000E+00  0.9999999E+00
         1   299     10 -0.2951497E-02  0.0000000E+00  0.9999956E+00

         1   300      0  0.0000000E+00  0.0000000E+00  0.0000000E+00
         1   300      1  0.4939818E-06  0.0000000E+00  0.1000000E+01
         1   300      2 -0.7572005E-04  0.0000000E+00  0.1000000E+01
         1   300      3 -0.1139354E-03  0.0000000E+00  0.1000000E+01
         1   300      4 -0.1522229E-03  0.0000000E+00  0.1000000E+01
         1   300      5 -0.1905825E-03  0.0000000E+00  0.1000000E+01
         1   300      6 -0.2290142E-03  0.0000000E+00  0.1000000E+01
         1   300      7 -0.2675179E-03  0.0000000E+00  0.1000000E+01
         1   300      8 -0.3060936E-03  0.0000000E+00  0.1000000E+01
         1   300      9 -0.3447412E-03  0.0000000E+00  0.9999999E+00
         1   300     10 -0.2951497E-02  0.0000000E+00  0.9999956E+00

         1   301      0  0.0000000E+00  0.0000000E+00  0.0000000E+00
         1   301      1  0.4939818E-06  0.0000000E+00  0.1000000E+01
         1   301      2 -0.7572005E-04  0.0000000E+00  0.1000000E+01
         1   301      3 -0.1139354E-03  0.0000000E+00  0.1000000E+01
         1   301      4 -0.1522229E-03  0.0000000E+00  0.1000000E+01
         1   301      5 -0.1905825E-03  0.0000000E+00  0.1000000E+01
         1   301      6 -0.2290142E-03  0.0000000E+00  0.1000000E+01
         1   301      7 -0.2675179E-03  0.0000000E+00  0.1000000E+01
         1   301      8 -0.3060936E-03  0.0000000E+00  0.1000000E+01
         1   301      9 -0.3447412E-03  0.0000000E+00  0.9999999E+00
         1   301     10 -0.2951497E-02  0.0000000E+00  0.9999956E+00

         1   302      0  0.0000000E+00  0.0000000E+00  0.0000000E+00
         1   302      1  0.5116241E-06  0.0000000E+00  0.1000000E+01
         1   302      2 -0.7561697E-04  0.0000000E+00  0.1000000E+01
         1   302      3 -0.1137896E-03  0.0000000E+00  0.1000000E+01
         1   302      4 -0.1520344E-03  0.0000000E+00  0.1000000E+01
         1   302      5 -0.1903513E-03  0.0000000E+00  0.1000000E+01
         1   302      6 -0.2287402E-03  0.0000000E+00  0.1000000E+01
         1   302      7 -0.2672012E-03  0.0000000E+00  0.1000000E+01
         1   302      8 -0.3057341E-03  0.0000000E+00  0.1000000E+01
         1   302      9 -0.3443390E-03  0.0000000E+00  0.9999999E+00
         1   302     10 -0.2948813E-02  0.0000000E+00  0.9999957E+00

         1   303      0  0.0000000E+00  0.0000000E+00  0.0000000E+00
         1   303      1  0.5116241E-06  0.0000000E+00  0.1000000E+01
         1   303      2 -0.7561697E-04  0.0000000E+00  0.1000000E+01
         1   303      3 -0.1137896E-03  0.0000000E+00  0.1000000E+01
         1   303      4 -0.1520344E-03  0.0000000E+00  0.1000000E+01
         1   303      5 -0.1903513E-03  0.0000000E+00  0.1000000E+01
         1   303      6 -0.2287402E-03  0.0000000E+00  0.1000000E+01
         1   303      7 -0.2672012E-03  0.0000000E+00  0.1000000E+01
         1   303      8 -0.3057341E-03  0.0000000E+00  0.1000000E+01
         1   303      9 -0.3443390E-03  0.0000000E+00  0.9999999E+00
         1   303     10 -0.2948813E-02  0.0000000E+00  0.9999957E+00

         1   304      0  0.0000000E+00  0.0000000E+00  0.0000000E+00
         1   304      1  0.5116241E-06  0.0000000E+00  0.1000000E+01
         1   304      2 -0.7561697E-04  0.0000000E+00  0.1000000E+01
         1   304      3 -0.1137896E-03  0.0000000E+00  0.1000000E+01
         1   304      4 -0.1520344E-03  0.0000000E+00  0.1000000E+01
         1   304      5 -0.1903513E-03  0.0000000E+00  0.1000000E+01
         1   304      6 -0.2287402E-03  0.0000000E+00  0.1000000E+01
         1   304      7 -0.2672012E-03  0.0000000E+00  0.1000000E+01
         1   304      8 -0.3057341E-03  0.0000000E+00  0.1000000E+01
         1   304      9 -0.3443390E-03  0.0000000E+00  0.9999999E+00
         1   304     10 -0.2948813E-02  0.0000000E+00  0.9999957E+00

         1   305      0  0.0000000E+00  0.0000000E+00  0.0000000E+00
         1   305      1  0.5116241E-06  0.0000000E+00  0.1000000E+01
         1   305      2 -0.7561697E-04  0.0000000E+00  0.1000000E+01
         1   305      3 -0.1137896E-03  0.0000000E+00  0.1000000E+01
         1   305      4 -0.1520344E-03  0.0000000E+00  0.1000000E+01
         1   305      5 -0.1903513E-03  0.0000000E+00  0.1000000E+01
         1   305      6 -0.2287402E-03  0.0000000E+00  0.1000000E+01
         1   305      7 -0.2672012E-03  0.0000000E+00  0.1000000E+01
         1   305      8 -0.3057341E-03  0.0000000E+00  0.1000000E+01
         1   305      9 -0.3443390E-03  0.0000000E+00  0.9999999E+00
         1   305     10 -0.2948813E-02  0.0000000E+00  0.9999957E+00

         1   306      0  0.0000000E+00  0.0000000E+00  0.0000000E+00
         1   306      1  0.5116241E-06  0.0000000E+00  0.1000000E+01
         1   306      2 -0.3030125E-05  0.0000000E+00  0.1000000E+01
         1   306      3 -0.4913312E-05  0.0000000E+00  0.1000000E+01
         1   306      4 -0.6871257E-05  0.0000000E+00  0.1000000E+01
         1   306      5 -0.8903871E-05  0.0000000E+00  0.1000000E+01
         1   306      6 -0.1101107E-04  0.0000000E+00  0.1000000E+01
         1   306      7 -0.1319275E-04  0.0000000E+00  0.1000000E+01
         1   306      8 -0.1544885E-04  0.0000000E+00  0.1000000E+01
         1   306      9 -0.1777926E-04  0.0000000E+00  0.1000000E+01
         1   306     10 -0.2982957E-02  0.0000000E+00  0.9999956E+00

         1   307      0  0.0000000E+00  0.0000000E+00  0.0000000E+00
         1   307      1  0.5116241E-06  0.0000000E+00  0.1000000E+01
         1   307      2  0.6984314E-04  0.0000000E+00  0.1000000E+01
         1   307      3  0.1043919E-03  0.0000000E+00  0.1000000E+01
         1   307      4  0.1388629E-03  0.0000000E+00  0.1000000E+01
         1   307      5  0.1732561E-03  0.0000000E+00  0.1000000E+01
         1   307      6  0.2075718E-03  0.0000000E+00  0.1000000E+01
         1   307      7  0.2418101E-03  0.0000000E+00  0.1000000E+01
         1   307      8  0.2759710E-03  0.0000000E+00  0.1000000E+01
         1   307      9  0.3100548E-03  0.0000000E+00  0.1000000E+01
         1   307     10 -0.3013730E-02  0.0000000E+00  0.9999955E+00

         1   308      0  0.0000000E+00  0.0000000E+00  0.0000000E+00
         1   308      1  0.5116241E-06  0.0000000E+00  0.1000000E+01
         1   308      2  0.6984314E-04  0.0000000E+00  0.1000000E+01
         1   308      3  0.1043919E-03  0.0000000E+00  0.1000000E+01
         1   308      4  0.1388629E-03  0.0000000E+00  0.1000000E+01
         1   308      5  0.1732561E-03  0.0000000E+00  0.1000000E+01
         1   308      6  0.2075718E-03  0.0000000E+00  0.1000000E+01
         1   308      7  0.2418101E-03  0.0000000E+00  0.1000000E+01
         1   308      8  0.2759710E-03  0.0000000E+00  0.1000000E+01
         1   308      9  0.3100548E-03  0.0000000E+00  0.1000000E+01
         1   308     10 -0.3013730E-02  0.0000000E+00  0.9999955E+00

         1   309      0  0.0000000E+00  0.0000000E+00  0.0000000E+00
         1   309      1  0.5116241E-06  0.0000000E+00  0.1000000E+01
         1   309      2  0.6984314E-04  0.0000000E+00  0.1000000E+01
         1   309      3  0.1043919E-03  0.0000000E+00  0.1000000E+01
         1   309      4  0.1388629E-03  0.0000000E+00  0.1000000E+01
         1   309      5  0.1732561E-03  0.0000000E+00  0.1000000E+01
         1   309      6  0.2075718E-03  0.0000000E+00  0.1000000E+01
         1   309      7  0.2418101E-03  0.0000000E+00  0.1000000E+01
         1   309      8  0.2759710E-03  0.0000000E+00  0.1000000E+01
         1   309      9  0.3100548E-03  0.0000000E+00  0.1000000E+01
         1   309     10 -0.3013730E-02  0.0000000E+00  0.9999955E+00

         1   310      0  0.0000000E+00  0.0000000E+00  0.0000000E+00
         1   310      1  0.5116241E-06  0.0000000E+00  0.1000000E+01
         1   310      2  0.6984314E-04  0.0000000E+00  0.1000000E+01
         1   310      3  0.1043919E-03  0.0000000E+00  0.1000000E+01
         1   310      4  0.1388629E-03  0.0000000E+00  0.1000000E+01
         1   310      5  0.1732561E-03  0.0000000E+00  0.1000000E+01
         1   310      6  0.2075718E-03  0.0000000E+00  0.1000000E+01
         1   310      7  0.2418101E-03  0.0000000E+00  0.1000000E+01
         1   310      8  0.2759710E-03  0.0000000E+00  0.1000000E+01
         1   310      9  0.3100548E-03  0.0000000E+00  0.1000000E+01
         1   310     10 -0.3013730E-02  0.0000000E+00  0.9999955E+00

         1   311      0  0.0000000E+00  0.0000000E+00  0.0000000E+00
         1   311      1  0.5292663E-06  0.0000000E+00  0.1000000E+01
         1   311      2  0.6995270E-04  0.0000000E+00  0.1000000E+01
         1   311      3  0.1045474E-03  0.0000000E+00  0.1000000E+01
         1   311      4  0.1390643E-03  0.0000000E+00  0.1000000E+01
         1   311      5  0.1735035E-03  0.0000000E+00  0.1000000E+01
         1   311      6  0.2078651E-03  0.0000000E+00  0.1000000E+01
         1   311      7  0.2421493E-03  0.0000000E+00  0.1000000E+01
         1   311      8  0.2763562E-03  0.0000000E+00  0.1000000E+01
         1   311      9  0.3104859E-03  0.0000000E+00  0.1000000E+01
         1   311     10 -0.3010969E-02  0.0000000E+00  0.9999955E+00

         1   312      0  0.0000000E+00  0.0000000E+00  0.0000000E+00
         1   312      1  0.5292663E-06  0.0000000E+00  0.1000000E+01
         1   312      2  0.6995270E-04  0.0000000E+00  0.1000000E+01
         1   312      3  0.1045474E-03  0.0000000E+00  0.1000000E+01
         1   312      4  0.1390643E-03  0.0000000E+00  0.1000000E+01
         1   312      5  0.1735035E-03  0.0000000E+00  0.1000000E+01
         1   312      6  0.2078651E-03  0.0000000E+00  0.1000000E+01
         1   312      7  0.2421493E-03  0.0000000E+00  0.1000000E+01
         1   312      8  0.2763562E-03  0.0000000E+00  0.1000000E+01
         1   312      9  0.3104859E-03  0.0000000E+00  0.1000000E+01
         1   312     10 -0.3010969E-02  0.0000000E+00  0.9999955E+00

         1   313      0  0.0000000E+00  0.0000000E+00  0.0000000E+00
         1   313      1  0.5292663E-06  0.0000000E+00  0.1000000E+01
         1   313      2  0.6995270E-04  0.0000000E+00  0.1000000E+01
         1   313      3  0.1045474E-03  0.0000000E+00  0.1000000E+01
         1   313      4  0.1390643E-03  0.0000000E+00  0.1000000E+01
         1   313      5  0.1735035E-03  0.0000000E+00  0.1000000E+01
         1   313      6  0.2078651E-03  0.0000000E+00  0.1000000E+01
         1   313      7  0.2421493E-03  0.0000000E+00  0.1000000E+01
         1   313      8  0.2763562E-03  0.0000000E+00  0.1000000E+01
         1   313      9  0.3104859E-03  0.0000000E+00  0.1000000E+01
         1   313     10 -0.3010969E-02  0.0000000E+00  0.9999955E+00

         1   314      0  0.0000000E+00  0.0000000E+00  0.0000000E+00
         1   314      1  0.5292663E-06  0.0000000E+00  0.1000000E+01
         1   314      2  0.6995270E-04  0.0000000E+00  0.1000000E+01
         1   314      3  0.1045474E-03  0.0000000E+00  0.1000000E+01
         1   314      4  0.1390643E-03  0.0000000E+00  0.1000000E+01
         1   314      5  0.1735035E-03  0.0000000E+00  0.1000000E+01
         1   314      6  0.2078651E-03  0.0000000E+00  0.1000000E+01
         1   314      7  0.2421493E-03  0.0000000E+00  0.1000000E+01
         1   314      8  0.2763562E-03  0.0000000E+00  0.1000000E+01
         1   314      9  0.3104859E-03  0.0000000E+00  0.1000000E+01
         1   314     10 -0.3010969E-02  0.0000000E+00  0.9999955E+00

         1   315      0  0.0000000E+00  0.0000000E+00  0.0000000E+00
         1   315      1  0.5292663E-06  0.0000000E+00  0.1000000E+01
         1   315      2  0.3527859E-04  0.0000000E+00  0.1000000E+01
         1   315      3  0.5254567E-04  0.0000000E+00  0.1000000E+01
         1   315      4  0.6974118E-04  0.0000000E+00  0.1000000E+01
         1   315      5  0.8686526E-04  0.0000000E+00  0.1000000E+01
         1   315      6  0.1039180E-03  0.0000000E+00  0.1000000E+01
         1   315      7  0.1208996E-03  0.0000000E+00  0.1000000E+01
         1   315      8  0.1378101E-03  0.0000000E+00  0.1000000E+01
         1   315      9  0.1546496E-03  0.0000000E+00  0.1000000E+01
         1   315     10 -0.3010250E-02  0.0000000E+00  0.9999955E+00

         1   316      0  0.0000000E+00  0.0000000E+00  0.0000000E+00
         1   316      1  0.5292663E-06  0.0000000E+00  0.1000000E+01
         1   316      2 -0.3140318E-05  0.0000000E+00  0.1000000E+01
         1   316      3 -0.5070969E-05  0.0000000E+00  0.1000000E+01
         1   316      4 -0.7065376E-05  0.0000000E+00  0.1000000E+01
         1   316      5 -0.9123425E-05  0.0000000E+00  0.1000000E+01
         1   316      6 -0.1124500E-04  0.0000000E+00  0.1000000E+01
         1   316      7 -0.1343000E-04  0.0000000E+00  0.1000000E+01
         1   316      8 -0.1567830E-04  0.0000000E+00  0.1000000E+01
         1   316      9 -0.1798979E-04  0.0000000E+00  0.1000000E+01
         1   316     10 -0.3009413E-02  0.0000000E+00  0.9999955E+00

         1   317      0  0.0000000E+00  0.0000000E+00  0.0000000E+00
         1   317      1  0.5292663E-06  0.0000000E+00  0.1000000E+01
         1   317      2 -0.3140318E-05  0.0000000E+00  0.1000000E+01
         1   317      3 -0.5070969E-05  0.0000000E+00  0.1000000E+01
         1   317      4 -0.7065376E-05  0.0000000E+00  0.1000000E+01
         1   317      5 -0.9123425E-05  0.0000000E+00  0.1000000E+01
         1   317      6 -0.1124500E-04  0.0000000E+00  0.1000000E+01
         1   317      7 -0.1343000E-04  0.0000000E+00  0.1000000E+01
         1   317      8 -0.1567830E-04  0.0000000E+00  0.1000000E+01
         1   317      9 -0.1798979E-04  0.0000000E+00  0.1000000E+01
         1   317     10 -0.3009413E-02  0.0000000E+00  0.9999955E+00

         1   318      0  0.0000000E+00  0.0000000E+00  0.0000000E+00
         1   318      1  0.5292663E-06  0.0000000E+00  0.1000000E+01
         1   318      2 -0.3140318E-05  0.0000000E+00  0.1000000E+01
         1   318      3 -0.5070969E-05  0.0000000E+00  0.1000000E+01
         1   318      4 -0.7065376E-05  0.0000000E+00  0.1000000E+01
         1   318      5 -0.9123425E-05  0.0000000E+00  0.1000000E+01
         1   318      6 -0.1124500E-04  0.0000000E+00  0.1000000E+01
         1   318      7 -0.1343000E-04  0.0000000E+00  0.1000000E+01
         1   318      8 -0.1567830E-04  0.0000000E+00  0.1000000E+01
         1   318      9 -0.1798979E-04  0.0000000E+00  0.1000000E+01
         1   318     10 -0.3009413E-02  0.0000000E+00  0.9999955E+00

         1   319      0  0.0000000E+00  0.0000000E+00  0.0000000E+00
         1   319      1  0.5292663E-06  0.0000000E+00  0.1000000E+01
         1   319      2 -0.3140318E-05  0.0000000E+00  0.1000000E+01
         1   319      3 -0.5070969E-05  0.0000000E+00  0.1000000E+01
         1   319      4 -0.7065376E-05  0.0000000E+00  0.1000000E+01
         1   319      5 -0.9123425E-05  0.0000000E+00  0.1000000E+01
         1   319      6 -0.1124500E-04  0.0000000E+00  0.1000000E+01
         1   319      7 -0.1343000E-04  0.0000000E+00  0.1000000E+01
         1   319      8 -0.1567830E-04  0.0000000E+00  0.1000000E+01
         1   319      9 -0.1798979E-04  0.0000000E+00  0.1000000E+01
         1   319     10 -0.3009413E-02  0.0000000E+00  0.9999955E+00

         1   320      0  0.0000000E+00  0.0000000E+00  0.0000000E+00
         1   320      1  0.5292663E-06  0.0000000E+00  0.1000000E+01
         1   320      2 -0.3140318E-05  0.0000000E+00  0.1000000E+01
         1   320      3 -0.5070969E-05  0.0000000E+00  0.1000000E+01
         1   320      4 -0.7065376E-05  0.0000000E+00  0.1000000E+01
         1   320      5 -0.9123425E-05  0.0000000E+00  0.1000000E+01
         1   320      6 -0.1124500E-04  0.0000000E+00  0.1000000E+01
         1   320      7 -0.1343000E-04  0.0000000E+00  0.1000000E+01
         1   320      8 -0.1567830E-04  0.0000000E+00  0.1000000E+01
         1   320      9 -0.1798979E-04  0.0000000E+00  0.1000000E+01
         1   320     10 -0.3009413E-02  0.0000000E+00  0.9999955E+00

         1   321      0  0.0000000E+00  0.0000000E+00  0.0000000E+00
         1   321      1  0.5292663E-06  0.0000000E+00  0.1000000E+01
         1   321      2 -0.3140318E-05  0.0000000E+00  0.1000000E+01
         1   321      3 -0.5070969E-05  0.0000000E+00  0.1000000E+01
         1   321      4 -0.7065376E-05  0.0000000E+00  0.1000000E+01
         1   321      5 -0.9123425E-05  0.0000000E+00  0.1000000E+01
         1   321      6 -0.1124500E-04  0.0000000E+00  0.1000000E+01
         1   321      7 -0.1343000E-04  0.0000000E+00  0.1000000E+01
         1   321      8 -0.1567830E-04  0.0000000E+00  0.1000000E+01
         1   321      9 -0.1798979E-04  0.0000000E+00  0.1000000E+01
         1   321     10 -0.3009413E-02  0.0000000E+00  0.9999955E+00

         1   322      0  0.0000000E+00  0.0000000E+00  0.0000000E+00
         1   322      1  0.5292663E-06  0.0000000E+00  0.1000000E+01
         1   322      2 -0.3140318E-05  0.0000000E+00  0.1000000E+01
         1   322      3 -0.5070969E-05  0.0000000E+00  0.1000000E+01
         1   322      4 -0.7065376E-05  0.0000000E+00  0.1000000E+01
         1   322      5 -0.9123425E-05  0.0000000E+00  0.1000000E+01
         1   322      6 -0.1124500E-04  0.0000000E+00  0.1000000E+01
         1   322      7 -0.1343000E-04  0.0000000E+00  0.1000000E+01
         1   322      8 -0.1567830E-04  0.0000000E+00  0.1000000E+01
         1   322      9 -0.1798979E-04  0.0000000E+00  0.1000000E+01
         1   322     10 -0.3009413E-02  0.0000000E+00  0.9999955E+00

         1   323      0  0.0000000E+00  0.0000000E+00  0.0000000E+00
         1   323      1  0.5292663E-06  0.0000000E+00  0.1000000E+01
         1   323      2 -0.3140318E-05  0.0000000E+00  0.1000000E+01
         1   323      3 -0.5070969E-05  0.0000000E+00  0.1000000E+01
         1   323      4 -0.7065376E-05  0.0000000E+00  0.1000000E+01
         1   323      5 -0.9123425E-05  0.0000000E+00  0.1000000E+01
         1   323      6 -0.1124500E-04  0.0000000E+00  0.1000000E+01
         1   323      7 -0.1343000E-04  0.0000000E+00  0.1000000E+01
         1   323      8 -0.1567830E-04  0.0000000E+00  0.1000000E+01
         1   323      9 -0.1798979E-04  0.0000000E+00  0.1000000E+01
         1   323     10 -0.3009413E-02  0.0000000E+00  0.9999955E+00

         1   324      0  0.0000000E+00  0.0000000E+00  0.0000000E+00
         1   324      1  0.5292663E-06  0.0000000E+00  0.1000000E+01
         1   324      2  0.4120799E-04  0.0000000E+00  0.1000000E+01
         1   324      3  0.6141877E-04  0.0000000E+00  0.1000000E+01
         1   324      4  0.8154396E-04  0.0000000E+00  0.1000000E+01
         1   324      5  0.1015836E-03  0.0000000E+00  0.1000000E+01
         1   324      6  0.1215379E-03  0.0000000E+00  0.1000000E+01
         1   324      7  0.1414069E-03  0.0000000E+00  0.1000000E+01
         1   324      8  0.1611907E-03  0.0000000E+00  0.1000000E+01
         1   324      9  0.1808893E-03  0.0000000E+00  0.1000000E+01
         1   324     10 -0.3010971E-02  0.0000000E+00  0.9999955E+00

         1   325      0  0.0000000E+00  0.0000000E+00  0.0000000E+00
         1   325      1  0.5292663E-06  0.0000000E+00  0.1000000E+01
         1   325      2  0.8363195E-04  0.0000000E+00  0.1000000E+01
         1   325      3  0.1250220E-03  0.0000000E+00  0.1000000E+01
         1   325      4  0.1663046E-03  0.0000000E+00  0.1000000E+01
         1   325      5  0.2074799E-03  0.0000000E+00  0.1000000E+01
         1   325      6  0.2485479E-03  0.0000000E+00  0.1000000E+01
         1   325      7  0.2895086E-03  0.0000000E+00  0.1000000E+01
         1   325      8  0.3303623E-03  0.0000000E+00  0.9999999E+00
         1   325      9  0.3711088E-03  0.0000000E+00  0.9999999E+00
         1   325     10 -0.3012504E-02  0.0000000E+00  0.9999955E+00

         1   326      0  0.0000000E+00  0.0000000E+00  0.0000000E+00
         1   326      1  0.5292663E-06  0.0000000E+00  0.1000000E+01
         1   326      2  0.8363195E-04  0.0000000E+00  0.1000000E+01
         1   326      3  0.1250220E-03  0.0000000E+00  0.1000000E+01
         1   326      4  0.1663046E-03  0.0000000E+00  0.1000000E+01
         1   326      5  0.2074799E-03  0.0000000E+00  0.1000000E+01
         1   326      6  0.2485479E-03  0.0000000E+00  0.1000000E+01
         1   326      7  0.2895086E-03  0.0000000E+00  0.1000000E+01
         1   326      8  0.3303623E-03  0.0000000E+00  0.9999999E+00
         1   326      9  0.3711088E-03  0.0000000E+00  0.9999999E+00
         1   326     10 -0.3012504E-02  0.0000000E+00  0.9999955E+00

         1   327      0  0.0000000E+00  0.0000000E+00  0.0000000E+00
         1   327      1  0.5292663E-06  0.0000000E+00  0.1000000E+01
         1   327      2  0.8363195E-04  0.0000000E+00  0.1000000E+01
         1   327      3  0.1250220E-03  0.0000000E+00  0.1000000E+01
         1   327      4  0.1663046E-03  0.0000000E+00  0.1000000E+01
         1   327      5  0.2074799E-03  0.0000000E+00  0.1000000E+01
         1   327      6  0.2485479E-03  0.0000000E+00  0.1000000E+01
         1   327      7  0.2895086E-03  0.0000000E+00  0.1000000E+01
         1   327      8  0.3303623E-03  0.0000000E+00  0.9999999E+00
         1   327      9  0.3711088E-03  0.0000000E+00  0.9999999E+00
         1   327     10 -0.3012504E-02  0.0000000E+00  0.9999955E+00

         1   328      0  0.0000000E+00  0.0000000E+00  0.0000000E+00
         1   328      1  0.5292663E-06  0.0000000E+00  0.1000000E+01
         1   328      2  0.8363195E-04  0.0000000E+00  0.1000000E+01
         1   328      3  0.1250220E-03  0.0000000E+00  0.1000000E+01
         1   328      4  0.1663046E-03  0.0000000E+00  0.1000000E+01
         1   328      5  0.2074799E-03  0.0000000E+00  0.1000000E+01
         1   328      6  0.2485479E-03  0.0000000E+00  0.1000000E+01
         1   328      7  0.2895086E-03  0.0000000E+00  0.1000000E+01
         1   328      8  0.3303623E-03  0.0000000E+00  0.9999999E+00
         1   328      9  0.3711088E-03  0.0000000E+00  0.9999999E+00
         1   328     10 -0.3012504E-02  0.0000000E+00  0.9999955E+00

         1   329      0  0.0000000E+00  0.0000000E+00  0.0000000E+00
         1   329      1  0.5292663E-06  0.0000000E+00  0.1000000E+01
         1   329      2  0.8363195E-04  0.0000000E+00  0.1000000E+01
         1   329      3  0.1250220E-03  0.0000000E+00  0.1000000E+01
         1   329      4  0.1663046E-03  0.0000000E+00  0.1000000E+01
         1   329      5  0.2074799E-03  0.0000000E+00  0.1000000E+01
         1   329      6  0.2485479E-03  0.0000000E+00  0.1000000E+01
         1   329      7  0.2895086E-03  0.0000000E+00  0.1000000E+01
         1   329      8  0.3303623E-03  0.0000000E+00  0.9999999E+00
         1   329      9  0.3711088E-03  0.0000000E+00  0.9999999E+00
         1   329     10 -0.3012504E-02  0.0000000E+00  0.9999955E+00

         1   330      0  0.0000000E+00  0.0000000E+00  0.0000000E+00
         1   330      1  0.5292663E-06  0.0000000E+00  0.1000000E+01
         1   330      2  0.8363195E-04  0.0000000E+00  0.1000000E+01
         1   330      3  0.1250220E-03  0.0000000E+00  0.1000000E+01
         1   330      4  0.1663046E-03  0.0000000E+00  0.1000000E+01
         1   330      5  0.2074799E-03  0.0000000E+00  0.1000000E+01
         1   330      6  0.2485479E-03  0.0000000E+00  0.1000000E+01
         1   330      7  0.2895086E-03  0.0000000E+00  0.1000000E+01
         1   330      8  0.3303623E-03  0.0000000E+00  0.9999999E+00
         1   330      9  0.3711088E-03  0.0000000E+00  0.9999999E+00
         1   330     10 -0.3012504E-02  0.0000000E+00  0.9999955E+00

         1   331      0  0.0000000E+00  0.0000000E+00  0.0000000E+00
         1   331      1  0.5292663E-06  0.0000000E+00  0.1000000E+01
         1   331      2  0.8363195E-04  0.0000000E+00  0.1000000E+01
         1   331      3  0.1250220E-03  0.0000000E+00  0.1000000E+01
         1   331      4  0.1663046E-03  0.0000000E+00  0.1000000E+01
         1   331      5  0.2074799E-03  0.0000000E+00  0.1000000E+01
         1   331      6  0.2485479E-03  0.0000000E+00  0.1000000E+01
         1   331      7  0.2895086E-03  0.0000000E+00  0.1000000E+01
         1   331      8  0.3303623E-03  0.0000000E+00  0.9999999E+00
         1   331      9  0.3711088E-03  0.0000000E+00  0.9999999E+00
         1   331     10 -0.3012504E-02  0.0000000E+00  0.9999955E+00

         1   332      0  0.0000000E+00  0.0000000E+00  0.0000000E+00
         1   332      1  0.5292663E-06  0.0000000E+00  0.1000000E+01
         1   332      2  0.8363195E-04  0.0000000E+00  0.1000000E+01
         1   332      3  0.1250220E-03  0.0000000E+00  0.1000000E+01
         1   332      4  0.1663046E-03  0.0000000E+00  0.1000000E+01
         1   332      5  0.2074799E-03  0.0000000E+00  0.1000000E+01
         1   332      6  0.2485479E-03  0.0000000E+00  0.1000000E+01
         1   332      7  0.2895086E-03  0.0000000E+00  0.1000000E+01
         1   332      8  0.3303623E-03  0.0000000E+00  0.9999999E+00
         1   332      9  0.3711088E-03  0.0000000E+00  0.9999999E+00
         1   332     10 -0.3012504E-02  0.0000000E+00  0.9999955E+00

         1   333      0  0.0000000E+00  0.0000000E+00  0.0000000E+00
         1   333      1  0.5292663E-06  0.0000000E+00  0.1000000E+01
         1   333      2  0.9114888E-04  0.0000000E+00  0.1000000E+01
         1   333      3  0.1363090E-03  0.0000000E+00  0.1000000E+01
         1   333      4  0.1813694E-03  0.0000000E+00  0.1000000E+01
         1   333      5  0.2263302E-03  0.0000000E+00  0.1000000E+01
         1   333      6  0.2711916E-03  0.0000000E+00  0.1000000E+01
         1   333      7  0.3159535E-03  0.0000000E+00  0.1000000E+01
         1   333      8  0.3606162E-03  0.0000000E+00  0.9999999E+00
         1   333      9  0.4051796E-03  0.0000000E+00  0.9999999E+00
         1   333     10 -0.3012239E-02  0.0000000E+00  0.9999955E+00

         1   334      0  0.0000000E+00  0.0000000E+00  0.0000000E+00
         1   334      1  0.5292663E-06  0.0000000E+00  0.1000000E+01
         1   334      2  0.1010384E-03  0.0000000E+00  0.1000000E+01
         1   334      3  0.1511526E-03  0.0000000E+00  0.1000000E+01
         1   334      4  0.2011733E-03  0.0000000E+00  0.1000000E+01
         1   334      5  0.2511006E-03  0.0000000E+00  0.1000000E+01
         1   334      6  0.3009347E-03  0.0000000E+00  0.1000000E+01
         1   334      7  0.3506756E-03  0.0000000E+00  0.9999999E+00
         1   334      8  0.4003236E-03  0.0000000E+00  0.9999999E+00
         1   334      9  0.4498787E-03  0.0000000E+00  0.9999999E+00
         1   334     10 -0.3012073E-02  0.0000000E+00  0.9999955E+00

         1   335      0  0.0000000E+00  0.0000000E+00  0.0000000E+00
         1   335      1  0.5292663E-06  0.0000000E+00  0.1000000E+01
         1   335      2  0.1010384E-03  0.0000000E+00  0.1000000E+01
         1   335      3  0.1511526E-03  0.0000000E+00  0.1000000E+01
         1   335      4  0.2011733E-03  0.0000000E+00  0.1000000E+01
         1   335      5  0.2511006E-03  0.0000000E+00  0.1000000E+01
         1   335      6  0.3009347E-03  0.0000000E+00  0.1000000E+01
         1   335      7  0.3506756E-03  0.0000000E+00  0.9999999E+00
         1   335      8  0.4003236E-03  0.0000000E+00  0.9999999E+00
         1   335      9  0.4498787E-03  0.0000000E+00  0.9999999E+00
         1   335     10 -0.3012073E-02  0.0000000E+00  0.9999955E+00

         1   336      0  0.0000000E+00  0.0000000E+00  0.0000000E+00
         1   336      1  0.5292663E-06  0.0000000E+00  0.1000000E+01
         1   336      2  0.1010384E-03  0.0000000E+00  0.1000000E+01
         1   336      3  0.1511526E-03  0.0000000E+00  0.1000000E+01
         1   336      4  0.2011733E-03  0.0000000E+00  0.1000000E+01
         1   336      5  0.2511006E-03  0.0000000E+00  0.1000000E+01
         1   336      6  0.3009347E-03  0.0000000E+00  0.1000000E+01
         1   336      7  0.3506756E-03  0.0000000E+00  0.9999999E+00
         1   336      8  0.4003236E-03  0.0000000E+00  0.9999999E+00
         1   336      9  0.4498787E-03  0.0000000E+00  0.9999999E+00
         1   336     10 -0.3012073E-02  0.0000000E+00  0.9999955E+00

         1   337      0  0.0000000E+00  0.0000000E+00  0.0000000E+00
         1   337      1  0.5292663E-06  0.0000000E+00  0.1000000E+01
         1   337      2  0.1010384E-03  0.0000000E+00  0.1000000E+01
         1   337      3  0.1511526E-03  0.0000000E+00  0.1000000E+01
         1   337      4  0.2011733E-03  0.0000000E+00  0.1000000E+01
         1   337      5  0.2511006E-03  0.0000000E+00  0.1000000E+01
         1   337      6  0.3009347E-03  0.0000000E+00  0.1000000E+01
         1   337      7  0.3506756E-03  0.0000000E+00  0.9999999E+00
         1   337      8  0.4003236E-03  0.0000000E+00  0.9999999E+00
         1   337      9  0.4498787E-03  0.0000000E+00  0.9999999E+00
         1   337     10 -0.3012073E-02  0.0000000E+00  0.9999955E+00

         1   338      0  0.0000000E+00  0.0000000E+00  0.0000000E+00
         1   338      1  0.5469085E-06  0.0000000E+00  0.1000000E+01
         1   338      2  0.1009951E-03  0.0000000E+00  0.1000000E+01
         1   338      3  0.1510787E-03  0.0000000E+00  0.1000000E+01
         1   338      4  0.2010688E-03  0.0000000E+00  0.1000000E+01
         1   338      5  0.2509656E-03  0.0000000E+00  0.1000000E+01
         1   338      6  0.3007692E-03  0.0000000E+00  0.1000000E+01
         1   338      7  0.3504796E-03  0.0000000E+00  0.9999999E+00
         1   338      8  0.4000970E-03  0.0000000E+00  0.9999999E+00
         1   338      9  0.4496215E-03  0.0000000E+00  0.9999999E+00
         1   338     10 -0.3009311E-02  0.0000000E+00  0.9999955E+00

         1   339      0  0.0000000E+00  0.0000000E+00  0.0000000E+00
         1   339      1  0.5469085E-06  0.0000000E+00  0.1000000E+01
         1   339      2  0.1009951E-03  0.0000000E+00  0.1000000E+01
         1   339      3  0.1510787E-03  0.0000000E+00  0.1000000E+01
         1   339      4  0.2010688E-03  0.0000000E+00  0.1000000E+01
         1   339      5  0.2509656E-03  0.0000000E+00  0.1000000E+01
         1   339      6  0.3007692E-03  0.0000000E+00  0.1000000E+01
         1   339      7  0.3504796E-03  0.0000000E+00  0.9999999E+00
         1   339      8  0.4000970E-03  0.0000000E+00  0.9999999E+00
         1   339      9  0.4496215E-03  0.0000000E+00  0.9999999E+00
         1   339     10 -0.3009311E-02  0.0000000E+00  0.9999955E+00

         1   340      0  0.0000000E+00  0.0000000E+00  0.0000000E+00
         1   340      1  0.5469085E-06  0.0000000E+00  0.1000000E+01
         1   340      2  0.1009951E-03  0.0000000E+00  0.1000000E+01
         1   340      3  0.1510787E-03  0.0000000E+00  0.1000000E+01
         1   340      4  0.2010688E-03  0.0000000E+00  0.1000000E+01
         1   340      5  0.2509656E-03  0.0000000E+00  0.1000000E+01
         1   340      6  0.3007692E-03  0.0000000E+00  0.1000000E+01
         1   340      7  0.3504796E-03  0.0000000E+00  0.9999999E+00
         1   340      8  0.4000970E-03  0.0000000E+00  0.9999999E+00
         1   340      9  0.4496215E-03  0.0000000E+00  0.9999999E+00
         1   340     10 -0.3009311E-02  0.0000000E+00  0.9999955E+00

         1   341      0  0.0000000E+00  0.0000000E+00  0.0000000E+00
         1   341      1  0.5469085E-06  0.0000000E+00  0.1000000E+01
         1   341      2  0.1009951E-03  0.0000000E+00  0.1000000E+01
         1   341      3  0.1510787E-03  0.0000000E+00  0.1000000E+01
         1   341      4  0.2010688E-03  0.0000000E+00  0.1000000E+01
         1   341      5  0.2509656E-03  0.0000000E+00  0.1000000E+01
         1   341      6  0.3007692E-03  0.0000000E+00  0.1000000E+01
         1   341      7  0.3504796E-03  0.0000000E+00  0.9999999E+00
         1   341      8  0.4000970E-03  0.0000000E+00  0.9999999E+00
         1   341      9  0.4496215E-03  0.0000000E+00  0.9999999E+00
         1   341     10 -0.3009311E-02  0.0000000E+00  0.9999955E+00

         1   342      0  0.0000000E+00  0.0000000E+00  0.0000000E+00
         1   342      1  0.5469085E-06  0.0000000E+00  0.1000000E+01
         1   342      2  0.3839514E-04  0.0000000E+00  0.1000000E+01
         1   342      3  0.5717471E-04  0.0000000E+00  0.1000000E+01
         1   342      4  0.7585800E-04  0.0000000E+00  0.1000000E+01
         1   342      5  0.9444508E-04  0.0000000E+00  0.1000000E+01
         1   342      6  0.1129360E-03  0.0000000E+00  0.1000000E+01
         1   342      7  0.1313309E-03  0.0000000E+00  0.1000000E+01
         1   342      8  0.1496298E-03  0.0000000E+00  0.1000000E+01
         1   342      9  0.1678327E-03  0.0000000E+00  0.1000000E+01
         1   342     10 -0.3038400E-02  0.0000000E+00  0.9999954E+00

         1   343      0  0.0000000E+00  0.0000000E+00  0.0000000E+00
         1   343      1  0.5469085E-06  0.0000000E+00  0.1000000E+01
         1   343      2 -0.2563765E-04  0.0000000E+00  0.1000000E+01
         1   343      3 -0.3887788E-04  0.0000000E+00  0.1000000E+01
         1   343      4 -0.5221671E-04  0.0000000E+00  0.1000000E+01
         1   343      5 -0.6565413E-04  0.0000000E+00  0.1000000E+01
         1   343      6 -0.7919011E-04  0.0000000E+00  0.1000000E+01
         1   343      7 -0.9282464E-04  0.0000000E+00  0.1000000E+01
         1   343      8 -0.1065577E-03  0.0000000E+00  0.1000000E+01
         1   343      9 -0.1203892E-03  0.0000000E+00  0.1000000E+01
         1   343     10 -0.3070846E-02  0.0000000E+00  0.9999953E+00

         1   344      0  0.0000000E+00  0.0000000E+00  0.0000000E+00
         1   344      1  0.5469085E-06  0.0000000E+00  0.1000000E+01
         1   344      2 -0.2563765E-04  0.0000000E+00  0.1000000E+01
         1   344      3 -0.3887788E-04  0.0000000E+00  0.1000000E+01
         1   344      4 -0.5221671E-04  0.0000000E+00  0.1000000E+01
         1   344      5 -0.6565413E-04  0.0000000E+00  0.1000000E+01
         1   344      6 -0.7919011E-04  0.0000000E+00  0.1000000E+01
         1   344      7 -0.9282464E-04  0.0000000E+00  0.1000000E+01
         1   344      8 -0.1065577E-03  0.0000000E+00  0.1000000E+01
         1   344      9 -0.1203892E-03  0.0000000E+00  0.1000000E+01
         1   344     10 -0.3070846E-02  0.0000000E+00  0.9999953E+00

         1   345      0  0.0000000E+00  0.0000000E+00  0.0000000E+00
         1   345      1  0.5469085E-06  0.0000000E+00  0.1000000E+01
         1   345      2 -0.2563765E-04  0.0000000E+00  0.1000000E+01
         1   345      3 -0.3887788E-04  0.0000000E+00  0.1000000E+01
         1   345      4 -0.5221671E-04  0.0000000E+00  0.1000000E+01
         1   345      5 -0.6565413E-04  0.0000000E+00  0.1000000E+01
         1   345      6 -0.7919011E-04  0.0000000E+00  0.1000000E+01
         1   345      7 -0.9282464E-04  0.0000000E+00  0.1000000E+01
         1   345      8 -0.1065577E-03  0.0000000E+00  0.1000000E+01
         1   345      9 -0.1203892E-03  0.0000000E+00  0.1000000E+01
         1   345     10 -0.3070846E-02  0.0000000E+00  0.9999953E+00

         1   346      0  0.0000000E+00  0.0000000E+00  0.0000000E+00
         1   346      1  0.5469085E-06  0.0000000E+00  0.1000000E+01
         1   346      2 -0.2563765E-04  0.0000000E+00  0.1000000E+01
         1   346      3 -0.3887788E-04  0.0000000E+00  0.1000000E+01
         1   346      4 -0.5221671E-04  0.0000000E+00  0.1000000E+01
         1   346      5 -0.6565413E-04  0.0000000E+00  0.1000000E+01
         1   346      6 -0.7919011E-04  0.0000000E+00  0.1000000E+01
         1   346      7 -0.9282464E-04  0.0000000E+00  0.1000000E+01
         1   346      8 -0.1065577E-03  0.0000000E+00  0.1000000E+01
         1   346      9 -0.1203892E-03  0.0000000E+00  0.1000000E+01
         1   346     10 -0.3070846E-02  0.0000000E+00  0.9999953E+00

         1   347      0  0.0000000E+00  0.0000000E+00  0.0000000E+00
         1   347      1  0.5645507E-06  0.0000000E+00  0.1000000E+01
         1   347      2 -0.2571339E-04  0.0000000E+00  0.1000000E+01
         1   347      3 -0.3900030E-04  0.0000000E+00  0.1000000E+01
         1   347      4 -0.5238581E-04  0.0000000E+00  0.1000000E+01
         1   347      5 -0.6586990E-04  0.0000000E+00  0.1000000E+01
         1   347      6 -0.7945256E-04  0.0000000E+00  0.1000000E+01
         1   347      7 -0.9313376E-04  0.0000000E+00  0.1000000E+01
         1   347      8 -0.1069135E-03  0.0000000E+00  0.1000000E+01
         1   347      9 -0.1207917E-03  0.0000000E+00  0.1000000E+01
         1   347     10 -0.3068160E-02  0.0000000E+00  0.9999953E+00

         1   348      0  0.0000000E+00  0.0000000E+00  0.0000000E+00
         1   348      1  0.5645507E-06  0.0000000E+00  0.1000000E+01
         1   348      2 -0.2571339E-04  0.0000000E+00  0.1000000E+01
         1   348      3 -0.3900030E-04  0.0000000E+00  0.1000000E+01
         1   348      4 -0.5238581E-04  0.0000000E+00  0.1000000E+01
         1   348      5 -0.6586990E-04  0.0000000E+00  0.1000000E+01
         1   348      6 -0.7945256E-04  0.0000000E+00  0.1000000E+01
         1   348      7 -0.9313376E-04  0.0000000E+00  0.1000000E+01
         1   348      8 -0.1069135E-03  0.0000000E+00  0.1000000E+01
         1   348      9 -0.1207917E-03  0.0000000E+00  0.1000000E+01
         1   348     10 -0.3068160E-02  0.0000000E+00  0.9999953E+00

         1   349      0  0.0000000E+00  0.0000000E+00  0.0000000E+00
         1   349      1  0.5645507E-06  0.0000000E+00  0.1000000E+01
         1   349      2 -0.2571339E-04  0.0000000E+00  0.1000000E+01
         1   349      3 -0.3900030E-04  0.0000000E+00  0.1000000E+01
         1   349      4 -0.5238581E-04  0.0000000E+00  0.1000000E+01
         1   349      5 -0.6586990E-04  0.0000000E+00  0.1000000E+01
         1   349      6 -0.7945256E-04  0.0000000E+00  0.1000000E+01
         1   349      7 -0.9313376E-04  0.0000000E+00  0.1000000E+01
         1   349      8 -0.1069135E-03  0.0000000E+00  0.1000000E+01
         1   349      9 -0.1207917E-03  0.0000000E+00  0.1000000E+01
         1   349     10 -0.3068160E-02  0.0000000E+00  0.9999953E+00

         1   350      0  0.0000000E+00  0.0000000E+00  0.0000000E+00
         1   350      1  0.5645507E-06  0.0000000E+00  0.1000000E+01
         1   350      2 -0.2571339E-04  0.0000000E+00  0.1000000E+01
         1   350      3 -0.3900030E-04  0.0000000E+00  0.1000000E+01
         1   350      4 -0.5238581E-04  0.0000000E+00  0.1000000E+01
         1   350      5 -0.6586990E-04  0.0000000E+00  0.1000000E+01
         1   350      6 -0.7945256E-04  0.0000000E+00  0.1000000E+01
         1   350      7 -0.9313376E-04  0.0000000E+00  0.1000000E+01
         1   350      8 -0.1069135E-03  0.0000000E+00  0.1000000E+01
         1   350      9 -0.1207917E-03  0.0000000E+00  0.1000000E+01
         1   350     10 -0.3068160E-02  0.0000000E+00  0.9999953E+00

         1   351      0  0.0000000E+00  0.0000000E+00  0.0000000E+00
         1   351      1  0.5645507E-06  0.0000000E+00  0.1000000E+01
         1   351      2  0.1874958E-04  0.0000000E+00  0.1000000E+01
         1   351      3  0.2768692E-04  0.0000000E+00  0.1000000E+01
         1   351      4  0.3652085E-04  0.0000000E+00  0.1000000E+01
         1   351      5  0.4525142E-04  0.0000000E+00  0.1000000E+01
         1   351      6  0.5387866E-04  0.0000000E+00  0.1000000E+01
         1   351      7  0.6240262E-04  0.0000000E+00  0.1000000E+01
         1   351      8  0.7082333E-04  0.0000000E+00  0.1000000E+01
         1   351      9  0.7914083E-04  0.0000000E+00  0.1000000E+01
         1   351     10 -0.2986970E-02  0.0000000E+00  0.9999955E+00

         1   352      0  0.0000000E+00  0.0000000E+00  0.0000000E+00
         1   352      1  0.5645507E-06  0.0000000E+00  0.1000000E+01
         1   352      2  0.6365975E-04  0.0000000E+00  0.1000000E+01
         1   352      3  0.9504389E-04  0.0000000E+00  0.1000000E+01
         1   352      4  0.1263191E-03  0.0000000E+00  0.1000000E+01
         1   352      5  0.1574855E-03  0.0000000E+00  0.1000000E+01
         1   352      6  0.1885431E-03  0.0000000E+00  0.1000000E+01
         1   352      7  0.2194920E-03  0.0000000E+00  0.1000000E+01
         1   352      8  0.2503322E-03  0.0000000E+00  0.1000000E+01
         1   352      9  0.2810638E-03  0.0000000E+00  0.1000000E+01
         1   352     10 -0.2896798E-02  0.0000000E+00  0.9999958E+00

         1   353      0  0.0000000E+00  0.0000000E+00  0.0000000E+00
         1   353      1  0.5645507E-06  0.0000000E+00  0.1000000E+01
         1   353      2  0.6365975E-04  0.0000000E+00  0.1000000E+01
         1   353      3  0.9504389E-04  0.0000000E+00  0.1000000E+01
         1   353      4  0.1263191E-03  0.0000000E+00  0.1000000E+01
         1   353      5  0.1574855E-03  0.0000000E+00  0.1000000E+01
         1   353      6  0.1885431E-03  0.0000000E+00  0.1000000E+01
         1   353      7  0.2194920E-03  0.0000000E+00  0.1000000E+01
         1   353      8  0.2503322E-03  0.0000000E+00  0.1000000E+01
         1   353      9  0.2810638E-03  0.0000000E+00  0.1000000E+01
         1   353     10 -0.2896798E-02  0.0000000E+00  0.9999958E+00

         1   354      0  0.0000000E+00  0.0000000E+00  0.0000000E+00
         1   354      1  0.5645507E-06  0.0000000E+00  0.1000000E+01
         1   354      2  0.6365975E-04  0.0000000E+00  0.1000000E+01
         1   354      3  0.9504389E-04  0.0000000E+00  0.1000000E+01
         1   354      4  0.1263191E-03  0.0000000E+00  0.1000000E+01
         1   354      5  0.1574855E-03  0.0000000E+00  0.1000000E+01
         1   354      6  0.1885431E-03  0.0000000E+00  0.1000000E+01
         1   354      7  0.2194920E-03  0.0000000E+00  0.1000000E+01
         1   354      8  0.2503322E-03  0.0000000E+00  0.1000000E+01
         1   354      9  0.2810638E-03  0.0000000E+00  0.1000000E+01
         1   354     10 -0.2896798E-02  0.0000000E+00  0.9999958E+00

         1   355      0  0.0000000E+00  0.0000000E+00  0.0000000E+00
         1   355      1  0.5645507E-06  0.0000000E+00  0.1000000E+01
         1   355      2  0.6365975E-04  0.0000000E+00  0.1000000E+01
         1   355      3  0.9504389E-04  0.0000000E+00  0.1000000E+01
         1   355      4  0.1263191E-03  0.0000000E+00  0.1000000E+01
         1   355      5  0.1574855E-03  0.0000000E+00  0.1000000E+01
         1   355      6  0.1885431E-03  0.0000000E+00  0.1000000E+01
         1   355      7  0.2194920E-03  0.0000000E+00  0.1000000E+01
         1   355      8  0.2503322E-03  0.0000000E+00  0.1000000E+01
         1   355      9  0.2810638E-03  0.0000000E+00  0.1000000E+01
         1   355     10 -0.2896798E-02  0.0000000E+00  0.9999958E+00

         1   356      0  0.0000000E+00  0.0000000E+00  0.0000000E+00
         1   356      1  0.5821929E-06  0.0000000E+00  0.1000000E+01
         1   356      2  0.6357262E-04  0.0000000E+00  0.1000000E+01
         1   356      3  0.9490440E-04  0.0000000E+00  0.1000000E+01
         1   356      4  0.1261273E-03  0.0000000E+00  0.1000000E+01
         1   356      5  0.1572414E-03  0.0000000E+00  0.1000000E+01
         1   356      6  0.1882467E-03  0.0000000E+00  0.1000000E+01
         1   356      7  0.2191433E-03  0.0000000E+00  0.1000000E+01
         1   356      8  0.2499313E-03  0.0000000E+00  0.1000000E+01
         1   356      9  0.2806106E-03  0.0000000E+00  0.1000000E+01
         1   356     10 -0.2894340E-02  0.0000000E+00  0.9999958E+00

         1   357      0  0.0000000E+00  0.0000000E+00  0.0000000E+00
         1   357      1  0.5821929E-06  0.0000000E+00  0.1000000E+01
         1   357      2  0.6357262E-04  0.0000000E+00  0.1000000E+01
         1   357      3  0.9490440E-04  0.0000000E+00  0.1000000E+01
         1   357      4  0.1261273E-03  0.0000000E+00  0.1000000E+01
         1   357      5  0.1572414E-03  0.0000000E+00  0.1000000E+01
         1   357      6  0.1882467E-03  0.0000000E+00  0.1000000E+01
         1   357      7  0.2191433E-03  0.0000000E+00  0.1000000E+01
         1   357      8  0.2499313E-03  0.0000000E+00  0.1000000E+01
         1   357      9  0.2806106E-03  0.0000000E+00  0.1000000E+01
         1   357     10 -0.2894340E-02  0.0000000E+00  0.9999958E+00

         1   358      0  0.0000000E+00  0.0000000E+00  0.0000000E+00
         1   358      1  0.5821929E-06  0.0000000E+00  0.1000000E+01
         1   358      2  0.6352140E-04  0.0000000E+00  0.1000000E+01
         1   358      3  0.9478921E-04  0.0000000E+00  0.1000000E+01
         1   358      4  0.1259226E-03  0.0000000E+00  0.1000000E+01
         1   358      5  0.1569217E-03  0.0000000E+00  0.1000000E+01
         1   358      6  0.1877866E-03  0.0000000E+00  0.1000000E+01
         1   358      7  0.2185173E-03  0.0000000E+00  0.1000000E+01
         1   358      8  0.2491140E-03  0.0000000E+00  0.1000000E+01
         1   358      9  0.2795767E-03  0.0000000E+00  0.1000000E+01
         1   358     10 -0.2895046E-02  0.0000000E+00  0.9999958E+00

         1   359      0  0.0000000E+00  0.0000000E+00  0.0000000E+00
         1   359      1  0.5821929E-06  0.0000000E+00  0.1000000E+01
         1   359      2  0.6352140E-04  0.0000000E+00  0.1000000E+01
         1   359      3  0.9478921E-04  0.0000000E+00  0.1000000E+01
         1   359      4  0.1259226E-03  0.0000000E+00  0.1000000E+01
         1   359      5  0.1569217E-03  0.0000000E+00  0.1000000E+01
         1   359      6  0.1877866E-03  0.0000000E+00  0.1000000E+01
         1   359      7  0.2185173E-03  0.0000000E+00  0.1000000E+01
         1   359      8  0.2491140E-03  0.0000000E+00  0.1000000E+01
         1   359      9  0.2795767E-03  0.0000000E+00  0.1000000E+01
         1   359     10 -0.2895046E-02  0.0000000E+00  0.9999958E+00

         1   360      0  0.0000000E+00  0.0000000E+00  0.0000000E+00
         1   360      1  0.5821929E-06  0.0000000E+00  0.1000000E+01
         1   360      2 -0.1372447E-04  0.0000000E+00  0.1000000E+01
         1   360      3 -0.2105198E-04  0.0000000E+00  0.1000000E+01
         1   360      4 -0.2849549E-04  0.0000000E+00  0.1000000E+01
         1   360      5 -0.3605494E-04  0.0000000E+00  0.1000000E+01
         1   360      6 -0.4373023E-04  0.0000000E+00  0.1000000E+01
         1   360      7 -0.5152128E-04  0.0000000E+00  0.1000000E+01
         1   360      8 -0.5942801E-04  0.0000000E+00  0.1000000E+01
         1   360      9 -0.6745035E-04  0.0000000E+00  0.1000000E+01
         1   360     10 -0.3192903E-02  0.0000000E+00  0.9999949E+00

         1   361      0  0.0000000E+00  0.0000000E+00  0.0000000E+00
         1   361      1  0.5821929E-06  0.0000000E+00  0.1000000E+01
         1   361      2 -0.8997772E-04  0.0000000E+00  0.1000000E+01
         1   361      3 -0.1354034E-03  0.0000000E+00  0.1000000E+01
         1   361      4 -0.1809263E-03  0.0000000E+00  0.1000000E+01
         1   361      5 -0.2265461E-03  0.0000000E+00  0.1000000E+01
         1   361      6 -0.2722628E-03  0.0000000E+00  0.1000000E+01
         1   361      7 -0.3180764E-03  0.0000000E+00  0.9999999E+00
         1   361      8 -0.3639868E-03  0.0000000E+00  0.9999999E+00
         1   361      9 -0.4099939E-03  0.0000000E+00  0.9999999E+00
         1   361     10 -0.3496258E-02  0.0000000E+00  0.9999939E+00

         1   362      0  0.0000000E+00  0.0000000E+00  0.0000000E+00
         1   362      1  0.5821929E-06  0.0000000E+00  0.1000000E+01
         1   362      2 -0.8997772E-04  0.0000000E+00  0.1000000E+01
         1   362      3 -0.1354034E-03  0.0000000E+00  0.1000000E+01
         1   362      4 -0.1809263E-03  0.0000000E+00  0.1000000E+01
         1   362      5 -0.2265461E-03  0.0000000E+00  0.1000000E+01
         1   362      6 -0.2722628E-03  0.0000000E+00  0.1000000E+01
         1   362      7 -0.3180764E-03  0.0000000E+00  0.9999999E+00
         1   362      8 -0.3639868E-03  0.0000000E+00  0.9999999E+00
         1   362      9 -0.4099939E-03  0.0000000E+00  0.9999999E+00
         1   362     10 -0.3496258E-02  0.0000000E+00  0.9999939E+00

         1   363      0  0.0000000E+00  0.0000000E+00  0.0000000E+00
         1   363      1  0.5821929E-06  0.0000000E+00  0.1000000E+01
         1   363      2 -0.8997772E-04  0.0000000E+00  0.1000000E+01
         1   363      3 -0.1354034E-03  0.0000000E+00  0.1000000E+01
         1   363      4 -0.1809263E-03  0.0000000E+00  0.1000000E+01
         1   363      5 -0.2265461E-03  0.0000000E+00  0.1000000E+01
         1   363      6 -0.2722628E-03  0.0000000E+00  0.1000000E+01
         1   363      7 -0.3180764E-03  0.0000000E+00  0.9999999E+00
         1   363      8 -0.3639868E-03  0.0000000E+00  0.9999999E+00
         1   363      9 -0.4099939E-03  0.0000000E+00  0.9999999E+00
         1   363     10 -0.3496258E-02  0.0000000E+00  0.9999939E+00

         1   364      0  0.0000000E+00  0.0000000E+00  0.0000000E+00
         1   364      1  0.5821929E-06  0.0000000E+00  0.1000000E+01
         1   364      2 -0.8997772E-04  0.0000000E+00  0.1000000E+01
         1   364      3 -0.1354034E-03  0.0000000E+00  0.1000000E+01
         1   364      4 -0.1809263E-03  0.0000000E+00  0.1000000E+01
         1   364      5 -0.2265461E-03  0.0000000E+00  0.1000000E+01
         1   364      6 -0.2722628E-03  0.0000000E+00  0.1000000E+01
         1   364      7 -0.3180764E-03  0.0000000E+00  0.9999999E+00
         1   364      8 -0.3639868E-03  0.0000000E+00  0.9999999E+00
         1   364      9 -0.4099939E-03  0.0000000E+00  0.9999999E+00
         1   364     10 -0.3496258E-02  0.0000000E+00  0.9999939E+00

         1   365      0  0.0000000E+00  0.0000000E+00  0.0000000E+00
         1   365      1  0.5998351E-06  0.0000000E+00  0.1000000E+01
         1   365      2 -0.9004244E-04  0.0000000E+00  0.1000000E+01
         1   365      3 -0.1355093E-03  0.0000000E+00  0.1000000E+01
         1   365      4 -0.1810732E-03  0.0000000E+00  0.1000000E+01
         1   365      5 -0.2267341E-03  0.0000000E+00  0.1000000E+01
         1   365      6 -0.2724919E-03  0.0000000E+00  0.1000000E+01
         1   365      7 -0.3183465E-03  0.0000000E+00  0.9999999E+00
         1   365      8 -0.3642979E-03  0.0000000E+00  0.9999999E+00
         1   365      9 -0.4103459E-03  0.0000000E+00  0.9999999E+00
         1   365     10 -0.3493924E-02  0.0000000E+00  0.9999939E+00

         1   366      0  0.0000000E+00  0.0000000E+00  0.0000000E+00
         1   366      1  0.5998351E-06  0.0000000E+00  0.1000000E+01
         1   366      2 -0.9004244E-04  0.0000000E+00  0.1000000E+01
         1   366      3 -0.1355093E-03  0.0000000E+00  0.1000000E+01
         1   366      4 -0.1810732E-03  0.0000000E+00  0.1000000E+01
         1   366      5 -0.2267341E-03  0.0000000E+00  0.1000000E+01
         1   366      6 -0.2724919E-03  0.0000000E+00  0.1000000E+01
         1   366      7 -0.3183465E-03  0.0000000E+00  0.9999999E+00
         1   366      8 -0.3642979E-03  0.0000000E+00  0.9999999E+00
         1   366      9 -0.4103459E-03  0.0000000E+00  0.9999999E+00
         1   366     10 -0.3493924E-02  0.0000000E+00  0.9999939E+00

         1   367      0  0.0000000E+00  0.0000000E+00  0.0000000E+00
         1   367      1  0.5998351E-06  0.0000000E+00  0.1000000E+01
         1   367      2 -0.9001421E-04  0.0000000E+00  0.1000000E+01
         1   367      3 -0.1354459E-03  0.0000000E+00  0.1000000E+01
         1   367      4 -0.1809606E-03  0.0000000E+00  0.1000000E+01
         1   367      5 -0.2265583E-03  0.0000000E+00  0.1000000E+01
         1   367      6 -0.2722390E-03  0.0000000E+00  0.1000000E+01
         1   367      7 -0.3180027E-03  0.0000000E+00  0.9999999E+00
         1   367      8 -0.3638494E-03  0.0000000E+00  0.9999999E+00
         1   367      9 -0.4097790E-03  0.0000000E+00  0.9999999E+00
         1   367     10 -0.3491693E-02  0.0000000E+00  0.9999939E+00

         1   368      0  0.0000000E+00  0.0000000E+00  0.0000000E+00
         1   368      1  0.5998351E-06  0.0000000E+00  0.1000000E+01
         1   368      2 -0.9001421E-04  0.0000000E+00  0.1000000E+01
         1   368      3 -0.1354459E-03  0.0000000E+00  0.1000000E+01
         1   368      4 -0.1809606E-03  0.0000000E+00  0.1000000E+01
         1   368      5 -0.2265583E-03  0.0000000E+00  0.1000000E+01
         1   368      6 -0.2722390E-03  0.0000000E+00  0.1000000E+01
         1   368      7 -0.3180027E-03  0.0000000E+00  0.9999999E+00
         1   368      8 -0.3638494E-03  0.0000000E+00  0.9999999E+00
         1   368      9 -0.4097790E-03  0.0000000E+00  0.9999999E+00
         1   368     10 -0.3491693E-02  0.0000000E+00  0.9999939E+00

         1   369      0  0.0000000E+00  0.0000000E+00  0.0000000E+00
         1   369      1  0.5998351E-06  0.0000000E+00  0.1000000E+01
         1   369      2 -0.6904742E-04  0.0000000E+00  0.1000000E+01
         1   369      3 -0.1040181E-03  0.0000000E+00  0.1000000E+01
         1   369      4 -0.1390869E-03  0.0000000E+00  0.1000000E+01
         1   369      5 -0.1742536E-03  0.0000000E+00  0.1000000E+01
         1   369      6 -0.2095184E-03  0.0000000E+00  0.1000000E+01
         1   369      7 -0.2448811E-03  0.0000000E+00  0.1000000E+01
         1   369      8 -0.2803418E-03  0.0000000E+00  0.1000000E+01
         1   369      9 -0.3159005E-03  0.0000000E+00  0.1000000E+01
         1   369     10 -0.3268724E-02  0.0000000E+00  0.9999947E+00

         1   370      0  0.0000000E+00  0.0000000E+00  0.0000000E+00
         1   370      1  0.5998351E-06  0.0000000E+00  0.1000000E+01
         1   370      2 -0.5116325E-04  0.0000000E+00  0.1000000E+01
         1   370      3 -0.7721455E-04  0.0000000E+00  0.1000000E+01
         1   370      4 -0.1033790E-03  0.0000000E+00  0.1000000E+01
         1   370      5 -0.1296567E-03  0.0000000E+00  0.1000000E+01
         1   370      6 -0.1560475E-03  0.0000000E+00  0.1000000E+01
         1   370      7 -0.1825514E-03  0.0000000E+00  0.1000000E+01
         1   370      8 -0.2091685E-03  0.0000000E+00  0.1000000E+01
         1   370      9 -0.2358987E-03  0.0000000E+00  0.1000000E+01
         1   370     10 -0.3040098E-02  0.0000000E+00  0.9999954E+00

         1   371      0  0.0000000E+00  0.0000000E+00  0.0000000E+00
         1   371      1  0.5998351E-06  0.0000000E+00  0.1000000E+01
         1   371      2 -0.5116325E-04  0.0000000E+00  0.1000000E+01
         1   371      3 -0.7721455E-04  0.0000000E+00  0.1000000E+01
         1   371      4 -0.1033790E-03  0.0000000E+00  0.1000000E+01
         1   371      5 -0.1296567E-03  0.0000000E+00  0.1000000E+01
         1   371      6 -0.1560475E-03  0.0000000E+00  0.1000000E+01
         1   371      7 -0.1825514E-03  0.0000000E+00  0.1000000E+01
         1   371      8 -0.2091685E-03  0.0000000E+00  0.1000000E+01
         1   371      9 -0.2358987E-03  0.0000000E+00  0.1000000E+01
         1   371     10 -0.3040098E-02  0.0000000E+00  0.9999954E+00

         1   372      0  0.0000000E+00  0.0000000E+00  0.0000000E+00
         1   372      1  0.5998351E-06  0.0000000E+00  0.1000000E+01
         1   372      2 -0.5116325E-04  0.0000000E+00  0.1000000E+01
         1   372      3 -0.7721455E-04  0.0000000E+00  0.1000000E+01
         1   372      4 -0.1033790E-03  0.0000000E+00  0.1000000E+01
         1   372      5 -0.1296567E-03  0.0000000E+00  0.1000000E+01
         1   372      6 -0.1560475E-03  0.0000000E+00  0.1000000E+01
         1   372      7 -0.1825514E-03  0.0000000E+00  0.1000000E+01
         1   372      8 -0.2091685E-03  0.0000000E+00  0.1000000E+01
         1   372      9 -0.2358987E-03  0.0000000E+00  0.1000000E+01
         1   372     10 -0.3040098E-02  0.0000000E+00  0.9999954E+00

         1   373      0  0.0000000E+00  0.0000000E+00  0.0000000E+00
         1   373      1  0.5998351E-06  0.0000000E+00  0.1000000E+01
         1   373      2 -0.5116325E-04  0.0000000E+00  0.1000000E+01
         1   373      3 -0.7721455E-04  0.0000000E+00  0.1000000E+01
         1   373      4 -0.1033790E-03  0.0000000E+00  0.1000000E+01
         1   373      5 -0.1296567E-03  0.0000000E+00  0.1000000E+01
         1   373      6 -0.1560475E-03  0.0000000E+00  0.1000000E+01
         1   373      7 -0.1825514E-03  0.0000000E+00  0.1000000E+01
         1   373      8 -0.2091685E-03  0.0000000E+00  0.1000000E+01
         1   373      9 -0.2358987E-03  0.0000000E+00  0.1000000E+01
         1   373     10 -0.3040098E-02  0.0000000E+00  0.9999954E+00

         1   374      0  0.0000000E+00  0.0000000E+00  0.0000000E+00
         1   374      1  0.6174773E-06  0.0000000E+00  0.1000000E+01
         1   374      2 -0.5114938E-04  0.0000000E+00  0.1000000E+01
         1   374      3 -0.7720252E-04  0.0000000E+00  0.1000000E+01
         1   374      4 -0.1033688E-03  0.0000000E+00  0.1000000E+01
         1   374      5 -0.1296482E-03  0.0000000E+00  0.1000000E+01
         1   374      6 -0.1560407E-03  0.0000000E+00  0.1000000E+01
         1   374      7 -0.1825464E-03  0.0000000E+00  0.1000000E+01
         1   374      8 -0.2091651E-03  0.0000000E+00  0.1000000E+01
         1   374      9 -0.2358969E-03  0.0000000E+00  0.1000000E+01
         1   374     10 -0.3037908E-02  0.0000000E+00  0.9999954E+00

         1   375      0  0.0000000E+00  0.0000000E+00  0.0000000E+00
         1   375      1  0.6174773E-06  0.0000000E+00  0.1000000E+01
         1   375      2 -0.5114938E-04  0.0000000E+00  0.1000000E+01
         1   375      3 -0.7720252E-04  0.0000000E+00  0.1000000E+01
         1   375      4 -0.1033688E-03  0.0000000E+00  0.1000000E+01
         1   375      5 -0.1296482E-03  0.0000000E+00  0.1000000E+01
         1   375      6 -0.1560407E-03  0.0000000E+00  0.1000000E+01
         1   375      7 -0.1825464E-03  0.0000000E+00  0.1000000E+01
         1   375      8 -0.2091651E-03  0.0000000E+00  0.1000000E+01
         1   375      9 -0.2358969E-03  0.0000000E+00  0.1000000E+01
         1   375     10 -0.3037908E-02  0.0000000E+00  0.9999954E+00

         1   376      0  0.0000000E+00  0.0000000E+00  0.0000000E+00
         1   376      1  0.6174773E-06  0.0000000E+00  0.1000000E+01
         1   376      2 -0.5115477E-04  0.0000000E+00  0.1000000E+01
         1   376      3 -0.7721469E-04  0.0000000E+00  0.1000000E+01
         1   376      4 -0.1033905E-03  0.0000000E+00  0.1000000E+01
         1   376      5 -0.1296823E-03  0.0000000E+00  0.1000000E+01
         1   376      6 -0.1560900E-03  0.0000000E+00  0.1000000E+01
         1   376      7 -0.1826137E-03  0.0000000E+00  0.1000000E+01
         1   376      8 -0.2092535E-03  0.0000000E+00  0.1000000E+01
         1   376      9 -0.2360093E-03  0.0000000E+00  0.1000000E+01
         1   376     10 -0.3045679E-02  0.0000000E+00  0.9999954E+00

         1   377      0  0.0000000E+00  0.0000000E+00  0.0000000E+00
         1   377      1  0.6174773E-06  0.0000000E+00  0.1000000E+01
         1   377      2 -0.5115477E-04  0.0000000E+00  0.1000000E+01
         1   377      3 -0.7721469E-04  0.0000000E+00  0.1000000E+01
         1   377      4 -0.1033905E-03  0.0000000E+00  0.1000000E+01
         1   377      5 -0.1296823E-03  0.0000000E+00  0.1000000E+01
         1   377      6 -0.1560900E-03  0.0000000E+00  0.1000000E+01
         1   377      7 -0.1826137E-03  0.0000000E+00  0.1000000E+01
         1   377      8 -0.2092535E-03  0.0000000E+00  0.1000000E+01
         1   377      9 -0.2360093E-03  0.0000000E+00  0.1000000E+01
         1   377     10 -0.3045679E-02  0.0000000E+00  0.9999954E+00

         1   378      0  0.0000000E+00  0.0000000E+00  0.0000000E+00
         1   378      1  0.6174773E-06  0.0000000E+00  0.1000000E+01
         1   378      2 -0.3632067E-04  0.0000000E+00  0.1000000E+01
         1   378      3 -0.5492418E-04  0.0000000E+00  0.1000000E+01
         1   378      4 -0.7361730E-04  0.0000000E+00  0.1000000E+01
         1   378      5 -0.9240000E-04  0.0000000E+00  0.1000000E+01
         1   378      6 -0.1112723E-03  0.0000000E+00  0.1000000E+01
         1   378      7 -0.1302341E-03  0.0000000E+00  0.1000000E+01
         1   378      8 -0.1492855E-03  0.0000000E+00  0.1000000E+01
         1   378      9 -0.1684265E-03  0.0000000E+00  0.1000000E+01
         1   378     10 -0.3515746E-02  0.0000000E+00  0.9999938E+00

         1   379      0  0.0000000E+00  0.0000000E+00  0.0000000E+00
         1   379      1  0.6174773E-06  0.0000000E+00  0.1000000E+01
         1   379      2 -0.1943990E-04  0.0000000E+00  0.1000000E+01
         1   379      3 -0.2956410E-04  0.0000000E+00  0.1000000E+01
         1   379      4 -0.3975188E-04  0.0000000E+00  0.1000000E+01
         1   379      5 -0.5000320E-04  0.0000000E+00  0.1000000E+01
         1   379      6 -0.6031800E-04  0.0000000E+00  0.1000000E+01
         1   379      7 -0.7069621E-04  0.0000000E+00  0.1000000E+01
         1   379      8 -0.8113778E-04  0.0000000E+00  0.1000000E+01
         1   379      9 -0.9164265E-04  0.0000000E+00  0.1000000E+01
         1   379     10 -0.3985789E-02  0.0000000E+00  0.9999921E+00

         1   380      0  0.0000000E+00  0.0000000E+00  0.0000000E+00
         1   380      1  0.6174773E-06  0.0000000E+00  0.1000000E+01
         1   380      2 -0.1943990E-04  0.0000000E+00  0.1000000E+01
         1   380      3 -0.2956410E-04  0.0000000E+00  0.1000000E+01
         1   380      4 -0.3975188E-04  0.0000000E+00  0.1000000E+01
         1   380      5 -0.5000320E-04  0.0000000E+00  0.1000000E+01
         1   380      6 -0.6031800E-04  0.0000000E+00  0.1000000E+01
         1   380      7 -0.7069621E-04  0.0000000E+00  0.1000000E+01
         1   380      8 -0.8113778E-04  0.0000000E+00  0.1000000E+01
         1   380      9 -0.9164265E-04  0.0000000E+00  0.1000000E+01
         1   380     10 -0.3985789E-02  0.0000000E+00  0.9999921E+00

         1   381      0  0.0000000E+00  0.0000000E+00  0.0000000E+00
         1   381      1  0.6174773E-06  0.0000000E+00  0.1000000E+01
         1   381      2 -0.1943990E-04  0.0000000E+00  0.1000000E+01
         1   381      3 -0.2956410E-04  0.0000000E+00  0.1000000E+01
         1   381      4 -0.3975188E-04  0.0000000E+00  0.1000000E+01
         1   381      5 -0.5000320E-04  0.0000000E+00  0.1000000E+01
         1   381      6 -0.6031800E-04  0.0000000E+00  0.1000000E+01
         1   381      7 -0.7069621E-04  0.0000000E+00  0.1000000E+01
         1   381      8 -0.8113778E-04  0.0000000E+00  0.1000000E+01
         1   381      9 -0.9164265E-04  0.0000000E+00  0.1000000E+01
         1   381     10 -0.3985789E-02  0.0000000E+00  0.9999921E+00

         1   382      0  0.0000000E+00  0.0000000E+00  0.0000000E+00
         1   382      1  0.6174773E-06  0.0000000E+00  0.1000000E+01
         1   382      2 -0.1943990E-04  0.0000000E+00  0.1000000E+01
         1   382      3 -0.2956410E-04  0.0000000E+00  0.1000000E+01
         1   382      4 -0.3975188E-04  0.0000000E+00  0.1000000E+01
         1   382      5 -0.5000320E-04  0.0000000E+00  0.1000000E+01
         1   382      6 -0.6031800E-04  0.0000000E+00  0.1000000E+01
         1   382      7 -0.7069621E-04  0.0000000E+00  0.1000000E+01
         1   382      8 -0.8113778E-04  0.0000000E+00  0.1000000E+01
         1   382      9 -0.9164265E-04  0.0000000E+00  0.1000000E+01
         1   382     10 -0.3985789E-02  0.0000000E+00  0.9999921E+00

         1   383      0  0.0000000E+00  0.0000000E+00  0.0000000E+00
         1   383      1  0.6351195E-06  0.0000000E+00  0.1000000E+01
         1   383      2 -0.1937981E-04  0.0000000E+00  0.1000000E+01
         1   383      3 -0.2948274E-04  0.0000000E+00  0.1000000E+01
         1   383      4 -0.3964923E-04  0.0000000E+00  0.1000000E+01
         1   383      5 -0.4987923E-04  0.0000000E+00  0.1000000E+01
         1   383      6 -0.6017267E-04  0.0000000E+00  0.1000000E+01
         1   383      7 -0.7052950E-04  0.0000000E+00  0.1000000E+01
         1   383      8 -0.8094965E-04  0.0000000E+00  0.1000000E+01
         1   383      9 -0.9143309E-04  0.0000000E+00  0.1000000E+01
         1   383     10 -0.3983600E-02  0.0000000E+00  0.9999921E+00

         1   384      0  0.0000000E+00  0.0000000E+00  0.0000000E+00
         1   384      1  0.6351195E-06  0.0000000E+00  0.1000000E+01
         1   384      2 -0.1937981E-04  0.0000000E+00  0.1000000E+01
         1   384      3 -0.2948274E-04  0.0000000E+00  0.1000000E+01
         1   384      4 -0.3964923E-04  0.0000000E+00  0.1000000E+01
         1   384      5 -0.4987923E-04  0.0000000E+00  0.1000000E+01
         1   384      6 -0.6017267E-04  0.0000000E+00  0.1000000E+01
         1   384      7 -0.7052950E-04  0.0000000E+00  0.1000000E+01
         1   384      8 -0.8094965E-04  0.0000000E+00  0.1000000E+01
         1   384      9 -0.9143309E-04  0.0000000E+00  0.1000000E+01
         1   384     10 -0.3983600E-02  0.0000000E+00  0.9999921E+00

         1   385      0  0.0000000E+00  0.0000000E+00  0.0000000E+00
         1   385      1  0.6351195E-06  0.0000000E+00  0.1000000E+01
         1   385      2 -0.1934013E-04  0.0000000E+00  0.1000000E+01
         1   385      3 -0.2939340E-04  0.0000000E+00  0.1000000E+01
         1   385      4 -0.3949031E-04  0.0000000E+00  0.1000000E+01
         1   385      5 -0.4963076E-04  0.0000000E+00  0.1000000E+01
         1   385      6 -0.5981466E-04  0.0000000E+00  0.1000000E+01
         1   385      7 -0.7004191E-04  0.0000000E+00  0.1000000E+01
         1   385      8 -0.8031242E-04  0.0000000E+00  0.1000000E+01
         1   385      9 -0.9062610E-04  0.0000000E+00  0.1000000E+01
         1   385     10 -0.3980970E-02  0.0000000E+00  0.9999921E+00

         1   386      0  0.0000000E+00  0.0000000E+00  0.0000000E+00
         1   386      1  0.6351195E-06  0.0000000E+00  0.1000000E+01
         1   386      2 -0.1934013E-04  0.0000000E+00  0.1000000E+01
         1   386      3 -0.2939340E-04  0.0000000E+00  0.1000000E+01
         1   386      4 -0.3949031E-04  0.0000000E+00  0.1000000E+01
         1   386      5 -0.4963076E-04  0.0000000E+00  0.1000000E+01
         1   386      6 -0.5981466E-04  0.0000000E+00  0.1000000E+01
         1   386      7 -0.7004191E-04  0.0000000E+00  0.1000000E+01
         1   386      8 -0.8031242E-04  0.0000000E+00  0.1000000E+01
         1   386      9 -0.9062610E-04  0.0000000E+00  0.1000000E+01
         1   386     10 -0.3980970E-02  0.0000000E+00  0.9999921E+00

         1   387      0  0.0000000E+00  0.0000000E+00  0.0000000E+00
         1   387      1  0.6351195E-06  0.0000000E+00  0.1000000E+01
         1   387      2 -0.5083730E-04  0.0000000E+00  0.1000000E+01
         1   387      3 -0.7665019E-04  0.0000000E+00  0.1000000E+01
         1   387      4 -0.1025141E-03  0.0000000E+00  0.1000000E+01
         1   387      5 -0.1284290E-03  0.0000000E+00  0.1000000E+01
         1   387      6 -0.1543948E-03  0.0000000E+00  0.1000000E+01
         1   387      7 -0.1804115E-03  0.0000000E+00  0.1000000E+01
         1   387      8 -0.2064789E-03  0.0000000E+00  0.1000000E+01
         1   387      9 -0.2325971E-03  0.0000000E+00  0.1000000E+01
         1   387     10 -0.3751838E-02  0.0000000E+00  0.9999930E+00

         1   388      0  0.0000000E+00  0.0000000E+00  0.0000000E+00
         1   388      1  0.6351195E-06  0.0000000E+00  0.1000000E+01
         1   388      2 -0.8468754E-04  0.0000000E+00  0.1000000E+01
         1   388      3 -0.1274347E-03  0.0000000E+00  0.1000000E+01
         1   388      4 -0.1702392E-03  0.0000000E+00  0.1000000E+01
         1   388      5 -0.2131008E-03  0.0000000E+00  0.1000000E+01
         1   388      6 -0.2560195E-03  0.0000000E+00  0.1000000E+01
         1   388      7 -0.2989954E-03  0.0000000E+00  0.1000000E+01
         1   388      8 -0.3420283E-03  0.0000000E+00  0.9999999E+00
         1   388      9 -0.3851183E-03  0.0000000E+00  0.9999999E+00
         1   388     10 -0.3528266E-02  0.0000000E+00  0.9999938E+00

         1   389      0  0.0000000E+00  0.0000000E+00  0.0000000E+00
         1   389      1  0.6351195E-06  0.0000000E+00  0.1000000E+01
         1   389      2 -0.8468754E-04  0.0000000E+00  0.1000000E+01
         1   389      3 -0.1274347E-03  0.0000000E+00  0.1000000E+01
         1   389      4 -0.1702392E-03  0.0000000E+00  0.1000000E+01
         1   389      5 -0.2131008E-03  0.0000000E+00  0.1000000E+01
         1   389      6 -0.2560195E-03  0.0000000E+00  0.1000000E+01
         1   389      7 -0.2989954E-03  0.0000000E+00  0.1000000E+01
         1   389      8 -0.3420283E-03  0.0000000E+00  0.9999999E+00
         1   389      9 -0.3851183E-03  0.0000000E+00  0.9999999E+00
         1   389     10 -0.3528266E-02  0.0000000E+00  0.9999938E+00

         1   390      0  0.0000000E+00  0.0000000E+00  0.0000000E+00
         1   390      1  0.6351195E-06  0.0000000E+00  0.1000000E+01
         1   390      2 -0.8468754E-04  0.0000000E+00  0.1000000E+01
         1   390      3 -0.1274347E-03  0.0000000E+00  0.1000000E+01
         1   390      4 -0.1702392E-03  0.0000000E+00  0.1000000E+01
         1   390      5 -0.2131008E-03  0.0000000E+00  0.1000000E+01
         1   390      6 -0.2560195E-03  0.0000000E+00  0.1000000E+01
         1   390      7 -0.2989954E-03  0.0000000E+00  0.1000000E+01
         1   390      8 -0.3420283E-03  0.0000000E+00  0.9999999E+00
         1   390      9 -0.3851183E-03  0.0000000E+00  0.9999999E+00
         1   390     10 -0.3528266E-02  0.0000000E+00  0.9999938E+00

         1   391      0  0.0000000E+00  0.0000000E+00  0.0000000E+00
         1   391      1  0.6351195E-06  0.0000000E+00  0.1000000E+01
         1   391      2 -0.8468754E-04  0.0000000E+00  0.1000000E+01
         1   391      3 -0.1274347E-03  0.0000000E+00  0.1000000E+01
         1   391      4 -0.1702392E-03  0.0000000E+00  0.1000000E+01
         1   391      5 -0.2131008E-03  0.0000000E+00  0.1000000E+01
         1   391      6 -0.2560195E-03  0.0000000E+00  0.1000000E+01
         1   391      7 -0.2989954E-03  0.0000000E+00  0.1000000E+01
         1   391      8 -0.3420283E-03  0.0000000E+00  0.9999999E+00
         1   391      9 -0.3851183E-03  0.0000000E+00  0.9999999E+00
         1   391     10 -0.3528266E-02  0.0000000E+00  0.9999938E+00

         1   392      0  0.0000000E+00  0.0000000E+00  0.0000000E+00
         1   392      1  0.6527617E-06  0.0000000E+00  0.1000000E+01
         1   392      2 -0.8456747E-04  0.0000000E+00  0.1000000E+01
         1   392      3 -0.1272635E-03  0.0000000E+00  0.1000000E+01
         1   392      4 -0.1700166E-03  0.0000000E+00  0.1000000E+01
         1   392      5 -0.2128270E-03  0.0000000E+00  0.1000000E+01
         1   392      6 -0.2556945E-03  0.0000000E+00  0.1000000E+01
         1   392      7 -0.2986192E-03  0.0000000E+00  0.1000000E+01
         1   392      8 -0.3416009E-03  0.0000000E+00  0.9999999E+00
         1   392      9 -0.3846397E-03  0.0000000E+00  0.9999999E+00
         1   392     10 -0.3525935E-02  0.0000000E+00  0.9999938E+00

         1   393      0  0.0000000E+00  0.0000000E+00  0.0000000E+00
         1   393      1  0.6527617E-06  0.0000000E+00  0.1000000E+01
         1   393      2 -0.8456747E-04  0.0000000E+00  0.1000000E+01
         1   393      3 -0.1272635E-03  0.0000000E+00  0.1000000E+01
         1   393      4 -0.1700166E-03  0.0000000E+00  0.1000000E+01
         1   393      5 -0.2128270E-03  0.0000000E+00  0.1000000E+01
         1   393      6 -0.2556945E-03  0.0000000E+00  0.1000000E+01
         1   393      7 -0.2986192E-03  0.0000000E+00  0.1000000E+01
         1   393      8 -0.3416009E-03  0.0000000E+00  0.9999999E+00
         1   393      9 -0.3846397E-03  0.0000000E+00  0.9999999E+00
         1   393     10 -0.3525935E-02  0.0000000E+00  0.9999938E+00

         1   394      0  0.0000000E+00  0.0000000E+00  0.0000000E+00
         1   394      1  0.6527617E-06  0.0000000E+00  0.1000000E+01
         1   394      2 -0.8462915E-04  0.0000000E+00  0.1000000E+01
         1   394      3 -0.1274022E-03  0.0000000E+00  0.1000000E+01
         1   394      4 -0.1702633E-03  0.0000000E+00  0.1000000E+01
         1   394      5 -0.2132124E-03  0.0000000E+00  0.1000000E+01
         1   394      6 -0.2562494E-03  0.0000000E+00  0.1000000E+01
         1   394      7 -0.2993742E-03  0.0000000E+00  0.1000000E+01
         1   394      8 -0.3425869E-03  0.0000000E+00  0.9999999E+00
         1   394      9 -0.3858875E-03  0.0000000E+00  0.9999999E+00
         1   394     10 -0.3526744E-02  0.0000000E+00  0.9999938E+00

         1   395      0  0.0000000E+00  0.0000000E+00  0.0000000E+00
         1   395      1  0.6527617E-06  0.0000000E+00  0.1000000E+01
         1   395      2 -0.8462915E-04  0.0000000E+00  0.1000000E+01
         1   395      3 -0.1274022E-03  0.0000000E+00  0.1000000E+01
         1   395      4 -0.1702633E-03  0.0000000E+00  0.1000000E+01
         1   395      5 -0.2132124E-03  0.0000000E+00  0.1000000E+01
         1   395      6 -0.2562494E-03  0.0000000E+00  0.1000000E+01
         1   395      7 -0.2993742E-03  0.0000000E+00  0.1000000E+01
         1   395      8 -0.3425869E-03  0.0000000E+00  0.9999999E+00
         1   395      9 -0.3858875E-03  0.0000000E+00  0.9999999E+00
         1   395     10 -0.3526744E-02  0.0000000E+00  0.9999938E+00

         1   396      0  0.0000000E+00  0.0000000E+00  0.0000000E+00
         1   396      1  0.6527617E-06  0.0000000E+00  0.1000000E+01
         1   396      2  0.1783390E-05  0.0000000E+00  0.1000000E+01
         1   396      3  0.2205258E-05  0.0000000E+00  0.1000000E+01
         1   396      4  0.2531627E-05  0.0000000E+00  0.1000000E+01
         1   396      5  0.2762595E-05  0.0000000E+00  0.1000000E+01
         1   396      6  0.2898261E-05  0.0000000E+00  0.1000000E+01
         1   396      7  0.2938721E-05  0.0000000E+00  0.1000000E+01
         1   396      8  0.2884074E-05  0.0000000E+00  0.1000000E+01
         1   396      9  0.2734416E-05  0.0000000E+00  0.1000000E+01
         1   396     10 -0.3832034E-02  0.0000000E+00  0.9999927E+00

         1   397      0  0.0000000E+00  0.0000000E+00  0.0000000E+00
         1   397      1  0.6527617E-06  0.0000000E+00  0.1000000E+01
         1   397      2  0.8847022E-04  0.0000000E+00  0.1000000E+01
         1   397      3  0.1322236E-03  0.0000000E+00  0.1000000E+01
         1   397      4  0.1758737E-03  0.0000000E+00  0.1000000E+01
         1   397      5  0.2194205E-03  0.0000000E+00  0.1000000E+01
         1   397      6  0.2628643E-03  0.0000000E+00  0.1000000E+01
         1   397      7  0.3062052E-03  0.0000000E+00  0.1000000E+01
         1   397      8  0.3494433E-03  0.0000000E+00  0.9999999E+00
         1   397      9  0.3925788E-03  0.0000000E+00  0.9999999E+00
         1   397     10 -0.4131832E-02  0.0000000E+00  0.9999915E+00

         1   398      0  0.0000000E+00  0.0000000E+00  0.0000000E+00
         1   398      1  0.6527617E-06  0.0000000E+00  0.1000000E+01
         1   398      2  0.8847022E-04  0.0000000E+00  0.1000000E+01
         1   398      3  0.1322236E-03  0.0000000E+00  0.1000000E+01
         1   398      4  0.1758737E-03  0.0000000E+00  0.1000000E+01
         1   398      5  0.2194205E-03  0.0000000E+00  0.1000000E+01
         1   398      6  0.2628643E-03  0.0000000E+00  0.1000000E+01
         1   398      7  0.3062052E-03  0.0000000E+00  0.1000000E+01
         1   398      8  0.3494433E-03  0.0000000E+00  0.9999999E+00
         1   398      9  0.3925788E-03  0.0000000E+00  0.9999999E+00
         1   398     10 -0.4131832E-02  0.0000000E+00  0.9999915E+00

         1   399      0  0.0000000E+00  0.0000000E+00  0.0000000E+00
         1   399      1  0.6527617E-06  0.0000000E+00  0.1000000E+01
         1   399      2  0.8847022E-04  0.0000000E+00  0.1000000E+01
         1   399      3  0.1322236E-03  0.0000000E+00  0.1000000E+01
         1   399      4  0.1758737E-03  0.0000000E+00  0.1000000E+01
         1   399      5  0.2194205E-03  0.0000000E+00  0.1000000E+01
         1   399      6  0.2628643E-03  0.0000000E+00  0.1000000E+01
         1   399      7  0.3062052E-03  0.0000000E+00  0.1000000E+01
         1   399      8  0.3494433E-03  0.0000000E+00  0.9999999E+00
         1   399      9  0.3925788E-03  0.0000000E+00  0.9999999E+00
         1   399     10 -0.4131832E-02  0.0000000E+00  0.9999915E+00

         1   400      0  0.0000000E+00  0.0000000E+00  0.0000000E+00
         1   400      1  0.6527617E-06  0.0000000E+00  0.1000000E+01
         1   400      2  0.8847022E-04  0.0000000E+00  0.1000000E+01
         1   400      3  0.1322236E-03  0.0000000E+00  0.1000000E+01
         1   400      4  0.1758737E-03  0.0000000E+00  0.1000000E+01
         1   400      5  0.2194205E-03  0.0000000E+00  0.1000000E+01
         1   400      6  0.2628643E-03  0.0000000E+00  0.1000000E+01
         1   400      7  0.3062052E-03  0.0000000E+00  0.1000000E+01
         1   400      8  0.3494433E-03  0.0000000E+00  0.9999999E+00
         1   400      9  0.3925788E-03  0.0000000E+00  0.9999999E+00
         1   400     10 -0.4131832E-02  0.0000000E+00  0.9999915E+00

         1   401      0  0.0000000E+00  0.0000000E+00  0.0000000E+00
         1   401      1  0.6704039E-06  0.0000000E+00  0.1000000E+01
         1   401      2  0.8859649E-04  0.0000000E+00  0.1000000E+01
         1   401      3  0.1324042E-03  0.0000000E+00  0.1000000E+01
         1   401      4  0.1761085E-03  0.0000000E+00  0.1000000E+01
         1   401      5  0.2197096E-03  0.0000000E+00  0.1000000E+01
         1   401      6  0.2632077E-03  0.0000000E+00  0.1000000E+01
         1   401      7  0.3066028E-03  0.0000000E+00  0.1000000E+01
         1   401      8  0.3498951E-03  0.0000000E+00  0.9999999E+00
         1   401      9  0.3930849E-03  0.0000000E+00  0.9999999E+00
         1   401     10 -0.4129377E-02  0.0000000E+00  0.9999915E+00

         1   402      0  0.0000000E+00  0.0000000E+00  0.0000000E+00
         1   402      1  0.6704039E-06  0.0000000E+00  0.1000000E+01
         1   402      2  0.8859649E-04  0.0000000E+00  0.1000000E+01
         1   402      3  0.1324042E-03  0.0000000E+00  0.1000000E+01
         1   402      4  0.1761085E-03  0.0000000E+00  0.1000000E+01
         1   402      5  0.2197096E-03  0.0000000E+00  0.1000000E+01
         1   402      6  0.2632077E-03  0.0000000E+00  0.1000000E+01
         1   402      7  0.3066028E-03  0.0000000E+00  0.1000000E+01
         1   402      8  0.3498951E-03  0.0000000E+00  0.9999999E+00
         1   402      9  0.3930849E-03  0.0000000E+00  0.9999999E+00
         1   402     10 -0.4129377E-02  0.0000000E+00  0.9999915E+00

         1   403      0  0.0000000E+00  0.0000000E+00  0.0000000E+00
         1   403      1  0.6704039E-06  0.0000000E+00  0.1000000E+01
         1   403      2  0.8859649E-04  0.0000000E+00  0.1000000E+01
         1   403      3  0.1324042E-03  0.0000000E+00  0.1000000E+01
         1   403      4  0.1761085E-03  0.0000000E+00  0.1000000E+01
         1   403      5  0.2197096E-03  0.0000000E+00  0.1000000E+01
         1   403      6  0.2632077E-03  0.0000000E+00  0.1000000E+01
         1   403      7  0.3066028E-03  0.0000000E+00  0.1000000E+01
         1   403      8  0.3498951E-03  0.0000000E+00  0.9999999E+00
         1   403      9  0.3930849E-03  0.0000000E+00  0.9999999E+00
         1   403     10 -0.4129377E-02  0.0000000E+00  0.9999915E+00

         1   404      0  0.0000000E+00  0.0000000E+00  0.0000000E+00
         1   404      1  0.6704039E-06  0.0000000E+00  0.1000000E+01
         1   404      2  0.8859649E-04  0.0000000E+00  0.1000000E+01
         1   404      3  0.1324042E-03  0.0000000E+00  0.1000000E+01
         1   404      4  0.1761085E-03  0.0000000E+00  0.1000000E+01
         1   404      5  0.2197096E-03  0.0000000E+00  0.1000000E+01
         1   404      6  0.2632077E-03  0.0000000E+00  0.1000000E+01
         1   404      7  0.3066028E-03  0.0000000E+00  0.1000000E+01
         1   404      8  0.3498951E-03  0.0000000E+00  0.9999999E+00
         1   404      9  0.3930849E-03  0.0000000E+00  0.9999999E+00
         1   404     10 -0.4129377E-02  0.0000000E+00  0.9999915E+00

         1   405      0  0.0000000E+00  0.0000000E+00  0.0000000E+00
         1   405      1  0.6704039E-06  0.0000000E+00  0.1000000E+01
         1   405      2  0.4813654E-04  0.0000000E+00  0.1000000E+01
         1   405      3  0.7172489E-04  0.0000000E+00  0.1000000E+01
         1   405      4  0.9521695E-04  0.0000000E+00  0.1000000E+01
         1   405      5  0.1186129E-03  0.0000000E+00  0.1000000E+01
         1   405      6  0.1419128E-03  0.0000000E+00  0.1000000E+01
         1   405      7  0.1651169E-03  0.0000000E+00  0.1000000E+01
         1   405      8  0.1882253E-03  0.0000000E+00  0.1000000E+01
         1   405      9  0.2112381E-03  0.0000000E+00  0.1000000E+01
         1   405     10 -0.4038185E-02  0.0000000E+00  0.9999918E+00

         1   406      0  0.0000000E+00  0.0000000E+00  0.0000000E+00
         1   406      1  0.6704039E-06  0.0000000E+00  0.1000000E+01
         1   406      2  0.9302118E-05  0.0000000E+00  0.1000000E+01
         1   406      3  0.1348431E-04  0.0000000E+00  0.1000000E+01
         1   406      4  0.1757757E-04  0.0000000E+00  0.1000000E+01
         1   406      5  0.2158206E-04  0.0000000E+00  0.1000000E+01
         1   406      6  0.2549790E-04  0.0000000E+00  0.1000000E+01
         1   406      7  0.2932526E-04  0.0000000E+00  0.1000000E+01
         1   406      8  0.3306426E-04  0.0000000E+00  0.1000000E+01
         1   406      9  0.3671505E-04  0.0000000E+00  0.1000000E+01
         1   406     10 -0.3955998E-02  0.0000000E+00  0.9999922E+00

         1   407      0  0.0000000E+00  0.0000000E+00  0.0000000E+00
         1   407      1  0.6704039E-06  0.0000000E+00  0.1000000E+01
         1   407      2  0.9302118E-05  0.0000000E+00  0.1000000E+01
         1   407      3  0.1348431E-04  0.0000000E+00  0.1000000E+01
         1   407      4  0.1757757E-04  0.0000000E+00  0.1000000E+01
         1   407      5  0.2158206E-04  0.0000000E+00  0.1000000E+01
         1   407      6  0.2549790E-04  0.0000000E+00  0.1000000E+01
         1   407      7  0.2932526E-04  0.0000000E+00  0.1000000E+01
         1   407      8  0.3306426E-04  0.0000000E+00  0.1000000E+01
         1   407      9  0.3671505E-04  0.0000000E+00  0.1000000E+01
         1   407     10 -0.3955998E-02  0.0000000E+00  0.9999922E+00

         1   408      0  0.0000000E+00  0.0000000E+00  0.0000000E+00
         1   408      1  0.6704039E-06  0.0000000E+00  0.1000000E+01
         1   408      2  0.9302118E-05  0.0000000E+00  0.1000000E+01
         1   408      3  0.1348431E-04  0.0000000E+00  0.1000000E+01
         1   408      4  0.1757757E-04  0.0000000E+00  0.1000000E+01
         1   408      5  0.2158206E-04  0.0000000E+00  0.1000000E+01
         1   408      6  0.2549790E-04  0.0000000E+00  0.1000000E+01
         1   408      7  0.2932526E-04  0.0000000E+00  0.1000000E+01
         1   408      8  0.3306426E-04  0.0000000E+00  0.1000000E+01
         1   408      9  0.3671505E-04  0.0000000E+00  0.1000000E+01
         1   408     10 -0.3955998E-02  0.0000000E+00  0.9999922E+00

         1   409      0  0.0000000E+00  0.0000000E+00  0.0000000E+00
         1   409      1  0.6704039E-06  0.0000000E+00  0.1000000E+01
         1   409      2  0.9302118E-05  0.0000000E+00  0.1000000E+01
         1   409      3  0.1348431E-04  0.0000000E+00  0.1000000E+01
         1   409      4  0.1757757E-04  0.0000000E+00  0.1000000E+01
         1   409      5  0.2158206E-04  0.0000000E+00  0.1000000E+01
         1   409      6  0.2549790E-04  0.0000000E+00  0.1000000E+01
         1   409      7  0.2932526E-04  0.0000000E+00  0.1000000E+01
         1   409      8  0.3306426E-04  0.0000000E+00  0.1000000E+01
         1   409      9  0.3671505E-04  0.0000000E+00  0.1000000E+01
         1   409     10 -0.3955998E-02  0.0000000E+00  0.9999922E+00

         1   410      0  0.0000000E+00  0.0000000E+00  0.0000000E+00
         1   410      1  0.6880461E-06  0.0000000E+00  0.1000000E+01
         1   410      2  0.9386947E-05  0.0000000E+00  0.1000000E+01
         1   410      3  0.1360270E-04  0.0000000E+00  0.1000000E+01
         1   410      4  0.1772951E-04  0.0000000E+00  0.1000000E+01
         1   410      5  0.2176752E-04  0.0000000E+00  0.1000000E+01
         1   410      6  0.2571688E-04  0.0000000E+00  0.1000000E+01
         1   410      7  0.2957772E-04  0.0000000E+00  0.1000000E+01
         1   410      8  0.3335019E-04  0.0000000E+00  0.1000000E+01
         1   410      9  0.3703443E-04  0.0000000E+00  0.1000000E+01
         1   410     10 -0.3953313E-02  0.0000000E+00  0.9999922E+00

         1   411      0  0.0000000E+00  0.0000000E+00  0.0000000E+00
         1   411      1  0.6880461E-06  0.0000000E+00  0.1000000E+01
         1   411      2  0.9386947E-05  0.0000000E+00  0.1000000E+01
         1   411      3  0.1360270E-04  0.0000000E+00  0.1000000E+01
         1   411      4  0.1772951E-04  0.0000000E+00  0.1000000E+01
         1   411      5  0.2176752E-04  0.0000000E+00  0.1000000E+01
         1   411      6  0.2571688E-04  0.0000000E+00  0.1000000E+01
         1   411      7  0.2957772E-04  0.0000000E+00  0.1000000E+01
         1   411      8  0.3335019E-04  0.0000000E+00  0.1000000E+01
         1   411      9  0.3703443E-04  0.0000000E+00  0.1000000E+01
         1   411     10 -0.3953313E-02  0.0000000E+00  0.9999922E+00

         1   412      0  0.0000000E+00  0.0000000E+00  0.0000000E+00
         1   412      1  0.6880461E-06  0.0000000E+00  0.1000000E+01
         1   412      2  0.9386947E-05  0.0000000E+00  0.1000000E+01
         1   412      3  0.1360270E-04  0.0000000E+00  0.1000000E+01
         1   412      4  0.1772951E-04  0.0000000E+00  0.1000000E+01
         1   412      5  0.2176752E-04  0.0000000E+00  0.1000000E+01
         1   412      6  0.2571688E-04  0.0000000E+00  0.1000000E+01
         1   412      7  0.2957772E-04  0.0000000E+00  0.1000000E+01
         1   412      8  0.3335019E-04  0.0000000E+00  0.1000000E+01
         1   412      9  0.3703443E-04  0.0000000E+00  0.1000000E+01
         1   412     10 -0.3953313E-02  0.0000000E+00  0.9999922E+00

         1   413      0  0.0000000E+00  0.0000000E+00  0.0000000E+00
         1   413      1  0.6880461E-06  0.0000000E+00  0.1000000E+01
         1   413      2  0.9386947E-05  0.0000000E+00  0.1000000E+01
         1   413      3  0.1360270E-04  0.0000000E+00  0.1000000E+01
         1   413      4  0.1772951E-04  0.0000000E+00  0.1000000E+01
         1   413      5  0.2176752E-04  0.0000000E+00  0.1000000E+01
         1   413      6  0.2571688E-04  0.0000000E+00  0.1000000E+01
         1   413      7  0.2957772E-04  0.0000000E+00  0.1000000E+01
         1   413      8  0.3335019E-04  0.0000000E+00  0.1000000E+01
         1   413      9  0.3703443E-04  0.0000000E+00  0.1000000E+01
         1   413     10 -0.3953313E-02  0.0000000E+00  0.9999922E+00

         1   414      0  0.0000000E+00  0.0000000E+00  0.0000000E+00
         1   414      1  0.6880461E-06  0.0000000E+00  0.1000000E+01
         1   414      2  0.4804512E-04  0.0000000E+00  0.1000000E+01
         1   414      3  0.7156679E-04  0.0000000E+00  0.1000000E+01
         1   414      4  0.9498402E-04  0.0000000E+00  0.1000000E+01
         1   414      5  0.1182969E-03  0.0000000E+00  0.1000000E+01
         1   414      6  0.1415056E-03  0.0000000E+00  0.1000000E+01
         1   414      7  0.1646101E-03  0.0000000E+00  0.1000000E+01
         1   414      8  0.1876106E-03  0.0000000E+00  0.1000000E+01
         1   414      9  0.2105072E-03  0.0000000E+00  0.1000000E+01
         1   414     10 -0.3987016E-02  0.0000000E+00  0.9999921E+00

         1   415      0  0.0000000E+00  0.0000000E+00  0.0000000E+00
         1   415      1  0.6880461E-06  0.0000000E+00  0.1000000E+01
         1   415      2  0.8482631E-04  0.0000000E+00  0.1000000E+01
         1   415      3  0.1267155E-03  0.0000000E+00  0.1000000E+01
         1   415      4  0.1684848E-03  0.0000000E+00  0.1000000E+01
         1   415      5  0.2101343E-03  0.0000000E+00  0.1000000E+01
         1   415      6  0.2516640E-03  0.0000000E+00  0.1000000E+01
         1   415      7  0.2930740E-03  0.0000000E+00  0.1000000E+01
         1   415      8  0.3343644E-03  0.0000000E+00  0.9999999E+00
         1   415      9  0.3755353E-03  0.0000000E+00  0.9999999E+00
         1   415     10 -0.4017323E-02  0.0000000E+00  0.9999919E+00

         1   416      0  0.0000000E+00  0.0000000E+00  0.0000000E+00
         1   416      1  0.6880461E-06  0.0000000E+00  0.1000000E+01
         1   416      2  0.8482631E-04  0.0000000E+00  0.1000000E+01
         1   416      3  0.1267155E-03  0.0000000E+00  0.1000000E+01
         1   416      4  0.1684848E-03  0.0000000E+00  0.1000000E+01
         1   416      5  0.2101343E-03  0.0000000E+00  0.1000000E+01
         1   416      6  0.2516640E-03  0.0000000E+00  0.1000000E+01
         1   416      7  0.2930740E-03  0.0000000E+00  0.1000000E+01
         1   416      8  0.3343644E-03  0.0000000E+00  0.9999999E+00
         1   416      9  0.3755353E-03  0.0000000E+00  0.9999999E+00
         1   416     10 -0.4017323E-02  0.0000000E+00  0.9999919E+00

         1   417      0  0.0000000E+00  0.0000000E+00  0.0000000E+00
         1   417      1  0.6880461E-06  0.0000000E+00  0.1000000E+01
         1   417      2  0.8482631E-04  0.0000000E+00  0.1000000E+01
         1   417      3  0.1267155E-03  0.0000000E+00  0.1000000E+01
         1   417      4  0.1684848E-03  0.0000000E+00  0.1000000E+01
         1   417      5  0.2101343E-03  0.0000000E+00  0.1000000E+01
         1   417      6  0.2516640E-03  0.0000000E+00  0.1000000E+01
         1   417      7  0.2930740E-03  0.0000000E+00  0.1000000E+01
         1   417      8  0.3343644E-03  0.0000000E+00  0.9999999E+00
         1   417      9  0.3755353E-03  0.0000000E+00  0.9999999E+00
         1   417     10 -0.4017323E-02  0.0000000E+00  0.9999919E+00

         1   418      0  0.0000000E+00  0.0000000E+00  0.0000000E+00
         1   418      1  0.6880461E-06  0.0000000E+00  0.1000000E+01
         1   418      2  0.8482631E-04  0.0000000E+00  0.1000000E+01
         1   418      3  0.1267155E-03  0.0000000E+00  0.1000000E+01
         1   418      4  0.1684848E-03  0.0000000E+00  0.1000000E+01
         1   418      5  0.2101343E-03  0.0000000E+00  0.1000000E+01
         1   418      6  0.2516640E-03  0.0000000E+00  0.1000000E+01
         1   418      7  0.2930740E-03  0.0000000E+00  0.1000000E+01
         1   418      8  0.3343644E-03  0.0000000E+00  0.9999999E+00
         1   418      9  0.3755353E-03  0.0000000E+00  0.9999999E+00
         1   418     10 -0.4017323E-02  0.0000000E+00  0.9999919E+00

         1   419      0  0.0000000E+00  0.0000000E+00  0.0000000E+00
         1   419      1  0.7056883E-06  0.0000000E+00  0.1000000E+01
         1   419      2  0.8486874E-04  0.0000000E+00  0.1000000E+01
         1   419      3  0.1267703E-03  0.0000000E+00  0.1000000E+01
         1   419      4  0.1685519E-03  0.0000000E+00  0.1000000E+01
         1   419      5  0.2102138E-03  0.0000000E+00  0.1000000E+01
         1   419      6  0.2517558E-03  0.0000000E+00  0.1000000E+01
         1   419      7  0.2931781E-03  0.0000000E+00  0.1000000E+01
         1   419      8  0.3344808E-03  0.0000000E+00  0.9999999E+00
         1   419      9  0.3756639E-03  0.0000000E+00  0.9999999E+00
         1   419     10 -0.4014561E-02  0.0000000E+00  0.9999919E+00

         1   420      0  0.0000000E+00  0.0000000E+00  0.0000000E+00
         1   420      1  0.7056883E-06  0.0000000E+00  0.1000000E+01
         1   420      2  0.8486874E-04  0.0000000E+00  0.1000000E+01
         1   420      3  0.1267703E-03  0.0000000E+00  0.1000000E+01
         1   420      4  0.1685519E-03  0.0000000E+00  0.1000000E+01
         1   420      5  0.2102138E-03  0.0000000E+00  0.1000000E+01
         1   420      6  0.2517558E-03  0.0000000E+00  0.1000000E+01
         1   420      7  0.2931781E-03  0.0000000E+00  0.1000000E+01
         1   420      8  0.3344808E-03  0.0000000E+00  0.9999999E+00
         1   420      9  0.3756639E-03  0.0000000E+00  0.9999999E+00
         1   420     10 -0.4014561E-02  0.0000000E+00  0.9999919E+00

         1   421      0  0.0000000E+00  0.0000000E+00  0.0000000E+00
         1   421      1  0.7056883E-06  0.0000000E+00  0.1000000E+01
         1   421      2  0.8486874E-04  0.0000000E+00  0.1000000E+01
         1   421      3  0.1267703E-03  0.0000000E+00  0.1000000E+01
         1   421      4  0.1685519E-03  0.0000000E+00  0.1000000E+01
         1   421      5  0.2102138E-03  0.0000000E+00  0.1000000E+01
         1   421      6  0.2517558E-03  0.0000000E+00  0.1000000E+01
         1   421      7  0.2931781E-03  0.0000000E+00  0.1000000E+01
         1   421      8  0.3344808E-03  0.0000000E+00  0.9999999E+00
         1   421      9  0.3756639E-03  0.0000000E+00  0.9999999E+00
         1   421     10 -0.4014561E-02  0.0000000E+00  0.9999919E+00

         1   422      0  0.0000000E+00  0.0000000E+00  0.0000000E+00
         1   422      1  0.7056883E-06  0.0000000E+00  0.1000000E+01
         1   422      2  0.8486874E-04  0.0000000E+00  0.1000000E+01
         1   422      3  0.1267703E-03  0.0000000E+00  0.1000000E+01
         1   422      4  0.1685519E-03  0.0000000E+00  0.1000000E+01
         1   422      5  0.2102138E-03  0.0000000E+00  0.1000000E+01
         1   422      6  0.2517558E-03  0.0000000E+00  0.1000000E+01
         1   422      7  0.2931781E-03  0.0000000E+00  0.1000000E+01
         1   422      8  0.3344808E-03  0.0000000E+00  0.9999999E+00
         1   422      9  0.3756639E-03  0.0000000E+00  0.9999999E+00
         1   422     10 -0.4014561E-02  0.0000000E+00  0.9999919E+00

         1   423      0  0.0000000E+00  0.0000000E+00  0.0000000E+00
         1   423      1  0.7056883E-06  0.0000000E+00  0.1000000E+01
         1   423      2  0.9132216E-04  0.0000000E+00  0.1000000E+01
         1   423      3  0.1364589E-03  0.0000000E+00  0.1000000E+01
         1   423      4  0.1814814E-03  0.0000000E+00  0.1000000E+01
         1   423      5  0.2263899E-03  0.0000000E+00  0.1000000E+01
         1   423      6  0.2711843E-03  0.0000000E+00  0.1000000E+01
         1   423      7  0.3158648E-03  0.0000000E+00  0.1000000E+01
         1   423      8  0.3604316E-03  0.0000000E+00  0.9999999E+00
         1   423      9  0.4048846E-03  0.0000000E+00  0.9999999E+00
         1   423     10 -0.4014330E-02  0.0000000E+00  0.9999919E+00

         1   424      0  0.0000000E+00  0.0000000E+00  0.0000000E+00
         1   424      1  0.7056883E-06  0.0000000E+00  0.1000000E+01
         1   424      2  0.1026151E-03  0.0000000E+00  0.1000000E+01
         1   424      3  0.1534073E-03  0.0000000E+00  0.1000000E+01
         1   424      4  0.2040913E-03  0.0000000E+00  0.1000000E+01
         1   424      5  0.2546672E-03  0.0000000E+00  0.1000000E+01
         1   424      6  0.3051353E-03  0.0000000E+00  0.1000000E+01
         1   424      7  0.3554957E-03  0.0000000E+00  0.9999999E+00
         1   424      8  0.4057485E-03  0.0000000E+00  0.9999999E+00
         1   424      9  0.4558939E-03  0.0000000E+00  0.9999999E+00
         1   424     10 -0.4014081E-02  0.0000000E+00  0.9999919E+00

         1   425      0  0.0000000E+00  0.0000000E+00  0.0000000E+00
         1   425      1  0.7056883E-06  0.0000000E+00  0.1000000E+01
         1   425      2  0.1026151E-03  0.0000000E+00  0.1000000E+01
         1   425      3  0.1534073E-03  0.0000000E+00  0.1000000E+01
         1   425      4  0.2040913E-03  0.0000000E+00  0.1000000E+01
         1   425      5  0.2546672E-03  0.0000000E+00  0.1000000E+01
         1   425      6  0.3051353E-03  0.0000000E+00  0.1000000E+01
         1   425      7  0.3554957E-03  0.0000000E+00  0.9999999E+00
         1   425      8  0.4057485E-03  0.0000000E+00  0.9999999E+00
         1   425      9  0.4558939E-03  0.0000000E+00  0.9999999E+00
         1   425     10 -0.4014081E-02  0.0000000E+00  0.9999919E+00

         1   426      0  0.0000000E+00  0.0000000E+00  0.0000000E+00
         1   426      1  0.7056883E-06  0.0000000E+00  0.1000000E+01
         1   426      2  0.1026151E-03  0.0000000E+00  0.1000000E+01
         1   426      3  0.1534073E-03  0.0000000E+00  0.1000000E+01
         1   426      4  0.2040913E-03  0.0000000E+00  0.1000000E+01
         1   426      5  0.2546672E-03  0.0000000E+00  0.1000000E+01
         1   426      6  0.3051353E-03  0.0000000E+00  0.1000000E+01
         1   426      7  0.3554957E-03  0.0000000E+00  0.9999999E+00
         1   426      8  0.4057485E-03  0.0000000E+00  0.9999999E+00
         1   426      9  0.4558939E-03  0.0000000E+00  0.9999999E+00
         1   426     10 -0.4014081E-02  0.0000000E+00  0.9999919E+00

         1   427      0  0.0000000E+00  0.0000000E+00  0.0000000E+00
         1   427      1  0.7056883E-06  0.0000000E+00  0.1000000E+01
         1   427      2  0.1026151E-03  0.0000000E+00  0.1000000E+01
         1   427      3  0.1534073E-03  0.0000000E+00  0.1000000E+01
         1   427      4  0.2040913E-03  0.0000000E+00  0.1000000E+01
         1   427      5  0.2546672E-03  0.0000000E+00  0.1000000E+01
         1   427      6  0.3051353E-03  0.0000000E+00  0.1000000E+01
         1   427      7  0.3554957E-03  0.0000000E+00  0.9999999E+00
         1   427      8  0.4057485E-03  0.0000000E+00  0.9999999E+00
         1   427      9  0.4558939E-03  0.0000000E+00  0.9999999E+00
         1   427     10 -0.4014081E-02  0.0000000E+00  0.9999919E+00

         1   428      0  0.0000000E+00  0.0000000E+00  0.0000000E+00
         1   428      1  0.7056883E-06  0.0000000E+00  0.1000000E+01
         1   428      2  0.1026151E-03  0.0000000E+00  0.1000000E+01
         1   428      3  0.1534073E-03  0.0000000E+00  0.1000000E+01
         1   428      4  0.2040913E-03  0.0000000E+00  0.1000000E+01
         1   428      5  0.2546672E-03  0.0000000E+00  0.1000000E+01
         1   428      6  0.3051353E-03  0.0000000E+00  0.1000000E+01
         1   428      7  0.3554957E-03  0.0000000E+00  0.9999999E+00
         1   428      8  0.4057485E-03  0.0000000E+00  0.9999999E+00
         1   428      9  0.4558939E-03  0.0000000E+00  0.9999999E+00
         1   428     10 -0.4014081E-02  0.0000000E+00  0.9999919E+00

         1   429      0  0.0000000E+00  0.0000000E+00  0.0000000E+00
         1   429      1  0.7056883E-06  0.0000000E+00  0.1000000E+01
         1   429      2  0.1026151E-03  0.0000000E+00  0.1000000E+01
         1   429      3  0.1534073E-03  0.0000000E+00  0.1000000E+01
         1   429      4  0.2040913E-03  0.0000000E+00  0.1000000E+01
         1   429      5  0.2546672E-03  0.0000000E+00  0.1000000E+01
         1   429      6  0.3051353E-03  0.0000000E+00  0.1000000E+01
         1   429      7  0.3554957E-03  0.0000000E+00  0.9999999E+00
         1   429      8  0.4057485E-03  0.0000000E+00  0.9999999E+00
         1   429      9  0.4558939E-03  0.0000000E+00  0.9999999E+00
         1   429     10 -0.4014081E-02  0.0000000E+00  0.9999919E+00

         1   430      0  0.0000000E+00  0.0000000E+00  0.0000000E+00
         1   430      1  0.7056883E-06  0.0000000E+00  0.1000000E+01
         1   430      2  0.1026151E-03  0.0000000E+00  0.1000000E+01
         1   430      3  0.1534073E-03  0.0000000E+00  0.1000000E+01
         1   430      4  0.2040913E-03  0.0000000E+00  0.1000000E+01
         1   430      5  0.2546672E-03  0.0000000E+00  0.1000000E+01
         1   430      6  0.3051353E-03  0.0000000E+00  0.1000000E+01
         1   430      7  0.3554957E-03  0.0000000E+00  0.9999999E+00
         1   430      8  0.4057485E-03  0.0000000E+00  0.9999999E+00
         1   430      9  0.4558939E-03  0.0000000E+00  0.9999999E+00
         1   430     10 -0.4014081E-02  0.0000000E+00  0.9999919E+00

         1   431      0  0.0000000E+00  0.0000000E+00  0.0000000E+00
         1   431      1  0.7056883E-06  0.0000000E+00  0.1000000E+01
         1   431      2  0.1026151E-03  0.0000000E+00  0.1000000E+01
         1   431      3  0.1534073E-03  0.0000000E+00  0.1000000E+01
         1   431      4  0.2040913E-03  0.0000000E+00  0.1000000E+01
         1   431      5  0.2546672E-03  0.0000000E+00  0.1000000E+01
         1   431      6  0.3051353E-03  0.0000000E+00  0.1000000E+01
         1   431      7  0.3554957E-03  0.0000000E+00  0.9999999E+00
         1   431      8  0.4057485E-03  0.0000000E+00  0.9999999E+00
         1   431      9  0.4558939E-03  0.0000000E+00  0.9999999E+00
         1   431     10 -0.4014081E-02  0.0000000E+00  0.9999919E+00

         1   432      0  0.0000000E+00  0.0000000E+00  0.0000000E+00
         1   432      1  0.7056883E-06  0.0000000E+00  0.1000000E+01
         1   432      2  0.2805419E-04  0.0000000E+00  0.1000000E+01
         1   432      3  0.4156193E-04  0.0000000E+00  0.1000000E+01
         1   432      4  0.5495871E-04  0.0000000E+00  0.1000000E+01
         1   432      5  0.6824460E-04  0.0000000E+00  0.1000000E+01
         1   432      6  0.8141962E-04  0.0000000E+00  0.1000000E+01
         1   432      7  0.9448384E-04  0.0000000E+00  0.1000000E+01
         1   432      8  0.1074373E-03  0.0000000E+00  0.1000000E+01
         1   432      9  0.1202800E-03  0.0000000E+00  0.1000000E+01
         1   432     10 -0.4014276E-02  0.0000000E+00  0.9999919E+00

         1   433      0  0.0000000E+00  0.0000000E+00  0.0000000E+00
         1   433      1  0.7056883E-06  0.0000000E+00  0.1000000E+01
         1   433      2 -0.4780465E-04  0.0000000E+00  0.1000000E+01
         1   433      3 -0.7222966E-04  0.0000000E+00  0.1000000E+01
         1   433      4 -0.9676798E-04  0.0000000E+00  0.1000000E+01
         1   433      5 -0.1214197E-03  0.0000000E+00  0.1000000E+01
         1   433      6 -0.1461847E-03  0.0000000E+00  0.1000000E+01
         1   433      7 -0.1710633E-03  0.0000000E+00  0.1000000E+01
         1   433      8 -0.1960554E-03  0.0000000E+00  0.1000000E+01
         1   433      9 -0.2211610E-03  0.0000000E+00  0.1000000E+01
         1   433     10 -0.4014456E-02  0.0000000E+00  0.9999919E+00

         1   434      0  0.0000000E+00  0.0000000E+00  0.0000000E+00
         1   434      1  0.7056883E-06  0.0000000E+00  0.1000000E+01
         1   434      2 -0.4780465E-04  0.0000000E+00  0.1000000E+01
         1   434      3 -0.7222966E-04  0.0000000E+00  0.1000000E+01
         1   434      4 -0.9676798E-04  0.0000000E+00  0.1000000E+01
         1   434      5 -0.1214197E-03  0.0000000E+00  0.1000000E+01
         1   434      6 -0.1461847E-03  0.0000000E+00  0.1000000E+01
         1   434      7 -0.1710633E-03  0.0000000E+00  0.1000000E+01
         1   434      8 -0.1960554E-03  0.0000000E+00  0.1000000E+01
         1   434      9 -0.2211610E-03  0.0000000E+00  0.1000000E+01
         1   434     10 -0.4014456E-02  0.0000000E+00  0.9999919E+00

         1   435      0  0.0000000E+00  0.0000000E+00  0.0000000E+00
         1   435      1  0.7056883E-06  0.0000000E+00  0.1000000E+01
         1   435      2 -0.4780465E-04  0.0000000E+00  0.1000000E+01
         1   435      3 -0.7222966E-04  0.0000000E+00  0.1000000E+01
         1   435      4 -0.9676798E-04  0.0000000E+00  0.1000000E+01
         1   435      5 -0.1214197E-03  0.0000000E+00  0.1000000E+01
         1   435      6 -0.1461847E-03  0.0000000E+00  0.1000000E+01
         1   435      7 -0.1710633E-03  0.0000000E+00  0.1000000E+01
         1   435      8 -0.1960554E-03  0.0000000E+00  0.1000000E+01
         1   435      9 -0.2211610E-03  0.0000000E+00  0.1000000E+01
         1   435     10 -0.4014456E-02  0.0000000E+00  0.9999919E+00

         1   436      0  0.0000000E+00  0.0000000E+00  0.0000000E+00
         1   436      1  0.7056883E-06  0.0000000E+00  0.1000000E+01
         1   436      2 -0.4780465E-04  0.0000000E+00  0.1000000E+01
         1   436      3 -0.7222966E-04  0.0000000E+00  0.1000000E+01
         1   436      4 -0.9676798E-04  0.0000000E+00  0.1000000E+01
         1   436      5 -0.1214197E-03  0.0000000E+00  0.1000000E+01
         1   436      6 -0.1461847E-03  0.0000000E+00  0.1000000E+01
         1   436      7 -0.1710633E-03  0.0000000E+00  0.1000000E+01
         1   436      8 -0.1960554E-03  0.0000000E+00  0.1000000E+01
         1   436      9 -0.2211610E-03  0.0000000E+00  0.1000000E+01
         1   436     10 -0.4014456E-02  0.0000000E+00  0.9999919E+00

         1   437      0  0.0000000E+00  0.0000000E+00  0.0000000E+00
         1   437      1  0.7056883E-06  0.0000000E+00  0.1000000E+01
         1   437      2 -0.4780465E-04  0.0000000E+00  0.1000000E+01
         1   437      3 -0.7222966E-04  0.0000000E+00  0.1000000E+01
         1   437      4 -0.9676798E-04  0.0000000E+00  0.1000000E+01
         1   437      5 -0.1214197E-03  0.0000000E+00  0.1000000E+01
         1   437      6 -0.1461847E-03  0.0000000E+00  0.1000000E+01
         1   437      7 -0.1710633E-03  0.0000000E+00  0.1000000E+01
         1   437      8 -0.1960554E-03  0.0000000E+00  0.1000000E+01
         1   437      9 -0.2211610E-03  0.0000000E+00  0.1000000E+01
         1   437     10 -0.4014456E-02  0.0000000E+00  0.9999919E+00

         1   438      0  0.0000000E+00  0.0000000E+00  0.0000000E+00
         1   438      1  0.7056883E-06  0.0000000E+00  0.1000000E+01
         1   438      2 -0.4780465E-04  0.0000000E+00  0.1000000E+01
         1   438      3 -0.7222966E-04  0.0000000E+00  0.1000000E+01
         1   438      4 -0.9676798E-04  0.0000000E+00  0.1000000E+01
         1   438      5 -0.1214197E-03  0.0000000E+00  0.1000000E+01
         1   438      6 -0.1461847E-03  0.0000000E+00  0.1000000E+01
         1   438      7 -0.1710633E-03  0.0000000E+00  0.1000000E+01
         1   438      8 -0.1960554E-03  0.0000000E+00  0.1000000E+01
         1   438      9 -0.2211610E-03  0.0000000E+00  0.1000000E+01
         1   438     10 -0.4014456E-02  0.0000000E+00  0.9999919E+00

         1   439      0  0.0000000E+00  0.0000000E+00  0.0000000E+00
         1   439      1  0.7056883E-06  0.0000000E+00  0.1000000E+01
         1   439      2 -0.4780465E-04  0.0000000E+00  0.1000000E+01
         1   439      3 -0.7222966E-04  0.0000000E+00  0.1000000E+01
         1   439      4 -0.9676798E-04  0.0000000E+00  0.1000000E+01
         1   439      5 -0.1214197E-03  0.0000000E+00  0.1000000E+01
         1   439      6 -0.1461847E-03  0.0000000E+00  0.1000000E+01
         1   439      7 -0.1710633E-03  0.0000000E+00  0.1000000E+01
         1   439      8 -0.1960554E-03  0.0000000E+00  0.1000000E+01
         1   439      9 -0.2211610E-03  0.0000000E+00  0.1000000E+01
         1   439     10 -0.4014456E-02  0.0000000E+00  0.9999919E+00

         1   440      0  0.0000000E+00  0.0000000E+00  0.0000000E+00
         1   440      1  0.7056883E-06  0.0000000E+00  0.1000000E+01
         1   440      2 -0.4780465E-04  0.0000000E+00  0.1000000E+01
         1   440      3 -0.7222966E-04  0.0000000E+00  0.1000000E+01
         1   440      4 -0.9676798E-04  0.0000000E+00  0.1000000E+01
         1   440      5 -0.1214197E-03  0.0000000E+00  0.1000000E+01
         1   440      6 -0.1461847E-03  0.0000000E+00  0.1000000E+01
         1   440      7 -0.1710633E-03  0.0000000E+00  0.1000000E+01
         1   440      8 -0.1960554E-03  0.0000000E+00  0.1000000E+01
         1   440      9 -0.2211610E-03  0.0000000E+00  0.1000000E+01
         1   440     10 -0.4014456E-02  0.0000000E+00  0.9999919E+00

         1   441      0  0.0000000E+00  0.0000000E+00  0.0000000E+00
         1   441      1  0.7056883E-06  0.0000000E+00  0.1000000E+01
         1   441      2 -0.5529010E-05  0.0000000E+00  0.1000000E+01
         1   441      3 -0.8822571E-05  0.0000000E+00  0.1000000E+01
         1   441      4 -0.1223365E-04  0.0000000E+00  0.1000000E+01
         1   441      5 -0.1576227E-04  0.0000000E+00  0.1000000E+01
         1   441      6 -0.1940847E-04  0.0000000E+00  0.1000000E+01
         1   441      7 -0.2317228E-04  0.0000000E+00  0.1000000E+01
         1   441      8 -0.2705372E-04  0.0000000E+00  0.1000000E+01
         1   441      9 -0.3105284E-04  0.0000000E+00  0.1000000E+01
         1   441     10 -0.4014572E-02  0.0000000E+00  0.9999919E+00

         1   442      0  0.0000000E+00  0.0000000E+00  0.0000000E+00
         1   442      1  0.7056883E-06  0.0000000E+00  0.1000000E+01
         1   442      2  0.3098159E-04  0.0000000E+00  0.1000000E+01
         1   442      3  0.4593694E-04  0.0000000E+00  0.1000000E+01
         1   442      4  0.6077053E-04  0.0000000E+00  0.1000000E+01
         1   442      5  0.7548235E-04  0.0000000E+00  0.1000000E+01
         1   442      6  0.9007239E-04  0.0000000E+00  0.1000000E+01
         1   442      7  0.1045406E-03  0.0000000E+00  0.1000000E+01
         1   442      8  0.1188870E-03  0.0000000E+00  0.1000000E+01
         1   442      9  0.1331116E-03  0.0000000E+00  0.1000000E+01
         1   442     10 -0.4014696E-02  0.0000000E+00  0.9999919E+00

         1   443      0  0.0000000E+00  0.0000000E+00  0.0000000E+00
         1   443      1  0.7056883E-06  0.0000000E+00  0.1000000E+01
         1   443      2  0.3098159E-04  0.0000000E+00  0.1000000E+01
         1   443      3  0.4593694E-04  0.0000000E+00  0.1000000E+01
         1   443      4  0.6077053E-04  0.0000000E+00  0.1000000E+01
         1   443      5  0.7548235E-04  0.0000000E+00  0.1000000E+01
         1   443      6  0.9007239E-04  0.0000000E+00  0.1000000E+01
         1   443      7  0.1045406E-03  0.0000000E+00  0.1000000E+01
         1   443      8  0.1188870E-03  0.0000000E+00  0.1000000E+01
         1   443      9  0.1331116E-03  0.0000000E+00  0.1000000E+01
         1   443     10 -0.4014696E-02  0.0000000E+00  0.9999919E+00

         1   444      0  0.0000000E+00  0.0000000E+00  0.0000000E+00
         1   444      1  0.7056883E-06  0.0000000E+00  0.1000000E+01
         1   444      2  0.3098159E-04  0.0000000E+00  0.1000000E+01
         1   444      3  0.4593694E-04  0.0000000E+00  0.1000000E+01
         1   444      4  0.6077053E-04  0.0000000E+00  0.1000000E+01
         1   444      5  0.7548235E-04  0.0000000E+00  0.1000000E+01
         1   444      6  0.9007239E-04  0.0000000E+00  0.1000000E+01
         1   444      7  0.1045406E-03  0.0000000E+00  0.1000000E+01
         1   444      8  0.1188870E-03  0.0000000E+00  0.1000000E+01
         1   444      9  0.1331116E-03  0.0000000E+00  0.1000000E+01
         1   444     10 -0.4014696E-02  0.0000000E+00  0.9999919E+00

         1   445      0  0.0000000E+00  0.0000000E+00  0.0000000E+00
         1   445      1  0.7056883E-06  0.0000000E+00  0.1000000E+01
         1   445      2  0.3098159E-04  0.0000000E+00  0.1000000E+01
         1   445      3  0.4593694E-04  0.0000000E+00  0.1000000E+01
         1   445      4  0.6077053E-04  0.0000000E+00  0.1000000E+01
         1   445      5  0.7548235E-04  0.0000000E+00  0.1000000E+01
         1   445      6  0.9007239E-04  0.0000000E+00  0.1000000E+01
         1   445      7  0.1045406E-03  0.0000000E+00  0.1000000E+01
         1   445      8  0.1188870E-03  0.0000000E+00  0.1000000E+01
         1   445      9  0.1331116E-03  0.0000000E+00  0.1000000E+01
         1   445     10 -0.4014696E-02  0.0000000E+00  0.9999919E+00

         1   446      0  0.0000000E+00  0.0000000E+00  0.0000000E+00
         1   446      1  0.7233306E-06  0.0000000E+00  0.1000000E+01
         1   446      2  0.3092088E-04  0.0000000E+00  0.1000000E+01
         1   446      3  0.4583708E-04  0.0000000E+00  0.1000000E+01
         1   446      4  0.6063154E-04  0.0000000E+00  0.1000000E+01
         1   446      5  0.7530424E-04  0.0000000E+00  0.1000000E+01
         1   446      6  0.8985518E-04  0.0000000E+00  0.1000000E+01
         1   446      7  0.1042843E-03  0.0000000E+00  0.1000000E+01
         1   446      8  0.1185917E-03  0.0000000E+00  0.1000000E+01
         1   446      9  0.1327772E-03  0.0000000E+00  0.1000000E+01
         1   446     10 -0.4011933E-02  0.0000000E+00  0.9999920E+00

         1   447      0  0.0000000E+00  0.0000000E+00  0.0000000E+00
         1   447      1  0.7233306E-06  0.0000000E+00  0.1000000E+01
         1   447      2  0.3092088E-04  0.0000000E+00  0.1000000E+01
         1   447      3  0.4583708E-04  0.0000000E+00  0.1000000E+01
         1   447      4  0.6063154E-04  0.0000000E+00  0.1000000E+01
         1   447      5  0.7530424E-04  0.0000000E+00  0.1000000E+01
         1   447      6  0.8985518E-04  0.0000000E+00  0.1000000E+01
         1   447      7  0.1042843E-03  0.0000000E+00  0.1000000E+01
         1   447      8  0.1185917E-03  0.0000000E+00  0.1000000E+01
         1   447      9  0.1327772E-03  0.0000000E+00  0.1000000E+01
         1   447     10 -0.4011933E-02  0.0000000E+00  0.9999920E+00

         1   448      0  0.0000000E+00  0.0000000E+00  0.0000000E+00
         1   448      1  0.7233306E-06  0.0000000E+00  0.1000000E+01
         1   448      2  0.3092088E-04  0.0000000E+00  0.1000000E+01
         1   448      3  0.4583708E-04  0.0000000E+00  0.1000000E+01
         1   448      4  0.6063154E-04  0.0000000E+00  0.1000000E+01
         1   448      5  0.7530424E-04  0.0000000E+00  0.1000000E+01
         1   448      6  0.8985518E-04  0.0000000E+00  0.1000000E+01
         1   448      7  0.1042843E-03  0.0000000E+00  0.1000000E+01
         1   448      8  0.1185917E-03  0.0000000E+00  0.1000000E+01
         1   448      9  0.1327772E-03  0.0000000E+00  0.1000000E+01
         1   448     10 -0.4011933E-02  0.0000000E+00  0.9999920E+00

         1   449      0  0.0000000E+00  0.0000000E+00  0.0000000E+00
         1   449      1  0.7233306E-06  0.0000000E+00  0.1000000E+01
         1   449      2  0.3092088E-04  0.0000000E+00  0.1000000E+01
         1   449      3  0.4583708E-04  0.0000000E+00  0.1000000E+01
         1   449      4  0.6063154E-04  0.0000000E+00  0.1000000E+01
         1   449      5  0.7530424E-04  0.0000000E+00  0.1000000E+01
         1   449      6  0.8985518E-04  0.0000000E+00  0.1000000E+01
         1   449      7  0.1042843E-03  0.0000000E+00  0.1000000E+01
         1   449      8  0.1185917E-03  0.0000000E+00  0.1000000E+01
         1   449      9  0.1327772E-03  0.0000000E+00  0.1000000E+01
         1   449     10 -0.4011933E-02  0.0000000E+00  0.9999920E+00

         1   450      0  0.0000000E+00  0.0000000E+00  0.0000000E+00
         1   450      1  0.7233306E-06  0.0000000E+00  0.1000000E+01
         1   450      2 -0.2367190E-04  0.0000000E+00  0.1000000E+01
         1   450      3 -0.3603015E-04  0.0000000E+00  0.1000000E+01
         1   450      4 -0.4849548E-04  0.0000000E+00  0.1000000E+01
         1   450      5 -0.6106787E-04  0.0000000E+00  0.1000000E+01
         1   450      6 -0.7374732E-04  0.0000000E+00  0.1000000E+01
         1   450      7 -0.8653380E-04  0.0000000E+00  0.1000000E+01
         1   450      8 -0.9942731E-04  0.0000000E+00  0.1000000E+01
         1   450      9 -0.1124278E-03  0.0000000E+00  0.1000000E+01
         1   450     10 -0.4041163E-02  0.0000000E+00  0.9999918E+00

         1   451      0  0.0000000E+00  0.0000000E+00  0.0000000E+00
         1   451      1  0.7233306E-06  0.0000000E+00  0.1000000E+01
         1   451      2 -0.7716099E-04  0.0000000E+00  0.1000000E+01
         1   451      3 -0.1162416E-03  0.0000000E+00  0.1000000E+01
         1   451      4 -0.1554144E-03  0.0000000E+00  0.1000000E+01
         1   451      5 -0.1946794E-03  0.0000000E+00  0.1000000E+01
         1   451      6 -0.2340365E-03  0.0000000E+00  0.1000000E+01
         1   451      7 -0.2734857E-03  0.0000000E+00  0.1000000E+01
         1   451      8 -0.3130270E-03  0.0000000E+00  0.1000000E+01
         1   451      9 -0.3526603E-03  0.0000000E+00  0.9999999E+00
         1   451     10 -0.4073780E-02  0.0000000E+00  0.9999917E+00

         1   452      0  0.0000000E+00  0.0000000E+00  0.0000000E+00
         1   452      1  0.7233306E-06  0.0000000E+00  0.1000000E+01
         1   452      2 -0.7716099E-04  0.0000000E+00  0.1000000E+01
         1   452      3 -0.1162416E-03  0.0000000E+00  0.1000000E+01
         1   452      4 -0.1554144E-03  0.0000000E+00  0.1000000E+01
         1   452      5 -0.1946794E-03  0.0000000E+00  0.1000000E+01
         1   452      6 -0.2340365E-03  0.0000000E+00  0.1000000E+01
         1   452      7 -0.2734857E-03  0.0000000E+00  0.1000000E+01
         1   452      8 -0.3130270E-03  0.0000000E+00  0.1000000E+01
         1   452      9 -0.3526603E-03  0.0000000E+00  0.9999999E+00
         1   452     10 -0.4073780E-02  0.0000000E+00  0.9999917E+00

         1   453      0  0.0000000E+00  0.0000000E+00  0.0000000E+00
         1   453      1  0.7233306E-06  0.0000000E+00  0.1000000E+01
         1   453      2 -0.7716099E-04  0.0000000E+00  0.1000000E+01
         1   453      3 -0.1162416E-03  0.0000000E+00  0.1000000E+01
         1   453      4 -0.1554144E-03  0.0000000E+00  0.1000000E+01
         1   453      5 -0.1946794E-03  0.0000000E+00  0.1000000E+01
         1   453      6 -0.2340365E-03  0.0000000E+00  0.1000000E+01
         1   453      7 -0.2734857E-03  0.0000000E+00  0.1000000E+01
         1   453      8 -0.3130270E-03  0.0000000E+00  0.1000000E+01
         1   453      9 -0.3526603E-03  0.0000000E+00  0.9999999E+00
         1   453     10 -0.4073780E-02  0.0000000E+00  0.9999917E+00

         1   454      0  0.0000000E+00  0.0000000E+00  0.0000000E+00
         1   454      1  0.7233306E-06  0.0000000E+00  0.1000000E+01
         1   454      2 -0.7716099E-04  0.0000000E+00  0.1000000E+01
         1   454      3 -0.1162416E-03  0.0000000E+00  0.1000000E+01
         1   454      4 -0.1554144E-03  0.0000000E+00  0.1000000E+01
         1   454      5 -0.1946794E-03  0.0000000E+00  0.1000000E+01
         1   454      6 -0.2340365E-03  0.0000000E+00  0.1000000E+01
         1   454      7 -0.2734857E-03  0.0000000E+00  0.1000000E+01
         1   454      8 -0.3130270E-03  0.0000000E+00  0.1000000E+01
         1   454      9 -0.3526603E-03  0.0000000E+00  0.9999999E+00
         1   454     10 -0.4073780E-02  0.0000000E+00  0.9999917E+00

         1   455      0  0.0000000E+00  0.0000000E+00  0.0000000E+00
         1   455      1  0.7409728E-06  0.0000000E+00  0.1000000E+01
         1   455      2 -0.7719677E-04  0.0000000E+00  0.1000000E+01
         1   455      3 -0.1163040E-03  0.0000000E+00  0.1000000E+01
         1   455      4 -0.1555035E-03  0.0000000E+00  0.1000000E+01
         1   455      5 -0.1947951E-03  0.0000000E+00  0.1000000E+01
         1   455      6 -0.2341789E-03  0.0000000E+00  0.1000000E+01
         1   455      7 -0.2736547E-03  0.0000000E+00  0.1000000E+01
         1   455      8 -0.3132225E-03  0.0000000E+00  0.1000000E+01
         1   455      9 -0.3528824E-03  0.0000000E+00  0.9999999E+00
         1   455     10 -0.4071094E-02  0.0000000E+00  0.9999917E+00

         1   456      0  0.0000000E+00  0.0000000E+00  0.0000000E+00
         1   456      1  0.7409728E-06  0.0000000E+00  0.1000000E+01
         1   456      2 -0.7719677E-04  0.0000000E+00  0.1000000E+01
         1   456      3 -0.1163040E-03  0.0000000E+00  0.1000000E+01
         1   456      4 -0.1555035E-03  0.0000000E+00  0.1000000E+01
         1   456      5 -0.1947951E-03  0.0000000E+00  0.1000000E+01
         1   456      6 -0.2341789E-03  0.0000000E+00  0.1000000E+01
         1   456      7 -0.2736547E-03  0.0000000E+00  0.1000000E+01
         1   456      8 -0.3132225E-03  0.0000000E+00  0.1000000E+01
         1   456      9 -0.3528824E-03  0.0000000E+00  0.9999999E+00
         1   456     10 -0.4071094E-02  0.0000000E+00  0.9999917E+00

         1   457      0  0.0000000E+00  0.0000000E+00  0.0000000E+00
         1   457      1  0.7409728E-06  0.0000000E+00  0.1000000E+01
         1   457      2 -0.7719677E-04  0.0000000E+00  0.1000000E+01
         1   457      3 -0.1163040E-03  0.0000000E+00  0.1000000E+01
         1   457      4 -0.1555035E-03  0.0000000E+00  0.1000000E+01
         1   457      5 -0.1947951E-03  0.0000000E+00  0.1000000E+01
         1   457      6 -0.2341789E-03  0.0000000E+00  0.1000000E+01
         1   457      7 -0.2736547E-03  0.0000000E+00  0.1000000E+01
         1   457      8 -0.3132225E-03  0.0000000E+00  0.1000000E+01
         1   457      9 -0.3528824E-03  0.0000000E+00  0.9999999E+00
         1   457     10 -0.4071094E-02  0.0000000E+00  0.9999917E+00

         1   458      0  0.0000000E+00  0.0000000E+00  0.0000000E+00
         1   458      1  0.7409728E-06  0.0000000E+00  0.1000000E+01
         1   458      2 -0.7719677E-04  0.0000000E+00  0.1000000E+01
         1   458      3 -0.1163040E-03  0.0000000E+00  0.1000000E+01
         1   458      4 -0.1555035E-03  0.0000000E+00  0.1000000E+01
         1   458      5 -0.1947951E-03  0.0000000E+00  0.1000000E+01
         1   458      6 -0.2341789E-03  0.0000000E+00  0.1000000E+01
         1   458      7 -0.2736547E-03  0.0000000E+00  0.1000000E+01
         1   458      8 -0.3132225E-03  0.0000000E+00  0.1000000E+01
         1   458      9 -0.3528824E-03  0.0000000E+00  0.9999999E+00
         1   458     10 -0.4071094E-02  0.0000000E+00  0.9999917E+00

         1   459      0  0.0000000E+00  0.0000000E+00  0.0000000E+00
         1   459      1  0.7409728E-06  0.0000000E+00  0.1000000E+01
         1   459      2 -0.6731694E-04  0.0000000E+00  0.1000000E+01
         1   459      3 -0.1014977E-03  0.0000000E+00  0.1000000E+01
         1   459      4 -0.1357797E-03  0.0000000E+00  0.1000000E+01
         1   459      5 -0.1701629E-03  0.0000000E+00  0.1000000E+01
         1   459      6 -0.2046473E-03  0.0000000E+00  0.1000000E+01
         1   459      7 -0.2392329E-03  0.0000000E+00  0.1000000E+01
         1   459      8 -0.2739197E-03  0.0000000E+00  0.1000000E+01
         1   459      9 -0.3087077E-03  0.0000000E+00  0.1000000E+01
         1   459     10 -0.3989482E-02  0.0000000E+00  0.9999920E+00

         1   460      0  0.0000000E+00  0.0000000E+00  0.0000000E+00
         1   460      1  0.7409728E-06  0.0000000E+00  0.1000000E+01
         1   460      2 -0.6014544E-04  0.0000000E+00  0.1000000E+01
         1   460      3 -0.9075379E-04  0.0000000E+00  0.1000000E+01
         1   460      4 -0.1214723E-03  0.0000000E+00  0.1000000E+01
         1   460      5 -0.1523010E-03  0.0000000E+00  0.1000000E+01
         1   460      6 -0.1832400E-03  0.0000000E+00  0.1000000E+01
         1   460      7 -0.2142892E-03  0.0000000E+00  0.1000000E+01
         1   460      8 -0.2454488E-03  0.0000000E+00  0.1000000E+01
         1   460      9 -0.2767187E-03  0.0000000E+00  0.1000000E+01
         1   460     10 -0.3898852E-02  0.0000000E+00  0.9999924E+00

         1   461      0  0.0000000E+00  0.0000000E+00  0.0000000E+00
         1   461      1  0.7409728E-06  0.0000000E+00  0.1000000E+01
         1   461      2 -0.6014544E-04  0.0000000E+00  0.1000000E+01
         1   461      3 -0.9075379E-04  0.0000000E+00  0.1000000E+01
         1   461      4 -0.1214723E-03  0.0000000E+00  0.1000000E+01
         1   461      5 -0.1523010E-03  0.0000000E+00  0.1000000E+01
         1   461      6 -0.1832400E-03  0.0000000E+00  0.1000000E+01
         1   461      7 -0.2142892E-03  0.0000000E+00  0.1000000E+01
         1   461      8 -0.2454488E-03  0.0000000E+00  0.1000000E+01
         1   461      9 -0.2767187E-03  0.0000000E+00  0.1000000E+01
         1   461     10 -0.3898852E-02  0.0000000E+00  0.9999924E+00

         1   462      0  0.0000000E+00  0.0000000E+00  0.0000000E+00
         1   462      1  0.7409728E-06  0.0000000E+00  0.1000000E+01
         1   462      2 -0.6014544E-04  0.0000000E+00  0.1000000E+01
         1   462      3 -0.9075379E-04  0.0000000E+00  0.1000000E+01
         1   462      4 -0.1214723E-03  0.0000000E+00  0.1000000E+01
         1   462      5 -0.1523010E-03  0.0000000E+00  0.1000000E+01
         1   462      6 -0.1832400E-03  0.0000000E+00  0.1000000E+01
         1   462      7 -0.2142892E-03  0.0000000E+00  0.1000000E+01
         1   462      8 -0.2454488E-03  0.0000000E+00  0.1000000E+01
         1   462      9 -0.2767187E-03  0.0000000E+00  0.1000000E+01
         1   462     10 -0.3898852E-02  0.0000000E+00  0.9999924E+00

         1   463      0  0.0000000E+00  0.0000000E+00  0.0000000E+00
         1   463      1  0.7409728E-06  0.0000000E+00  0.1000000E+01
         1   463      2 -0.6014544E-04  0.0000000E+00  0.1000000E+01
         1   463      3 -0.9075379E-04  0.0000000E+00  0.1000000E+01
         1   463      4 -0.1214723E-03  0.0000000E+00  0.1000000E+01
         1   463      5 -0.1523010E-03  0.0000000E+00  0.1000000E+01
         1   463      6 -0.1832400E-03  0.0000000E+00  0.1000000E+01
         1   463      7 -0.2142892E-03  0.0000000E+00  0.1000000E+01
         1   463      8 -0.2454488E-03  0.0000000E+00  0.1000000E+01
         1   463      9 -0.2767187E-03  0.0000000E+00  0.1000000E+01
         1   463     10 -0.3898852E-02  0.0000000E+00  0.9999924E+00

         1   464      0  0.0000000E+00  0.0000000E+00  0.0000000E+00
         1   464      1  0.7586150E-06  0.0000000E+00  0.1000000E+01
         1   464      2 -0.6011218E-04  0.0000000E+00  0.1000000E+01
         1   464      3 -0.9071270E-04  0.0000000E+00  0.1000000E+01
         1   464      4 -0.1214234E-03  0.0000000E+00  0.1000000E+01
         1   464      5 -0.1522442E-03  0.0000000E+00  0.1000000E+01
         1   464      6 -0.1831752E-03  0.0000000E+00  0.1000000E+01
         1   464      7 -0.2142166E-03  0.0000000E+00  0.1000000E+01
         1   464      8 -0.2453682E-03  0.0000000E+00  0.1000000E+01
         1   464      9 -0.2766302E-03  0.0000000E+00  0.1000000E+01
         1   464     10 -0.3896396E-02  0.0000000E+00  0.9999924E+00

         1   465      0  0.0000000E+00  0.0000000E+00  0.0000000E+00
         1   465      1  0.7586150E-06  0.0000000E+00  0.1000000E+01
         1   465      2 -0.6011218E-04  0.0000000E+00  0.1000000E+01
         1   465      3 -0.9071270E-04  0.0000000E+00  0.1000000E+01
         1   465      4 -0.1214234E-03  0.0000000E+00  0.1000000E+01
         1   465      5 -0.1522442E-03  0.0000000E+00  0.1000000E+01
         1   465      6 -0.1831752E-03  0.0000000E+00  0.1000000E+01
         1   465      7 -0.2142166E-03  0.0000000E+00  0.1000000E+01
         1   465      8 -0.2453682E-03  0.0000000E+00  0.1000000E+01
         1   465      9 -0.2766302E-03  0.0000000E+00  0.1000000E+01
         1   465     10 -0.3896396E-02  0.0000000E+00  0.9999924E+00

         1   466      0  0.0000000E+00  0.0000000E+00  0.0000000E+00
         1   466      1  0.7586150E-06  0.0000000E+00  0.1000000E+01
         1   466      2 -0.6011723E-04  0.0000000E+00  0.1000000E+01
         1   466      3 -0.9072409E-04  0.0000000E+00  0.1000000E+01
         1   466      4 -0.1214436E-03  0.0000000E+00  0.1000000E+01
         1   466      5 -0.1522759E-03  0.0000000E+00  0.1000000E+01
         1   466      6 -0.1832210E-03  0.0000000E+00  0.1000000E+01
         1   466      7 -0.2142789E-03  0.0000000E+00  0.1000000E+01
         1   466      8 -0.2454497E-03  0.0000000E+00  0.1000000E+01
         1   466      9 -0.2767334E-03  0.0000000E+00  0.1000000E+01
         1   466     10 -0.3897108E-02  0.0000000E+00  0.9999924E+00

         1   467      0  0.0000000E+00  0.0000000E+00  0.0000000E+00
         1   467      1  0.7586150E-06  0.0000000E+00  0.1000000E+01
         1   467      2 -0.6011723E-04  0.0000000E+00  0.1000000E+01
         1   467      3 -0.9072409E-04  0.0000000E+00  0.1000000E+01
         1   467      4 -0.1214436E-03  0.0000000E+00  0.1000000E+01
         1   467      5 -0.1522759E-03  0.0000000E+00  0.1000000E+01
         1   467      6 -0.1832210E-03  0.0000000E+00  0.1000000E+01
         1   467      7 -0.2142789E-03  0.0000000E+00  0.1000000E+01
         1   467      8 -0.2454497E-03  0.0000000E+00  0.1000000E+01
         1   467      9 -0.2767334E-03  0.0000000E+00  0.1000000E+01
         1   467     10 -0.3897108E-02  0.0000000E+00  0.9999924E+00

         1   468      0  0.0000000E+00  0.0000000E+00  0.0000000E+00
         1   468      1  0.7586150E-06  0.0000000E+00  0.1000000E+01
         1   468      2 -0.3358274E-04  0.0000000E+00  0.1000000E+01
         1   468      3 -0.5090254E-04  0.0000000E+00  0.1000000E+01
         1   468      4 -0.6832168E-04  0.0000000E+00  0.1000000E+01
         1   468      5 -0.8584012E-04  0.0000000E+00  0.1000000E+01
         1   468      6 -0.1034578E-03  0.0000000E+00  0.1000000E+01
         1   468      7 -0.1211747E-03  0.0000000E+00  0.1000000E+01
         1   468      8 -0.1389907E-03  0.0000000E+00  0.1000000E+01
         1   468      9 -0.1569058E-03  0.0000000E+00  0.1000000E+01
         1   468     10 -0.4196185E-02  0.0000000E+00  0.9999912E+00

         1   469      0  0.0000000E+00  0.0000000E+00  0.0000000E+00
         1   469      1  0.7586150E-06  0.0000000E+00  0.1000000E+01
         1   469      2 -0.5481792E-05  0.0000000E+00  0.1000000E+01
         1   469      3 -0.8731654E-05  0.0000000E+00  0.1000000E+01
         1   469      4 -0.1206775E-04  0.0000000E+00  0.1000000E+01
         1   469      5 -0.1548993E-04  0.0000000E+00  0.1000000E+01
         1   469      6 -0.1899803E-04  0.0000000E+00  0.1000000E+01
         1   469      7 -0.2259192E-04  0.0000000E+00  0.1000000E+01
         1   469      8 -0.2627142E-04  0.0000000E+00  0.1000000E+01
         1   469      9 -0.3003640E-04  0.0000000E+00  0.1000000E+01
         1   469     10 -0.4500765E-02  0.0000000E+00  0.9999899E+00

         1   470      0  0.0000000E+00  0.0000000E+00  0.0000000E+00
         1   470      1  0.7586150E-06  0.0000000E+00  0.1000000E+01
         1   470      2 -0.5481792E-05  0.0000000E+00  0.1000000E+01
         1   470      3 -0.8731654E-05  0.0000000E+00  0.1000000E+01
         1   470      4 -0.1206775E-04  0.0000000E+00  0.1000000E+01
         1   470      5 -0.1548993E-04  0.0000000E+00  0.1000000E+01
         1   470      6 -0.1899803E-04  0.0000000E+00  0.1000000E+01
         1   470      7 -0.2259192E-04  0.0000000E+00  0.1000000E+01
         1   470      8 -0.2627142E-04  0.0000000E+00  0.1000000E+01
         1   470      9 -0.3003640E-04  0.0000000E+00  0.1000000E+01
         1   470     10 -0.4500765E-02  0.0000000E+00  0.9999899E+00

         1   471      0  0.0000000E+00  0.0000000E+00  0.0000000E+00
         1   471      1  0.7586150E-06  0.0000000E+00  0.1000000E+01
         1   471      2 -0.5481792E-05  0.0000000E+00  0.1000000E+01
         1   471      3 -0.8731654E-05  0.0000000E+00  0.1000000E+01
         1   471      4 -0.1206775E-04  0.0000000E+00  0.1000000E+01
         1   471      5 -0.1548993E-04  0.0000000E+00  0.1000000E+01
         1   471      6 -0.1899803E-04  0.0000000E+00  0.1000000E+01
         1   471      7 -0.2259192E-04  0.0000000E+00  0.1000000E+01
         1   471      8 -0.2627142E-04  0.0000000E+00  0.1000000E+01
         1   471      9 -0.3003640E-04  0.0000000E+00  0.1000000E+01
         1   471     10 -0.4500765E-02  0.0000000E+00  0.9999899E+00

         1   472      0  0.0000000E+00  0.0000000E+00  0.0000000E+00
         1   472      1  0.7586150E-06  0.0000000E+00  0.1000000E+01
         1   472      2 -0.5481792E-05  0.0000000E+00  0.1000000E+01
         1   472      3 -0.8731654E-05  0.0000000E+00  0.1000000E+01
         1   472      4 -0.1206775E-04  0.0000000E+00  0.1000000E+01
         1   472      5 -0.1548993E-04  0.0000000E+00  0.1000000E+01
         1   472      6 -0.1899803E-04  0.0000000E+00  0.1000000E+01
         1   472      7 -0.2259192E-04  0.0000000E+00  0.1000000E+01
         1   472      8 -0.2627142E-04  0.0000000E+00  0.1000000E+01
         1   472      9 -0.3003640E-04  0.0000000E+00  0.1000000E+01
         1   472     10 -0.4500765E-02  0.0000000E+00  0.9999899E+00

         1   473      0  0.0000000E+00  0.0000000E+00  0.0000000E+00
         1   473      1  0.7762572E-06  0.0000000E+00  0.1000000E+01
         1   473      2 -0.5413152E-05  0.0000000E+00  0.1000000E+01
         1   473      3 -0.8637495E-05  0.0000000E+00  0.1000000E+01
         1   473      4 -0.1194806E-04  0.0000000E+00  0.1000000E+01
         1   473      5 -0.1534469E-04  0.0000000E+00  0.1000000E+01
         1   473      6 -0.1882723E-04  0.0000000E+00  0.1000000E+01
         1   473      7 -0.2239554E-04  0.0000000E+00  0.1000000E+01
         1   473      8 -0.2604946E-04  0.0000000E+00  0.1000000E+01
         1   473      9 -0.2978884E-04  0.0000000E+00  0.1000000E+01
         1   473     10 -0.4498433E-02  0.0000000E+00  0.9999899E+00

         1   474      0  0.0000000E+00  0.0000000E+00  0.0000000E+00
         1   474      1  0.7762572E-06  0.0000000E+00  0.1000000E+01
         1   474      2 -0.5413152E-05  0.0000000E+00  0.1000000E+01
         1   474      3 -0.8637495E-05  0.0000000E+00  0.1000000E+01
         1   474      4 -0.1194806E-04  0.0000000E+00  0.1000000E+01
         1   474      5 -0.1534469E-04  0.0000000E+00  0.1000000E+01
         1   474      6 -0.1882723E-04  0.0000000E+00  0.1000000E+01
         1   474      7 -0.2239554E-04  0.0000000E+00  0.1000000E+01
         1   474      8 -0.2604946E-04  0.0000000E+00  0.1000000E+01
         1   474      9 -0.2978884E-04  0.0000000E+00  0.1000000E+01
         1   474     10 -0.4498433E-02  0.0000000E+00  0.9999899E+00

         1   475      0  0.0000000E+00  0.0000000E+00  0.0000000E+00
         1   475      1  0.7762572E-06  0.0000000E+00  0.1000000E+01
         1   475      2 -0.5373136E-05  0.0000000E+00  0.1000000E+01
         1   475      3 -0.8547436E-05  0.0000000E+00  0.1000000E+01
         1   475      4 -0.1178792E-04  0.0000000E+00  0.1000000E+01
         1   475      5 -0.1509441E-04  0.0000000E+00  0.1000000E+01
         1   475      6 -0.1846674E-04  0.0000000E+00  0.1000000E+01
         1   475      7 -0.2190474E-04  0.0000000E+00  0.1000000E+01
         1   475      8 -0.2540826E-04  0.0000000E+00  0.1000000E+01
         1   475      9 -0.2897711E-04  0.0000000E+00  0.1000000E+01
         1   475     10 -0.4496189E-02  0.0000000E+00  0.9999899E+00

         1   476      0  0.0000000E+00  0.0000000E+00  0.0000000E+00
         1   476      1  0.7762572E-06  0.0000000E+00  0.1000000E+01
         1   476      2 -0.5373136E-05  0.0000000E+00  0.1000000E+01
         1   476      3 -0.8547436E-05  0.0000000E+00  0.1000000E+01
         1   476      4 -0.1178792E-04  0.0000000E+00  0.1000000E+01
         1   476      5 -0.1509441E-04  0.0000000E+00  0.1000000E+01
         1   476      6 -0.1846674E-04  0.0000000E+00  0.1000000E+01
         1   476      7 -0.2190474E-04  0.0000000E+00  0.1000000E+01
         1   476      8 -0.2540826E-04  0.0000000E+00  0.1000000E+01
         1   476      9 -0.2897711E-04  0.0000000E+00  0.1000000E+01
         1   476     10 -0.4496189E-02  0.0000000E+00  0.9999899E+00

         1   477      0  0.0000000E+00  0.0000000E+00  0.0000000E+00
         1   477      1  0.7762572E-06  0.0000000E+00  0.1000000E+01
         1   477      2 -0.3599598E-04  0.0000000E+00  0.1000000E+01
         1   477      3 -0.5448549E-04  0.0000000E+00  0.1000000E+01
         1   477      4 -0.7304378E-04  0.0000000E+00  0.1000000E+01
         1   477      5 -0.9167071E-04  0.0000000E+00  0.1000000E+01
         1   477      6 -0.1103662E-03  0.0000000E+00  0.1000000E+01
         1   477      7 -0.1291300E-03  0.0000000E+00  0.1000000E+01
         1   477      8 -0.1479622E-03  0.0000000E+00  0.1000000E+01
         1   477      9 -0.1668625E-03  0.0000000E+00  0.1000000E+01
         1   477     10 -0.4272628E-02  0.0000000E+00  0.9999909E+00

         1   478      0  0.0000000E+00  0.0000000E+00  0.0000000E+00
         1   478      1  0.7762572E-06  0.0000000E+00  0.1000000E+01
         1   478      2 -0.6807063E-04  0.0000000E+00  0.1000000E+01
         1   478      3 -0.1026000E-03  0.0000000E+00  0.1000000E+01
         1   478      4 -0.1371999E-03  0.0000000E+00  0.1000000E+01
         1   478      5 -0.1718702E-03  0.0000000E+00  0.1000000E+01
         1   478      6 -0.2066108E-03  0.0000000E+00  0.1000000E+01
         1   478      7 -0.2414218E-03  0.0000000E+00  0.1000000E+01
         1   478      8 -0.2763029E-03  0.0000000E+00  0.1000000E+01
         1   478      9 -0.3112541E-03  0.0000000E+00  0.1000000E+01
         1   478     10 -0.4043430E-02  0.0000000E+00  0.9999918E+00

         1   479      0  0.0000000E+00  0.0000000E+00  0.0000000E+00
         1   479      1  0.7762572E-06  0.0000000E+00  0.1000000E+01
         1   479      2 -0.6807063E-04  0.0000000E+00  0.1000000E+01
         1   479      3 -0.1026000E-03  0.0000000E+00  0.1000000E+01
         1   479      4 -0.1371999E-03  0.0000000E+00  0.1000000E+01
         1   479      5 -0.1718702E-03  0.0000000E+00  0.1000000E+01
         1   479      6 -0.2066108E-03  0.0000000E+00  0.1000000E+01
         1   479      7 -0.2414218E-03  0.0000000E+00  0.1000000E+01
         1   479      8 -0.2763029E-03  0.0000000E+00  0.1000000E+01
         1   479      9 -0.3112541E-03  0.0000000E+00  0.1000000E+01
         1   479     10 -0.4043430E-02  0.0000000E+00  0.9999918E+00

         1   480      0  0.0000000E+00  0.0000000E+00  0.0000000E+00
         1   480      1  0.7762572E-06  0.0000000E+00  0.1000000E+01
         1   480      2 -0.6807063E-04  0.0000000E+00  0.1000000E+01
         1   480      3 -0.1026000E-03  0.0000000E+00  0.1000000E+01
         1   480      4 -0.1371999E-03  0.0000000E+00  0.1000000E+01
         1   480      5 -0.1718702E-03  0.0000000E+00  0.1000000E+01
         1   480      6 -0.2066108E-03  0.0000000E+00  0.1000000E+01
         1   480      7 -0.2414218E-03  0.0000000E+00  0.1000000E+01
         1   480      8 -0.2763029E-03  0.0000000E+00  0.1000000E+01
         1   480      9 -0.3112541E-03  0.0000000E+00  0.1000000E+01
         1   480     10 -0.4043430E-02  0.0000000E+00  0.9999918E+00

         1   481      0  0.0000000E+00  0.0000000E+00  0.0000000E+00
         1   481      1  0.7762572E-06  0.0000000E+00  0.1000000E+01
         1   481      2 -0.6807063E-04  0.0000000E+00  0.1000000E+01
         1   481      3 -0.1026000E-03  0.0000000E+00  0.1000000E+01
         1   481      4 -0.1371999E-03  0.0000000E+00  0.1000000E+01
         1   481      5 -0.1718702E-03  0.0000000E+00  0.1000000E+01
         1   481      6 -0.2066108E-03  0.0000000E+00  0.1000000E+01
         1   481      7 -0.2414218E-03  0.0000000E+00  0.1000000E+01
         1   481      8 -0.2763029E-03  0.0000000E+00  0.1000000E+01
         1   481      9 -0.3112541E-03  0.0000000E+00  0.1000000E+01
         1   481     10 -0.4043430E-02  0.0000000E+00  0.9999918E+00

         1   482      0  0.0000000E+00  0.0000000E+00  0.0000000E+00
         1   482      1  0.7938994E-06  0.0000000E+00  0.1000000E+01
         1   482      2 -0.6796498E-04  0.0000000E+00  0.1000000E+01
         1   482      3 -0.1024503E-03  0.0000000E+00  0.1000000E+01
         1   482      4 -0.1370062E-03  0.0000000E+00  0.1000000E+01
         1   482      5 -0.1716325E-03  0.0000000E+00  0.1000000E+01
         1   482      6 -0.2063292E-03  0.0000000E+00  0.1000000E+01
         1   482      7 -0.2410962E-03  0.0000000E+00  0.1000000E+01
         1   482      8 -0.2759333E-03  0.0000000E+00  0.1000000E+01
         1   482      9 -0.3108406E-03  0.0000000E+00  0.1000000E+01
         1   482     10 -0.4041242E-02  0.0000000E+00  0.9999918E+00

         1   483      0  0.0000000E+00  0.0000000E+00  0.0000000E+00
         1   483      1  0.7938994E-06  0.0000000E+00  0.1000000E+01
         1   483      2 -0.6796498E-04  0.0000000E+00  0.1000000E+01
         1   483      3 -0.1024503E-03  0.0000000E+00  0.1000000E+01
         1   483      4 -0.1370062E-03  0.0000000E+00  0.1000000E+01
         1   483      5 -0.1716325E-03  0.0000000E+00  0.1000000E+01
         1   483      6 -0.2063292E-03  0.0000000E+00  0.1000000E+01
         1   483      7 -0.2410962E-03  0.0000000E+00  0.1000000E+01
         1   483      8 -0.2759333E-03  0.0000000E+00  0.1000000E+01
         1   483      9 -0.3108406E-03  0.0000000E+00  0.1000000E+01
         1   483     10 -0.4041242E-02  0.0000000E+00  0.9999918E+00

         1   484      0  0.0000000E+00  0.0000000E+00  0.0000000E+00
         1   484      1  0.7938994E-06  0.0000000E+00  0.1000000E+01
         1   484      2 -0.6814311E-04  0.0000000E+00  0.1000000E+01
         1   484      3 -0.1028510E-03  0.0000000E+00  0.1000000E+01
         1   484      4 -0.1377184E-03  0.0000000E+00  0.1000000E+01
         1   484      5 -0.1727450E-03  0.0000000E+00  0.1000000E+01
         1   484      6 -0.2079308E-03  0.0000000E+00  0.1000000E+01
         1   484      7 -0.2432755E-03  0.0000000E+00  0.1000000E+01
         1   484      8 -0.2787791E-03  0.0000000E+00  0.1000000E+01
         1   484      9 -0.3144414E-03  0.0000000E+00  0.1000000E+01
         1   484     10 -0.4049033E-02  0.0000000E+00  0.9999918E+00

         1   485      0  0.0000000E+00  0.0000000E+00  0.0000000E+00
         1   485      1  0.7938994E-06  0.0000000E+00  0.1000000E+01
         1   485      2 -0.6814311E-04  0.0000000E+00  0.1000000E+01
         1   485      3 -0.1028510E-03  0.0000000E+00  0.1000000E+01
         1   485      4 -0.1377184E-03  0.0000000E+00  0.1000000E+01
         1   485      5 -0.1727450E-03  0.0000000E+00  0.1000000E+01
         1   485      6 -0.2079308E-03  0.0000000E+00  0.1000000E+01
         1   485      7 -0.2432755E-03  0.0000000E+00  0.1000000E+01
         1   485      8 -0.2787791E-03  0.0000000E+00  0.1000000E+01
         1   485      9 -0.3144414E-03  0.0000000E+00  0.1000000E+01
         1   485     10 -0.4049033E-02  0.0000000E+00  0.9999918E+00

         1   486      0  0.0000000E+00  0.0000000E+00  0.0000000E+00
         1   486      1  0.7938994E-06  0.0000000E+00  0.1000000E+01
         1   486      2  0.2862204E-05  0.0000000E+00  0.1000000E+01
         1   486      3  0.3644472E-05  0.0000000E+00  0.1000000E+01
         1   486      4  0.4259062E-05  0.0000000E+00  0.1000000E+01
         1   486      5  0.4706156E-05  0.0000000E+00  0.1000000E+01
         1   486      6  0.4985935E-05  0.0000000E+00  0.1000000E+01
         1   486      7  0.5098582E-05  0.0000000E+00  0.1000000E+01
         1   486      8  0.5044275E-05  0.0000000E+00  0.1000000E+01
         1   486      9  0.4823197E-05  0.0000000E+00  0.1000000E+01
         1   486     10 -0.4519715E-02  0.0000000E+00  0.9999898E+00

         1   487      0  0.0000000E+00  0.0000000E+00  0.0000000E+00
         1   487      1  0.7938994E-06  0.0000000E+00  0.1000000E+01
         1   487      2  0.7373482E-04  0.0000000E+00  0.1000000E+01
         1   487      3  0.1099419E-03  0.0000000E+00  0.1000000E+01
         1   487      4  0.1459736E-03  0.0000000E+00  0.1000000E+01
         1   487      5  0.1818302E-03  0.0000000E+00  0.1000000E+01
         1   487      6  0.2175119E-03  0.0000000E+00  0.1000000E+01
         1   487      7  0.2530189E-03  0.0000000E+00  0.1000000E+01
         1   487      8  0.2883514E-03  0.0000000E+00  0.1000000E+01
         1   487      9  0.3235097E-03  0.0000000E+00  0.9999999E+00
         1   487     10 -0.4990346E-02  0.0000000E+00  0.9999875E+00

         1   488      0  0.0000000E+00  0.0000000E+00  0.0000000E+00
         1   488      1  0.7938994E-06  0.0000000E+00  0.1000000E+01
         1   488      2  0.7373482E-04  0.0000000E+00  0.1000000E+01
         1   488      3  0.1099419E-03  0.0000000E+00  0.1000000E+01
         1   488      4  0.1459736E-03  0.0000000E+00  0.1000000E+01
         1   488      5  0.1818302E-03  0.0000000E+00  0.1000000E+01
         1   488      6  0.2175119E-03  0.0000000E+00  0.1000000E+01
         1   488      7  0.2530189E-03  0.0000000E+00  0.1000000E+01
         1   488      8  0.2883514E-03  0.0000000E+00  0.1000000E+01
         1   488      9  0.3235097E-03  0.0000000E+00  0.9999999E+00
         1   488     10 -0.4990346E-02  0.0000000E+00  0.9999875E+00

         1   489      0  0.0000000E+00  0.0000000E+00  0.0000000E+00
         1   489      1  0.7938994E-06  0.0000000E+00  0.1000000E+01
         1   489      2  0.7373482E-04  0.0000000E+00  0.1000000E+01
         1   489      3  0.1099419E-03  0.0000000E+00  0.1000000E+01
         1   489      4  0.1459736E-03  0.0000000E+00  0.1000000E+01
         1   489      5  0.1818302E-03  0.0000000E+00  0.1000000E+01
         1   489      6  0.2175119E-03  0.0000000E+00  0.1000000E+01
         1   489      7  0.2530189E-03  0.0000000E+00  0.1000000E+01
         1   489      8  0.2883514E-03  0.0000000E+00  0.1000000E+01
         1   489      9  0.3235097E-03  0.0000000E+00  0.9999999E+00
         1   489     10 -0.4990346E-02  0.0000000E+00  0.9999875E+00

         1   490      0  0.0000000E+00  0.0000000E+00  0.0000000E+00
         1   490      1  0.7938994E-06  0.0000000E+00  0.1000000E+01
         1   490      2  0.7373482E-04  0.0000000E+00  0.1000000E+01
         1   490      3  0.1099419E-03  0.0000000E+00  0.1000000E+01
         1   490      4  0.1459736E-03  0.0000000E+00  0.1000000E+01
         1   490      5  0.1818302E-03  0.0000000E+00  0.1000000E+01
         1   490      6  0.2175119E-03  0.0000000E+00  0.1000000E+01
         1   490      7  0.2530189E-03  0.0000000E+00  0.1000000E+01
         1   490      8  0.2883514E-03  0.0000000E+00  0.1000000E+01
         1   490      9  0.3235097E-03  0.0000000E+00  0.9999999E+00
         1   490     10 -0.4990346E-02  0.0000000E+00  0.9999875E+00

         1   491      0  0.0000000E+00  0.0000000E+00  0.0000000E+00
         1   491      1  0.8115416E-06  0.0000000E+00  0.1000000E+01
         1   491      2  0.7383746E-04  0.0000000E+00  0.1000000E+01
         1   491      3  0.1100870E-03  0.0000000E+00  0.1000000E+01
         1   491      4  0.1461612E-03  0.0000000E+00  0.1000000E+01
         1   491      5  0.1820603E-03  0.0000000E+00  0.1000000E+01
         1   491      6  0.2177845E-03  0.0000000E+00  0.1000000E+01
         1   491      7  0.2533340E-03  0.0000000E+00  0.1000000E+01
         1   491      8  0.2887090E-03  0.0000000E+00  0.1000000E+01
         1   491      9  0.3239098E-03  0.0000000E+00  0.9999999E+00
         1   491     10 -0.4988157E-02  0.0000000E+00  0.9999876E+00

         1   492      0  0.0000000E+00  0.0000000E+00  0.0000000E+00
         1   492      1  0.8115416E-06  0.0000000E+00  0.1000000E+01
         1   492      2  0.7383746E-04  0.0000000E+00  0.1000000E+01
         1   492      3  0.1100870E-03  0.0000000E+00  0.1000000E+01
         1   492      4  0.1461612E-03  0.0000000E+00  0.1000000E+01
         1   492      5  0.1820603E-03  0.0000000E+00  0.1000000E+01
         1   492      6  0.2177845E-03  0.0000000E+00  0.1000000E+01
         1   492      7  0.2533340E-03  0.0000000E+00  0.1000000E+01
         1   492      8  0.2887090E-03  0.0000000E+00  0.1000000E+01
         1   492      9  0.3239098E-03  0.0000000E+00  0.9999999E+00
         1   492     10 -0.4988157E-02  0.0000000E+00  0.9999876E+00

         1   493      0  0.0000000E+00  0.0000000E+00  0.0000000E+00
         1   493      1  0.8115416E-06  0.0000000E+00  0.1000000E+01
         1   493      2  0.7388268E-04  0.0000000E+00  0.1000000E+01
         1   493      3  0.1101888E-03  0.0000000E+00  0.1000000E+01
         1   493      4  0.1463421E-03  0.0000000E+00  0.1000000E+01
         1   493      5  0.1823431E-03  0.0000000E+00  0.1000000E+01
         1   493      6  0.2181918E-03  0.0000000E+00  0.1000000E+01
         1   493      7  0.2538885E-03  0.0000000E+00  0.1000000E+01
         1   493      8  0.2894334E-03  0.0000000E+00  0.1000000E+01
         1   493      9  0.3248268E-03  0.0000000E+00  0.9999999E+00
         1   493     10 -0.4985528E-02  0.0000000E+00  0.9999876E+00

         1   494      0  0.0000000E+00  0.0000000E+00  0.0000000E+00
         1   494      1  0.8115416E-06  0.0000000E+00  0.1000000E+01
         1   494      2  0.7388268E-04  0.0000000E+00  0.1000000E+01
         1   494      3  0.1101888E-03  0.0000000E+00  0.1000000E+01
         1   494      4  0.1463421E-03  0.0000000E+00  0.1000000E+01
         1   494      5  0.1823431E-03  0.0000000E+00  0.1000000E+01
         1   494      6  0.2181918E-03  0.0000000E+00  0.1000000E+01
         1   494      7  0.2538885E-03  0.0000000E+00  0.1000000E+01
         1   494      8  0.2894334E-03  0.0000000E+00  0.1000000E+01
         1   494      9  0.3248268E-03  0.0000000E+00  0.9999999E+00
         1   494     10 -0.4985528E-02  0.0000000E+00  0.9999876E+00

         1   495      0  0.0000000E+00  0.0000000E+00  0.0000000E+00
         1   495      1  0.8115416E-06  0.0000000E+00  0.1000000E+01
         1   495      2  0.4503413E-04  0.0000000E+00  0.1000000E+01
         1   495      3  0.6690968E-04  0.0000000E+00  0.1000000E+01
         1   495      4  0.8862842E-04  0.0000000E+00  0.1000000E+01
         1   495      5  0.1101906E-03  0.0000000E+00  0.1000000E+01
         1   495      6  0.1315965E-03  0.0000000E+00  0.1000000E+01
         1   495      7  0.1528463E-03  0.0000000E+00  0.1000000E+01
         1   495      8  0.1739403E-03  0.0000000E+00  0.1000000E+01
         1   495      9  0.1948788E-03  0.0000000E+00  0.1000000E+01
         1   495     10 -0.4756453E-02  0.0000000E+00  0.9999887E+00

         1   496      0  0.0000000E+00  0.0000000E+00  0.0000000E+00
         1   496      1  0.8115416E-06  0.0000000E+00  0.1000000E+01
         1   496      2  0.1799327E-04  0.0000000E+00  0.1000000E+01
         1   496      3  0.2634100E-04  0.0000000E+00  0.1000000E+01
         1   496      4  0.3452705E-04  0.0000000E+00  0.1000000E+01
         1   496      5  0.4255168E-04  0.0000000E+00  0.1000000E+01
         1   496      6  0.5041519E-04  0.0000000E+00  0.1000000E+01
         1   496      7  0.5811786E-04  0.0000000E+00  0.1000000E+01
         1   496      8  0.6565998E-04  0.0000000E+00  0.1000000E+01
         1   496      9  0.7304184E-04  0.0000000E+00  0.1000000E+01
         1   496     10 -0.4532989E-02  0.0000000E+00  0.9999897E+00

         1   497      0  0.0000000E+00  0.0000000E+00  0.0000000E+00
         1   497      1  0.8115416E-06  0.0000000E+00  0.1000000E+01
         1   497      2  0.1799327E-04  0.0000000E+00  0.1000000E+01
         1   497      3  0.2634100E-04  0.0000000E+00  0.1000000E+01
         1   497      4  0.3452705E-04  0.0000000E+00  0.1000000E+01
         1   497      5  0.4255168E-04  0.0000000E+00  0.1000000E+01
         1   497      6  0.5041519E-04  0.0000000E+00  0.1000000E+01
         1   497      7  0.5811786E-04  0.0000000E+00  0.1000000E+01
         1   497      8  0.6565998E-04  0.0000000E+00  0.1000000E+01
         1   497      9  0.7304184E-04  0.0000000E+00  0.1000000E+01
         1   497     10 -0.4532989E-02  0.0000000E+00  0.9999897E+00

         1   498      0  0.0000000E+00  0.0000000E+00  0.0000000E+00
         1   498      1  0.8115416E-06  0.0000000E+00  0.1000000E+01
         1   498      2  0.1799327E-04  0.0000000E+00  0.1000000E+01
         1   498      3  0.2634100E-04  0.0000000E+00  0.1000000E+01
         1   498      4  0.3452705E-04  0.0000000E+00  0.1000000E+01
         1   498      5  0.4255168E-04  0.0000000E+00  0.1000000E+01
         1   498      6  0.5041519E-04  0.0000000E+00  0.1000000E+01
         1   498      7  0.5811786E-04  0.0000000E+00  0.1000000E+01
         1   498      8  0.6565998E-04  0.0000000E+00  0.1000000E+01
         1   498      9  0.7304184E-04  0.0000000E+00  0.1000000E+01
         1   498     10 -0.4532989E-02  0.0000000E+00  0.9999897E+00

         1   499      0  0.0000000E+00  0.0000000E+00  0.0000000E+00
         1   499      1  0.8115416E-06  0.0000000E+00  0.1000000E+01
         1   499      2  0.1799327E-04  0.0000000E+00  0.1000000E+01
         1   499      3  0.2634100E-04  0.0000000E+00  0.1000000E+01
         1   499      4  0.3452705E-04  0.0000000E+00  0.1000000E+01
         1   499      5  0.4255168E-04  0.0000000E+00  0.1000000E+01
         1   499      6  0.5041519E-04  0.0000000E+00  0.1000000E+01
         1   499      7  0.5811786E-04  0.0000000E+00  0.1000000E+01
         1   499      8  0.6565998E-04  0.0000000E+00  0.1000000E+01
         1   499      9  0.7304184E-04  0.0000000E+00  0.1000000E+01
         1   499     10 -0.4532989E-02  0.0000000E+00  0.9999897E+00

         1   500      0  0.0000000E+00  0.0000000E+00  0.0000000E+00
         1   500      1  0.8291838E-06  0.0000000E+00  0.1000000E+01
         1   500      2  0.1804983E-04  0.0000000E+00  0.1000000E+01
         1   500      3  0.2641705E-04  0.0000000E+00  0.1000000E+01
         1   500      4  0.3462260E-04  0.0000000E+00  0.1000000E+01
         1   500      5  0.4266676E-04  0.0000000E+00  0.1000000E+01
         1   500      6  0.5054982E-04  0.0000000E+00  0.1000000E+01
         1   500      7  0.5827206E-04  0.0000000E+00  0.1000000E+01
         1   500      8  0.6583377E-04  0.0000000E+00  0.1000000E+01
         1   500      9  0.7323523E-04  0.0000000E+00  0.1000000E+01
         1   500     10 -0.4530656E-02  0.0000000E+00  0.9999897E+00

         1   501      0  0.0000000E+00  0.0000000E+00  0.0000000E+00
         1   501      1  0.8291838E-06  0.0000000E+00  0.1000000E+01
         1   501      2  0.1804983E-04  0.0000000E+00  0.1000000E+01
         1   501      3  0.2641705E-04  0.0000000E+00  0.1000000E+01
         1   501      4  0.3462260E-04  0.0000000E+00  0.1000000E+01
         1   501      5  0.4266676E-04  0.0000000E+00  0.1000000E+01
         1   501      6  0.5054982E-04  0.0000000E+00  0.1000000E+01
         1   501      7  0.5827206E-04  0.0000000E+00  0.1000000E+01
         1   501      8  0.6583377E-04  0.0000000E+00  0.1000000E+01
         1   501      9  0.7323523E-04  0.0000000E+00  0.1000000E+01
         1   501     10 -0.4530656E-02  0.0000000E+00  0.9999897E+00

         1   502      0  0.0000000E+00  0.0000000E+00  0.0000000E+00
         1   502      1  0.8291838E-06  0.0000000E+00  0.1000000E+01
         1   502      2  0.1804668E-04  0.0000000E+00  0.1000000E+01
         1   502      3  0.2640995E-04  0.0000000E+00  0.1000000E+01
         1   502      4  0.3460996E-04  0.0000000E+00  0.1000000E+01
         1   502      5  0.4264696E-04  0.0000000E+00  0.1000000E+01
         1   502      6  0.5052126E-04  0.0000000E+00  0.1000000E+01
         1   502      7  0.5823311E-04  0.0000000E+00  0.1000000E+01
         1   502      8  0.6578281E-04  0.0000000E+00  0.1000000E+01
         1   502      9  0.7317062E-04  0.0000000E+00  0.1000000E+01
         1   502     10 -0.4531462E-02  0.0000000E+00  0.9999897E+00

         1   503      0  0.0000000E+00  0.0000000E+00  0.0000000E+00
         1   503      1  0.8291838E-06  0.0000000E+00  0.1000000E+01
         1   503      2  0.1804668E-04  0.0000000E+00  0.1000000E+01
         1   503      3  0.2640995E-04  0.0000000E+00  0.1000000E+01
         1   503      4  0.3460996E-04  0.0000000E+00  0.1000000E+01
         1   503      5  0.4264696E-04  0.0000000E+00  0.1000000E+01
         1   503      6  0.5052126E-04  0.0000000E+00  0.1000000E+01
         1   503      7  0.5823311E-04  0.0000000E+00  0.1000000E+01
         1   503      8  0.6578281E-04  0.0000000E+00  0.1000000E+01
         1   503      9  0.7317062E-04  0.0000000E+00  0.1000000E+01
         1   503     10 -0.4531462E-02  0.0000000E+00  0.9999897E+00

         1   504      0  0.0000000E+00  0.0000000E+00  0.0000000E+00
         1   504      1  0.8291838E-06  0.0000000E+00  0.1000000E+01
         1   504      2  0.3551511E-04  0.0000000E+00  0.1000000E+01
         1   504      3  0.5264030E-04  0.0000000E+00  0.1000000E+01
         1   504      4  0.6962052E-04  0.0000000E+00  0.1000000E+01
         1   504      5  0.8645593E-04  0.0000000E+00  0.1000000E+01
         1   504      6  0.1031467E-03  0.0000000E+00  0.1000000E+01
         1   504      7  0.1196929E-03  0.0000000E+00  0.1000000E+01
         1   504      8  0.1360948E-03  0.0000000E+00  0.1000000E+01
         1   504      9  0.1523524E-03  0.0000000E+00  0.1000000E+01
         1   504     10 -0.4835902E-02  0.0000000E+00  0.9999883E+00

         1   505      0  0.0000000E+00  0.0000000E+00  0.0000000E+00
         1   505      1  0.8291838E-06  0.0000000E+00  0.1000000E+01
         1   505      2  0.5133430E-04  0.0000000E+00  0.1000000E+01
         1   505      3  0.7639720E-04  0.0000000E+00  0.1000000E+01
         1   505      4  0.1013337E-03  0.0000000E+00  0.1000000E+01
         1   505      5  0.1261438E-03  0.0000000E+00  0.1000000E+01
         1   505      6  0.1508276E-03  0.0000000E+00  0.1000000E+01
         1   505      7  0.1753850E-03  0.0000000E+00  0.1000000E+01
         1   505      8  0.1998161E-03  0.0000000E+00  0.1000000E+01
         1   505      9  0.2241210E-03  0.0000000E+00  0.1000000E+01
         1   505     10 -0.5134830E-02  0.0000000E+00  0.9999868E+00

         1   506      0  0.0000000E+00  0.0000000E+00  0.0000000E+00
         1   506      1  0.8291838E-06  0.0000000E+00  0.1000000E+01
         1   506      2  0.5133430E-04  0.0000000E+00  0.1000000E+01
         1   506      3  0.7639720E-04  0.0000000E+00  0.1000000E+01
         1   506      4  0.1013337E-03  0.0000000E+00  0.1000000E+01
         1   506      5  0.1261438E-03  0.0000000E+00  0.1000000E+01
         1   506      6  0.1508276E-03  0.0000000E+00  0.1000000E+01
         1   506      7  0.1753850E-03  0.0000000E+00  0.1000000E+01
         1   506      8  0.1998161E-03  0.0000000E+00  0.1000000E+01
         1   506      9  0.2241210E-03  0.0000000E+00  0.1000000E+01
         1   506     10 -0.5134830E-02  0.0000000E+00  0.9999868E+00

         1   507      0  0.0000000E+00  0.0000000E+00  0.0000000E+00
         1   507      1  0.8291838E-06  0.0000000E+00  0.1000000E+01
         1   507      2  0.5133430E-04  0.0000000E+00  0.1000000E+01
         1   507      3  0.7639720E-04  0.0000000E+00  0.1000000E+01
         1   507      4  0.1013337E-03  0.0000000E+00  0.1000000E+01
         1   507      5  0.1261438E-03  0.0000000E+00  0.1000000E+01
         1   507      6  0.1508276E-03  0.0000000E+00  0.1000000E+01
         1   507      7  0.1753850E-03  0.0000000E+00  0.1000000E+01
         1   507      8  0.1998161E-03  0.0000000E+00  0.1000000E+01
         1   507      9  0.2241210E-03  0.0000000E+00  0.1000000E+01
         1   507     10 -0.5134830E-02  0.0000000E+00  0.9999868E+00

         1   508      0  0.0000000E+00  0.0000000E+00  0.0000000E+00
         1   508      1  0.8291838E-06  0.0000000E+00  0.1000000E+01
         1   508      2  0.5133430E-04  0.0000000E+00  0.1000000E+01
         1   508      3  0.7639720E-04  0.0000000E+00  0.1000000E+01
         1   508      4  0.1013337E-03  0.0000000E+00  0.1000000E+01
         1   508      5  0.1261438E-03  0.0000000E+00  0.1000000E+01
         1   508      6  0.1508276E-03  0.0000000E+00  0.1000000E+01
         1   508      7  0.1753850E-03  0.0000000E+00  0.1000000E+01
         1   508      8  0.1998161E-03  0.0000000E+00  0.1000000E+01
         1   508      9  0.2241210E-03  0.0000000E+00  0.1000000E+01
         1   508     10 -0.5134830E-02  0.0000000E+00  0.9999868E+00

         1   509      0  0.0000000E+00  0.0000000E+00  0.0000000E+00
         1   509      1  0.8468260E-06  0.0000000E+00  0.1000000E+01
         1   509      2  0.5135361E-04  0.0000000E+00  0.1000000E+01
         1   509      3  0.7641738E-04  0.0000000E+00  0.1000000E+01
         1   509      4  0.1013548E-03  0.0000000E+00  0.1000000E+01
         1   509      5  0.1261658E-03  0.0000000E+00  0.1000000E+01
         1   509      6  0.1508505E-03  0.0000000E+00  0.1000000E+01
         1   509      7  0.1754089E-03  0.0000000E+00  0.1000000E+01
         1   509      8  0.1998410E-03  0.0000000E+00  0.1000000E+01
         1   509      9  0.2241469E-03  0.0000000E+00  0.1000000E+01
         1   509     10 -0.5132374E-02  0.0000000E+00  0.9999868E+00

         1   510      0  0.0000000E+00  0.0000000E+00  0.0000000E+00
         1   510      1  0.8468260E-06  0.0000000E+00  0.1000000E+01
         1   510      2  0.5135361E-04  0.0000000E+00  0.1000000E+01
         1   510      3  0.7641738E-04  0.0000000E+00  0.1000000E+01
         1   510      4  0.1013548E-03  0.0000000E+00  0.1000000E+01
         1   510      5  0.1261658E-03  0.0000000E+00  0.1000000E+01
         1   510      6  0.1508505E-03  0.0000000E+00  0.1000000E+01
         1   510      7  0.1754089E-03  0.0000000E+00  0.1000000E+01
         1   510      8  0.1998410E-03  0.0000000E+00  0.1000000E+01
         1   510      9  0.2241469E-03  0.0000000E+00  0.1000000E+01
         1   510     10 -0.5132374E-02  0.0000000E+00  0.9999868E+00

         1   511      0  0.0000000E+00  0.0000000E+00  0.0000000E+00
         1   511      1  0.8468260E-06  0.0000000E+00  0.1000000E+01
         1   511      2  0.5135361E-04  0.0000000E+00  0.1000000E+01
         1   511      3  0.7641738E-04  0.0000000E+00  0.1000000E+01
         1   511      4  0.1013548E-03  0.0000000E+00  0.1000000E+01
         1   511      5  0.1261658E-03  0.0000000E+00  0.1000000E+01
         1   511      6  0.1508505E-03  0.0000000E+00  0.1000000E+01
         1   511      7  0.1754089E-03  0.0000000E+00  0.1000000E+01
         1   511      8  0.1998410E-03  0.0000000E+00  0.1000000E+01
         1   511      9  0.2241469E-03  0.0000000E+00  0.1000000E+01
         1   511     10 -0.5132374E-02  0.0000000E+00  0.9999868E+00

         1   512      0  0.0000000E+00  0.0000000E+00  0.0000000E+00
         1   512      1  0.8468260E-06  0.0000000E+00  0.1000000E+01
         1   512      2  0.5135361E-04  0.0000000E+00  0.1000000E+01
         1   512      3  0.7641738E-04  0.0000000E+00  0.1000000E+01
         1   512      4  0.1013548E-03  0.0000000E+00  0.1000000E+01
         1   512      5  0.1261658E-03  0.0000000E+00  0.1000000E+01
         1   512      6  0.1508505E-03  0.0000000E+00  0.1000000E+01
         1   512      7  0.1754089E-03  0.0000000E+00  0.1000000E+01
         1   512      8  0.1998410E-03  0.0000000E+00  0.1000000E+01
         1   512      9  0.2241469E-03  0.0000000E+00  0.1000000E+01
         1   512     10 -0.5132374E-02  0.0000000E+00  0.9999868E+00

         1   513      0  0.0000000E+00  0.0000000E+00  0.0000000E+00
         1   513      1  0.8468260E-06  0.0000000E+00  0.1000000E+01
         1   513      2  0.6410612E-04  0.0000000E+00  0.1000000E+01
         1   513      3  0.9552925E-04  0.0000000E+00  0.1000000E+01
         1   513      4  0.1268148E-03  0.0000000E+00  0.1000000E+01
         1   513      5  0.1579630E-03  0.0000000E+00  0.1000000E+01
         1   513      6  0.1889738E-03  0.0000000E+00  0.1000000E+01
         1   513      7  0.2198474E-03  0.0000000E+00  0.1000000E+01
         1   513      8  0.2505838E-03  0.0000000E+00  0.1000000E+01
         1   513      9  0.2811832E-03  0.0000000E+00  0.1000000E+01
         1   513     10 -0.5041813E-02  0.0000000E+00  0.9999873E+00

         1   514      0  0.0000000E+00  0.0000000E+00  0.0000000E+00
         1   514      1  0.8468260E-06  0.0000000E+00  0.1000000E+01
         1   514      2  0.7943158E-04  0.0000000E+00  0.1000000E+01
         1   514      3  0.1185006E-03  0.0000000E+00  0.1000000E+01
         1   514      4  0.1574210E-03  0.0000000E+00  0.1000000E+01
         1   514      5  0.1961930E-03  0.0000000E+00  0.1000000E+01
         1   514      6  0.2348167E-03  0.0000000E+00  0.1000000E+01
         1   514      7  0.2732922E-03  0.0000000E+00  0.1000000E+01
         1   514      8  0.3116198E-03  0.0000000E+00  0.1000000E+01
         1   514      9  0.3497997E-03  0.0000000E+00  0.9999999E+00
         1   514     10 -0.4960267E-02  0.0000000E+00  0.9999877E+00

         1   515      0  0.0000000E+00  0.0000000E+00  0.0000000E+00
         1   515      1  0.8468260E-06  0.0000000E+00  0.1000000E+01
         1   515      2  0.7943158E-04  0.0000000E+00  0.1000000E+01
         1   515      3  0.1185006E-03  0.0000000E+00  0.1000000E+01
         1   515      4  0.1574210E-03  0.0000000E+00  0.1000000E+01
         1   515      5  0.1961930E-03  0.0000000E+00  0.1000000E+01
         1   515      6  0.2348167E-03  0.0000000E+00  0.1000000E+01
         1   515      7  0.2732922E-03  0.0000000E+00  0.1000000E+01
         1   515      8  0.3116198E-03  0.0000000E+00  0.1000000E+01
         1   515      9  0.3497997E-03  0.0000000E+00  0.9999999E+00
         1   515     10 -0.4960267E-02  0.0000000E+00  0.9999877E+00

         1   516      0  0.0000000E+00  0.0000000E+00  0.0000000E+00
         1   516      1  0.8468260E-06  0.0000000E+00  0.1000000E+01
         1   516      2  0.7943158E-04  0.0000000E+00  0.1000000E+01
         1   516      3  0.1185006E-03  0.0000000E+00  0.1000000E+01
         1   516      4  0.1574210E-03  0.0000000E+00  0.1000000E+01
         1   516      5  0.1961930E-03  0.0000000E+00  0.1000000E+01
         1   516      6  0.2348167E-03  0.0000000E+00  0.1000000E+01
         1   516      7  0.2732922E-03  0.0000000E+00  0.1000000E+01
         1   516      8  0.3116198E-03  0.0000000E+00  0.1000000E+01
         1   516      9  0.3497997E-03  0.0000000E+00  0.9999999E+00
         1   516     10 -0.4960267E-02  0.0000000E+00  0.9999877E+00

         1   517      0  0.0000000E+00  0.0000000E+00  0.0000000E+00
         1   517      1  0.8468260E-06  0.0000000E+00  0.1000000E+01
         1   517      2  0.7943158E-04  0.0000000E+00  0.1000000E+01
         1   517      3  0.1185006E-03  0.0000000E+00  0.1000000E+01
         1   517      4  0.1574210E-03  0.0000000E+00  0.1000000E+01
         1   517      5  0.1961930E-03  0.0000000E+00  0.1000000E+01
         1   517      6  0.2348167E-03  0.0000000E+00  0.1000000E+01
         1   517      7  0.2732922E-03  0.0000000E+00  0.1000000E+01
         1   517      8  0.3116198E-03  0.0000000E+00  0.1000000E+01
         1   517      9  0.3497997E-03  0.0000000E+00  0.9999999E+00
         1   517     10 -0.4960267E-02  0.0000000E+00  0.9999877E+00

         1   518      0  0.0000000E+00  0.0000000E+00  0.0000000E+00
         1   518      1  0.8644682E-06  0.0000000E+00  0.1000000E+01
         1   518      2  0.7938530E-04  0.0000000E+00  0.1000000E+01
         1   518      3  0.1184224E-03  0.0000000E+00  0.1000000E+01
         1   518      4  0.1573109E-03  0.0000000E+00  0.1000000E+01
         1   518      5  0.1960510E-03  0.0000000E+00  0.1000000E+01
         1   518      6  0.2346428E-03  0.0000000E+00  0.1000000E+01
         1   518      7  0.2730865E-03  0.0000000E+00  0.1000000E+01
         1   518      8  0.3113823E-03  0.0000000E+00  0.1000000E+01
         1   518      9  0.3495304E-03  0.0000000E+00  0.9999999E+00
         1   518     10 -0.4957581E-02  0.0000000E+00  0.9999877E+00

         1   519      0  0.0000000E+00  0.0000000E+00  0.0000000E+00
         1   519      1  0.8644682E-06  0.0000000E+00  0.1000000E+01
         1   519      2  0.7938530E-04  0.0000000E+00  0.1000000E+01
         1   519      3  0.1184224E-03  0.0000000E+00  0.1000000E+01
         1   519      4  0.1573109E-03  0.0000000E+00  0.1000000E+01
         1   519      5  0.1960510E-03  0.0000000E+00  0.1000000E+01
         1   519      6  0.2346428E-03  0.0000000E+00  0.1000000E+01
         1   519      7  0.2730865E-03  0.0000000E+00  0.1000000E+01
         1   519      8  0.3113823E-03  0.0000000E+00  0.1000000E+01
         1   519      9  0.3495304E-03  0.0000000E+00  0.9999999E+00
         1   519     10 -0.4957581E-02  0.0000000E+00  0.9999877E+00

         1   520      0  0.0000000E+00  0.0000000E+00  0.0000000E+00
         1   520      1  0.8644682E-06  0.0000000E+00  0.1000000E+01
         1   520      2  0.7938530E-04  0.0000000E+00  0.1000000E+01
         1   520      3  0.1184224E-03  0.0000000E+00  0.1000000E+01
         1   520      4  0.1573109E-03  0.0000000E+00  0.1000000E+01
         1   520      5  0.1960510E-03  0.0000000E+00  0.1000000E+01
         1   520      6  0.2346428E-03  0.0000000E+00  0.1000000E+01
         1   520      7  0.2730865E-03  0.0000000E+00  0.1000000E+01
         1   520      8  0.3113823E-03  0.0000000E+00  0.1000000E+01
         1   520      9  0.3495304E-03  0.0000000E+00  0.9999999E+00
         1   520     10 -0.4957581E-02  0.0000000E+00  0.9999877E+00

         1   521      0  0.0000000E+00  0.0000000E+00  0.0000000E+00
         1   521      1  0.8644682E-06  0.0000000E+00  0.1000000E+01
         1   521      2  0.7938530E-04  0.0000000E+00  0.1000000E+01
         1   521      3  0.1184224E-03  0.0000000E+00  0.1000000E+01
         1   521      4  0.1573109E-03  0.0000000E+00  0.1000000E+01
         1   521      5  0.1960510E-03  0.0000000E+00  0.1000000E+01
         1   521      6  0.2346428E-03  0.0000000E+00  0.1000000E+01
         1   521      7  0.2730865E-03  0.0000000E+00  0.1000000E+01
         1   521      8  0.3113823E-03  0.0000000E+00  0.1000000E+01
         1   521      9  0.3495304E-03  0.0000000E+00  0.9999999E+00
         1   521     10 -0.4957581E-02  0.0000000E+00  0.9999877E+00

         1   522      0  0.0000000E+00  0.0000000E+00  0.0000000E+00
         1   522      1  0.8644682E-06  0.0000000E+00  0.1000000E+01
         1   522      2  0.1918086E-04  0.0000000E+00  0.1000000E+01
         1   522      3  0.2814057E-04  0.0000000E+00  0.1000000E+01
         1   522      4  0.3696805E-04  0.0000000E+00  0.1000000E+01
         1   522      5  0.4566336E-04  0.0000000E+00  0.1000000E+01
         1   522      6  0.5422657E-04  0.0000000E+00  0.1000000E+01
         1   522      7  0.6265773E-04  0.0000000E+00  0.1000000E+01
         1   522      8  0.7095692E-04  0.0000000E+00  0.1000000E+01
         1   522      9  0.7912419E-04  0.0000000E+00  0.1000000E+01
         1   522     10 -0.4990144E-02  0.0000000E+00  0.9999875E+00

         1   523      0  0.0000000E+00  0.0000000E+00  0.0000000E+00
         1   523      1  0.8644682E-06  0.0000000E+00  0.1000000E+01
         1   523      2 -0.4191095E-04  0.0000000E+00  0.1000000E+01
         1   523      3 -0.6347280E-04  0.0000000E+00  0.1000000E+01
         1   523      4 -0.8515080E-04  0.0000000E+00  0.1000000E+01
         1   523      5 -0.1069450E-03  0.0000000E+00  0.1000000E+01
         1   523      6 -0.1288554E-03  0.0000000E+00  0.1000000E+01
         1   523      7 -0.1508822E-03  0.0000000E+00  0.1000000E+01
         1   523      8 -0.1730252E-03  0.0000000E+00  0.1000000E+01
         1   523      9 -0.1952847E-03  0.0000000E+00  0.1000000E+01
         1   523     10 -0.5019324E-02  0.0000000E+00  0.9999874E+00

         1   524      0  0.0000000E+00  0.0000000E+00  0.0000000E+00
         1   524      1  0.8644682E-06  0.0000000E+00  0.1000000E+01
         1   524      2 -0.4191095E-04  0.0000000E+00  0.1000000E+01
         1   524      3 -0.6347280E-04  0.0000000E+00  0.1000000E+01
         1   524      4 -0.8515080E-04  0.0000000E+00  0.1000000E+01
         1   524      5 -0.1069450E-03  0.0000000E+00  0.1000000E+01
         1   524      6 -0.1288554E-03  0.0000000E+00  0.1000000E+01
         1   524      7 -0.1508822E-03  0.0000000E+00  0.1000000E+01
         1   524      8 -0.1730252E-03  0.0000000E+00  0.1000000E+01
         1   524      9 -0.1952847E-03  0.0000000E+00  0.1000000E+01
         1   524     10 -0.5019324E-02  0.0000000E+00  0.9999874E+00

         1   525      0  0.0000000E+00  0.0000000E+00  0.0000000E+00
         1   525      1  0.8644682E-06  0.0000000E+00  0.1000000E+01
         1   525      2 -0.4191095E-04  0.0000000E+00  0.1000000E+01
         1   525      3 -0.6347280E-04  0.0000000E+00  0.1000000E+01
         1   525      4 -0.8515080E-04  0.0000000E+00  0.1000000E+01
         1   525      5 -0.1069450E-03  0.0000000E+00  0.1000000E+01
         1   525      6 -0.1288554E-03  0.0000000E+00  0.1000000E+01
         1   525      7 -0.1508822E-03  0.0000000E+00  0.1000000E+01
         1   525      8 -0.1730252E-03  0.0000000E+00  0.1000000E+01
         1   525      9 -0.1952847E-03  0.0000000E+00  0.1000000E+01
         1   525     10 -0.5019324E-02  0.0000000E+00  0.9999874E+00

         1   526      0  0.0000000E+00  0.0000000E+00  0.0000000E+00
         1   526      1  0.8644682E-06  0.0000000E+00  0.1000000E+01
         1   526      2 -0.4191095E-04  0.0000000E+00  0.1000000E+01
         1   526      3 -0.6347280E-04  0.0000000E+00  0.1000000E+01
         1   526      4 -0.8515080E-04  0.0000000E+00  0.1000000E+01
         1   526      5 -0.1069450E-03  0.0000000E+00  0.1000000E+01
         1   526      6 -0.1288554E-03  0.0000000E+00  0.1000000E+01
         1   526      7 -0.1508822E-03  0.0000000E+00  0.1000000E+01
         1   526      8 -0.1730252E-03  0.0000000E+00  0.1000000E+01
         1   526      9 -0.1952847E-03  0.0000000E+00  0.1000000E+01
         1   526     10 -0.5019324E-02  0.0000000E+00  0.9999874E+00

         1   527      0  0.0000000E+00  0.0000000E+00  0.0000000E+00
         1   527      1  0.8821104E-06  0.0000000E+00  0.1000000E+01
         1   527      2 -0.4197727E-04  0.0000000E+00  0.1000000E+01
         1   527      3 -0.6358108E-04  0.0000000E+00  0.1000000E+01
         1   527      4 -0.8530102E-04  0.0000000E+00  0.1000000E+01
         1   527      5 -0.1071371E-03  0.0000000E+00  0.1000000E+01
         1   527      6 -0.1290895E-03  0.0000000E+00  0.1000000E+01
         1   527      7 -0.1511581E-03  0.0000000E+00  0.1000000E+01
         1   527      8 -0.1733430E-03  0.0000000E+00  0.1000000E+01
         1   527      9 -0.1956443E-03  0.0000000E+00  0.1000000E+01
         1   527     10 -0.5016561E-02  0.0000000E+00  0.9999874E+00

         1   528      0  0.0000000E+00  0.0000000E+00  0.0000000E+00
         1   528      1  0.8821104E-06  0.0000000E+00  0.1000000E+01
         1   528      2 -0.4197727E-04  0.0000000E+00  0.1000000E+01
         1   528      3 -0.6358108E-04  0.0000000E+00  0.1000000E+01
         1   528      4 -0.8530102E-04  0.0000000E+00  0.1000000E+01
         1   528      5 -0.1071371E-03  0.0000000E+00  0.1000000E+01
         1   528      6 -0.1290895E-03  0.0000000E+00  0.1000000E+01
         1   528      7 -0.1511581E-03  0.0000000E+00  0.1000000E+01
         1   528      8 -0.1733430E-03  0.0000000E+00  0.1000000E+01
         1   528      9 -0.1956443E-03  0.0000000E+00  0.1000000E+01
         1   528     10 -0.5016561E-02  0.0000000E+00  0.9999874E+00

         1   529      0  0.0000000E+00  0.0000000E+00  0.0000000E+00
         1   529      1  0.8821104E-06  0.0000000E+00  0.1000000E+01
         1   529      2 -0.4197727E-04  0.0000000E+00  0.1000000E+01
         1   529      3 -0.6358108E-04  0.0000000E+00  0.1000000E+01
         1   529      4 -0.8530102E-04  0.0000000E+00  0.1000000E+01
         1   529      5 -0.1071371E-03  0.0000000E+00  0.1000000E+01
         1   529      6 -0.1290895E-03  0.0000000E+00  0.1000000E+01
         1   529      7 -0.1511581E-03  0.0000000E+00  0.1000000E+01
         1   529      8 -0.1733430E-03  0.0000000E+00  0.1000000E+01
         1   529      9 -0.1956443E-03  0.0000000E+00  0.1000000E+01
         1   529     10 -0.5016561E-02  0.0000000E+00  0.9999874E+00

         1   530      0  0.0000000E+00  0.0000000E+00  0.0000000E+00
         1   530      1  0.8821104E-06  0.0000000E+00  0.1000000E+01
         1   530      2 -0.4197727E-04  0.0000000E+00  0.1000000E+01
         1   530      3 -0.6358108E-04  0.0000000E+00  0.1000000E+01
         1   530      4 -0.8530102E-04  0.0000000E+00  0.1000000E+01
         1   530      5 -0.1071371E-03  0.0000000E+00  0.1000000E+01
         1   530      6 -0.1290895E-03  0.0000000E+00  0.1000000E+01
         1   530      7 -0.1511581E-03  0.0000000E+00  0.1000000E+01
         1   530      8 -0.1733430E-03  0.0000000E+00  0.1000000E+01
         1   530      9 -0.1956443E-03  0.0000000E+00  0.1000000E+01
         1   530     10 -0.5016561E-02  0.0000000E+00  0.9999874E+00

         1   531      0  0.0000000E+00  0.0000000E+00  0.0000000E+00
         1   531      1  0.8821104E-06  0.0000000E+00  0.1000000E+01
         1   531      2 -0.5240665E-05  0.0000000E+00  0.1000000E+01
         1   531      3 -0.8481574E-05  0.0000000E+00  0.1000000E+01
         1   531      4 -0.1184220E-04  0.0000000E+00  0.1000000E+01
         1   531      5 -0.1532256E-04  0.0000000E+00  0.1000000E+01
         1   531      6 -0.1892270E-04  0.0000000E+00  0.1000000E+01
         1   531      7 -0.2264262E-04  0.0000000E+00  0.1000000E+01
         1   531      8 -0.2648237E-04  0.0000000E+00  0.1000000E+01
         1   531      9 -0.3044197E-04  0.0000000E+00  0.1000000E+01
         1   531     10 -0.5016664E-02  0.0000000E+00  0.9999874E+00

         1   532      0  0.0000000E+00  0.0000000E+00  0.0000000E+00
         1   532      1  0.8821104E-06  0.0000000E+00  0.1000000E+01
         1   532      2  0.3678971E-04  0.0000000E+00  0.1000000E+01
         1   532      3  0.5455909E-04  0.0000000E+00  0.1000000E+01
         1   532      4  0.7220552E-04  0.0000000E+00  0.1000000E+01
         1   532      5  0.8972897E-04  0.0000000E+00  0.1000000E+01
         1   532      6  0.1071294E-03  0.0000000E+00  0.1000000E+01
         1   532      7  0.1244069E-03  0.0000000E+00  0.1000000E+01
         1   532      8  0.1415614E-03  0.0000000E+00  0.1000000E+01
         1   532      9  0.1585929E-03  0.0000000E+00  0.1000000E+01
         1   532     10 -0.5016749E-02  0.0000000E+00  0.9999874E+00

         1   533      0  0.0000000E+00  0.0000000E+00  0.0000000E+00
         1   533      1  0.8821104E-06  0.0000000E+00  0.1000000E+01
         1   533      2  0.3678971E-04  0.0000000E+00  0.1000000E+01
         1   533      3  0.5455909E-04  0.0000000E+00  0.1000000E+01
         1   533      4  0.7220552E-04  0.0000000E+00  0.1000000E+01
         1   533      5  0.8972897E-04  0.0000000E+00  0.1000000E+01
         1   533      6  0.1071294E-03  0.0000000E+00  0.1000000E+01
         1   533      7  0.1244069E-03  0.0000000E+00  0.1000000E+01
         1   533      8  0.1415614E-03  0.0000000E+00  0.1000000E+01
         1   533      9  0.1585929E-03  0.0000000E+00  0.1000000E+01
         1   533     10 -0.5016749E-02  0.0000000E+00  0.9999874E+00

         1   534      0  0.0000000E+00  0.0000000E+00  0.0000000E+00
         1   534      1  0.8821104E-06  0.0000000E+00  0.1000000E+01
         1   534      2  0.3678971E-04  0.0000000E+00  0.1000000E+01
         1   534      3  0.5455909E-04  0.0000000E+00  0.1000000E+01
         1   534      4  0.7220552E-04  0.0000000E+00  0.1000000E+01
         1   534      5  0.8972897E-04  0.0000000E+00  0.1000000E+01
         1   534      6  0.1071294E-03  0.0000000E+00  0.1000000E+01
         1   534      7  0.1244069E-03  0.0000000E+00  0.1000000E+01
         1   534      8  0.1415614E-03  0.0000000E+00  0.1000000E+01
         1   534      9  0.1585929E-03  0.0000000E+00  0.1000000E+01
         1   534     10 -0.5016749E-02  0.0000000E+00  0.9999874E+00

         1   535      0  0.0000000E+00  0.0000000E+00  0.0000000E+00
         1   535      1  0.8821104E-06  0.0000000E+00  0.1000000E+01
         1   535      2  0.3678971E-04  0.0000000E+00  0.1000000E+01
         1   535      3  0.5455909E-04  0.0000000E+00  0.1000000E+01
         1   535      4  0.7220552E-04  0.0000000E+00  0.1000000E+01
         1   535      5  0.8972897E-04  0.0000000E+00  0.1000000E+01
         1   535      6  0.1071294E-03  0.0000000E+00  0.1000000E+01
         1   535      7  0.1244069E-03  0.0000000E+00  0.1000000E+01
         1   535      8  0.1415614E-03  0.0000000E+00  0.1000000E+01
         1   535      9  0.1585929E-03  0.0000000E+00  0.1000000E+01
         1   535     10 -0.5016749E-02  0.0000000E+00  0.9999874E+00

         1   536      0  0.0000000E+00  0.0000000E+00  0.0000000E+00
         1   536      1  0.8821104E-06  0.0000000E+00  0.1000000E+01
         1   536      2  0.3678971E-04  0.0000000E+00  0.1000000E+01
         1   536      3  0.5455909E-04  0.0000000E+00  0.1000000E+01
         1   536      4  0.7220552E-04  0.0000000E+00  0.1000000E+01
         1   536      5  0.8972897E-04  0.0000000E+00  0.1000000E+01
         1   536      6  0.1071294E-03  0.0000000E+00  0.1000000E+01
         1   536      7  0.1244069E-03  0.0000000E+00  0.1000000E+01
         1   536      8  0.1415614E-03  0.0000000E+00  0.1000000E+01
         1   536      9  0.1585929E-03  0.0000000E+00  0.1000000E+01
         1   536     10 -0.5016749E-02  0.0000000E+00  0.9999874E+00

         1   537      0  0.0000000E+00  0.0000000E+00  0.0000000E+00
         1   537      1  0.8821104E-06  0.0000000E+00  0.1000000E+01
         1   537      2  0.3678971E-04  0.0000000E+00  0.1000000E+01
         1   537      3  0.5455909E-04  0.0000000E+00  0.1000000E+01
         1   537      4  0.7220552E-04  0.0000000E+00  0.1000000E+01
         1   537      5  0.8972897E-04  0.0000000E+00  0.1000000E+01
         1   537      6  0.1071294E-03  0.0000000E+00  0.1000000E+01
         1   537      7  0.1244069E-03  0.0000000E+00  0.1000000E+01
         1   537      8  0.1415614E-03  0.0000000E+00  0.1000000E+01
         1   537      9  0.1585929E-03  0.0000000E+00  0.1000000E+01
         1   537     10 -0.5016749E-02  0.0000000E+00  0.9999874E+00

         1   538      0  0.0000000E+00  0.0000000E+00  0.0000000E+00
         1   538      1  0.8821104E-06  0.0000000E+00  0.1000000E+01
         1   538      2  0.3678971E-04  0.0000000E+00  0.1000000E+01
         1   538      3  0.5455909E-04  0.0000000E+00  0.1000000E+01
         1   538      4  0.7220552E-04  0.0000000E+00  0.1000000E+01
         1   538      5  0.8972897E-04  0.0000000E+00  0.1000000E+01
         1   538      6  0.1071294E-03  0.0000000E+00  0.1000000E+01
         1   538      7  0.1244069E-03  0.0000000E+00  0.1000000E+01
         1   538      8  0.1415614E-03  0.0000000E+00  0.1000000E+01
         1   538      9  0.1585929E-03  0.0000000E+00  0.1000000E+01
         1   538     10 -0.5016749E-02  0.0000000E+00  0.9999874E+00

         1   539      0  0.0000000E+00  0.0000000E+00  0.0000000E+00
         1   539      1  0.8821104E-06  0.0000000E+00  0.1000000E+01
         1   539      2  0.3678971E-04  0.0000000E+00  0.1000000E+01
         1   539      3  0.5455909E-04  0.0000000E+00  0.1000000E+01
         1   539      4  0.7220552E-04  0.0000000E+00  0.1000000E+01
         1   539      5  0.8972897E-04  0.0000000E+00  0.1000000E+01
         1   539      6  0.1071294E-03  0.0000000E+00  0.1000000E+01
         1   539      7  0.1244069E-03  0.0000000E+00  0.1000000E+01
         1   539      8  0.1415614E-03  0.0000000E+00  0.1000000E+01
         1   539      9  0.1585929E-03  0.0000000E+00  0.1000000E+01
         1   539     10 -0.5016749E-02  0.0000000E+00  0.9999874E+00

         1   540      0  0.0000000E+00  0.0000000E+00  0.0000000E+00
         1   540      1  0.8821104E-06  0.0000000E+00  0.1000000E+01
         1   540      2 -0.3142431E-04  0.0000000E+00  0.1000000E+01
         1   540      3 -0.4777256E-04  0.0000000E+00  0.1000000E+01
         1   540      4 -0.6425076E-04  0.0000000E+00  0.1000000E+01
         1   540      5 -0.8085885E-04  0.0000000E+00  0.1000000E+01
         1   540      6 -0.9759678E-04  0.0000000E+00  0.1000000E+01
         1   540      7 -0.1144645E-03  0.0000000E+00  0.1000000E+01
         1   540      8 -0.1314619E-03  0.0000000E+00  0.1000000E+01
         1   540      9 -0.1485890E-03  0.0000000E+00  0.1000000E+01
         1   540     10 -0.5017078E-02  0.0000000E+00  0.9999874E+00
