# number of rays:      11
# iteration   EID   ray    X              A              Y              B              T              D
         0     0      0  0.0000000E+00  0.0000000E+00  0.0000000E+00  0.0000000E+00  0.0000000E+00  0.0000000E+00
         0     0      1  0.0000000E+00  0.0000000E+00  0.0000000E+00  0.0000000E+00  0.0000000E+00  0.0000000E+00
         0     0      2  0.1000000E-02  0.0000000E+00  0.0000000E+00  0.0000000E+00  0.0000000E+00  0.0000000E+00
         0     0      3  0.1500000E-02  0.0000000E+00  0.0000000E+00  0.0000000E+00  0.0000000E+00  0.0000000E+00
         0     0      4  0.2000000E-02  0.0000000E+00  0.0000000E+00  0.0000000E+00  0.0000000E+00  0.0000000E+00
         0     0      5  0.2500000E-02  0.0000000E+00  0.0000000E+00  0.0000000E+00  0.0000000E+00  0.0000000E+00
         0     0      6  0.3000000E-02  0.0000000E+00  0.0000000E+00  0.0000000E+00  0.0000000E+00  0.0000000E+00
         0     0      7  0.3500000E-02  0.0000000E+00  0.0000000E+00  0.0000000E+00  0.0000000E+00  0.0000000E+00
         0     0      8  0.4000000E-02  0.0000000E+00  0.0000000E+00  0.0000000E+00  0.0000000E+00  0.0000000E+00
         0     0      9  0.4500000E-02  0.0000000E+00  0.0000000E+00  0.0000000E+00  0.0000000E+00  0.0000000E+00
         0     0     10  0.0000000E+00  0.0000000E+00  0.0000000E+00  0.0000000E+00  0.0000000E+00  0.1000000E-02

         1     1      0  0.0000000E+00  0.0000000E+00  0.0000000E+00  0.0000000E+00  0.0000000E+00  0.0000000E+00
         1     1      1  0.0000000E+00  0.0000000E+00  0.0000000E+00  0.0000000E+00  0.0000000E+00  0.0000000E+00
         1     1      2  0.1009867E-02  0.9883014E-04  0.0000000E+00  0.0000000E+00 -0.1732625E-09  0.0000000E+00
         1     1      3  0.1514800E-02  0.1482452E-03  0.0000000E+00  0.0000000E+00 -0.3898406E-09  0.0000000E+00
         1     1      4  0.2019734E-02  0.1976603E-03  0.0000000E+00  0.0000000E+00 -0.6930499E-09  0.0000000E+00
         1     1      5  0.2524667E-02  0.2470754E-03  0.0000000E+00  0.0000000E+00 -0.1082890E-08  0.0000000E+00
         1     1      6  0.3029600E-02  0.2964904E-03  0.0000000E+00  0.0000000E+00 -0.1559362E-08  0.0000000E+00
         1     1      7  0.3534534E-02  0.3459055E-03  0.0000000E+00  0.0000000E+00 -0.2122465E-08  0.0000000E+00
         1     1      8  0.4039467E-02  0.3953206E-03  0.0000000E+00  0.0000000E+00 -0.2772200E-08  0.0000000E+00
         1     1      9  0.4544401E-02  0.4447357E-03  0.0000000E+00  0.0000000E+00 -0.3508565E-08  0.0000000E+00
         1     1     10  0.0000000E+00  0.0000000E+00  0.0000000E+00  0.0000000E+00  0.4347783E-04  0.1000000E-02

         1     2      0  0.0000000E+00  0.0000000E+00  0.0000000E+00  0.0000000E+00  0.0000000E+00  0.0000000E+00
         1     2      1  0.0000000E+00  0.0000000E+00  0.0000000E+00  0.0000000E+00  0.0000000E+00  0.0000000E+00
         1     2      2  0.1074106E-02  0.9883014E-04  0.0000000E+00  0.0000000E+00 -0.1867008E-08  0.0000000E+00
         1     2      3  0.1611160E-02  0.1482452E-03  0.0000000E+00  0.0000000E+00 -0.4200769E-08  0.0000000E+00
         1     2      4  0.2148213E-02  0.1976603E-03  0.0000000E+00  0.0000000E+00 -0.7468033E-08  0.0000000E+00
         1     2      5  0.2685266E-02  0.2470754E-03  0.0000000E+00  0.0000000E+00 -0.1166880E-07  0.0000000E+00
         1     2      6  0.3222319E-02  0.2964904E-03  0.0000000E+00  0.0000000E+00 -0.1680307E-07  0.0000000E+00
         1     2      7  0.3759372E-02  0.3459055E-03  0.0000000E+00  0.0000000E+00 -0.2287085E-07  0.0000000E+00
         1     2      8  0.4296426E-02  0.3953206E-03  0.0000000E+00  0.0000000E+00 -0.2987213E-07  0.0000000E+00
         1     2      9  0.4833479E-02  0.4447357E-03  0.0000000E+00  0.0000000E+00 -0.3780692E-07  0.0000000E+00
         1     2     10  0.0000000E+00  0.0000000E+00  0.0000000E+00  0.0000000E+00  0.1847808E-03  0.1000000E-02

         1     3      0  0.0000000E+00  0.0000000E+00  0.0000000E+00  0.0000000E+00  0.0000000E+00  0.0000000E+00
         1     3      1  0.0000000E+00  0.0000000E+00  0.0000000E+00  0.0000000E+00  0.0000000E+00  0.0000000E+00
         1     3      2  0.1600870E-02  0.4601409E-04  0.0000000E+00  0.0000000E+00 -0.3824492E-03  0.0000000E+00
         1     3      3  0.2401338E-02  0.6901931E-04  0.0000000E+00  0.0000000E+00 -0.5736884E-03  0.0000000E+00
         1     3      4  0.3201827E-02  0.9202330E-04  0.0000000E+00  0.0000000E+00 -0.7649374E-03  0.0000000E+00
         1     3      5  0.4002338E-02  0.1150261E-03  0.0000000E+00  0.0000000E+00 -0.9561962E-03  0.0000000E+00
         1     3      6  0.4802870E-02  0.1380276E-03  0.0000000E+00  0.0000000E+00 -0.1147465E-02  0.0000000E+00
         1     3      7  0.5603423E-02  0.1610280E-03  0.0000000E+00  0.0000000E+00 -0.1338743E-02  0.0000000E+00
         1     3      8  0.6403998E-02  0.1840271E-03  0.0000000E+00  0.0000000E+00 -0.1530031E-02  0.0000000E+00
         1     3      9  0.7204595E-02  0.2070250E-03  0.0000000E+00  0.0000000E+00 -0.1721329E-02  0.0000000E+00
         1     3     10  0.9694457E-03  0.2667273E-03  0.0000000E+00  0.0000000E+00  0.1638403E-02  0.1000000E-02

         1     4      0  0.0000000E+00  0.0000000E+00  0.0000000E+00  0.0000000E+00  0.0000000E+00  0.0000000E+00
         1     4      1  0.0000000E+00  0.0000000E+00  0.0000000E+00  0.0000000E+00  0.0000000E+00  0.0000000E+00
         1     4      2  0.1612374E-02  0.4601409E-04  0.0000000E+00  0.0000000E+00 -0.3824493E-03  0.0000000E+00
         1     4      3  0.2418593E-02  0.6901931E-04  0.0000000E+00  0.0000000E+00 -0.5736887E-03  0.0000000E+00
         1     4      4  0.3224833E-02  0.9202330E-04  0.0000000E+00  0.0000000E+00 -0.7649380E-03  0.0000000E+00
         1     4      5  0.4031094E-02  0.1150261E-03  0.0000000E+00  0.0000000E+00 -0.9561971E-03  0.0000000E+00
         1     4      6  0.4837376E-02  0.1380276E-03  0.0000000E+00  0.0000000E+00 -0.1147466E-02  0.0000000E+00
         1     4      7  0.5643680E-02  0.1610280E-03  0.0000000E+00  0.0000000E+00 -0.1338745E-02  0.0000000E+00
         1     4      8  0.6450005E-02  0.1840271E-03  0.0000000E+00  0.0000000E+00 -0.1530034E-02  0.0000000E+00
         1     4      9  0.7256351E-02  0.2070250E-03  0.0000000E+00  0.0000000E+00 -0.1721332E-02  0.0000000E+00
         1     4     10  0.1036092E-02  0.2667273E-03  0.0000000E+00  0.0000000E+00  0.1692745E-02  0.1000000E-02

         1     5      0  0.0000000E+00  0.0000000E+00  0.0000000E+00  0.0000000E+00  0.0000000E+00  0.0000000E+00
         1     5      1  0.0000000E+00  0.0000000E+00  0.0000000E+00  0.0000000E+00  0.0000000E+00  0.0000000E+00
         1     5      2  0.1619276E-02  0.4601409E-04  0.0000000E+00  0.0000000E+00 -0.3824494E-03  0.0000000E+00
         1     5      3  0.2428946E-02  0.6901931E-04  0.0000000E+00  0.0000000E+00 -0.5736889E-03  0.0000000E+00
         1     5      4  0.3238636E-02  0.9202330E-04  0.0000000E+00  0.0000000E+00 -0.7649383E-03  0.0000000E+00
         1     5      5  0.4048348E-02  0.1150261E-03  0.0000000E+00  0.0000000E+00 -0.9561976E-03  0.0000000E+00
         1     5      6  0.4858081E-02  0.1380276E-03  0.0000000E+00  0.0000000E+00 -0.1147467E-02  0.0000000E+00
         1     5      7  0.5667834E-02  0.1610280E-03  0.0000000E+00  0.0000000E+00 -0.1338746E-02  0.0000000E+00
         1     5      8  0.6477609E-02  0.1840271E-03  0.0000000E+00  0.0000000E+00 -0.1530035E-02  0.0000000E+00
         1     5      9  0.7287405E-02  0.2070250E-03  0.0000000E+00  0.0000000E+00 -0.1721334E-02  0.0000000E+00
         1     5     10  0.1076080E-02  0.2667273E-03  0.0000000E+00  0.0000000E+00  0.1725351E-02  0.1000000E-02

         1     6      0  0.0000000E+00  0.0000000E+00  0.0000000E+00  0.0000000E+00  0.0000000E+00  0.0000000E+00
         1     6      1  0.0000000E+00  0.0000000E+00  0.0000000E+00  0.0000000E+00  0.0000000E+00  0.0000000E+00
         1     6      2  0.1630780E-02  0.4601409E-04  0.0000000E+00  0.0000000E+00 -0.3824495E-03  0.0000000E+00
         1     6      3  0.2446200E-02  0.6901931E-04  0.0000000E+00  0.0000000E+00 -0.5736892E-03  0.0000000E+00
         1     6      4  0.3261642E-02  0.9202330E-04  0.0000000E+00  0.0000000E+00 -0.7649389E-03  0.0000000E+00
         1     6      5  0.4077104E-02  0.1150261E-03  0.0000000E+00  0.0000000E+00 -0.9561985E-03  0.0000000E+00
         1     6      6  0.4892588E-02  0.1380276E-03  0.0000000E+00  0.0000000E+00 -0.1147468E-02  0.0000000E+00
         1     6      7  0.5708091E-02  0.1610280E-03  0.0000000E+00  0.0000000E+00 -0.1338748E-02  0.0000000E+00
         1     6      8  0.6523616E-02  0.1840271E-03  0.0000000E+00  0.0000000E+00 -0.1530037E-02  0.0000000E+00
         1     6      9  0.7339161E-02  0.2070250E-03  0.0000000E+00  0.0000000E+00 -0.1721337E-02  0.0000000E+00
         1     6     10  0.1142726E-02  0.2667273E-03  0.0000000E+00  0.0000000E+00  0.1779694E-02  0.1000000E-02

         1     7      0  0.0000000E+00  0.0000000E+00  0.0000000E+00  0.0000000E+00  0.0000000E+00  0.0000000E+00
         1     7      1  0.0000000E+00  0.0000000E+00  0.0000000E+00  0.0000000E+00  0.0000000E+00  0.0000000E+00
         1     7      2  0.1626055E-02 -0.9094166E-04  0.0000000E+00  0.0000000E+00 -0.3824496E-03  0.0000000E+00
         1     7      3  0.2439113E-02 -0.1364169E-03  0.0000000E+00  0.0000000E+00 -0.5736895E-03  0.0000000E+00
         1     7      4  0.3252192E-02 -0.1818951E-03  0.0000000E+00  0.0000000E+00 -0.7649394E-03  0.0000000E+00
         1     7      5  0.4065290E-02 -0.2273762E-03  0.0000000E+00  0.0000000E+00 -0.9561992E-03  0.0000000E+00
         1     7      6  0.4878409E-02 -0.2728603E-03  0.0000000E+00  0.0000000E+00 -0.1147469E-02  0.0000000E+00
         1     7      7  0.5691548E-02 -0.3183474E-03  0.0000000E+00  0.0000000E+00 -0.1338749E-02  0.0000000E+00
         1     7      8  0.6504708E-02 -0.3638373E-03  0.0000000E+00  0.0000000E+00 -0.1530039E-02  0.0000000E+00
         1     7      9  0.7317888E-02 -0.4093303E-03  0.0000000E+00  0.0000000E+00 -0.1721339E-02  0.0000000E+00
         1     7     10  0.1188488E-02  0.1686957E-03  0.0000000E+00  0.0000000E+00  0.1825343E-02  0.1000000E-02

         1     8      0  0.0000000E+00  0.0000000E+00  0.0000000E+00  0.0000000E+00  0.0000000E+00  0.0000000E+00
         1     8      1  0.0000000E+00  0.0000000E+00  0.0000000E+00  0.0000000E+00  0.0000000E+00  0.0000000E+00
         1     8      2  0.1592696E-02 -0.2262959E-03  0.0000000E+00  0.0000000E+00 -0.3824511E-03  0.0000000E+00
         1     8      3  0.2389074E-02 -0.3394508E-03  0.0000000E+00  0.0000000E+00 -0.5736929E-03  0.0000000E+00
         1     8      4  0.3185471E-02 -0.4526104E-03  0.0000000E+00  0.0000000E+00 -0.7649454E-03  0.0000000E+00
         1     8      5  0.3981887E-02 -0.5657745E-03  0.0000000E+00  0.0000000E+00 -0.9562086E-03  0.0000000E+00
         1     8      6  0.4778323E-02 -0.6789433E-03  0.0000000E+00  0.0000000E+00 -0.1147483E-02  0.0000000E+00
         1     8      7  0.5574778E-02 -0.7921166E-03  0.0000000E+00  0.0000000E+00 -0.1338767E-02  0.0000000E+00
         1     8      8  0.6371253E-02 -0.9052946E-03  0.0000000E+00  0.0000000E+00 -0.1530063E-02  0.0000000E+00
         1     8      9  0.7167747E-02 -0.1018477E-02  0.0000000E+00  0.0000000E+00 -0.1721369E-02  0.0000000E+00
         1     8     10  0.1213333E-02  0.6769484E-04  0.0000000E+00  0.0000000E+00  0.1870993E-02  0.1000000E-02

         1     9      0  0.0000000E+00  0.0000000E+00  0.0000000E+00  0.0000000E+00  0.0000000E+00  0.0000000E+00
         1     9      1  0.0000000E+00  0.0000000E+00  0.0000000E+00  0.0000000E+00  0.0000000E+00  0.0000000E+00
         1     9      2  0.1445604E-02 -0.2262959E-03  0.0000000E+00  0.0000000E+00 -0.3824600E-03  0.0000000E+00
         1     9      3  0.2168431E-02 -0.3394508E-03  0.0000000E+00  0.0000000E+00 -0.5737128E-03  0.0000000E+00
         1     9      4  0.2891274E-02 -0.4526104E-03  0.0000000E+00  0.0000000E+00 -0.7649809E-03  0.0000000E+00
         1     9      5  0.3614133E-02 -0.5657745E-03  0.0000000E+00  0.0000000E+00 -0.9562641E-03  0.0000000E+00
         1     9      6  0.4337009E-02 -0.6789433E-03  0.0000000E+00  0.0000000E+00 -0.1147563E-02  0.0000000E+00
         1     9      7  0.5059902E-02 -0.7921166E-03  0.0000000E+00  0.0000000E+00 -0.1338876E-02  0.0000000E+00
         1     9      8  0.5782811E-02 -0.9052946E-03  0.0000000E+00  0.0000000E+00 -0.1530205E-02  0.0000000E+00
         1     9      9  0.6505737E-02 -0.1018477E-02  0.0000000E+00  0.0000000E+00 -0.1721549E-02  0.0000000E+00
         1     9     10  0.1257311E-02  0.6769484E-04  0.0000000E+00  0.0000000E+00  0.2012296E-02  0.1000000E-02

         1    10      0  0.0000000E+00  0.0000000E+00  0.0000000E+00  0.0000000E+00  0.0000000E+00  0.0000000E+00
         1    10      1  0.0000000E+00  0.0000000E+00  0.0000000E+00  0.0000000E+00  0.0000000E+00  0.0000000E+00
         1    10      2 -0.2837496E-03 -0.2492507E-03  0.0000000E+00  0.0000000E+00 -0.5486778E-03  0.0000000E+00
         1    10      3 -0.4257405E-03 -0.3738925E-03  0.0000000E+00  0.0000000E+00 -0.8231090E-03  0.0000000E+00
         1    10      4 -0.5678089E-03 -0.4985454E-03  0.0000000E+00  0.0000000E+00 -0.1097602E-02  0.0000000E+00
         1    10      5 -0.7099548E-03 -0.6232092E-03  0.0000000E+00  0.0000000E+00 -0.1372156E-02  0.0000000E+00
         1    10      6 -0.8521782E-03 -0.7478841E-03  0.0000000E+00  0.0000000E+00 -0.1646771E-02  0.0000000E+00
         1    10      7 -0.9944793E-03 -0.8725700E-03  0.0000000E+00  0.0000000E+00 -0.1921449E-02  0.0000000E+00
         1    10      8 -0.1136858E-02 -0.9972669E-03  0.0000000E+00  0.0000000E+00 -0.2196187E-02  0.0000000E+00
         1    10      9 -0.1279314E-02 -0.1121975E-02  0.0000000E+00  0.0000000E+00 -0.2470988E-02  0.0000000E+00
         1    10     10  0.2517642E-02  0.2790290E-03  0.0000000E+00  0.0000000E+00  0.3064973E-02  0.1000000E-02

         1    11      0  0.0000000E+00  0.0000000E+00  0.0000000E+00  0.0000000E+00  0.0000000E+00  0.0000000E+00
         1    11      1  0.0000000E+00  0.0000000E+00  0.0000000E+00  0.0000000E+00  0.0000000E+00  0.0000000E+00
         1    11      2 -0.3460623E-03 -0.2492507E-03  0.0000000E+00  0.0000000E+00 -0.5486820E-03  0.0000000E+00
         1    11      3 -0.5192136E-03 -0.3738925E-03  0.0000000E+00  0.0000000E+00 -0.8231183E-03  0.0000000E+00
         1    11      4 -0.6924453E-03 -0.4985454E-03  0.0000000E+00  0.0000000E+00 -0.1097618E-02  0.0000000E+00
         1    11      5 -0.8657571E-03 -0.6232092E-03  0.0000000E+00  0.0000000E+00 -0.1372182E-02  0.0000000E+00
         1    11      6 -0.1039149E-02 -0.7478841E-03  0.0000000E+00  0.0000000E+00 -0.1646809E-02  0.0000000E+00
         1    11      7 -0.1212622E-02 -0.8725700E-03  0.0000000E+00  0.0000000E+00 -0.1921499E-02  0.0000000E+00
         1    11      8 -0.1386175E-02 -0.9972669E-03  0.0000000E+00  0.0000000E+00 -0.2196254E-02  0.0000000E+00
         1    11      9 -0.1559808E-02 -0.1121975E-02  0.0000000E+00  0.0000000E+00 -0.2471072E-02  0.0000000E+00
         1    11     10  0.2587362E-02  0.2790290E-03  0.0000000E+00  0.0000000E+00  0.3119315E-02  0.1000000E-02

         1    12      0  0.0000000E+00  0.0000000E+00  0.0000000E+00  0.0000000E+00  0.0000000E+00  0.0000000E+00
         1    12      1  0.0000000E+00  0.0000000E+00  0.0000000E+00  0.0000000E+00  0.0000000E+00  0.0000000E+00
         1    12      2 -0.3834499E-03 -0.2492507E-03  0.0000000E+00  0.0000000E+00 -0.5486845E-03  0.0000000E+00
         1    12      3 -0.5752975E-03 -0.3738925E-03  0.0000000E+00  0.0000000E+00 -0.8231239E-03  0.0000000E+00
         1    12      4 -0.7672271E-03 -0.4985454E-03  0.0000000E+00  0.0000000E+00 -0.1097628E-02  0.0000000E+00
         1    12      5 -0.9592385E-03 -0.6232092E-03  0.0000000E+00  0.0000000E+00 -0.1372197E-02  0.0000000E+00
         1    12      6 -0.1151332E-02 -0.7478841E-03  0.0000000E+00  0.0000000E+00 -0.1646831E-02  0.0000000E+00
         1    12      7 -0.1343507E-02 -0.8725700E-03  0.0000000E+00  0.0000000E+00 -0.1921530E-02  0.0000000E+00
         1    12      8 -0.1535765E-02 -0.9972669E-03  0.0000000E+00  0.0000000E+00 -0.2196294E-02  0.0000000E+00
         1    12      9 -0.1728104E-02 -0.1121975E-02  0.0000000E+00  0.0000000E+00 -0.2471122E-02  0.0000000E+00
         1    12     10  0.2629194E-02  0.2790290E-03  0.0000000E+00  0.0000000E+00  0.3151920E-02  0.1000000E-02

         1    13      0  0.0000000E+00  0.0000000E+00  0.0000000E+00  0.0000000E+00  0.0000000E+00  0.0000000E+00
         1    13      1  0.0000000E+00  0.0000000E+00  0.0000000E+00  0.0000000E+00  0.0000000E+00  0.0000000E+00
         1    13      2 -0.4457625E-03 -0.2492507E-03  0.0000000E+00  0.0000000E+00 -0.5486886E-03  0.0000000E+00
         1    13      3 -0.6687707E-03 -0.3738925E-03  0.0000000E+00  0.0000000E+00 -0.8231332E-03  0.0000000E+00
         1    13      4 -0.8918634E-03 -0.4985454E-03  0.0000000E+00  0.0000000E+00 -0.1097645E-02  0.0000000E+00
         1    13      5 -0.1115041E-02 -0.6232092E-03  0.0000000E+00  0.0000000E+00 -0.1372223E-02  0.0000000E+00
         1    13      6 -0.1338303E-02 -0.7478841E-03  0.0000000E+00  0.0000000E+00 -0.1646868E-02  0.0000000E+00
         1    13      7 -0.1561650E-02 -0.8725700E-03  0.0000000E+00  0.0000000E+00 -0.1921581E-02  0.0000000E+00
         1    13      8 -0.1785082E-02 -0.9972669E-03  0.0000000E+00  0.0000000E+00 -0.2196360E-02  0.0000000E+00
         1    13      9 -0.2008598E-02 -0.1121975E-02  0.0000000E+00  0.0000000E+00 -0.2471206E-02  0.0000000E+00
         1    13     10  0.2698914E-02  0.2790290E-03  0.0000000E+00  0.0000000E+00  0.3206262E-02  0.1000000E-02

         1    14      0  0.0000000E+00  0.0000000E+00  0.0000000E+00  0.0000000E+00  0.0000000E+00  0.0000000E+00
         1    14      1  0.0000000E+00  0.0000000E+00  0.0000000E+00  0.0000000E+00  0.0000000E+00  0.0000000E+00
         1    14      2 -0.5001748E-03 -0.2957647E-03  0.0000000E+00  0.0000000E+00 -0.5486926E-03  0.0000000E+00
         1    14      3 -0.7503936E-03 -0.4436763E-03  0.0000000E+00  0.0000000E+00 -0.8231421E-03  0.0000000E+00
         1    14      4 -0.1000700E-02 -0.5916074E-03  0.0000000E+00  0.0000000E+00 -0.1097661E-02  0.0000000E+00
         1    14      5 -0.1251094E-02 -0.7395580E-03  0.0000000E+00  0.0000000E+00 -0.1372248E-02  0.0000000E+00
         1    14      6 -0.1501576E-02 -0.8875280E-03  0.0000000E+00  0.0000000E+00 -0.1646904E-02  0.0000000E+00
         1    14      7 -0.1752146E-02 -0.1035518E-02  0.0000000E+00  0.0000000E+00 -0.1921629E-02  0.0000000E+00
         1    14      8 -0.2002804E-02 -0.1183527E-02  0.0000000E+00  0.0000000E+00 -0.2196423E-02  0.0000000E+00
         1    14      9 -0.2253549E-02 -0.1331555E-02  0.0000000E+00  0.0000000E+00 -0.2471286E-02  0.0000000E+00
         1    14     10  0.2781489E-02  0.5485143E-03  0.0000000E+00  0.0000000E+00  0.3249731E-02  0.1000000E-02

         1    15      0  0.0000000E+00  0.0000000E+00  0.0000000E+00  0.0000000E+00  0.0000000E+00  0.0000000E+00
         1    15      1  0.0000000E+00  0.0000000E+00  0.0000000E+00  0.0000000E+00  0.0000000E+00  0.0000000E+00
         1    15      2 -0.5644573E-03 -0.3481153E-03  0.0000000E+00  0.0000000E+00 -0.5486981E-03  0.0000000E+00
         1    15      3 -0.8468245E-03 -0.5222155E-03  0.0000000E+00  0.0000000E+00 -0.8231545E-03  0.0000000E+00
         1    15      4 -0.1129284E-02 -0.6963440E-03  0.0000000E+00  0.0000000E+00 -0.1097683E-02  0.0000000E+00
         1    15      5 -0.1411836E-02 -0.8705009E-03  0.0000000E+00  0.0000000E+00 -0.1372282E-02  0.0000000E+00
         1    15      6 -0.1694481E-02 -0.1044686E-02  0.0000000E+00  0.0000000E+00 -0.1646954E-02  0.0000000E+00
         1    15      7 -0.1977219E-02 -0.1218900E-02  0.0000000E+00  0.0000000E+00 -0.1921697E-02  0.0000000E+00
         1    15      8 -0.2260049E-02 -0.1393142E-02  0.0000000E+00  0.0000000E+00 -0.2196512E-02  0.0000000E+00
         1    15      9 -0.2542972E-02 -0.1567412E-02  0.0000000E+00  0.0000000E+00 -0.2471398E-02  0.0000000E+00
         1    15     10  0.2918923E-02  0.8288179E-03  0.0000000E+00  0.0000000E+00  0.3293183E-02  0.1000000E-02

         1    16      0  0.0000000E+00  0.0000000E+00  0.0000000E+00  0.0000000E+00  0.0000000E+00  0.0000000E+00
         1    16      1  0.0000000E+00  0.0000000E+00  0.0000000E+00  0.0000000E+00  0.0000000E+00  0.0000000E+00
         1    16      2 -0.7907323E-03 -0.3481153E-03  0.0000000E+00  0.0000000E+00 -0.5487191E-03  0.0000000E+00
         1    16      3 -0.1186265E-02 -0.5222155E-03  0.0000000E+00  0.0000000E+00 -0.8232018E-03  0.0000000E+00
         1    16      4 -0.1581908E-02 -0.6963440E-03  0.0000000E+00  0.0000000E+00 -0.1097767E-02  0.0000000E+00
         1    16      5 -0.1977662E-02 -0.8705009E-03  0.0000000E+00  0.0000000E+00 -0.1372414E-02  0.0000000E+00
         1    16      6 -0.2373528E-02 -0.1044686E-02  0.0000000E+00  0.0000000E+00 -0.1647143E-02  0.0000000E+00
         1    16      7 -0.2769504E-02 -0.1218900E-02  0.0000000E+00  0.0000000E+00 -0.1921955E-02  0.0000000E+00
         1    16      8 -0.3165592E-02 -0.1393142E-02  0.0000000E+00  0.0000000E+00 -0.2196848E-02  0.0000000E+00
         1    16      9 -0.3561791E-02 -0.1567412E-02  0.0000000E+00  0.0000000E+00 -0.2471824E-02  0.0000000E+00
         1    16     10  0.3457368E-02  0.8288179E-03  0.0000000E+00  0.0000000E+00  0.3434367E-02  0.1000000E-02

         1    17      0  0.0000000E+00  0.0000000E+00  0.0000000E+00  0.0000000E+00  0.0000000E+00  0.0000000E+00
         1    17      1  0.0000000E+00  0.0000000E+00  0.0000000E+00  0.0000000E+00  0.0000000E+00  0.0000000E+00
         1    17      2 -0.3046765E-02 -0.2723744E-03  0.0000000E+00  0.0000000E+00 -0.2698267E-06  0.0000000E+00
         1    17      3 -0.4570423E-02 -0.4086150E-03  0.0000000E+00  0.0000000E+00 -0.6069299E-06  0.0000000E+00
         1    17      4 -0.6094265E-02 -0.5448912E-03  0.0000000E+00  0.0000000E+00 -0.1078858E-05  0.0000000E+00
         1    17      5 -0.7618291E-02 -0.6812031E-03  0.0000000E+00  0.0000000E+00 -0.1685635E-05  0.0000000E+00
         1    17      6 -0.9142502E-02 -0.8175506E-03  0.0000000E+00  0.0000000E+00 -0.2427285E-05  0.0000000E+00
         1    17      7 -0.1066690E-01 -0.9539338E-03  0.0000000E+00  0.0000000E+00 -0.3303832E-05  0.0000000E+00
         1    17      8 -0.1219148E-01 -0.1090353E-02  0.0000000E+00  0.0000000E+00 -0.4315299E-05  0.0000000E+00
         1    17      9 -0.1371624E-01 -0.1226807E-02  0.0000000E+00  0.0000000E+00 -0.5461711E-05  0.0000000E+00
         1    17     10  0.9587196E-02  0.8569546E-03  0.0000000E+00  0.0000000E+00  0.3161030E-02  0.1000000E-02

         1    18      0  0.0000000E+00  0.0000000E+00  0.0000000E+00  0.0000000E+00  0.0000000E+00  0.0000000E+00
         1    18      1  0.0000000E+00  0.0000000E+00  0.0000000E+00  0.0000000E+00  0.0000000E+00  0.0000000E+00
         1    18      2 -0.3114858E-02 -0.2723744E-03  0.0000000E+00  0.0000000E+00 -0.2747747E-06  0.0000000E+00
         1    18      3 -0.4672576E-02 -0.4086150E-03  0.0000000E+00  0.0000000E+00 -0.6180658E-06  0.0000000E+00
         1    18      4 -0.6230488E-02 -0.5448912E-03  0.0000000E+00  0.0000000E+00 -0.1098660E-05  0.0000000E+00
         1    18      5 -0.7788592E-02 -0.6812031E-03  0.0000000E+00  0.0000000E+00 -0.1716585E-05  0.0000000E+00
         1    18      6 -0.9346890E-02 -0.8175506E-03  0.0000000E+00  0.0000000E+00 -0.2471864E-05  0.0000000E+00
         1    18      7 -0.1090538E-01 -0.9539338E-03  0.0000000E+00  0.0000000E+00 -0.3364524E-05  0.0000000E+00
         1    18      8 -0.1246407E-01 -0.1090353E-02  0.0000000E+00  0.0000000E+00 -0.4394591E-05  0.0000000E+00
         1    18      9 -0.1402294E-01 -0.1226807E-02  0.0000000E+00  0.0000000E+00 -0.5562091E-05  0.0000000E+00
         1    18     10  0.9801320E-02  0.8569546E-03  0.0000000E+00  0.0000000E+00  0.3215328E-02  0.1000000E-02

         1    19      0  0.0000000E+00  0.0000000E+00  0.0000000E+00  0.0000000E+00  0.0000000E+00  0.0000000E+00
         1    19      1  0.0000000E+00  0.0000000E+00  0.0000000E+00  0.0000000E+00  0.0000000E+00  0.0000000E+00
         1    19      2 -0.3155714E-02 -0.2723744E-03  0.0000000E+00  0.0000000E+00 -0.2777435E-06  0.0000000E+00
         1    19      3 -0.4733869E-02 -0.4086150E-03  0.0000000E+00  0.0000000E+00 -0.6247473E-06  0.0000000E+00
         1    19      4 -0.6312221E-02 -0.5448912E-03  0.0000000E+00  0.0000000E+00 -0.1110542E-05  0.0000000E+00
         1    19      5 -0.7890772E-02 -0.6812031E-03  0.0000000E+00  0.0000000E+00 -0.1735154E-05  0.0000000E+00
         1    19      6 -0.9469522E-02 -0.8175506E-03  0.0000000E+00  0.0000000E+00 -0.2498611E-05  0.0000000E+00
         1    19      7 -0.1104847E-01 -0.9539338E-03  0.0000000E+00  0.0000000E+00 -0.3400939E-05  0.0000000E+00
         1    19      8 -0.1262762E-01 -0.1090353E-02  0.0000000E+00  0.0000000E+00 -0.4442166E-05  0.0000000E+00
         1    19      9 -0.1420696E-01 -0.1226807E-02  0.0000000E+00  0.0000000E+00 -0.5622319E-05  0.0000000E+00
         1    19     10  0.9929795E-02  0.8569546E-03  0.0000000E+00  0.0000000E+00  0.3247907E-02  0.1000000E-02

         1    20      0  0.0000000E+00  0.0000000E+00  0.0000000E+00  0.0000000E+00  0.0000000E+00  0.0000000E+00
         1    20      1  0.0000000E+00  0.0000000E+00  0.0000000E+00  0.0000000E+00  0.0000000E+00  0.0000000E+00
         1    20      2 -0.3223808E-02 -0.2723744E-03  0.0000000E+00  0.0000000E+00 -0.2826915E-06  0.0000000E+00
         1    20      3 -0.4836022E-02 -0.4086150E-03  0.0000000E+00  0.0000000E+00 -0.6358832E-06  0.0000000E+00
         1    20      4 -0.6448444E-02 -0.5448912E-03  0.0000000E+00  0.0000000E+00 -0.1130344E-05  0.0000000E+00
         1    20      5 -0.8061073E-02 -0.6812031E-03  0.0000000E+00  0.0000000E+00 -0.1766103E-05  0.0000000E+00
         1    20      6 -0.9673910E-02 -0.8175506E-03  0.0000000E+00  0.0000000E+00 -0.2543189E-05  0.0000000E+00
         1    20      7 -0.1128695E-01 -0.9539338E-03  0.0000000E+00  0.0000000E+00 -0.3461632E-05  0.0000000E+00
         1    20      8 -0.1290021E-01 -0.1090353E-02  0.0000000E+00  0.0000000E+00 -0.4521459E-05  0.0000000E+00
         1    20      9 -0.1451367E-01 -0.1226807E-02  0.0000000E+00  0.0000000E+00 -0.5722700E-05  0.0000000E+00
         1    20     10  0.1014392E-01  0.8569546E-03  0.0000000E+00  0.0000000E+00  0.3302206E-02  0.1000000E-02

         1    21      0  0.0000000E+00  0.0000000E+00  0.0000000E+00  0.0000000E+00  0.0000000E+00  0.0000000E+00
         1    21      1  0.0000000E+00  0.0000000E+00  0.0000000E+00  0.0000000E+00  0.0000000E+00  0.0000000E+00
         1    21      2 -0.3252453E-02 -0.3598435E-07  0.0000000E+00  0.0000000E+00 -0.2840804E-06  0.0000000E+00
         1    21      3 -0.4878999E-02 -0.8091301E-07  0.0000000E+00  0.0000000E+00 -0.6390092E-06  0.0000000E+00
         1    21      4 -0.6505757E-02 -0.1437989E-06  0.0000000E+00  0.0000000E+00 -0.1135903E-05  0.0000000E+00
         1    21      5 -0.8132728E-02 -0.2246418E-06  0.0000000E+00  0.0000000E+00 -0.1774792E-05  0.0000000E+00
         1    21      6 -0.9759913E-02 -0.3234414E-06  0.0000000E+00  0.0000000E+00 -0.2555706E-05  0.0000000E+00
         1    21      7 -0.1138731E-01 -0.4401973E-06  0.0000000E+00  0.0000000E+00 -0.3478673E-05  0.0000000E+00
         1    21      8 -0.1301492E-01 -0.5749092E-06  0.0000000E+00  0.0000000E+00 -0.4543724E-05  0.0000000E+00
         1    21      9 -0.1464275E-01 -0.7275769E-06  0.0000000E+00  0.0000000E+00 -0.5750889E-05  0.0000000E+00
         1    21     10  0.1023399E-01  0.2774235E-07  0.0000000E+00  0.0000000E+00  0.3347844E-02  0.1000000E-02

         1    22      0  0.0000000E+00  0.0000000E+00  0.0000000E+00  0.0000000E+00  0.0000000E+00  0.0000000E+00
         1    22      1  0.0000000E+00  0.0000000E+00  0.0000000E+00  0.0000000E+00  0.0000000E+00  0.0000000E+00
         1    22      2 -0.3223823E-02  0.2723031E-03  0.0000000E+00  0.0000000E+00 -0.2854681E-06  0.0000000E+00
         1    22      3 -0.4836056E-02  0.4084546E-03  0.0000000E+00  0.0000000E+00 -0.6421316E-06  0.0000000E+00
         1    22      4 -0.6448504E-02  0.5446062E-03  0.0000000E+00  0.0000000E+00 -0.1141454E-05  0.0000000E+00
         1    22      5 -0.8061167E-02  0.6807578E-03  0.0000000E+00  0.0000000E+00 -0.1783464E-05  0.0000000E+00
         1    22      6 -0.9674045E-02  0.8169094E-03  0.0000000E+00  0.0000000E+00 -0.2568193E-05  0.0000000E+00
         1    22      7 -0.1128714E-01  0.9530611E-03  0.0000000E+00  0.0000000E+00 -0.3495668E-05  0.0000000E+00
         1    22      8 -0.1290045E-01  0.1089213E-02  0.0000000E+00  0.0000000E+00 -0.4565920E-05  0.0000000E+00
         1    22      9 -0.1451397E-01  0.1225365E-02  0.0000000E+00  0.0000000E+00 -0.5778979E-05  0.0000000E+00
         1    22     10  0.1014393E-01 -0.8568996E-03  0.0000000E+00  0.0000000E+00  0.3393482E-02  0.1000000E-02

         1    23      0  0.0000000E+00  0.0000000E+00  0.0000000E+00  0.0000000E+00  0.0000000E+00  0.0000000E+00
         1    23      1  0.0000000E+00  0.0000000E+00  0.0000000E+00  0.0000000E+00  0.0000000E+00  0.0000000E+00
         1    23      2 -0.3046826E-02  0.2723031E-03  0.0000000E+00  0.0000000E+00 -0.2983262E-06  0.0000000E+00
         1    23      3 -0.4570561E-02  0.4084546E-03  0.0000000E+00  0.0000000E+00 -0.6710621E-06  0.0000000E+00
         1    23      4 -0.6094510E-02  0.5446062E-03  0.0000000E+00  0.0000000E+00 -0.1192886E-05  0.0000000E+00
         1    23      5 -0.7618675E-02  0.6807578E-03  0.0000000E+00  0.0000000E+00 -0.1863827E-05  0.0000000E+00
         1    23      6 -0.9143054E-02  0.8169094E-03  0.0000000E+00  0.0000000E+00 -0.2683915E-05  0.0000000E+00
         1    23      7 -0.1066765E-01  0.9530611E-03  0.0000000E+00  0.0000000E+00 -0.3653179E-05  0.0000000E+00
         1    23      8 -0.1219246E-01  0.1089213E-02  0.0000000E+00  0.0000000E+00 -0.4771649E-05  0.0000000E+00
         1    23      9 -0.1371748E-01  0.1225365E-02  0.0000000E+00  0.0000000E+00 -0.6039354E-05  0.0000000E+00
         1    23     10  0.9587243E-02 -0.8568996E-03  0.0000000E+00  0.0000000E+00  0.3534658E-02  0.1000000E-02

         1    24      0  0.0000000E+00  0.0000000E+00  0.0000000E+00  0.0000000E+00  0.0000000E+00  0.0000000E+00
         1    24      1  0.0000000E+00  0.0000000E+00  0.0000000E+00  0.0000000E+00  0.0000000E+00  0.0000000E+00
         1    24      2 -0.7912695E-03  0.3480558E-03  0.0000000E+00  0.0000000E+00  0.5482366E-03  0.0000000E+00
         1    24      3 -0.1187473E-02  0.5220817E-03  0.0000000E+00  0.0000000E+00  0.8221165E-03  0.0000000E+00
         1    24      4 -0.1584054E-02  0.6961063E-03  0.0000000E+00  0.0000000E+00  0.1095838E-02  0.0000000E+00
         1    24      5 -0.1981015E-02  0.8701295E-03  0.0000000E+00  0.0000000E+00  0.1369400E-02  0.0000000E+00
         1    24      6 -0.2378355E-02  0.1044151E-02  0.0000000E+00  0.0000000E+00  0.1642803E-02  0.0000000E+00
         1    24      7 -0.2776074E-02  0.1218172E-02  0.0000000E+00  0.0000000E+00  0.1916048E-02  0.0000000E+00
         1    24      8 -0.3174172E-02  0.1392191E-02  0.0000000E+00  0.0000000E+00  0.2189133E-02  0.0000000E+00
         1    24      9 -0.3572649E-02  0.1566210E-02  0.0000000E+00  0.0000000E+00  0.2462060E-02  0.0000000E+00
         1    24     10  0.3457782E-02 -0.8287720E-03  0.0000000E+00  0.0000000E+00  0.3261255E-02  0.1000000E-02

         1    25      0  0.0000000E+00  0.0000000E+00  0.0000000E+00  0.0000000E+00  0.0000000E+00  0.0000000E+00
         1    25      1  0.0000000E+00  0.0000000E+00  0.0000000E+00  0.0000000E+00  0.0000000E+00  0.0000000E+00
         1    25      2 -0.7042555E-03  0.3480558E-03  0.0000000E+00  0.0000000E+00  0.5482285E-03  0.0000000E+00
         1    25      3 -0.1056952E-02  0.5220817E-03  0.0000000E+00  0.0000000E+00  0.8220984E-03  0.0000000E+00
         1    25      4 -0.1410028E-02  0.6961063E-03  0.0000000E+00  0.0000000E+00  0.1095805E-02  0.0000000E+00
         1    25      5 -0.1763483E-02  0.8701295E-03  0.0000000E+00  0.0000000E+00  0.1369349E-02  0.0000000E+00
         1    25      6 -0.2117317E-02  0.1044151E-02  0.0000000E+00  0.0000000E+00  0.1642730E-02  0.0000000E+00
         1    25      7 -0.2471531E-02  0.1218172E-02  0.0000000E+00  0.0000000E+00  0.1915949E-02  0.0000000E+00
         1    25      8 -0.2826124E-02  0.1392191E-02  0.0000000E+00  0.0000000E+00  0.2189004E-02  0.0000000E+00
         1    25      9 -0.3181096E-02  0.1566210E-02  0.0000000E+00  0.0000000E+00  0.2461897E-02  0.0000000E+00
         1    25     10  0.3250699E-02 -0.8287720E-03  0.0000000E+00  0.0000000E+00  0.3315556E-02  0.1000000E-02

         1    26      0  0.0000000E+00  0.0000000E+00  0.0000000E+00  0.0000000E+00  0.0000000E+00  0.0000000E+00
         1    26      1  0.0000000E+00  0.0000000E+00  0.0000000E+00  0.0000000E+00  0.0000000E+00  0.0000000E+00
         1    26      2 -0.6520471E-03  0.3480558E-03  0.0000000E+00  0.0000000E+00  0.5482237E-03  0.0000000E+00
         1    26      3 -0.9786398E-03  0.5220817E-03  0.0000000E+00  0.0000000E+00  0.8220875E-03  0.0000000E+00
         1    26      4 -0.1305612E-02  0.6961063E-03  0.0000000E+00  0.0000000E+00  0.1095786E-02  0.0000000E+00
         1    26      5 -0.1632963E-02  0.8701295E-03  0.0000000E+00  0.0000000E+00  0.1369319E-02  0.0000000E+00
         1    26      6 -0.1960694E-02  0.1044151E-02  0.0000000E+00  0.0000000E+00  0.1642687E-02  0.0000000E+00
         1    26      7 -0.2288805E-02  0.1218172E-02  0.0000000E+00  0.0000000E+00  0.1915889E-02  0.0000000E+00
         1    26      8 -0.2617295E-02  0.1392191E-02  0.0000000E+00  0.0000000E+00  0.2188927E-02  0.0000000E+00
         1    26      9 -0.2946164E-02  0.1566210E-02  0.0000000E+00  0.0000000E+00  0.2461798E-02  0.0000000E+00
         1    26     10  0.3126450E-02 -0.8287720E-03  0.0000000E+00  0.0000000E+00  0.3348137E-02  0.1000000E-02

         1    27      0  0.0000000E+00  0.0000000E+00  0.0000000E+00  0.0000000E+00  0.0000000E+00  0.0000000E+00
         1    27      1  0.0000000E+00  0.0000000E+00  0.0000000E+00  0.0000000E+00  0.0000000E+00  0.0000000E+00
         1    27      2 -0.5650332E-03  0.3480558E-03  0.0000000E+00  0.0000000E+00  0.5482156E-03  0.0000000E+00
         1    27      3 -0.8481194E-03  0.5220817E-03  0.0000000E+00  0.0000000E+00  0.8220693E-03  0.0000000E+00
         1    27      4 -0.1131585E-02  0.6961063E-03  0.0000000E+00  0.0000000E+00  0.1095754E-02  0.0000000E+00
         1    27      5 -0.1415431E-02  0.8701295E-03  0.0000000E+00  0.0000000E+00  0.1369269E-02  0.0000000E+00
         1    27      6 -0.1699656E-02  0.1044151E-02  0.0000000E+00  0.0000000E+00  0.1642614E-02  0.0000000E+00
         1    27      7 -0.1984262E-02  0.1218172E-02  0.0000000E+00  0.0000000E+00  0.1915790E-02  0.0000000E+00
         1    27      8 -0.2269247E-02  0.1392191E-02  0.0000000E+00  0.0000000E+00  0.2188797E-02  0.0000000E+00
         1    27      9 -0.2554611E-02  0.1566210E-02  0.0000000E+00  0.0000000E+00  0.2461635E-02  0.0000000E+00
         1    27     10  0.2919367E-02 -0.8287720E-03  0.0000000E+00  0.0000000E+00  0.3402439E-02  0.1000000E-02

         1    28      0  0.0000000E+00  0.0000000E+00  0.0000000E+00  0.0000000E+00  0.0000000E+00  0.0000000E+00
         1    28      1  0.0000000E+00  0.0000000E+00  0.0000000E+00  0.0000000E+00  0.0000000E+00  0.0000000E+00
         1    28      2 -0.5007683E-03  0.2956477E-03  0.0000000E+00  0.0000000E+00  0.5482101E-03  0.0000000E+00
         1    28      3 -0.7517281E-03  0.4434133E-03  0.0000000E+00  0.0000000E+00  0.8220569E-03  0.0000000E+00
         1    28      4 -0.1003072E-02  0.5911399E-03  0.0000000E+00  0.0000000E+00  0.1095731E-02  0.0000000E+00
         1    28      5 -0.1254799E-02  0.7388277E-03  0.0000000E+00  0.0000000E+00  0.1369234E-02  0.0000000E+00
         1    28      6 -0.1506910E-02  0.8864766E-03  0.0000000E+00  0.0000000E+00  0.1642564E-02  0.0000000E+00
         1    28      7 -0.1759405E-02  0.1034087E-02  0.0000000E+00  0.0000000E+00  0.1915723E-02  0.0000000E+00
         1    28      8 -0.2012283E-02  0.1181658E-02  0.0000000E+00  0.0000000E+00  0.2188709E-02  0.0000000E+00
         1    28      9 -0.2265545E-02  0.1329191E-02  0.0000000E+00  0.0000000E+00  0.2461523E-02  0.0000000E+00
         1    28     10  0.2781946E-02 -0.5484240E-03  0.0000000E+00  0.0000000E+00  0.3445891E-02  0.1000000E-02

         1    29      0  0.0000000E+00  0.0000000E+00  0.0000000E+00  0.0000000E+00  0.0000000E+00  0.0000000E+00
         1    29      1  0.0000000E+00  0.0000000E+00  0.0000000E+00  0.0000000E+00  0.0000000E+00  0.0000000E+00
         1    29      2 -0.4463854E-03  0.2490738E-03  0.0000000E+00  0.0000000E+00  0.5482061E-03  0.0000000E+00
         1    29      3 -0.6701711E-03  0.3734949E-03  0.0000000E+00  0.0000000E+00  0.8220480E-03  0.0000000E+00
         1    29      4 -0.8943521E-03  0.4978389E-03  0.0000000E+00  0.0000000E+00  0.1095716E-02  0.0000000E+00
         1    29      5 -0.1118928E-02  0.6221056E-03  0.0000000E+00  0.0000000E+00  0.1369209E-02  0.0000000E+00
         1    29      6 -0.1343900E-02  0.7462952E-03  0.0000000E+00  0.0000000E+00  0.1642529E-02  0.0000000E+00
         1    29      7 -0.1569267E-02  0.8704076E-03  0.0000000E+00  0.0000000E+00  0.1915674E-02  0.0000000E+00
         1    29      8 -0.1795029E-02  0.9944430E-03  0.0000000E+00  0.0000000E+00  0.2188646E-02  0.0000000E+00
         1    29      9 -0.2021187E-02  0.1118401E-02  0.0000000E+00  0.0000000E+00  0.2461443E-02  0.0000000E+00
         1    29     10  0.2699394E-02 -0.2788927E-03  0.0000000E+00  0.0000000E+00  0.3489360E-02  0.1000000E-02

         1    30      0  0.0000000E+00  0.0000000E+00  0.0000000E+00  0.0000000E+00  0.0000000E+00  0.0000000E+00
         1    30      1  0.0000000E+00  0.0000000E+00  0.0000000E+00  0.0000000E+00  0.0000000E+00  0.0000000E+00
         1    30      2 -0.2844874E-03  0.2490738E-03  0.0000000E+00  0.0000000E+00  0.5481954E-03  0.0000000E+00
         1    30      3 -0.4273993E-03  0.3734949E-03  0.0000000E+00  0.0000000E+00  0.8220238E-03  0.0000000E+00
         1    30      4 -0.5707568E-03  0.4978389E-03  0.0000000E+00  0.0000000E+00  0.1095673E-02  0.0000000E+00
         1    30      5 -0.7145598E-03  0.6221056E-03  0.0000000E+00  0.0000000E+00  0.1369142E-02  0.0000000E+00
         1    30      6 -0.8588082E-03  0.7462952E-03  0.0000000E+00  0.0000000E+00  0.1642432E-02  0.0000000E+00
         1    30      7 -0.1003502E-02  0.8704076E-03  0.0000000E+00  0.0000000E+00  0.1915543E-02  0.0000000E+00
         1    30      8 -0.1148641E-02  0.9944430E-03  0.0000000E+00  0.0000000E+00  0.2188474E-02  0.0000000E+00
         1    30      9 -0.1294226E-02  0.1118401E-02  0.0000000E+00  0.0000000E+00  0.2461226E-02  0.0000000E+00
         1    30     10  0.2518211E-02 -0.2788927E-03  0.0000000E+00  0.0000000E+00  0.3630649E-02  0.1000000E-02

         1    31      0  0.0000000E+00  0.0000000E+00  0.0000000E+00  0.0000000E+00  0.0000000E+00  0.0000000E+00
         1    31      1  0.0000000E+00  0.0000000E+00  0.0000000E+00  0.0000000E+00  0.0000000E+00  0.0000000E+00
         1    31      2  0.1443765E-02  0.2261700E-03  0.0000000E+00  0.0000000E+00  0.3823461E-03  0.0000000E+00
         1    31      3  0.2164296E-02  0.3391677E-03  0.0000000E+00  0.0000000E+00  0.5734564E-03  0.0000000E+00
         1    31      4  0.2883926E-02  0.4521073E-03  0.0000000E+00  0.0000000E+00  0.7645251E-03  0.0000000E+00
         1    31      5  0.3602655E-02  0.5649887E-03  0.0000000E+00  0.0000000E+00  0.9555522E-03  0.0000000E+00
         1    31      6  0.4320483E-02  0.6778121E-03  0.0000000E+00  0.0000000E+00  0.1146538E-02  0.0000000E+00
         1    31      7  0.5037410E-02  0.7905774E-03  0.0000000E+00  0.0000000E+00  0.1337482E-02  0.0000000E+00
         1    31      8  0.5753436E-02  0.9032846E-03  0.0000000E+00  0.0000000E+00  0.1528385E-02  0.0000000E+00
         1    31      9  0.6468562E-02  0.1015934E-02  0.0000000E+00  0.0000000E+00  0.1719247E-02  0.0000000E+00
         1    31     10  0.1258728E-02 -0.6759770E-04  0.0000000E+00  0.0000000E+00  0.4683043E-02  0.1000000E-02

         1    32      0  0.0000000E+00  0.0000000E+00  0.0000000E+00  0.0000000E+00  0.0000000E+00  0.0000000E+00
         1    32      1  0.0000000E+00  0.0000000E+00  0.0000000E+00  0.0000000E+00  0.0000000E+00  0.0000000E+00
         1    32      2  0.1500308E-02  0.2261700E-03  0.0000000E+00  0.0000000E+00  0.3823427E-03  0.0000000E+00
         1    32      3  0.2249088E-02  0.3391677E-03  0.0000000E+00  0.0000000E+00  0.5734488E-03  0.0000000E+00
         1    32      4  0.2996953E-02  0.4521073E-03  0.0000000E+00  0.0000000E+00  0.7645115E-03  0.0000000E+00
         1    32      5  0.3743902E-02  0.5649887E-03  0.0000000E+00  0.0000000E+00  0.9555309E-03  0.0000000E+00
         1    32      6  0.4489936E-02  0.6778121E-03  0.0000000E+00  0.0000000E+00  0.1146507E-02  0.0000000E+00
         1    32      7  0.5235054E-02  0.7905774E-03  0.0000000E+00  0.0000000E+00  0.1337441E-02  0.0000000E+00
         1    32      8  0.5979257E-02  0.9032846E-03  0.0000000E+00  0.0000000E+00  0.1528331E-02  0.0000000E+00
         1    32      9  0.6722546E-02  0.1015934E-02  0.0000000E+00  0.0000000E+00  0.1719179E-02  0.0000000E+00
         1    32     10  0.1241838E-02 -0.6759770E-04  0.0000000E+00  0.0000000E+00  0.4737390E-02  0.1000000E-02

         1    33      0  0.0000000E+00  0.0000000E+00  0.0000000E+00  0.0000000E+00  0.0000000E+00  0.0000000E+00
         1    33      1  0.0000000E+00  0.0000000E+00  0.0000000E+00  0.0000000E+00  0.0000000E+00  0.0000000E+00
         1    33      2  0.1534233E-02  0.2261700E-03  0.0000000E+00  0.0000000E+00  0.3823406E-03  0.0000000E+00
         1    33      3  0.2299963E-02  0.3391677E-03  0.0000000E+00  0.0000000E+00  0.5734441E-03  0.0000000E+00
         1    33      4  0.3064769E-02  0.4521073E-03  0.0000000E+00  0.0000000E+00  0.7645033E-03  0.0000000E+00
         1    33      5  0.3828650E-02  0.5649887E-03  0.0000000E+00  0.0000000E+00  0.9555182E-03  0.0000000E+00
         1    33      6  0.4591607E-02  0.6778121E-03  0.0000000E+00  0.0000000E+00  0.1146489E-02  0.0000000E+00
         1    33      7  0.5353641E-02  0.7905774E-03  0.0000000E+00  0.0000000E+00  0.1337416E-02  0.0000000E+00
         1    33      8  0.6114750E-02  0.9032846E-03  0.0000000E+00  0.0000000E+00  0.1528298E-02  0.0000000E+00
         1    33      9  0.6874936E-02  0.1015934E-02  0.0000000E+00  0.0000000E+00  0.1719137E-02  0.0000000E+00
         1    33     10  0.1231704E-02 -0.6759770E-04  0.0000000E+00  0.0000000E+00  0.4769998E-02  0.1000000E-02

         1    34      0  0.0000000E+00  0.0000000E+00  0.0000000E+00  0.0000000E+00  0.0000000E+00  0.0000000E+00
         1    34      1  0.0000000E+00  0.0000000E+00  0.0000000E+00  0.0000000E+00  0.0000000E+00  0.0000000E+00
         1    34      2  0.1590776E-02  0.2261700E-03  0.0000000E+00  0.0000000E+00  0.3823372E-03  0.0000000E+00
         1    34      3  0.2384755E-02  0.3391677E-03  0.0000000E+00  0.0000000E+00  0.5734365E-03  0.0000000E+00
         1    34      4  0.3177795E-02  0.4521073E-03  0.0000000E+00  0.0000000E+00  0.7644897E-03  0.0000000E+00
         1    34      5  0.3969897E-02  0.5649887E-03  0.0000000E+00  0.0000000E+00  0.9554969E-03  0.0000000E+00
         1    34      6  0.4761060E-02  0.6778121E-03  0.0000000E+00  0.0000000E+00  0.1146458E-02  0.0000000E+00
         1    34      7  0.5551285E-02  0.7905774E-03  0.0000000E+00  0.0000000E+00  0.1337374E-02  0.0000000E+00
         1    34      8  0.6340571E-02  0.9032846E-03  0.0000000E+00  0.0000000E+00  0.1528244E-02  0.0000000E+00
         1    34      9  0.7128919E-02  0.1015934E-02  0.0000000E+00  0.0000000E+00  0.1719068E-02  0.0000000E+00
         1    34     10  0.1214813E-02 -0.6759770E-04  0.0000000E+00  0.0000000E+00  0.4824345E-02  0.1000000E-02

         1    35      0  0.0000000E+00  0.0000000E+00  0.0000000E+00  0.0000000E+00  0.0000000E+00  0.0000000E+00
         1    35      1  0.0000000E+00  0.0000000E+00  0.0000000E+00  0.0000000E+00  0.0000000E+00  0.0000000E+00
         1    35      2  0.1624125E-02  0.9097768E-04  0.0000000E+00  0.0000000E+00  0.3823357E-03  0.0000000E+00
         1    35      3  0.2434773E-02  0.1364979E-03  0.0000000E+00  0.0000000E+00  0.5734331E-03  0.0000000E+00
         1    35      4  0.3244479E-02  0.1820391E-03  0.0000000E+00  0.0000000E+00  0.7644837E-03  0.0000000E+00
         1    35      5  0.4053242E-02  0.2276013E-03  0.0000000E+00  0.0000000E+00  0.9554875E-03  0.0000000E+00
         1    35      6  0.4861062E-02  0.2731845E-03  0.0000000E+00  0.0000000E+00  0.1146445E-02  0.0000000E+00
         1    35      7  0.5667940E-02  0.3187888E-03  0.0000000E+00  0.0000000E+00  0.1337356E-02  0.0000000E+00
         1    35      8  0.6473876E-02  0.3644141E-03  0.0000000E+00  0.0000000E+00  0.1528220E-02  0.0000000E+00
         1    35      9  0.7278869E-02  0.4100604E-03  0.0000000E+00  0.0000000E+00  0.1719038E-02  0.0000000E+00
         1    35     10  0.1189976E-02 -0.1687233E-03  0.0000000E+00  0.0000000E+00  0.4869996E-02  0.1000000E-02

         1    36      0  0.0000000E+00  0.0000000E+00  0.0000000E+00  0.0000000E+00  0.0000000E+00  0.0000000E+00
         1    36      1  0.0000000E+00  0.0000000E+00  0.0000000E+00  0.0000000E+00  0.0000000E+00  0.0000000E+00
         1    36      2  0.1628874E-02 -0.4581678E-04  0.0000000E+00  0.0000000E+00  0.3823356E-03  0.0000000E+00
         1    36      3  0.2441916E-02 -0.6857561E-04  0.0000000E+00  0.0000000E+00  0.5734328E-03  0.0000000E+00
         1    36      4  0.3254027E-02 -0.9123472E-04  0.0000000E+00  0.0000000E+00  0.7644832E-03  0.0000000E+00
         1    36      5  0.4065209E-02 -0.1137941E-03  0.0000000E+00  0.0000000E+00  0.9554868E-03  0.0000000E+00
         1    36      6  0.4875461E-02 -0.1362537E-03  0.0000000E+00  0.0000000E+00  0.1146444E-02  0.0000000E+00
         1    36      7  0.5684783E-02 -0.1586136E-03  0.0000000E+00  0.0000000E+00  0.1337354E-02  0.0000000E+00
         1    36      8  0.6493176E-02 -0.1808737E-03  0.0000000E+00  0.0000000E+00  0.1528218E-02  0.0000000E+00
         1    36      9  0.7300639E-02 -0.2030341E-03  0.0000000E+00  0.0000000E+00  0.1719036E-02  0.0000000E+00
         1    36     10  0.1144195E-02 -0.2668793E-03  0.0000000E+00  0.0000000E+00  0.4915645E-02  0.1000000E-02

         1    37      0  0.0000000E+00  0.0000000E+00  0.0000000E+00  0.0000000E+00  0.0000000E+00  0.0000000E+00
         1    37      1  0.0000000E+00  0.0000000E+00  0.0000000E+00  0.0000000E+00  0.0000000E+00  0.0000000E+00
         1    37      2  0.1599093E-02 -0.4581678E-04  0.0000000E+00  0.0000000E+00  0.3823352E-03  0.0000000E+00
         1    37      3  0.2397342E-02 -0.6857561E-04  0.0000000E+00  0.0000000E+00  0.5734320E-03  0.0000000E+00
         1    37      4  0.3194725E-02 -0.9123472E-04  0.0000000E+00  0.0000000E+00  0.7644818E-03  0.0000000E+00
         1    37      5  0.3991243E-02 -0.1137941E-03  0.0000000E+00  0.0000000E+00  0.9554846E-03  0.0000000E+00
         1    37      6  0.4786896E-02 -0.1362537E-03  0.0000000E+00  0.0000000E+00  0.1146441E-02  0.0000000E+00
         1    37      7  0.5581684E-02 -0.1586136E-03  0.0000000E+00  0.0000000E+00  0.1337350E-02  0.0000000E+00
         1    37      8  0.6375608E-02 -0.1808737E-03  0.0000000E+00  0.0000000E+00  0.1528212E-02  0.0000000E+00
         1    37      9  0.7168667E-02 -0.2030341E-03  0.0000000E+00  0.0000000E+00  0.1719029E-02  0.0000000E+00
         1    37     10  0.9708159E-03 -0.2668793E-03  0.0000000E+00  0.0000000E+00  0.5056935E-02  0.1000000E-02

         1    38      0  0.0000000E+00  0.0000000E+00  0.0000000E+00  0.0000000E+00  0.0000000E+00  0.0000000E+00
         1    38      1  0.0000000E+00  0.0000000E+00  0.0000000E+00  0.0000000E+00  0.0000000E+00  0.0000000E+00
         1    38      2  0.1073906E-02 -0.9859378E-04  0.0000000E+00  0.0000000E+00  0.1707271E-06  0.0000000E+00
         1    38      3  0.1610710E-02 -0.1477137E-03  0.0000000E+00  0.0000000E+00  0.3836634E-06  0.0000000E+00
         1    38      4  0.2147415E-02 -0.1967157E-03  0.0000000E+00  0.0000000E+00  0.6817787E-06  0.0000000E+00
         1    38      5  0.2684021E-02 -0.2455996E-03  0.0000000E+00  0.0000000E+00  0.1065170E-05  0.0000000E+00
         1    38      6  0.3220528E-02 -0.2943656E-03  0.0000000E+00  0.0000000E+00  0.1533936E-05  0.0000000E+00
         1    38      7  0.3756938E-02 -0.3430135E-03  0.0000000E+00  0.0000000E+00  0.2088173E-05  0.0000000E+00
         1    38      8  0.4293250E-02 -0.3915435E-03  0.0000000E+00  0.0000000E+00  0.2727978E-05  0.0000000E+00
         1    38      9  0.4829464E-02 -0.4399554E-03  0.0000000E+00  0.0000000E+00  0.3453448E-05  0.0000000E+00
         1    38     10  0.1555752E-06 -0.1821473E-06  0.0000000E+00  0.0000000E+00  0.6510339E-02  0.1000000E-02

         1    39      0  0.0000000E+00  0.0000000E+00  0.0000000E+00  0.0000000E+00  0.0000000E+00  0.0000000E+00
         1    39      1  0.0000000E+00  0.0000000E+00  0.0000000E+00  0.0000000E+00  0.0000000E+00  0.0000000E+00
         1    39      2  0.1009820E-02 -0.9859378E-04  0.0000000E+00  0.0000000E+00  0.1690414E-06  0.0000000E+00
         1    39      3  0.1514696E-02 -0.1477137E-03  0.0000000E+00  0.0000000E+00  0.3798798E-06  0.0000000E+00
         1    39      4  0.2019550E-02 -0.1967157E-03  0.0000000E+00  0.0000000E+00  0.6750683E-06  0.0000000E+00
         1    39      5  0.2524381E-02 -0.2455996E-03  0.0000000E+00  0.0000000E+00  0.1054711E-05  0.0000000E+00
         1    39      6  0.3029191E-02 -0.2943656E-03  0.0000000E+00  0.0000000E+00  0.1518910E-05  0.0000000E+00
         1    39      7  0.3533979E-02 -0.3430135E-03  0.0000000E+00  0.0000000E+00  0.2067770E-05  0.0000000E+00
         1    39      8  0.4038746E-02 -0.3915435E-03  0.0000000E+00  0.0000000E+00  0.2701393E-05  0.0000000E+00
         1    39      9  0.4543493E-02 -0.4399554E-03  0.0000000E+00  0.0000000E+00  0.3419883E-05  0.0000000E+00
         1    39     10  0.3724260E-07 -0.1821473E-06  0.0000000E+00  0.0000000E+00  0.6651642E-02  0.1000000E-02

         1    40      0  0.0000000E+00  0.0000000E+00  0.0000000E+00  0.0000000E+00  0.0000000E+00  0.0000000E+00
         1    40      1  0.0000000E+00  0.0000000E+00  0.0000000E+00  0.0000000E+00  0.0000000E+00  0.0000000E+00
         1    40      2  0.1000000E-02  0.2341054E-06  0.0000000E+00  0.0000000E+00  0.1688694E-06  0.0000000E+00
         1    40      3  0.1500002E-02  0.5264690E-06  0.0000000E+00  0.0000000E+00  0.3794941E-06  0.0000000E+00
         1    40      4  0.2000004E-02  0.9357649E-06  0.0000000E+00  0.0000000E+00  0.6743851E-06  0.0000000E+00
         1    40      5  0.2500007E-02  0.1462037E-05  0.0000000E+00  0.0000000E+00  0.1053647E-05  0.0000000E+00
         1    40      6  0.3000013E-02  0.2105329E-05  0.0000000E+00  0.0000000E+00  0.1517384E-05  0.0000000E+00
         1    40      7  0.3500020E-02  0.2865684E-05  0.0000000E+00  0.0000000E+00  0.2065700E-05  0.0000000E+00
         1    40      8  0.4000030E-02  0.3743147E-05  0.0000000E+00  0.0000000E+00  0.2698700E-05  0.0000000E+00
         1    40      9  0.4500043E-02  0.4737761E-05  0.0000000E+00  0.0000000E+00  0.3416486E-05  0.0000000E+00
         1    40     10  0.1080228E-08 -0.1802629E-06  0.0000000E+00  0.0000000E+00  0.6695120E-02  0.1000000E-02

         1    41      0  0.0000000E+00  0.0000000E+00  0.0000000E+00  0.0000000E+00  0.0000000E+00  0.0000000E+00
         1    41      1  0.0000000E+00  0.0000000E+00  0.0000000E+00  0.0000000E+00  0.0000000E+00  0.0000000E+00
         1    41      2  0.1007348E-02  0.7332917E-04  0.0000000E+00  0.0000000E+00  0.1687737E-06  0.0000000E+00
         1    41      3  0.1511058E-02  0.1101704E-03  0.0000000E+00  0.0000000E+00  0.3792776E-06  0.0000000E+00
         1    41      4  0.2014792E-02  0.1471295E-03  0.0000000E+00  0.0000000E+00  0.6739984E-06  0.0000000E+00
         1    41      5  0.2518552E-02  0.1842065E-03  0.0000000E+00  0.0000000E+00  0.1053040E-05  0.0000000E+00
         1    41      6  0.3022336E-02  0.2214016E-03  0.0000000E+00  0.0000000E+00  0.1516505E-05  0.0000000E+00
         1    41      7  0.3526146E-02  0.2587147E-03  0.0000000E+00  0.0000000E+00  0.2064499E-05  0.0000000E+00
         1    41      8  0.4029982E-02  0.2961459E-03  0.0000000E+00  0.0000000E+00  0.2697123E-05  0.0000000E+00
         1    41      9  0.4533845E-02  0.3336954E-03  0.0000000E+00  0.0000000E+00  0.3414481E-05  0.0000000E+00
         1    41     10 -0.3503284E-07 -0.1814992E-06  0.0000000E+00  0.0000000E+00  0.6738598E-02  0.1000000E-02

         1    42      0  0.0000000E+00  0.0000000E+00  0.0000000E+00  0.0000000E+00  0.0000000E+00  0.0000000E+00
         1    42      1  0.0000000E+00  0.0000000E+00  0.0000000E+00  0.0000000E+00  0.0000000E+00  0.0000000E+00
         1    42      2  0.1055012E-02  0.7332917E-04  0.0000000E+00  0.0000000E+00  0.1678412E-06  0.0000000E+00
         1    42      3  0.1582669E-02  0.1101704E-03  0.0000000E+00  0.0000000E+00  0.3771729E-06  0.0000000E+00
         1    42      4  0.2110426E-02  0.1471295E-03  0.0000000E+00  0.0000000E+00  0.6702446E-06  0.0000000E+00
         1    42      5  0.2638286E-02  0.1842065E-03  0.0000000E+00  0.0000000E+00  0.1047156E-05  0.0000000E+00
         1    42      6  0.3166247E-02  0.2214016E-03  0.0000000E+00  0.0000000E+00  0.1508005E-05  0.0000000E+00
         1    42      7  0.3694311E-02  0.2587147E-03  0.0000000E+00  0.0000000E+00  0.2052892E-05  0.0000000E+00
         1    42      8  0.4222477E-02  0.2961459E-03  0.0000000E+00  0.0000000E+00  0.2681915E-05  0.0000000E+00
         1    42      9  0.4750747E-02  0.3336954E-03  0.0000000E+00  0.0000000E+00  0.3395172E-05  0.0000000E+00
         1    42     10 -0.1529444E-06 -0.1814992E-06  0.0000000E+00  0.0000000E+00  0.6879901E-02  0.1000000E-02

         1    43      0  0.0000000E+00  0.0000000E+00  0.0000000E+00  0.0000000E+00  0.0000000E+00  0.0000000E+00
         1    43      1  0.0000000E+00  0.0000000E+00  0.0000000E+00  0.0000000E+00  0.0000000E+00  0.0000000E+00
         1    43      2  0.1576081E-02  0.7332917E-04  0.0000000E+00  0.0000000E+00  0.1576476E-06  0.0000000E+00
         1    43      3  0.2365527E-02  0.1101704E-03  0.0000000E+00  0.0000000E+00  0.3541635E-06  0.0000000E+00
         1    43      4  0.3155912E-02  0.1471295E-03  0.0000000E+00  0.0000000E+00  0.6292078E-06  0.0000000E+00
         1    43      5  0.3947237E-02  0.1842065E-03  0.0000000E+00  0.0000000E+00  0.9828300E-06  0.0000000E+00
         1    43      6  0.4739502E-02  0.2214016E-03  0.0000000E+00  0.0000000E+00  0.1415079E-05  0.0000000E+00
         1    43      7  0.5532708E-02  0.2587147E-03  0.0000000E+00  0.0000000E+00  0.1926005E-05  0.0000000E+00
         1    43      8  0.6326857E-02  0.2961459E-03  0.0000000E+00  0.0000000E+00  0.2515655E-05  0.0000000E+00
         1    43      9  0.7121949E-02  0.3336954E-03  0.0000000E+00  0.0000000E+00  0.3184078E-05  0.0000000E+00
         1    43     10 -0.1441970E-05 -0.1814992E-06  0.0000000E+00  0.0000000E+00  0.8424643E-02  0.1000000E-02

         1    44      0  0.0000000E+00  0.0000000E+00  0.0000000E+00  0.0000000E+00  0.0000000E+00  0.0000000E+00
         1    44      1  0.0000000E+00  0.0000000E+00  0.0000000E+00  0.0000000E+00  0.0000000E+00  0.0000000E+00
         1    44      2  0.1623745E-02  0.7332917E-04  0.0000000E+00  0.0000000E+00  0.1567152E-06  0.0000000E+00
         1    44      3  0.2437138E-02  0.1101704E-03  0.0000000E+00  0.0000000E+00  0.3520588E-06  0.0000000E+00
         1    44      4  0.3251546E-02  0.1471295E-03  0.0000000E+00  0.0000000E+00  0.6254540E-06  0.0000000E+00
         1    44      5  0.4066971E-02  0.1842065E-03  0.0000000E+00  0.0000000E+00  0.9769459E-06  0.0000000E+00
         1    44      6  0.4883413E-02  0.2214016E-03  0.0000000E+00  0.0000000E+00  0.1406579E-05  0.0000000E+00
         1    44      7  0.5700873E-02  0.2587147E-03  0.0000000E+00  0.0000000E+00  0.1914398E-05  0.0000000E+00
         1    44      8  0.6519352E-02  0.2961459E-03  0.0000000E+00  0.0000000E+00  0.2500447E-05  0.0000000E+00
         1    44      9  0.7338851E-02  0.3336954E-03  0.0000000E+00  0.0000000E+00  0.3164769E-05  0.0000000E+00
         1    44     10 -0.1559881E-05 -0.1814992E-06  0.0000000E+00  0.0000000E+00  0.8565946E-02  0.1000000E-02

         1    45      0  0.0000000E+00  0.0000000E+00  0.0000000E+00  0.0000000E+00  0.0000000E+00  0.0000000E+00
         1    45      1  0.0000000E+00  0.0000000E+00  0.0000000E+00  0.0000000E+00  0.0000000E+00  0.0000000E+00
         1    45      2  0.1622345E-02 -0.8729853E-04  0.0000000E+00  0.0000000E+00  0.1565977E-06  0.0000000E+00
         1    45      3  0.2435059E-02 -0.1309227E-03  0.0000000E+00  0.0000000E+00  0.3517944E-06  0.0000000E+00
         1    45      4  0.3248802E-02 -0.1745301E-03  0.0000000E+00  0.0000000E+00  0.6249836E-06  0.0000000E+00
         1    45      5  0.4063574E-02 -0.2181208E-03  0.0000000E+00  0.0000000E+00  0.9762103E-06  0.0000000E+00
         1    45      6  0.4879377E-02 -0.2616949E-03  0.0000000E+00  0.0000000E+00  0.1405519E-05  0.0000000E+00
         1    45      7  0.5696211E-02 -0.3052523E-03  0.0000000E+00  0.0000000E+00  0.1912954E-05  0.0000000E+00
         1    45      8  0.6514078E-02 -0.3487930E-03  0.0000000E+00  0.0000000E+00  0.2498559E-05  0.0000000E+00
         1    45      9  0.7332979E-02 -0.3923172E-03  0.0000000E+00  0.0000000E+00  0.3162378E-05  0.0000000E+00
         1    45     10 -0.1580664E-05 -0.2609438E-07  0.0000000E+00  0.0000000E+00  0.8609424E-02  0.1000000E-02

         1    46      0  0.0000000E+00  0.0000000E+00  0.0000000E+00  0.0000000E+00  0.0000000E+00  0.0000000E+00
         1    46      1  0.0000000E+00  0.0000000E+00  0.0000000E+00  0.0000000E+00  0.0000000E+00  0.0000000E+00
         1    46      2  0.1588940E-02 -0.2462040E-03  0.0000000E+00  0.0000000E+00  0.1549969E-06  0.0000000E+00
         1    46      3  0.2384941E-02 -0.3694329E-03  0.0000000E+00  0.0000000E+00  0.3481908E-06  0.0000000E+00
         1    46      4  0.3181964E-02 -0.4927465E-03  0.0000000E+00  0.0000000E+00  0.6185741E-06  0.0000000E+00
         1    46      5  0.3980010E-02 -0.6161450E-03  0.0000000E+00  0.0000000E+00  0.9661908E-06  0.0000000E+00
         1    46      6  0.4779079E-02 -0.7396285E-03  0.0000000E+00  0.0000000E+00  0.1391084E-05  0.0000000E+00
         1    46      7  0.5579173E-02 -0.8631971E-03  0.0000000E+00  0.0000000E+00  0.1893297E-05  0.0000000E+00
         1    46      8  0.6380293E-02 -0.9868509E-03  0.0000000E+00  0.0000000E+00  0.2472873E-05  0.0000000E+00
         1    46      9  0.7182440E-02 -0.1110590E-02  0.0000000E+00  0.0000000E+00  0.3129853E-05  0.0000000E+00
         1    46     10 -0.1570279E-05  0.1298250E-06  0.0000000E+00  0.0000000E+00  0.8652902E-02  0.1000000E-02

         1    47      0  0.0000000E+00  0.0000000E+00  0.0000000E+00  0.0000000E+00  0.0000000E+00  0.0000000E+00
         1    47      1  0.0000000E+00  0.0000000E+00  0.0000000E+00  0.0000000E+00  0.0000000E+00  0.0000000E+00
         1    47      2  0.1428907E-02 -0.2462040E-03  0.0000000E+00  0.0000000E+00  0.1444855E-06  0.0000000E+00
         1    47      3  0.2144810E-02 -0.3694329E-03  0.0000000E+00  0.0000000E+00  0.3245239E-06  0.0000000E+00
         1    47      4  0.2861679E-02 -0.4927465E-03  0.0000000E+00  0.0000000E+00  0.5764708E-06  0.0000000E+00
         1    47      5  0.3579515E-02 -0.6161450E-03  0.0000000E+00  0.0000000E+00  0.9003591E-06  0.0000000E+00
         1    47      6  0.4298321E-02 -0.7396285E-03  0.0000000E+00  0.0000000E+00  0.1296221E-05  0.0000000E+00
         1    47      7  0.5018095E-02 -0.8631971E-03  0.0000000E+00  0.0000000E+00  0.1764089E-05  0.0000000E+00
         1    47      8  0.5738840E-02 -0.9868509E-03  0.0000000E+00  0.0000000E+00  0.2303995E-05  0.0000000E+00
         1    47      9  0.6460556E-02 -0.1110590E-02  0.0000000E+00  0.0000000E+00  0.2915970E-05  0.0000000E+00
         1    47     10 -0.1485938E-05  0.1298250E-06  0.0000000E+00  0.0000000E+00  0.8794205E-02  0.1000000E-02

         1    48      0  0.0000000E+00  0.0000000E+00  0.0000000E+00  0.0000000E+00  0.0000000E+00  0.0000000E+00
         1    48      1  0.0000000E+00  0.0000000E+00  0.0000000E+00  0.0000000E+00  0.0000000E+00  0.0000000E+00
         1    48      2 -0.3205902E-03 -0.2462040E-03  0.0000000E+00  0.0000000E+00  0.2957375E-07  0.0000000E+00
         1    48      3 -0.4803386E-03 -0.3694329E-03  0.0000000E+00  0.0000000E+00  0.6579478E-07  0.0000000E+00
         1    48      4 -0.6397225E-03 -0.4927465E-03  0.0000000E+00  0.0000000E+00  0.1161916E-06  0.0000000E+00
         1    48      5 -0.7987420E-03 -0.6161450E-03  0.0000000E+00  0.0000000E+00  0.1806779E-06  0.0000000E+00
         1    48      6 -0.9573971E-03 -0.7396285E-03  0.0000000E+00  0.0000000E+00  0.2591668E-06  0.0000000E+00
         1    48      7 -0.1115688E-02 -0.8631971E-03  0.0000000E+00  0.0000000E+00  0.3515706E-06  0.0000000E+00
         1    48      8 -0.1273614E-02 -0.9868509E-03  0.0000000E+00  0.0000000E+00  0.4578010E-06  0.0000000E+00
         1    48      9 -0.1431176E-02 -0.1110590E-02  0.0000000E+00  0.0000000E+00  0.5777686E-06  0.0000000E+00
         1    48     10 -0.5639081E-06  0.1298250E-06  0.0000000E+00  0.0000000E+00  0.1033895E-01  0.1000000E-02

         1    49      0  0.0000000E+00  0.0000000E+00  0.0000000E+00  0.0000000E+00  0.0000000E+00  0.0000000E+00
         1    49      1  0.0000000E+00  0.0000000E+00  0.0000000E+00  0.0000000E+00  0.0000000E+00  0.0000000E+00
         1    49      2 -0.4806228E-03 -0.2462040E-03  0.0000000E+00  0.0000000E+00  0.1906238E-07  0.0000000E+00
         1    49      3 -0.7204699E-03 -0.3694329E-03  0.0000000E+00  0.0000000E+00  0.4212793E-07  0.0000000E+00
         1    49      4 -0.9600078E-03 -0.4927465E-03  0.0000000E+00  0.0000000E+00  0.7408822E-07  0.0000000E+00
         1    49      5 -0.1199236E-02 -0.6161450E-03  0.0000000E+00  0.0000000E+00  0.1148461E-06  0.0000000E+00
         1    49      6 -0.1438156E-02 -0.7396285E-03  0.0000000E+00  0.0000000E+00  0.1643038E-06  0.0000000E+00
         1    49      7 -0.1676766E-02 -0.8631971E-03  0.0000000E+00  0.0000000E+00  0.2223627E-06  0.0000000E+00
         1    49      8 -0.1915068E-02 -0.9868509E-03  0.0000000E+00  0.0000000E+00  0.2889232E-06  0.0000000E+00
         1    49      9 -0.2153060E-02 -0.1110590E-02  0.0000000E+00  0.0000000E+00  0.3638852E-06  0.0000000E+00
         1    49     10 -0.4795669E-06  0.1298250E-06  0.0000000E+00  0.0000000E+00  0.1048025E-01  0.1000000E-02

         1    50      0  0.0000000E+00  0.0000000E+00  0.0000000E+00  0.0000000E+00  0.0000000E+00  0.0000000E+00
         1    50      1  0.0000000E+00  0.0000000E+00  0.0000000E+00  0.0000000E+00  0.0000000E+00  0.0000000E+00
         1    50      2 -0.5334921E-03 -0.2831317E-03  0.0000000E+00  0.0000000E+00  0.1532782E-07  0.0000000E+00
         1    50      3 -0.7997960E-03 -0.4247914E-03  0.0000000E+00  0.0000000E+00  0.3372053E-07  0.0000000E+00
         1    50      4 -0.1065805E-02 -0.5665139E-03  0.0000000E+00  0.0000000E+00  0.5913345E-07  0.0000000E+00
         1    50      5 -0.1331520E-02 -0.7082993E-03  0.0000000E+00  0.0000000E+00  0.9146636E-07  0.0000000E+00
         1    50      6 -0.1596941E-02 -0.8501477E-03  0.0000000E+00  0.0000000E+00  0.1306183E-06  0.0000000E+00
         1    50      7 -0.1862067E-02 -0.9920593E-03  0.0000000E+00  0.0000000E+00  0.1764874E-06  0.0000000E+00
         1    50      8 -0.2126899E-02 -0.1134034E-02  0.0000000E+00  0.0000000E+00  0.2289712E-06  0.0000000E+00
         1    50      9 -0.2391437E-02 -0.1276072E-02  0.0000000E+00  0.0000000E+00  0.2879663E-06  0.0000000E+00
         1    50     10 -0.4570518E-06  0.9571916E-07  0.0000000E+00  0.0000000E+00  0.1052373E-01  0.1000000E-02

         1    51      0  0.0000000E+00  0.0000000E+00  0.0000000E+00  0.0000000E+00  0.0000000E+00  0.0000000E+00
         1    51      1  0.0000000E+00  0.0000000E+00  0.0000000E+00  0.0000000E+00  0.0000000E+00  0.0000000E+00
         1    51      2 -0.5955684E-03 -0.3386504E-03  0.0000000E+00  0.0000000E+00  0.1017394E-07  0.0000000E+00
         1    51      3 -0.8929250E-03 -0.5080267E-03  0.0000000E+00  0.0000000E+00  0.2212074E-07  0.0000000E+00
         1    51      4 -0.1189997E-02 -0.6774373E-03  0.0000000E+00  0.0000000E+00  0.3850526E-07  0.0000000E+00
         1    51      5 -0.1486783E-02 -0.8468823E-03  0.0000000E+00  0.0000000E+00  0.5922487E-07  0.0000000E+00
         1    51      6 -0.1783286E-02 -0.1016362E-02  0.0000000E+00  0.0000000E+00  0.8417618E-07  0.0000000E+00
         1    51      7 -0.2079504E-02 -0.1185876E-02  0.0000000E+00  0.0000000E+00  0.1132550E-06  0.0000000E+00
         1    51      8 -0.2375437E-02 -0.1355425E-02  0.0000000E+00  0.0000000E+00  0.1463563E-06  0.0000000E+00
         1    51      9 -0.2671086E-02 -0.1525009E-02  0.0000000E+00  0.0000000E+00  0.1833744E-06  0.0000000E+00
         1    51     10 -0.4423626E-06  0.5149268E-07  0.0000000E+00  0.0000000E+00  0.1056721E-01  0.1000000E-02

         1    52      0  0.0000000E+00  0.0000000E+00  0.0000000E+00  0.0000000E+00  0.0000000E+00  0.0000000E+00
         1    52      1  0.0000000E+00  0.0000000E+00  0.0000000E+00  0.0000000E+00  0.0000000E+00  0.0000000E+00
         1    52      2 -0.8156912E-03 -0.3386504E-03  0.0000000E+00  0.0000000E+00 -0.9713209E-08  0.0000000E+00
         1    52      3 -0.1223142E-02 -0.5080267E-03  0.0000000E+00  0.0000000E+00 -0.2263436E-07  0.0000000E+00
         1    52      4 -0.1630331E-02 -0.6774373E-03  0.0000000E+00  0.0000000E+00 -0.4107542E-07  0.0000000E+00
         1    52      5 -0.2037257E-02 -0.8468823E-03  0.0000000E+00  0.0000000E+00 -0.6514509E-07  0.0000000E+00
         1    52      6 -0.2443921E-02 -0.1016362E-02  0.0000000E+00  0.0000000E+00 -0.9495290E-07  0.0000000E+00
         1    52      7 -0.2850323E-02 -0.1185876E-02  0.0000000E+00  0.0000000E+00 -0.1306092E-06  0.0000000E+00
         1    52      8 -0.3256464E-02 -0.1355425E-02  0.0000000E+00  0.0000000E+00 -0.1722251E-06  0.0000000E+00
         1    52      9 -0.3662343E-02 -0.1525009E-02  0.0000000E+00  0.0000000E+00 -0.2199127E-06  0.0000000E+00
         1    52     10 -0.4089102E-06  0.5149268E-07  0.0000000E+00  0.0000000E+00  0.1070851E-01  0.1000000E-02

         1    53      0  0.0000000E+00  0.0000000E+00  0.0000000E+00  0.0000000E+00  0.0000000E+00  0.0000000E+00
         1    53      1  0.0000000E+00  0.0000000E+00  0.0000000E+00  0.0000000E+00  0.0000000E+00  0.0000000E+00
         1    53      2 -0.3004159E-02 -0.2632563E-03  0.0000000E+00  0.0000000E+00  0.5459277E-03  0.0000000E+00
         1    53      3 -0.4506091E-02 -0.3949648E-03  0.0000000E+00  0.0000000E+00  0.8186721E-03  0.0000000E+00
         1    53      4 -0.6007927E-02 -0.5267270E-03  0.0000000E+00  0.0000000E+00  0.1091270E-02  0.0000000E+00
         1    53      5 -0.7509667E-02 -0.6585430E-03  0.0000000E+00  0.0000000E+00  0.1363722E-02  0.0000000E+00
         1    53      6 -0.9011314E-02 -0.7904130E-03  0.0000000E+00  0.0000000E+00  0.1636028E-02  0.0000000E+00
         1    53      7 -0.1051287E-01 -0.9223370E-03  0.0000000E+00  0.0000000E+00  0.1908188E-02  0.0000000E+00
         1    53      8 -0.1201433E-01 -0.1054315E-02  0.0000000E+00  0.0000000E+00  0.2180202E-02  0.0000000E+00
         1    53      9 -0.1351570E-01 -0.1186348E-02  0.0000000E+00  0.0000000E+00  0.2452069E-02  0.0000000E+00
         1    53     10  0.9694408E-03  0.2667870E-03  0.0000000E+00  0.0000000E+00  0.1216219E-01  0.1000000E-02

         1    54      0  0.0000000E+00  0.0000000E+00  0.0000000E+00  0.0000000E+00  0.0000000E+00  0.0000000E+00
         1    54      1  0.0000000E+00  0.0000000E+00  0.0000000E+00  0.0000000E+00  0.0000000E+00  0.0000000E+00
         1    54      2 -0.3069973E-02 -0.2632563E-03  0.0000000E+00  0.0000000E+00  0.5459231E-03  0.0000000E+00
         1    54      3 -0.4604833E-02 -0.3949648E-03  0.0000000E+00  0.0000000E+00  0.8186617E-03  0.0000000E+00
         1    54      4 -0.6139609E-02 -0.5267270E-03  0.0000000E+00  0.0000000E+00  0.1091252E-02  0.0000000E+00
         1    54      5 -0.7674303E-02 -0.6585430E-03  0.0000000E+00  0.0000000E+00  0.1363693E-02  0.0000000E+00
         1    54      6 -0.9208917E-02 -0.7904130E-03  0.0000000E+00  0.0000000E+00  0.1635986E-02  0.0000000E+00
         1    54      7 -0.1074345E-01 -0.9223370E-03  0.0000000E+00  0.0000000E+00  0.1908131E-02  0.0000000E+00
         1    54      8 -0.1227791E-01 -0.1054315E-02  0.0000000E+00  0.0000000E+00  0.2180127E-02  0.0000000E+00
         1    54      9 -0.1381229E-01 -0.1186348E-02  0.0000000E+00  0.0000000E+00  0.2451975E-02  0.0000000E+00
         1    54     10  0.1036102E-02  0.2667870E-03  0.0000000E+00  0.0000000E+00  0.1221653E-01  0.1000000E-02

         1    55      0  0.0000000E+00  0.0000000E+00  0.0000000E+00  0.0000000E+00  0.0000000E+00  0.0000000E+00
         1    55      1  0.0000000E+00  0.0000000E+00  0.0000000E+00  0.0000000E+00  0.0000000E+00  0.0000000E+00
         1    55      2 -0.3109462E-02 -0.2632563E-03  0.0000000E+00  0.0000000E+00  0.5459203E-03  0.0000000E+00
         1    55      3 -0.4664077E-02 -0.3949648E-03  0.0000000E+00  0.0000000E+00  0.8186555E-03  0.0000000E+00
         1    55      4 -0.6218618E-02 -0.5267270E-03  0.0000000E+00  0.0000000E+00  0.1091241E-02  0.0000000E+00
         1    55      5 -0.7773085E-02 -0.6585430E-03  0.0000000E+00  0.0000000E+00  0.1363676E-02  0.0000000E+00
         1    55      6 -0.9327479E-02 -0.7904130E-03  0.0000000E+00  0.0000000E+00  0.1635961E-02  0.0000000E+00
         1    55      7 -0.1088180E-01 -0.9223370E-03  0.0000000E+00  0.0000000E+00  0.1908097E-02  0.0000000E+00
         1    55      8 -0.1243606E-01 -0.1054315E-02  0.0000000E+00  0.0000000E+00  0.2180083E-02  0.0000000E+00
         1    55      9 -0.1399024E-01 -0.1186348E-02  0.0000000E+00  0.0000000E+00  0.2451919E-02  0.0000000E+00
         1    55     10  0.1076099E-02  0.2667870E-03  0.0000000E+00  0.0000000E+00  0.1224914E-01  0.1000000E-02

         1    56      0  0.0000000E+00  0.0000000E+00  0.0000000E+00  0.0000000E+00  0.0000000E+00  0.0000000E+00
         1    56      1  0.0000000E+00  0.0000000E+00  0.0000000E+00  0.0000000E+00  0.0000000E+00  0.0000000E+00
         1    56      2 -0.3175276E-02 -0.2632563E-03  0.0000000E+00  0.0000000E+00  0.5459157E-03  0.0000000E+00
         1    56      3 -0.4762819E-02 -0.3949648E-03  0.0000000E+00  0.0000000E+00  0.8186451E-03  0.0000000E+00
         1    56      4 -0.6350300E-02 -0.5267270E-03  0.0000000E+00  0.0000000E+00  0.1091222E-02  0.0000000E+00
         1    56      5 -0.7937721E-02 -0.6585430E-03  0.0000000E+00  0.0000000E+00  0.1363647E-02  0.0000000E+00
         1    56      6 -0.9525082E-02 -0.7904130E-03  0.0000000E+00  0.0000000E+00  0.1635920E-02  0.0000000E+00
         1    56      7 -0.1111239E-01 -0.9223370E-03  0.0000000E+00  0.0000000E+00  0.1908040E-02  0.0000000E+00
         1    56      8 -0.1269963E-01 -0.1054315E-02  0.0000000E+00  0.0000000E+00  0.2180009E-02  0.0000000E+00
         1    56      9 -0.1428683E-01 -0.1186348E-02  0.0000000E+00  0.0000000E+00  0.2451825E-02  0.0000000E+00
         1    56     10  0.1142760E-02  0.2667870E-03  0.0000000E+00  0.0000000E+00  0.1230348E-01  0.1000000E-02

         1    57      0  0.0000000E+00  0.0000000E+00  0.0000000E+00  0.0000000E+00  0.0000000E+00  0.0000000E+00
         1    57      1  0.0000000E+00  0.0000000E+00  0.0000000E+00  0.0000000E+00  0.0000000E+00  0.0000000E+00
         1    57      2 -0.3202439E-02  0.4938033E-05  0.0000000E+00  0.0000000E+00  0.5459144E-03  0.0000000E+00
         1    57      3 -0.4803581E-02  0.7319474E-05  0.0000000E+00  0.0000000E+00  0.8186422E-03  0.0000000E+00
         1    57      4 -0.6404674E-02  0.9642521E-05  0.0000000E+00  0.0000000E+00  0.1091217E-02  0.0000000E+00
         1    57      5 -0.8005717E-02  0.1190717E-04  0.0000000E+00  0.0000000E+00  0.1363639E-02  0.0000000E+00
         1    57      6 -0.9606714E-02  0.1411340E-04  0.0000000E+00  0.0000000E+00  0.1635908E-02  0.0000000E+00
         1    57      7 -0.1120766E-01  0.1626122E-04  0.0000000E+00  0.0000000E+00  0.1908025E-02  0.0000000E+00
         1    57      8 -0.1280857E-01  0.1835062E-04  0.0000000E+00  0.0000000E+00  0.2179988E-02  0.0000000E+00
         1    57      9 -0.1440943E-01  0.2038158E-04  0.0000000E+00  0.0000000E+00  0.2451799E-02  0.0000000E+00
         1    57     10  0.1188534E-02  0.1687520E-03  0.0000000E+00  0.0000000E+00  0.1234913E-01  0.1000000E-02

         1    58      0  0.0000000E+00  0.0000000E+00  0.0000000E+00  0.0000000E+00  0.0000000E+00  0.0000000E+00
         1    58      1  0.0000000E+00  0.0000000E+00  0.0000000E+00  0.0000000E+00  0.0000000E+00  0.0000000E+00
         1    58      2 -0.3173208E-02  0.2730454E-03  0.0000000E+00  0.0000000E+00  0.5459130E-03  0.0000000E+00
         1    58      3 -0.4759753E-02  0.4094749E-03  0.0000000E+00  0.0000000E+00  0.8186390E-03  0.0000000E+00
         1    58      4 -0.6346262E-02  0.5458422E-03  0.0000000E+00  0.0000000E+00  0.1091211E-02  0.0000000E+00
         1    58      5 -0.7932734E-02  0.6821477E-03  0.0000000E+00  0.0000000E+00  0.1363630E-02  0.0000000E+00
         1    58      6 -0.9519172E-02  0.8183913E-03  0.0000000E+00  0.0000000E+00  0.1635896E-02  0.0000000E+00
         1    58      7 -0.1110558E-01  0.9545731E-03  0.0000000E+00  0.0000000E+00  0.1908007E-02  0.0000000E+00
         1    58      8 -0.1269195E-01  0.1090693E-02  0.0000000E+00  0.0000000E+00  0.2179966E-02  0.0000000E+00
         1    58      9 -0.1427829E-01  0.1226752E-02  0.0000000E+00  0.0000000E+00  0.2451771E-02  0.0000000E+00
         1    58     10  0.1213390E-02  0.6774680E-04  0.0000000E+00  0.0000000E+00  0.1239478E-01  0.1000000E-02

         1    59      0  0.0000000E+00  0.0000000E+00  0.0000000E+00  0.0000000E+00  0.0000000E+00  0.0000000E+00
         1    59      1  0.0000000E+00  0.0000000E+00  0.0000000E+00  0.0000000E+00  0.0000000E+00  0.0000000E+00
         1    59      2 -0.2995728E-02  0.2730454E-03  0.0000000E+00  0.0000000E+00  0.5459001E-03  0.0000000E+00
         1    59      3 -0.4493595E-02  0.4094749E-03  0.0000000E+00  0.0000000E+00  0.8186099E-03  0.0000000E+00
         1    59      4 -0.5991464E-02  0.5458422E-03  0.0000000E+00  0.0000000E+00  0.1091160E-02  0.0000000E+00
         1    59      5 -0.7489338E-02  0.6821477E-03  0.0000000E+00  0.0000000E+00  0.1363550E-02  0.0000000E+00
         1    59      6 -0.8987218E-02  0.8183913E-03  0.0000000E+00  0.0000000E+00  0.1635779E-02  0.0000000E+00
         1    59      7 -0.1048510E-01  0.9545731E-03  0.0000000E+00  0.0000000E+00  0.1907849E-02  0.0000000E+00
         1    59      8 -0.1198300E-01  0.1090693E-02  0.0000000E+00  0.0000000E+00  0.2179759E-02  0.0000000E+00
         1    59      9 -0.1348090E-01  0.1226752E-02  0.0000000E+00  0.0000000E+00  0.2451510E-02  0.0000000E+00
         1    59     10  0.1257402E-02  0.6774680E-04  0.0000000E+00  0.0000000E+00  0.1253608E-01  0.1000000E-02

         1    60      0  0.0000000E+00  0.0000000E+00  0.0000000E+00  0.0000000E+00  0.0000000E+00  0.0000000E+00
         1    60      1  0.0000000E+00  0.0000000E+00  0.0000000E+00  0.0000000E+00  0.0000000E+00  0.0000000E+00
         1    60      2 -0.7419719E-03  0.3468161E-03  0.0000000E+00  0.0000000E+00  0.1080082E-02  0.0000000E+00
         1    60      3 -0.1113876E-02  0.5201295E-03  0.0000000E+00  0.0000000E+00  0.1619873E-02  0.0000000E+00
         1    60      4 -0.1486393E-02  0.6933799E-03  0.0000000E+00  0.0000000E+00  0.2159498E-02  0.0000000E+00
         1    60      5 -0.1859522E-02  0.8665676E-03  0.0000000E+00  0.0000000E+00  0.2698957E-02  0.0000000E+00
         1    60      6 -0.2233264E-02  0.1039693E-02  0.0000000E+00  0.0000000E+00  0.3238250E-02  0.0000000E+00
         1    60      7 -0.2607620E-02  0.1212755E-02  0.0000000E+00  0.0000000E+00  0.3777379E-02  0.0000000E+00
         1    60      8 -0.2982589E-02  0.1385756E-02  0.0000000E+00  0.0000000E+00  0.4316342E-02  0.0000000E+00
         1    60      9 -0.3358172E-02  0.1558694E-02  0.0000000E+00  0.0000000E+00  0.4855142E-02  0.0000000E+00
         1    60     10  0.2518073E-02  0.2790707E-03  0.0000000E+00  0.0000000E+00  0.1358869E-01  0.1000000E-02

         1    61      0  0.0000000E+00  0.0000000E+00  0.0000000E+00  0.0000000E+00  0.0000000E+00  0.0000000E+00
         1    61      1  0.0000000E+00  0.0000000E+00  0.0000000E+00  0.0000000E+00  0.0000000E+00  0.0000000E+00
         1    61      2 -0.6552678E-03  0.3468161E-03  0.0000000E+00  0.0000000E+00  0.1080074E-02  0.0000000E+00
         1    61      3 -0.9838437E-03  0.5201295E-03  0.0000000E+00  0.0000000E+00  0.1619855E-02  0.0000000E+00
         1    61      4 -0.1313048E-02  0.6933799E-03  0.0000000E+00  0.0000000E+00  0.2159466E-02  0.0000000E+00
         1    61      5 -0.1642880E-02  0.8665676E-03  0.0000000E+00  0.0000000E+00  0.2698907E-02  0.0000000E+00
         1    61      6 -0.1973341E-02  0.1039693E-02  0.0000000E+00  0.0000000E+00  0.3238178E-02  0.0000000E+00
         1    61      7 -0.2304431E-02  0.1212755E-02  0.0000000E+00  0.0000000E+00  0.3777280E-02  0.0000000E+00
         1    61      8 -0.2636150E-02  0.1385756E-02  0.0000000E+00  0.0000000E+00  0.4316214E-02  0.0000000E+00
         1    61      9 -0.2968498E-02  0.1558694E-02  0.0000000E+00  0.0000000E+00  0.4854980E-02  0.0000000E+00
         1    61     10  0.2587804E-02  0.2790707E-03  0.0000000E+00  0.0000000E+00  0.1364303E-01  0.1000000E-02

         1    62      0  0.0000000E+00  0.0000000E+00  0.0000000E+00  0.0000000E+00  0.0000000E+00  0.0000000E+00
         1    62      1  0.0000000E+00  0.0000000E+00  0.0000000E+00  0.0000000E+00  0.0000000E+00  0.0000000E+00
         1    62      2 -0.6032454E-03  0.3468161E-03  0.0000000E+00  0.0000000E+00  0.1080069E-02  0.0000000E+00
         1    62      3 -0.9058242E-03  0.5201295E-03  0.0000000E+00  0.0000000E+00  0.1619844E-02  0.0000000E+00
         1    62      4 -0.1209041E-02  0.6933799E-03  0.0000000E+00  0.0000000E+00  0.2159447E-02  0.0000000E+00
         1    62      5 -0.1512895E-02  0.8665676E-03  0.0000000E+00  0.0000000E+00  0.2698877E-02  0.0000000E+00
         1    62      6 -0.1817387E-02  0.1039693E-02  0.0000000E+00  0.0000000E+00  0.3238135E-02  0.0000000E+00
         1    62      7 -0.2122517E-02  0.1212755E-02  0.0000000E+00  0.0000000E+00  0.3777222E-02  0.0000000E+00
         1    62      8 -0.2428286E-02  0.1385756E-02  0.0000000E+00  0.0000000E+00  0.4316137E-02  0.0000000E+00
         1    62      9 -0.2734693E-02  0.1558694E-02  0.0000000E+00  0.0000000E+00  0.4854883E-02  0.0000000E+00
         1    62     10  0.2629642E-02  0.2790707E-03  0.0000000E+00  0.0000000E+00  0.1367563E-01  0.1000000E-02

         1    63      0  0.0000000E+00  0.0000000E+00  0.0000000E+00  0.0000000E+00  0.0000000E+00  0.0000000E+00
         1    63      1  0.0000000E+00  0.0000000E+00  0.0000000E+00  0.0000000E+00  0.0000000E+00  0.0000000E+00
         1    63      2 -0.5165414E-03  0.3468161E-03  0.0000000E+00  0.0000000E+00  0.1080061E-02  0.0000000E+00
         1    63      3 -0.7757919E-03  0.5201295E-03  0.0000000E+00  0.0000000E+00  0.1619826E-02  0.0000000E+00
         1    63      4 -0.1035696E-02  0.6933799E-03  0.0000000E+00  0.0000000E+00  0.2159414E-02  0.0000000E+00
         1    63      5 -0.1296253E-02  0.8665676E-03  0.0000000E+00  0.0000000E+00  0.2698826E-02  0.0000000E+00
         1    63      6 -0.1557464E-02  0.1039693E-02  0.0000000E+00  0.0000000E+00  0.3238063E-02  0.0000000E+00
         1    63      7 -0.1819328E-02  0.1212755E-02  0.0000000E+00  0.0000000E+00  0.3777124E-02  0.0000000E+00
         1    63      8 -0.2081847E-02  0.1385756E-02  0.0000000E+00  0.0000000E+00  0.4316009E-02  0.0000000E+00
         1    63      9 -0.2345019E-02  0.1558694E-02  0.0000000E+00  0.0000000E+00  0.4854721E-02  0.0000000E+00
         1    63     10  0.2699372E-02  0.2790707E-03  0.0000000E+00  0.0000000E+00  0.1372998E-01  0.1000000E-02

         1    64      0  0.0000000E+00  0.0000000E+00  0.0000000E+00  0.0000000E+00  0.0000000E+00  0.0000000E+00
         1    64      1  0.0000000E+00  0.0000000E+00  0.0000000E+00  0.0000000E+00  0.0000000E+00  0.0000000E+00
         1    64      2 -0.4520468E-03  0.2991882E-03  0.0000000E+00  0.0000000E+00  0.1080056E-02  0.0000000E+00
         1    64      3 -0.6790786E-03  0.4485899E-03  0.0000000E+00  0.0000000E+00  0.1619814E-02  0.0000000E+00
         1    64      4 -0.9067829E-03  0.5978634E-03  0.0000000E+00  0.0000000E+00  0.2159392E-02  0.0000000E+00
         1    64      5 -0.1135160E-02  0.7470090E-03  0.0000000E+00  0.0000000E+00  0.2698792E-02  0.0000000E+00
         1    64      6 -0.1364209E-02  0.8960268E-03  0.0000000E+00  0.0000000E+00  0.3238013E-02  0.0000000E+00
         1    64      7 -0.1593931E-02  0.1044917E-02  0.0000000E+00  0.0000000E+00  0.3777056E-02  0.0000000E+00
         1    64      8 -0.1824326E-02  0.1193679E-02  0.0000000E+00  0.0000000E+00  0.4315921E-02  0.0000000E+00
         1    64      9 -0.2055394E-02  0.1342315E-02  0.0000000E+00  0.0000000E+00  0.4854609E-02  0.0000000E+00
         1    64     10  0.2781960E-02  0.5486016E-03  0.0000000E+00  0.0000000E+00  0.1377344E-01  0.1000000E-02

         1    65      0  0.0000000E+00  0.0000000E+00  0.0000000E+00  0.0000000E+00  0.0000000E+00  0.0000000E+00
         1    65      1  0.0000000E+00  0.0000000E+00  0.0000000E+00  0.0000000E+00  0.0000000E+00  0.0000000E+00
         1    65      2 -0.3964728E-03  0.2574644E-03  0.0000000E+00  0.0000000E+00  0.1080052E-02  0.0000000E+00
         1    65      3 -0.5957661E-03  0.3859026E-03  0.0000000E+00  0.0000000E+00  0.1619804E-02  0.0000000E+00
         1    65      4 -0.7957642E-03  0.5141450E-03  0.0000000E+00  0.0000000E+00  0.2159376E-02  0.0000000E+00
         1    65      5 -0.9964671E-03  0.6421917E-03  0.0000000E+00  0.0000000E+00  0.2698766E-02  0.0000000E+00
         1    65      6 -0.1197875E-02  0.7700428E-03  0.0000000E+00  0.0000000E+00  0.3237976E-02  0.0000000E+00
         1    65      7 -0.1399988E-02  0.8976985E-03  0.0000000E+00  0.0000000E+00  0.3777005E-02  0.0000000E+00
         1    65      8 -0.1602805E-02  0.1025159E-02  0.0000000E+00  0.0000000E+00  0.4315855E-02  0.0000000E+00
         1    65      9 -0.1806328E-02  0.1152424E-02  0.0000000E+00  0.0000000E+00  0.4854526E-02  0.0000000E+00
         1    65     10  0.2919417E-02  0.8289527E-03  0.0000000E+00  0.0000000E+00  0.1381690E-01  0.1000000E-02

         1    66      0  0.0000000E+00  0.0000000E+00  0.0000000E+00  0.0000000E+00  0.0000000E+00  0.0000000E+00
         1    66      1  0.0000000E+00  0.0000000E+00  0.0000000E+00  0.0000000E+00  0.0000000E+00  0.0000000E+00
         1    66      2 -0.2291209E-03  0.2574644E-03  0.0000000E+00  0.0000000E+00  0.1080040E-02  0.0000000E+00
         1    66      3 -0.3449294E-03  0.3859026E-03  0.0000000E+00  0.0000000E+00  0.1619779E-02  0.0000000E+00
         1    66      4 -0.4615699E-03  0.5141450E-03  0.0000000E+00  0.0000000E+00  0.2159330E-02  0.0000000E+00
         1    66      5 -0.5790425E-03  0.6421917E-03  0.0000000E+00  0.0000000E+00  0.2698695E-02  0.0000000E+00
         1    66      6 -0.6973470E-03  0.7700428E-03  0.0000000E+00  0.0000000E+00  0.3237873E-02  0.0000000E+00
         1    66      7 -0.8164834E-03  0.8976985E-03  0.0000000E+00  0.0000000E+00  0.3776866E-02  0.0000000E+00
         1    66      8 -0.9364518E-03  0.1025159E-02  0.0000000E+00  0.0000000E+00  0.4315673E-02  0.0000000E+00
         1    66      9 -0.1057252E-02  0.1152424E-02  0.0000000E+00  0.0000000E+00  0.4854295E-02  0.0000000E+00
         1    66     10  0.3457949E-02  0.8289527E-03  0.0000000E+00  0.0000000E+00  0.1395808E-01  0.1000000E-02

         1    67      0  0.0000000E+00  0.0000000E+00  0.0000000E+00  0.0000000E+00  0.0000000E+00  0.0000000E+00
         1    67      1  0.0000000E+00  0.0000000E+00  0.0000000E+00  0.0000000E+00  0.0000000E+00  0.0000000E+00
         1    67      2  0.1548658E-02  0.2313955E-03  0.0000000E+00  0.0000000E+00  0.8912725E-03  0.0000000E+00
         1    67      3  0.2319930E-02  0.3468723E-03  0.0000000E+00  0.0000000E+00  0.1337156E-02  0.0000000E+00
         1    67      4  0.3089166E-02  0.4622020E-03  0.0000000E+00  0.0000000E+00  0.1783204E-02  0.0000000E+00
         1    67      5  0.3856366E-02  0.5773846E-03  0.0000000E+00  0.0000000E+00  0.2229419E-02  0.0000000E+00
         1    67      6  0.4621530E-02  0.6924204E-03  0.0000000E+00  0.0000000E+00  0.2675800E-02  0.0000000E+00
         1    67      7  0.5384660E-02  0.8073096E-03  0.0000000E+00  0.0000000E+00  0.3122349E-02  0.0000000E+00
         1    67      8  0.6145756E-02  0.9220522E-03  0.0000000E+00  0.0000000E+00  0.3569065E-02  0.0000000E+00
         1    67      9  0.6904819E-02  0.1036648E-02  0.0000000E+00  0.0000000E+00  0.4015950E-02  0.0000000E+00
         1    67     10  0.9588614E-02  0.8570499E-03  0.0000000E+00  0.0000000E+00  0.1368446E-01  0.1000000E-02

         1    68      0  0.0000000E+00  0.0000000E+00  0.0000000E+00  0.0000000E+00  0.0000000E+00  0.0000000E+00
         1    68      1  0.0000000E+00  0.0000000E+00  0.0000000E+00  0.0000000E+00  0.0000000E+00  0.0000000E+00
         1    68      2  0.1606507E-02  0.2313955E-03  0.0000000E+00  0.0000000E+00  0.8912689E-03  0.0000000E+00
         1    68      3  0.2406648E-02  0.3468723E-03  0.0000000E+00  0.0000000E+00  0.1337148E-02  0.0000000E+00
         1    68      4  0.3204716E-02  0.4622020E-03  0.0000000E+00  0.0000000E+00  0.1783190E-02  0.0000000E+00
         1    68      5  0.4000712E-02  0.5773846E-03  0.0000000E+00  0.0000000E+00  0.2229397E-02  0.0000000E+00
         1    68      6  0.4794635E-02  0.6924204E-03  0.0000000E+00  0.0000000E+00  0.2675768E-02  0.0000000E+00
         1    68      7  0.5586487E-02  0.8073096E-03  0.0000000E+00  0.0000000E+00  0.3122305E-02  0.0000000E+00
         1    68      8  0.6376269E-02  0.9220522E-03  0.0000000E+00  0.0000000E+00  0.3569008E-02  0.0000000E+00
         1    68      9  0.7163981E-02  0.1036648E-02  0.0000000E+00  0.0000000E+00  0.4015878E-02  0.0000000E+00
         1    68     10  0.9802762E-02  0.8570499E-03  0.0000000E+00  0.0000000E+00  0.1373876E-01  0.1000000E-02

         1    69      0  0.0000000E+00  0.0000000E+00  0.0000000E+00  0.0000000E+00  0.0000000E+00  0.0000000E+00
         1    69      1  0.0000000E+00  0.0000000E+00  0.0000000E+00  0.0000000E+00  0.0000000E+00  0.0000000E+00
         1    69      2  0.1641216E-02  0.2313955E-03  0.0000000E+00  0.0000000E+00  0.8912668E-03  0.0000000E+00
         1    69      3  0.2458679E-02  0.3468723E-03  0.0000000E+00  0.0000000E+00  0.1337143E-02  0.0000000E+00
         1    69      4  0.3274047E-02  0.4622020E-03  0.0000000E+00  0.0000000E+00  0.1783182E-02  0.0000000E+00
         1    69      5  0.4087319E-02  0.5773846E-03  0.0000000E+00  0.0000000E+00  0.2229384E-02  0.0000000E+00
         1    69      6  0.4898498E-02  0.6924204E-03  0.0000000E+00  0.0000000E+00  0.2675749E-02  0.0000000E+00
         1    69      7  0.5707584E-02  0.8073096E-03  0.0000000E+00  0.0000000E+00  0.3122279E-02  0.0000000E+00
         1    69      8  0.6514577E-02  0.9220522E-03  0.0000000E+00  0.0000000E+00  0.3568974E-02  0.0000000E+00
         1    69      9  0.7319479E-02  0.1036648E-02  0.0000000E+00  0.0000000E+00  0.4015835E-02  0.0000000E+00
         1    69     10  0.9931251E-02  0.8570499E-03  0.0000000E+00  0.0000000E+00  0.1377133E-01  0.1000000E-02

         1    70      0  0.0000000E+00  0.0000000E+00  0.0000000E+00  0.0000000E+00  0.0000000E+00  0.0000000E+00
         1    70      1  0.0000000E+00  0.0000000E+00  0.0000000E+00  0.0000000E+00  0.0000000E+00  0.0000000E+00
         1    70      2  0.1699065E-02  0.2313955E-03  0.0000000E+00  0.0000000E+00  0.8912632E-03  0.0000000E+00
         1    70      3  0.2545397E-02  0.3468723E-03  0.0000000E+00  0.0000000E+00  0.1337135E-02  0.0000000E+00
         1    70      4  0.3389597E-02  0.4622020E-03  0.0000000E+00  0.0000000E+00  0.1783167E-02  0.0000000E+00
         1    70      5  0.4231666E-02  0.5773846E-03  0.0000000E+00  0.0000000E+00  0.2229361E-02  0.0000000E+00
         1    70      6  0.5071603E-02  0.6924204E-03  0.0000000E+00  0.0000000E+00  0.2675717E-02  0.0000000E+00
         1    70      7  0.5909411E-02  0.8073096E-03  0.0000000E+00  0.0000000E+00  0.3122236E-02  0.0000000E+00
         1    70      8  0.6745090E-02  0.9220522E-03  0.0000000E+00  0.0000000E+00  0.3568918E-02  0.0000000E+00
         1    70      9  0.7578641E-02  0.1036648E-02  0.0000000E+00  0.0000000E+00  0.4015763E-02  0.0000000E+00
         1    70     10  0.1014540E-01  0.8570499E-03  0.0000000E+00  0.0000000E+00  0.1382563E-01  0.1000000E-02

         1    71      0  0.0000000E+00  0.0000000E+00  0.0000000E+00  0.0000000E+00  0.0000000E+00  0.0000000E+00
         1    71      1  0.0000000E+00  0.0000000E+00  0.0000000E+00  0.0000000E+00  0.0000000E+00  0.0000000E+00
         1    71      2  0.1732555E-02  0.8708977E-04  0.0000000E+00  0.0000000E+00  0.8912617E-03  0.0000000E+00
         1    71      3  0.2595614E-02  0.1306836E-03  0.0000000E+00  0.0000000E+00  0.1337131E-02  0.0000000E+00
         1    71      4  0.3456529E-02  0.1743101E-03  0.0000000E+00  0.0000000E+00  0.1783161E-02  0.0000000E+00
         1    71      5  0.4315301E-02  0.2179693E-03  0.0000000E+00  0.0000000E+00  0.2229352E-02  0.0000000E+00
         1    71      6  0.5171930E-02  0.2616615E-03  0.0000000E+00  0.0000000E+00  0.2675704E-02  0.0000000E+00
         1    71      7  0.6026417E-02  0.3053866E-03  0.0000000E+00  0.0000000E+00  0.3122217E-02  0.0000000E+00
         1    71      8  0.6878763E-02  0.3491447E-03  0.0000000E+00  0.0000000E+00  0.3568893E-02  0.0000000E+00
         1    71      9  0.7728968E-02  0.3929360E-03  0.0000000E+00  0.0000000E+00  0.4015733E-02  0.0000000E+00
         1    71     10  0.1023547E-01 -0.1743547E-08  0.0000000E+00  0.0000000E+00  0.1387127E-01  0.1000000E-02

         1    72      0  0.0000000E+00  0.0000000E+00  0.0000000E+00  0.0000000E+00  0.0000000E+00  0.0000000E+00
         1    72      1  0.0000000E+00  0.0000000E+00  0.0000000E+00  0.0000000E+00  0.0000000E+00  0.0000000E+00
         1    72      2  0.1735535E-02 -0.5874965E-04  0.0000000E+00  0.0000000E+00  0.8912616E-03  0.0000000E+00
         1    72      3  0.2600123E-02 -0.8780653E-04  0.0000000E+00  0.0000000E+00  0.1337131E-02  0.0000000E+00
         1    72      4  0.3462592E-02 -0.1166514E-03  0.0000000E+00  0.0000000E+00  0.1783161E-02  0.0000000E+00
         1    72      5  0.4322944E-02 -0.1452844E-03  0.0000000E+00  0.0000000E+00  0.2229351E-02  0.0000000E+00
         1    72      6  0.5181179E-02 -0.1737053E-03  0.0000000E+00  0.0000000E+00  0.2675703E-02  0.0000000E+00
         1    72      7  0.6037297E-02 -0.2019142E-03  0.0000000E+00  0.0000000E+00  0.3122216E-02  0.0000000E+00
         1    72      8  0.6891301E-02 -0.2299112E-03  0.0000000E+00  0.0000000E+00  0.3568892E-02  0.0000000E+00
         1    72      9  0.7743190E-02 -0.2576961E-03  0.0000000E+00  0.0000000E+00  0.4015730E-02  0.0000000E+00
         1    72     10  0.1014540E-01 -0.8570534E-03  0.0000000E+00  0.0000000E+00  0.1391691E-01  0.1000000E-02

         1    73      0  0.0000000E+00  0.0000000E+00  0.0000000E+00  0.0000000E+00  0.0000000E+00  0.0000000E+00
         1    73      1  0.0000000E+00  0.0000000E+00  0.0000000E+00  0.0000000E+00  0.0000000E+00  0.0000000E+00
         1    73      2  0.1697348E-02 -0.5874965E-04  0.0000000E+00  0.0000000E+00  0.8912610E-03  0.0000000E+00
         1    73      3  0.2543049E-02 -0.8780653E-04  0.0000000E+00  0.0000000E+00  0.1337130E-02  0.0000000E+00
         1    73      4  0.3386769E-02 -0.1166514E-03  0.0000000E+00  0.0000000E+00  0.1783158E-02  0.0000000E+00
         1    73      5  0.4228509E-02 -0.1452844E-03  0.0000000E+00  0.0000000E+00  0.2229347E-02  0.0000000E+00
         1    73      6  0.5068270E-02 -0.1737053E-03  0.0000000E+00  0.0000000E+00  0.2675697E-02  0.0000000E+00
         1    73      7  0.5906053E-02 -0.2019142E-03  0.0000000E+00  0.0000000E+00  0.3122209E-02  0.0000000E+00
         1    73      8  0.6741858E-02 -0.2299112E-03  0.0000000E+00  0.0000000E+00  0.3568882E-02  0.0000000E+00
         1    73      9  0.7575687E-02 -0.2576961E-03  0.0000000E+00  0.0000000E+00  0.4015719E-02  0.0000000E+00
         1    73     10  0.9588611E-02 -0.8570534E-03  0.0000000E+00  0.0000000E+00  0.1405808E-01  0.1000000E-02

         1    74      0  0.0000000E+00  0.0000000E+00  0.0000000E+00  0.0000000E+00  0.0000000E+00  0.0000000E+00
         1    74      1  0.0000000E+00  0.0000000E+00  0.0000000E+00  0.0000000E+00  0.0000000E+00  0.0000000E+00
         1    74      2  0.1071226E-02 -0.1134143E-03  0.0000000E+00  0.0000000E+00  0.4954280E-03  0.0000000E+00
         1    74      3  0.1606373E-02 -0.1697372E-03  0.0000000E+00  0.0000000E+00  0.7438604E-03  0.0000000E+00
         1    74      4  0.2141209E-02 -0.2258039E-03  0.0000000E+00  0.0000000E+00  0.9927725E-03  0.0000000E+00
         1    74      5  0.2675737E-02 -0.2816145E-03  0.0000000E+00  0.0000000E+00  0.1242165E-02  0.0000000E+00
         1    74      6  0.3209958E-02 -0.3371690E-03  0.0000000E+00  0.0000000E+00  0.1492037E-02  0.0000000E+00
         1    74      7  0.3743873E-02 -0.3924674E-03  0.0000000E+00  0.0000000E+00  0.1742390E-02  0.0000000E+00
         1    74      8  0.4277482E-02 -0.4475098E-03  0.0000000E+00  0.0000000E+00  0.1993225E-02  0.0000000E+00
         1    74      9  0.4810788E-02 -0.5022960E-03  0.0000000E+00  0.0000000E+00  0.2244542E-02  0.0000000E+00
         1    74     10  0.3457923E-02 -0.8289556E-03  0.0000000E+00  0.0000000E+00  0.1378447E-01  0.1000000E-02

         1    75      0  0.0000000E+00  0.0000000E+00  0.0000000E+00  0.0000000E+00  0.0000000E+00  0.0000000E+00
         1    75      1  0.0000000E+00  0.0000000E+00  0.0000000E+00  0.0000000E+00  0.0000000E+00  0.0000000E+00
         1    75      2  0.1042873E-02 -0.1134143E-03  0.0000000E+00  0.0000000E+00  0.4954271E-03  0.0000000E+00
         1    75      3  0.1563938E-02 -0.1697372E-03  0.0000000E+00  0.0000000E+00  0.7438585E-03  0.0000000E+00
         1    75      4  0.2084758E-02 -0.2258039E-03  0.0000000E+00  0.0000000E+00  0.9927691E-03  0.0000000E+00
         1    75      5  0.2605334E-02 -0.2816145E-03  0.0000000E+00  0.0000000E+00  0.1242159E-02  0.0000000E+00
         1    75      6  0.3125666E-02 -0.3371690E-03  0.0000000E+00  0.0000000E+00  0.1492029E-02  0.0000000E+00
         1    75      7  0.3645756E-02 -0.3924674E-03  0.0000000E+00  0.0000000E+00  0.1742380E-02  0.0000000E+00
         1    75      8  0.4165605E-02 -0.4475098E-03  0.0000000E+00  0.0000000E+00  0.1993212E-02  0.0000000E+00
         1    75      9  0.4685214E-02 -0.5022960E-03  0.0000000E+00  0.0000000E+00  0.2244525E-02  0.0000000E+00
         1    75     10  0.3250794E-02 -0.8289556E-03  0.0000000E+00  0.0000000E+00  0.1383877E-01  0.1000000E-02

         1    76      0  0.0000000E+00  0.0000000E+00  0.0000000E+00  0.0000000E+00  0.0000000E+00  0.0000000E+00
         1    76      1  0.0000000E+00  0.0000000E+00  0.0000000E+00  0.0000000E+00  0.0000000E+00  0.0000000E+00
         1    76      2  0.1025861E-02 -0.1134143E-03  0.0000000E+00  0.0000000E+00  0.4954266E-03  0.0000000E+00
         1    76      3  0.1538478E-02 -0.1697372E-03  0.0000000E+00  0.0000000E+00  0.7438574E-03  0.0000000E+00
         1    76      4  0.2050888E-02 -0.2258039E-03  0.0000000E+00  0.0000000E+00  0.9927670E-03  0.0000000E+00
         1    76      5  0.2563092E-02 -0.2816145E-03  0.0000000E+00  0.0000000E+00  0.1242156E-02  0.0000000E+00
         1    76      6  0.3075090E-02 -0.3371690E-03  0.0000000E+00  0.0000000E+00  0.1492025E-02  0.0000000E+00
         1    76      7  0.3586886E-02 -0.3924674E-03  0.0000000E+00  0.0000000E+00  0.1742374E-02  0.0000000E+00
         1    76      8  0.4098478E-02 -0.4475098E-03  0.0000000E+00  0.0000000E+00  0.1993204E-02  0.0000000E+00
         1    76      9  0.4609869E-02 -0.5022960E-03  0.0000000E+00  0.0000000E+00  0.2244515E-02  0.0000000E+00
         1    76     10  0.3126517E-02 -0.8289556E-03  0.0000000E+00  0.0000000E+00  0.1387135E-01  0.1000000E-02

         1    77      0  0.0000000E+00  0.0000000E+00  0.0000000E+00  0.0000000E+00  0.0000000E+00  0.0000000E+00
         1    77      1  0.0000000E+00  0.0000000E+00  0.0000000E+00  0.0000000E+00  0.0000000E+00  0.0000000E+00
         1    77      2  0.9975072E-03 -0.1134143E-03  0.0000000E+00  0.0000000E+00  0.4954257E-03  0.0000000E+00
         1    77      3  0.1496044E-02 -0.1697372E-03  0.0000000E+00  0.0000000E+00  0.7438554E-03  0.0000000E+00
         1    77      4  0.1994437E-02 -0.2258039E-03  0.0000000E+00  0.0000000E+00  0.9927636E-03  0.0000000E+00
         1    77      5  0.2492688E-02 -0.2816145E-03  0.0000000E+00  0.0000000E+00  0.1242151E-02  0.0000000E+00
         1    77      6  0.2990798E-02 -0.3371690E-03  0.0000000E+00  0.0000000E+00  0.1492017E-02  0.0000000E+00
         1    77      7  0.3488769E-02 -0.3924674E-03  0.0000000E+00  0.0000000E+00  0.1742364E-02  0.0000000E+00
         1    77      8  0.3986601E-02 -0.4475098E-03  0.0000000E+00  0.0000000E+00  0.1993190E-02  0.0000000E+00
         1    77      9  0.4484295E-02 -0.5022960E-03  0.0000000E+00  0.0000000E+00  0.2244498E-02  0.0000000E+00
         1    77     10  0.2919389E-02 -0.8289556E-03  0.0000000E+00  0.0000000E+00  0.1392565E-01  0.1000000E-02

         1    78      0  0.0000000E+00  0.0000000E+00  0.0000000E+00  0.0000000E+00  0.0000000E+00  0.0000000E+00
         1    78      1  0.0000000E+00  0.0000000E+00  0.0000000E+00  0.0000000E+00  0.0000000E+00  0.0000000E+00
         1    78      2  0.9845920E-03 -0.1594953E-04  0.0000000E+00  0.0000000E+00  0.4954255E-03  0.0000000E+00
         1    78      3  0.1476746E-02 -0.2355772E-04  0.0000000E+00  0.0000000E+00  0.7438548E-03  0.0000000E+00
         1    78      4  0.1968806E-02 -0.3092140E-04  0.0000000E+00  0.0000000E+00  0.9927626E-03  0.0000000E+00
         1    78      5  0.2460775E-02 -0.3804045E-04  0.0000000E+00  0.0000000E+00  0.1242149E-02  0.0000000E+00
         1    78      6  0.2952652E-02 -0.4491480E-04  0.0000000E+00  0.0000000E+00  0.1492015E-02  0.0000000E+00
         1    78      7  0.3444440E-02 -0.5154432E-04  0.0000000E+00  0.0000000E+00  0.1742361E-02  0.0000000E+00
         1    78      8  0.3936140E-02 -0.5792892E-04  0.0000000E+00  0.0000000E+00  0.1993186E-02  0.0000000E+00
         1    78      9  0.4427752E-02 -0.6406850E-04  0.0000000E+00  0.0000000E+00  0.2244493E-02  0.0000000E+00
         1    78     10  0.2781931E-02 -0.5486073E-03  0.0000000E+00  0.0000000E+00  0.1396910E-01  0.1000000E-02

         1    79      0  0.0000000E+00  0.0000000E+00  0.0000000E+00  0.0000000E+00  0.0000000E+00  0.0000000E+00
         1    79      1  0.0000000E+00  0.0000000E+00  0.0000000E+00  0.0000000E+00  0.0000000E+00  0.0000000E+00
         1    79      2  0.9911064E-03  0.8120047E-04  0.0000000E+00  0.0000000E+00  0.4954254E-03  0.0000000E+00
         1    79      3  0.1486590E-02  0.1221568E-03  0.0000000E+00  0.0000000E+00  0.7438546E-03  0.0000000E+00
         1    79      4  0.1982028E-02  0.1633509E-03  0.0000000E+00  0.0000000E+00  0.9927622E-03  0.0000000E+00
         1    79      5  0.2477422E-02  0.2047829E-03  0.0000000E+00  0.0000000E+00  0.1242149E-02  0.0000000E+00
         1    79      6  0.2972773E-02  0.2464531E-03  0.0000000E+00  0.0000000E+00  0.1492014E-02  0.0000000E+00
         1    79      7  0.3468083E-02  0.2883616E-03  0.0000000E+00  0.0000000E+00  0.1742359E-02  0.0000000E+00
         1    79      8  0.3963353E-02  0.3305088E-03  0.0000000E+00  0.0000000E+00  0.1993185E-02  0.0000000E+00
         1    79      9  0.4458584E-02  0.3728947E-03  0.0000000E+00  0.0000000E+00  0.2244491E-02  0.0000000E+00
         1    79     10  0.2699342E-02 -0.2790792E-03  0.0000000E+00  0.0000000E+00  0.1401257E-01  0.1000000E-02

         1    80      0  0.0000000E+00  0.0000000E+00  0.0000000E+00  0.0000000E+00  0.0000000E+00  0.0000000E+00
         1    80      1  0.0000000E+00  0.0000000E+00  0.0000000E+00  0.0000000E+00  0.0000000E+00  0.0000000E+00
         1    80      2  0.1043887E-02  0.8120047E-04  0.0000000E+00  0.0000000E+00  0.4954242E-03  0.0000000E+00
         1    80      3  0.1565992E-02  0.1221568E-03  0.0000000E+00  0.0000000E+00  0.7438520E-03  0.0000000E+00
         1    80      4  0.2088206E-02  0.1633509E-03  0.0000000E+00  0.0000000E+00  0.9927576E-03  0.0000000E+00
         1    80      5  0.2610531E-02  0.2047829E-03  0.0000000E+00  0.0000000E+00  0.1242141E-02  0.0000000E+00
         1    80      6  0.3132968E-02  0.2464531E-03  0.0000000E+00  0.0000000E+00  0.1492004E-02  0.0000000E+00
         1    80      7  0.3655518E-02  0.2883616E-03  0.0000000E+00  0.0000000E+00  0.1742345E-02  0.0000000E+00
         1    80      8  0.4178184E-02  0.3305088E-03  0.0000000E+00  0.0000000E+00  0.1993166E-02  0.0000000E+00
         1    80      9  0.4700965E-02  0.3728947E-03  0.0000000E+00  0.0000000E+00  0.2244466E-02  0.0000000E+00
         1    80     10  0.2518037E-02 -0.2790792E-03  0.0000000E+00  0.0000000E+00  0.1415386E-01  0.1000000E-02

         1    81      0  0.0000000E+00  0.0000000E+00  0.0000000E+00  0.0000000E+00  0.0000000E+00  0.0000000E+00
         1    81      1  0.0000000E+00  0.0000000E+00  0.0000000E+00  0.0000000E+00  0.0000000E+00  0.0000000E+00
         1    81      2  0.1455060E-02  0.3186051E-04  0.0000000E+00  0.0000000E+00  0.1381477E-03  0.0000000E+00
         1    81      3  0.2185171E-02  0.4809199E-04  0.0000000E+00  0.0000000E+00  0.2075396E-03  0.0000000E+00
         1    81      4  0.2917005E-02  0.6452444E-04  0.0000000E+00  0.0000000E+00  0.2771432E-03  0.0000000E+00
         1    81      5  0.3650567E-02  0.8115799E-04  0.0000000E+00  0.0000000E+00  0.3469583E-03  0.0000000E+00
         1    81      6  0.4385859E-02  0.9799276E-04  0.0000000E+00  0.0000000E+00  0.4169846E-03  0.0000000E+00
         1    81      7  0.5122884E-02  0.1150289E-03  0.0000000E+00  0.0000000E+00  0.4872219E-03  0.0000000E+00
         1    81      8  0.5861644E-02  0.1322665E-03  0.0000000E+00  0.0000000E+00  0.5576699E-03  0.0000000E+00
         1    81      9  0.6602143E-02  0.1497057E-03  0.0000000E+00  0.0000000E+00  0.6283284E-03  0.0000000E+00
         1    81     10  0.1257313E-02 -0.6775290E-04  0.0000000E+00  0.0000000E+00  0.1520648E-01  0.1000000E-02

         1    82      0  0.0000000E+00  0.0000000E+00  0.0000000E+00  0.0000000E+00  0.0000000E+00  0.0000000E+00
         1    82      1  0.0000000E+00  0.0000000E+00  0.0000000E+00  0.0000000E+00  0.0000000E+00  0.0000000E+00
         1    82      2  0.1463025E-02  0.3186051E-04  0.0000000E+00  0.0000000E+00  0.1381477E-03  0.0000000E+00
         1    82      3  0.2197194E-02  0.4809199E-04  0.0000000E+00  0.0000000E+00  0.2075395E-03  0.0000000E+00
         1    82      4  0.2933136E-02  0.6452444E-04  0.0000000E+00  0.0000000E+00  0.2771430E-03  0.0000000E+00
         1    82      5  0.3670857E-02  0.8115799E-04  0.0000000E+00  0.0000000E+00  0.3469579E-03  0.0000000E+00
         1    82      6  0.4410357E-02  0.9799276E-04  0.0000000E+00  0.0000000E+00  0.4169840E-03  0.0000000E+00
         1    82      7  0.5151641E-02  0.1150289E-03  0.0000000E+00  0.0000000E+00  0.4872210E-03  0.0000000E+00
         1    82      8  0.5894711E-02  0.1322665E-03  0.0000000E+00  0.0000000E+00  0.5576687E-03  0.0000000E+00
         1    82      9  0.6639569E-02  0.1497057E-03  0.0000000E+00  0.0000000E+00  0.6283269E-03  0.0000000E+00
         1    82     10  0.1240384E-02 -0.6775290E-04  0.0000000E+00  0.0000000E+00  0.1526083E-01  0.1000000E-02

         1    83      0  0.0000000E+00  0.0000000E+00  0.0000000E+00  0.0000000E+00  0.0000000E+00  0.0000000E+00
         1    83      1  0.0000000E+00  0.0000000E+00  0.0000000E+00  0.0000000E+00  0.0000000E+00  0.0000000E+00
         1    83      2  0.1467804E-02  0.3186051E-04  0.0000000E+00  0.0000000E+00  0.1381476E-03  0.0000000E+00
         1    83      3  0.2204407E-02  0.4809199E-04  0.0000000E+00  0.0000000E+00  0.2075394E-03  0.0000000E+00
         1    83      4  0.2942815E-02  0.6452444E-04  0.0000000E+00  0.0000000E+00  0.2771428E-03  0.0000000E+00
         1    83      5  0.3683030E-02  0.8115799E-04  0.0000000E+00  0.0000000E+00  0.3469576E-03  0.0000000E+00
         1    83      6  0.4425056E-02  0.9799276E-04  0.0000000E+00  0.0000000E+00  0.4169836E-03  0.0000000E+00
         1    83      7  0.5168895E-02  0.1150289E-03  0.0000000E+00  0.0000000E+00  0.4872205E-03  0.0000000E+00
         1    83      8  0.5914551E-02  0.1322665E-03  0.0000000E+00  0.0000000E+00  0.5576680E-03  0.0000000E+00
         1    83      9  0.6662025E-02  0.1497057E-03  0.0000000E+00  0.0000000E+00  0.6283260E-03  0.0000000E+00
         1    83     10  0.1230226E-02 -0.6775290E-04  0.0000000E+00  0.0000000E+00  0.1529344E-01  0.1000000E-02

         1    84      0  0.0000000E+00  0.0000000E+00  0.0000000E+00  0.0000000E+00  0.0000000E+00  0.0000000E+00
         1    84      1  0.0000000E+00  0.0000000E+00  0.0000000E+00  0.0000000E+00  0.0000000E+00  0.0000000E+00
         1    84      2  0.1475769E-02  0.3186051E-04  0.0000000E+00  0.0000000E+00  0.1381476E-03  0.0000000E+00
         1    84      3  0.2216430E-02  0.4809199E-04  0.0000000E+00  0.0000000E+00  0.2075392E-03  0.0000000E+00
         1    84      4  0.2958946E-02  0.6452444E-04  0.0000000E+00  0.0000000E+00  0.2771425E-03  0.0000000E+00
         1    84      5  0.3703320E-02  0.8115799E-04  0.0000000E+00  0.0000000E+00  0.3469572E-03  0.0000000E+00
         1    84      6  0.4449554E-02  0.9799276E-04  0.0000000E+00  0.0000000E+00  0.4169829E-03  0.0000000E+00
         1    84      7  0.5197652E-02  0.1150289E-03  0.0000000E+00  0.0000000E+00  0.4872196E-03  0.0000000E+00
         1    84      8  0.5947617E-02  0.1322665E-03  0.0000000E+00  0.0000000E+00  0.5576668E-03  0.0000000E+00
         1    84      9  0.6699451E-02  0.1497057E-03  0.0000000E+00  0.0000000E+00  0.6283245E-03  0.0000000E+00
         1    84     10  0.1213297E-02 -0.6775290E-04  0.0000000E+00  0.0000000E+00  0.1534778E-01  0.1000000E-02

         1    85      0  0.0000000E+00  0.0000000E+00  0.0000000E+00  0.0000000E+00  0.0000000E+00  0.0000000E+00
         1    85      1  0.0000000E+00  0.0000000E+00  0.0000000E+00  0.0000000E+00  0.0000000E+00  0.0000000E+00
         1    85      2  0.1469446E-02 -0.9199109E-04  0.0000000E+00  0.0000000E+00  0.1381474E-03  0.0000000E+00
         1    85      3  0.2206984E-02 -0.1379205E-03  0.0000000E+00  0.0000000E+00  0.2075390E-03  0.0000000E+00
         1    85      4  0.2946403E-02 -0.1838061E-03  0.0000000E+00  0.0000000E+00  0.2771420E-03  0.0000000E+00
         1    85      5  0.3687706E-02 -0.2296479E-03  0.0000000E+00  0.0000000E+00  0.3469564E-03  0.0000000E+00
         1    85      6  0.4430894E-02 -0.2754460E-03  0.0000000E+00  0.0000000E+00  0.4169818E-03  0.0000000E+00
         1    85      7  0.5175973E-02 -0.3212007E-03  0.0000000E+00  0.0000000E+00  0.4872181E-03  0.0000000E+00
         1    85      8  0.5922943E-02 -0.3669119E-03  0.0000000E+00  0.0000000E+00  0.5576649E-03  0.0000000E+00
         1    85      9  0.6671809E-02 -0.4125798E-03  0.0000000E+00  0.0000000E+00  0.6283221E-03  0.0000000E+00
         1    85     10  0.1188441E-02 -0.1687502E-03  0.0000000E+00  0.0000000E+00  0.1539343E-01  0.1000000E-02

         1    86      0  0.0000000E+00  0.0000000E+00  0.0000000E+00  0.0000000E+00  0.0000000E+00  0.0000000E+00
         1    86      1  0.0000000E+00  0.0000000E+00  0.0000000E+00  0.0000000E+00  0.0000000E+00  0.0000000E+00
         1    86      2  0.1437247E-02 -0.2142227E-03  0.0000000E+00  0.0000000E+00  0.1381461E-03  0.0000000E+00
         1    86      3  0.2158674E-02 -0.3215043E-03  0.0000000E+00  0.0000000E+00  0.2075358E-03  0.0000000E+00
         1    86      4  0.2881974E-02 -0.4288999E-03  0.0000000E+00  0.0000000E+00  0.2771365E-03  0.0000000E+00
         1    86      5  0.3607151E-02 -0.5364097E-03  0.0000000E+00  0.0000000E+00  0.3469477E-03  0.0000000E+00
         1    86      6  0.4334207E-02 -0.6440343E-03  0.0000000E+00  0.0000000E+00  0.4169693E-03  0.0000000E+00
         1    86      7  0.5063144E-02 -0.7517739E-03  0.0000000E+00  0.0000000E+00  0.4872010E-03  0.0000000E+00
         1    86      8  0.5793967E-02 -0.8596290E-03  0.0000000E+00  0.0000000E+00  0.5576426E-03  0.0000000E+00
         1    86      9  0.6526677E-02 -0.9675999E-03  0.0000000E+00  0.0000000E+00  0.6282939E-03  0.0000000E+00
         1    86     10  0.1142668E-02 -0.2667774E-03  0.0000000E+00  0.0000000E+00  0.1543908E-01  0.1000000E-02

         1    87      0  0.0000000E+00  0.0000000E+00  0.0000000E+00  0.0000000E+00  0.0000000E+00  0.0000000E+00
         1    87      1  0.0000000E+00  0.0000000E+00  0.0000000E+00  0.0000000E+00  0.0000000E+00  0.0000000E+00
         1    87      2  0.1298002E-02 -0.2142227E-03  0.0000000E+00  0.0000000E+00  0.1381381E-03  0.0000000E+00
         1    87      3  0.1949696E-02 -0.3215043E-03  0.0000000E+00  0.0000000E+00  0.2075179E-03  0.0000000E+00
         1    87      4  0.2603189E-02 -0.4288999E-03  0.0000000E+00  0.0000000E+00  0.2771046E-03  0.0000000E+00
         1    87      5  0.3258485E-02 -0.5364097E-03  0.0000000E+00  0.0000000E+00  0.3468978E-03  0.0000000E+00
         1    87      6  0.3915584E-02 -0.6440343E-03  0.0000000E+00  0.0000000E+00  0.4168974E-03  0.0000000E+00
         1    87      7  0.4574491E-02 -0.7517739E-03  0.0000000E+00  0.0000000E+00  0.4871030E-03  0.0000000E+00
         1    87      8  0.5235208E-02 -0.8596290E-03  0.0000000E+00  0.0000000E+00  0.5575145E-03  0.0000000E+00
         1    87      9  0.5897737E-02 -0.9675999E-03  0.0000000E+00  0.0000000E+00  0.6281315E-03  0.0000000E+00
         1    87     10  0.9693547E-03 -0.2667774E-03  0.0000000E+00  0.0000000E+00  0.1558037E-01  0.1000000E-02

         1    88      0  0.0000000E+00  0.0000000E+00  0.0000000E+00  0.0000000E+00  0.0000000E+00  0.0000000E+00
         1    88      1  0.0000000E+00  0.0000000E+00  0.0000000E+00  0.0000000E+00  0.0000000E+00  0.0000000E+00
         1    88      2 -0.3296319E-03 -0.2333556E-03  0.0000000E+00  0.0000000E+00 -0.4050428E-06  0.0000000E+00
         1    88      3 -0.4933456E-03 -0.3502886E-03  0.0000000E+00  0.0000000E+00 -0.9127396E-06  0.0000000E+00
         1    88      4 -0.6563253E-03 -0.4673924E-03  0.0000000E+00  0.0000000E+00 -0.1624872E-05  0.0000000E+00
         1    88      5 -0.8185716E-03 -0.5846675E-03  0.0000000E+00  0.0000000E+00 -0.2542182E-05  0.0000000E+00
         1    88      6 -0.9800851E-03 -0.7021141E-03  0.0000000E+00  0.0000000E+00 -0.3665412E-05  0.0000000E+00
         1    88      7 -0.1140866E-02 -0.8197328E-03  0.0000000E+00  0.0000000E+00 -0.4995311E-05  0.0000000E+00
         1    88      8 -0.1300916E-02 -0.9375240E-03  0.0000000E+00  0.0000000E+00 -0.6532626E-05  0.0000000E+00
         1    88      9 -0.1460235E-02 -0.1055488E-02  0.0000000E+00  0.0000000E+00 -0.8278109E-05  0.0000000E+00
         1    88     10 -0.4186877E-06 -0.4004512E-07  0.0000000E+00  0.0000000E+00  0.1703407E-01  0.1000000E-02

         1    89      0  0.0000000E+00  0.0000000E+00  0.0000000E+00  0.0000000E+00  0.0000000E+00  0.0000000E+00
         1    89      1  0.0000000E+00  0.0000000E+00  0.0000000E+00  0.0000000E+00  0.0000000E+00  0.0000000E+00
         1    89      2 -0.4813130E-03 -0.2333556E-03  0.0000000E+00  0.0000000E+00 -0.4144857E-06  0.0000000E+00
         1    89      3 -0.7210332E-03 -0.3502886E-03  0.0000000E+00  0.0000000E+00 -0.9340172E-06  0.0000000E+00
         1    89      4 -0.9601305E-03 -0.4673924E-03  0.0000000E+00  0.0000000E+00 -0.1662754E-05  0.0000000E+00
         1    89      5 -0.1198606E-02 -0.5846675E-03  0.0000000E+00  0.0000000E+00 -0.2601459E-05  0.0000000E+00
         1    89      6 -0.1436459E-02 -0.7021141E-03  0.0000000E+00  0.0000000E+00 -0.3750896E-05  0.0000000E+00
         1    89      7 -0.1673693E-02 -0.8197328E-03  0.0000000E+00  0.0000000E+00 -0.5111835E-05  0.0000000E+00
         1    89      8 -0.1910307E-02 -0.9375240E-03  0.0000000E+00  0.0000000E+00 -0.6685043E-05  0.0000000E+00
         1    89      9 -0.2146302E-02 -0.1055488E-02  0.0000000E+00  0.0000000E+00 -0.8471295E-05  0.0000000E+00
         1    89     10 -0.4447032E-06 -0.4004512E-07  0.0000000E+00  0.0000000E+00  0.1717537E-01  0.1000000E-02

         1    90      0  0.0000000E+00  0.0000000E+00  0.0000000E+00  0.0000000E+00  0.0000000E+00  0.0000000E+00
         1    90      1  0.0000000E+00  0.0000000E+00  0.0000000E+00  0.0000000E+00  0.0000000E+00  0.0000000E+00
         1    90      2 -0.5328865E-03 -0.2832263E-03  0.0000000E+00  0.0000000E+00 -0.4180447E-06  0.0000000E+00
         1    90      3 -0.7984355E-03 -0.4250047E-03  0.0000000E+00  0.0000000E+00 -0.9420336E-06  0.0000000E+00
         1    90      4 -0.1063390E-02 -0.5668940E-03  0.0000000E+00  0.0000000E+00 -0.1677021E-05  0.0000000E+00
         1    90      5 -0.1327750E-02 -0.7088946E-03  0.0000000E+00  0.0000000E+00 -0.2623774E-05  0.0000000E+00
         1    90      6 -0.1591517E-02 -0.8510072E-03  0.0000000E+00  0.0000000E+00 -0.3783066E-05  0.0000000E+00
         1    90      7 -0.1854692E-02 -0.9932323E-03  0.0000000E+00  0.0000000E+00 -0.5155668E-05  0.0000000E+00
         1    90      8 -0.2117277E-02 -0.1135570E-02  0.0000000E+00  0.0000000E+00 -0.6742358E-05  0.0000000E+00
         1    90      9 -0.2379271E-02 -0.1278022E-02  0.0000000E+00  0.0000000E+00 -0.8543912E-05  0.0000000E+00
         1    90     10 -0.4571197E-06 -0.8439003E-07  0.0000000E+00  0.0000000E+00  0.1721885E-01  0.1000000E-02

         1    91      0  0.0000000E+00  0.0000000E+00  0.0000000E+00  0.0000000E+00  0.0000000E+00  0.0000000E+00
         1    91      1  0.0000000E+00  0.0000000E+00  0.0000000E+00  0.0000000E+00  0.0000000E+00  0.0000000E+00
         1    91      2 -0.5935599E-03 -0.3242444E-03  0.0000000E+00  0.0000000E+00 -0.4229626E-06  0.0000000E+00
         1    91      3 -0.8894722E-03 -0.4864677E-03  0.0000000E+00  0.0000000E+00 -0.9531053E-06  0.0000000E+00
         1    91      4 -0.1184807E-02 -0.6487592E-03  0.0000000E+00  0.0000000E+00 -0.1696715E-05  0.0000000E+00
         1    91      5 -0.1479567E-02 -0.8111195E-03  0.0000000E+00  0.0000000E+00 -0.2654565E-05  0.0000000E+00
         1    91      6 -0.1773751E-02 -0.9735492E-03  0.0000000E+00  0.0000000E+00 -0.3827431E-05  0.0000000E+00
         1    91      7 -0.2067362E-02 -0.1136049E-02  0.0000000E+00  0.0000000E+00 -0.5216090E-05  0.0000000E+00
         1    91      8 -0.2360400E-02 -0.1298619E-02  0.0000000E+00  0.0000000E+00 -0.6821322E-05  0.0000000E+00
         1    91      9 -0.2652867E-02 -0.1461261E-02  0.0000000E+00  0.0000000E+00 -0.8643911E-05  0.0000000E+00
         1    91     10 -0.4773651E-06 -0.1184181E-06  0.0000000E+00  0.0000000E+00  0.1726233E-01  0.1000000E-02

         1    92      0  0.0000000E+00  0.0000000E+00  0.0000000E+00  0.0000000E+00  0.0000000E+00  0.0000000E+00
         1    92      1  0.0000000E+00  0.0000000E+00  0.0000000E+00  0.0000000E+00  0.0000000E+00  0.0000000E+00
         1    92      2 -0.8043188E-03 -0.3242444E-03  0.0000000E+00  0.0000000E+00 -0.4411938E-06  0.0000000E+00
         1    92      3 -0.1205676E-02 -0.4864677E-03  0.0000000E+00  0.0000000E+00 -0.9941425E-06  0.0000000E+00
         1    92      4 -0.1606501E-02 -0.6487592E-03  0.0000000E+00  0.0000000E+00 -0.1769701E-05  0.0000000E+00
         1    92      5 -0.2006795E-02 -0.8111195E-03  0.0000000E+00  0.0000000E+00 -0.2768653E-05  0.0000000E+00
         1    92      6 -0.2406559E-02 -0.9735492E-03  0.0000000E+00  0.0000000E+00 -0.3991787E-05  0.0000000E+00
         1    92      7 -0.2805795E-02 -0.1136049E-02  0.0000000E+00  0.0000000E+00 -0.5439891E-05  0.0000000E+00
         1    92      8 -0.3204504E-02 -0.1298619E-02  0.0000000E+00  0.0000000E+00 -0.7113759E-05  0.0000000E+00
         1    92      9 -0.3602688E-02 -0.1461261E-02  0.0000000E+00  0.0000000E+00 -0.9014186E-05  0.0000000E+00
         1    92     10 -0.5542959E-06 -0.1184181E-06  0.0000000E+00  0.0000000E+00  0.1740363E-01  0.1000000E-02

         1    93      0  0.0000000E+00  0.0000000E+00  0.0000000E+00  0.0000000E+00  0.0000000E+00  0.0000000E+00
         1    93      1  0.0000000E+00  0.0000000E+00  0.0000000E+00  0.0000000E+00  0.0000000E+00  0.0000000E+00
         1    93      2 -0.3108363E-02 -0.3242444E-03  0.0000000E+00  0.0000000E+00 -0.6404993E-06  0.0000000E+00
         1    93      3 -0.4662461E-02 -0.4864677E-03  0.0000000E+00  0.0000000E+00 -0.1442766E-05  0.0000000E+00
         1    93      4 -0.6216511E-02 -0.6487592E-03  0.0000000E+00  0.0000000E+00 -0.2567588E-05  0.0000000E+00
         1    93      5 -0.7770520E-02 -0.8111195E-03  0.0000000E+00  0.0000000E+00 -0.4015876E-05  0.0000000E+00
         1    93      6 -0.9324492E-02 -0.9735492E-03  0.0000000E+00  0.0000000E+00 -0.5788547E-05  0.0000000E+00
         1    93      7 -0.1087843E-01 -0.1136049E-02  0.0000000E+00  0.0000000E+00 -0.7886522E-05  0.0000000E+00
         1    93      8 -0.1243235E-01 -0.1298619E-02  0.0000000E+00  0.0000000E+00 -0.1031072E-04  0.0000000E+00
         1    93      9 -0.1398625E-01 -0.1461261E-02  0.0000000E+00  0.0000000E+00 -0.1306209E-04  0.0000000E+00
         1    93     10 -0.1395313E-05 -0.1184181E-06  0.0000000E+00  0.0000000E+00  0.1894837E-01  0.1000000E-02

         1    94      0  0.0000000E+00  0.0000000E+00  0.0000000E+00  0.0000000E+00  0.0000000E+00  0.0000000E+00
         1    94      1  0.0000000E+00  0.0000000E+00  0.0000000E+00  0.0000000E+00  0.0000000E+00  0.0000000E+00
         1    94      2 -0.3319122E-02 -0.3242444E-03  0.0000000E+00  0.0000000E+00 -0.6587305E-06  0.0000000E+00
         1    94      3 -0.4978665E-02 -0.4864677E-03  0.0000000E+00  0.0000000E+00 -0.1483804E-05  0.0000000E+00
         1    94      4 -0.6638205E-02 -0.6487592E-03  0.0000000E+00  0.0000000E+00 -0.2640573E-05  0.0000000E+00
         1    94      5 -0.8297748E-02 -0.8111195E-03  0.0000000E+00  0.0000000E+00 -0.4129964E-05  0.0000000E+00
         1    94      6 -0.9957300E-02 -0.9735492E-03  0.0000000E+00  0.0000000E+00 -0.5952903E-05  0.0000000E+00
         1    94      7 -0.1161687E-01 -0.1136049E-02  0.0000000E+00  0.0000000E+00 -0.8110323E-05  0.0000000E+00
         1    94      8 -0.1327646E-01 -0.1298619E-02  0.0000000E+00  0.0000000E+00 -0.1060316E-04  0.0000000E+00
         1    94      9 -0.1493607E-01 -0.1461261E-02  0.0000000E+00  0.0000000E+00 -0.1343236E-04  0.0000000E+00
         1    94     10 -0.1472244E-05 -0.1184181E-06  0.0000000E+00  0.0000000E+00  0.1908967E-01  0.1000000E-02

         1    95      0  0.0000000E+00  0.0000000E+00  0.0000000E+00  0.0000000E+00  0.0000000E+00  0.0000000E+00
         1    95      1  0.0000000E+00  0.0000000E+00  0.0000000E+00  0.0000000E+00  0.0000000E+00  0.0000000E+00
         1    95      2 -0.3351017E-02  0.5817015E-05  0.0000000E+00  0.0000000E+00 -0.6605722E-06  0.0000000E+00
         1    95      3 -0.5026528E-02  0.8623692E-05  0.0000000E+00  0.0000000E+00 -0.1487950E-05  0.0000000E+00
         1    95      4 -0.6702050E-02  0.1136251E-04  0.0000000E+00  0.0000000E+00 -0.2647949E-05  0.0000000E+00
         1    95      5 -0.8377588E-02  0.1403348E-04  0.0000000E+00  0.0000000E+00 -0.4141496E-05  0.0000000E+00
         1    95      6 -0.1005315E-01  0.1663664E-04  0.0000000E+00  0.0000000E+00 -0.5969520E-05  0.0000000E+00
         1    95      7 -0.1172874E-01  0.1917199E-04  0.0000000E+00  0.0000000E+00 -0.8132955E-05  0.0000000E+00
         1    95      8 -0.1340436E-01  0.2163957E-04  0.0000000E+00  0.0000000E+00 -0.1063274E-04  0.0000000E+00
         1    95      9 -0.1508003E-01  0.2403939E-04  0.0000000E+00  0.0000000E+00 -0.1346982E-04  0.0000000E+00
         1    95     10 -0.1481322E-05  0.2773435E-07  0.0000000E+00  0.0000000E+00  0.1913315E-01  0.1000000E-02

         1    96      0  0.0000000E+00  0.0000000E+00  0.0000000E+00  0.0000000E+00  0.0000000E+00  0.0000000E+00
         1    96      1  0.0000000E+00  0.0000000E+00  0.0000000E+00  0.0000000E+00  0.0000000E+00  0.0000000E+00
         1    96      2 -0.3316803E-02  0.3357637E-03  0.0000000E+00  0.0000000E+00 -0.6626180E-06  0.0000000E+00
         1    96      3 -0.4975227E-02  0.5035450E-03  0.0000000E+00  0.0000000E+00 -0.1492550E-05  0.0000000E+00
         1    96      4 -0.6633675E-02  0.6712601E-03  0.0000000E+00  0.0000000E+00 -0.2656123E-05  0.0000000E+00
         1    96      5 -0.8292153E-02  0.8389096E-03  0.0000000E+00  0.0000000E+00 -0.4154260E-05  0.0000000E+00
         1    96      6 -0.9950667E-02  0.1006494E-02  0.0000000E+00  0.0000000E+00 -0.5987889E-05  0.0000000E+00
         1    96      7 -0.1160922E-01  0.1174015E-02  0.0000000E+00  0.0000000E+00 -0.8157943E-05  0.0000000E+00
         1    96      8 -0.1326783E-01  0.1341471E-02  0.0000000E+00  0.0000000E+00 -0.1066536E-04  0.0000000E+00
         1    96      9 -0.1492649E-01  0.1508865E-02  0.0000000E+00  0.0000000E+00 -0.1351108E-04  0.0000000E+00
         1    96     10 -0.1461193E-05  0.1733400E-06  0.0000000E+00  0.0000000E+00  0.1917663E-01  0.1000000E-02

         1    97      0  0.0000000E+00  0.0000000E+00  0.0000000E+00  0.0000000E+00  0.0000000E+00  0.0000000E+00
         1    97      1  0.0000000E+00  0.0000000E+00  0.0000000E+00  0.0000000E+00  0.0000000E+00  0.0000000E+00
         1    97      2 -0.3098556E-02  0.3357637E-03  0.0000000E+00  0.0000000E+00 -0.6821676E-06  0.0000000E+00
         1    97      3 -0.4647923E-02  0.5035450E-03  0.0000000E+00  0.0000000E+00 -0.1536519E-05  0.0000000E+00
         1    97      4 -0.6197356E-02  0.6712601E-03  0.0000000E+00  0.0000000E+00 -0.2734259E-05  0.0000000E+00
         1    97      5 -0.7746861E-02  0.8389096E-03  0.0000000E+00  0.0000000E+00 -0.4276299E-05  0.0000000E+00
         1    97      6 -0.9296445E-02  0.1006494E-02  0.0000000E+00  0.0000000E+00 -0.6163557E-05  0.0000000E+00
         1    97      7 -0.1084611E-01  0.1174015E-02  0.0000000E+00  0.0000000E+00 -0.8396953E-05  0.0000000E+00
         1    97      8 -0.1239587E-01  0.1341471E-02  0.0000000E+00  0.0000000E+00 -0.1097741E-04  0.0000000E+00
         1    97      9 -0.1394572E-01  0.1508865E-02  0.0000000E+00  0.0000000E+00 -0.1390587E-04  0.0000000E+00
         1    97     10 -0.1348582E-05  0.1733400E-06  0.0000000E+00  0.0000000E+00  0.1931793E-01  0.1000000E-02

         1    98      0  0.0000000E+00  0.0000000E+00  0.0000000E+00  0.0000000E+00  0.0000000E+00  0.0000000E+00
         1    98      1  0.0000000E+00  0.0000000E+00  0.0000000E+00  0.0000000E+00  0.0000000E+00  0.0000000E+00
         1    98      2 -0.7126575E-03  0.3357637E-03  0.0000000E+00  0.0000000E+00 -0.8958859E-06  0.0000000E+00
         1    98      3 -0.1069789E-02  0.5035450E-03  0.0000000E+00  0.0000000E+00 -0.2017194E-05  0.0000000E+00
         1    98      4 -0.1427457E-02  0.6712601E-03  0.0000000E+00  0.0000000E+00 -0.3588452E-05  0.0000000E+00
         1    98      5 -0.1785663E-02  0.8389096E-03  0.0000000E+00  0.0000000E+00 -0.5610449E-05  0.0000000E+00
         1    98      6 -0.2144407E-02  0.1006494E-02  0.0000000E+00  0.0000000E+00 -0.8083980E-05  0.0000000E+00
         1    98      7 -0.2503692E-02  0.1174015E-02  0.0000000E+00  0.0000000E+00 -0.1100984E-04  0.0000000E+00
         1    98      8 -0.2863518E-02  0.1341471E-02  0.0000000E+00  0.0000000E+00 -0.1438885E-04  0.0000000E+00
         1    98      9 -0.3223887E-02  0.1508865E-02  0.0000000E+00  0.0000000E+00 -0.1822181E-04  0.0000000E+00
         1    98     10 -0.1175040E-06  0.1733400E-06  0.0000000E+00  0.0000000E+00  0.2086268E-01  0.1000000E-02

         1    99      0  0.0000000E+00  0.0000000E+00  0.0000000E+00  0.0000000E+00  0.0000000E+00  0.0000000E+00
         1    99      1  0.0000000E+00  0.0000000E+00  0.0000000E+00  0.0000000E+00  0.0000000E+00  0.0000000E+00
         1    99      2 -0.4944110E-03  0.3357637E-03  0.0000000E+00  0.0000000E+00 -0.9154355E-06  0.0000000E+00
         1    99      3 -0.7424845E-03  0.5035450E-03  0.0000000E+00  0.0000000E+00 -0.2061162E-05  0.0000000E+00
         1    99      4 -0.9911377E-03  0.6712601E-03  0.0000000E+00  0.0000000E+00 -0.3666588E-05  0.0000000E+00
         1    99      5 -0.1240371E-02  0.8389096E-03  0.0000000E+00  0.0000000E+00 -0.5732488E-05  0.0000000E+00
         1    99      6 -0.1490186E-02  0.1006494E-02  0.0000000E+00  0.0000000E+00 -0.8259647E-05  0.0000000E+00
         1    99      7 -0.1740582E-02  0.1174015E-02  0.0000000E+00  0.0000000E+00 -0.1124885E-04  0.0000000E+00
         1    99      8 -0.1991561E-02  0.1341471E-02  0.0000000E+00  0.0000000E+00 -0.1470091E-04  0.0000000E+00
         1    99      9 -0.2243123E-02  0.1508865E-02  0.0000000E+00  0.0000000E+00 -0.1861660E-04  0.0000000E+00
         1    99     10 -0.4893099E-08  0.1733400E-06  0.0000000E+00  0.0000000E+00  0.2100398E-01  0.1000000E-02

         1   100      0  0.0000000E+00  0.0000000E+00  0.0000000E+00  0.0000000E+00  0.0000000E+00  0.0000000E+00
         1   100      1  0.0000000E+00  0.0000000E+00  0.0000000E+00  0.0000000E+00  0.0000000E+00  0.0000000E+00
         1   100      2 -0.4307044E-03  0.3020768E-03  0.0000000E+00  0.0000000E+00 -0.9208542E-06  0.0000000E+00
         1   100      3 -0.6469511E-03  0.4529504E-03  0.0000000E+00  0.0000000E+00 -0.2073348E-05  0.0000000E+00
         1   100      4 -0.8637949E-03  0.6037150E-03  0.0000000E+00  0.0000000E+00 -0.3688239E-05  0.0000000E+00
         1   100      5 -0.1081236E-02  0.7543712E-03  0.0000000E+00  0.0000000E+00 -0.5766300E-05  0.0000000E+00
         1   100      6 -0.1299276E-02  0.9049195E-03  0.0000000E+00  0.0000000E+00 -0.8308309E-05  0.0000000E+00
         1   100      7 -0.1517915E-02  0.1055361E-02  0.0000000E+00  0.0000000E+00 -0.1131505E-04  0.0000000E+00
         1   100      8 -0.1737153E-02  0.1205695E-02  0.0000000E+00  0.0000000E+00 -0.1478732E-04  0.0000000E+00
         1   100      9 -0.1956992E-02  0.1355923E-02  0.0000000E+00  0.0000000E+00 -0.1872592E-04  0.0000000E+00
         1   100     10  0.2980495E-07  0.1742471E-06  0.0000000E+00  0.0000000E+00  0.2104746E-01  0.1000000E-02
